#usda 1.0
(
    defaultPrim = "g1_radar_fixed_plate"
    metersPerUnit = 1
    upAxis = "Z"
)

def Xform "g1_radar_fixed_plate" (
    apiSchemas = ["PhysicsArticulationRootAPI"]
)
{
    def Xform "mount" (
        apiSchemas = ["PhysicsRigidBodyAPI"]
    )
    {
        matrix4d xformOp:transform = ( (1, 0, 0, 0), (0, 1, 0, 0), (0, 0, 1, 0), (0, 0, 0, 1) )
        uniform token[] xformOpOrder = ["xformOp:transform"]
    }

    def Xform "body" (
        apiSchemas = ["PhysicsRigidBodyAPI"]
    )
    {
        matrix4d xformOp:transform = ( (1, 0, 0, 0), (0, 1, 0, 0), (0, 0, 1, 0), (0, 0, 0, 1) )
        uniform token[] xformOpOrder = ["xformOp:transform"]

        def Mesh "radar_pressed_plate" (
            apiSchemas = ["MaterialBindingAPI"]
        )
        {
            matrix4d xformOp:transform = ( (0.001, 0, 0, 0), (0, 0.001, 0, 0), (0, 0, 0.001, 0), (0, 0, 0, 1) )
            uniform token[] xformOpOrder = ["xformOp:transform"]
            int[] faceVertexCounts = [3, 3, 3, 3, 3, 3, 3, 3, 3, 3, 3, 3, 3, 3, 3, 3, 3, 3, 3, 3, 3, 3, 3, 3, 3, 3, 3, 3, 3, 3, 3, 3, 3, 3, 3, 3, 3, 3, 3, 3, 3, 3, 3, 3, 3, 3, 3, 3, 3, 3, 3, 3, 3, 3, 3, 3, 3, 3, 3, 3, 3, 3, 3, 3, 3, 3, 3, 3, 3, 3, 3, 3, 3, 3, 3, 3, 3, 3, 3, 3, 3, 3, 3, 3, 3, 3, 3, 3, 3, 3, 3, 3, 3, 3, 3, 3, 3, 3, 3, 3, 3, 3, 3, 3, 3, 3, 3, 3, 3, 3, 3, 3, 3, 3, 3, 3, 3, 3, 3, 3, 3, 3, 3, 3, 3, 3, 3, 3, 3, 3, 3, 3, 3, 3, 3, 3, 3, 3, 3, 3, 3, 3, 3, 3, 3, 3, 3, 3, 3, 3, 3, 3, 3, 3, 3, 3, 3, 3, 3, 3, 3, 3, 3, 3, 3, 3, 3, 3, 3, 3, 3, 3, 3, 3, 3, 3, 3, 3, 3, 3, 3, 3, 3, 3, 3, 3, 3, 3, 3, 3, 3, 3, 3, 3, 3, 3, 3, 3, 3, 3, 3, 3, 3, 3, 3, 3, 3, 3, 3, 3, 3, 3, 3, 3, 3, 3, 3, 3, 3, 3, 3, 3, 3, 3, 3, 3, 3, 3, 3, 3, 3, 3, 3, 3, 3, 3, 3, 3, 3, 3, 3, 3, 3, 3, 3, 3, 3, 3, 3, 3, 3, 3, 3, 3, 3, 3, 3, 3, 3, 3, 3, 3, 3, 3, 3, 3, 3, 3, 3, 3, 3, 3, 3, 3, 3, 3, 3, 3, 3, 3, 3, 3, 3, 3, 3, 3, 3, 3, 3, 3, 3, 3, 3, 3, 3, 3, 3, 3, 3, 3, 3, 3, 3, 3, 3, 3, 3, 3, 3, 3, 3, 3, 3, 3, 3, 3, 3, 3, 3, 3, 3, 3, 3, 3, 3, 3, 3, 3, 3, 3, 3, 3, 3, 3, 3, 3, 3, 3, 3, 3, 3, 3, 3, 3, 3, 3, 3, 3, 3, 3, 3, 3, 3, 3, 3, 3, 3, 3, 3, 3, 3, 3, 3, 3, 3, 3, 3, 3, 3, 3, 3, 3, 3, 3, 3, 3, 3, 3, 3, 3, 3, 3, 3, 3, 3, 3, 3, 3, 3, 3, 3, 3, 3, 3, 3, 3, 3, 3, 3, 3, 3, 3, 3, 3, 3, 3, 3, 3, 3, 3, 3, 3, 3, 3, 3, 3, 3, 3, 3, 3, 3, 3, 3, 3, 3, 3, 3, 3, 3, 3, 3, 3, 3, 3, 3, 3, 3, 3, 3, 3, 3, 3, 3, 3, 3, 3, 3, 3, 3, 3, 3, 3, 3, 3, 3, 3, 3, 3, 3, 3, 3, 3, 3, 3, 3, 3, 3, 3, 3, 3, 3, 3, 3, 3, 3, 3, 3, 3, 3, 3, 3, 3, 3, 3, 3, 3, 3, 3, 3, 3, 3, 3, 3, 3, 3, 3, 3, 3, 3, 3, 3, 3, 3, 3, 3, 3, 3, 3, 3, 3, 3, 3, 3, 3, 3, 3, 3, 3, 3, 3, 3, 3, 3, 3, 3, 3, 3, 3, 3, 3, 3, 3, 3, 3, 3, 3, 3, 3, 3, 3, 3, 3, 3, 3, 3, 3, 3, 3, 3, 3, 3, 3, 3, 3, 3, 3, 3, 3, 3, 3, 3, 3, 3, 3, 3, 3, 3, 3, 3, 3, 3, 3, 3, 3, 3, 3, 3, 3, 3, 3, 3, 3, 3, 3, 3, 3, 3, 3, 3, 3, 3, 3, 3, 3, 3, 3, 3, 3, 3, 3, 3, 3, 3, 3, 3, 3, 3, 3, 3, 3, 3, 3, 3, 3, 3, 3, 3, 3, 3, 3, 3, 3, 3, 3, 3, 3, 3, 3, 3, 3, 3, 3, 3, 3, 3, 3, 3, 3, 3, 3, 3, 3, 3, 3, 3, 3, 3, 3, 3, 3, 3, 3, 3, 3, 3, 3, 3, 3, 3, 3, 3, 3, 3, 3, 3, 3, 3, 3, 3, 3, 3, 3, 3, 3, 3, 3, 3, 3, 3, 3, 3, 3, 3, 3, 3, 3, 3, 3, 3, 3, 3, 3, 3, 3, 3, 3, 3, 3, 3, 3, 3, 3, 3, 3, 3, 3, 3, 3, 3, 3, 3, 3, 3, 3, 3, 3, 3, 3, 3, 3, 3, 3, 3, 3, 3, 3, 3, 3, 3, 3, 3, 3, 3, 3, 3, 3, 3, 3, 3, 3, 3, 3, 3, 3, 3, 3, 3, 3, 3, 3, 3, 3, 3, 3, 3, 3, 3, 3, 3, 3, 3, 3, 3, 3, 3, 3, 3, 3, 3, 3, 3, 3, 3, 3, 3, 3, 3, 3, 3, 3, 3, 3, 3, 3, 3, 3, 3, 3, 3, 3, 3, 3, 3, 3, 3, 3, 3, 3, 3, 3, 3, 3, 3, 3, 3, 3, 3, 3, 3, 3, 3, 3, 3, 3, 3, 3, 3, 3, 3, 3, 3, 3, 3, 3, 3, 3, 3, 3, 3, 3, 3, 3, 3, 3, 3, 3, 3, 3, 3, 3, 3, 3, 3, 3, 3, 3, 3, 3, 3, 3, 3, 3, 3, 3, 3, 3, 3, 3, 3, 3, 3, 3, 3, 3, 3, 3, 3, 3, 3, 3, 3, 3, 3, 3, 3, 3, 3, 3, 3, 3, 3, 3, 3, 3, 3, 3, 3, 3, 3, 3, 3, 3, 3, 3, 3, 3, 3, 3, 3, 3, 3, 3, 3, 3, 3, 3, 3, 3, 3, 3, 3, 3, 3, 3, 3, 3, 3, 3, 3, 3, 3, 3, 3, 3, 3, 3, 3, 3, 3, 3, 3, 3, 3, 3, 3, 3, 3, 3, 3, 3, 3, 3, 3, 3, 3, 3, 3, 3, 3, 3, 3, 3, 3, 3, 3, 3, 3, 3, 3, 3, 3, 3, 3, 3, 3, 3, 3, 3, 3, 3, 3, 3, 3, 3, 3, 3, 3, 3, 3, 3, 3, 3, 3, 3, 3, 3, 3, 3, 3, 3, 3, 3, 3, 3, 3, 3, 3, 3, 3, 3, 3, 3, 3, 3, 3, 3, 3, 3, 3, 3, 3, 3, 3, 3, 3, 3, 3, 3, 3, 3, 3, 3, 3, 3, 3, 3, 3, 3, 3, 3, 3, 3, 3, 3, 3, 3, 3, 3, 3, 3, 3, 3, 3, 3, 3, 3, 3, 3, 3, 3, 3, 3, 3, 3, 3, 3, 3, 3, 3, 3, 3, 3, 3, 3, 3, 3, 3, 3, 3, 3, 3, 3, 3, 3, 3, 3, 3, 3, 3, 3, 3, 3, 3, 3, 3, 3, 3, 3, 3, 3, 3, 3, 3, 3, 3, 3, 3, 3, 3, 3, 3, 3, 3, 3, 3, 3, 3, 3, 3, 3, 3, 3, 3, 3, 3, 3, 3, 3, 3, 3, 3, 3, 3, 3, 3, 3, 3, 3, 3, 3, 3, 3, 3, 3, 3, 3, 3, 3, 3, 3, 3, 3, 3, 3, 3, 3, 3, 3, 3, 3, 3, 3, 3, 3, 3, 3, 3, 3, 3, 3, 3, 3, 3, 3, 3, 3, 3, 3, 3, 3, 3, 3, 3, 3, 3, 3, 3, 3, 3, 3, 3, 3, 3, 3, 3, 3, 3, 3, 3, 3, 3, 3, 3, 3, 3, 3, 3, 3, 3, 3, 3, 3, 3, 3, 3, 3, 3, 3, 3, 3, 3, 3, 3, 3, 3, 3, 3, 3, 3, 3, 3, 3, 3, 3, 3, 3, 3, 3, 3, 3, 3, 3, 3, 3, 3, 3, 3, 3, 3, 3, 3, 3, 3, 3, 3, 3, 3, 3, 3, 3, 3, 3, 3, 3, 3, 3, 3, 3, 3, 3, 3, 3, 3, 3, 3, 3, 3, 3, 3, 3, 3, 3, 3, 3, 3, 3, 3, 3, 3, 3, 3, 3, 3, 3, 3, 3, 3, 3, 3, 3, 3, 3, 3, 3, 3, 3, 3, 3, 3, 3, 3, 3, 3, 3, 3, 3, 3, 3, 3, 3, 3, 3, 3, 3, 3, 3, 3, 3, 3, 3, 3, 3, 3, 3, 3, 3, 3, 3, 3, 3, 3, 3, 3, 3, 3, 3, 3, 3, 3, 3, 3, 3, 3, 3, 3, 3, 3, 3, 3, 3, 3, 3, 3, 3, 3, 3, 3, 3, 3, 3, 3, 3, 3, 3, 3, 3, 3, 3, 3, 3, 3, 3, 3, 3, 3, 3, 3, 3, 3, 3, 3, 3, 3, 3, 3, 3, 3, 3, 3, 3, 3, 3, 3, 3, 3, 3, 3, 3, 3, 3, 3, 3, 3, 3, 3, 3, 3, 3, 3, 3, 3, 3, 3, 3, 3, 3, 3, 3, 3, 3, 3, 3, 3, 3, 3, 3, 3, 3, 3, 3, 3, 3, 3, 3, 3, 3, 3, 3, 3, 3, 3, 3, 3, 3, 3, 3, 3, 3, 3, 3, 3, 3, 3, 3, 3, 3, 3, 3, 3, 3, 3, 3, 3, 3, 3, 3, 3, 3, 3, 3, 3, 3, 3, 3, 3, 3, 3, 3, 3, 3, 3, 3, 3, 3, 3, 3, 3, 3, 3, 3, 3, 3, 3, 3, 3, 3, 3, 3, 3, 3, 3, 3, 3, 3, 3, 3, 3, 3, 3, 3, 3, 3, 3, 3, 3, 3, 3, 3, 3, 3, 3, 3, 3, 3, 3, 3, 3, 3, 3, 3, 3, 3, 3, 3, 3, 3, 3, 3, 3, 3, 3, 3, 3, 3, 3, 3, 3, 3, 3, 3, 3, 3, 3, 3, 3, 3, 3, 3, 3, 3, 3, 3, 3, 3, 3, 3, 3, 3, 3, 3, 3, 3, 3, 3, 3, 3, 3, 3, 3, 3, 3, 3, 3, 3, 3, 3, 3, 3, 3, 3, 3, 3, 3, 3, 3, 3, 3, 3, 3, 3, 3, 3, 3, 3, 3, 3, 3, 3, 3, 3, 3, 3, 3, 3, 3, 3, 3, 3, 3, 3, 3, 3, 3, 3, 3, 3, 3, 3, 3, 3, 3, 3, 3, 3, 3, 3, 3, 3, 3, 3, 3, 3, 3, 3, 3, 3, 3, 3, 3, 3, 3, 3, 3, 3, 3, 3, 3, 3, 3, 3, 3, 3, 3, 3, 3, 3, 3, 3, 3, 3, 3, 3, 3, 3, 3, 3, 3, 3, 3, 3, 3, 3, 3, 3, 3, 3, 3, 3, 3, 3, 3, 3, 3, 3, 3, 3, 3, 3, 3, 3, 3, 3, 3, 3, 3, 3, 3, 3, 3, 3, 3, 3, 3, 3, 3, 3, 3, 3, 3, 3, 3, 3, 3, 3, 3, 3, 3, 3, 3, 3, 3, 3, 3, 3, 3, 3, 3, 3, 3, 3, 3, 3, 3, 3, 3, 3, 3, 3, 3, 3, 3, 3, 3, 3, 3, 3, 3, 3, 3, 3, 3, 3, 3, 3, 3, 3, 3, 3, 3, 3, 3, 3, 3, 3, 3, 3, 3, 3, 3, 3, 3, 3, 3, 3, 3, 3, 3, 3, 3, 3, 3, 3, 3, 3, 3, 3, 3, 3, 3, 3, 3, 3, 3, 3, 3, 3, 3, 3, 3, 3, 3, 3, 3, 3, 3, 3, 3, 3, 3, 3, 3, 3, 3, 3, 3, 3, 3, 3, 3, 3, 3, 3, 3, 3, 3, 3, 3, 3, 3, 3, 3, 3, 3, 3, 3, 3, 3, 3, 3, 3, 3, 3, 3, 3, 3, 3]
            int[] faceVertexIndices = [0, 1, 2, 3, 4, 5, 6, 7, 8, 9, 10, 11, 12, 13, 14, 15, 16, 17, 18, 19, 20, 21, 22, 23, 24, 25, 26, 27, 28, 29, 30, 31, 32, 33, 34, 35, 36, 37, 38, 39, 40, 41, 42, 43, 44, 45, 46, 47, 48, 49, 50, 51, 52, 53, 54, 55, 56, 57, 58, 59, 60, 61, 62, 63, 64, 65, 66, 67, 68, 69, 70, 71, 72, 73, 74, 75, 76, 77, 78, 79, 80, 81, 82, 83, 84, 85, 86, 87, 88, 89, 90, 91, 92, 93, 94, 95, 96, 97, 98, 99, 100, 101, 102, 103, 104, 105, 106, 107, 108, 109, 110, 111, 112, 113, 114, 115, 116, 117, 118, 119, 120, 121, 122, 123, 124, 125, 126, 127, 128, 129, 130, 131, 132, 133, 134, 135, 136, 137, 138, 139, 140, 141, 142, 143, 144, 145, 146, 147, 148, 149, 150, 151, 152, 153, 154, 155, 156, 157, 158, 159, 160, 161, 162, 163, 164, 165, 166, 167, 168, 169, 170, 171, 172, 173, 174, 175, 176, 177, 178, 179, 180, 181, 182, 183, 184, 185, 186, 187, 188, 189, 190, 191, 192, 193, 194, 195, 196, 197, 198, 199, 200, 201, 202, 203, 204, 205, 206, 207, 208, 209, 210, 211, 212, 213, 214, 215, 216, 217, 218, 219, 220, 221, 222, 223, 224, 225, 226, 227, 228, 229, 230, 231, 232, 233, 234, 235, 236, 237, 238, 239, 240, 241, 242, 243, 244, 245, 246, 247, 248, 249, 250, 251, 252, 253, 254, 255, 256, 257, 258, 259, 260, 261, 262, 263, 264, 265, 266, 267, 268, 269, 270, 271, 272, 273, 274, 275, 276, 277, 278, 279, 280, 281, 282, 283, 284, 285, 286, 287, 288, 289, 290, 291, 292, 293, 294, 295, 296, 297, 298, 299, 300, 301, 302, 303, 304, 305, 306, 307, 308, 309, 310, 311, 312, 313, 314, 315, 316, 317, 318, 319, 320, 321, 322, 323, 324, 325, 326, 327, 328, 329, 330, 331, 332, 333, 334, 335, 336, 337, 338, 339, 340, 341, 342, 343, 344, 345, 346, 347, 348, 349, 350, 351, 352, 353, 354, 355, 356, 357, 358, 359, 360, 361, 362, 363, 364, 365, 366, 367, 368, 369, 370, 371, 372, 373, 374, 375, 376, 377, 378, 379, 380, 381, 382, 383, 384, 385, 386, 387, 388, 389, 390, 391, 392, 393, 394, 395, 396, 397, 398, 399, 400, 401, 402, 403, 404, 405, 406, 407, 408, 409, 410, 411, 412, 413, 414, 415, 416, 417, 418, 419, 420, 421, 422, 423, 424, 425, 426, 427, 428, 429, 430, 431, 432, 433, 434, 435, 436, 437, 438, 439, 440, 441, 442, 443, 444, 445, 446, 447, 448, 449, 450, 451, 452, 453, 454, 455, 456, 457, 458, 459, 460, 461, 462, 463, 464, 465, 466, 467, 468, 469, 470, 471, 472, 473, 474, 475, 476, 477, 478, 479, 480, 481, 482, 483, 484, 485, 486, 487, 488, 489, 490, 491, 492, 493, 494, 495, 496, 497, 498, 499, 500, 501, 502, 503, 504, 505, 506, 507, 508, 509, 510, 511, 512, 513, 514, 515, 516, 517, 518, 519, 520, 521, 522, 523, 524, 525, 526, 527, 528, 529, 530, 531, 532, 533, 534, 535, 536, 537, 538, 539, 540, 541, 542, 543, 544, 545, 546, 547, 548, 549, 550, 551, 552, 553, 554, 555, 556, 557, 558, 559, 560, 561, 562, 563, 564, 565, 566, 567, 568, 569, 570, 571, 572, 573, 574, 575, 576, 577, 578, 579, 580, 581, 582, 583, 584, 585, 586, 587, 588, 589, 590, 591, 592, 593, 594, 595, 596, 597, 598, 599, 600, 601, 602, 603, 604, 605, 606, 607, 608, 609, 610, 611, 612, 613, 614, 615, 616, 617, 618, 619, 620, 621, 622, 623, 624, 625, 626, 627, 628, 629, 630, 631, 632, 633, 634, 635, 636, 637, 638, 639, 640, 641, 642, 643, 644, 645, 646, 647, 648, 649, 650, 651, 652, 653, 654, 655, 656, 657, 658, 659, 660, 661, 662, 663, 664, 665, 666, 667, 668, 669, 670, 671, 672, 673, 674, 675, 676, 677, 678, 679, 680, 681, 682, 683, 684, 685, 686, 687, 688, 689, 690, 691, 692, 693, 694, 695, 696, 697, 698, 699, 700, 701, 702, 703, 704, 705, 706, 707, 708, 709, 710, 711, 712, 713, 714, 715, 716, 717, 718, 719, 720, 721, 722, 723, 724, 725, 726, 727, 728, 729, 730, 731, 732, 733, 734, 735, 736, 737, 738, 739, 740, 741, 742, 743, 744, 745, 746, 747, 748, 749, 750, 751, 752, 753, 754, 755, 756, 757, 758, 759, 760, 761, 762, 763, 764, 765, 766, 767, 768, 769, 770, 771, 772, 773, 774, 775, 776, 777, 778, 779, 780, 781, 782, 783, 784, 785, 786, 787, 788, 789, 790, 791, 792, 793, 794, 795, 796, 797, 798, 799, 800, 801, 802, 803, 804, 805, 806, 807, 808, 809, 810, 811, 812, 813, 814, 815, 816, 817, 818, 819, 820, 821, 822, 823, 824, 825, 826, 827, 828, 829, 830, 831, 832, 833, 834, 835, 836, 837, 838, 839, 840, 841, 842, 843, 844, 845, 846, 847, 848, 849, 850, 851, 852, 853, 854, 855, 856, 857, 858, 859, 860, 861, 862, 863, 864, 865, 866, 867, 868, 869, 870, 871, 872, 873, 874, 875, 876, 877, 878, 879, 880, 881, 882, 883, 884, 885, 886, 887, 888, 889, 890, 891, 892, 893, 894, 895, 896, 897, 898, 899, 900, 901, 902, 903, 904, 905, 906, 907, 908, 909, 910, 911, 912, 913, 914, 915, 916, 917, 918, 919, 920, 921, 922, 923, 924, 925, 926, 927, 928, 929, 930, 931, 932, 933, 934, 935, 936, 937, 938, 939, 940, 941, 942, 943, 944, 945, 946, 947, 948, 949, 950, 951, 952, 953, 954, 955, 956, 957, 958, 959, 960, 961, 962, 963, 964, 965, 966, 967, 968, 969, 970, 971, 972, 973, 974, 975, 976, 977, 978, 979, 980, 981, 982, 983, 984, 985, 986, 987, 988, 989, 990, 991, 992, 993, 994, 995, 996, 997, 998, 999, 1000, 1001, 1002, 1003, 1004, 1005, 1006, 1007, 1008, 1009, 1010, 1011, 1012, 1013, 1014, 1015, 1016, 1017, 1018, 1019, 1020, 1021, 1022, 1023, 1024, 1025, 1026, 1027, 1028, 1029, 1030, 1031, 1032, 1033, 1034, 1035, 1036, 1037, 1038, 1039, 1040, 1041, 1042, 1043, 1044, 1045, 1046, 1047, 1048, 1049, 1050, 1051, 1052, 1053, 1054, 1055, 1056, 1057, 1058, 1059, 1060, 1061, 1062, 1063, 1064, 1065, 1066, 1067, 1068, 1069, 1070, 1071, 1072, 1073, 1074, 1075, 1076, 1077, 1078, 1079, 1080, 1081, 1082, 1083, 1084, 1085, 1086, 1087, 1088, 1089, 1090, 1091, 1092, 1093, 1094, 1095, 1096, 1097, 1098, 1099, 1100, 1101, 1102, 1103, 1104, 1105, 1106, 1107, 1108, 1109, 1110, 1111, 1112, 1113, 1114, 1115, 1116, 1117, 1118, 1119, 1120, 1121, 1122, 1123, 1124, 1125, 1126, 1127, 1128, 1129, 1130, 1131, 1132, 1133, 1134, 1135, 1136, 1137, 1138, 1139, 1140, 1141, 1142, 1143, 1144, 1145, 1146, 1147, 1148, 1149, 1150, 1151, 1152, 1153, 1154, 1155, 1156, 1157, 1158, 1159, 1160, 1161, 1162, 1163, 1164, 1165, 1166, 1167, 1168, 1169, 1170, 1171, 1172, 1173, 1174, 1175, 1176, 1177, 1178, 1179, 1180, 1181, 1182, 1183, 1184, 1185, 1186, 1187, 1188, 1189, 1190, 1191, 1192, 1193, 1194, 1195, 1196, 1197, 1198, 1199, 1200, 1201, 1202, 1203, 1204, 1205, 1206, 1207, 1208, 1209, 1210, 1211, 1212, 1213, 1214, 1215, 1216, 1217, 1218, 1219, 1220, 1221, 1222, 1223, 1224, 1225, 1226, 1227, 1228, 1229, 1230, 1231, 1232, 1233, 1234, 1235, 1236, 1237, 1238, 1239, 1240, 1241, 1242, 1243, 1244, 1245, 1246, 1247, 1248, 1249, 1250, 1251, 1252, 1253, 1254, 1255, 1256, 1257, 1258, 1259, 1260, 1261, 1262, 1263, 1264, 1265, 1266, 1267, 1268, 1269, 1270, 1271, 1272, 1273, 1274, 1275, 1276, 1277, 1278, 1279, 1280, 1281, 1282, 1283, 1284, 1285, 1286, 1287, 1288, 1289, 1290, 1291, 1292, 1293, 1294, 1295, 1296, 1297, 1298, 1299, 1300, 1301, 1302, 1303, 1304, 1305, 1306, 1307, 1308, 1309, 1310, 1311, 1312, 1313, 1314, 1315, 1316, 1317, 1318, 1319, 1320, 1321, 1322, 1323, 1324, 1325, 1326, 1327, 1328, 1329, 1330, 1331, 1332, 1333, 1334, 1335, 1336, 1337, 1338, 1339, 1340, 1341, 1342, 1343, 1344, 1345, 1346, 1347, 1348, 1349, 1350, 1351, 1352, 1353, 1354, 1355, 1356, 1357, 1358, 1359, 1360, 1361, 1362, 1363, 1364, 1365, 1366, 1367, 1368, 1369, 1370, 1371, 1372, 1373, 1374, 1375, 1376, 1377, 1378, 1379, 1380, 1381, 1382, 1383, 1384, 1385, 1386, 1387, 1388, 1389, 1390, 1391, 1392, 1393, 1394, 1395, 1396, 1397, 1398, 1399, 1400, 1401, 1402, 1403, 1404, 1405, 1406, 1407, 1408, 1409, 1410, 1411, 1412, 1413, 1414, 1415, 1416, 1417, 1418, 1419, 1420, 1421, 1422, 1423, 1424, 1425, 1426, 1427, 1428, 1429, 1430, 1431, 1432, 1433, 1434, 1435, 1436, 1437, 1438, 1439, 1440, 1441, 1442, 1443, 1444, 1445, 1446, 1447, 1448, 1449, 1450, 1451, 1452, 1453, 1454, 1455, 1456, 1457, 1458, 1459, 1460, 1461, 1462, 1463, 1464, 1465, 1466, 1467, 1468, 1469, 1470, 1471, 1472, 1473, 1474, 1475, 1476, 1477, 1478, 1479, 1480, 1481, 1482, 1483, 1484, 1485, 1486, 1487, 1488, 1489, 1490, 1491, 1492, 1493, 1494, 1495, 1496, 1497, 1498, 1499, 1500, 1501, 1502, 1503, 1504, 1505, 1506, 1507, 1508, 1509, 1510, 1511, 1512, 1513, 1514, 1515, 1516, 1517, 1518, 1519, 1520, 1521, 1522, 1523, 1524, 1525, 1526, 1527, 1528, 1529, 1530, 1531, 1532, 1533, 1534, 1535, 1536, 1537, 1538, 1539, 1540, 1541, 1542, 1543, 1544, 1545, 1546, 1547, 1548, 1549, 1550, 1551, 1552, 1553, 1554, 1555, 1556, 1557, 1558, 1559, 1560, 1561, 1562, 1563, 1564, 1565, 1566, 1567, 1568, 1569, 1570, 1571, 1572, 1573, 1574, 1575, 1576, 1577, 1578, 1579, 1580, 1581, 1582, 1583, 1584, 1585, 1586, 1587, 1588, 1589, 1590, 1591, 1592, 1593, 1594, 1595, 1596, 1597, 1598, 1599, 1600, 1601, 1602, 1603, 1604, 1605, 1606, 1607, 1608, 1609, 1610, 1611, 1612, 1613, 1614, 1615, 1616, 1617, 1618, 1619, 1620, 1621, 1622, 1623, 1624, 1625, 1626, 1627, 1628, 1629, 1630, 1631, 1632, 1633, 1634, 1635, 1636, 1637, 1638, 1639, 1640, 1641, 1642, 1643, 1644, 1645, 1646, 1647, 1648, 1649, 1650, 1651, 1652, 1653, 1654, 1655, 1656, 1657, 1658, 1659, 1660, 1661, 1662, 1663, 1664, 1665, 1666, 1667, 1668, 1669, 1670, 1671, 1672, 1673, 1674, 1675, 1676, 1677, 1678, 1679, 1680, 1681, 1682, 1683, 1684, 1685, 1686, 1687, 1688, 1689, 1690, 1691, 1692, 1693, 1694, 1695, 1696, 1697, 1698, 1699, 1700, 1701, 1702, 1703, 1704, 1705, 1706, 1707, 1708, 1709, 1710, 1711, 1712, 1713, 1714, 1715, 1716, 1717, 1718, 1719, 1720, 1721, 1722, 1723, 1724, 1725, 1726, 1727, 1728, 1729, 1730, 1731, 1732, 1733, 1734, 1735, 1736, 1737, 1738, 1739, 1740, 1741, 1742, 1743, 1744, 1745, 1746, 1747, 1748, 1749, 1750, 1751, 1752, 1753, 1754, 1755, 1756, 1757, 1758, 1759, 1760, 1761, 1762, 1763, 1764, 1765, 1766, 1767, 1768, 1769, 1770, 1771, 1772, 1773, 1774, 1775, 1776, 1777, 1778, 1779, 1780, 1781, 1782, 1783, 1784, 1785, 1786, 1787, 1788, 1789, 1790, 1791, 1792, 1793, 1794, 1795, 1796, 1797, 1798, 1799, 1800, 1801, 1802, 1803, 1804, 1805, 1806, 1807, 1808, 1809, 1810, 1811, 1812, 1813, 1814, 1815, 1816, 1817, 1818, 1819, 1820, 1821, 1822, 1823, 1824, 1825, 1826, 1827, 1828, 1829, 1830, 1831, 1832, 1833, 1834, 1835, 1836, 1837, 1838, 1839, 1840, 1841, 1842, 1843, 1844, 1845, 1846, 1847, 1848, 1849, 1850, 1851, 1852, 1853, 1854, 1855, 1856, 1857, 1858, 1859, 1860, 1861, 1862, 1863, 1864, 1865, 1866, 1867, 1868, 1869, 1870, 1871, 1872, 1873, 1874, 1875, 1876, 1877, 1878, 1879, 1880, 1881, 1882, 1883, 1884, 1885, 1886, 1887, 1888, 1889, 1890, 1891, 1892, 1893, 1894, 1895, 1896, 1897, 1898, 1899, 1900, 1901, 1902, 1903, 1904, 1905, 1906, 1907, 1908, 1909, 1910, 1911, 1912, 1913, 1914, 1915, 1916, 1917, 1918, 1919, 1920, 1921, 1922, 1923, 1924, 1925, 1926, 1927, 1928, 1929, 1930, 1931, 1932, 1933, 1934, 1935, 1936, 1937, 1938, 1939, 1940, 1941, 1942, 1943, 1944, 1945, 1946, 1947, 1948, 1949, 1950, 1951, 1952, 1953, 1954, 1955, 1956, 1957, 1958, 1959, 1960, 1961, 1962, 1963, 1964, 1965, 1966, 1967, 1968, 1969, 1970, 1971, 1972, 1973, 1974, 1975, 1976, 1977, 1978, 1979, 1980, 1981, 1982, 1983, 1984, 1985, 1986, 1987, 1988, 1989, 1990, 1991, 1992, 1993, 1994, 1995, 1996, 1997, 1998, 1999, 2000, 2001, 2002, 2003, 2004, 2005, 2006, 2007, 2008, 2009, 2010, 2011, 2012, 2013, 2014, 2015, 2016, 2017, 2018, 2019, 2020, 2021, 2022, 2023, 2024, 2025, 2026, 2027, 2028, 2029, 2030, 2031, 2032, 2033, 2034, 2035, 2036, 2037, 2038, 2039, 2040, 2041, 2042, 2043, 2044, 2045, 2046, 2047, 2048, 2049, 2050, 2051, 2052, 2053, 2054, 2055, 2056, 2057, 2058, 2059, 2060, 2061, 2062, 2063, 2064, 2065, 2066, 2067, 2068, 2069, 2070, 2071, 2072, 2073, 2074, 2075, 2076, 2077, 2078, 2079, 2080, 2081, 2082, 2083, 2084, 2085, 2086, 2087, 2088, 2089, 2090, 2091, 2092, 2093, 2094, 2095, 2096, 2097, 2098, 2099, 2100, 2101, 2102, 2103, 2104, 2105, 2106, 2107, 2108, 2109, 2110, 2111, 2112, 2113, 2114, 2115, 2116, 2117, 2118, 2119, 2120, 2121, 2122, 2123, 2124, 2125, 2126, 2127, 2128, 2129, 2130, 2131, 2132, 2133, 2134, 2135, 2136, 2137, 2138, 2139, 2140, 2141, 2142, 2143, 2144, 2145, 2146, 2147, 2148, 2149, 2150, 2151, 2152, 2153, 2154, 2155, 2156, 2157, 2158, 2159, 2160, 2161, 2162, 2163, 2164, 2165, 2166, 2167, 2168, 2169, 2170, 2171, 2172, 2173, 2174, 2175, 2176, 2177, 2178, 2179, 2180, 2181, 2182, 2183, 2184, 2185, 2186, 2187, 2188, 2189, 2190, 2191, 2192, 2193, 2194, 2195, 2196, 2197, 2198, 2199, 2200, 2201, 2202, 2203, 2204, 2205, 2206, 2207, 2208, 2209, 2210, 2211, 2212, 2213, 2214, 2215, 2216, 2217, 2218, 2219, 2220, 2221, 2222, 2223, 2224, 2225, 2226, 2227, 2228, 2229, 2230, 2231, 2232, 2233, 2234, 2235, 2236, 2237, 2238, 2239, 2240, 2241, 2242, 2243, 2244, 2245, 2246, 2247, 2248, 2249, 2250, 2251, 2252, 2253, 2254, 2255, 2256, 2257, 2258, 2259, 2260, 2261, 2262, 2263, 2264, 2265, 2266, 2267, 2268, 2269, 2270, 2271, 2272, 2273, 2274, 2275, 2276, 2277, 2278, 2279, 2280, 2281, 2282, 2283, 2284, 2285, 2286, 2287, 2288, 2289, 2290, 2291, 2292, 2293, 2294, 2295, 2296, 2297, 2298, 2299, 2300, 2301, 2302, 2303, 2304, 2305, 2306, 2307, 2308, 2309, 2310, 2311, 2312, 2313, 2314, 2315, 2316, 2317, 2318, 2319, 2320, 2321, 2322, 2323, 2324, 2325, 2326, 2327, 2328, 2329, 2330, 2331, 2332, 2333, 2334, 2335, 2336, 2337, 2338, 2339, 2340, 2341, 2342, 2343, 2344, 2345, 2346, 2347, 2348, 2349, 2350, 2351, 2352, 2353, 2354, 2355, 2356, 2357, 2358, 2359, 2360, 2361, 2362, 2363, 2364, 2365, 2366, 2367, 2368, 2369, 2370, 2371, 2372, 2373, 2374, 2375, 2376, 2377, 2378, 2379, 2380, 2381, 2382, 2383, 2384, 2385, 2386, 2387, 2388, 2389, 2390, 2391, 2392, 2393, 2394, 2395, 2396, 2397, 2398, 2399, 2400, 2401, 2402, 2403, 2404, 2405, 2406, 2407, 2408, 2409, 2410, 2411, 2412, 2413, 2414, 2415, 2416, 2417, 2418, 2419, 2420, 2421, 2422, 2423, 2424, 2425, 2426, 2427, 2428, 2429, 2430, 2431, 2432, 2433, 2434, 2435, 2436, 2437, 2438, 2439, 2440, 2441, 2442, 2443, 2444, 2445, 2446, 2447, 2448, 2449, 2450, 2451, 2452, 2453, 2454, 2455, 2456, 2457, 2458, 2459, 2460, 2461, 2462, 2463, 2464, 2465, 2466, 2467, 2468, 2469, 2470, 2471, 2472, 2473, 2474, 2475, 2476, 2477, 2478, 2479, 2480, 2481, 2482, 2483, 2484, 2485, 2486, 2487, 2488, 2489, 2490, 2491, 2492, 2493, 2494, 2495, 2496, 2497, 2498, 2499, 2500, 2501, 2502, 2503, 2504, 2505, 2506, 2507, 2508, 2509, 2510, 2511, 2512, 2513, 2514, 2515, 2516, 2517, 2518, 2519, 2520, 2521, 2522, 2523, 2524, 2525, 2526, 2527, 2528, 2529, 2530, 2531, 2532, 2533, 2534, 2535, 2536, 2537, 2538, 2539, 2540, 2541, 2542, 2543, 2544, 2545, 2546, 2547, 2548, 2549, 2550, 2551, 2552, 2553, 2554, 2555, 2556, 2557, 2558, 2559, 2560, 2561, 2562, 2563, 2564, 2565, 2566, 2567, 2568, 2569, 2570, 2571, 2572, 2573, 2574, 2575, 2576, 2577, 2578, 2579, 2580, 2581, 2582, 2583, 2584, 2585, 2586, 2587, 2588, 2589, 2590, 2591, 2592, 2593, 2594, 2595, 2596, 2597, 2598, 2599, 2600, 2601, 2602, 2603, 2604, 2605, 2606, 2607, 2608, 2609, 2610, 2611, 2612, 2613, 2614, 2615, 2616, 2617, 2618, 2619, 2620, 2621, 2622, 2623, 2624, 2625, 2626, 2627, 2628, 2629, 2630, 2631, 2632, 2633, 2634, 2635, 2636, 2637, 2638, 2639, 2640, 2641, 2642, 2643, 2644, 2645, 2646, 2647, 2648, 2649, 2650, 2651, 2652, 2653, 2654, 2655, 2656, 2657, 2658, 2659, 2660, 2661, 2662, 2663, 2664, 2665, 2666, 2667, 2668, 2669, 2670, 2671, 2672, 2673, 2674, 2675, 2676, 2677, 2678, 2679, 2680, 2681, 2682, 2683, 2684, 2685, 2686, 2687, 2688, 2689, 2690, 2691, 2692, 2693, 2694, 2695, 2696, 2697, 2698, 2699, 2700, 2701, 2702, 2703, 2704, 2705, 2706, 2707, 2708, 2709, 2710, 2711, 2712, 2713, 2714, 2715, 2716, 2717, 2718, 2719, 2720, 2721, 2722, 2723, 2724, 2725, 2726, 2727, 2728, 2729, 2730, 2731, 2732, 2733, 2734, 2735, 2736, 2737, 2738, 2739, 2740, 2741, 2742, 2743, 2744, 2745, 2746, 2747, 2748, 2749, 2750, 2751, 2752, 2753, 2754, 2755, 2756, 2757, 2758, 2759, 2760, 2761, 2762, 2763, 2764, 2765, 2766, 2767, 2768, 2769, 2770, 2771, 2772, 2773, 2774, 2775, 2776, 2777, 2778, 2779, 2780, 2781, 2782, 2783, 2784, 2785, 2786, 2787, 2788, 2789, 2790, 2791, 2792, 2793, 2794, 2795, 2796, 2797, 2798, 2799, 2800, 2801, 2802, 2803, 2804, 2805, 2806, 2807, 2808, 2809, 2810, 2811, 2812, 2813, 2814, 2815, 2816, 2817, 2818, 2819, 2820, 2821, 2822, 2823, 2824, 2825, 2826, 2827, 2828, 2829, 2830, 2831, 2832, 2833, 2834, 2835, 2836, 2837, 2838, 2839, 2840, 2841, 2842, 2843, 2844, 2845, 2846, 2847, 2848, 2849, 2850, 2851, 2852, 2853, 2854, 2855, 2856, 2857, 2858, 2859, 2860, 2861, 2862, 2863, 2864, 2865, 2866, 2867, 2868, 2869, 2870, 2871, 2872, 2873, 2874, 2875, 2876, 2877, 2878, 2879, 2880, 2881, 2882, 2883, 2884, 2885, 2886, 2887, 2888, 2889, 2890, 2891, 2892, 2893, 2894, 2895, 2896, 2897, 2898, 2899, 2900, 2901, 2902, 2903, 2904, 2905, 2906, 2907, 2908, 2909, 2910, 2911, 2912, 2913, 2914, 2915, 2916, 2917, 2918, 2919, 2920, 2921, 2922, 2923, 2924, 2925, 2926, 2927, 2928, 2929, 2930, 2931, 2932, 2933, 2934, 2935, 2936, 2937, 2938, 2939, 2940, 2941, 2942, 2943, 2944, 2945, 2946, 2947, 2948, 2949, 2950, 2951, 2952, 2953, 2954, 2955, 2956, 2957, 2958, 2959, 2960, 2961, 2962, 2963, 2964, 2965, 2966, 2967, 2968, 2969, 2970, 2971, 2972, 2973, 2974, 2975, 2976, 2977, 2978, 2979, 2980, 2981, 2982, 2983, 2984, 2985, 2986, 2987, 2988, 2989, 2990, 2991, 2992, 2993, 2994, 2995, 2996, 2997, 2998, 2999, 3000, 3001, 3002, 3003, 3004, 3005, 3006, 3007, 3008, 3009, 3010, 3011, 3012, 3013, 3014, 3015, 3016, 3017, 3018, 3019, 3020, 3021, 3022, 3023, 3024, 3025, 3026, 3027, 3028, 3029, 3030, 3031, 3032, 3033, 3034, 3035, 3036, 3037, 3038, 3039, 3040, 3041, 3042, 3043, 3044, 3045, 3046, 3047, 3048, 3049, 3050, 3051, 3052, 3053, 3054, 3055, 3056, 3057, 3058, 3059, 3060, 3061, 3062, 3063, 3064, 3065, 3066, 3067, 3068, 3069, 3070, 3071, 3072, 3073, 3074, 3075, 3076, 3077, 3078, 3079, 3080, 3081, 3082, 3083, 3084, 3085, 3086, 3087, 3088, 3089, 3090, 3091, 3092, 3093, 3094, 3095, 3096, 3097, 3098, 3099, 3100, 3101, 3102, 3103, 3104, 3105, 3106, 3107, 3108, 3109, 3110, 3111, 3112, 3113, 3114, 3115, 3116, 3117, 3118, 3119, 3120, 3121, 3122, 3123, 3124, 3125, 3126, 3127, 3128, 3129, 3130, 3131, 3132, 3133, 3134, 3135, 3136, 3137, 3138, 3139, 3140, 3141, 3142, 3143, 3144, 3145, 3146, 3147, 3148, 3149, 3150, 3151, 3152, 3153, 3154, 3155, 3156, 3157, 3158, 3159, 3160, 3161, 3162, 3163, 3164, 3165, 3166, 3167, 3168, 3169, 3170, 3171, 3172, 3173, 3174, 3175, 3176, 3177, 3178, 3179, 3180, 3181, 3182, 3183, 3184, 3185, 3186, 3187, 3188, 3189, 3190, 3191, 3192, 3193, 3194, 3195, 3196, 3197, 3198, 3199, 3200, 3201, 3202, 3203, 3204, 3205, 3206, 3207, 3208, 3209, 3210, 3211, 3212, 3213, 3214, 3215, 3216, 3217, 3218, 3219, 3220, 3221, 3222, 3223, 3224, 3225, 3226, 3227, 3228, 3229, 3230, 3231, 3232, 3233, 3234, 3235, 3236, 3237, 3238, 3239, 3240, 3241, 3242, 3243, 3244, 3245, 3246, 3247, 3248, 3249, 3250, 3251, 3252, 3253, 3254, 3255, 3256, 3257, 3258, 3259, 3260, 3261, 3262, 3263, 3264, 3265, 3266, 3267, 3268, 3269, 3270, 3271, 3272, 3273, 3274, 3275, 3276, 3277, 3278, 3279, 3280, 3281, 3282, 3283, 3284, 3285, 3286, 3287, 3288, 3289, 3290, 3291, 3292, 3293, 3294, 3295, 3296, 3297, 3298, 3299, 3300, 3301, 3302, 3303, 3304, 3305, 3306, 3307, 3308, 3309, 3310, 3311, 3312, 3313, 3314, 3315, 3316, 3317, 3318, 3319, 3320, 3321, 3322, 3323, 3324, 3325, 3326, 3327, 3328, 3329, 3330, 3331, 3332, 3333, 3334, 3335, 3336, 3337, 3338, 3339, 3340, 3341, 3342, 3343, 3344, 3345, 3346, 3347, 3348, 3349, 3350, 3351, 3352, 3353, 3354, 3355, 3356, 3357, 3358, 3359, 3360, 3361, 3362, 3363, 3364, 3365, 3366, 3367, 3368, 3369, 3370, 3371, 3372, 3373, 3374, 3375, 3376, 3377, 3378, 3379, 3380, 3381, 3382, 3383, 3384, 3385, 3386, 3387, 3388, 3389, 3390, 3391, 3392, 3393, 3394, 3395, 3396, 3397, 3398, 3399, 3400, 3401, 3402, 3403, 3404, 3405, 3406, 3407, 3408, 3409, 3410, 3411, 3412, 3413, 3414, 3415, 3416, 3417, 3418, 3419, 3420, 3421, 3422, 3423, 3424, 3425, 3426, 3427, 3428, 3429, 3430, 3431, 3432, 3433, 3434, 3435, 3436, 3437, 3438, 3439, 3440, 3441, 3442, 3443, 3444, 3445, 3446, 3447, 3448, 3449, 3450, 3451, 3452, 3453, 3454, 3455, 3456, 3457, 3458, 3459, 3460, 3461, 3462, 3463, 3464, 3465, 3466, 3467, 3468, 3469, 3470, 3471, 3472, 3473, 3474, 3475, 3476, 3477, 3478, 3479, 3480, 3481, 3482, 3483, 3484, 3485, 3486, 3487, 3488, 3489, 3490, 3491, 3492, 3493, 3494, 3495, 3496, 3497, 3498, 3499, 3500, 3501, 3502, 3503, 3504, 3505, 3506, 3507, 3508, 3509, 3510, 3511, 3512, 3513, 3514, 3515, 3516, 3517, 3518, 3519, 3520, 3521, 3522, 3523, 3524, 3525, 3526, 3527, 3528, 3529, 3530, 3531, 3532, 3533, 3534, 3535, 3536, 3537, 3538, 3539, 3540, 3541, 3542, 3543, 3544, 3545, 3546, 3547, 3548, 3549, 3550, 3551, 3552, 3553, 3554, 3555, 3556, 3557, 3558, 3559, 3560, 3561, 3562, 3563, 3564, 3565, 3566, 3567, 3568, 3569, 3570, 3571, 3572, 3573, 3574, 3575, 3576, 3577, 3578, 3579, 3580, 3581, 3582, 3583, 3584, 3585, 3586, 3587, 3588, 3589, 3590, 3591, 3592, 3593, 3594, 3595, 3596, 3597, 3598, 3599, 3600, 3601, 3602, 3603, 3604, 3605, 3606, 3607, 3608, 3609, 3610, 3611, 3612, 3613, 3614, 3615, 3616, 3617, 3618, 3619, 3620, 3621, 3622, 3623, 3624, 3625, 3626, 3627, 3628, 3629, 3630, 3631, 3632, 3633, 3634, 3635, 3636, 3637, 3638, 3639, 3640, 3641, 3642, 3643, 3644, 3645, 3646, 3647, 3648, 3649, 3650, 3651, 3652, 3653, 3654, 3655, 3656, 3657, 3658, 3659, 3660, 3661, 3662, 3663, 3664, 3665, 3666, 3667, 3668, 3669, 3670, 3671, 3672, 3673, 3674, 3675, 3676, 3677, 3678, 3679, 3680, 3681, 3682, 3683, 3684, 3685, 3686, 3687, 3688, 3689, 3690, 3691, 3692, 3693, 3694, 3695, 3696, 3697, 3698, 3699, 3700, 3701, 3702, 3703, 3704, 3705, 3706, 3707, 3708, 3709, 3710, 3711, 3712, 3713, 3714, 3715, 3716, 3717, 3718, 3719, 3720, 3721, 3722, 3723, 3724, 3725, 3726, 3727, 3728, 3729, 3730, 3731, 3732, 3733, 3734, 3735, 3736, 3737, 3738, 3739, 3740, 3741, 3742, 3743, 3744, 3745, 3746, 3747, 3748, 3749, 3750, 3751, 3752, 3753, 3754, 3755, 3756, 3757, 3758, 3759, 3760, 3761, 3762, 3763, 3764, 3765, 3766, 3767, 3768, 3769, 3770, 3771, 3772, 3773, 3774, 3775, 3776, 3777, 3778, 3779, 3780, 3781, 3782, 3783, 3784, 3785, 3786, 3787, 3788, 3789, 3790, 3791, 3792, 3793, 3794, 3795, 3796, 3797, 3798, 3799, 3800, 3801, 3802, 3803, 3804, 3805, 3806, 3807, 3808, 3809, 3810, 3811, 3812, 3813, 3814, 3815, 3816, 3817, 3818, 3819, 3820, 3821, 3822, 3823, 3824, 3825, 3826, 3827, 3828, 3829, 3830, 3831, 3832, 3833, 3834, 3835, 3836, 3837, 3838, 3839, 3840, 3841, 3842, 3843, 3844, 3845, 3846, 3847, 3848, 3849, 3850, 3851, 3852, 3853, 3854, 3855, 3856, 3857, 3858, 3859, 3860, 3861, 3862, 3863, 3864, 3865, 3866, 3867, 3868, 3869, 3870, 3871, 3872, 3873, 3874, 3875, 3876, 3877, 3878, 3879, 3880, 3881, 3882, 3883, 3884, 3885, 3886, 3887, 3888, 3889, 3890, 3891, 3892, 3893, 3894, 3895, 3896, 3897, 3898, 3899, 3900, 3901, 3902, 3903, 3904, 3905, 3906, 3907, 3908, 3909, 3910, 3911, 3912, 3913, 3914, 3915, 3916, 3917, 3918, 3919, 3920, 3921, 3922, 3923, 3924, 3925, 3926, 3927, 3928, 3929, 3930, 3931, 3932, 3933, 3934, 3935, 3936, 3937, 3938, 3939, 3940, 3941, 3942, 3943, 3944, 3945, 3946, 3947, 3948, 3949, 3950, 3951, 3952, 3953, 3954, 3955, 3956, 3957, 3958, 3959, 3960, 3961, 3962, 3963, 3964, 3965, 3966, 3967, 3968, 3969, 3970, 3971, 3972, 3973, 3974, 3975, 3976, 3977, 3978, 3979, 3980, 3981, 3982, 3983, 3984, 3985, 3986, 3987, 3988, 3989, 3990, 3991, 3992, 3993, 3994, 3995, 3996, 3997, 3998, 3999, 4000, 4001, 4002, 4003, 4004, 4005, 4006, 4007, 4008, 4009, 4010, 4011, 4012, 4013, 4014, 4015, 4016, 4017, 4018, 4019, 4020, 4021, 4022, 4023, 4024, 4025, 4026, 4027, 4028, 4029, 4030, 4031, 4032, 4033, 4034, 4035, 4036, 4037, 4038, 4039, 4040, 4041, 4042, 4043, 4044, 4045, 4046, 4047, 4048, 4049, 4050, 4051, 4052, 4053, 4054, 4055, 4056, 4057, 4058, 4059, 4060, 4061, 4062, 4063, 4064, 4065, 4066, 4067, 4068, 4069, 4070, 4071, 4072, 4073, 4074, 4075, 4076, 4077, 4078, 4079, 4080, 4081, 4082, 4083, 4084, 4085, 4086, 4087, 4088, 4089, 4090, 4091, 4092, 4093, 4094, 4095, 4096, 4097, 4098, 4099, 4100, 4101, 4102, 4103, 4104, 4105, 4106, 4107, 4108, 4109, 4110, 4111, 4112, 4113, 4114, 4115, 4116, 4117, 4118, 4119, 4120, 4121, 4122, 4123, 4124, 4125, 4126, 4127, 4128, 4129, 4130, 4131, 4132, 4133, 4134, 4135, 4136, 4137, 4138, 4139, 4140, 4141, 4142, 4143, 4144, 4145, 4146, 4147, 4148, 4149, 4150, 4151, 4152, 4153, 4154, 4155, 4156, 4157, 4158, 4159, 4160, 4161, 4162, 4163, 4164, 4165, 4166, 4167, 4168, 4169, 4170, 4171, 4172, 4173, 4174, 4175, 4176, 4177, 4178, 4179, 4180, 4181, 4182, 4183, 4184, 4185, 4186, 4187, 4188, 4189, 4190, 4191, 4192, 4193, 4194, 4195, 4196, 4197, 4198, 4199, 4200, 4201, 4202, 4203, 4204, 4205, 4206, 4207, 4208, 4209, 4210, 4211, 4212, 4213, 4214, 4215, 4216, 4217, 4218, 4219, 4220, 4221, 4222, 4223, 4224, 4225, 4226, 4227, 4228, 4229, 4230, 4231, 4232, 4233, 4234, 4235, 4236, 4237, 4238, 4239, 4240, 4241, 4242, 4243, 4244, 4245, 4246, 4247, 4248, 4249, 4250, 4251, 4252, 4253, 4254, 4255, 4256, 4257, 4258, 4259, 4260, 4261, 4262, 4263, 4264, 4265, 4266, 4267, 4268, 4269, 4270, 4271, 4272, 4273, 4274, 4275, 4276, 4277, 4278, 4279, 4280, 4281, 4282, 4283, 4284, 4285, 4286, 4287, 4288, 4289, 4290, 4291, 4292, 4293, 4294, 4295, 4296, 4297, 4298, 4299, 4300, 4301, 4302, 4303, 4304, 4305, 4306, 4307, 4308, 4309, 4310, 4311, 4312, 4313, 4314, 4315, 4316, 4317, 4318, 4319, 4320, 4321, 4322, 4323, 4324, 4325, 4326, 4327, 4328, 4329, 4330, 4331, 4332, 4333, 4334, 4335, 4336, 4337, 4338, 4339, 4340, 4341, 4342, 4343, 4344, 4345, 4346, 4347, 4348, 4349, 4350, 4351, 4352, 4353, 4354, 4355, 4356, 4357, 4358, 4359, 4360, 4361, 4362, 4363, 4364, 4365, 4366, 4367, 4368, 4369, 4370, 4371, 4372, 4373, 4374, 4375, 4376, 4377, 4378, 4379, 4380, 4381, 4382, 4383, 4384, 4385, 4386, 4387, 4388, 4389, 4390, 4391, 4392, 4393, 4394, 4395, 4396, 4397, 4398, 4399, 4400, 4401, 4402, 4403, 4404, 4405, 4406, 4407, 4408, 4409, 4410, 4411, 4412, 4413, 4414, 4415, 4416, 4417, 4418, 4419, 4420, 4421, 4422, 4423, 4424, 4425, 4426, 4427, 4428, 4429, 4430, 4431, 4432, 4433, 4434, 4435, 4436, 4437, 4438, 4439, 4440, 4441, 4442, 4443, 4444, 4445, 4446, 4447, 4448, 4449, 4450, 4451, 4452, 4453, 4454, 4455, 4456, 4457, 4458, 4459, 4460, 4461, 4462, 4463, 4464, 4465, 4466, 4467, 4468, 4469, 4470, 4471, 4472, 4473, 4474, 4475, 4476, 4477, 4478, 4479, 4480, 4481, 4482, 4483, 4484, 4485, 4486, 4487, 4488, 4489, 4490, 4491, 4492, 4493, 4494, 4495, 4496, 4497, 4498, 4499, 4500, 4501, 4502, 4503, 4504, 4505, 4506, 4507, 4508, 4509, 4510, 4511, 4512, 4513, 4514, 4515, 4516, 4517, 4518, 4519, 4520, 4521, 4522, 4523, 4524, 4525, 4526, 4527, 4528, 4529, 4530, 4531, 4532, 4533, 4534, 4535, 4536, 4537, 4538, 4539, 4540, 4541, 4542, 4543, 4544, 4545, 4546, 4547, 4548, 4549, 4550, 4551, 4552, 4553, 4554, 4555, 4556, 4557, 4558, 4559, 4560, 4561, 4562, 4563, 4564, 4565, 4566, 4567, 4568, 4569, 4570, 4571, 4572, 4573, 4574, 4575, 4576, 4577, 4578, 4579, 4580, 4581, 4582, 4583, 4584, 4585, 4586, 4587, 4588, 4589, 4590, 4591, 4592, 4593, 4594, 4595, 4596, 4597, 4598, 4599, 4600, 4601, 4602, 4603, 4604, 4605, 4606, 4607, 4608, 4609, 4610, 4611, 4612, 4613, 4614, 4615, 4616, 4617, 4618, 4619, 4620, 4621, 4622, 4623, 4624, 4625, 4626, 4627, 4628, 4629, 4630, 4631, 4632, 4633, 4634, 4635, 4636, 4637, 4638, 4639, 4640, 4641, 4642, 4643, 4644, 4645, 4646, 4647, 4648, 4649, 4650, 4651, 4652, 4653, 4654, 4655, 4656, 4657, 4658, 4659, 4660, 4661, 4662, 4663, 4664, 4665, 4666, 4667, 4668, 4669, 4670, 4671, 4672, 4673, 4674, 4675, 4676, 4677, 4678, 4679, 4680, 4681, 4682, 4683, 4684, 4685, 4686, 4687, 4688, 4689, 4690, 4691, 4692, 4693, 4694, 4695, 4696, 4697, 4698, 4699, 4700, 4701, 4702, 4703, 4704, 4705, 4706, 4707, 4708, 4709, 4710, 4711, 4712, 4713, 4714, 4715, 4716, 4717, 4718, 4719, 4720, 4721, 4722, 4723, 4724, 4725, 4726, 4727, 4728, 4729, 4730, 4731, 4732, 4733, 4734, 4735, 4736, 4737, 4738, 4739, 4740, 4741, 4742, 4743, 4744, 4745, 4746, 4747, 4748, 4749, 4750, 4751, 4752, 4753, 4754, 4755, 4756, 4757, 4758, 4759, 4760, 4761, 4762, 4763, 4764, 4765, 4766, 4767, 4768, 4769, 4770, 4771, 4772, 4773, 4774, 4775, 4776, 4777, 4778, 4779, 4780, 4781, 4782, 4783, 4784, 4785, 4786, 4787, 4788, 4789, 4790, 4791, 4792, 4793, 4794, 4795, 4796, 4797, 4798, 4799, 4800, 4801, 4802, 4803, 4804, 4805, 4806, 4807, 4808, 4809, 4810, 4811, 4812, 4813, 4814, 4815, 4816, 4817, 4818, 4819, 4820, 4821, 4822, 4823, 4824, 4825, 4826, 4827, 4828, 4829, 4830, 4831, 4832, 4833, 4834, 4835, 4836, 4837, 4838, 4839, 4840, 4841, 4842, 4843, 4844, 4845, 4846, 4847, 4848, 4849, 4850, 4851, 4852, 4853, 4854, 4855, 4856, 4857, 4858, 4859, 4860, 4861, 4862, 4863, 4864, 4865, 4866, 4867, 4868, 4869, 4870, 4871, 4872, 4873, 4874, 4875, 4876, 4877, 4878, 4879, 4880, 4881, 4882, 4883, 4884, 4885, 4886, 4887, 4888, 4889, 4890, 4891, 4892, 4893, 4894, 4895, 4896, 4897, 4898, 4899, 4900, 4901, 4902, 4903, 4904, 4905, 4906, 4907, 4908, 4909, 4910, 4911, 4912, 4913, 4914, 4915, 4916, 4917, 4918, 4919, 4920, 4921, 4922, 4923, 4924, 4925, 4926, 4927, 4928, 4929, 4930, 4931, 4932, 4933, 4934, 4935, 4936, 4937, 4938, 4939, 4940, 4941, 4942, 4943, 4944, 4945, 4946, 4947, 4948, 4949, 4950, 4951, 4952, 4953, 4954, 4955, 4956, 4957, 4958, 4959, 4960, 4961, 4962, 4963, 4964, 4965, 4966, 4967, 4968, 4969, 4970, 4971, 4972, 4973, 4974, 4975, 4976, 4977, 4978, 4979, 4980, 4981, 4982, 4983, 4984, 4985, 4986, 4987, 4988, 4989, 4990, 4991, 4992, 4993, 4994, 4995, 4996, 4997, 4998, 4999, 5000, 5001, 5002, 5003, 5004, 5005, 5006, 5007, 5008, 5009, 5010, 5011, 5012, 5013, 5014, 5015, 5016, 5017, 5018, 5019, 5020, 5021, 5022, 5023, 5024, 5025, 5026, 5027, 5028, 5029, 5030, 5031, 5032, 5033, 5034, 5035, 5036, 5037, 5038, 5039, 5040, 5041, 5042, 5043, 5044, 5045, 5046, 5047, 5048, 5049, 5050, 5051, 5052, 5053, 5054, 5055, 5056, 5057, 5058, 5059, 5060, 5061, 5062, 5063, 5064, 5065, 5066, 5067, 5068, 5069, 5070, 5071, 5072, 5073, 5074, 5075, 5076, 5077, 5078, 5079, 5080, 5081, 5082, 5083, 5084, 5085, 5086, 5087, 5088, 5089, 5090, 5091, 5092, 5093, 5094, 5095, 5096, 5097, 5098, 5099, 5100, 5101, 5102, 5103, 5104, 5105, 5106, 5107, 5108, 5109, 5110, 5111, 5112, 5113, 5114, 5115, 5116, 5117, 5118, 5119, 5120, 5121, 5122, 5123, 5124, 5125, 5126, 5127, 5128, 5129, 5130, 5131, 5132, 5133, 5134, 5135, 5136, 5137, 5138, 5139, 5140, 5141, 5142, 5143, 5144, 5145, 5146, 5147, 5148, 5149, 5150, 5151, 5152, 5153, 5154, 5155, 5156, 5157, 5158, 5159, 5160, 5161, 5162, 5163, 5164, 5165, 5166, 5167, 5168, 5169, 5170, 5171, 5172, 5173, 5174, 5175, 5176, 5177, 5178, 5179, 5180, 5181, 5182, 5183, 5184, 5185, 5186, 5187, 5188, 5189, 5190, 5191, 5192, 5193, 5194, 5195, 5196, 5197, 5198, 5199, 5200, 5201, 5202, 5203, 5204, 5205, 5206, 5207, 5208, 5209, 5210, 5211, 5212, 5213, 5214, 5215, 5216, 5217, 5218, 5219, 5220, 5221, 5222, 5223, 5224, 5225, 5226, 5227, 5228, 5229, 5230, 5231, 5232, 5233, 5234, 5235, 5236, 5237, 5238, 5239, 5240, 5241, 5242, 5243, 5244, 5245, 5246, 5247, 5248, 5249, 5250, 5251, 5252, 5253, 5254, 5255, 5256, 5257, 5258, 5259, 5260, 5261, 5262, 5263, 5264, 5265, 5266, 5267, 5268, 5269, 5270, 5271, 5272, 5273, 5274, 5275, 5276, 5277, 5278, 5279, 5280, 5281, 5282, 5283, 5284, 5285, 5286, 5287, 5288, 5289, 5290, 5291, 5292, 5293, 5294, 5295, 5296, 5297, 5298, 5299, 5300, 5301, 5302, 5303, 5304, 5305, 5306, 5307, 5308, 5309, 5310, 5311, 5312, 5313, 5314, 5315, 5316, 5317, 5318, 5319, 5320, 5321, 5322, 5323, 5324, 5325, 5326, 5327, 5328, 5329, 5330, 5331, 5332, 5333, 5334, 5335, 5336, 5337, 5338, 5339, 5340, 5341, 5342, 5343, 5344, 5345, 5346, 5347, 5348, 5349, 5350, 5351, 5352, 5353, 5354, 5355, 5356, 5357, 5358, 5359, 5360, 5361, 5362, 5363, 5364, 5365, 5366, 5367, 5368, 5369, 5370, 5371, 5372, 5373, 5374, 5375, 5376, 5377, 5378, 5379, 5380, 5381, 5382, 5383, 5384, 5385, 5386, 5387, 5388, 5389, 5390, 5391, 5392, 5393, 5394, 5395, 5396, 5397, 5398, 5399, 5400, 5401, 5402, 5403, 5404, 5405, 5406, 5407, 5408, 5409, 5410, 5411, 5412, 5413, 5414, 5415, 5416, 5417, 5418, 5419, 5420, 5421, 5422, 5423, 5424, 5425, 5426, 5427, 5428, 5429, 5430, 5431, 5432, 5433, 5434, 5435, 5436, 5437, 5438, 5439, 5440, 5441, 5442, 5443, 5444, 5445, 5446, 5447, 5448, 5449, 5450, 5451, 5452, 5453, 5454, 5455, 5456, 5457, 5458, 5459, 5460, 5461, 5462, 5463, 5464, 5465, 5466, 5467, 5468, 5469, 5470, 5471, 5472, 5473, 5474, 5475, 5476, 5477, 5478, 5479, 5480, 5481, 5482, 5483, 5484, 5485, 5486, 5487, 5488, 5489, 5490, 5491, 5492, 5493, 5494, 5495, 5496, 5497, 5498, 5499, 5500, 5501, 5502, 5503, 5504, 5505, 5506, 5507, 5508, 5509, 5510, 5511, 5512, 5513, 5514, 5515, 5516, 5517, 5518, 5519, 5520, 5521, 5522, 5523, 5524, 5525, 5526, 5527, 5528, 5529, 5530, 5531, 5532, 5533, 5534, 5535, 5536, 5537, 5538, 5539, 5540, 5541, 5542, 5543, 5544, 5545, 5546, 5547, 5548, 5549, 5550, 5551, 5552, 5553, 5554, 5555, 5556, 5557, 5558, 5559, 5560, 5561, 5562, 5563, 5564, 5565, 5566, 5567]
            point3f[] points = [(3.617110252380371, 26.661052703857422, -0.20000000298023224), (3.5999999046325684, 26.399999618530273, -0.20000000298023224), (-16.799999237060547, 19.200000762939453, -0.20000000298023224), (-16.799999237060547, 19.200000762939453, -0.20000000298023224), (3.5999999046325684, 26.399999618530273, -0.20000000298023224), (3.617110252380371, 26.138948440551758, -0.20000000298023224), (-24.399999618530273, 1.600000023841858, -0.20000000298023224), (-27.200000762939453, -3.200000047683716, -0.20000000298023224), (-27.200000762939453, 6.400000095367432, -0.20000000298023224), (-27.200000762939453, -3.200000047683716, -0.20000000298023224), (-24.399999618530273, 1.600000023841858, -0.20000000298023224), (-24.382888793945312, 1.3389476537704468, -0.20000000298023224), (1.2000000476837158, -26.399999618530273, -0.20000000298023224), (-17.600000381469727, -20.799999237060547, -0.20000000298023224), (-17.600000381469727, -7.199999809265137, -0.20000000298023224), (-17.600000381469727, -20.799999237060547, -0.20000000298023224), (1.2000000476837158, -26.399999618530273, -0.20000000298023224), (1.217110276222229, -26.661052703857422, -0.20000000298023224), (22.399999618530273, 19.200000762939453, -0.20000000298023224), (22.399999618530273, -19.200000762939453, -0.20000000298023224), (4, -31.200000762939453, -0.20000000298023224), (3.6681482791900635, 26.917638778686523, -0.20000000298023224), (3.617110252380371, 26.661052703857422, -0.20000000298023224), (-16.799999237060547, 19.200000762939453, -0.20000000298023224), (-16.799999237060547, 19.200000762939453, -0.20000000298023224), (3.617110252380371, 26.138948440551758, -0.20000000298023224), (3.6681482791900635, 25.882362365722656, -0.20000000298023224), (-24.382888793945312, 1.861052393913269, -0.20000000298023224), (-24.399999618530273, 1.600000023841858, -0.20000000298023224), (-27.200000762939453, 6.400000095367432, -0.20000000298023224), (-27.200000762939453, -3.200000047683716, -0.20000000298023224), (-24.382888793945312, 1.3389476537704468, -0.20000000298023224), (-24.331851959228516, 1.0823619365692139, -0.20000000298023224), (1.217110276222229, -26.138948440551758, -0.20000000298023224), (1.2000000476837158, -26.399999618530273, -0.20000000298023224), (-17.600000381469727, -7.199999809265137, -0.20000000298023224), (-17.600000381469727, -20.799999237060547, -0.20000000298023224), (1.217110276222229, -26.661052703857422, -0.20000000298023224), (1.2681483030319214, -26.917638778686523, -0.20000000298023224), (3.7522408962249756, 27.165367126464844, -0.20000000298023224), (3.6681482791900635, 26.917638778686523, -0.20000000298023224), (-16.799999237060547, 19.200000762939453, -0.20000000298023224), (-16.799999237060547, 19.200000762939453, -0.20000000298023224), (3.6681482791900635, 25.882362365722656, -0.20000000298023224), (3.7522408962249756, 25.634634017944336, -0.20000000298023224), (-24.331851959228516, 2.117638111114502, -0.20000000298023224), (-24.382888793945312, 1.861052393913269, -0.20000000298023224), (-27.200000762939453, 6.400000095367432, -0.20000000298023224), (-27.200000762939453, -3.200000047683716, -0.20000000298023224), (-24.331851959228516, 1.0823619365692139, -0.20000000298023224), (-24.247758865356445, 0.8346331119537354, -0.20000000298023224), (1.2681483030319214, -25.882362365722656, -0.20000000298023224), (1.217110276222229, -26.138948440551758, -0.20000000298023224), (-17.600000381469727, -7.199999809265137, -0.20000000298023224), (-17.600000381469727, -20.799999237060547, -0.20000000298023224), (1.2681483030319214, -26.917638778686523, -0.20000000298023224), (1.3522409200668335, -27.165367126464844, -0.20000000298023224), (3.8679492473602295, 27.399999618530273, -0.20000000298023224), (3.7522408962249756, 27.165367126464844, -0.20000000298023224), (-16.799999237060547, 19.200000762939453, -0.20000000298023224), (-16.799999237060547, 19.200000762939453, -0.20000000298023224), (3.7522408962249756, 25.634634017944336, -0.20000000298023224), (3.8679492473602295, 25.399999618530273, -0.20000000298023224), (-24.247758865356445, 2.3653669357299805, -0.20000000298023224), (-24.331851959228516, 2.117638111114502, -0.20000000298023224), (-27.200000762939453, 6.400000095367432, -0.20000000298023224), (-27.200000762939453, -3.200000047683716, -0.20000000298023224), (-24.247758865356445, 0.8346331119537354, -0.20000000298023224), (-24.132051467895508, 0.6000000238418579, -0.20000000298023224), (1.3522409200668335, -25.634634017944336, -0.20000000298023224), (1.2681483030319214, -25.882362365722656, -0.20000000298023224), (-17.600000381469727, -7.199999809265137, -0.20000000298023224), (-17.600000381469727, -20.799999237060547, -0.20000000298023224), (1.3522409200668335, -27.165367126464844, -0.20000000298023224), (1.4679491519927979, -27.399999618530273, -0.20000000298023224), (3.8679492473602295, 27.399999618530273, -0.20000000298023224), (-16.799999237060547, 19.200000762939453, -0.20000000298023224), (6.400000095367432, 31.200000762939453, -0.20000000298023224), (-16.799999237060547, 19.200000762939453, -0.20000000298023224), (3.8679492473602295, 25.399999618530273, -0.20000000298023224), (4.013293266296387, 25.182477951049805, -0.20000000298023224), (-24.132051467895508, 2.5999999046325684, -0.20000000298023224), (-24.247758865356445, 2.3653669357299805, -0.20000000298023224), (-27.200000762939453, 6.400000095367432, -0.20000000298023224), (-27.200000762939453, -3.200000047683716, -0.20000000298023224), (-24.132051467895508, 0.6000000238418579, -0.20000000298023224), (-23.986705780029297, 0.38247713446617126, -0.20000000298023224), (1.4679491519927979, -25.399999618530273, -0.20000000298023224), (1.3522409200668335, -25.634634017944336, -0.20000000298023224), (-17.600000381469727, -7.199999809265137, -0.20000000298023224), (-17.600000381469727, -20.799999237060547, -0.20000000298023224), (1.4679491519927979, -27.399999618530273, -0.20000000298023224), (1.6132932901382446, -27.617523193359375, -0.20000000298023224), (4.013293266296387, 27.617523193359375, -0.20000000298023224), (3.8679492473602295, 27.399999618530273, -0.20000000298023224), (6.400000095367432, 31.200000762939453, -0.20000000298023224), (-16.799999237060547, 19.200000762939453, -0.20000000298023224), (4.013293266296387, 25.182477951049805, -0.20000000298023224), (4.185786247253418, 24.98578643798828, -0.20000000298023224), (-23.986705780029297, 2.8175227642059326, -0.20000000298023224), (-24.132051467895508, 2.5999999046325684, -0.20000000298023224), (-27.200000762939453, 6.400000095367432, -0.20000000298023224), (-27.200000762939453, -3.200000047683716, -0.20000000298023224), (-23.986705780029297, 0.38247713446617126, -0.20000000298023224), (-23.814212799072266, 0.1857864409685135, -0.20000000298023224), (1.6132932901382446, -25.182477951049805, -0.20000000298023224), (1.4679491519927979, -25.399999618530273, -0.20000000298023224), (-17.600000381469727, -7.199999809265137, -0.20000000298023224), (-17.600000381469727, -20.799999237060547, -0.20000000298023224), (1.6132932901382446, -27.617523193359375, -0.20000000298023224), (1.7857863903045654, -27.814212799072266, -0.20000000298023224), (4.185786247253418, 27.814212799072266, -0.20000000298023224), (4.013293266296387, 27.617523193359375, -0.20000000298023224), (6.400000095367432, 31.200000762939453, -0.20000000298023224), (-16.799999237060547, 19.200000762939453, -0.20000000298023224), (4.185786247253418, 24.98578643798828, -0.20000000298023224), (4.382477283477783, 24.81329345703125, -0.20000000298023224), (-23.814212799072266, 3.0142135620117188, -0.20000000298023224), (-23.986705780029297, 2.8175227642059326, -0.20000000298023224), (-27.200000762939453, 6.400000095367432, -0.20000000298023224), (-27.200000762939453, -3.200000047683716, -0.20000000298023224), (-23.814212799072266, 0.1857864409685135, -0.20000000298023224), (-23.617523193359375, 0.013293319381773472, -0.20000000298023224), (1.7857863903045654, -24.98578643798828, -0.20000000298023224), (1.6132932901382446, -25.182477951049805, -0.20000000298023224), (-17.600000381469727, -7.199999809265137, -0.20000000298023224), (-17.600000381469727, -20.799999237060547, -0.20000000298023224), (1.7857863903045654, -27.814212799072266, -0.20000000298023224), (1.9824771881103516, -27.986705780029297, -0.20000000298023224), (4.382477283477783, 27.986705780029297, -0.20000000298023224), (4.185786247253418, 27.814212799072266, -0.20000000298023224), (6.400000095367432, 31.200000762939453, -0.20000000298023224), (-16.799999237060547, 19.200000762939453, -0.20000000298023224), (4.382477283477783, 24.81329345703125, -0.20000000298023224), (4.599999904632568, 24.667949676513672, -0.20000000298023224), (-23.617523193359375, 3.186706781387329, -0.20000000298023224), (-23.814212799072266, 3.0142135620117188, -0.20000000298023224), (-27.200000762939453, 6.400000095367432, -0.20000000298023224), (-27.200000762939453, -3.200000047683716, -0.20000000298023224), (-23.617523193359375, 0.013293319381773472, -0.20000000298023224), (-23.399999618530273, -0.13205081224441528, -0.20000000298023224), (1.9824771881103516, -24.81329345703125, -0.20000000298023224), (1.7857863903045654, -24.98578643798828, -0.20000000298023224), (-17.600000381469727, -7.199999809265137, -0.20000000298023224), (-17.600000381469727, -20.799999237060547, -0.20000000298023224), (1.9824771881103516, -27.986705780029297, -0.20000000298023224), (2.200000047683716, -28.132051467895508, -0.20000000298023224), (4.599999904632568, 28.132051467895508, -0.20000000298023224), (4.382477283477783, 27.986705780029297, -0.20000000298023224), (6.400000095367432, 31.200000762939453, -0.20000000298023224), (-16.799999237060547, 19.200000762939453, -0.20000000298023224), (4.599999904632568, 24.667949676513672, -0.20000000298023224), (4.8346333503723145, 24.5522403717041, -0.20000000298023224), (-23.399999618530273, 3.3320508003234863, -0.20000000298023224), (-23.617523193359375, 3.186706781387329, -0.20000000298023224), (-27.200000762939453, 6.400000095367432, -0.20000000298023224), (-27.200000762939453, -3.200000047683716, -0.20000000298023224), (-23.399999618530273, -0.13205081224441528, -0.20000000298023224), (-23.165367126464844, -0.24775905907154083, -0.20000000298023224), (2.200000047683716, -24.667949676513672, -0.20000000298023224), (1.9824771881103516, -24.81329345703125, -0.20000000298023224), (-17.600000381469727, -7.199999809265137, -0.20000000298023224), (-17.600000381469727, -20.799999237060547, -0.20000000298023224), (2.200000047683716, -28.132051467895508, -0.20000000298023224), (2.4346330165863037, -28.247758865356445, -0.20000000298023224), (4.8346333503723145, 28.247758865356445, -0.20000000298023224), (4.599999904632568, 28.132051467895508, -0.20000000298023224), (6.400000095367432, 31.200000762939453, -0.20000000298023224), (-16.799999237060547, 19.200000762939453, -0.20000000298023224), (4.8346333503723145, 24.5522403717041, -0.20000000298023224), (5.082361698150635, 24.468149185180664, -0.20000000298023224), (-23.165367126464844, 3.4477591514587402, -0.20000000298023224), (-23.399999618530273, 3.3320508003234863, -0.20000000298023224), (-27.200000762939453, 6.400000095367432, -0.20000000298023224), (-27.200000762939453, -3.200000047683716, -0.20000000298023224), (-23.165367126464844, -0.24775905907154083, -0.20000000298023224), (-22.917638778686523, -0.33185166120529175, -0.20000000298023224), (2.4346330165863037, -24.5522403717041, -0.20000000298023224), (2.200000047683716, -24.667949676513672, -0.20000000298023224), (-17.600000381469727, -7.199999809265137, -0.20000000298023224), (4, -31.200000762939453, -0.20000000298023224), (-17.600000381469727, -20.799999237060547, -0.20000000298023224), (2.4346330165863037, -28.247758865356445, -0.20000000298023224), (5.082361698150635, 28.331851959228516, -0.20000000298023224), (4.8346333503723145, 28.247758865356445, -0.20000000298023224), (6.400000095367432, 31.200000762939453, -0.20000000298023224), (-16.799999237060547, 19.200000762939453, -0.20000000298023224), (5.082361698150635, 24.468149185180664, -0.20000000298023224), (5.338947772979736, 24.417110443115234, -0.20000000298023224), (-23.165367126464844, 3.4477591514587402, -0.20000000298023224), (-27.200000762939453, 6.400000095367432, -0.20000000298023224), (-16.799999237060547, 6.400000095367432, -0.20000000298023224), (-27.200000762939453, -3.200000047683716, -0.20000000298023224), (-22.917638778686523, -0.33185166120529175, -0.20000000298023224), (-22.661052703857422, -0.3828897178173065, -0.20000000298023224), (2.6823618412017822, -24.468149185180664, -0.20000000298023224), (2.4346330165863037, -24.5522403717041, -0.20000000298023224), (-17.600000381469727, -7.199999809265137, -0.20000000298023224), (4, -31.200000762939453, -0.20000000298023224), (2.4346330165863037, -28.247758865356445, -0.20000000298023224), (2.6823618412017822, -28.331851959228516, -0.20000000298023224), (5.338947772979736, 28.382888793945312, -0.20000000298023224), (5.082361698150635, 28.331851959228516, -0.20000000298023224), (6.400000095367432, 31.200000762939453, -0.20000000298023224), (-16.799999237060547, 19.200000762939453, -0.20000000298023224), (5.338947772979736, 24.417110443115234, -0.20000000298023224), (5.599999904632568, 24.399999618530273, -0.20000000298023224), (-22.917638778686523, 3.5318517684936523, -0.20000000298023224), (-23.165367126464844, 3.4477591514587402, -0.20000000298023224), (-16.799999237060547, 6.400000095367432, -0.20000000298023224), (-27.200000762939453, -3.200000047683716, -0.20000000298023224), (-22.661052703857422, -0.3828897178173065, -0.20000000298023224), (-22.399999618530273, -0.4000000059604645, -0.20000000298023224), (2.9389476776123047, -24.417110443115234, -0.20000000298023224), (2.6823618412017822, -24.468149185180664, -0.20000000298023224), (-17.600000381469727, -7.199999809265137, -0.20000000298023224), (4, -31.200000762939453, -0.20000000298023224), (2.6823618412017822, -28.331851959228516, -0.20000000298023224), (2.9389476776123047, -28.382888793945312, -0.20000000298023224), (5.599999904632568, 28.399999618530273, -0.20000000298023224), (5.338947772979736, 28.382888793945312, -0.20000000298023224), (6.400000095367432, 31.200000762939453, -0.20000000298023224), (-16.799999237060547, 19.200000762939453, -0.20000000298023224), (5.599999904632568, 24.399999618530273, -0.20000000298023224), (5.861052513122559, 24.417110443115234, -0.20000000298023224), (-22.661052703857422, 3.5828897953033447, -0.20000000298023224), (-22.917638778686523, 3.5318517684936523, -0.20000000298023224), (-16.799999237060547, 6.400000095367432, -0.20000000298023224), (-27.200000762939453, -3.200000047683716, -0.20000000298023224), (-22.399999618530273, -0.4000000059604645, -0.20000000298023224), (-22.138948440551758, -0.3828897178173065, -0.20000000298023224), (3.200000047683716, -24.399999618530273, -0.20000000298023224), (2.9389476776123047, -24.417110443115234, -0.20000000298023224), (-17.600000381469727, -7.199999809265137, -0.20000000298023224), (4, -31.200000762939453, -0.20000000298023224), (2.9389476776123047, -28.382888793945312, -0.20000000298023224), (3.200000047683716, -28.399999618530273, -0.20000000298023224), (5.861052513122559, 28.382888793945312, -0.20000000298023224), (5.599999904632568, 28.399999618530273, -0.20000000298023224), (6.400000095367432, 31.200000762939453, -0.20000000298023224), (-16.799999237060547, 19.200000762939453, -0.20000000298023224), (5.861052513122559, 24.417110443115234, -0.20000000298023224), (6.117638111114502, 24.468149185180664, -0.20000000298023224), (-22.399999618530273, 3.5999999046325684, -0.20000000298023224), (-22.661052703857422, 3.5828897953033447, -0.20000000298023224), (-16.799999237060547, 6.400000095367432, -0.20000000298023224), (-27.200000762939453, -3.200000047683716, -0.20000000298023224), (-22.138948440551758, -0.3828897178173065, -0.20000000298023224), (-21.882362365722656, -0.33185166120529175, -0.20000000298023224), (3.461052417755127, -24.417110443115234, -0.20000000298023224), (3.200000047683716, -24.399999618530273, -0.20000000298023224), (-17.600000381469727, -7.199999809265137, -0.20000000298023224), (4, -31.200000762939453, -0.20000000298023224), (3.200000047683716, -28.399999618530273, -0.20000000298023224), (3.461052417755127, -28.382888793945312, -0.20000000298023224), (6.117638111114502, 28.331851959228516, -0.20000000298023224), (5.861052513122559, 28.382888793945312, -0.20000000298023224), (6.400000095367432, 31.200000762939453, -0.20000000298023224), (-16.799999237060547, 6.400000095367432, -0.20000000298023224), (-16.799999237060547, 19.200000762939453, -0.20000000298023224), (6.117638111114502, 24.468149185180664, -0.20000000298023224), (-22.138948440551758, 3.5828897953033447, -0.20000000298023224), (-22.399999618530273, 3.5999999046325684, -0.20000000298023224), (-16.799999237060547, 6.400000095367432, -0.20000000298023224), (-27.200000762939453, -3.200000047683716, -0.20000000298023224), (-21.882362365722656, -0.33185166120529175, -0.20000000298023224), (-21.634634017944336, -0.24775905907154083, -0.20000000298023224), (3.7176380157470703, -24.468149185180664, -0.20000000298023224), (3.461052417755127, -24.417110443115234, -0.20000000298023224), (-17.600000381469727, -7.199999809265137, -0.20000000298023224), (4, -31.200000762939453, -0.20000000298023224), (3.461052417755127, -28.382888793945312, -0.20000000298023224), (3.7176380157470703, -28.331851959228516, -0.20000000298023224), (6.3653669357299805, 28.247758865356445, -0.20000000298023224), (6.117638111114502, 28.331851959228516, -0.20000000298023224), (6.400000095367432, 31.200000762939453, -0.20000000298023224), (-16.799999237060547, 6.400000095367432, -0.20000000298023224), (6.117638111114502, 24.468149185180664, -0.20000000298023224), (6.3653669357299805, 24.5522403717041, -0.20000000298023224), (-21.882362365722656, 3.5318517684936523, -0.20000000298023224), (-22.138948440551758, 3.5828897953033447, -0.20000000298023224), (-16.799999237060547, 6.400000095367432, -0.20000000298023224), (-27.200000762939453, -3.200000047683716, -0.20000000298023224), (-21.634634017944336, -0.24775905907154083, -0.20000000298023224), (-21.399999618530273, -0.13205081224441528, -0.20000000298023224), (3.965366840362549, -24.5522403717041, -0.20000000298023224), (3.7176380157470703, -24.468149185180664, -0.20000000298023224), (-17.600000381469727, -7.199999809265137, -0.20000000298023224), (4, -31.200000762939453, -0.20000000298023224), (3.7176380157470703, -28.331851959228516, -0.20000000298023224), (3.965366840362549, -28.247758865356445, -0.20000000298023224), (6.599999904632568, 28.132051467895508, -0.20000000298023224), (6.3653669357299805, 28.247758865356445, -0.20000000298023224), (6.400000095367432, 31.200000762939453, -0.20000000298023224), (-16.799999237060547, 6.400000095367432, -0.20000000298023224), (6.3653669357299805, 24.5522403717041, -0.20000000298023224), (6.599999904632568, 24.667949676513672, -0.20000000298023224), (-21.634634017944336, 3.4477591514587402, -0.20000000298023224), (-21.882362365722656, 3.5318517684936523, -0.20000000298023224), (-16.799999237060547, 6.400000095367432, -0.20000000298023224), (-17.600000381469727, -7.199999809265137, -0.20000000298023224), (-27.200000762939453, -3.200000047683716, -0.20000000298023224), (-21.399999618530273, -0.13205081224441528, -0.20000000298023224), (4.199999809265137, -24.667949676513672, -0.20000000298023224), (3.965366840362549, -24.5522403717041, -0.20000000298023224), (-17.600000381469727, -7.199999809265137, -0.20000000298023224), (4, -31.200000762939453, -0.20000000298023224), (3.965366840362549, -28.247758865356445, -0.20000000298023224), (4.199999809265137, -28.132051467895508, -0.20000000298023224), (6.599999904632568, 28.132051467895508, -0.20000000298023224), (6.400000095367432, 31.200000762939453, -0.20000000298023224), (22.399999618530273, 19.200000762939453, -0.20000000298023224), (-16.799999237060547, 6.400000095367432, -0.20000000298023224), (6.599999904632568, 24.667949676513672, -0.20000000298023224), (6.817523002624512, 24.81329345703125, -0.20000000298023224), (-21.399999618530273, 3.3320508003234863, -0.20000000298023224), (-21.634634017944336, 3.4477591514587402, -0.20000000298023224), (-16.799999237060547, 6.400000095367432, -0.20000000298023224), (-17.600000381469727, -7.199999809265137, -0.20000000298023224), (-21.399999618530273, -0.13205081224441528, -0.20000000298023224), (-21.182477951049805, 0.013293319381773472, -0.20000000298023224), (4.41752290725708, -24.81329345703125, -0.20000000298023224), (4.199999809265137, -24.667949676513672, -0.20000000298023224), (-17.600000381469727, -7.199999809265137, -0.20000000298023224), (4, -31.200000762939453, -0.20000000298023224), (4.199999809265137, -28.132051467895508, -0.20000000298023224), (4.41752290725708, -27.986705780029297, -0.20000000298023224), (6.817523002624512, 27.986705780029297, -0.20000000298023224), (6.599999904632568, 28.132051467895508, -0.20000000298023224), (22.399999618530273, 19.200000762939453, -0.20000000298023224), (-21.182477951049805, 3.186706781387329, -0.20000000298023224), (-21.399999618530273, 3.3320508003234863, -0.20000000298023224), (-16.799999237060547, 6.400000095367432, -0.20000000298023224), (-17.600000381469727, -7.199999809265137, -0.20000000298023224), (-21.182477951049805, 0.013293319381773472, -0.20000000298023224), (-20.98578643798828, 0.1857864409685135, -0.20000000298023224), (4, -31.200000762939453, -0.20000000298023224), (4.41752290725708, -27.986705780029297, -0.20000000298023224), (4.614213466644287, -27.814212799072266, -0.20000000298023224), (7.014213562011719, 27.814212799072266, -0.20000000298023224), (6.817523002624512, 27.986705780029297, -0.20000000298023224), (22.399999618530273, 19.200000762939453, -0.20000000298023224), (-20.98578643798828, 3.0142135620117188, -0.20000000298023224), (-21.182477951049805, 3.186706781387329, -0.20000000298023224), (-16.799999237060547, 6.400000095367432, -0.20000000298023224), (-17.600000381469727, -7.199999809265137, -0.20000000298023224), (-20.98578643798828, 0.1857864409685135, -0.20000000298023224), (-20.81329345703125, 0.38247713446617126, -0.20000000298023224), (4, -31.200000762939453, -0.20000000298023224), (4.614213466644287, -27.814212799072266, -0.20000000298023224), (4.786706447601318, -27.617523193359375, -0.20000000298023224), (7.18670654296875, 27.617523193359375, -0.20000000298023224), (7.014213562011719, 27.814212799072266, -0.20000000298023224), (22.399999618530273, 19.200000762939453, -0.20000000298023224), (-20.98578643798828, 3.0142135620117188, -0.20000000298023224), (-16.799999237060547, 6.400000095367432, -0.20000000298023224), (6.817523002624512, 24.81329345703125, -0.20000000298023224), (-17.600000381469727, -7.199999809265137, -0.20000000298023224), (-20.81329345703125, 0.38247713446617126, -0.20000000298023224), (-20.667949676513672, 0.6000000238418579, -0.20000000298023224), (4, -31.200000762939453, -0.20000000298023224), (4.786706447601318, -27.617523193359375, -0.20000000298023224), (4.932050704956055, -27.399999618530273, -0.20000000298023224), (7.332050800323486, 27.399999618530273, -0.20000000298023224), (7.18670654296875, 27.617523193359375, -0.20000000298023224), (22.399999618530273, 19.200000762939453, -0.20000000298023224), (-20.81329345703125, 2.8175227642059326, -0.20000000298023224), (-20.98578643798828, 3.0142135620117188, -0.20000000298023224), (6.817523002624512, 24.81329345703125, -0.20000000298023224), (-17.600000381469727, -7.199999809265137, -0.20000000298023224), (-20.667949676513672, 0.6000000238418579, -0.20000000298023224), (-20.5522403717041, 0.8346331119537354, -0.20000000298023224), (4, -31.200000762939453, -0.20000000298023224), (4.932050704956055, -27.399999618530273, -0.20000000298023224), (5.047759056091309, -27.165367126464844, -0.20000000298023224), (7.44775915145874, 27.165367126464844, -0.20000000298023224), (7.332050800323486, 27.399999618530273, -0.20000000298023224), (22.399999618530273, 19.200000762939453, -0.20000000298023224), (-20.667949676513672, 2.5999999046325684, -0.20000000298023224), (-20.81329345703125, 2.8175227642059326, -0.20000000298023224), (6.817523002624512, 24.81329345703125, -0.20000000298023224), (-17.600000381469727, -7.199999809265137, -0.20000000298023224), (-20.5522403717041, 0.8346331119537354, -0.20000000298023224), (-20.468149185180664, 1.0823619365692139, -0.20000000298023224), (4, -31.200000762939453, -0.20000000298023224), (5.047759056091309, -27.165367126464844, -0.20000000298023224), (5.131851673126221, -26.917638778686523, -0.20000000298023224), (7.531851768493652, 26.917638778686523, -0.20000000298023224), (7.44775915145874, 27.165367126464844, -0.20000000298023224), (22.399999618530273, 19.200000762939453, -0.20000000298023224), (-20.5522403717041, 2.3653669357299805, -0.20000000298023224), (-20.667949676513672, 2.5999999046325684, -0.20000000298023224), (6.817523002624512, 24.81329345703125, -0.20000000298023224), (-17.600000381469727, -7.199999809265137, -0.20000000298023224), (-20.468149185180664, 1.0823619365692139, -0.20000000298023224), (-20.417110443115234, 1.3389476537704468, -0.20000000298023224), (22.399999618530273, 19.200000762939453, -0.20000000298023224), (4, -31.200000762939453, -0.20000000298023224), (5.131851673126221, -26.917638778686523, -0.20000000298023224), (7.582889556884766, 26.661052703857422, -0.20000000298023224), (7.531851768493652, 26.917638778686523, -0.20000000298023224), (22.399999618530273, 19.200000762939453, -0.20000000298023224), (-20.468149185180664, 2.117638111114502, -0.20000000298023224), (-20.5522403717041, 2.3653669357299805, -0.20000000298023224), (6.817523002624512, 24.81329345703125, -0.20000000298023224), (-17.600000381469727, -7.199999809265137, -0.20000000298023224), (-20.417110443115234, 1.3389476537704468, -0.20000000298023224), (-20.399999618530273, 1.600000023841858, -0.20000000298023224), (22.399999618530273, 19.200000762939453, -0.20000000298023224), (5.131851673126221, -26.917638778686523, -0.20000000298023224), (5.182889938354492, -26.661052703857422, -0.20000000298023224), (7.599999904632568, 26.399999618530273, -0.20000000298023224), (7.582889556884766, 26.661052703857422, -0.20000000298023224), (22.399999618530273, 19.200000762939453, -0.20000000298023224), (-20.417110443115234, 1.861052393913269, -0.20000000298023224), (-20.468149185180664, 2.117638111114502, -0.20000000298023224), (6.817523002624512, 24.81329345703125, -0.20000000298023224), (-17.600000381469727, -7.199999809265137, -0.20000000298023224), (-20.399999618530273, 1.600000023841858, -0.20000000298023224), (-20.417110443115234, 1.861052393913269, -0.20000000298023224), (22.399999618530273, 19.200000762939453, -0.20000000298023224), (5.182889938354492, -26.661052703857422, -0.20000000298023224), (5.199999809265137, -26.399999618530273, -0.20000000298023224), (7.582889556884766, 26.138948440551758, -0.20000000298023224), (7.599999904632568, 26.399999618530273, -0.20000000298023224), (22.399999618530273, 19.200000762939453, -0.20000000298023224), (-17.600000381469727, -7.199999809265137, -0.20000000298023224), (-20.417110443115234, 1.861052393913269, -0.20000000298023224), (6.817523002624512, 24.81329345703125, -0.20000000298023224), (22.399999618530273, 19.200000762939453, -0.20000000298023224), (5.199999809265137, -26.399999618530273, -0.20000000298023224), (5.182889938354492, -26.138948440551758, -0.20000000298023224), (7.531851768493652, 25.882362365722656, -0.20000000298023224), (7.582889556884766, 26.138948440551758, -0.20000000298023224), (22.399999618530273, 19.200000762939453, -0.20000000298023224), (-17.600000381469727, -7.199999809265137, -0.20000000298023224), (6.817523002624512, 24.81329345703125, -0.20000000298023224), (7.014213562011719, 24.98578643798828, -0.20000000298023224), (22.399999618530273, 19.200000762939453, -0.20000000298023224), (5.182889938354492, -26.138948440551758, -0.20000000298023224), (5.131851673126221, -25.882362365722656, -0.20000000298023224), (7.44775915145874, 25.634634017944336, -0.20000000298023224), (7.531851768493652, 25.882362365722656, -0.20000000298023224), (22.399999618530273, 19.200000762939453, -0.20000000298023224), (-17.600000381469727, -7.199999809265137, -0.20000000298023224), (7.014213562011719, 24.98578643798828, -0.20000000298023224), (7.18670654296875, 25.182477951049805, -0.20000000298023224), (22.399999618530273, 19.200000762939453, -0.20000000298023224), (5.131851673126221, -25.882362365722656, -0.20000000298023224), (5.047759056091309, -25.634634017944336, -0.20000000298023224), (7.332050800323486, 25.399999618530273, -0.20000000298023224), (7.44775915145874, 25.634634017944336, -0.20000000298023224), (22.399999618530273, 19.200000762939453, -0.20000000298023224), (4.41752290725708, -24.81329345703125, -0.20000000298023224), (-17.600000381469727, -7.199999809265137, -0.20000000298023224), (7.18670654296875, 25.182477951049805, -0.20000000298023224), (22.399999618530273, 19.200000762939453, -0.20000000298023224), (5.047759056091309, -25.634634017944336, -0.20000000298023224), (4.932050704956055, -25.399999618530273, -0.20000000298023224), (7.18670654296875, 25.182477951049805, -0.20000000298023224), (7.332050800323486, 25.399999618530273, -0.20000000298023224), (22.399999618530273, 19.200000762939453, -0.20000000298023224), (4.614213466644287, -24.98578643798828, -0.20000000298023224), (4.41752290725708, -24.81329345703125, -0.20000000298023224), (7.18670654296875, 25.182477951049805, -0.20000000298023224), (22.399999618530273, 19.200000762939453, -0.20000000298023224), (4.932050704956055, -25.399999618530273, -0.20000000298023224), (4.786706447601318, -25.182477951049805, -0.20000000298023224), (4.614213466644287, -24.98578643798828, -0.20000000298023224), (7.18670654296875, 25.182477951049805, -0.20000000298023224), (22.399999618530273, 19.200000762939453, -0.20000000298023224), (22.399999618530273, 19.200000762939453, -0.20000000298023224), (4.786706447601318, -25.182477951049805, -0.20000000298023224), (4.614213466644287, -24.98578643798828, -0.20000000298023224), (-16.799999237060547, 19.200000762939453, 2.200000047683716), (3.5999999046325684, 26.399999618530273, 2.200000047683716), (3.617110252380371, 26.661052703857422, 2.200000047683716), (3.617110252380371, 26.138948440551758, 2.200000047683716), (3.5999999046325684, 26.399999618530273, 2.200000047683716), (-16.799999237060547, 19.200000762939453, 2.200000047683716), (-27.200000762939453, 6.400000095367432, 2.200000047683716), (-27.200000762939453, -3.200000047683716, 2.200000047683716), (-24.399999618530273, 1.600000023841858, 2.200000047683716), (-24.382888793945312, 1.3389476537704468, 2.200000047683716), (-24.399999618530273, 1.600000023841858, 2.200000047683716), (-27.200000762939453, -3.200000047683716, 2.200000047683716), (-17.600000381469727, -7.199999809265137, 2.200000047683716), (-17.600000381469727, -20.799999237060547, 2.200000047683716), (1.2000000476837158, -26.399999618530273, 2.200000047683716), (1.217110276222229, -26.661052703857422, 2.200000047683716), (1.2000000476837158, -26.399999618530273, 2.200000047683716), (-17.600000381469727, -20.799999237060547, 2.200000047683716), (4, -31.200000762939453, 2.200000047683716), (22.399999618530273, -19.200000762939453, 2.200000047683716), (22.399999618530273, 19.200000762939453, 2.200000047683716), (-16.799999237060547, 19.200000762939453, 2.200000047683716), (3.617110252380371, 26.661052703857422, 2.200000047683716), (3.6681482791900635, 26.917638778686523, 2.200000047683716), (3.6681482791900635, 25.882362365722656, 2.200000047683716), (3.617110252380371, 26.138948440551758, 2.200000047683716), (-16.799999237060547, 19.200000762939453, 2.200000047683716), (-27.200000762939453, 6.400000095367432, 2.200000047683716), (-24.399999618530273, 1.600000023841858, 2.200000047683716), (-24.382888793945312, 1.861052393913269, 2.200000047683716), (-24.331851959228516, 1.0823619365692139, 2.200000047683716), (-24.382888793945312, 1.3389476537704468, 2.200000047683716), (-27.200000762939453, -3.200000047683716, 2.200000047683716), (-17.600000381469727, -7.199999809265137, 2.200000047683716), (1.2000000476837158, -26.399999618530273, 2.200000047683716), (1.217110276222229, -26.138948440551758, 2.200000047683716), (1.2681483030319214, -26.917638778686523, 2.200000047683716), (1.217110276222229, -26.661052703857422, 2.200000047683716), (-17.600000381469727, -20.799999237060547, 2.200000047683716), (-16.799999237060547, 19.200000762939453, 2.200000047683716), (3.6681482791900635, 26.917638778686523, 2.200000047683716), (3.7522408962249756, 27.165367126464844, 2.200000047683716), (3.7522408962249756, 25.634634017944336, 2.200000047683716), (3.6681482791900635, 25.882362365722656, 2.200000047683716), (-16.799999237060547, 19.200000762939453, 2.200000047683716), (-27.200000762939453, 6.400000095367432, 2.200000047683716), (-24.382888793945312, 1.861052393913269, 2.200000047683716), (-24.331851959228516, 2.117638111114502, 2.200000047683716), (-24.247758865356445, 0.8346331119537354, 2.200000047683716), (-24.331851959228516, 1.0823619365692139, 2.200000047683716), (-27.200000762939453, -3.200000047683716, 2.200000047683716), (-17.600000381469727, -7.199999809265137, 2.200000047683716), (1.217110276222229, -26.138948440551758, 2.200000047683716), (1.2681483030319214, -25.882362365722656, 2.200000047683716), (1.3522409200668335, -27.165367126464844, 2.200000047683716), (1.2681483030319214, -26.917638778686523, 2.200000047683716), (-17.600000381469727, -20.799999237060547, 2.200000047683716), (-16.799999237060547, 19.200000762939453, 2.200000047683716), (3.7522408962249756, 27.165367126464844, 2.200000047683716), (3.8679492473602295, 27.399999618530273, 2.200000047683716), (3.8679492473602295, 25.399999618530273, 2.200000047683716), (3.7522408962249756, 25.634634017944336, 2.200000047683716), (-16.799999237060547, 19.200000762939453, 2.200000047683716), (-27.200000762939453, 6.400000095367432, 2.200000047683716), (-24.331851959228516, 2.117638111114502, 2.200000047683716), (-24.247758865356445, 2.3653669357299805, 2.200000047683716), (-24.132051467895508, 0.6000000238418579, 2.200000047683716), (-24.247758865356445, 0.8346331119537354, 2.200000047683716), (-27.200000762939453, -3.200000047683716, 2.200000047683716), (-17.600000381469727, -7.199999809265137, 2.200000047683716), (1.2681483030319214, -25.882362365722656, 2.200000047683716), (1.3522409200668335, -25.634634017944336, 2.200000047683716), (1.4679491519927979, -27.399999618530273, 2.200000047683716), (1.3522409200668335, -27.165367126464844, 2.200000047683716), (-17.600000381469727, -20.799999237060547, 2.200000047683716), (6.400000095367432, 31.200000762939453, 2.200000047683716), (-16.799999237060547, 19.200000762939453, 2.200000047683716), (3.8679492473602295, 27.399999618530273, 2.200000047683716), (4.013293266296387, 25.182477951049805, 2.200000047683716), (3.8679492473602295, 25.399999618530273, 2.200000047683716), (-16.799999237060547, 19.200000762939453, 2.200000047683716), (-27.200000762939453, 6.400000095367432, 2.200000047683716), (-24.247758865356445, 2.3653669357299805, 2.200000047683716), (-24.132051467895508, 2.5999999046325684, 2.200000047683716), (-23.986705780029297, 0.38247713446617126, 2.200000047683716), (-24.132051467895508, 0.6000000238418579, 2.200000047683716), (-27.200000762939453, -3.200000047683716, 2.200000047683716), (-17.600000381469727, -7.199999809265137, 2.200000047683716), (1.3522409200668335, -25.634634017944336, 2.200000047683716), (1.4679491519927979, -25.399999618530273, 2.200000047683716), (1.6132932901382446, -27.617523193359375, 2.200000047683716), (1.4679491519927979, -27.399999618530273, 2.200000047683716), (-17.600000381469727, -20.799999237060547, 2.200000047683716), (6.400000095367432, 31.200000762939453, 2.200000047683716), (3.8679492473602295, 27.399999618530273, 2.200000047683716), (4.013293266296387, 27.617523193359375, 2.200000047683716), (4.185786247253418, 24.98578643798828, 2.200000047683716), (4.013293266296387, 25.182477951049805, 2.200000047683716), (-16.799999237060547, 19.200000762939453, 2.200000047683716), (-27.200000762939453, 6.400000095367432, 2.200000047683716), (-24.132051467895508, 2.5999999046325684, 2.200000047683716), (-23.986705780029297, 2.8175227642059326, 2.200000047683716), (-23.814212799072266, 0.1857864409685135, 2.200000047683716), (-23.986705780029297, 0.38247713446617126, 2.200000047683716), (-27.200000762939453, -3.200000047683716, 2.200000047683716), (-17.600000381469727, -7.199999809265137, 2.200000047683716), (1.4679491519927979, -25.399999618530273, 2.200000047683716), (1.6132932901382446, -25.182477951049805, 2.200000047683716), (1.7857863903045654, -27.814212799072266, 2.200000047683716), (1.6132932901382446, -27.617523193359375, 2.200000047683716), (-17.600000381469727, -20.799999237060547, 2.200000047683716), (6.400000095367432, 31.200000762939453, 2.200000047683716), (4.013293266296387, 27.617523193359375, 2.200000047683716), (4.185786247253418, 27.814212799072266, 2.200000047683716), (4.382477283477783, 24.81329345703125, 2.200000047683716), (4.185786247253418, 24.98578643798828, 2.200000047683716), (-16.799999237060547, 19.200000762939453, 2.200000047683716), (-27.200000762939453, 6.400000095367432, 2.200000047683716), (-23.986705780029297, 2.8175227642059326, 2.200000047683716), (-23.814212799072266, 3.0142135620117188, 2.200000047683716), (-23.617523193359375, 0.013293319381773472, 2.200000047683716), (-23.814212799072266, 0.1857864409685135, 2.200000047683716), (-27.200000762939453, -3.200000047683716, 2.200000047683716), (-17.600000381469727, -7.199999809265137, 2.200000047683716), (1.6132932901382446, -25.182477951049805, 2.200000047683716), (1.7857863903045654, -24.98578643798828, 2.200000047683716), (1.9824771881103516, -27.986705780029297, 2.200000047683716), (1.7857863903045654, -27.814212799072266, 2.200000047683716), (-17.600000381469727, -20.799999237060547, 2.200000047683716), (6.400000095367432, 31.200000762939453, 2.200000047683716), (4.185786247253418, 27.814212799072266, 2.200000047683716), (4.382477283477783, 27.986705780029297, 2.200000047683716), (4.599999904632568, 24.667949676513672, 2.200000047683716), (4.382477283477783, 24.81329345703125, 2.200000047683716), (-16.799999237060547, 19.200000762939453, 2.200000047683716), (-27.200000762939453, 6.400000095367432, 2.200000047683716), (-23.814212799072266, 3.0142135620117188, 2.200000047683716), (-23.617523193359375, 3.186706781387329, 2.200000047683716), (-23.399999618530273, -0.13205081224441528, 2.200000047683716), (-23.617523193359375, 0.013293319381773472, 2.200000047683716), (-27.200000762939453, -3.200000047683716, 2.200000047683716), (-17.600000381469727, -7.199999809265137, 2.200000047683716), (1.7857863903045654, -24.98578643798828, 2.200000047683716), (1.9824771881103516, -24.81329345703125, 2.200000047683716), (2.200000047683716, -28.132051467895508, 2.200000047683716), (1.9824771881103516, -27.986705780029297, 2.200000047683716), (-17.600000381469727, -20.799999237060547, 2.200000047683716), (6.400000095367432, 31.200000762939453, 2.200000047683716), (4.382477283477783, 27.986705780029297, 2.200000047683716), (4.599999904632568, 28.132051467895508, 2.200000047683716), (4.8346333503723145, 24.5522403717041, 2.200000047683716), (4.599999904632568, 24.667949676513672, 2.200000047683716), (-16.799999237060547, 19.200000762939453, 2.200000047683716), (-27.200000762939453, 6.400000095367432, 2.200000047683716), (-23.617523193359375, 3.186706781387329, 2.200000047683716), (-23.399999618530273, 3.3320508003234863, 2.200000047683716), (-23.165367126464844, -0.24775905907154083, 2.200000047683716), (-23.399999618530273, -0.13205081224441528, 2.200000047683716), (-27.200000762939453, -3.200000047683716, 2.200000047683716), (-17.600000381469727, -7.199999809265137, 2.200000047683716), (1.9824771881103516, -24.81329345703125, 2.200000047683716), (2.200000047683716, -24.667949676513672, 2.200000047683716), (2.4346330165863037, -28.247758865356445, 2.200000047683716), (2.200000047683716, -28.132051467895508, 2.200000047683716), (-17.600000381469727, -20.799999237060547, 2.200000047683716), (6.400000095367432, 31.200000762939453, 2.200000047683716), (4.599999904632568, 28.132051467895508, 2.200000047683716), (4.8346333503723145, 28.247758865356445, 2.200000047683716), (5.082361698150635, 24.468149185180664, 2.200000047683716), (4.8346333503723145, 24.5522403717041, 2.200000047683716), (-16.799999237060547, 19.200000762939453, 2.200000047683716), (-27.200000762939453, 6.400000095367432, 2.200000047683716), (-23.399999618530273, 3.3320508003234863, 2.200000047683716), (-23.165367126464844, 3.4477591514587402, 2.200000047683716), (-22.917638778686523, -0.33185166120529175, 2.200000047683716), (-23.165367126464844, -0.24775905907154083, 2.200000047683716), (-27.200000762939453, -3.200000047683716, 2.200000047683716), (-17.600000381469727, -7.199999809265137, 2.200000047683716), (2.200000047683716, -24.667949676513672, 2.200000047683716), (2.4346330165863037, -24.5522403717041, 2.200000047683716), (2.4346330165863037, -28.247758865356445, 2.200000047683716), (-17.600000381469727, -20.799999237060547, 2.200000047683716), (4, -31.200000762939453, 2.200000047683716), (6.400000095367432, 31.200000762939453, 2.200000047683716), (4.8346333503723145, 28.247758865356445, 2.200000047683716), (5.082361698150635, 28.331851959228516, 2.200000047683716), (5.338947772979736, 24.417110443115234, 2.200000047683716), (5.082361698150635, 24.468149185180664, 2.200000047683716), (-16.799999237060547, 19.200000762939453, 2.200000047683716), (-16.799999237060547, 6.400000095367432, 2.200000047683716), (-27.200000762939453, 6.400000095367432, 2.200000047683716), (-23.165367126464844, 3.4477591514587402, 2.200000047683716), (-22.661052703857422, -0.3828897178173065, 2.200000047683716), (-22.917638778686523, -0.33185166120529175, 2.200000047683716), (-27.200000762939453, -3.200000047683716, 2.200000047683716), (-17.600000381469727, -7.199999809265137, 2.200000047683716), (2.4346330165863037, -24.5522403717041, 2.200000047683716), (2.6823618412017822, -24.468149185180664, 2.200000047683716), (2.6823618412017822, -28.331851959228516, 2.200000047683716), (2.4346330165863037, -28.247758865356445, 2.200000047683716), (4, -31.200000762939453, 2.200000047683716), (6.400000095367432, 31.200000762939453, 2.200000047683716), (5.082361698150635, 28.331851959228516, 2.200000047683716), (5.338947772979736, 28.382888793945312, 2.200000047683716), (5.599999904632568, 24.399999618530273, 2.200000047683716), (5.338947772979736, 24.417110443115234, 2.200000047683716), (-16.799999237060547, 19.200000762939453, 2.200000047683716), (-16.799999237060547, 6.400000095367432, 2.200000047683716), (-23.165367126464844, 3.4477591514587402, 2.200000047683716), (-22.917638778686523, 3.5318517684936523, 2.200000047683716), (-22.399999618530273, -0.4000000059604645, 2.200000047683716), (-22.661052703857422, -0.3828897178173065, 2.200000047683716), (-27.200000762939453, -3.200000047683716, 2.200000047683716), (-17.600000381469727, -7.199999809265137, 2.200000047683716), (2.6823618412017822, -24.468149185180664, 2.200000047683716), (2.9389476776123047, -24.417110443115234, 2.200000047683716), (2.9389476776123047, -28.382888793945312, 2.200000047683716), (2.6823618412017822, -28.331851959228516, 2.200000047683716), (4, -31.200000762939453, 2.200000047683716), (6.400000095367432, 31.200000762939453, 2.200000047683716), (5.338947772979736, 28.382888793945312, 2.200000047683716), (5.599999904632568, 28.399999618530273, 2.200000047683716), (5.861052513122559, 24.417110443115234, 2.200000047683716), (5.599999904632568, 24.399999618530273, 2.200000047683716), (-16.799999237060547, 19.200000762939453, 2.200000047683716), (-16.799999237060547, 6.400000095367432, 2.200000047683716), (-22.917638778686523, 3.5318517684936523, 2.200000047683716), (-22.661052703857422, 3.5828897953033447, 2.200000047683716), (-22.138948440551758, -0.3828897178173065, 2.200000047683716), (-22.399999618530273, -0.4000000059604645, 2.200000047683716), (-27.200000762939453, -3.200000047683716, 2.200000047683716), (-17.600000381469727, -7.199999809265137, 2.200000047683716), (2.9389476776123047, -24.417110443115234, 2.200000047683716), (3.200000047683716, -24.399999618530273, 2.200000047683716), (3.200000047683716, -28.399999618530273, 2.200000047683716), (2.9389476776123047, -28.382888793945312, 2.200000047683716), (4, -31.200000762939453, 2.200000047683716), (6.400000095367432, 31.200000762939453, 2.200000047683716), (5.599999904632568, 28.399999618530273, 2.200000047683716), (5.861052513122559, 28.382888793945312, 2.200000047683716), (6.117638111114502, 24.468149185180664, 2.200000047683716), (5.861052513122559, 24.417110443115234, 2.200000047683716), (-16.799999237060547, 19.200000762939453, 2.200000047683716), (-16.799999237060547, 6.400000095367432, 2.200000047683716), (-22.661052703857422, 3.5828897953033447, 2.200000047683716), (-22.399999618530273, 3.5999999046325684, 2.200000047683716), (-21.882362365722656, -0.33185166120529175, 2.200000047683716), (-22.138948440551758, -0.3828897178173065, 2.200000047683716), (-27.200000762939453, -3.200000047683716, 2.200000047683716), (-17.600000381469727, -7.199999809265137, 2.200000047683716), (3.200000047683716, -24.399999618530273, 2.200000047683716), (3.461052417755127, -24.417110443115234, 2.200000047683716), (3.461052417755127, -28.382888793945312, 2.200000047683716), (3.200000047683716, -28.399999618530273, 2.200000047683716), (4, -31.200000762939453, 2.200000047683716), (6.400000095367432, 31.200000762939453, 2.200000047683716), (5.861052513122559, 28.382888793945312, 2.200000047683716), (6.117638111114502, 28.331851959228516, 2.200000047683716), (6.117638111114502, 24.468149185180664, 2.200000047683716), (-16.799999237060547, 19.200000762939453, 2.200000047683716), (-16.799999237060547, 6.400000095367432, 2.200000047683716), (-16.799999237060547, 6.400000095367432, 2.200000047683716), (-22.399999618530273, 3.5999999046325684, 2.200000047683716), (-22.138948440551758, 3.5828897953033447, 2.200000047683716), (-21.634634017944336, -0.24775905907154083, 2.200000047683716), (-21.882362365722656, -0.33185166120529175, 2.200000047683716), (-27.200000762939453, -3.200000047683716, 2.200000047683716), (-17.600000381469727, -7.199999809265137, 2.200000047683716), (3.461052417755127, -24.417110443115234, 2.200000047683716), (3.7176380157470703, -24.468149185180664, 2.200000047683716), (3.7176380157470703, -28.331851959228516, 2.200000047683716), (3.461052417755127, -28.382888793945312, 2.200000047683716), (4, -31.200000762939453, 2.200000047683716), (6.400000095367432, 31.200000762939453, 2.200000047683716), (6.117638111114502, 28.331851959228516, 2.200000047683716), (6.3653669357299805, 28.247758865356445, 2.200000047683716), (6.3653669357299805, 24.5522403717041, 2.200000047683716), (6.117638111114502, 24.468149185180664, 2.200000047683716), (-16.799999237060547, 6.400000095367432, 2.200000047683716), (-16.799999237060547, 6.400000095367432, 2.200000047683716), (-22.138948440551758, 3.5828897953033447, 2.200000047683716), (-21.882362365722656, 3.5318517684936523, 2.200000047683716), (-21.399999618530273, -0.13205081224441528, 2.200000047683716), (-21.634634017944336, -0.24775905907154083, 2.200000047683716), (-27.200000762939453, -3.200000047683716, 2.200000047683716), (-17.600000381469727, -7.199999809265137, 2.200000047683716), (3.7176380157470703, -24.468149185180664, 2.200000047683716), (3.965366840362549, -24.5522403717041, 2.200000047683716), (3.965366840362549, -28.247758865356445, 2.200000047683716), (3.7176380157470703, -28.331851959228516, 2.200000047683716), (4, -31.200000762939453, 2.200000047683716), (6.400000095367432, 31.200000762939453, 2.200000047683716), (6.3653669357299805, 28.247758865356445, 2.200000047683716), (6.599999904632568, 28.132051467895508, 2.200000047683716), (6.599999904632568, 24.667949676513672, 2.200000047683716), (6.3653669357299805, 24.5522403717041, 2.200000047683716), (-16.799999237060547, 6.400000095367432, 2.200000047683716), (-16.799999237060547, 6.400000095367432, 2.200000047683716), (-21.882362365722656, 3.5318517684936523, 2.200000047683716), (-21.634634017944336, 3.4477591514587402, 2.200000047683716), (-21.399999618530273, -0.13205081224441528, 2.200000047683716), (-27.200000762939453, -3.200000047683716, 2.200000047683716), (-17.600000381469727, -7.199999809265137, 2.200000047683716), (-17.600000381469727, -7.199999809265137, 2.200000047683716), (3.965366840362549, -24.5522403717041, 2.200000047683716), (4.199999809265137, -24.667949676513672, 2.200000047683716), (4.199999809265137, -28.132051467895508, 2.200000047683716), (3.965366840362549, -28.247758865356445, 2.200000047683716), (4, -31.200000762939453, 2.200000047683716), (22.399999618530273, 19.200000762939453, 2.200000047683716), (6.400000095367432, 31.200000762939453, 2.200000047683716), (6.599999904632568, 28.132051467895508, 2.200000047683716), (6.817523002624512, 24.81329345703125, 2.200000047683716), (6.599999904632568, 24.667949676513672, 2.200000047683716), (-16.799999237060547, 6.400000095367432, 2.200000047683716), (-16.799999237060547, 6.400000095367432, 2.200000047683716), (-21.634634017944336, 3.4477591514587402, 2.200000047683716), (-21.399999618530273, 3.3320508003234863, 2.200000047683716), (-21.182477951049805, 0.013293319381773472, 2.200000047683716), (-21.399999618530273, -0.13205081224441528, 2.200000047683716), (-17.600000381469727, -7.199999809265137, 2.200000047683716), (-17.600000381469727, -7.199999809265137, 2.200000047683716), (4.199999809265137, -24.667949676513672, 2.200000047683716), (4.41752290725708, -24.81329345703125, 2.200000047683716), (4.41752290725708, -27.986705780029297, 2.200000047683716), (4.199999809265137, -28.132051467895508, 2.200000047683716), (4, -31.200000762939453, 2.200000047683716), (22.399999618530273, 19.200000762939453, 2.200000047683716), (6.599999904632568, 28.132051467895508, 2.200000047683716), (6.817523002624512, 27.986705780029297, 2.200000047683716), (-16.799999237060547, 6.400000095367432, 2.200000047683716), (-21.399999618530273, 3.3320508003234863, 2.200000047683716), (-21.182477951049805, 3.186706781387329, 2.200000047683716), (-20.98578643798828, 0.1857864409685135, 2.200000047683716), (-21.182477951049805, 0.013293319381773472, 2.200000047683716), (-17.600000381469727, -7.199999809265137, 2.200000047683716), (4.614213466644287, -27.814212799072266, 2.200000047683716), (4.41752290725708, -27.986705780029297, 2.200000047683716), (4, -31.200000762939453, 2.200000047683716), (22.399999618530273, 19.200000762939453, 2.200000047683716), (6.817523002624512, 27.986705780029297, 2.200000047683716), (7.014213562011719, 27.814212799072266, 2.200000047683716), (-16.799999237060547, 6.400000095367432, 2.200000047683716), (-21.182477951049805, 3.186706781387329, 2.200000047683716), (-20.98578643798828, 3.0142135620117188, 2.200000047683716), (-20.81329345703125, 0.38247713446617126, 2.200000047683716), (-20.98578643798828, 0.1857864409685135, 2.200000047683716), (-17.600000381469727, -7.199999809265137, 2.200000047683716), (4.786706447601318, -27.617523193359375, 2.200000047683716), (4.614213466644287, -27.814212799072266, 2.200000047683716), (4, -31.200000762939453, 2.200000047683716), (22.399999618530273, 19.200000762939453, 2.200000047683716), (7.014213562011719, 27.814212799072266, 2.200000047683716), (7.18670654296875, 27.617523193359375, 2.200000047683716), (6.817523002624512, 24.81329345703125, 2.200000047683716), (-16.799999237060547, 6.400000095367432, 2.200000047683716), (-20.98578643798828, 3.0142135620117188, 2.200000047683716), (-20.667949676513672, 0.6000000238418579, 2.200000047683716), (-20.81329345703125, 0.38247713446617126, 2.200000047683716), (-17.600000381469727, -7.199999809265137, 2.200000047683716), (4.932050704956055, -27.399999618530273, 2.200000047683716), (4.786706447601318, -27.617523193359375, 2.200000047683716), (4, -31.200000762939453, 2.200000047683716), (22.399999618530273, 19.200000762939453, 2.200000047683716), (7.18670654296875, 27.617523193359375, 2.200000047683716), (7.332050800323486, 27.399999618530273, 2.200000047683716), (6.817523002624512, 24.81329345703125, 2.200000047683716), (-20.98578643798828, 3.0142135620117188, 2.200000047683716), (-20.81329345703125, 2.8175227642059326, 2.200000047683716), (-20.5522403717041, 0.8346331119537354, 2.200000047683716), (-20.667949676513672, 0.6000000238418579, 2.200000047683716), (-17.600000381469727, -7.199999809265137, 2.200000047683716), (5.047759056091309, -27.165367126464844, 2.200000047683716), (4.932050704956055, -27.399999618530273, 2.200000047683716), (4, -31.200000762939453, 2.200000047683716), (22.399999618530273, 19.200000762939453, 2.200000047683716), (7.332050800323486, 27.399999618530273, 2.200000047683716), (7.44775915145874, 27.165367126464844, 2.200000047683716), (6.817523002624512, 24.81329345703125, 2.200000047683716), (-20.81329345703125, 2.8175227642059326, 2.200000047683716), (-20.667949676513672, 2.5999999046325684, 2.200000047683716), (-20.468149185180664, 1.0823619365692139, 2.200000047683716), (-20.5522403717041, 0.8346331119537354, 2.200000047683716), (-17.600000381469727, -7.199999809265137, 2.200000047683716), (5.131851673126221, -26.917638778686523, 2.200000047683716), (5.047759056091309, -27.165367126464844, 2.200000047683716), (4, -31.200000762939453, 2.200000047683716), (22.399999618530273, 19.200000762939453, 2.200000047683716), (7.44775915145874, 27.165367126464844, 2.200000047683716), (7.531851768493652, 26.917638778686523, 2.200000047683716), (6.817523002624512, 24.81329345703125, 2.200000047683716), (-20.667949676513672, 2.5999999046325684, 2.200000047683716), (-20.5522403717041, 2.3653669357299805, 2.200000047683716), (-20.417110443115234, 1.3389476537704468, 2.200000047683716), (-20.468149185180664, 1.0823619365692139, 2.200000047683716), (-17.600000381469727, -7.199999809265137, 2.200000047683716), (5.131851673126221, -26.917638778686523, 2.200000047683716), (4, -31.200000762939453, 2.200000047683716), (22.399999618530273, 19.200000762939453, 2.200000047683716), (22.399999618530273, 19.200000762939453, 2.200000047683716), (7.531851768493652, 26.917638778686523, 2.200000047683716), (7.582889556884766, 26.661052703857422, 2.200000047683716), (6.817523002624512, 24.81329345703125, 2.200000047683716), (-20.5522403717041, 2.3653669357299805, 2.200000047683716), (-20.468149185180664, 2.117638111114502, 2.200000047683716), (-20.399999618530273, 1.600000023841858, 2.200000047683716), (-20.417110443115234, 1.3389476537704468, 2.200000047683716), (-17.600000381469727, -7.199999809265137, 2.200000047683716), (5.182889938354492, -26.661052703857422, 2.200000047683716), (5.131851673126221, -26.917638778686523, 2.200000047683716), (22.399999618530273, 19.200000762939453, 2.200000047683716), (22.399999618530273, 19.200000762939453, 2.200000047683716), (7.582889556884766, 26.661052703857422, 2.200000047683716), (7.599999904632568, 26.399999618530273, 2.200000047683716), (6.817523002624512, 24.81329345703125, 2.200000047683716), (-20.468149185180664, 2.117638111114502, 2.200000047683716), (-20.417110443115234, 1.861052393913269, 2.200000047683716), (-20.417110443115234, 1.861052393913269, 2.200000047683716), (-20.399999618530273, 1.600000023841858, 2.200000047683716), (-17.600000381469727, -7.199999809265137, 2.200000047683716), (5.199999809265137, -26.399999618530273, 2.200000047683716), (5.182889938354492, -26.661052703857422, 2.200000047683716), (22.399999618530273, 19.200000762939453, 2.200000047683716), (22.399999618530273, 19.200000762939453, 2.200000047683716), (7.599999904632568, 26.399999618530273, 2.200000047683716), (7.582889556884766, 26.138948440551758, 2.200000047683716), (6.817523002624512, 24.81329345703125, 2.200000047683716), (-20.417110443115234, 1.861052393913269, 2.200000047683716), (-17.600000381469727, -7.199999809265137, 2.200000047683716), (5.182889938354492, -26.138948440551758, 2.200000047683716), (5.199999809265137, -26.399999618530273, 2.200000047683716), (22.399999618530273, 19.200000762939453, 2.200000047683716), (22.399999618530273, 19.200000762939453, 2.200000047683716), (7.582889556884766, 26.138948440551758, 2.200000047683716), (7.531851768493652, 25.882362365722656, 2.200000047683716), (7.014213562011719, 24.98578643798828, 2.200000047683716), (6.817523002624512, 24.81329345703125, 2.200000047683716), (-17.600000381469727, -7.199999809265137, 2.200000047683716), (5.131851673126221, -25.882362365722656, 2.200000047683716), (5.182889938354492, -26.138948440551758, 2.200000047683716), (22.399999618530273, 19.200000762939453, 2.200000047683716), (22.399999618530273, 19.200000762939453, 2.200000047683716), (7.531851768493652, 25.882362365722656, 2.200000047683716), (7.44775915145874, 25.634634017944336, 2.200000047683716), (7.18670654296875, 25.182477951049805, 2.200000047683716), (7.014213562011719, 24.98578643798828, 2.200000047683716), (-17.600000381469727, -7.199999809265137, 2.200000047683716), (5.047759056091309, -25.634634017944336, 2.200000047683716), (5.131851673126221, -25.882362365722656, 2.200000047683716), (22.399999618530273, 19.200000762939453, 2.200000047683716), (22.399999618530273, 19.200000762939453, 2.200000047683716), (7.44775915145874, 25.634634017944336, 2.200000047683716), (7.332050800323486, 25.399999618530273, 2.200000047683716), (7.18670654296875, 25.182477951049805, 2.200000047683716), (-17.600000381469727, -7.199999809265137, 2.200000047683716), (4.41752290725708, -24.81329345703125, 2.200000047683716), (4.932050704956055, -25.399999618530273, 2.200000047683716), (5.047759056091309, -25.634634017944336, 2.200000047683716), (22.399999618530273, 19.200000762939453, 2.200000047683716), (22.399999618530273, 19.200000762939453, 2.200000047683716), (7.332050800323486, 25.399999618530273, 2.200000047683716), (7.18670654296875, 25.182477951049805, 2.200000047683716), (7.18670654296875, 25.182477951049805, 2.200000047683716), (4.41752290725708, -24.81329345703125, 2.200000047683716), (4.614213466644287, -24.98578643798828, 2.200000047683716), (4.786706447601318, -25.182477951049805, 2.200000047683716), (4.932050704956055, -25.399999618530273, 2.200000047683716), (22.399999618530273, 19.200000762939453, 2.200000047683716), (22.399999618530273, 19.200000762939453, 2.200000047683716), (7.18670654296875, 25.182477951049805, 2.200000047683716), (4.614213466644287, -24.98578643798828, 2.200000047683716), (4.614213466644287, -24.98578643798828, 2.200000047683716), (4.786706447601318, -25.182477951049805, 2.200000047683716), (22.399999618530273, 19.200000762939453, 2.200000047683716), (22.399999618530273, -19.200000762939453, -0.20000000298023224), (22.399999618530273, 19.200000762939453, -0.20000000298023224), (22.5767765045166, -19.295759201049805, -0.1414213627576828), (22.399999618530273, 19.200000762939453, -0.20000000298023224), (22.5767765045166, 19.288389205932617, -0.1414213627576828), (22.5767765045166, -19.295759201049805, -0.1414213627576828), (22.5767765045166, -19.295759201049805, -0.1414213627576828), (22.5767765045166, 19.288389205932617, -0.1414213627576828), (22.649999618530273, -19.335424423217773, 0), (22.5767765045166, 19.288389205932617, -0.1414213627576828), (22.649999618530273, 19.325000762939453, 0), (22.649999618530273, -19.335424423217773, 0), (22.649999618530273, -19.335424423217773, 0), (22.649999618530273, 19.325000762939453, 0), (22.649999618530273, -19.335424423217773, 2), (22.649999618530273, 19.325000762939453, 0), (22.649999618530273, 19.325000762939453, 2), (22.649999618530273, -19.335424423217773, 2), (22.649999618530273, -19.335424423217773, 2), (22.649999618530273, 19.325000762939453, 2), (22.5767765045166, -19.295759201049805, 2.141421318054199), (22.649999618530273, 19.325000762939453, 2), (22.5767765045166, 19.288389205932617, 2.141421318054199), (22.5767765045166, -19.295759201049805, 2.141421318054199), (22.5767765045166, -19.295759201049805, 2.141421318054199), (22.5767765045166, 19.288389205932617, 2.141421318054199), (22.399999618530273, -19.200000762939453, 2.200000047683716), (22.5767765045166, 19.288389205932617, 2.141421318054199), (22.399999618530273, 19.200000762939453, 2.200000047683716), (22.399999618530273, -19.200000762939453, 2.200000047683716), (22.399999618530273, 19.200000762939453, -0.20000000298023224), (6.400000095367432, 31.200000762939453, -0.20000000298023224), (22.5767765045166, 19.288389205932617, -0.1414213627576828), (6.400000095367432, 31.200000762939453, -0.20000000298023224), (6.417318344116211, 31.407981872558594, -0.1414213627576828), (22.5767765045166, 19.288389205932617, -0.1414213627576828), (22.5767765045166, 19.288389205932617, -0.1414213627576828), (6.417318344116211, 31.407981872558594, -0.1414213627576828), (22.649999618530273, 19.325000762939453, 0), (6.417318344116211, 31.407981872558594, -0.1414213627576828), (6.424492359161377, 31.494131088256836, 0), (22.649999618530273, 19.325000762939453, 0), (22.649999618530273, 19.325000762939453, 0), (6.424492359161377, 31.494131088256836, 0), (22.649999618530273, 19.325000762939453, 2), (6.424492359161377, 31.494131088256836, 0), (6.424492359161377, 31.494131088256836, 2), (22.649999618530273, 19.325000762939453, 2), (22.649999618530273, 19.325000762939453, 2), (6.424492359161377, 31.494131088256836, 2), (22.5767765045166, 19.288389205932617, 2.141421318054199), (6.424492359161377, 31.494131088256836, 2), (6.417318344116211, 31.407981872558594, 2.141421318054199), (22.5767765045166, 19.288389205932617, 2.141421318054199), (22.5767765045166, 19.288389205932617, 2.141421318054199), (6.417318344116211, 31.407981872558594, 2.141421318054199), (22.399999618530273, 19.200000762939453, 2.200000047683716), (6.417318344116211, 31.407981872558594, 2.141421318054199), (6.400000095367432, 31.200000762939453, 2.200000047683716), (22.399999618530273, 19.200000762939453, 2.200000047683716), (6.400000095367432, 31.200000762939453, -0.20000000298023224), (-16.799999237060547, 19.200000762939453, -0.20000000298023224), (6.417318344116211, 31.407981872558594, -0.1414213627576828), (-16.799999237060547, 19.200000762939453, -0.20000000298023224), (-16.976776123046875, 19.307588577270508, -0.1414213627576828), (6.417318344116211, 31.407981872558594, -0.1414213627576828), (6.417318344116211, 31.407981872558594, -0.1414213627576828), (-16.976776123046875, 19.307588577270508, -0.1414213627576828), (6.424492359161377, 31.494131088256836, 0), (-16.976776123046875, 19.307588577270508, -0.1414213627576828), (-17.049999237060547, 19.35215187072754, 0), (6.424492359161377, 31.494131088256836, 0), (6.424492359161377, 31.494131088256836, 0), (-17.049999237060547, 19.35215187072754, 0), (6.424492359161377, 31.494131088256836, 2), (-17.049999237060547, 19.35215187072754, 0), (-17.049999237060547, 19.35215187072754, 2), (6.424492359161377, 31.494131088256836, 2), (6.424492359161377, 31.494131088256836, 2), (-17.049999237060547, 19.35215187072754, 2), (6.417318344116211, 31.407981872558594, 2.141421318054199), (-17.049999237060547, 19.35215187072754, 2), (-16.976776123046875, 19.307588577270508, 2.141421318054199), (6.417318344116211, 31.407981872558594, 2.141421318054199), (6.417318344116211, 31.407981872558594, 2.141421318054199), (-16.976776123046875, 19.307588577270508, 2.141421318054199), (6.400000095367432, 31.200000762939453, 2.200000047683716), (-16.976776123046875, 19.307588577270508, 2.141421318054199), (-16.799999237060547, 19.200000762939453, 2.200000047683716), (6.400000095367432, 31.200000762939453, 2.200000047683716), (-16.799999237060547, 19.200000762939453, -0.20000000298023224), (-16.799999237060547, 6.400000095367432, -0.20000000298023224), (-16.976776123046875, 19.307588577270508, -0.1414213627576828), (-16.799999237060547, 6.400000095367432, -0.20000000298023224), (-16.976776123046875, 6.576776504516602, -0.1414213627576828), (-16.976776123046875, 19.307588577270508, -0.1414213627576828), (-16.976776123046875, 19.307588577270508, -0.1414213627576828), (-16.976776123046875, 6.576776504516602, -0.1414213627576828), (-17.049999237060547, 19.35215187072754, 0), (-16.976776123046875, 6.576776504516602, -0.1414213627576828), (-17.049999237060547, 6.650000095367432, 0), (-17.049999237060547, 19.35215187072754, 0), (-17.049999237060547, 19.35215187072754, 0), (-17.049999237060547, 6.650000095367432, 0), (-17.049999237060547, 19.35215187072754, 2), (-17.049999237060547, 6.650000095367432, 0), (-17.049999237060547, 6.650000095367432, 2), (-17.049999237060547, 19.35215187072754, 2), (-17.049999237060547, 19.35215187072754, 2), (-17.049999237060547, 6.650000095367432, 2), (-16.976776123046875, 19.307588577270508, 2.141421318054199), (-17.049999237060547, 6.650000095367432, 2), (-16.976776123046875, 6.576776504516602, 2.141421318054199), (-16.976776123046875, 19.307588577270508, 2.141421318054199), (-16.976776123046875, 19.307588577270508, 2.141421318054199), (-16.976776123046875, 6.576776504516602, 2.141421318054199), (-16.799999237060547, 19.200000762939453, 2.200000047683716), (-16.976776123046875, 6.576776504516602, 2.141421318054199), (-16.799999237060547, 6.400000095367432, 2.200000047683716), (-16.799999237060547, 19.200000762939453, 2.200000047683716), (-16.799999237060547, 6.400000095367432, -0.20000000298023224), (-27.200000762939453, 6.400000095367432, -0.20000000298023224), (-16.976776123046875, 6.576776504516602, -0.1414213627576828), (-27.200000762939453, 6.400000095367432, -0.20000000298023224), (-27.37677764892578, 6.576776504516602, -0.1414213627576828), (-16.976776123046875, 6.576776504516602, -0.1414213627576828), (-16.976776123046875, 6.576776504516602, -0.1414213627576828), (-27.37677764892578, 6.576776504516602, -0.1414213627576828), (-17.049999237060547, 6.650000095367432, 0), (-27.37677764892578, 6.576776504516602, -0.1414213627576828), (-27.450000762939453, 6.650000095367432, 0), (-17.049999237060547, 6.650000095367432, 0), (-17.049999237060547, 6.650000095367432, 0), (-27.450000762939453, 6.650000095367432, 0), (-17.049999237060547, 6.650000095367432, 2), (-27.450000762939453, 6.650000095367432, 0), (-27.450000762939453, 6.650000095367432, 2), (-17.049999237060547, 6.650000095367432, 2), (-17.049999237060547, 6.650000095367432, 2), (-27.450000762939453, 6.650000095367432, 2), (-16.976776123046875, 6.576776504516602, 2.141421318054199), (-27.450000762939453, 6.650000095367432, 2), (-27.37677764892578, 6.576776504516602, 2.141421318054199), (-16.976776123046875, 6.576776504516602, 2.141421318054199), (-16.976776123046875, 6.576776504516602, 2.141421318054199), (-27.37677764892578, 6.576776504516602, 2.141421318054199), (-16.799999237060547, 6.400000095367432, 2.200000047683716), (-27.37677764892578, 6.576776504516602, 2.141421318054199), (-27.200000762939453, 6.400000095367432, 2.200000047683716), (-16.799999237060547, 6.400000095367432, 2.200000047683716), (-27.200000762939453, 6.400000095367432, -0.20000000298023224), (-27.200000762939453, -3.200000047683716, -0.20000000298023224), (-27.37677764892578, 6.576776504516602, -0.1414213627576828), (-27.200000762939453, -3.200000047683716, -0.20000000298023224), (-27.37677764892578, -3.3178510665893555, -0.1414213627576828), (-27.37677764892578, 6.576776504516602, -0.1414213627576828), (-27.37677764892578, 6.576776504516602, -0.1414213627576828), (-27.37677764892578, -3.3178510665893555, -0.1414213627576828), (-27.450000762939453, 6.650000095367432, 0), (-27.37677764892578, -3.3178510665893555, -0.1414213627576828), (-27.450000762939453, -3.366666555404663, 0), (-27.450000762939453, 6.650000095367432, 0), (-27.450000762939453, 6.650000095367432, 0), (-27.450000762939453, -3.366666555404663, 0), (-27.450000762939453, 6.650000095367432, 2), (-27.450000762939453, -3.366666555404663, 0), (-27.450000762939453, -3.366666555404663, 2), (-27.450000762939453, 6.650000095367432, 2), (-27.450000762939453, 6.650000095367432, 2), (-27.450000762939453, -3.366666555404663, 2), (-27.37677764892578, 6.576776504516602, 2.141421318054199), (-27.450000762939453, -3.366666555404663, 2), (-27.37677764892578, -3.3178510665893555, 2.141421318054199), (-27.37677764892578, 6.576776504516602, 2.141421318054199), (-27.37677764892578, 6.576776504516602, 2.141421318054199), (-27.37677764892578, -3.3178510665893555, 2.141421318054199), (-27.200000762939453, 6.400000095367432, 2.200000047683716), (-27.37677764892578, -3.3178510665893555, 2.141421318054199), (-27.200000762939453, -3.200000047683716, 2.200000047683716), (-27.200000762939453, 6.400000095367432, 2.200000047683716), (-27.200000762939453, -3.200000047683716, -0.20000000298023224), (-17.600000381469727, -7.199999809265137, -0.20000000298023224), (-27.37677764892578, -3.3178510665893555, -0.1414213627576828), (-17.600000381469727, -7.199999809265137, -0.20000000298023224), (-17.776777267456055, -7.3178510665893555, -0.1414213627576828), (-27.37677764892578, -3.3178510665893555, -0.1414213627576828), (-27.37677764892578, -3.3178510665893555, -0.1414213627576828), (-17.776777267456055, -7.3178510665893555, -0.1414213627576828), (-27.450000762939453, -3.366666555404663, 0), (-17.776777267456055, -7.3178510665893555, -0.1414213627576828), (-17.850000381469727, -7.366666793823242, 0), (-27.450000762939453, -3.366666555404663, 0), (-27.450000762939453, -3.366666555404663, 0), (-17.850000381469727, -7.366666793823242, 0), (-27.450000762939453, -3.366666555404663, 2), (-17.850000381469727, -7.366666793823242, 0), (-17.850000381469727, -7.366666793823242, 2), (-27.450000762939453, -3.366666555404663, 2), (-27.450000762939453, -3.366666555404663, 2), (-17.850000381469727, -7.366666793823242, 2), (-27.37677764892578, -3.3178510665893555, 2.141421318054199), (-17.850000381469727, -7.366666793823242, 2), (-17.776777267456055, -7.3178510665893555, 2.141421318054199), (-27.37677764892578, -3.3178510665893555, 2.141421318054199), (-27.37677764892578, -3.3178510665893555, 2.141421318054199), (-17.776777267456055, -7.3178510665893555, 2.141421318054199), (-27.200000762939453, -3.200000047683716, 2.200000047683716), (-17.776777267456055, -7.3178510665893555, 2.141421318054199), (-17.600000381469727, -7.199999809265137, 2.200000047683716), (-27.200000762939453, -3.200000047683716, 2.200000047683716), (-17.600000381469727, -7.199999809265137, -0.20000000298023224), (-17.600000381469727, -20.799999237060547, -0.20000000298023224), (-17.776777267456055, -7.3178510665893555, -0.1414213627576828), (-17.600000381469727, -20.799999237060547, -0.20000000298023224), (-17.776777267456055, -20.91108512878418, -0.1414213627576828), (-17.776777267456055, -7.3178510665893555, -0.1414213627576828), (-17.776777267456055, -7.3178510665893555, -0.1414213627576828), (-17.776777267456055, -20.91108512878418, -0.1414213627576828), (-17.850000381469727, -7.366666793823242, 0), (-17.776777267456055, -20.91108512878418, -0.1414213627576828), (-17.850000381469727, -20.95709800720215, 0), (-17.850000381469727, -7.366666793823242, 0), (-17.850000381469727, -7.366666793823242, 0), (-17.850000381469727, -20.95709800720215, 0), (-17.850000381469727, -7.366666793823242, 2), (-17.850000381469727, -20.95709800720215, 0), (-17.850000381469727, -20.95709800720215, 2), (-17.850000381469727, -7.366666793823242, 2), (-17.850000381469727, -7.366666793823242, 2), (-17.850000381469727, -20.95709800720215, 2), (-17.776777267456055, -7.3178510665893555, 2.141421318054199), (-17.850000381469727, -20.95709800720215, 2), (-17.776777267456055, -20.91108512878418, 2.141421318054199), (-17.776777267456055, -7.3178510665893555, 2.141421318054199), (-17.776777267456055, -7.3178510665893555, 2.141421318054199), (-17.776777267456055, -20.91108512878418, 2.141421318054199), (-17.600000381469727, -7.199999809265137, 2.200000047683716), (-17.776777267456055, -20.91108512878418, 2.141421318054199), (-17.600000381469727, -20.799999237060547, 2.200000047683716), (-17.600000381469727, -7.199999809265137, 2.200000047683716), (-17.600000381469727, -20.799999237060547, -0.20000000298023224), (4, -31.200000762939453, -0.20000000298023224), (-17.776777267456055, -20.91108512878418, -0.1414213627576828), (4, -31.200000762939453, -0.20000000298023224), (4.013097763061523, -31.40250587463379, -0.1414213627576828), (-17.776777267456055, -20.91108512878418, -0.1414213627576828), (-17.776777267456055, -20.91108512878418, -0.1414213627576828), (4.013097763061523, -31.40250587463379, -0.1414213627576828), (-17.850000381469727, -20.95709800720215, 0), (4.013097763061523, -31.40250587463379, -0.1414213627576828), (4.018523216247559, -31.486387252807617, 0), (-17.850000381469727, -20.95709800720215, 0), (-17.850000381469727, -20.95709800720215, 0), (4.018523216247559, -31.486387252807617, 0), (-17.850000381469727, -20.95709800720215, 2), (4.018523216247559, -31.486387252807617, 0), (4.018523216247559, -31.486387252807617, 2), (-17.850000381469727, -20.95709800720215, 2), (-17.850000381469727, -20.95709800720215, 2), (4.018523216247559, -31.486387252807617, 2), (-17.776777267456055, -20.91108512878418, 2.141421318054199), (4.018523216247559, -31.486387252807617, 2), (4.013097763061523, -31.40250587463379, 2.141421318054199), (-17.776777267456055, -20.91108512878418, 2.141421318054199), (-17.776777267456055, -20.91108512878418, 2.141421318054199), (4.013097763061523, -31.40250587463379, 2.141421318054199), (-17.600000381469727, -20.799999237060547, 2.200000047683716), (4.013097763061523, -31.40250587463379, 2.141421318054199), (4, -31.200000762939453, 2.200000047683716), (-17.600000381469727, -20.799999237060547, 2.200000047683716), (4, -31.200000762939453, -0.20000000298023224), (22.399999618530273, -19.200000762939453, -0.20000000298023224), (4.013097763061523, -31.40250587463379, -0.1414213627576828), (22.399999618530273, -19.200000762939453, -0.20000000298023224), (22.5767765045166, -19.295759201049805, -0.1414213627576828), (4.013097763061523, -31.40250587463379, -0.1414213627576828), (4.013097763061523, -31.40250587463379, -0.1414213627576828), (22.5767765045166, -19.295759201049805, -0.1414213627576828), (4.018523216247559, -31.486387252807617, 0), (22.5767765045166, -19.295759201049805, -0.1414213627576828), (22.649999618530273, -19.335424423217773, 0), (4.018523216247559, -31.486387252807617, 0), (4.018523216247559, -31.486387252807617, 0), (22.649999618530273, -19.335424423217773, 0), (4.018523216247559, -31.486387252807617, 2), (22.649999618530273, -19.335424423217773, 0), (22.649999618530273, -19.335424423217773, 2), (4.018523216247559, -31.486387252807617, 2), (4.018523216247559, -31.486387252807617, 2), (22.649999618530273, -19.335424423217773, 2), (4.013097763061523, -31.40250587463379, 2.141421318054199), (22.649999618530273, -19.335424423217773, 2), (22.5767765045166, -19.295759201049805, 2.141421318054199), (4.013097763061523, -31.40250587463379, 2.141421318054199), (4.013097763061523, -31.40250587463379, 2.141421318054199), (22.5767765045166, -19.295759201049805, 2.141421318054199), (4, -31.200000762939453, 2.200000047683716), (22.5767765045166, -19.295759201049805, 2.141421318054199), (22.399999618530273, -19.200000762939453, 2.200000047683716), (4, -31.200000762939453, 2.200000047683716), (5.199999809265137, -26.399999618530273, -0.20000000298023224), (5.182889938354492, -26.661052703857422, -0.20000000298023224), (5.022843837738037, -26.399999618530273, -0.1414213627576828), (5.182889938354492, -26.661052703857422, -0.20000000298023224), (5.007249355316162, -26.637928009033203, -0.1414213627576828), (5.022843837738037, -26.399999618530273, -0.1414213627576828), (5.022843837738037, -26.399999618530273, -0.1414213627576828), (5.007249355316162, -26.637928009033203, -0.1414213627576828), (4.949463367462158, -26.399999618530273, 0), (5.007249355316162, -26.637928009033203, -0.1414213627576828), (4.934496879577637, -26.62835121154785, 0), (4.949463367462158, -26.399999618530273, 0), (4.949463367462158, -26.399999618530273, 0), (4.934496879577637, -26.62835121154785, 0), (4.949463367462158, -26.399999618530273, 2), (4.934496879577637, -26.62835121154785, 0), (4.934496879577637, -26.62835121154785, 2), (4.949463367462158, -26.399999618530273, 2), (4.949463367462158, -26.399999618530273, 2), (4.934496879577637, -26.62835121154785, 2), (5.022843837738037, -26.399999618530273, 2.141421318054199), (4.934496879577637, -26.62835121154785, 2), (5.007249355316162, -26.637928009033203, 2.141421318054199), (5.022843837738037, -26.399999618530273, 2.141421318054199), (5.022843837738037, -26.399999618530273, 2.141421318054199), (5.007249355316162, -26.637928009033203, 2.141421318054199), (5.199999809265137, -26.399999618530273, 2.200000047683716), (5.007249355316162, -26.637928009033203, 2.141421318054199), (5.182889938354492, -26.661052703857422, 2.200000047683716), (5.199999809265137, -26.399999618530273, 2.200000047683716), (5.182889938354492, -26.661052703857422, -0.20000000298023224), (5.131851673126221, -26.917638778686523, -0.20000000298023224), (5.007249355316162, -26.637928009033203, -0.1414213627576828), (5.131851673126221, -26.917638778686523, -0.20000000298023224), (4.9607319831848145, -26.87178611755371, -0.1414213627576828), (5.007249355316162, -26.637928009033203, -0.1414213627576828), (5.007249355316162, -26.637928009033203, -0.1414213627576828), (4.9607319831848145, -26.87178611755371, -0.1414213627576828), (4.934496879577637, -26.62835121154785, 0), (4.9607319831848145, -26.87178611755371, -0.1414213627576828), (4.889852046966553, -26.852794647216797, 0), (4.934496879577637, -26.62835121154785, 0), (4.934496879577637, -26.62835121154785, 0), (4.889852046966553, -26.852794647216797, 0), (4.934496879577637, -26.62835121154785, 2), (4.889852046966553, -26.852794647216797, 0), (4.889852046966553, -26.852794647216797, 2), (4.934496879577637, -26.62835121154785, 2), (4.934496879577637, -26.62835121154785, 2), (4.889852046966553, -26.852794647216797, 2), (5.007249355316162, -26.637928009033203, 2.141421318054199), (4.889852046966553, -26.852794647216797, 2), (4.9607319831848145, -26.87178611755371, 2.141421318054199), (5.007249355316162, -26.637928009033203, 2.141421318054199), (5.007249355316162, -26.637928009033203, 2.141421318054199), (4.9607319831848145, -26.87178611755371, 2.141421318054199), (5.182889938354492, -26.661052703857422, 2.200000047683716), (4.9607319831848145, -26.87178611755371, 2.141421318054199), (5.131851673126221, -26.917638778686523, 2.200000047683716), (5.182889938354492, -26.661052703857422, 2.200000047683716), (5.131851673126221, -26.917638778686523, -0.20000000298023224), (5.047759056091309, -27.165367126464844, -0.20000000298023224), (4.9607319831848145, -26.87178611755371, -0.1414213627576828), (5.047759056091309, -27.165367126464844, -0.20000000298023224), (4.884088039398193, -27.097572326660156, -0.1414213627576828), (4.9607319831848145, -26.87178611755371, -0.1414213627576828), (4.9607319831848145, -26.87178611755371, -0.1414213627576828), (4.884088039398193, -27.097572326660156, -0.1414213627576828), (4.889852046966553, -26.852794647216797, 0), (4.884088039398193, -27.097572326660156, -0.1414213627576828), (4.816293716430664, -27.069490432739258, 0), (4.889852046966553, -26.852794647216797, 0), (4.889852046966553, -26.852794647216797, 0), (4.816293716430664, -27.069490432739258, 0), (4.889852046966553, -26.852794647216797, 2), (4.816293716430664, -27.069490432739258, 0), (4.816293716430664, -27.069490432739258, 2), (4.889852046966553, -26.852794647216797, 2), (4.889852046966553, -26.852794647216797, 2), (4.816293716430664, -27.069490432739258, 2), (4.9607319831848145, -26.87178611755371, 2.141421318054199), (4.816293716430664, -27.069490432739258, 2), (4.884088039398193, -27.097572326660156, 2.141421318054199), (4.9607319831848145, -26.87178611755371, 2.141421318054199), (4.9607319831848145, -26.87178611755371, 2.141421318054199), (4.884088039398193, -27.097572326660156, 2.141421318054199), (5.131851673126221, -26.917638778686523, 2.200000047683716), (4.884088039398193, -27.097572326660156, 2.141421318054199), (5.047759056091309, -27.165367126464844, 2.200000047683716), (5.131851673126221, -26.917638778686523, 2.200000047683716), (5.047759056091309, -27.165367126464844, -0.20000000298023224), (4.932050704956055, -27.399999618530273, -0.20000000298023224), (4.884088039398193, -27.097572326660156, -0.1414213627576828), (4.932050704956055, -27.399999618530273, -0.20000000298023224), (4.778629302978516, -27.31142234802246, -0.1414213627576828), (4.884088039398193, -27.097572326660156, -0.1414213627576828), (4.884088039398193, -27.097572326660156, -0.1414213627576828), (4.778629302978516, -27.31142234802246, -0.1414213627576828), (4.816293716430664, -27.069490432739258, 0), (4.778629302978516, -27.31142234802246, -0.1414213627576828), (4.7150797843933105, -27.27473258972168, 0), (4.816293716430664, -27.069490432739258, 0), (4.816293716430664, -27.069490432739258, 0), (4.7150797843933105, -27.27473258972168, 0), (4.816293716430664, -27.069490432739258, 2), (4.7150797843933105, -27.27473258972168, 0), (4.7150797843933105, -27.27473258972168, 2), (4.816293716430664, -27.069490432739258, 2), (4.816293716430664, -27.069490432739258, 2), (4.7150797843933105, -27.27473258972168, 2), (4.884088039398193, -27.097572326660156, 2.141421318054199), (4.7150797843933105, -27.27473258972168, 2), (4.778629302978516, -27.31142234802246, 2.141421318054199), (4.884088039398193, -27.097572326660156, 2.141421318054199), (4.884088039398193, -27.097572326660156, 2.141421318054199), (4.778629302978516, -27.31142234802246, 2.141421318054199), (5.047759056091309, -27.165367126464844, 2.200000047683716), (4.778629302978516, -27.31142234802246, 2.141421318054199), (4.932050704956055, -27.399999618530273, 2.200000047683716), (5.047759056091309, -27.165367126464844, 2.200000047683716), (4.932050704956055, -27.399999618530273, -0.20000000298023224), (4.786706447601318, -27.617523193359375, -0.20000000298023224), (4.778629302978516, -27.31142234802246, -0.1414213627576828), (4.786706447601318, -27.617523193359375, -0.20000000298023224), (4.6461591720581055, -27.50967788696289, -0.1414213627576828), (4.778629302978516, -27.31142234802246, -0.1414213627576828), (4.778629302978516, -27.31142234802246, -0.1414213627576828), (4.6461591720581055, -27.50967788696289, -0.1414213627576828), (4.7150797843933105, -27.27473258972168, 0), (4.6461591720581055, -27.50967788696289, -0.1414213627576828), (4.587942600250244, -27.46500587463379, 0), (4.7150797843933105, -27.27473258972168, 0), (4.7150797843933105, -27.27473258972168, 0), (4.587942600250244, -27.46500587463379, 0), (4.7150797843933105, -27.27473258972168, 2), (4.587942600250244, -27.46500587463379, 0), (4.587942600250244, -27.46500587463379, 2), (4.7150797843933105, -27.27473258972168, 2), (4.7150797843933105, -27.27473258972168, 2), (4.587942600250244, -27.46500587463379, 2), (4.778629302978516, -27.31142234802246, 2.141421318054199), (4.587942600250244, -27.46500587463379, 2), (4.6461591720581055, -27.50967788696289, 2.141421318054199), (4.778629302978516, -27.31142234802246, 2.141421318054199), (4.778629302978516, -27.31142234802246, 2.141421318054199), (4.6461591720581055, -27.50967788696289, 2.141421318054199), (4.932050704956055, -27.399999618530273, 2.200000047683716), (4.6461591720581055, -27.50967788696289, 2.141421318054199), (4.786706447601318, -27.617523193359375, 2.200000047683716), (4.932050704956055, -27.399999618530273, 2.200000047683716), (4.786706447601318, -27.617523193359375, -0.20000000298023224), (4.614213466644287, -27.814212799072266, -0.20000000298023224), (4.6461591720581055, -27.50967788696289, -0.1414213627576828), (4.614213466644287, -27.814212799072266, -0.20000000298023224), (4.488945484161377, -27.688945770263672, -0.1414213627576828), (4.6461591720581055, -27.50967788696289, -0.1414213627576828), (4.6461591720581055, -27.50967788696289, -0.1414213627576828), (4.488945484161377, -27.688945770263672, -0.1414213627576828), (4.587942600250244, -27.46500587463379, 0), (4.488945484161377, -27.688945770263672, -0.1414213627576828), (4.4370574951171875, -27.63705825805664, 0), (4.587942600250244, -27.46500587463379, 0), (4.587942600250244, -27.46500587463379, 0), (4.4370574951171875, -27.63705825805664, 0), (4.587942600250244, -27.46500587463379, 2), (4.4370574951171875, -27.63705825805664, 0), (4.4370574951171875, -27.63705825805664, 2), (4.587942600250244, -27.46500587463379, 2), (4.587942600250244, -27.46500587463379, 2), (4.4370574951171875, -27.63705825805664, 2), (4.6461591720581055, -27.50967788696289, 2.141421318054199), (4.4370574951171875, -27.63705825805664, 2), (4.488945484161377, -27.688945770263672, 2.141421318054199), (4.6461591720581055, -27.50967788696289, 2.141421318054199), (4.6461591720581055, -27.50967788696289, 2.141421318054199), (4.488945484161377, -27.688945770263672, 2.141421318054199), (4.786706447601318, -27.617523193359375, 2.200000047683716), (4.488945484161377, -27.688945770263672, 2.141421318054199), (4.614213466644287, -27.814212799072266, 2.200000047683716), (4.786706447601318, -27.617523193359375, 2.200000047683716), (4.614213466644287, -27.814212799072266, -0.20000000298023224), (4.41752290725708, -27.986705780029297, -0.20000000298023224), (4.488945484161377, -27.688945770263672, -0.1414213627576828), (4.41752290725708, -27.986705780029297, -0.20000000298023224), (4.3096771240234375, -27.846158981323242, -0.1414213627576828), (4.488945484161377, -27.688945770263672, -0.1414213627576828), (4.488945484161377, -27.688945770263672, -0.1414213627576828), (4.3096771240234375, -27.846158981323242, -0.1414213627576828), (4.4370574951171875, -27.63705825805664, 0), (4.3096771240234375, -27.846158981323242, -0.1414213627576828), (4.265006065368652, -27.78794288635254, 0), (4.4370574951171875, -27.63705825805664, 0), (4.4370574951171875, -27.63705825805664, 0), (4.265006065368652, -27.78794288635254, 0), (4.4370574951171875, -27.63705825805664, 2), (4.265006065368652, -27.78794288635254, 0), (4.265006065368652, -27.78794288635254, 2), (4.4370574951171875, -27.63705825805664, 2), (4.4370574951171875, -27.63705825805664, 2), (4.265006065368652, -27.78794288635254, 2), (4.488945484161377, -27.688945770263672, 2.141421318054199), (4.265006065368652, -27.78794288635254, 2), (4.3096771240234375, -27.846158981323242, 2.141421318054199), (4.488945484161377, -27.688945770263672, 2.141421318054199), (4.488945484161377, -27.688945770263672, 2.141421318054199), (4.3096771240234375, -27.846158981323242, 2.141421318054199), (4.614213466644287, -27.814212799072266, 2.200000047683716), (4.3096771240234375, -27.846158981323242, 2.141421318054199), (4.41752290725708, -27.986705780029297, 2.200000047683716), (4.614213466644287, -27.814212799072266, 2.200000047683716), (4.41752290725708, -27.986705780029297, -0.20000000298023224), (4.199999809265137, -28.132051467895508, -0.20000000298023224), (4.3096771240234375, -27.846158981323242, -0.1414213627576828), (4.199999809265137, -28.132051467895508, -0.20000000298023224), (4.111422061920166, -27.97863006591797, -0.1414213627576828), (4.3096771240234375, -27.846158981323242, -0.1414213627576828), (4.3096771240234375, -27.846158981323242, -0.1414213627576828), (4.111422061920166, -27.97863006591797, -0.1414213627576828), (4.265006065368652, -27.78794288635254, 0), (4.111422061920166, -27.97863006591797, -0.1414213627576828), (4.074731826782227, -27.91507911682129, 0), (4.265006065368652, -27.78794288635254, 0), (4.265006065368652, -27.78794288635254, 0), (4.074731826782227, -27.91507911682129, 0), (4.265006065368652, -27.78794288635254, 2), (4.074731826782227, -27.91507911682129, 0), (4.074731826782227, -27.91507911682129, 2), (4.265006065368652, -27.78794288635254, 2), (4.265006065368652, -27.78794288635254, 2), (4.074731826782227, -27.91507911682129, 2), (4.3096771240234375, -27.846158981323242, 2.141421318054199), (4.074731826782227, -27.91507911682129, 2), (4.111422061920166, -27.97863006591797, 2.141421318054199), (4.3096771240234375, -27.846158981323242, 2.141421318054199), (4.3096771240234375, -27.846158981323242, 2.141421318054199), (4.111422061920166, -27.97863006591797, 2.141421318054199), (4.41752290725708, -27.986705780029297, 2.200000047683716), (4.111422061920166, -27.97863006591797, 2.141421318054199), (4.199999809265137, -28.132051467895508, 2.200000047683716), (4.41752290725708, -27.986705780029297, 2.200000047683716), (4.199999809265137, -28.132051467895508, -0.20000000298023224), (3.965366840362549, -28.247758865356445, -0.20000000298023224), (4.111422061920166, -27.97863006591797, -0.1414213627576828), (3.965366840362549, -28.247758865356445, -0.20000000298023224), (3.8975722789764404, -28.084087371826172, -0.1414213627576828), (4.111422061920166, -27.97863006591797, -0.1414213627576828), (4.111422061920166, -27.97863006591797, -0.1414213627576828), (3.8975722789764404, -28.084087371826172, -0.1414213627576828), (4.074731826782227, -27.91507911682129, 0), (3.8975722789764404, -28.084087371826172, -0.1414213627576828), (3.869490623474121, -28.016294479370117, 0), (4.074731826782227, -27.91507911682129, 0), (4.074731826782227, -27.91507911682129, 0), (3.869490623474121, -28.016294479370117, 0), (4.074731826782227, -27.91507911682129, 2), (3.869490623474121, -28.016294479370117, 0), (3.869490623474121, -28.016294479370117, 2), (4.074731826782227, -27.91507911682129, 2), (4.074731826782227, -27.91507911682129, 2), (3.869490623474121, -28.016294479370117, 2), (4.111422061920166, -27.97863006591797, 2.141421318054199), (3.869490623474121, -28.016294479370117, 2), (3.8975722789764404, -28.084087371826172, 2.141421318054199), (4.111422061920166, -27.97863006591797, 2.141421318054199), (4.111422061920166, -27.97863006591797, 2.141421318054199), (3.8975722789764404, -28.084087371826172, 2.141421318054199), (4.199999809265137, -28.132051467895508, 2.200000047683716), (3.8975722789764404, -28.084087371826172, 2.141421318054199), (3.965366840362549, -28.247758865356445, 2.200000047683716), (4.199999809265137, -28.132051467895508, 2.200000047683716), (3.965366840362549, -28.247758865356445, -0.20000000298023224), (3.7176380157470703, -28.331851959228516, -0.20000000298023224), (3.8975722789764404, -28.084087371826172, -0.1414213627576828), (3.7176380157470703, -28.331851959228516, -0.20000000298023224), (3.6717867851257324, -28.16073226928711, -0.1414213627576828), (3.8975722789764404, -28.084087371826172, -0.1414213627576828), (3.8975722789764404, -28.084087371826172, -0.1414213627576828), (3.6717867851257324, -28.16073226928711, -0.1414213627576828), (3.869490623474121, -28.016294479370117, 0), (3.6717867851257324, -28.16073226928711, -0.1414213627576828), (3.652794599533081, -28.08985137939453, 0), (3.869490623474121, -28.016294479370117, 0), (3.869490623474121, -28.016294479370117, 0), (3.652794599533081, -28.08985137939453, 0), (3.869490623474121, -28.016294479370117, 2), (3.652794599533081, -28.08985137939453, 0), (3.652794599533081, -28.08985137939453, 2), (3.869490623474121, -28.016294479370117, 2), (3.869490623474121, -28.016294479370117, 2), (3.652794599533081, -28.08985137939453, 2), (3.8975722789764404, -28.084087371826172, 2.141421318054199), (3.652794599533081, -28.08985137939453, 2), (3.6717867851257324, -28.16073226928711, 2.141421318054199), (3.8975722789764404, -28.084087371826172, 2.141421318054199), (3.8975722789764404, -28.084087371826172, 2.141421318054199), (3.6717867851257324, -28.16073226928711, 2.141421318054199), (3.965366840362549, -28.247758865356445, 2.200000047683716), (3.6717867851257324, -28.16073226928711, 2.141421318054199), (3.7176380157470703, -28.331851959228516, 2.200000047683716), (3.965366840362549, -28.247758865356445, 2.200000047683716), (3.7176380157470703, -28.331851959228516, -0.20000000298023224), (3.461052417755127, -28.382888793945312, -0.20000000298023224), (3.6717867851257324, -28.16073226928711, -0.1414213627576828), (3.461052417755127, -28.382888793945312, -0.20000000298023224), (3.4379289150238037, -28.20724868774414, -0.1414213627576828), (3.6717867851257324, -28.16073226928711, -0.1414213627576828), (3.6717867851257324, -28.16073226928711, -0.1414213627576828), (3.4379289150238037, -28.20724868774414, -0.1414213627576828), (3.652794599533081, -28.08985137939453, 0), (3.4379289150238037, -28.20724868774414, -0.1414213627576828), (3.4283509254455566, -28.134496688842773, 0), (3.652794599533081, -28.08985137939453, 0), (3.652794599533081, -28.08985137939453, 0), (3.4283509254455566, -28.134496688842773, 0), (3.652794599533081, -28.08985137939453, 2), (3.4283509254455566, -28.134496688842773, 0), (3.4283509254455566, -28.134496688842773, 2), (3.652794599533081, -28.08985137939453, 2), (3.652794599533081, -28.08985137939453, 2), (3.4283509254455566, -28.134496688842773, 2), (3.6717867851257324, -28.16073226928711, 2.141421318054199), (3.4283509254455566, -28.134496688842773, 2), (3.4379289150238037, -28.20724868774414, 2.141421318054199), (3.6717867851257324, -28.16073226928711, 2.141421318054199), (3.6717867851257324, -28.16073226928711, 2.141421318054199), (3.4379289150238037, -28.20724868774414, 2.141421318054199), (3.7176380157470703, -28.331851959228516, 2.200000047683716), (3.4379289150238037, -28.20724868774414, 2.141421318054199), (3.461052417755127, -28.382888793945312, 2.200000047683716), (3.7176380157470703, -28.331851959228516, 2.200000047683716), (3.461052417755127, -28.382888793945312, -0.20000000298023224), (3.200000047683716, -28.399999618530273, -0.20000000298023224), (3.4379289150238037, -28.20724868774414, -0.1414213627576828), (3.200000047683716, -28.399999618530273, -0.20000000298023224), (3.200000047683716, -28.222843170166016, -0.1414213627576828), (3.4379289150238037, -28.20724868774414, -0.1414213627576828), (3.4379289150238037, -28.20724868774414, -0.1414213627576828), (3.200000047683716, -28.222843170166016, -0.1414213627576828), (3.4283509254455566, -28.134496688842773, 0), (3.200000047683716, -28.222843170166016, -0.1414213627576828), (3.200000047683716, -28.149463653564453, 0), (3.4283509254455566, -28.134496688842773, 0), (3.4283509254455566, -28.134496688842773, 0), (3.200000047683716, -28.149463653564453, 0), (3.4283509254455566, -28.134496688842773, 2), (3.200000047683716, -28.149463653564453, 0), (3.200000047683716, -28.149463653564453, 2), (3.4283509254455566, -28.134496688842773, 2), (3.4283509254455566, -28.134496688842773, 2), (3.200000047683716, -28.149463653564453, 2), (3.4379289150238037, -28.20724868774414, 2.141421318054199), (3.200000047683716, -28.149463653564453, 2), (3.200000047683716, -28.222843170166016, 2.141421318054199), (3.4379289150238037, -28.20724868774414, 2.141421318054199), (3.4379289150238037, -28.20724868774414, 2.141421318054199), (3.200000047683716, -28.222843170166016, 2.141421318054199), (3.461052417755127, -28.382888793945312, 2.200000047683716), (3.200000047683716, -28.222843170166016, 2.141421318054199), (3.200000047683716, -28.399999618530273, 2.200000047683716), (3.461052417755127, -28.382888793945312, 2.200000047683716), (3.200000047683716, -28.399999618530273, -0.20000000298023224), (2.9389476776123047, -28.382888793945312, -0.20000000298023224), (3.200000047683716, -28.222843170166016, -0.1414213627576828), (2.9389476776123047, -28.382888793945312, -0.20000000298023224), (2.962071180343628, -28.20724868774414, -0.1414213627576828), (3.200000047683716, -28.222843170166016, -0.1414213627576828), (3.200000047683716, -28.222843170166016, -0.1414213627576828), (2.962071180343628, -28.20724868774414, -0.1414213627576828), (3.200000047683716, -28.149463653564453, 0), (2.962071180343628, -28.20724868774414, -0.1414213627576828), (2.971649169921875, -28.134496688842773, 0), (3.200000047683716, -28.149463653564453, 0), (3.200000047683716, -28.149463653564453, 0), (2.971649169921875, -28.134496688842773, 0), (3.200000047683716, -28.149463653564453, 2), (2.971649169921875, -28.134496688842773, 0), (2.971649169921875, -28.134496688842773, 2), (3.200000047683716, -28.149463653564453, 2), (3.200000047683716, -28.149463653564453, 2), (2.971649169921875, -28.134496688842773, 2), (3.200000047683716, -28.222843170166016, 2.141421318054199), (2.971649169921875, -28.134496688842773, 2), (2.962071180343628, -28.20724868774414, 2.141421318054199), (3.200000047683716, -28.222843170166016, 2.141421318054199), (3.200000047683716, -28.222843170166016, 2.141421318054199), (2.962071180343628, -28.20724868774414, 2.141421318054199), (3.200000047683716, -28.399999618530273, 2.200000047683716), (2.962071180343628, -28.20724868774414, 2.141421318054199), (2.9389476776123047, -28.382888793945312, 2.200000047683716), (3.200000047683716, -28.399999618530273, 2.200000047683716), (2.9389476776123047, -28.382888793945312, -0.20000000298023224), (2.6823618412017822, -28.331851959228516, -0.20000000298023224), (2.962071180343628, -28.20724868774414, -0.1414213627576828), (2.6823618412017822, -28.331851959228516, -0.20000000298023224), (2.728213310241699, -28.16073226928711, -0.1414213627576828), (2.962071180343628, -28.20724868774414, -0.1414213627576828), (2.962071180343628, -28.20724868774414, -0.1414213627576828), (2.728213310241699, -28.16073226928711, -0.1414213627576828), (2.971649169921875, -28.134496688842773, 0), (2.728213310241699, -28.16073226928711, -0.1414213627576828), (2.7472054958343506, -28.08985137939453, 0), (2.971649169921875, -28.134496688842773, 0), (2.971649169921875, -28.134496688842773, 0), (2.7472054958343506, -28.08985137939453, 0), (2.971649169921875, -28.134496688842773, 2), (2.7472054958343506, -28.08985137939453, 0), (2.7472054958343506, -28.08985137939453, 2), (2.971649169921875, -28.134496688842773, 2), (2.971649169921875, -28.134496688842773, 2), (2.7472054958343506, -28.08985137939453, 2), (2.962071180343628, -28.20724868774414, 2.141421318054199), (2.7472054958343506, -28.08985137939453, 2), (2.728213310241699, -28.16073226928711, 2.141421318054199), (2.962071180343628, -28.20724868774414, 2.141421318054199), (2.962071180343628, -28.20724868774414, 2.141421318054199), (2.728213310241699, -28.16073226928711, 2.141421318054199), (2.9389476776123047, -28.382888793945312, 2.200000047683716), (2.728213310241699, -28.16073226928711, 2.141421318054199), (2.6823618412017822, -28.331851959228516, 2.200000047683716), (2.9389476776123047, -28.382888793945312, 2.200000047683716), (2.6823618412017822, -28.331851959228516, -0.20000000298023224), (2.4346330165863037, -28.247758865356445, -0.20000000298023224), (2.728213310241699, -28.16073226928711, -0.1414213627576828), (2.4346330165863037, -28.247758865356445, -0.20000000298023224), (2.502427816390991, -28.084087371826172, -0.1414213627576828), (2.728213310241699, -28.16073226928711, -0.1414213627576828), (2.728213310241699, -28.16073226928711, -0.1414213627576828), (2.502427816390991, -28.084087371826172, -0.1414213627576828), (2.7472054958343506, -28.08985137939453, 0), (2.502427816390991, -28.084087371826172, -0.1414213627576828), (2.5305092334747314, -28.016294479370117, 0), (2.7472054958343506, -28.08985137939453, 0), (2.7472054958343506, -28.08985137939453, 0), (2.5305092334747314, -28.016294479370117, 0), (2.7472054958343506, -28.08985137939453, 2), (2.5305092334747314, -28.016294479370117, 0), (2.5305092334747314, -28.016294479370117, 2), (2.7472054958343506, -28.08985137939453, 2), (2.7472054958343506, -28.08985137939453, 2), (2.5305092334747314, -28.016294479370117, 2), (2.728213310241699, -28.16073226928711, 2.141421318054199), (2.5305092334747314, -28.016294479370117, 2), (2.502427816390991, -28.084087371826172, 2.141421318054199), (2.728213310241699, -28.16073226928711, 2.141421318054199), (2.728213310241699, -28.16073226928711, 2.141421318054199), (2.502427816390991, -28.084087371826172, 2.141421318054199), (2.6823618412017822, -28.331851959228516, 2.200000047683716), (2.502427816390991, -28.084087371826172, 2.141421318054199), (2.4346330165863037, -28.247758865356445, 2.200000047683716), (2.6823618412017822, -28.331851959228516, 2.200000047683716), (2.4346330165863037, -28.247758865356445, -0.20000000298023224), (2.200000047683716, -28.132051467895508, -0.20000000298023224), (2.502427816390991, -28.084087371826172, -0.1414213627576828), (2.200000047683716, -28.132051467895508, -0.20000000298023224), (2.2885780334472656, -27.97863006591797, -0.1414213627576828), (2.502427816390991, -28.084087371826172, -0.1414213627576828), (2.502427816390991, -28.084087371826172, -0.1414213627576828), (2.2885780334472656, -27.97863006591797, -0.1414213627576828), (2.5305092334747314, -28.016294479370117, 0), (2.2885780334472656, -27.97863006591797, -0.1414213627576828), (2.325268268585205, -27.91507911682129, 0), (2.5305092334747314, -28.016294479370117, 0), (2.5305092334747314, -28.016294479370117, 0), (2.325268268585205, -27.91507911682129, 0), (2.5305092334747314, -28.016294479370117, 2), (2.325268268585205, -27.91507911682129, 0), (2.325268268585205, -27.91507911682129, 2), (2.5305092334747314, -28.016294479370117, 2), (2.5305092334747314, -28.016294479370117, 2), (2.325268268585205, -27.91507911682129, 2), (2.502427816390991, -28.084087371826172, 2.141421318054199), (2.325268268585205, -27.91507911682129, 2), (2.2885780334472656, -27.97863006591797, 2.141421318054199), (2.502427816390991, -28.084087371826172, 2.141421318054199), (2.502427816390991, -28.084087371826172, 2.141421318054199), (2.2885780334472656, -27.97863006591797, 2.141421318054199), (2.4346330165863037, -28.247758865356445, 2.200000047683716), (2.2885780334472656, -27.97863006591797, 2.141421318054199), (2.200000047683716, -28.132051467895508, 2.200000047683716), (2.4346330165863037, -28.247758865356445, 2.200000047683716), (2.200000047683716, -28.132051467895508, -0.20000000298023224), (1.9824771881103516, -27.986705780029297, -0.20000000298023224), (2.2885780334472656, -27.97863006591797, -0.1414213627576828), (1.9824771881103516, -27.986705780029297, -0.20000000298023224), (2.090322971343994, -27.846158981323242, -0.1414213627576828), (2.2885780334472656, -27.97863006591797, -0.1414213627576828), (2.2885780334472656, -27.97863006591797, -0.1414213627576828), (2.090322971343994, -27.846158981323242, -0.1414213627576828), (2.325268268585205, -27.91507911682129, 0), (2.090322971343994, -27.846158981323242, -0.1414213627576828), (2.1349940299987793, -27.78794288635254, 0), (2.325268268585205, -27.91507911682129, 0), (2.325268268585205, -27.91507911682129, 0), (2.1349940299987793, -27.78794288635254, 0), (2.325268268585205, -27.91507911682129, 2), (2.1349940299987793, -27.78794288635254, 0), (2.1349940299987793, -27.78794288635254, 2), (2.325268268585205, -27.91507911682129, 2), (2.325268268585205, -27.91507911682129, 2), (2.1349940299987793, -27.78794288635254, 2), (2.2885780334472656, -27.97863006591797, 2.141421318054199), (2.1349940299987793, -27.78794288635254, 2), (2.090322971343994, -27.846158981323242, 2.141421318054199), (2.2885780334472656, -27.97863006591797, 2.141421318054199), (2.2885780334472656, -27.97863006591797, 2.141421318054199), (2.090322971343994, -27.846158981323242, 2.141421318054199), (2.200000047683716, -28.132051467895508, 2.200000047683716), (2.090322971343994, -27.846158981323242, 2.141421318054199), (1.9824771881103516, -27.986705780029297, 2.200000047683716), (2.200000047683716, -28.132051467895508, 2.200000047683716), (1.9824771881103516, -27.986705780029297, -0.20000000298023224), (1.7857863903045654, -27.814212799072266, -0.20000000298023224), (2.090322971343994, -27.846158981323242, -0.1414213627576828), (1.7857863903045654, -27.814212799072266, -0.20000000298023224), (1.9110546112060547, -27.688945770263672, -0.1414213627576828), (2.090322971343994, -27.846158981323242, -0.1414213627576828), (2.090322971343994, -27.846158981323242, -0.1414213627576828), (1.9110546112060547, -27.688945770263672, -0.1414213627576828), (2.1349940299987793, -27.78794288635254, 0), (1.9110546112060547, -27.688945770263672, -0.1414213627576828), (1.9629424810409546, -27.63705825805664, 0), (2.1349940299987793, -27.78794288635254, 0), (2.1349940299987793, -27.78794288635254, 0), (1.9629424810409546, -27.63705825805664, 0), (2.1349940299987793, -27.78794288635254, 2), (1.9629424810409546, -27.63705825805664, 0), (1.9629424810409546, -27.63705825805664, 2), (2.1349940299987793, -27.78794288635254, 2), (2.1349940299987793, -27.78794288635254, 2), (1.9629424810409546, -27.63705825805664, 2), (2.090322971343994, -27.846158981323242, 2.141421318054199), (1.9629424810409546, -27.63705825805664, 2), (1.9110546112060547, -27.688945770263672, 2.141421318054199), (2.090322971343994, -27.846158981323242, 2.141421318054199), (2.090322971343994, -27.846158981323242, 2.141421318054199), (1.9110546112060547, -27.688945770263672, 2.141421318054199), (1.9824771881103516, -27.986705780029297, 2.200000047683716), (1.9110546112060547, -27.688945770263672, 2.141421318054199), (1.7857863903045654, -27.814212799072266, 2.200000047683716), (1.9824771881103516, -27.986705780029297, 2.200000047683716), (1.7857863903045654, -27.814212799072266, -0.20000000298023224), (1.6132932901382446, -27.617523193359375, -0.20000000298023224), (1.9110546112060547, -27.688945770263672, -0.1414213627576828), (1.6132932901382446, -27.617523193359375, -0.20000000298023224), (1.7538405656814575, -27.50967788696289, -0.1414213627576828), (1.9110546112060547, -27.688945770263672, -0.1414213627576828), (1.9110546112060547, -27.688945770263672, -0.1414213627576828), (1.7538405656814575, -27.50967788696289, -0.1414213627576828), (1.9629424810409546, -27.63705825805664, 0), (1.7538405656814575, -27.50967788696289, -0.1414213627576828), (1.8120572566986084, -27.46500587463379, 0), (1.9629424810409546, -27.63705825805664, 0), (1.9629424810409546, -27.63705825805664, 0), (1.8120572566986084, -27.46500587463379, 0), (1.9629424810409546, -27.63705825805664, 2), (1.8120572566986084, -27.46500587463379, 0), (1.8120572566986084, -27.46500587463379, 2), (1.9629424810409546, -27.63705825805664, 2), (1.9629424810409546, -27.63705825805664, 2), (1.8120572566986084, -27.46500587463379, 2), (1.9110546112060547, -27.688945770263672, 2.141421318054199), (1.8120572566986084, -27.46500587463379, 2), (1.7538405656814575, -27.50967788696289, 2.141421318054199), (1.9110546112060547, -27.688945770263672, 2.141421318054199), (1.9110546112060547, -27.688945770263672, 2.141421318054199), (1.7538405656814575, -27.50967788696289, 2.141421318054199), (1.7857863903045654, -27.814212799072266, 2.200000047683716), (1.7538405656814575, -27.50967788696289, 2.141421318054199), (1.6132932901382446, -27.617523193359375, 2.200000047683716), (1.7857863903045654, -27.814212799072266, 2.200000047683716), (1.6132932901382446, -27.617523193359375, -0.20000000298023224), (1.4679491519927979, -27.399999618530273, -0.20000000298023224), (1.7538405656814575, -27.50967788696289, -0.1414213627576828), (1.4679491519927979, -27.399999618530273, -0.20000000298023224), (1.621370792388916, -27.31142234802246, -0.1414213627576828), (1.7538405656814575, -27.50967788696289, -0.1414213627576828), (1.7538405656814575, -27.50967788696289, -0.1414213627576828), (1.621370792388916, -27.31142234802246, -0.1414213627576828), (1.8120572566986084, -27.46500587463379, 0), (1.621370792388916, -27.31142234802246, -0.1414213627576828), (1.684920072555542, -27.27473258972168, 0), (1.8120572566986084, -27.46500587463379, 0), (1.8120572566986084, -27.46500587463379, 0), (1.684920072555542, -27.27473258972168, 0), (1.8120572566986084, -27.46500587463379, 2), (1.684920072555542, -27.27473258972168, 0), (1.684920072555542, -27.27473258972168, 2), (1.8120572566986084, -27.46500587463379, 2), (1.8120572566986084, -27.46500587463379, 2), (1.684920072555542, -27.27473258972168, 2), (1.7538405656814575, -27.50967788696289, 2.141421318054199), (1.684920072555542, -27.27473258972168, 2), (1.621370792388916, -27.31142234802246, 2.141421318054199), (1.7538405656814575, -27.50967788696289, 2.141421318054199), (1.7538405656814575, -27.50967788696289, 2.141421318054199), (1.621370792388916, -27.31142234802246, 2.141421318054199), (1.6132932901382446, -27.617523193359375, 2.200000047683716), (1.621370792388916, -27.31142234802246, 2.141421318054199), (1.4679491519927979, -27.399999618530273, 2.200000047683716), (1.6132932901382446, -27.617523193359375, 2.200000047683716), (1.4679491519927979, -27.399999618530273, -0.20000000298023224), (1.3522409200668335, -27.165367126464844, -0.20000000298023224), (1.621370792388916, -27.31142234802246, -0.1414213627576828), (1.3522409200668335, -27.165367126464844, -0.20000000298023224), (1.5159116983413696, -27.097572326660156, -0.1414213627576828), (1.621370792388916, -27.31142234802246, -0.1414213627576828), (1.621370792388916, -27.31142234802246, -0.1414213627576828), (1.5159116983413696, -27.097572326660156, -0.1414213627576828), (1.684920072555542, -27.27473258972168, 0), (1.5159116983413696, -27.097572326660156, -0.1414213627576828), (1.5837063789367676, -27.069490432739258, 0), (1.684920072555542, -27.27473258972168, 0), (1.684920072555542, -27.27473258972168, 0), (1.5837063789367676, -27.069490432739258, 0), (1.684920072555542, -27.27473258972168, 2), (1.5837063789367676, -27.069490432739258, 0), (1.5837063789367676, -27.069490432739258, 2), (1.684920072555542, -27.27473258972168, 2), (1.684920072555542, -27.27473258972168, 2), (1.5837063789367676, -27.069490432739258, 2), (1.621370792388916, -27.31142234802246, 2.141421318054199), (1.5837063789367676, -27.069490432739258, 2), (1.5159116983413696, -27.097572326660156, 2.141421318054199), (1.621370792388916, -27.31142234802246, 2.141421318054199), (1.621370792388916, -27.31142234802246, 2.141421318054199), (1.5159116983413696, -27.097572326660156, 2.141421318054199), (1.4679491519927979, -27.399999618530273, 2.200000047683716), (1.5159116983413696, -27.097572326660156, 2.141421318054199), (1.3522409200668335, -27.165367126464844, 2.200000047683716), (1.4679491519927979, -27.399999618530273, 2.200000047683716), (1.3522409200668335, -27.165367126464844, -0.20000000298023224), (1.2681483030319214, -26.917638778686523, -0.20000000298023224), (1.5159116983413696, -27.097572326660156, -0.1414213627576828), (1.2681483030319214, -26.917638778686523, -0.20000000298023224), (1.439267873764038, -26.87178611755371, -0.1414213627576828), (1.5159116983413696, -27.097572326660156, -0.1414213627576828), (1.5159116983413696, -27.097572326660156, -0.1414213627576828), (1.439267873764038, -26.87178611755371, -0.1414213627576828), (1.5837063789367676, -27.069490432739258, 0), (1.439267873764038, -26.87178611755371, -0.1414213627576828), (1.5101479291915894, -26.852794647216797, 0), (1.5837063789367676, -27.069490432739258, 0), (1.5837063789367676, -27.069490432739258, 0), (1.5101479291915894, -26.852794647216797, 0), (1.5837063789367676, -27.069490432739258, 2), (1.5101479291915894, -26.852794647216797, 0), (1.5101479291915894, -26.852794647216797, 2), (1.5837063789367676, -27.069490432739258, 2), (1.5837063789367676, -27.069490432739258, 2), (1.5101479291915894, -26.852794647216797, 2), (1.5159116983413696, -27.097572326660156, 2.141421318054199), (1.5101479291915894, -26.852794647216797, 2), (1.439267873764038, -26.87178611755371, 2.141421318054199), (1.5159116983413696, -27.097572326660156, 2.141421318054199), (1.5159116983413696, -27.097572326660156, 2.141421318054199), (1.439267873764038, -26.87178611755371, 2.141421318054199), (1.3522409200668335, -27.165367126464844, 2.200000047683716), (1.439267873764038, -26.87178611755371, 2.141421318054199), (1.2681483030319214, -26.917638778686523, 2.200000047683716), (1.3522409200668335, -27.165367126464844, 2.200000047683716), (1.2681483030319214, -26.917638778686523, -0.20000000298023224), (1.217110276222229, -26.661052703857422, -0.20000000298023224), (1.439267873764038, -26.87178611755371, -0.1414213627576828), (1.217110276222229, -26.661052703857422, -0.20000000298023224), (1.3927507400512695, -26.637928009033203, -0.1414213627576828), (1.439267873764038, -26.87178611755371, -0.1414213627576828), (1.439267873764038, -26.87178611755371, -0.1414213627576828), (1.3927507400512695, -26.637928009033203, -0.1414213627576828), (1.5101479291915894, -26.852794647216797, 0), (1.3927507400512695, -26.637928009033203, -0.1414213627576828), (1.4655033349990845, -26.62835121154785, 0), (1.5101479291915894, -26.852794647216797, 0), (1.5101479291915894, -26.852794647216797, 0), (1.4655033349990845, -26.62835121154785, 0), (1.5101479291915894, -26.852794647216797, 2), (1.4655033349990845, -26.62835121154785, 0), (1.4655033349990845, -26.62835121154785, 2), (1.5101479291915894, -26.852794647216797, 2), (1.5101479291915894, -26.852794647216797, 2), (1.4655033349990845, -26.62835121154785, 2), (1.439267873764038, -26.87178611755371, 2.141421318054199), (1.4655033349990845, -26.62835121154785, 2), (1.3927507400512695, -26.637928009033203, 2.141421318054199), (1.439267873764038, -26.87178611755371, 2.141421318054199), (1.439267873764038, -26.87178611755371, 2.141421318054199), (1.3927507400512695, -26.637928009033203, 2.141421318054199), (1.2681483030319214, -26.917638778686523, 2.200000047683716), (1.3927507400512695, -26.637928009033203, 2.141421318054199), (1.217110276222229, -26.661052703857422, 2.200000047683716), (1.2681483030319214, -26.917638778686523, 2.200000047683716), (1.217110276222229, -26.661052703857422, -0.20000000298023224), (1.2000000476837158, -26.399999618530273, -0.20000000298023224), (1.3927507400512695, -26.637928009033203, -0.1414213627576828), (1.2000000476837158, -26.399999618530273, -0.20000000298023224), (1.3771560192108154, -26.399999618530273, -0.1414213627576828), (1.3927507400512695, -26.637928009033203, -0.1414213627576828), (1.3927507400512695, -26.637928009033203, -0.1414213627576828), (1.3771560192108154, -26.399999618530273, -0.1414213627576828), (1.4655033349990845, -26.62835121154785, 0), (1.3771560192108154, -26.399999618530273, -0.1414213627576828), (1.4505363702774048, -26.399999618530273, 0), (1.4655033349990845, -26.62835121154785, 0), (1.4655033349990845, -26.62835121154785, 0), (1.4505363702774048, -26.399999618530273, 0), (1.4655033349990845, -26.62835121154785, 2), (1.4505363702774048, -26.399999618530273, 0), (1.4505363702774048, -26.399999618530273, 2), (1.4655033349990845, -26.62835121154785, 2), (1.4655033349990845, -26.62835121154785, 2), (1.4505363702774048, -26.399999618530273, 2), (1.3927507400512695, -26.637928009033203, 2.141421318054199), (1.4505363702774048, -26.399999618530273, 2), (1.3771560192108154, -26.399999618530273, 2.141421318054199), (1.3927507400512695, -26.637928009033203, 2.141421318054199), (1.3927507400512695, -26.637928009033203, 2.141421318054199), (1.3771560192108154, -26.399999618530273, 2.141421318054199), (1.217110276222229, -26.661052703857422, 2.200000047683716), (1.3771560192108154, -26.399999618530273, 2.141421318054199), (1.2000000476837158, -26.399999618530273, 2.200000047683716), (1.217110276222229, -26.661052703857422, 2.200000047683716), (1.2000000476837158, -26.399999618530273, -0.20000000298023224), (1.217110276222229, -26.138948440551758, -0.20000000298023224), (1.3771560192108154, -26.399999618530273, -0.1414213627576828), (1.217110276222229, -26.138948440551758, -0.20000000298023224), (1.3927507400512695, -26.162071228027344, -0.1414213627576828), (1.3771560192108154, -26.399999618530273, -0.1414213627576828), (1.3771560192108154, -26.399999618530273, -0.1414213627576828), (1.3927507400512695, -26.162071228027344, -0.1414213627576828), (1.4505363702774048, -26.399999618530273, 0), (1.3927507400512695, -26.162071228027344, -0.1414213627576828), (1.4655033349990845, -26.171649932861328, 0), (1.4505363702774048, -26.399999618530273, 0), (1.4505363702774048, -26.399999618530273, 0), (1.4655033349990845, -26.171649932861328, 0), (1.4505363702774048, -26.399999618530273, 2), (1.4655033349990845, -26.171649932861328, 0), (1.4655033349990845, -26.171649932861328, 2), (1.4505363702774048, -26.399999618530273, 2), (1.4505363702774048, -26.399999618530273, 2), (1.4655033349990845, -26.171649932861328, 2), (1.3771560192108154, -26.399999618530273, 2.141421318054199), (1.4655033349990845, -26.171649932861328, 2), (1.3927507400512695, -26.162071228027344, 2.141421318054199), (1.3771560192108154, -26.399999618530273, 2.141421318054199), (1.3771560192108154, -26.399999618530273, 2.141421318054199), (1.3927507400512695, -26.162071228027344, 2.141421318054199), (1.2000000476837158, -26.399999618530273, 2.200000047683716), (1.3927507400512695, -26.162071228027344, 2.141421318054199), (1.217110276222229, -26.138948440551758, 2.200000047683716), (1.2000000476837158, -26.399999618530273, 2.200000047683716), (1.217110276222229, -26.138948440551758, -0.20000000298023224), (1.2681483030319214, -25.882362365722656, -0.20000000298023224), (1.3927507400512695, -26.162071228027344, -0.1414213627576828), (1.2681483030319214, -25.882362365722656, -0.20000000298023224), (1.439267873764038, -25.928213119506836, -0.1414213627576828), (1.3927507400512695, -26.162071228027344, -0.1414213627576828), (1.3927507400512695, -26.162071228027344, -0.1414213627576828), (1.439267873764038, -25.928213119506836, -0.1414213627576828), (1.4655033349990845, -26.171649932861328, 0), (1.439267873764038, -25.928213119506836, -0.1414213627576828), (1.5101479291915894, -25.94720458984375, 0), (1.4655033349990845, -26.171649932861328, 0), (1.4655033349990845, -26.171649932861328, 0), (1.5101479291915894, -25.94720458984375, 0), (1.4655033349990845, -26.171649932861328, 2), (1.5101479291915894, -25.94720458984375, 0), (1.5101479291915894, -25.94720458984375, 2), (1.4655033349990845, -26.171649932861328, 2), (1.4655033349990845, -26.171649932861328, 2), (1.5101479291915894, -25.94720458984375, 2), (1.3927507400512695, -26.162071228027344, 2.141421318054199), (1.5101479291915894, -25.94720458984375, 2), (1.439267873764038, -25.928213119506836, 2.141421318054199), (1.3927507400512695, -26.162071228027344, 2.141421318054199), (1.3927507400512695, -26.162071228027344, 2.141421318054199), (1.439267873764038, -25.928213119506836, 2.141421318054199), (1.217110276222229, -26.138948440551758, 2.200000047683716), (1.439267873764038, -25.928213119506836, 2.141421318054199), (1.2681483030319214, -25.882362365722656, 2.200000047683716), (1.217110276222229, -26.138948440551758, 2.200000047683716), (1.2681483030319214, -25.882362365722656, -0.20000000298023224), (1.3522409200668335, -25.634634017944336, -0.20000000298023224), (1.439267873764038, -25.928213119506836, -0.1414213627576828), (1.3522409200668335, -25.634634017944336, -0.20000000298023224), (1.5159116983413696, -25.70242691040039, -0.1414213627576828), (1.439267873764038, -25.928213119506836, -0.1414213627576828), (1.439267873764038, -25.928213119506836, -0.1414213627576828), (1.5159116983413696, -25.70242691040039, -0.1414213627576828), (1.5101479291915894, -25.94720458984375, 0), (1.5159116983413696, -25.70242691040039, -0.1414213627576828), (1.5837063789367676, -25.73050880432129, 0), (1.5101479291915894, -25.94720458984375, 0), (1.5101479291915894, -25.94720458984375, 0), (1.5837063789367676, -25.73050880432129, 0), (1.5101479291915894, -25.94720458984375, 2), (1.5837063789367676, -25.73050880432129, 0), (1.5837063789367676, -25.73050880432129, 2), (1.5101479291915894, -25.94720458984375, 2), (1.5101479291915894, -25.94720458984375, 2), (1.5837063789367676, -25.73050880432129, 2), (1.439267873764038, -25.928213119506836, 2.141421318054199), (1.5837063789367676, -25.73050880432129, 2), (1.5159116983413696, -25.70242691040039, 2.141421318054199), (1.439267873764038, -25.928213119506836, 2.141421318054199), (1.439267873764038, -25.928213119506836, 2.141421318054199), (1.5159116983413696, -25.70242691040039, 2.141421318054199), (1.2681483030319214, -25.882362365722656, 2.200000047683716), (1.5159116983413696, -25.70242691040039, 2.141421318054199), (1.3522409200668335, -25.634634017944336, 2.200000047683716), (1.2681483030319214, -25.882362365722656, 2.200000047683716), (1.3522409200668335, -25.634634017944336, -0.20000000298023224), (1.4679491519927979, -25.399999618530273, -0.20000000298023224), (1.5159116983413696, -25.70242691040039, -0.1414213627576828), (1.4679491519927979, -25.399999618530273, -0.20000000298023224), (1.621370792388916, -25.48857879638672, -0.1414213627576828), (1.5159116983413696, -25.70242691040039, -0.1414213627576828), (1.5159116983413696, -25.70242691040039, -0.1414213627576828), (1.621370792388916, -25.48857879638672, -0.1414213627576828), (1.5837063789367676, -25.73050880432129, 0), (1.621370792388916, -25.48857879638672, -0.1414213627576828), (1.684920072555542, -25.5252685546875, 0), (1.5837063789367676, -25.73050880432129, 0), (1.5837063789367676, -25.73050880432129, 0), (1.684920072555542, -25.5252685546875, 0), (1.5837063789367676, -25.73050880432129, 2), (1.684920072555542, -25.5252685546875, 0), (1.684920072555542, -25.5252685546875, 2), (1.5837063789367676, -25.73050880432129, 2), (1.5837063789367676, -25.73050880432129, 2), (1.684920072555542, -25.5252685546875, 2), (1.5159116983413696, -25.70242691040039, 2.141421318054199), (1.684920072555542, -25.5252685546875, 2), (1.621370792388916, -25.48857879638672, 2.141421318054199), (1.5159116983413696, -25.70242691040039, 2.141421318054199), (1.5159116983413696, -25.70242691040039, 2.141421318054199), (1.621370792388916, -25.48857879638672, 2.141421318054199), (1.3522409200668335, -25.634634017944336, 2.200000047683716), (1.621370792388916, -25.48857879638672, 2.141421318054199), (1.4679491519927979, -25.399999618530273, 2.200000047683716), (1.3522409200668335, -25.634634017944336, 2.200000047683716), (1.4679491519927979, -25.399999618530273, -0.20000000298023224), (1.6132932901382446, -25.182477951049805, -0.20000000298023224), (1.621370792388916, -25.48857879638672, -0.1414213627576828), (1.6132932901382446, -25.182477951049805, -0.20000000298023224), (1.7538405656814575, -25.29032325744629, -0.1414213627576828), (1.621370792388916, -25.48857879638672, -0.1414213627576828), (1.621370792388916, -25.48857879638672, -0.1414213627576828), (1.7538405656814575, -25.29032325744629, -0.1414213627576828), (1.684920072555542, -25.5252685546875, 0), (1.7538405656814575, -25.29032325744629, -0.1414213627576828), (1.8120572566986084, -25.334993362426758, 0), (1.684920072555542, -25.5252685546875, 0), (1.684920072555542, -25.5252685546875, 0), (1.8120572566986084, -25.334993362426758, 0), (1.684920072555542, -25.5252685546875, 2), (1.8120572566986084, -25.334993362426758, 0), (1.8120572566986084, -25.334993362426758, 2), (1.684920072555542, -25.5252685546875, 2), (1.684920072555542, -25.5252685546875, 2), (1.8120572566986084, -25.334993362426758, 2), (1.621370792388916, -25.48857879638672, 2.141421318054199), (1.8120572566986084, -25.334993362426758, 2), (1.7538405656814575, -25.29032325744629, 2.141421318054199), (1.621370792388916, -25.48857879638672, 2.141421318054199), (1.621370792388916, -25.48857879638672, 2.141421318054199), (1.7538405656814575, -25.29032325744629, 2.141421318054199), (1.4679491519927979, -25.399999618530273, 2.200000047683716), (1.7538405656814575, -25.29032325744629, 2.141421318054199), (1.6132932901382446, -25.182477951049805, 2.200000047683716), (1.4679491519927979, -25.399999618530273, 2.200000047683716), (1.6132932901382446, -25.182477951049805, -0.20000000298023224), (1.7857863903045654, -24.98578643798828, -0.20000000298023224), (1.7538405656814575, -25.29032325744629, -0.1414213627576828), (1.7857863903045654, -24.98578643798828, -0.20000000298023224), (1.9110546112060547, -25.111055374145508, -0.1414213627576828), (1.7538405656814575, -25.29032325744629, -0.1414213627576828), (1.7538405656814575, -25.29032325744629, -0.1414213627576828), (1.9110546112060547, -25.111055374145508, -0.1414213627576828), (1.8120572566986084, -25.334993362426758, 0), (1.9110546112060547, -25.111055374145508, -0.1414213627576828), (1.9629424810409546, -25.16294288635254, 0), (1.8120572566986084, -25.334993362426758, 0), (1.8120572566986084, -25.334993362426758, 0), (1.9629424810409546, -25.16294288635254, 0), (1.8120572566986084, -25.334993362426758, 2), (1.9629424810409546, -25.16294288635254, 0), (1.9629424810409546, -25.16294288635254, 2), (1.8120572566986084, -25.334993362426758, 2), (1.8120572566986084, -25.334993362426758, 2), (1.9629424810409546, -25.16294288635254, 2), (1.7538405656814575, -25.29032325744629, 2.141421318054199), (1.9629424810409546, -25.16294288635254, 2), (1.9110546112060547, -25.111055374145508, 2.141421318054199), (1.7538405656814575, -25.29032325744629, 2.141421318054199), (1.7538405656814575, -25.29032325744629, 2.141421318054199), (1.9110546112060547, -25.111055374145508, 2.141421318054199), (1.6132932901382446, -25.182477951049805, 2.200000047683716), (1.9110546112060547, -25.111055374145508, 2.141421318054199), (1.7857863903045654, -24.98578643798828, 2.200000047683716), (1.6132932901382446, -25.182477951049805, 2.200000047683716), (1.7857863903045654, -24.98578643798828, -0.20000000298023224), (1.9824771881103516, -24.81329345703125, -0.20000000298023224), (1.9110546112060547, -25.111055374145508, -0.1414213627576828), (1.9824771881103516, -24.81329345703125, -0.20000000298023224), (2.090322971343994, -24.953840255737305, -0.1414213627576828), (1.9110546112060547, -25.111055374145508, -0.1414213627576828), (1.9110546112060547, -25.111055374145508, -0.1414213627576828), (2.090322971343994, -24.953840255737305, -0.1414213627576828), (1.9629424810409546, -25.16294288635254, 0), (2.090322971343994, -24.953840255737305, -0.1414213627576828), (2.1349940299987793, -25.012056350708008, 0), (1.9629424810409546, -25.16294288635254, 0), (1.9629424810409546, -25.16294288635254, 0), (2.1349940299987793, -25.012056350708008, 0), (1.9629424810409546, -25.16294288635254, 2), (2.1349940299987793, -25.012056350708008, 0), (2.1349940299987793, -25.012056350708008, 2), (1.9629424810409546, -25.16294288635254, 2), (1.9629424810409546, -25.16294288635254, 2), (2.1349940299987793, -25.012056350708008, 2), (1.9110546112060547, -25.111055374145508, 2.141421318054199), (2.1349940299987793, -25.012056350708008, 2), (2.090322971343994, -24.953840255737305, 2.141421318054199), (1.9110546112060547, -25.111055374145508, 2.141421318054199), (1.9110546112060547, -25.111055374145508, 2.141421318054199), (2.090322971343994, -24.953840255737305, 2.141421318054199), (1.7857863903045654, -24.98578643798828, 2.200000047683716), (2.090322971343994, -24.953840255737305, 2.141421318054199), (1.9824771881103516, -24.81329345703125, 2.200000047683716), (1.7857863903045654, -24.98578643798828, 2.200000047683716), (1.9824771881103516, -24.81329345703125, -0.20000000298023224), (2.200000047683716, -24.667949676513672, -0.20000000298023224), (2.090322971343994, -24.953840255737305, -0.1414213627576828), (2.200000047683716, -24.667949676513672, -0.20000000298023224), (2.2885780334472656, -24.82137107849121, -0.1414213627576828), (2.090322971343994, -24.953840255737305, -0.1414213627576828), (2.090322971343994, -24.953840255737305, -0.1414213627576828), (2.2885780334472656, -24.82137107849121, -0.1414213627576828), (2.1349940299987793, -25.012056350708008, 0), (2.2885780334472656, -24.82137107849121, -0.1414213627576828), (2.325268268585205, -24.884920120239258, 0), (2.1349940299987793, -25.012056350708008, 0), (2.1349940299987793, -25.012056350708008, 0), (2.325268268585205, -24.884920120239258, 0), (2.1349940299987793, -25.012056350708008, 2), (2.325268268585205, -24.884920120239258, 0), (2.325268268585205, -24.884920120239258, 2), (2.1349940299987793, -25.012056350708008, 2), (2.1349940299987793, -25.012056350708008, 2), (2.325268268585205, -24.884920120239258, 2), (2.090322971343994, -24.953840255737305, 2.141421318054199), (2.325268268585205, -24.884920120239258, 2), (2.2885780334472656, -24.82137107849121, 2.141421318054199), (2.090322971343994, -24.953840255737305, 2.141421318054199), (2.090322971343994, -24.953840255737305, 2.141421318054199), (2.2885780334472656, -24.82137107849121, 2.141421318054199), (1.9824771881103516, -24.81329345703125, 2.200000047683716), (2.2885780334472656, -24.82137107849121, 2.141421318054199), (2.200000047683716, -24.667949676513672, 2.200000047683716), (1.9824771881103516, -24.81329345703125, 2.200000047683716), (2.200000047683716, -24.667949676513672, -0.20000000298023224), (2.4346330165863037, -24.5522403717041, -0.20000000298023224), (2.2885780334472656, -24.82137107849121, -0.1414213627576828), (2.4346330165863037, -24.5522403717041, -0.20000000298023224), (2.502427816390991, -24.715911865234375, -0.1414213627576828), (2.2885780334472656, -24.82137107849121, -0.1414213627576828), (2.2885780334472656, -24.82137107849121, -0.1414213627576828), (2.502427816390991, -24.715911865234375, -0.1414213627576828), (2.325268268585205, -24.884920120239258, 0), (2.502427816390991, -24.715911865234375, -0.1414213627576828), (2.5305092334747314, -24.783706665039062, 0), (2.325268268585205, -24.884920120239258, 0), (2.325268268585205, -24.884920120239258, 0), (2.5305092334747314, -24.783706665039062, 0), (2.325268268585205, -24.884920120239258, 2), (2.5305092334747314, -24.783706665039062, 0), (2.5305092334747314, -24.783706665039062, 2), (2.325268268585205, -24.884920120239258, 2), (2.325268268585205, -24.884920120239258, 2), (2.5305092334747314, -24.783706665039062, 2), (2.2885780334472656, -24.82137107849121, 2.141421318054199), (2.5305092334747314, -24.783706665039062, 2), (2.502427816390991, -24.715911865234375, 2.141421318054199), (2.2885780334472656, -24.82137107849121, 2.141421318054199), (2.2885780334472656, -24.82137107849121, 2.141421318054199), (2.502427816390991, -24.715911865234375, 2.141421318054199), (2.200000047683716, -24.667949676513672, 2.200000047683716), (2.502427816390991, -24.715911865234375, 2.141421318054199), (2.4346330165863037, -24.5522403717041, 2.200000047683716), (2.200000047683716, -24.667949676513672, 2.200000047683716), (2.4346330165863037, -24.5522403717041, -0.20000000298023224), (2.6823618412017822, -24.468149185180664, -0.20000000298023224), (2.502427816390991, -24.715911865234375, -0.1414213627576828), (2.6823618412017822, -24.468149185180664, -0.20000000298023224), (2.728213310241699, -24.639266967773438, -0.1414213627576828), (2.502427816390991, -24.715911865234375, -0.1414213627576828), (2.502427816390991, -24.715911865234375, -0.1414213627576828), (2.728213310241699, -24.639266967773438, -0.1414213627576828), (2.5305092334747314, -24.783706665039062, 0), (2.728213310241699, -24.639266967773438, -0.1414213627576828), (2.7472054958343506, -24.710147857666016, 0), (2.5305092334747314, -24.783706665039062, 0), (2.5305092334747314, -24.783706665039062, 0), (2.7472054958343506, -24.710147857666016, 0), (2.5305092334747314, -24.783706665039062, 2), (2.7472054958343506, -24.710147857666016, 0), (2.7472054958343506, -24.710147857666016, 2), (2.5305092334747314, -24.783706665039062, 2), (2.5305092334747314, -24.783706665039062, 2), (2.7472054958343506, -24.710147857666016, 2), (2.502427816390991, -24.715911865234375, 2.141421318054199), (2.7472054958343506, -24.710147857666016, 2), (2.728213310241699, -24.639266967773438, 2.141421318054199), (2.502427816390991, -24.715911865234375, 2.141421318054199), (2.502427816390991, -24.715911865234375, 2.141421318054199), (2.728213310241699, -24.639266967773438, 2.141421318054199), (2.4346330165863037, -24.5522403717041, 2.200000047683716), (2.728213310241699, -24.639266967773438, 2.141421318054199), (2.6823618412017822, -24.468149185180664, 2.200000047683716), (2.4346330165863037, -24.5522403717041, 2.200000047683716), (2.6823618412017822, -24.468149185180664, -0.20000000298023224), (2.9389476776123047, -24.417110443115234, -0.20000000298023224), (2.728213310241699, -24.639266967773438, -0.1414213627576828), (2.9389476776123047, -24.417110443115234, -0.20000000298023224), (2.962071180343628, -24.592750549316406, -0.1414213627576828), (2.728213310241699, -24.639266967773438, -0.1414213627576828), (2.728213310241699, -24.639266967773438, -0.1414213627576828), (2.962071180343628, -24.592750549316406, -0.1414213627576828), (2.7472054958343506, -24.710147857666016, 0), (2.962071180343628, -24.592750549316406, -0.1414213627576828), (2.971649169921875, -24.665502548217773, 0), (2.7472054958343506, -24.710147857666016, 0), (2.7472054958343506, -24.710147857666016, 0), (2.971649169921875, -24.665502548217773, 0), (2.7472054958343506, -24.710147857666016, 2), (2.971649169921875, -24.665502548217773, 0), (2.971649169921875, -24.665502548217773, 2), (2.7472054958343506, -24.710147857666016, 2), (2.7472054958343506, -24.710147857666016, 2), (2.971649169921875, -24.665502548217773, 2), (2.728213310241699, -24.639266967773438, 2.141421318054199), (2.971649169921875, -24.665502548217773, 2), (2.962071180343628, -24.592750549316406, 2.141421318054199), (2.728213310241699, -24.639266967773438, 2.141421318054199), (2.728213310241699, -24.639266967773438, 2.141421318054199), (2.962071180343628, -24.592750549316406, 2.141421318054199), (2.6823618412017822, -24.468149185180664, 2.200000047683716), (2.962071180343628, -24.592750549316406, 2.141421318054199), (2.9389476776123047, -24.417110443115234, 2.200000047683716), (2.6823618412017822, -24.468149185180664, 2.200000047683716), (2.9389476776123047, -24.417110443115234, -0.20000000298023224), (3.200000047683716, -24.399999618530273, -0.20000000298023224), (2.962071180343628, -24.592750549316406, -0.1414213627576828), (3.200000047683716, -24.399999618530273, -0.20000000298023224), (3.200000047683716, -24.57715606689453, -0.1414213627576828), (2.962071180343628, -24.592750549316406, -0.1414213627576828), (2.962071180343628, -24.592750549316406, -0.1414213627576828), (3.200000047683716, -24.57715606689453, -0.1414213627576828), (2.971649169921875, -24.665502548217773, 0), (3.200000047683716, -24.57715606689453, -0.1414213627576828), (3.200000047683716, -24.650535583496094, 0), (2.971649169921875, -24.665502548217773, 0), (2.971649169921875, -24.665502548217773, 0), (3.200000047683716, -24.650535583496094, 0), (2.971649169921875, -24.665502548217773, 2), (3.200000047683716, -24.650535583496094, 0), (3.200000047683716, -24.650535583496094, 2), (2.971649169921875, -24.665502548217773, 2), (2.971649169921875, -24.665502548217773, 2), (3.200000047683716, -24.650535583496094, 2), (2.962071180343628, -24.592750549316406, 2.141421318054199), (3.200000047683716, -24.650535583496094, 2), (3.200000047683716, -24.57715606689453, 2.141421318054199), (2.962071180343628, -24.592750549316406, 2.141421318054199), (2.962071180343628, -24.592750549316406, 2.141421318054199), (3.200000047683716, -24.57715606689453, 2.141421318054199), (2.9389476776123047, -24.417110443115234, 2.200000047683716), (3.200000047683716, -24.57715606689453, 2.141421318054199), (3.200000047683716, -24.399999618530273, 2.200000047683716), (2.9389476776123047, -24.417110443115234, 2.200000047683716), (3.200000047683716, -24.399999618530273, -0.20000000298023224), (3.461052417755127, -24.417110443115234, -0.20000000298023224), (3.200000047683716, -24.57715606689453, -0.1414213627576828), (3.461052417755127, -24.417110443115234, -0.20000000298023224), (3.4379289150238037, -24.592750549316406, -0.1414213627576828), (3.200000047683716, -24.57715606689453, -0.1414213627576828), (3.200000047683716, -24.57715606689453, -0.1414213627576828), (3.4379289150238037, -24.592750549316406, -0.1414213627576828), (3.200000047683716, -24.650535583496094, 0), (3.4379289150238037, -24.592750549316406, -0.1414213627576828), (3.4283509254455566, -24.665502548217773, 0), (3.200000047683716, -24.650535583496094, 0), (3.200000047683716, -24.650535583496094, 0), (3.4283509254455566, -24.665502548217773, 0), (3.200000047683716, -24.650535583496094, 2), (3.4283509254455566, -24.665502548217773, 0), (3.4283509254455566, -24.665502548217773, 2), (3.200000047683716, -24.650535583496094, 2), (3.200000047683716, -24.650535583496094, 2), (3.4283509254455566, -24.665502548217773, 2), (3.200000047683716, -24.57715606689453, 2.141421318054199), (3.4283509254455566, -24.665502548217773, 2), (3.4379289150238037, -24.592750549316406, 2.141421318054199), (3.200000047683716, -24.57715606689453, 2.141421318054199), (3.200000047683716, -24.57715606689453, 2.141421318054199), (3.4379289150238037, -24.592750549316406, 2.141421318054199), (3.200000047683716, -24.399999618530273, 2.200000047683716), (3.4379289150238037, -24.592750549316406, 2.141421318054199), (3.461052417755127, -24.417110443115234, 2.200000047683716), (3.200000047683716, -24.399999618530273, 2.200000047683716), (3.461052417755127, -24.417110443115234, -0.20000000298023224), (3.7176380157470703, -24.468149185180664, -0.20000000298023224), (3.4379289150238037, -24.592750549316406, -0.1414213627576828), (3.7176380157470703, -24.468149185180664, -0.20000000298023224), (3.6717867851257324, -24.639266967773438, -0.1414213627576828), (3.4379289150238037, -24.592750549316406, -0.1414213627576828), (3.4379289150238037, -24.592750549316406, -0.1414213627576828), (3.6717867851257324, -24.639266967773438, -0.1414213627576828), (3.4283509254455566, -24.665502548217773, 0), (3.6717867851257324, -24.639266967773438, -0.1414213627576828), (3.652794599533081, -24.710147857666016, 0), (3.4283509254455566, -24.665502548217773, 0), (3.4283509254455566, -24.665502548217773, 0), (3.652794599533081, -24.710147857666016, 0), (3.4283509254455566, -24.665502548217773, 2), (3.652794599533081, -24.710147857666016, 0), (3.652794599533081, -24.710147857666016, 2), (3.4283509254455566, -24.665502548217773, 2), (3.4283509254455566, -24.665502548217773, 2), (3.652794599533081, -24.710147857666016, 2), (3.4379289150238037, -24.592750549316406, 2.141421318054199), (3.652794599533081, -24.710147857666016, 2), (3.6717867851257324, -24.639266967773438, 2.141421318054199), (3.4379289150238037, -24.592750549316406, 2.141421318054199), (3.4379289150238037, -24.592750549316406, 2.141421318054199), (3.6717867851257324, -24.639266967773438, 2.141421318054199), (3.461052417755127, -24.417110443115234, 2.200000047683716), (3.6717867851257324, -24.639266967773438, 2.141421318054199), (3.7176380157470703, -24.468149185180664, 2.200000047683716), (3.461052417755127, -24.417110443115234, 2.200000047683716), (3.7176380157470703, -24.468149185180664, -0.20000000298023224), (3.965366840362549, -24.5522403717041, -0.20000000298023224), (3.6717867851257324, -24.639266967773438, -0.1414213627576828), (3.965366840362549, -24.5522403717041, -0.20000000298023224), (3.8975722789764404, -24.715911865234375, -0.1414213627576828), (3.6717867851257324, -24.639266967773438, -0.1414213627576828), (3.6717867851257324, -24.639266967773438, -0.1414213627576828), (3.8975722789764404, -24.715911865234375, -0.1414213627576828), (3.652794599533081, -24.710147857666016, 0), (3.8975722789764404, -24.715911865234375, -0.1414213627576828), (3.869490623474121, -24.783706665039062, 0), (3.652794599533081, -24.710147857666016, 0), (3.652794599533081, -24.710147857666016, 0), (3.869490623474121, -24.783706665039062, 0), (3.652794599533081, -24.710147857666016, 2), (3.869490623474121, -24.783706665039062, 0), (3.869490623474121, -24.783706665039062, 2), (3.652794599533081, -24.710147857666016, 2), (3.652794599533081, -24.710147857666016, 2), (3.869490623474121, -24.783706665039062, 2), (3.6717867851257324, -24.639266967773438, 2.141421318054199), (3.869490623474121, -24.783706665039062, 2), (3.8975722789764404, -24.715911865234375, 2.141421318054199), (3.6717867851257324, -24.639266967773438, 2.141421318054199), (3.6717867851257324, -24.639266967773438, 2.141421318054199), (3.8975722789764404, -24.715911865234375, 2.141421318054199), (3.7176380157470703, -24.468149185180664, 2.200000047683716), (3.8975722789764404, -24.715911865234375, 2.141421318054199), (3.965366840362549, -24.5522403717041, 2.200000047683716), (3.7176380157470703, -24.468149185180664, 2.200000047683716), (3.965366840362549, -24.5522403717041, -0.20000000298023224), (4.199999809265137, -24.667949676513672, -0.20000000298023224), (3.8975722789764404, -24.715911865234375, -0.1414213627576828), (4.199999809265137, -24.667949676513672, -0.20000000298023224), (4.111422061920166, -24.82137107849121, -0.1414213627576828), (3.8975722789764404, -24.715911865234375, -0.1414213627576828), (3.8975722789764404, -24.715911865234375, -0.1414213627576828), (4.111422061920166, -24.82137107849121, -0.1414213627576828), (3.869490623474121, -24.783706665039062, 0), (4.111422061920166, -24.82137107849121, -0.1414213627576828), (4.074731826782227, -24.884920120239258, 0), (3.869490623474121, -24.783706665039062, 0), (3.869490623474121, -24.783706665039062, 0), (4.074731826782227, -24.884920120239258, 0), (3.869490623474121, -24.783706665039062, 2), (4.074731826782227, -24.884920120239258, 0), (4.074731826782227, -24.884920120239258, 2), (3.869490623474121, -24.783706665039062, 2), (3.869490623474121, -24.783706665039062, 2), (4.074731826782227, -24.884920120239258, 2), (3.8975722789764404, -24.715911865234375, 2.141421318054199), (4.074731826782227, -24.884920120239258, 2), (4.111422061920166, -24.82137107849121, 2.141421318054199), (3.8975722789764404, -24.715911865234375, 2.141421318054199), (3.8975722789764404, -24.715911865234375, 2.141421318054199), (4.111422061920166, -24.82137107849121, 2.141421318054199), (3.965366840362549, -24.5522403717041, 2.200000047683716), (4.111422061920166, -24.82137107849121, 2.141421318054199), (4.199999809265137, -24.667949676513672, 2.200000047683716), (3.965366840362549, -24.5522403717041, 2.200000047683716), (4.199999809265137, -24.667949676513672, -0.20000000298023224), (4.41752290725708, -24.81329345703125, -0.20000000298023224), (4.111422061920166, -24.82137107849121, -0.1414213627576828), (4.41752290725708, -24.81329345703125, -0.20000000298023224), (4.3096771240234375, -24.953840255737305, -0.1414213627576828), (4.111422061920166, -24.82137107849121, -0.1414213627576828), (4.111422061920166, -24.82137107849121, -0.1414213627576828), (4.3096771240234375, -24.953840255737305, -0.1414213627576828), (4.074731826782227, -24.884920120239258, 0), (4.3096771240234375, -24.953840255737305, -0.1414213627576828), (4.265006065368652, -25.012056350708008, 0), (4.074731826782227, -24.884920120239258, 0), (4.074731826782227, -24.884920120239258, 0), (4.265006065368652, -25.012056350708008, 0), (4.074731826782227, -24.884920120239258, 2), (4.265006065368652, -25.012056350708008, 0), (4.265006065368652, -25.012056350708008, 2), (4.074731826782227, -24.884920120239258, 2), (4.074731826782227, -24.884920120239258, 2), (4.265006065368652, -25.012056350708008, 2), (4.111422061920166, -24.82137107849121, 2.141421318054199), (4.265006065368652, -25.012056350708008, 2), (4.3096771240234375, -24.953840255737305, 2.141421318054199), (4.111422061920166, -24.82137107849121, 2.141421318054199), (4.111422061920166, -24.82137107849121, 2.141421318054199), (4.3096771240234375, -24.953840255737305, 2.141421318054199), (4.199999809265137, -24.667949676513672, 2.200000047683716), (4.3096771240234375, -24.953840255737305, 2.141421318054199), (4.41752290725708, -24.81329345703125, 2.200000047683716), (4.199999809265137, -24.667949676513672, 2.200000047683716), (4.41752290725708, -24.81329345703125, -0.20000000298023224), (4.614213466644287, -24.98578643798828, -0.20000000298023224), (4.3096771240234375, -24.953840255737305, -0.1414213627576828), (4.614213466644287, -24.98578643798828, -0.20000000298023224), (4.488945484161377, -25.111055374145508, -0.1414213627576828), (4.3096771240234375, -24.953840255737305, -0.1414213627576828), (4.3096771240234375, -24.953840255737305, -0.1414213627576828), (4.488945484161377, -25.111055374145508, -0.1414213627576828), (4.265006065368652, -25.012056350708008, 0), (4.488945484161377, -25.111055374145508, -0.1414213627576828), (4.4370574951171875, -25.16294288635254, 0), (4.265006065368652, -25.012056350708008, 0), (4.265006065368652, -25.012056350708008, 0), (4.4370574951171875, -25.16294288635254, 0), (4.265006065368652, -25.012056350708008, 2), (4.4370574951171875, -25.16294288635254, 0), (4.4370574951171875, -25.16294288635254, 2), (4.265006065368652, -25.012056350708008, 2), (4.265006065368652, -25.012056350708008, 2), (4.4370574951171875, -25.16294288635254, 2), (4.3096771240234375, -24.953840255737305, 2.141421318054199), (4.4370574951171875, -25.16294288635254, 2), (4.488945484161377, -25.111055374145508, 2.141421318054199), (4.3096771240234375, -24.953840255737305, 2.141421318054199), (4.3096771240234375, -24.953840255737305, 2.141421318054199), (4.488945484161377, -25.111055374145508, 2.141421318054199), (4.41752290725708, -24.81329345703125, 2.200000047683716), (4.488945484161377, -25.111055374145508, 2.141421318054199), (4.614213466644287, -24.98578643798828, 2.200000047683716), (4.41752290725708, -24.81329345703125, 2.200000047683716), (4.614213466644287, -24.98578643798828, -0.20000000298023224), (4.786706447601318, -25.182477951049805, -0.20000000298023224), (4.488945484161377, -25.111055374145508, -0.1414213627576828), (4.786706447601318, -25.182477951049805, -0.20000000298023224), (4.6461591720581055, -25.29032325744629, -0.1414213627576828), (4.488945484161377, -25.111055374145508, -0.1414213627576828), (4.488945484161377, -25.111055374145508, -0.1414213627576828), (4.6461591720581055, -25.29032325744629, -0.1414213627576828), (4.4370574951171875, -25.16294288635254, 0), (4.6461591720581055, -25.29032325744629, -0.1414213627576828), (4.587942600250244, -25.334993362426758, 0), (4.4370574951171875, -25.16294288635254, 0), (4.4370574951171875, -25.16294288635254, 0), (4.587942600250244, -25.334993362426758, 0), (4.4370574951171875, -25.16294288635254, 2), (4.587942600250244, -25.334993362426758, 0), (4.587942600250244, -25.334993362426758, 2), (4.4370574951171875, -25.16294288635254, 2), (4.4370574951171875, -25.16294288635254, 2), (4.587942600250244, -25.334993362426758, 2), (4.488945484161377, -25.111055374145508, 2.141421318054199), (4.587942600250244, -25.334993362426758, 2), (4.6461591720581055, -25.29032325744629, 2.141421318054199), (4.488945484161377, -25.111055374145508, 2.141421318054199), (4.488945484161377, -25.111055374145508, 2.141421318054199), (4.6461591720581055, -25.29032325744629, 2.141421318054199), (4.614213466644287, -24.98578643798828, 2.200000047683716), (4.6461591720581055, -25.29032325744629, 2.141421318054199), (4.786706447601318, -25.182477951049805, 2.200000047683716), (4.614213466644287, -24.98578643798828, 2.200000047683716), (4.786706447601318, -25.182477951049805, -0.20000000298023224), (4.932050704956055, -25.399999618530273, -0.20000000298023224), (4.6461591720581055, -25.29032325744629, -0.1414213627576828), (4.932050704956055, -25.399999618530273, -0.20000000298023224), (4.778629302978516, -25.48857879638672, -0.1414213627576828), (4.6461591720581055, -25.29032325744629, -0.1414213627576828), (4.6461591720581055, -25.29032325744629, -0.1414213627576828), (4.778629302978516, -25.48857879638672, -0.1414213627576828), (4.587942600250244, -25.334993362426758, 0), (4.778629302978516, -25.48857879638672, -0.1414213627576828), (4.7150797843933105, -25.5252685546875, 0), (4.587942600250244, -25.334993362426758, 0), (4.587942600250244, -25.334993362426758, 0), (4.7150797843933105, -25.5252685546875, 0), (4.587942600250244, -25.334993362426758, 2), (4.7150797843933105, -25.5252685546875, 0), (4.7150797843933105, -25.5252685546875, 2), (4.587942600250244, -25.334993362426758, 2), (4.587942600250244, -25.334993362426758, 2), (4.7150797843933105, -25.5252685546875, 2), (4.6461591720581055, -25.29032325744629, 2.141421318054199), (4.7150797843933105, -25.5252685546875, 2), (4.778629302978516, -25.48857879638672, 2.141421318054199), (4.6461591720581055, -25.29032325744629, 2.141421318054199), (4.6461591720581055, -25.29032325744629, 2.141421318054199), (4.778629302978516, -25.48857879638672, 2.141421318054199), (4.786706447601318, -25.182477951049805, 2.200000047683716), (4.778629302978516, -25.48857879638672, 2.141421318054199), (4.932050704956055, -25.399999618530273, 2.200000047683716), (4.786706447601318, -25.182477951049805, 2.200000047683716), (4.932050704956055, -25.399999618530273, -0.20000000298023224), (5.047759056091309, -25.634634017944336, -0.20000000298023224), (4.778629302978516, -25.48857879638672, -0.1414213627576828), (5.047759056091309, -25.634634017944336, -0.20000000298023224), (4.884088039398193, -25.70242691040039, -0.1414213627576828), (4.778629302978516, -25.48857879638672, -0.1414213627576828), (4.778629302978516, -25.48857879638672, -0.1414213627576828), (4.884088039398193, -25.70242691040039, -0.1414213627576828), (4.7150797843933105, -25.5252685546875, 0), (4.884088039398193, -25.70242691040039, -0.1414213627576828), (4.816293716430664, -25.73050880432129, 0), (4.7150797843933105, -25.5252685546875, 0), (4.7150797843933105, -25.5252685546875, 0), (4.816293716430664, -25.73050880432129, 0), (4.7150797843933105, -25.5252685546875, 2), (4.816293716430664, -25.73050880432129, 0), (4.816293716430664, -25.73050880432129, 2), (4.7150797843933105, -25.5252685546875, 2), (4.7150797843933105, -25.5252685546875, 2), (4.816293716430664, -25.73050880432129, 2), (4.778629302978516, -25.48857879638672, 2.141421318054199), (4.816293716430664, -25.73050880432129, 2), (4.884088039398193, -25.70242691040039, 2.141421318054199), (4.778629302978516, -25.48857879638672, 2.141421318054199), (4.778629302978516, -25.48857879638672, 2.141421318054199), (4.884088039398193, -25.70242691040039, 2.141421318054199), (4.932050704956055, -25.399999618530273, 2.200000047683716), (4.884088039398193, -25.70242691040039, 2.141421318054199), (5.047759056091309, -25.634634017944336, 2.200000047683716), (4.932050704956055, -25.399999618530273, 2.200000047683716), (5.047759056091309, -25.634634017944336, -0.20000000298023224), (5.131851673126221, -25.882362365722656, -0.20000000298023224), (4.884088039398193, -25.70242691040039, -0.1414213627576828), (5.131851673126221, -25.882362365722656, -0.20000000298023224), (4.9607319831848145, -25.928213119506836, -0.1414213627576828), (4.884088039398193, -25.70242691040039, -0.1414213627576828), (4.884088039398193, -25.70242691040039, -0.1414213627576828), (4.9607319831848145, -25.928213119506836, -0.1414213627576828), (4.816293716430664, -25.73050880432129, 0), (4.9607319831848145, -25.928213119506836, -0.1414213627576828), (4.889852046966553, -25.94720458984375, 0), (4.816293716430664, -25.73050880432129, 0), (4.816293716430664, -25.73050880432129, 0), (4.889852046966553, -25.94720458984375, 0), (4.816293716430664, -25.73050880432129, 2), (4.889852046966553, -25.94720458984375, 0), (4.889852046966553, -25.94720458984375, 2), (4.816293716430664, -25.73050880432129, 2), (4.816293716430664, -25.73050880432129, 2), (4.889852046966553, -25.94720458984375, 2), (4.884088039398193, -25.70242691040039, 2.141421318054199), (4.889852046966553, -25.94720458984375, 2), (4.9607319831848145, -25.928213119506836, 2.141421318054199), (4.884088039398193, -25.70242691040039, 2.141421318054199), (4.884088039398193, -25.70242691040039, 2.141421318054199), (4.9607319831848145, -25.928213119506836, 2.141421318054199), (5.047759056091309, -25.634634017944336, 2.200000047683716), (4.9607319831848145, -25.928213119506836, 2.141421318054199), (5.131851673126221, -25.882362365722656, 2.200000047683716), (5.047759056091309, -25.634634017944336, 2.200000047683716), (5.131851673126221, -25.882362365722656, -0.20000000298023224), (5.182889938354492, -26.138948440551758, -0.20000000298023224), (4.9607319831848145, -25.928213119506836, -0.1414213627576828), (5.182889938354492, -26.138948440551758, -0.20000000298023224), (5.007249355316162, -26.162071228027344, -0.1414213627576828), (4.9607319831848145, -25.928213119506836, -0.1414213627576828), (4.9607319831848145, -25.928213119506836, -0.1414213627576828), (5.007249355316162, -26.162071228027344, -0.1414213627576828), (4.889852046966553, -25.94720458984375, 0), (5.007249355316162, -26.162071228027344, -0.1414213627576828), (4.934496879577637, -26.171649932861328, 0), (4.889852046966553, -25.94720458984375, 0), (4.889852046966553, -25.94720458984375, 0), (4.934496879577637, -26.171649932861328, 0), (4.889852046966553, -25.94720458984375, 2), (4.934496879577637, -26.171649932861328, 0), (4.934496879577637, -26.171649932861328, 2), (4.889852046966553, -25.94720458984375, 2), (4.889852046966553, -25.94720458984375, 2), (4.934496879577637, -26.171649932861328, 2), (4.9607319831848145, -25.928213119506836, 2.141421318054199), (4.934496879577637, -26.171649932861328, 2), (5.007249355316162, -26.162071228027344, 2.141421318054199), (4.9607319831848145, -25.928213119506836, 2.141421318054199), (4.9607319831848145, -25.928213119506836, 2.141421318054199), (5.007249355316162, -26.162071228027344, 2.141421318054199), (5.131851673126221, -25.882362365722656, 2.200000047683716), (5.007249355316162, -26.162071228027344, 2.141421318054199), (5.182889938354492, -26.138948440551758, 2.200000047683716), (5.131851673126221, -25.882362365722656, 2.200000047683716), (5.182889938354492, -26.138948440551758, -0.20000000298023224), (5.199999809265137, -26.399999618530273, -0.20000000298023224), (5.007249355316162, -26.162071228027344, -0.1414213627576828), (5.199999809265137, -26.399999618530273, -0.20000000298023224), (5.022843837738037, -26.399999618530273, -0.1414213627576828), (5.007249355316162, -26.162071228027344, -0.1414213627576828), (5.007249355316162, -26.162071228027344, -0.1414213627576828), (5.022843837738037, -26.399999618530273, -0.1414213627576828), (4.934496879577637, -26.171649932861328, 0), (5.022843837738037, -26.399999618530273, -0.1414213627576828), (4.949463367462158, -26.399999618530273, 0), (4.934496879577637, -26.171649932861328, 0), (4.934496879577637, -26.171649932861328, 0), (4.949463367462158, -26.399999618530273, 0), (4.934496879577637, -26.171649932861328, 2), (4.949463367462158, -26.399999618530273, 0), (4.949463367462158, -26.399999618530273, 2), (4.934496879577637, -26.171649932861328, 2), (4.934496879577637, -26.171649932861328, 2), (4.949463367462158, -26.399999618530273, 2), (5.007249355316162, -26.162071228027344, 2.141421318054199), (4.949463367462158, -26.399999618530273, 2), (5.022843837738037, -26.399999618530273, 2.141421318054199), (5.007249355316162, -26.162071228027344, 2.141421318054199), (5.007249355316162, -26.162071228027344, 2.141421318054199), (5.022843837738037, -26.399999618530273, 2.141421318054199), (5.182889938354492, -26.138948440551758, 2.200000047683716), (5.022843837738037, -26.399999618530273, 2.141421318054199), (5.199999809265137, -26.399999618530273, 2.200000047683716), (5.182889938354492, -26.138948440551758, 2.200000047683716), (7.599999904632568, 26.399999618530273, -0.20000000298023224), (7.582889556884766, 26.138948440551758, -0.20000000298023224), (7.422843933105469, 26.399999618530273, -0.1414213627576828), (7.582889556884766, 26.138948440551758, -0.20000000298023224), (7.407249450683594, 26.162071228027344, -0.1414213627576828), (7.422843933105469, 26.399999618530273, -0.1414213627576828), (7.422843933105469, 26.399999618530273, -0.1414213627576828), (7.407249450683594, 26.162071228027344, -0.1414213627576828), (7.34946346282959, 26.399999618530273, 0), (7.407249450683594, 26.162071228027344, -0.1414213627576828), (7.33449649810791, 26.171649932861328, 0), (7.34946346282959, 26.399999618530273, 0), (7.34946346282959, 26.399999618530273, 0), (7.33449649810791, 26.171649932861328, 0), (7.34946346282959, 26.399999618530273, 2), (7.33449649810791, 26.171649932861328, 0), (7.33449649810791, 26.171649932861328, 2), (7.34946346282959, 26.399999618530273, 2), (7.34946346282959, 26.399999618530273, 2), (7.33449649810791, 26.171649932861328, 2), (7.422843933105469, 26.399999618530273, 2.141421318054199), (7.33449649810791, 26.171649932861328, 2), (7.407249450683594, 26.162071228027344, 2.141421318054199), (7.422843933105469, 26.399999618530273, 2.141421318054199), (7.422843933105469, 26.399999618530273, 2.141421318054199), (7.407249450683594, 26.162071228027344, 2.141421318054199), (7.599999904632568, 26.399999618530273, 2.200000047683716), (7.407249450683594, 26.162071228027344, 2.141421318054199), (7.582889556884766, 26.138948440551758, 2.200000047683716), (7.599999904632568, 26.399999618530273, 2.200000047683716), (7.582889556884766, 26.138948440551758, -0.20000000298023224), (7.531851768493652, 25.882362365722656, -0.20000000298023224), (7.407249450683594, 26.162071228027344, -0.1414213627576828), (7.531851768493652, 25.882362365722656, -0.20000000298023224), (7.360732078552246, 25.928213119506836, -0.1414213627576828), (7.407249450683594, 26.162071228027344, -0.1414213627576828), (7.407249450683594, 26.162071228027344, -0.1414213627576828), (7.360732078552246, 25.928213119506836, -0.1414213627576828), (7.33449649810791, 26.171649932861328, 0), (7.360732078552246, 25.928213119506836, -0.1414213627576828), (7.289852142333984, 25.94720458984375, 0), (7.33449649810791, 26.171649932861328, 0), (7.33449649810791, 26.171649932861328, 0), (7.289852142333984, 25.94720458984375, 0), (7.33449649810791, 26.171649932861328, 2), (7.289852142333984, 25.94720458984375, 0), (7.289852142333984, 25.94720458984375, 2), (7.33449649810791, 26.171649932861328, 2), (7.33449649810791, 26.171649932861328, 2), (7.289852142333984, 25.94720458984375, 2), (7.407249450683594, 26.162071228027344, 2.141421318054199), (7.289852142333984, 25.94720458984375, 2), (7.360732078552246, 25.928213119506836, 2.141421318054199), (7.407249450683594, 26.162071228027344, 2.141421318054199), (7.407249450683594, 26.162071228027344, 2.141421318054199), (7.360732078552246, 25.928213119506836, 2.141421318054199), (7.582889556884766, 26.138948440551758, 2.200000047683716), (7.360732078552246, 25.928213119506836, 2.141421318054199), (7.531851768493652, 25.882362365722656, 2.200000047683716), (7.582889556884766, 26.138948440551758, 2.200000047683716), (7.531851768493652, 25.882362365722656, -0.20000000298023224), (7.44775915145874, 25.634634017944336, -0.20000000298023224), (7.360732078552246, 25.928213119506836, -0.1414213627576828), (7.44775915145874, 25.634634017944336, -0.20000000298023224), (7.284088134765625, 25.70242691040039, -0.1414213627576828), (7.360732078552246, 25.928213119506836, -0.1414213627576828), (7.360732078552246, 25.928213119506836, -0.1414213627576828), (7.284088134765625, 25.70242691040039, -0.1414213627576828), (7.289852142333984, 25.94720458984375, 0), (7.284088134765625, 25.70242691040039, -0.1414213627576828), (7.216293811798096, 25.73050880432129, 0), (7.289852142333984, 25.94720458984375, 0), (7.289852142333984, 25.94720458984375, 0), (7.216293811798096, 25.73050880432129, 0), (7.289852142333984, 25.94720458984375, 2), (7.216293811798096, 25.73050880432129, 0), (7.216293811798096, 25.73050880432129, 2), (7.289852142333984, 25.94720458984375, 2), (7.289852142333984, 25.94720458984375, 2), (7.216293811798096, 25.73050880432129, 2), (7.360732078552246, 25.928213119506836, 2.141421318054199), (7.216293811798096, 25.73050880432129, 2), (7.284088134765625, 25.70242691040039, 2.141421318054199), (7.360732078552246, 25.928213119506836, 2.141421318054199), (7.360732078552246, 25.928213119506836, 2.141421318054199), (7.284088134765625, 25.70242691040039, 2.141421318054199), (7.531851768493652, 25.882362365722656, 2.200000047683716), (7.284088134765625, 25.70242691040039, 2.141421318054199), (7.44775915145874, 25.634634017944336, 2.200000047683716), (7.531851768493652, 25.882362365722656, 2.200000047683716), (7.44775915145874, 25.634634017944336, -0.20000000298023224), (7.332050800323486, 25.399999618530273, -0.20000000298023224), (7.284088134765625, 25.70242691040039, -0.1414213627576828), (7.332050800323486, 25.399999618530273, -0.20000000298023224), (7.178629398345947, 25.48857879638672, -0.1414213627576828), (7.284088134765625, 25.70242691040039, -0.1414213627576828), (7.284088134765625, 25.70242691040039, -0.1414213627576828), (7.178629398345947, 25.48857879638672, -0.1414213627576828), (7.216293811798096, 25.73050880432129, 0), (7.178629398345947, 25.48857879638672, -0.1414213627576828), (7.115079879760742, 25.5252685546875, 0), (7.216293811798096, 25.73050880432129, 0), (7.216293811798096, 25.73050880432129, 0), (7.115079879760742, 25.5252685546875, 0), (7.216293811798096, 25.73050880432129, 2), (7.115079879760742, 25.5252685546875, 0), (7.115079879760742, 25.5252685546875, 2), (7.216293811798096, 25.73050880432129, 2), (7.216293811798096, 25.73050880432129, 2), (7.115079879760742, 25.5252685546875, 2), (7.284088134765625, 25.70242691040039, 2.141421318054199), (7.115079879760742, 25.5252685546875, 2), (7.178629398345947, 25.48857879638672, 2.141421318054199), (7.284088134765625, 25.70242691040039, 2.141421318054199), (7.284088134765625, 25.70242691040039, 2.141421318054199), (7.178629398345947, 25.48857879638672, 2.141421318054199), (7.44775915145874, 25.634634017944336, 2.200000047683716), (7.178629398345947, 25.48857879638672, 2.141421318054199), (7.332050800323486, 25.399999618530273, 2.200000047683716), (7.44775915145874, 25.634634017944336, 2.200000047683716), (7.332050800323486, 25.399999618530273, -0.20000000298023224), (7.18670654296875, 25.182477951049805, -0.20000000298023224), (7.178629398345947, 25.48857879638672, -0.1414213627576828), (7.18670654296875, 25.182477951049805, -0.20000000298023224), (7.046159267425537, 25.29032325744629, -0.1414213627576828), (7.178629398345947, 25.48857879638672, -0.1414213627576828), (7.178629398345947, 25.48857879638672, -0.1414213627576828), (7.046159267425537, 25.29032325744629, -0.1414213627576828), (7.115079879760742, 25.5252685546875, 0), (7.046159267425537, 25.29032325744629, -0.1414213627576828), (6.987942695617676, 25.334993362426758, 0), (7.115079879760742, 25.5252685546875, 0), (7.115079879760742, 25.5252685546875, 0), (6.987942695617676, 25.334993362426758, 0), (7.115079879760742, 25.5252685546875, 2), (6.987942695617676, 25.334993362426758, 0), (6.987942695617676, 25.334993362426758, 2), (7.115079879760742, 25.5252685546875, 2), (7.115079879760742, 25.5252685546875, 2), (6.987942695617676, 25.334993362426758, 2), (7.178629398345947, 25.48857879638672, 2.141421318054199), (6.987942695617676, 25.334993362426758, 2), (7.046159267425537, 25.29032325744629, 2.141421318054199), (7.178629398345947, 25.48857879638672, 2.141421318054199), (7.178629398345947, 25.48857879638672, 2.141421318054199), (7.046159267425537, 25.29032325744629, 2.141421318054199), (7.332050800323486, 25.399999618530273, 2.200000047683716), (7.046159267425537, 25.29032325744629, 2.141421318054199), (7.18670654296875, 25.182477951049805, 2.200000047683716), (7.332050800323486, 25.399999618530273, 2.200000047683716), (7.18670654296875, 25.182477951049805, -0.20000000298023224), (7.014213562011719, 24.98578643798828, -0.20000000298023224), (7.046159267425537, 25.29032325744629, -0.1414213627576828), (7.014213562011719, 24.98578643798828, -0.20000000298023224), (6.888945579528809, 25.111055374145508, -0.1414213627576828), (7.046159267425537, 25.29032325744629, -0.1414213627576828), (7.046159267425537, 25.29032325744629, -0.1414213627576828), (6.888945579528809, 25.111055374145508, -0.1414213627576828), (6.987942695617676, 25.334993362426758, 0), (6.888945579528809, 25.111055374145508, -0.1414213627576828), (6.837057590484619, 25.16294288635254, 0), (6.987942695617676, 25.334993362426758, 0), (6.987942695617676, 25.334993362426758, 0), (6.837057590484619, 25.16294288635254, 0), (6.987942695617676, 25.334993362426758, 2), (6.837057590484619, 25.16294288635254, 0), (6.837057590484619, 25.16294288635254, 2), (6.987942695617676, 25.334993362426758, 2), (6.987942695617676, 25.334993362426758, 2), (6.837057590484619, 25.16294288635254, 2), (7.046159267425537, 25.29032325744629, 2.141421318054199), (6.837057590484619, 25.16294288635254, 2), (6.888945579528809, 25.111055374145508, 2.141421318054199), (7.046159267425537, 25.29032325744629, 2.141421318054199), (7.046159267425537, 25.29032325744629, 2.141421318054199), (6.888945579528809, 25.111055374145508, 2.141421318054199), (7.18670654296875, 25.182477951049805, 2.200000047683716), (6.888945579528809, 25.111055374145508, 2.141421318054199), (7.014213562011719, 24.98578643798828, 2.200000047683716), (7.18670654296875, 25.182477951049805, 2.200000047683716), (7.014213562011719, 24.98578643798828, -0.20000000298023224), (6.817523002624512, 24.81329345703125, -0.20000000298023224), (6.888945579528809, 25.111055374145508, -0.1414213627576828), (6.817523002624512, 24.81329345703125, -0.20000000298023224), (6.709677219390869, 24.953840255737305, -0.1414213627576828), (6.888945579528809, 25.111055374145508, -0.1414213627576828), (6.888945579528809, 25.111055374145508, -0.1414213627576828), (6.709677219390869, 24.953840255737305, -0.1414213627576828), (6.837057590484619, 25.16294288635254, 0), (6.709677219390869, 24.953840255737305, -0.1414213627576828), (6.665006160736084, 25.012056350708008, 0), (6.837057590484619, 25.16294288635254, 0), (6.837057590484619, 25.16294288635254, 0), (6.665006160736084, 25.012056350708008, 0), (6.837057590484619, 25.16294288635254, 2), (6.665006160736084, 25.012056350708008, 0), (6.665006160736084, 25.012056350708008, 2), (6.837057590484619, 25.16294288635254, 2), (6.837057590484619, 25.16294288635254, 2), (6.665006160736084, 25.012056350708008, 2), (6.888945579528809, 25.111055374145508, 2.141421318054199), (6.665006160736084, 25.012056350708008, 2), (6.709677219390869, 24.953840255737305, 2.141421318054199), (6.888945579528809, 25.111055374145508, 2.141421318054199), (6.888945579528809, 25.111055374145508, 2.141421318054199), (6.709677219390869, 24.953840255737305, 2.141421318054199), (7.014213562011719, 24.98578643798828, 2.200000047683716), (6.709677219390869, 24.953840255737305, 2.141421318054199), (6.817523002624512, 24.81329345703125, 2.200000047683716), (7.014213562011719, 24.98578643798828, 2.200000047683716), (6.817523002624512, 24.81329345703125, -0.20000000298023224), (6.599999904632568, 24.667949676513672, -0.20000000298023224), (6.709677219390869, 24.953840255737305, -0.1414213627576828), (6.599999904632568, 24.667949676513672, -0.20000000298023224), (6.511422157287598, 24.82137107849121, -0.1414213627576828), (6.709677219390869, 24.953840255737305, -0.1414213627576828), (6.709677219390869, 24.953840255737305, -0.1414213627576828), (6.511422157287598, 24.82137107849121, -0.1414213627576828), (6.665006160736084, 25.012056350708008, 0), (6.511422157287598, 24.82137107849121, -0.1414213627576828), (6.474731922149658, 24.884920120239258, 0), (6.665006160736084, 25.012056350708008, 0), (6.665006160736084, 25.012056350708008, 0), (6.474731922149658, 24.884920120239258, 0), (6.665006160736084, 25.012056350708008, 2), (6.474731922149658, 24.884920120239258, 0), (6.474731922149658, 24.884920120239258, 2), (6.665006160736084, 25.012056350708008, 2), (6.665006160736084, 25.012056350708008, 2), (6.474731922149658, 24.884920120239258, 2), (6.709677219390869, 24.953840255737305, 2.141421318054199), (6.474731922149658, 24.884920120239258, 2), (6.511422157287598, 24.82137107849121, 2.141421318054199), (6.709677219390869, 24.953840255737305, 2.141421318054199), (6.709677219390869, 24.953840255737305, 2.141421318054199), (6.511422157287598, 24.82137107849121, 2.141421318054199), (6.817523002624512, 24.81329345703125, 2.200000047683716), (6.511422157287598, 24.82137107849121, 2.141421318054199), (6.599999904632568, 24.667949676513672, 2.200000047683716), (6.817523002624512, 24.81329345703125, 2.200000047683716), (6.599999904632568, 24.667949676513672, -0.20000000298023224), (6.3653669357299805, 24.5522403717041, -0.20000000298023224), (6.511422157287598, 24.82137107849121, -0.1414213627576828), (6.3653669357299805, 24.5522403717041, -0.20000000298023224), (6.297572135925293, 24.715911865234375, -0.1414213627576828), (6.511422157287598, 24.82137107849121, -0.1414213627576828), (6.511422157287598, 24.82137107849121, -0.1414213627576828), (6.297572135925293, 24.715911865234375, -0.1414213627576828), (6.474731922149658, 24.884920120239258, 0), (6.297572135925293, 24.715911865234375, -0.1414213627576828), (6.269490718841553, 24.783706665039062, 0), (6.474731922149658, 24.884920120239258, 0), (6.474731922149658, 24.884920120239258, 0), (6.269490718841553, 24.783706665039062, 0), (6.474731922149658, 24.884920120239258, 2), (6.269490718841553, 24.783706665039062, 0), (6.269490718841553, 24.783706665039062, 2), (6.474731922149658, 24.884920120239258, 2), (6.474731922149658, 24.884920120239258, 2), (6.269490718841553, 24.783706665039062, 2), (6.511422157287598, 24.82137107849121, 2.141421318054199), (6.269490718841553, 24.783706665039062, 2), (6.297572135925293, 24.715911865234375, 2.141421318054199), (6.511422157287598, 24.82137107849121, 2.141421318054199), (6.511422157287598, 24.82137107849121, 2.141421318054199), (6.297572135925293, 24.715911865234375, 2.141421318054199), (6.599999904632568, 24.667949676513672, 2.200000047683716), (6.297572135925293, 24.715911865234375, 2.141421318054199), (6.3653669357299805, 24.5522403717041, 2.200000047683716), (6.599999904632568, 24.667949676513672, 2.200000047683716), (6.3653669357299805, 24.5522403717041, -0.20000000298023224), (6.117638111114502, 24.468149185180664, -0.20000000298023224), (6.297572135925293, 24.715911865234375, -0.1414213627576828), (6.117638111114502, 24.468149185180664, -0.20000000298023224), (6.071786880493164, 24.639266967773438, -0.1414213627576828), (6.297572135925293, 24.715911865234375, -0.1414213627576828), (6.297572135925293, 24.715911865234375, -0.1414213627576828), (6.071786880493164, 24.639266967773438, -0.1414213627576828), (6.269490718841553, 24.783706665039062, 0), (6.071786880493164, 24.639266967773438, -0.1414213627576828), (6.052794456481934, 24.710147857666016, 0), (6.269490718841553, 24.783706665039062, 0), (6.269490718841553, 24.783706665039062, 0), (6.052794456481934, 24.710147857666016, 0), (6.269490718841553, 24.783706665039062, 2), (6.052794456481934, 24.710147857666016, 0), (6.052794456481934, 24.710147857666016, 2), (6.269490718841553, 24.783706665039062, 2), (6.269490718841553, 24.783706665039062, 2), (6.052794456481934, 24.710147857666016, 2), (6.297572135925293, 24.715911865234375, 2.141421318054199), (6.052794456481934, 24.710147857666016, 2), (6.071786880493164, 24.639266967773438, 2.141421318054199), (6.297572135925293, 24.715911865234375, 2.141421318054199), (6.297572135925293, 24.715911865234375, 2.141421318054199), (6.071786880493164, 24.639266967773438, 2.141421318054199), (6.3653669357299805, 24.5522403717041, 2.200000047683716), (6.071786880493164, 24.639266967773438, 2.141421318054199), (6.117638111114502, 24.468149185180664, 2.200000047683716), (6.3653669357299805, 24.5522403717041, 2.200000047683716), (6.117638111114502, 24.468149185180664, -0.20000000298023224), (5.861052513122559, 24.417110443115234, -0.20000000298023224), (6.071786880493164, 24.639266967773438, -0.1414213627576828), (5.861052513122559, 24.417110443115234, -0.20000000298023224), (5.837928771972656, 24.592750549316406, -0.1414213627576828), (6.071786880493164, 24.639266967773438, -0.1414213627576828), (6.071786880493164, 24.639266967773438, -0.1414213627576828), (5.837928771972656, 24.592750549316406, -0.1414213627576828), (6.052794456481934, 24.710147857666016, 0), (5.837928771972656, 24.592750549316406, -0.1414213627576828), (5.828351020812988, 24.665502548217773, 0), (6.052794456481934, 24.710147857666016, 0), (6.052794456481934, 24.710147857666016, 0), (5.828351020812988, 24.665502548217773, 0), (6.052794456481934, 24.710147857666016, 2), (5.828351020812988, 24.665502548217773, 0), (5.828351020812988, 24.665502548217773, 2), (6.052794456481934, 24.710147857666016, 2), (6.052794456481934, 24.710147857666016, 2), (5.828351020812988, 24.665502548217773, 2), (6.071786880493164, 24.639266967773438, 2.141421318054199), (5.828351020812988, 24.665502548217773, 2), (5.837928771972656, 24.592750549316406, 2.141421318054199), (6.071786880493164, 24.639266967773438, 2.141421318054199), (6.071786880493164, 24.639266967773438, 2.141421318054199), (5.837928771972656, 24.592750549316406, 2.141421318054199), (6.117638111114502, 24.468149185180664, 2.200000047683716), (5.837928771972656, 24.592750549316406, 2.141421318054199), (5.861052513122559, 24.417110443115234, 2.200000047683716), (6.117638111114502, 24.468149185180664, 2.200000047683716), (5.861052513122559, 24.417110443115234, -0.20000000298023224), (5.599999904632568, 24.399999618530273, -0.20000000298023224), (5.837928771972656, 24.592750549316406, -0.1414213627576828), (5.599999904632568, 24.399999618530273, -0.20000000298023224), (5.599999904632568, 24.57715606689453, -0.1414213627576828), (5.837928771972656, 24.592750549316406, -0.1414213627576828), (5.837928771972656, 24.592750549316406, -0.1414213627576828), (5.599999904632568, 24.57715606689453, -0.1414213627576828), (5.828351020812988, 24.665502548217773, 0), (5.599999904632568, 24.57715606689453, -0.1414213627576828), (5.599999904632568, 24.650535583496094, 0), (5.828351020812988, 24.665502548217773, 0), (5.828351020812988, 24.665502548217773, 0), (5.599999904632568, 24.650535583496094, 0), (5.828351020812988, 24.665502548217773, 2), (5.599999904632568, 24.650535583496094, 0), (5.599999904632568, 24.650535583496094, 2), (5.828351020812988, 24.665502548217773, 2), (5.828351020812988, 24.665502548217773, 2), (5.599999904632568, 24.650535583496094, 2), (5.837928771972656, 24.592750549316406, 2.141421318054199), (5.599999904632568, 24.650535583496094, 2), (5.599999904632568, 24.57715606689453, 2.141421318054199), (5.837928771972656, 24.592750549316406, 2.141421318054199), (5.837928771972656, 24.592750549316406, 2.141421318054199), (5.599999904632568, 24.57715606689453, 2.141421318054199), (5.861052513122559, 24.417110443115234, 2.200000047683716), (5.599999904632568, 24.57715606689453, 2.141421318054199), (5.599999904632568, 24.399999618530273, 2.200000047683716), (5.861052513122559, 24.417110443115234, 2.200000047683716), (5.599999904632568, 24.399999618530273, -0.20000000298023224), (5.338947772979736, 24.417110443115234, -0.20000000298023224), (5.599999904632568, 24.57715606689453, -0.1414213627576828), (5.338947772979736, 24.417110443115234, -0.20000000298023224), (5.3620710372924805, 24.592750549316406, -0.1414213627576828), (5.599999904632568, 24.57715606689453, -0.1414213627576828), (5.599999904632568, 24.57715606689453, -0.1414213627576828), (5.3620710372924805, 24.592750549316406, -0.1414213627576828), (5.599999904632568, 24.650535583496094, 0), (5.3620710372924805, 24.592750549316406, -0.1414213627576828), (5.371649265289307, 24.665502548217773, 0), (5.599999904632568, 24.650535583496094, 0), (5.599999904632568, 24.650535583496094, 0), (5.371649265289307, 24.665502548217773, 0), (5.599999904632568, 24.650535583496094, 2), (5.371649265289307, 24.665502548217773, 0), (5.371649265289307, 24.665502548217773, 2), (5.599999904632568, 24.650535583496094, 2), (5.599999904632568, 24.650535583496094, 2), (5.371649265289307, 24.665502548217773, 2), (5.599999904632568, 24.57715606689453, 2.141421318054199), (5.371649265289307, 24.665502548217773, 2), (5.3620710372924805, 24.592750549316406, 2.141421318054199), (5.599999904632568, 24.57715606689453, 2.141421318054199), (5.599999904632568, 24.57715606689453, 2.141421318054199), (5.3620710372924805, 24.592750549316406, 2.141421318054199), (5.599999904632568, 24.399999618530273, 2.200000047683716), (5.3620710372924805, 24.592750549316406, 2.141421318054199), (5.338947772979736, 24.417110443115234, 2.200000047683716), (5.599999904632568, 24.399999618530273, 2.200000047683716), (5.338947772979736, 24.417110443115234, -0.20000000298023224), (5.082361698150635, 24.468149185180664, -0.20000000298023224), (5.3620710372924805, 24.592750549316406, -0.1414213627576828), (5.082361698150635, 24.468149185180664, -0.20000000298023224), (5.128213405609131, 24.639266967773438, -0.1414213627576828), (5.3620710372924805, 24.592750549316406, -0.1414213627576828), (5.3620710372924805, 24.592750549316406, -0.1414213627576828), (5.128213405609131, 24.639266967773438, -0.1414213627576828), (5.371649265289307, 24.665502548217773, 0), (5.128213405609131, 24.639266967773438, -0.1414213627576828), (5.147205352783203, 24.710147857666016, 0), (5.371649265289307, 24.665502548217773, 0), (5.371649265289307, 24.665502548217773, 0), (5.147205352783203, 24.710147857666016, 0), (5.371649265289307, 24.665502548217773, 2), (5.147205352783203, 24.710147857666016, 0), (5.147205352783203, 24.710147857666016, 2), (5.371649265289307, 24.665502548217773, 2), (5.371649265289307, 24.665502548217773, 2), (5.147205352783203, 24.710147857666016, 2), (5.3620710372924805, 24.592750549316406, 2.141421318054199), (5.147205352783203, 24.710147857666016, 2), (5.128213405609131, 24.639266967773438, 2.141421318054199), (5.3620710372924805, 24.592750549316406, 2.141421318054199), (5.3620710372924805, 24.592750549316406, 2.141421318054199), (5.128213405609131, 24.639266967773438, 2.141421318054199), (5.338947772979736, 24.417110443115234, 2.200000047683716), (5.128213405609131, 24.639266967773438, 2.141421318054199), (5.082361698150635, 24.468149185180664, 2.200000047683716), (5.338947772979736, 24.417110443115234, 2.200000047683716), (5.082361698150635, 24.468149185180664, -0.20000000298023224), (4.8346333503723145, 24.5522403717041, -0.20000000298023224), (5.128213405609131, 24.639266967773438, -0.1414213627576828), (4.8346333503723145, 24.5522403717041, -0.20000000298023224), (4.902427673339844, 24.715911865234375, -0.1414213627576828), (5.128213405609131, 24.639266967773438, -0.1414213627576828), (5.128213405609131, 24.639266967773438, -0.1414213627576828), (4.902427673339844, 24.715911865234375, -0.1414213627576828), (5.147205352783203, 24.710147857666016, 0), (4.902427673339844, 24.715911865234375, -0.1414213627576828), (4.930509090423584, 24.783706665039062, 0), (5.147205352783203, 24.710147857666016, 0), (5.147205352783203, 24.710147857666016, 0), (4.930509090423584, 24.783706665039062, 0), (5.147205352783203, 24.710147857666016, 2), (4.930509090423584, 24.783706665039062, 0), (4.930509090423584, 24.783706665039062, 2), (5.147205352783203, 24.710147857666016, 2), (5.147205352783203, 24.710147857666016, 2), (4.930509090423584, 24.783706665039062, 2), (5.128213405609131, 24.639266967773438, 2.141421318054199), (4.930509090423584, 24.783706665039062, 2), (4.902427673339844, 24.715911865234375, 2.141421318054199), (5.128213405609131, 24.639266967773438, 2.141421318054199), (5.128213405609131, 24.639266967773438, 2.141421318054199), (4.902427673339844, 24.715911865234375, 2.141421318054199), (5.082361698150635, 24.468149185180664, 2.200000047683716), (4.902427673339844, 24.715911865234375, 2.141421318054199), (4.8346333503723145, 24.5522403717041, 2.200000047683716), (5.082361698150635, 24.468149185180664, 2.200000047683716), (4.8346333503723145, 24.5522403717041, -0.20000000298023224), (4.599999904632568, 24.667949676513672, -0.20000000298023224), (4.902427673339844, 24.715911865234375, -0.1414213627576828), (4.599999904632568, 24.667949676513672, -0.20000000298023224), (4.688578128814697, 24.82137107849121, -0.1414213627576828), (4.902427673339844, 24.715911865234375, -0.1414213627576828), (4.902427673339844, 24.715911865234375, -0.1414213627576828), (4.688578128814697, 24.82137107849121, -0.1414213627576828), (4.930509090423584, 24.783706665039062, 0), (4.688578128814697, 24.82137107849121, -0.1414213627576828), (4.725268363952637, 24.884920120239258, 0), (4.930509090423584, 24.783706665039062, 0), (4.930509090423584, 24.783706665039062, 0), (4.725268363952637, 24.884920120239258, 0), (4.930509090423584, 24.783706665039062, 2), (4.725268363952637, 24.884920120239258, 0), (4.725268363952637, 24.884920120239258, 2), (4.930509090423584, 24.783706665039062, 2), (4.930509090423584, 24.783706665039062, 2), (4.725268363952637, 24.884920120239258, 2), (4.902427673339844, 24.715911865234375, 2.141421318054199), (4.725268363952637, 24.884920120239258, 2), (4.688578128814697, 24.82137107849121, 2.141421318054199), (4.902427673339844, 24.715911865234375, 2.141421318054199), (4.902427673339844, 24.715911865234375, 2.141421318054199), (4.688578128814697, 24.82137107849121, 2.141421318054199), (4.8346333503723145, 24.5522403717041, 2.200000047683716), (4.688578128814697, 24.82137107849121, 2.141421318054199), (4.599999904632568, 24.667949676513672, 2.200000047683716), (4.8346333503723145, 24.5522403717041, 2.200000047683716), (4.599999904632568, 24.667949676513672, -0.20000000298023224), (4.382477283477783, 24.81329345703125, -0.20000000298023224), (4.688578128814697, 24.82137107849121, -0.1414213627576828), (4.382477283477783, 24.81329345703125, -0.20000000298023224), (4.490323066711426, 24.953840255737305, -0.1414213627576828), (4.688578128814697, 24.82137107849121, -0.1414213627576828), (4.688578128814697, 24.82137107849121, -0.1414213627576828), (4.490323066711426, 24.953840255737305, -0.1414213627576828), (4.725268363952637, 24.884920120239258, 0), (4.490323066711426, 24.953840255737305, -0.1414213627576828), (4.534994125366211, 25.012056350708008, 0), (4.725268363952637, 24.884920120239258, 0), (4.725268363952637, 24.884920120239258, 0), (4.534994125366211, 25.012056350708008, 0), (4.725268363952637, 24.884920120239258, 2), (4.534994125366211, 25.012056350708008, 0), (4.534994125366211, 25.012056350708008, 2), (4.725268363952637, 24.884920120239258, 2), (4.725268363952637, 24.884920120239258, 2), (4.534994125366211, 25.012056350708008, 2), (4.688578128814697, 24.82137107849121, 2.141421318054199), (4.534994125366211, 25.012056350708008, 2), (4.490323066711426, 24.953840255737305, 2.141421318054199), (4.688578128814697, 24.82137107849121, 2.141421318054199), (4.688578128814697, 24.82137107849121, 2.141421318054199), (4.490323066711426, 24.953840255737305, 2.141421318054199), (4.599999904632568, 24.667949676513672, 2.200000047683716), (4.490323066711426, 24.953840255737305, 2.141421318054199), (4.382477283477783, 24.81329345703125, 2.200000047683716), (4.599999904632568, 24.667949676513672, 2.200000047683716), (4.382477283477783, 24.81329345703125, -0.20000000298023224), (4.185786247253418, 24.98578643798828, -0.20000000298023224), (4.490323066711426, 24.953840255737305, -0.1414213627576828), (4.185786247253418, 24.98578643798828, -0.20000000298023224), (4.311054706573486, 25.111055374145508, -0.1414213627576828), (4.490323066711426, 24.953840255737305, -0.1414213627576828), (4.490323066711426, 24.953840255737305, -0.1414213627576828), (4.311054706573486, 25.111055374145508, -0.1414213627576828), (4.534994125366211, 25.012056350708008, 0), (4.311054706573486, 25.111055374145508, -0.1414213627576828), (4.362942218780518, 25.16294288635254, 0), (4.534994125366211, 25.012056350708008, 0), (4.534994125366211, 25.012056350708008, 0), (4.362942218780518, 25.16294288635254, 0), (4.534994125366211, 25.012056350708008, 2), (4.362942218780518, 25.16294288635254, 0), (4.362942218780518, 25.16294288635254, 2), (4.534994125366211, 25.012056350708008, 2), (4.534994125366211, 25.012056350708008, 2), (4.362942218780518, 25.16294288635254, 2), (4.490323066711426, 24.953840255737305, 2.141421318054199), (4.362942218780518, 25.16294288635254, 2), (4.311054706573486, 25.111055374145508, 2.141421318054199), (4.490323066711426, 24.953840255737305, 2.141421318054199), (4.490323066711426, 24.953840255737305, 2.141421318054199), (4.311054706573486, 25.111055374145508, 2.141421318054199), (4.382477283477783, 24.81329345703125, 2.200000047683716), (4.311054706573486, 25.111055374145508, 2.141421318054199), (4.185786247253418, 24.98578643798828, 2.200000047683716), (4.382477283477783, 24.81329345703125, 2.200000047683716), (4.185786247253418, 24.98578643798828, -0.20000000298023224), (4.013293266296387, 25.182477951049805, -0.20000000298023224), (4.311054706573486, 25.111055374145508, -0.1414213627576828), (4.013293266296387, 25.182477951049805, -0.20000000298023224), (4.1538405418396, 25.29032325744629, -0.1414213627576828), (4.311054706573486, 25.111055374145508, -0.1414213627576828), (4.311054706573486, 25.111055374145508, -0.1414213627576828), (4.1538405418396, 25.29032325744629, -0.1414213627576828), (4.362942218780518, 25.16294288635254, 0), (4.1538405418396, 25.29032325744629, -0.1414213627576828), (4.212057113647461, 25.334993362426758, 0), (4.362942218780518, 25.16294288635254, 0), (4.362942218780518, 25.16294288635254, 0), (4.212057113647461, 25.334993362426758, 0), (4.362942218780518, 25.16294288635254, 2), (4.212057113647461, 25.334993362426758, 0), (4.212057113647461, 25.334993362426758, 2), (4.362942218780518, 25.16294288635254, 2), (4.362942218780518, 25.16294288635254, 2), (4.212057113647461, 25.334993362426758, 2), (4.311054706573486, 25.111055374145508, 2.141421318054199), (4.212057113647461, 25.334993362426758, 2), (4.1538405418396, 25.29032325744629, 2.141421318054199), (4.311054706573486, 25.111055374145508, 2.141421318054199), (4.311054706573486, 25.111055374145508, 2.141421318054199), (4.1538405418396, 25.29032325744629, 2.141421318054199), (4.185786247253418, 24.98578643798828, 2.200000047683716), (4.1538405418396, 25.29032325744629, 2.141421318054199), (4.013293266296387, 25.182477951049805, 2.200000047683716), (4.185786247253418, 24.98578643798828, 2.200000047683716), (4.013293266296387, 25.182477951049805, -0.20000000298023224), (3.8679492473602295, 25.399999618530273, -0.20000000298023224), (4.1538405418396, 25.29032325744629, -0.1414213627576828), (3.8679492473602295, 25.399999618530273, -0.20000000298023224), (4.021370887756348, 25.48857879638672, -0.1414213627576828), (4.1538405418396, 25.29032325744629, -0.1414213627576828), (4.1538405418396, 25.29032325744629, -0.1414213627576828), (4.021370887756348, 25.48857879638672, -0.1414213627576828), (4.212057113647461, 25.334993362426758, 0), (4.021370887756348, 25.48857879638672, -0.1414213627576828), (4.0849199295043945, 25.5252685546875, 0), (4.212057113647461, 25.334993362426758, 0), (4.212057113647461, 25.334993362426758, 0), (4.0849199295043945, 25.5252685546875, 0), (4.212057113647461, 25.334993362426758, 2), (4.0849199295043945, 25.5252685546875, 0), (4.0849199295043945, 25.5252685546875, 2), (4.212057113647461, 25.334993362426758, 2), (4.212057113647461, 25.334993362426758, 2), (4.0849199295043945, 25.5252685546875, 2), (4.1538405418396, 25.29032325744629, 2.141421318054199), (4.0849199295043945, 25.5252685546875, 2), (4.021370887756348, 25.48857879638672, 2.141421318054199), (4.1538405418396, 25.29032325744629, 2.141421318054199), (4.1538405418396, 25.29032325744629, 2.141421318054199), (4.021370887756348, 25.48857879638672, 2.141421318054199), (4.013293266296387, 25.182477951049805, 2.200000047683716), (4.021370887756348, 25.48857879638672, 2.141421318054199), (3.8679492473602295, 25.399999618530273, 2.200000047683716), (4.013293266296387, 25.182477951049805, 2.200000047683716), (3.8679492473602295, 25.399999618530273, -0.20000000298023224), (3.7522408962249756, 25.634634017944336, -0.20000000298023224), (4.021370887756348, 25.48857879638672, -0.1414213627576828), (3.7522408962249756, 25.634634017944336, -0.20000000298023224), (3.9159116744995117, 25.70242691040039, -0.1414213627576828), (4.021370887756348, 25.48857879638672, -0.1414213627576828), (4.021370887756348, 25.48857879638672, -0.1414213627576828), (3.9159116744995117, 25.70242691040039, -0.1414213627576828), (4.0849199295043945, 25.5252685546875, 0), (3.9159116744995117, 25.70242691040039, -0.1414213627576828), (3.983706474304199, 25.73050880432129, 0), (4.0849199295043945, 25.5252685546875, 0), (4.0849199295043945, 25.5252685546875, 0), (3.983706474304199, 25.73050880432129, 0), (4.0849199295043945, 25.5252685546875, 2), (3.983706474304199, 25.73050880432129, 0), (3.983706474304199, 25.73050880432129, 2), (4.0849199295043945, 25.5252685546875, 2), (4.0849199295043945, 25.5252685546875, 2), (3.983706474304199, 25.73050880432129, 2), (4.021370887756348, 25.48857879638672, 2.141421318054199), (3.983706474304199, 25.73050880432129, 2), (3.9159116744995117, 25.70242691040039, 2.141421318054199), (4.021370887756348, 25.48857879638672, 2.141421318054199), (4.021370887756348, 25.48857879638672, 2.141421318054199), (3.9159116744995117, 25.70242691040039, 2.141421318054199), (3.8679492473602295, 25.399999618530273, 2.200000047683716), (3.9159116744995117, 25.70242691040039, 2.141421318054199), (3.7522408962249756, 25.634634017944336, 2.200000047683716), (3.8679492473602295, 25.399999618530273, 2.200000047683716), (3.7522408962249756, 25.634634017944336, -0.20000000298023224), (3.6681482791900635, 25.882362365722656, -0.20000000298023224), (3.9159116744995117, 25.70242691040039, -0.1414213627576828), (3.6681482791900635, 25.882362365722656, -0.20000000298023224), (3.8392679691314697, 25.928213119506836, -0.1414213627576828), (3.9159116744995117, 25.70242691040039, -0.1414213627576828), (3.9159116744995117, 25.70242691040039, -0.1414213627576828), (3.8392679691314697, 25.928213119506836, -0.1414213627576828), (3.983706474304199, 25.73050880432129, 0), (3.8392679691314697, 25.928213119506836, -0.1414213627576828), (3.9101479053497314, 25.94720458984375, 0), (3.983706474304199, 25.73050880432129, 0), (3.983706474304199, 25.73050880432129, 0), (3.9101479053497314, 25.94720458984375, 0), (3.983706474304199, 25.73050880432129, 2), (3.9101479053497314, 25.94720458984375, 0), (3.9101479053497314, 25.94720458984375, 2), (3.983706474304199, 25.73050880432129, 2), (3.983706474304199, 25.73050880432129, 2), (3.9101479053497314, 25.94720458984375, 2), (3.9159116744995117, 25.70242691040039, 2.141421318054199), (3.9101479053497314, 25.94720458984375, 2), (3.8392679691314697, 25.928213119506836, 2.141421318054199), (3.9159116744995117, 25.70242691040039, 2.141421318054199), (3.9159116744995117, 25.70242691040039, 2.141421318054199), (3.8392679691314697, 25.928213119506836, 2.141421318054199), (3.7522408962249756, 25.634634017944336, 2.200000047683716), (3.8392679691314697, 25.928213119506836, 2.141421318054199), (3.6681482791900635, 25.882362365722656, 2.200000047683716), (3.7522408962249756, 25.634634017944336, 2.200000047683716), (3.6681482791900635, 25.882362365722656, -0.20000000298023224), (3.617110252380371, 26.138948440551758, -0.20000000298023224), (3.8392679691314697, 25.928213119506836, -0.1414213627576828), (3.617110252380371, 26.138948440551758, -0.20000000298023224), (3.792750597000122, 26.162071228027344, -0.1414213627576828), (3.8392679691314697, 25.928213119506836, -0.1414213627576828), (3.8392679691314697, 25.928213119506836, -0.1414213627576828), (3.792750597000122, 26.162071228027344, -0.1414213627576828), (3.9101479053497314, 25.94720458984375, 0), (3.792750597000122, 26.162071228027344, -0.1414213627576828), (3.8655033111572266, 26.171649932861328, 0), (3.9101479053497314, 25.94720458984375, 0), (3.9101479053497314, 25.94720458984375, 0), (3.8655033111572266, 26.171649932861328, 0), (3.9101479053497314, 25.94720458984375, 2), (3.8655033111572266, 26.171649932861328, 0), (3.8655033111572266, 26.171649932861328, 2), (3.9101479053497314, 25.94720458984375, 2), (3.9101479053497314, 25.94720458984375, 2), (3.8655033111572266, 26.171649932861328, 2), (3.8392679691314697, 25.928213119506836, 2.141421318054199), (3.8655033111572266, 26.171649932861328, 2), (3.792750597000122, 26.162071228027344, 2.141421318054199), (3.8392679691314697, 25.928213119506836, 2.141421318054199), (3.8392679691314697, 25.928213119506836, 2.141421318054199), (3.792750597000122, 26.162071228027344, 2.141421318054199), (3.6681482791900635, 25.882362365722656, 2.200000047683716), (3.792750597000122, 26.162071228027344, 2.141421318054199), (3.617110252380371, 26.138948440551758, 2.200000047683716), (3.6681482791900635, 25.882362365722656, 2.200000047683716), (3.617110252380371, 26.138948440551758, -0.20000000298023224), (3.5999999046325684, 26.399999618530273, -0.20000000298023224), (3.792750597000122, 26.162071228027344, -0.1414213627576828), (3.5999999046325684, 26.399999618530273, -0.20000000298023224), (3.777156114578247, 26.399999618530273, -0.1414213627576828), (3.792750597000122, 26.162071228027344, -0.1414213627576828), (3.792750597000122, 26.162071228027344, -0.1414213627576828), (3.777156114578247, 26.399999618530273, -0.1414213627576828), (3.8655033111572266, 26.171649932861328, 0), (3.777156114578247, 26.399999618530273, -0.1414213627576828), (3.850536346435547, 26.399999618530273, 0), (3.8655033111572266, 26.171649932861328, 0), (3.8655033111572266, 26.171649932861328, 0), (3.850536346435547, 26.399999618530273, 0), (3.8655033111572266, 26.171649932861328, 2), (3.850536346435547, 26.399999618530273, 0), (3.850536346435547, 26.399999618530273, 2), (3.8655033111572266, 26.171649932861328, 2), (3.8655033111572266, 26.171649932861328, 2), (3.850536346435547, 26.399999618530273, 2), (3.792750597000122, 26.162071228027344, 2.141421318054199), (3.850536346435547, 26.399999618530273, 2), (3.777156114578247, 26.399999618530273, 2.141421318054199), (3.792750597000122, 26.162071228027344, 2.141421318054199), (3.792750597000122, 26.162071228027344, 2.141421318054199), (3.777156114578247, 26.399999618530273, 2.141421318054199), (3.617110252380371, 26.138948440551758, 2.200000047683716), (3.777156114578247, 26.399999618530273, 2.141421318054199), (3.5999999046325684, 26.399999618530273, 2.200000047683716), (3.617110252380371, 26.138948440551758, 2.200000047683716), (3.5999999046325684, 26.399999618530273, -0.20000000298023224), (3.617110252380371, 26.661052703857422, -0.20000000298023224), (3.777156114578247, 26.399999618530273, -0.1414213627576828), (3.617110252380371, 26.661052703857422, -0.20000000298023224), (3.792750597000122, 26.637928009033203, -0.1414213627576828), (3.777156114578247, 26.399999618530273, -0.1414213627576828), (3.777156114578247, 26.399999618530273, -0.1414213627576828), (3.792750597000122, 26.637928009033203, -0.1414213627576828), (3.850536346435547, 26.399999618530273, 0), (3.792750597000122, 26.637928009033203, -0.1414213627576828), (3.8655033111572266, 26.62835121154785, 0), (3.850536346435547, 26.399999618530273, 0), (3.850536346435547, 26.399999618530273, 0), (3.8655033111572266, 26.62835121154785, 0), (3.850536346435547, 26.399999618530273, 2), (3.8655033111572266, 26.62835121154785, 0), (3.8655033111572266, 26.62835121154785, 2), (3.850536346435547, 26.399999618530273, 2), (3.850536346435547, 26.399999618530273, 2), (3.8655033111572266, 26.62835121154785, 2), (3.777156114578247, 26.399999618530273, 2.141421318054199), (3.8655033111572266, 26.62835121154785, 2), (3.792750597000122, 26.637928009033203, 2.141421318054199), (3.777156114578247, 26.399999618530273, 2.141421318054199), (3.777156114578247, 26.399999618530273, 2.141421318054199), (3.792750597000122, 26.637928009033203, 2.141421318054199), (3.5999999046325684, 26.399999618530273, 2.200000047683716), (3.792750597000122, 26.637928009033203, 2.141421318054199), (3.617110252380371, 26.661052703857422, 2.200000047683716), (3.5999999046325684, 26.399999618530273, 2.200000047683716), (3.617110252380371, 26.661052703857422, -0.20000000298023224), (3.6681482791900635, 26.917638778686523, -0.20000000298023224), (3.792750597000122, 26.637928009033203, -0.1414213627576828), (3.6681482791900635, 26.917638778686523, -0.20000000298023224), (3.8392679691314697, 26.87178611755371, -0.1414213627576828), (3.792750597000122, 26.637928009033203, -0.1414213627576828), (3.792750597000122, 26.637928009033203, -0.1414213627576828), (3.8392679691314697, 26.87178611755371, -0.1414213627576828), (3.8655033111572266, 26.62835121154785, 0), (3.8392679691314697, 26.87178611755371, -0.1414213627576828), (3.9101479053497314, 26.852794647216797, 0), (3.8655033111572266, 26.62835121154785, 0), (3.8655033111572266, 26.62835121154785, 0), (3.9101479053497314, 26.852794647216797, 0), (3.8655033111572266, 26.62835121154785, 2), (3.9101479053497314, 26.852794647216797, 0), (3.9101479053497314, 26.852794647216797, 2), (3.8655033111572266, 26.62835121154785, 2), (3.8655033111572266, 26.62835121154785, 2), (3.9101479053497314, 26.852794647216797, 2), (3.792750597000122, 26.637928009033203, 2.141421318054199), (3.9101479053497314, 26.852794647216797, 2), (3.8392679691314697, 26.87178611755371, 2.141421318054199), (3.792750597000122, 26.637928009033203, 2.141421318054199), (3.792750597000122, 26.637928009033203, 2.141421318054199), (3.8392679691314697, 26.87178611755371, 2.141421318054199), (3.617110252380371, 26.661052703857422, 2.200000047683716), (3.8392679691314697, 26.87178611755371, 2.141421318054199), (3.6681482791900635, 26.917638778686523, 2.200000047683716), (3.617110252380371, 26.661052703857422, 2.200000047683716), (3.6681482791900635, 26.917638778686523, -0.20000000298023224), (3.7522408962249756, 27.165367126464844, -0.20000000298023224), (3.8392679691314697, 26.87178611755371, -0.1414213627576828), (3.7522408962249756, 27.165367126464844, -0.20000000298023224), (3.9159116744995117, 27.097572326660156, -0.1414213627576828), (3.8392679691314697, 26.87178611755371, -0.1414213627576828), (3.8392679691314697, 26.87178611755371, -0.1414213627576828), (3.9159116744995117, 27.097572326660156, -0.1414213627576828), (3.9101479053497314, 26.852794647216797, 0), (3.9159116744995117, 27.097572326660156, -0.1414213627576828), (3.983706474304199, 27.069490432739258, 0), (3.9101479053497314, 26.852794647216797, 0), (3.9101479053497314, 26.852794647216797, 0), (3.983706474304199, 27.069490432739258, 0), (3.9101479053497314, 26.852794647216797, 2), (3.983706474304199, 27.069490432739258, 0), (3.983706474304199, 27.069490432739258, 2), (3.9101479053497314, 26.852794647216797, 2), (3.9101479053497314, 26.852794647216797, 2), (3.983706474304199, 27.069490432739258, 2), (3.8392679691314697, 26.87178611755371, 2.141421318054199), (3.983706474304199, 27.069490432739258, 2), (3.9159116744995117, 27.097572326660156, 2.141421318054199), (3.8392679691314697, 26.87178611755371, 2.141421318054199), (3.8392679691314697, 26.87178611755371, 2.141421318054199), (3.9159116744995117, 27.097572326660156, 2.141421318054199), (3.6681482791900635, 26.917638778686523, 2.200000047683716), (3.9159116744995117, 27.097572326660156, 2.141421318054199), (3.7522408962249756, 27.165367126464844, 2.200000047683716), (3.6681482791900635, 26.917638778686523, 2.200000047683716), (3.7522408962249756, 27.165367126464844, -0.20000000298023224), (3.8679492473602295, 27.399999618530273, -0.20000000298023224), (3.9159116744995117, 27.097572326660156, -0.1414213627576828), (3.8679492473602295, 27.399999618530273, -0.20000000298023224), (4.021370887756348, 27.31142234802246, -0.1414213627576828), (3.9159116744995117, 27.097572326660156, -0.1414213627576828), (3.9159116744995117, 27.097572326660156, -0.1414213627576828), (4.021370887756348, 27.31142234802246, -0.1414213627576828), (3.983706474304199, 27.069490432739258, 0), (4.021370887756348, 27.31142234802246, -0.1414213627576828), (4.0849199295043945, 27.27473258972168, 0), (3.983706474304199, 27.069490432739258, 0), (3.983706474304199, 27.069490432739258, 0), (4.0849199295043945, 27.27473258972168, 0), (3.983706474304199, 27.069490432739258, 2), (4.0849199295043945, 27.27473258972168, 0), (4.0849199295043945, 27.27473258972168, 2), (3.983706474304199, 27.069490432739258, 2), (3.983706474304199, 27.069490432739258, 2), (4.0849199295043945, 27.27473258972168, 2), (3.9159116744995117, 27.097572326660156, 2.141421318054199), (4.0849199295043945, 27.27473258972168, 2), (4.021370887756348, 27.31142234802246, 2.141421318054199), (3.9159116744995117, 27.097572326660156, 2.141421318054199), (3.9159116744995117, 27.097572326660156, 2.141421318054199), (4.021370887756348, 27.31142234802246, 2.141421318054199), (3.7522408962249756, 27.165367126464844, 2.200000047683716), (4.021370887756348, 27.31142234802246, 2.141421318054199), (3.8679492473602295, 27.399999618530273, 2.200000047683716), (3.7522408962249756, 27.165367126464844, 2.200000047683716), (3.8679492473602295, 27.399999618530273, -0.20000000298023224), (4.013293266296387, 27.617523193359375, -0.20000000298023224), (4.021370887756348, 27.31142234802246, -0.1414213627576828), (4.013293266296387, 27.617523193359375, -0.20000000298023224), (4.1538405418396, 27.50967788696289, -0.1414213627576828), (4.021370887756348, 27.31142234802246, -0.1414213627576828), (4.021370887756348, 27.31142234802246, -0.1414213627576828), (4.1538405418396, 27.50967788696289, -0.1414213627576828), (4.0849199295043945, 27.27473258972168, 0), (4.1538405418396, 27.50967788696289, -0.1414213627576828), (4.212057113647461, 27.46500587463379, 0), (4.0849199295043945, 27.27473258972168, 0), (4.0849199295043945, 27.27473258972168, 0), (4.212057113647461, 27.46500587463379, 0), (4.0849199295043945, 27.27473258972168, 2), (4.212057113647461, 27.46500587463379, 0), (4.212057113647461, 27.46500587463379, 2), (4.0849199295043945, 27.27473258972168, 2), (4.0849199295043945, 27.27473258972168, 2), (4.212057113647461, 27.46500587463379, 2), (4.021370887756348, 27.31142234802246, 2.141421318054199), (4.212057113647461, 27.46500587463379, 2), (4.1538405418396, 27.50967788696289, 2.141421318054199), (4.021370887756348, 27.31142234802246, 2.141421318054199), (4.021370887756348, 27.31142234802246, 2.141421318054199), (4.1538405418396, 27.50967788696289, 2.141421318054199), (3.8679492473602295, 27.399999618530273, 2.200000047683716), (4.1538405418396, 27.50967788696289, 2.141421318054199), (4.013293266296387, 27.617523193359375, 2.200000047683716), (3.8679492473602295, 27.399999618530273, 2.200000047683716), (4.013293266296387, 27.617523193359375, -0.20000000298023224), (4.185786247253418, 27.814212799072266, -0.20000000298023224), (4.1538405418396, 27.50967788696289, -0.1414213627576828), (4.185786247253418, 27.814212799072266, -0.20000000298023224), (4.311054706573486, 27.688945770263672, -0.1414213627576828), (4.1538405418396, 27.50967788696289, -0.1414213627576828), (4.1538405418396, 27.50967788696289, -0.1414213627576828), (4.311054706573486, 27.688945770263672, -0.1414213627576828), (4.212057113647461, 27.46500587463379, 0), (4.311054706573486, 27.688945770263672, -0.1414213627576828), (4.362942218780518, 27.63705825805664, 0), (4.212057113647461, 27.46500587463379, 0), (4.212057113647461, 27.46500587463379, 0), (4.362942218780518, 27.63705825805664, 0), (4.212057113647461, 27.46500587463379, 2), (4.362942218780518, 27.63705825805664, 0), (4.362942218780518, 27.63705825805664, 2), (4.212057113647461, 27.46500587463379, 2), (4.212057113647461, 27.46500587463379, 2), (4.362942218780518, 27.63705825805664, 2), (4.1538405418396, 27.50967788696289, 2.141421318054199), (4.362942218780518, 27.63705825805664, 2), (4.311054706573486, 27.688945770263672, 2.141421318054199), (4.1538405418396, 27.50967788696289, 2.141421318054199), (4.1538405418396, 27.50967788696289, 2.141421318054199), (4.311054706573486, 27.688945770263672, 2.141421318054199), (4.013293266296387, 27.617523193359375, 2.200000047683716), (4.311054706573486, 27.688945770263672, 2.141421318054199), (4.185786247253418, 27.814212799072266, 2.200000047683716), (4.013293266296387, 27.617523193359375, 2.200000047683716), (4.185786247253418, 27.814212799072266, -0.20000000298023224), (4.382477283477783, 27.986705780029297, -0.20000000298023224), (4.311054706573486, 27.688945770263672, -0.1414213627576828), (4.382477283477783, 27.986705780029297, -0.20000000298023224), (4.490323066711426, 27.846158981323242, -0.1414213627576828), (4.311054706573486, 27.688945770263672, -0.1414213627576828), (4.311054706573486, 27.688945770263672, -0.1414213627576828), (4.490323066711426, 27.846158981323242, -0.1414213627576828), (4.362942218780518, 27.63705825805664, 0), (4.490323066711426, 27.846158981323242, -0.1414213627576828), (4.534994125366211, 27.78794288635254, 0), (4.362942218780518, 27.63705825805664, 0), (4.362942218780518, 27.63705825805664, 0), (4.534994125366211, 27.78794288635254, 0), (4.362942218780518, 27.63705825805664, 2), (4.534994125366211, 27.78794288635254, 0), (4.534994125366211, 27.78794288635254, 2), (4.362942218780518, 27.63705825805664, 2), (4.362942218780518, 27.63705825805664, 2), (4.534994125366211, 27.78794288635254, 2), (4.311054706573486, 27.688945770263672, 2.141421318054199), (4.534994125366211, 27.78794288635254, 2), (4.490323066711426, 27.846158981323242, 2.141421318054199), (4.311054706573486, 27.688945770263672, 2.141421318054199), (4.311054706573486, 27.688945770263672, 2.141421318054199), (4.490323066711426, 27.846158981323242, 2.141421318054199), (4.185786247253418, 27.814212799072266, 2.200000047683716), (4.490323066711426, 27.846158981323242, 2.141421318054199), (4.382477283477783, 27.986705780029297, 2.200000047683716), (4.185786247253418, 27.814212799072266, 2.200000047683716), (4.382477283477783, 27.986705780029297, -0.20000000298023224), (4.599999904632568, 28.132051467895508, -0.20000000298023224), (4.490323066711426, 27.846158981323242, -0.1414213627576828), (4.599999904632568, 28.132051467895508, -0.20000000298023224), (4.688578128814697, 27.97863006591797, -0.1414213627576828), (4.490323066711426, 27.846158981323242, -0.1414213627576828), (4.490323066711426, 27.846158981323242, -0.1414213627576828), (4.688578128814697, 27.97863006591797, -0.1414213627576828), (4.534994125366211, 27.78794288635254, 0), (4.688578128814697, 27.97863006591797, -0.1414213627576828), (4.725268363952637, 27.91507911682129, 0), (4.534994125366211, 27.78794288635254, 0), (4.534994125366211, 27.78794288635254, 0), (4.725268363952637, 27.91507911682129, 0), (4.534994125366211, 27.78794288635254, 2), (4.725268363952637, 27.91507911682129, 0), (4.725268363952637, 27.91507911682129, 2), (4.534994125366211, 27.78794288635254, 2), (4.534994125366211, 27.78794288635254, 2), (4.725268363952637, 27.91507911682129, 2), (4.490323066711426, 27.846158981323242, 2.141421318054199), (4.725268363952637, 27.91507911682129, 2), (4.688578128814697, 27.97863006591797, 2.141421318054199), (4.490323066711426, 27.846158981323242, 2.141421318054199), (4.490323066711426, 27.846158981323242, 2.141421318054199), (4.688578128814697, 27.97863006591797, 2.141421318054199), (4.382477283477783, 27.986705780029297, 2.200000047683716), (4.688578128814697, 27.97863006591797, 2.141421318054199), (4.599999904632568, 28.132051467895508, 2.200000047683716), (4.382477283477783, 27.986705780029297, 2.200000047683716), (4.599999904632568, 28.132051467895508, -0.20000000298023224), (4.8346333503723145, 28.247758865356445, -0.20000000298023224), (4.688578128814697, 27.97863006591797, -0.1414213627576828), (4.8346333503723145, 28.247758865356445, -0.20000000298023224), (4.902427673339844, 28.084087371826172, -0.1414213627576828), (4.688578128814697, 27.97863006591797, -0.1414213627576828), (4.688578128814697, 27.97863006591797, -0.1414213627576828), (4.902427673339844, 28.084087371826172, -0.1414213627576828), (4.725268363952637, 27.91507911682129, 0), (4.902427673339844, 28.084087371826172, -0.1414213627576828), (4.930509090423584, 28.016294479370117, 0), (4.725268363952637, 27.91507911682129, 0), (4.725268363952637, 27.91507911682129, 0), (4.930509090423584, 28.016294479370117, 0), (4.725268363952637, 27.91507911682129, 2), (4.930509090423584, 28.016294479370117, 0), (4.930509090423584, 28.016294479370117, 2), (4.725268363952637, 27.91507911682129, 2), (4.725268363952637, 27.91507911682129, 2), (4.930509090423584, 28.016294479370117, 2), (4.688578128814697, 27.97863006591797, 2.141421318054199), (4.930509090423584, 28.016294479370117, 2), (4.902427673339844, 28.084087371826172, 2.141421318054199), (4.688578128814697, 27.97863006591797, 2.141421318054199), (4.688578128814697, 27.97863006591797, 2.141421318054199), (4.902427673339844, 28.084087371826172, 2.141421318054199), (4.599999904632568, 28.132051467895508, 2.200000047683716), (4.902427673339844, 28.084087371826172, 2.141421318054199), (4.8346333503723145, 28.247758865356445, 2.200000047683716), (4.599999904632568, 28.132051467895508, 2.200000047683716), (4.8346333503723145, 28.247758865356445, -0.20000000298023224), (5.082361698150635, 28.331851959228516, -0.20000000298023224), (4.902427673339844, 28.084087371826172, -0.1414213627576828), (5.082361698150635, 28.331851959228516, -0.20000000298023224), (5.128213405609131, 28.16073226928711, -0.1414213627576828), (4.902427673339844, 28.084087371826172, -0.1414213627576828), (4.902427673339844, 28.084087371826172, -0.1414213627576828), (5.128213405609131, 28.16073226928711, -0.1414213627576828), (4.930509090423584, 28.016294479370117, 0), (5.128213405609131, 28.16073226928711, -0.1414213627576828), (5.147205352783203, 28.08985137939453, 0), (4.930509090423584, 28.016294479370117, 0), (4.930509090423584, 28.016294479370117, 0), (5.147205352783203, 28.08985137939453, 0), (4.930509090423584, 28.016294479370117, 2), (5.147205352783203, 28.08985137939453, 0), (5.147205352783203, 28.08985137939453, 2), (4.930509090423584, 28.016294479370117, 2), (4.930509090423584, 28.016294479370117, 2), (5.147205352783203, 28.08985137939453, 2), (4.902427673339844, 28.084087371826172, 2.141421318054199), (5.147205352783203, 28.08985137939453, 2), (5.128213405609131, 28.16073226928711, 2.141421318054199), (4.902427673339844, 28.084087371826172, 2.141421318054199), (4.902427673339844, 28.084087371826172, 2.141421318054199), (5.128213405609131, 28.16073226928711, 2.141421318054199), (4.8346333503723145, 28.247758865356445, 2.200000047683716), (5.128213405609131, 28.16073226928711, 2.141421318054199), (5.082361698150635, 28.331851959228516, 2.200000047683716), (4.8346333503723145, 28.247758865356445, 2.200000047683716), (5.082361698150635, 28.331851959228516, -0.20000000298023224), (5.338947772979736, 28.382888793945312, -0.20000000298023224), (5.128213405609131, 28.16073226928711, -0.1414213627576828), (5.338947772979736, 28.382888793945312, -0.20000000298023224), (5.3620710372924805, 28.20724868774414, -0.1414213627576828), (5.128213405609131, 28.16073226928711, -0.1414213627576828), (5.128213405609131, 28.16073226928711, -0.1414213627576828), (5.3620710372924805, 28.20724868774414, -0.1414213627576828), (5.147205352783203, 28.08985137939453, 0), (5.3620710372924805, 28.20724868774414, -0.1414213627576828), (5.371649265289307, 28.134496688842773, 0), (5.147205352783203, 28.08985137939453, 0), (5.147205352783203, 28.08985137939453, 0), (5.371649265289307, 28.134496688842773, 0), (5.147205352783203, 28.08985137939453, 2), (5.371649265289307, 28.134496688842773, 0), (5.371649265289307, 28.134496688842773, 2), (5.147205352783203, 28.08985137939453, 2), (5.147205352783203, 28.08985137939453, 2), (5.371649265289307, 28.134496688842773, 2), (5.128213405609131, 28.16073226928711, 2.141421318054199), (5.371649265289307, 28.134496688842773, 2), (5.3620710372924805, 28.20724868774414, 2.141421318054199), (5.128213405609131, 28.16073226928711, 2.141421318054199), (5.128213405609131, 28.16073226928711, 2.141421318054199), (5.3620710372924805, 28.20724868774414, 2.141421318054199), (5.082361698150635, 28.331851959228516, 2.200000047683716), (5.3620710372924805, 28.20724868774414, 2.141421318054199), (5.338947772979736, 28.382888793945312, 2.200000047683716), (5.082361698150635, 28.331851959228516, 2.200000047683716), (5.338947772979736, 28.382888793945312, -0.20000000298023224), (5.599999904632568, 28.399999618530273, -0.20000000298023224), (5.3620710372924805, 28.20724868774414, -0.1414213627576828), (5.599999904632568, 28.399999618530273, -0.20000000298023224), (5.599999904632568, 28.222843170166016, -0.1414213627576828), (5.3620710372924805, 28.20724868774414, -0.1414213627576828), (5.3620710372924805, 28.20724868774414, -0.1414213627576828), (5.599999904632568, 28.222843170166016, -0.1414213627576828), (5.371649265289307, 28.134496688842773, 0), (5.599999904632568, 28.222843170166016, -0.1414213627576828), (5.599999904632568, 28.149463653564453, 0), (5.371649265289307, 28.134496688842773, 0), (5.371649265289307, 28.134496688842773, 0), (5.599999904632568, 28.149463653564453, 0), (5.371649265289307, 28.134496688842773, 2), (5.599999904632568, 28.149463653564453, 0), (5.599999904632568, 28.149463653564453, 2), (5.371649265289307, 28.134496688842773, 2), (5.371649265289307, 28.134496688842773, 2), (5.599999904632568, 28.149463653564453, 2), (5.3620710372924805, 28.20724868774414, 2.141421318054199), (5.599999904632568, 28.149463653564453, 2), (5.599999904632568, 28.222843170166016, 2.141421318054199), (5.3620710372924805, 28.20724868774414, 2.141421318054199), (5.3620710372924805, 28.20724868774414, 2.141421318054199), (5.599999904632568, 28.222843170166016, 2.141421318054199), (5.338947772979736, 28.382888793945312, 2.200000047683716), (5.599999904632568, 28.222843170166016, 2.141421318054199), (5.599999904632568, 28.399999618530273, 2.200000047683716), (5.338947772979736, 28.382888793945312, 2.200000047683716), (5.599999904632568, 28.399999618530273, -0.20000000298023224), (5.861052513122559, 28.382888793945312, -0.20000000298023224), (5.599999904632568, 28.222843170166016, -0.1414213627576828), (5.861052513122559, 28.382888793945312, -0.20000000298023224), (5.837928771972656, 28.20724868774414, -0.1414213627576828), (5.599999904632568, 28.222843170166016, -0.1414213627576828), (5.599999904632568, 28.222843170166016, -0.1414213627576828), (5.837928771972656, 28.20724868774414, -0.1414213627576828), (5.599999904632568, 28.149463653564453, 0), (5.837928771972656, 28.20724868774414, -0.1414213627576828), (5.828351020812988, 28.134496688842773, 0), (5.599999904632568, 28.149463653564453, 0), (5.599999904632568, 28.149463653564453, 0), (5.828351020812988, 28.134496688842773, 0), (5.599999904632568, 28.149463653564453, 2), (5.828351020812988, 28.134496688842773, 0), (5.828351020812988, 28.134496688842773, 2), (5.599999904632568, 28.149463653564453, 2), (5.599999904632568, 28.149463653564453, 2), (5.828351020812988, 28.134496688842773, 2), (5.599999904632568, 28.222843170166016, 2.141421318054199), (5.828351020812988, 28.134496688842773, 2), (5.837928771972656, 28.20724868774414, 2.141421318054199), (5.599999904632568, 28.222843170166016, 2.141421318054199), (5.599999904632568, 28.222843170166016, 2.141421318054199), (5.837928771972656, 28.20724868774414, 2.141421318054199), (5.599999904632568, 28.399999618530273, 2.200000047683716), (5.837928771972656, 28.20724868774414, 2.141421318054199), (5.861052513122559, 28.382888793945312, 2.200000047683716), (5.599999904632568, 28.399999618530273, 2.200000047683716), (5.861052513122559, 28.382888793945312, -0.20000000298023224), (6.117638111114502, 28.331851959228516, -0.20000000298023224), (5.837928771972656, 28.20724868774414, -0.1414213627576828), (6.117638111114502, 28.331851959228516, -0.20000000298023224), (6.071786880493164, 28.16073226928711, -0.1414213627576828), (5.837928771972656, 28.20724868774414, -0.1414213627576828), (5.837928771972656, 28.20724868774414, -0.1414213627576828), (6.071786880493164, 28.16073226928711, -0.1414213627576828), (5.828351020812988, 28.134496688842773, 0), (6.071786880493164, 28.16073226928711, -0.1414213627576828), (6.052794456481934, 28.08985137939453, 0), (5.828351020812988, 28.134496688842773, 0), (5.828351020812988, 28.134496688842773, 0), (6.052794456481934, 28.08985137939453, 0), (5.828351020812988, 28.134496688842773, 2), (6.052794456481934, 28.08985137939453, 0), (6.052794456481934, 28.08985137939453, 2), (5.828351020812988, 28.134496688842773, 2), (5.828351020812988, 28.134496688842773, 2), (6.052794456481934, 28.08985137939453, 2), (5.837928771972656, 28.20724868774414, 2.141421318054199), (6.052794456481934, 28.08985137939453, 2), (6.071786880493164, 28.16073226928711, 2.141421318054199), (5.837928771972656, 28.20724868774414, 2.141421318054199), (5.837928771972656, 28.20724868774414, 2.141421318054199), (6.071786880493164, 28.16073226928711, 2.141421318054199), (5.861052513122559, 28.382888793945312, 2.200000047683716), (6.071786880493164, 28.16073226928711, 2.141421318054199), (6.117638111114502, 28.331851959228516, 2.200000047683716), (5.861052513122559, 28.382888793945312, 2.200000047683716), (6.117638111114502, 28.331851959228516, -0.20000000298023224), (6.3653669357299805, 28.247758865356445, -0.20000000298023224), (6.071786880493164, 28.16073226928711, -0.1414213627576828), (6.3653669357299805, 28.247758865356445, -0.20000000298023224), (6.297572135925293, 28.084087371826172, -0.1414213627576828), (6.071786880493164, 28.16073226928711, -0.1414213627576828), (6.071786880493164, 28.16073226928711, -0.1414213627576828), (6.297572135925293, 28.084087371826172, -0.1414213627576828), (6.052794456481934, 28.08985137939453, 0), (6.297572135925293, 28.084087371826172, -0.1414213627576828), (6.269490718841553, 28.016294479370117, 0), (6.052794456481934, 28.08985137939453, 0), (6.052794456481934, 28.08985137939453, 0), (6.269490718841553, 28.016294479370117, 0), (6.052794456481934, 28.08985137939453, 2), (6.269490718841553, 28.016294479370117, 0), (6.269490718841553, 28.016294479370117, 2), (6.052794456481934, 28.08985137939453, 2), (6.052794456481934, 28.08985137939453, 2), (6.269490718841553, 28.016294479370117, 2), (6.071786880493164, 28.16073226928711, 2.141421318054199), (6.269490718841553, 28.016294479370117, 2), (6.297572135925293, 28.084087371826172, 2.141421318054199), (6.071786880493164, 28.16073226928711, 2.141421318054199), (6.071786880493164, 28.16073226928711, 2.141421318054199), (6.297572135925293, 28.084087371826172, 2.141421318054199), (6.117638111114502, 28.331851959228516, 2.200000047683716), (6.297572135925293, 28.084087371826172, 2.141421318054199), (6.3653669357299805, 28.247758865356445, 2.200000047683716), (6.117638111114502, 28.331851959228516, 2.200000047683716), (6.3653669357299805, 28.247758865356445, -0.20000000298023224), (6.599999904632568, 28.132051467895508, -0.20000000298023224), (6.297572135925293, 28.084087371826172, -0.1414213627576828), (6.599999904632568, 28.132051467895508, -0.20000000298023224), (6.511422157287598, 27.97863006591797, -0.1414213627576828), (6.297572135925293, 28.084087371826172, -0.1414213627576828), (6.297572135925293, 28.084087371826172, -0.1414213627576828), (6.511422157287598, 27.97863006591797, -0.1414213627576828), (6.269490718841553, 28.016294479370117, 0), (6.511422157287598, 27.97863006591797, -0.1414213627576828), (6.474731922149658, 27.91507911682129, 0), (6.269490718841553, 28.016294479370117, 0), (6.269490718841553, 28.016294479370117, 0), (6.474731922149658, 27.91507911682129, 0), (6.269490718841553, 28.016294479370117, 2), (6.474731922149658, 27.91507911682129, 0), (6.474731922149658, 27.91507911682129, 2), (6.269490718841553, 28.016294479370117, 2), (6.269490718841553, 28.016294479370117, 2), (6.474731922149658, 27.91507911682129, 2), (6.297572135925293, 28.084087371826172, 2.141421318054199), (6.474731922149658, 27.91507911682129, 2), (6.511422157287598, 27.97863006591797, 2.141421318054199), (6.297572135925293, 28.084087371826172, 2.141421318054199), (6.297572135925293, 28.084087371826172, 2.141421318054199), (6.511422157287598, 27.97863006591797, 2.141421318054199), (6.3653669357299805, 28.247758865356445, 2.200000047683716), (6.511422157287598, 27.97863006591797, 2.141421318054199), (6.599999904632568, 28.132051467895508, 2.200000047683716), (6.3653669357299805, 28.247758865356445, 2.200000047683716), (6.599999904632568, 28.132051467895508, -0.20000000298023224), (6.817523002624512, 27.986705780029297, -0.20000000298023224), (6.511422157287598, 27.97863006591797, -0.1414213627576828), (6.817523002624512, 27.986705780029297, -0.20000000298023224), (6.709677219390869, 27.846158981323242, -0.1414213627576828), (6.511422157287598, 27.97863006591797, -0.1414213627576828), (6.511422157287598, 27.97863006591797, -0.1414213627576828), (6.709677219390869, 27.846158981323242, -0.1414213627576828), (6.474731922149658, 27.91507911682129, 0), (6.709677219390869, 27.846158981323242, -0.1414213627576828), (6.665006160736084, 27.78794288635254, 0), (6.474731922149658, 27.91507911682129, 0), (6.474731922149658, 27.91507911682129, 0), (6.665006160736084, 27.78794288635254, 0), (6.474731922149658, 27.91507911682129, 2), (6.665006160736084, 27.78794288635254, 0), (6.665006160736084, 27.78794288635254, 2), (6.474731922149658, 27.91507911682129, 2), (6.474731922149658, 27.91507911682129, 2), (6.665006160736084, 27.78794288635254, 2), (6.511422157287598, 27.97863006591797, 2.141421318054199), (6.665006160736084, 27.78794288635254, 2), (6.709677219390869, 27.846158981323242, 2.141421318054199), (6.511422157287598, 27.97863006591797, 2.141421318054199), (6.511422157287598, 27.97863006591797, 2.141421318054199), (6.709677219390869, 27.846158981323242, 2.141421318054199), (6.599999904632568, 28.132051467895508, 2.200000047683716), (6.709677219390869, 27.846158981323242, 2.141421318054199), (6.817523002624512, 27.986705780029297, 2.200000047683716), (6.599999904632568, 28.132051467895508, 2.200000047683716), (6.817523002624512, 27.986705780029297, -0.20000000298023224), (7.014213562011719, 27.814212799072266, -0.20000000298023224), (6.709677219390869, 27.846158981323242, -0.1414213627576828), (7.014213562011719, 27.814212799072266, -0.20000000298023224), (6.888945579528809, 27.688945770263672, -0.1414213627576828), (6.709677219390869, 27.846158981323242, -0.1414213627576828), (6.709677219390869, 27.846158981323242, -0.1414213627576828), (6.888945579528809, 27.688945770263672, -0.1414213627576828), (6.665006160736084, 27.78794288635254, 0), (6.888945579528809, 27.688945770263672, -0.1414213627576828), (6.837057590484619, 27.63705825805664, 0), (6.665006160736084, 27.78794288635254, 0), (6.665006160736084, 27.78794288635254, 0), (6.837057590484619, 27.63705825805664, 0), (6.665006160736084, 27.78794288635254, 2), (6.837057590484619, 27.63705825805664, 0), (6.837057590484619, 27.63705825805664, 2), (6.665006160736084, 27.78794288635254, 2), (6.665006160736084, 27.78794288635254, 2), (6.837057590484619, 27.63705825805664, 2), (6.709677219390869, 27.846158981323242, 2.141421318054199), (6.837057590484619, 27.63705825805664, 2), (6.888945579528809, 27.688945770263672, 2.141421318054199), (6.709677219390869, 27.846158981323242, 2.141421318054199), (6.709677219390869, 27.846158981323242, 2.141421318054199), (6.888945579528809, 27.688945770263672, 2.141421318054199), (6.817523002624512, 27.986705780029297, 2.200000047683716), (6.888945579528809, 27.688945770263672, 2.141421318054199), (7.014213562011719, 27.814212799072266, 2.200000047683716), (6.817523002624512, 27.986705780029297, 2.200000047683716), (7.014213562011719, 27.814212799072266, -0.20000000298023224), (7.18670654296875, 27.617523193359375, -0.20000000298023224), (6.888945579528809, 27.688945770263672, -0.1414213627576828), (7.18670654296875, 27.617523193359375, -0.20000000298023224), (7.046159267425537, 27.50967788696289, -0.1414213627576828), (6.888945579528809, 27.688945770263672, -0.1414213627576828), (6.888945579528809, 27.688945770263672, -0.1414213627576828), (7.046159267425537, 27.50967788696289, -0.1414213627576828), (6.837057590484619, 27.63705825805664, 0), (7.046159267425537, 27.50967788696289, -0.1414213627576828), (6.987942695617676, 27.46500587463379, 0), (6.837057590484619, 27.63705825805664, 0), (6.837057590484619, 27.63705825805664, 0), (6.987942695617676, 27.46500587463379, 0), (6.837057590484619, 27.63705825805664, 2), (6.987942695617676, 27.46500587463379, 0), (6.987942695617676, 27.46500587463379, 2), (6.837057590484619, 27.63705825805664, 2), (6.837057590484619, 27.63705825805664, 2), (6.987942695617676, 27.46500587463379, 2), (6.888945579528809, 27.688945770263672, 2.141421318054199), (6.987942695617676, 27.46500587463379, 2), (7.046159267425537, 27.50967788696289, 2.141421318054199), (6.888945579528809, 27.688945770263672, 2.141421318054199), (6.888945579528809, 27.688945770263672, 2.141421318054199), (7.046159267425537, 27.50967788696289, 2.141421318054199), (7.014213562011719, 27.814212799072266, 2.200000047683716), (7.046159267425537, 27.50967788696289, 2.141421318054199), (7.18670654296875, 27.617523193359375, 2.200000047683716), (7.014213562011719, 27.814212799072266, 2.200000047683716), (7.18670654296875, 27.617523193359375, -0.20000000298023224), (7.332050800323486, 27.399999618530273, -0.20000000298023224), (7.046159267425537, 27.50967788696289, -0.1414213627576828), (7.332050800323486, 27.399999618530273, -0.20000000298023224), (7.178629398345947, 27.31142234802246, -0.1414213627576828), (7.046159267425537, 27.50967788696289, -0.1414213627576828), (7.046159267425537, 27.50967788696289, -0.1414213627576828), (7.178629398345947, 27.31142234802246, -0.1414213627576828), (6.987942695617676, 27.46500587463379, 0), (7.178629398345947, 27.31142234802246, -0.1414213627576828), (7.115079879760742, 27.27473258972168, 0), (6.987942695617676, 27.46500587463379, 0), (6.987942695617676, 27.46500587463379, 0), (7.115079879760742, 27.27473258972168, 0), (6.987942695617676, 27.46500587463379, 2), (7.115079879760742, 27.27473258972168, 0), (7.115079879760742, 27.27473258972168, 2), (6.987942695617676, 27.46500587463379, 2), (6.987942695617676, 27.46500587463379, 2), (7.115079879760742, 27.27473258972168, 2), (7.046159267425537, 27.50967788696289, 2.141421318054199), (7.115079879760742, 27.27473258972168, 2), (7.178629398345947, 27.31142234802246, 2.141421318054199), (7.046159267425537, 27.50967788696289, 2.141421318054199), (7.046159267425537, 27.50967788696289, 2.141421318054199), (7.178629398345947, 27.31142234802246, 2.141421318054199), (7.18670654296875, 27.617523193359375, 2.200000047683716), (7.178629398345947, 27.31142234802246, 2.141421318054199), (7.332050800323486, 27.399999618530273, 2.200000047683716), (7.18670654296875, 27.617523193359375, 2.200000047683716), (7.332050800323486, 27.399999618530273, -0.20000000298023224), (7.44775915145874, 27.165367126464844, -0.20000000298023224), (7.178629398345947, 27.31142234802246, -0.1414213627576828), (7.44775915145874, 27.165367126464844, -0.20000000298023224), (7.284088134765625, 27.097572326660156, -0.1414213627576828), (7.178629398345947, 27.31142234802246, -0.1414213627576828), (7.178629398345947, 27.31142234802246, -0.1414213627576828), (7.284088134765625, 27.097572326660156, -0.1414213627576828), (7.115079879760742, 27.27473258972168, 0), (7.284088134765625, 27.097572326660156, -0.1414213627576828), (7.216293811798096, 27.069490432739258, 0), (7.115079879760742, 27.27473258972168, 0), (7.115079879760742, 27.27473258972168, 0), (7.216293811798096, 27.069490432739258, 0), (7.115079879760742, 27.27473258972168, 2), (7.216293811798096, 27.069490432739258, 0), (7.216293811798096, 27.069490432739258, 2), (7.115079879760742, 27.27473258972168, 2), (7.115079879760742, 27.27473258972168, 2), (7.216293811798096, 27.069490432739258, 2), (7.178629398345947, 27.31142234802246, 2.141421318054199), (7.216293811798096, 27.069490432739258, 2), (7.284088134765625, 27.097572326660156, 2.141421318054199), (7.178629398345947, 27.31142234802246, 2.141421318054199), (7.178629398345947, 27.31142234802246, 2.141421318054199), (7.284088134765625, 27.097572326660156, 2.141421318054199), (7.332050800323486, 27.399999618530273, 2.200000047683716), (7.284088134765625, 27.097572326660156, 2.141421318054199), (7.44775915145874, 27.165367126464844, 2.200000047683716), (7.332050800323486, 27.399999618530273, 2.200000047683716), (7.44775915145874, 27.165367126464844, -0.20000000298023224), (7.531851768493652, 26.917638778686523, -0.20000000298023224), (7.284088134765625, 27.097572326660156, -0.1414213627576828), (7.531851768493652, 26.917638778686523, -0.20000000298023224), (7.360732078552246, 26.87178611755371, -0.1414213627576828), (7.284088134765625, 27.097572326660156, -0.1414213627576828), (7.284088134765625, 27.097572326660156, -0.1414213627576828), (7.360732078552246, 26.87178611755371, -0.1414213627576828), (7.216293811798096, 27.069490432739258, 0), (7.360732078552246, 26.87178611755371, -0.1414213627576828), (7.289852142333984, 26.852794647216797, 0), (7.216293811798096, 27.069490432739258, 0), (7.216293811798096, 27.069490432739258, 0), (7.289852142333984, 26.852794647216797, 0), (7.216293811798096, 27.069490432739258, 2), (7.289852142333984, 26.852794647216797, 0), (7.289852142333984, 26.852794647216797, 2), (7.216293811798096, 27.069490432739258, 2), (7.216293811798096, 27.069490432739258, 2), (7.289852142333984, 26.852794647216797, 2), (7.284088134765625, 27.097572326660156, 2.141421318054199), (7.289852142333984, 26.852794647216797, 2), (7.360732078552246, 26.87178611755371, 2.141421318054199), (7.284088134765625, 27.097572326660156, 2.141421318054199), (7.284088134765625, 27.097572326660156, 2.141421318054199), (7.360732078552246, 26.87178611755371, 2.141421318054199), (7.44775915145874, 27.165367126464844, 2.200000047683716), (7.360732078552246, 26.87178611755371, 2.141421318054199), (7.531851768493652, 26.917638778686523, 2.200000047683716), (7.44775915145874, 27.165367126464844, 2.200000047683716), (7.531851768493652, 26.917638778686523, -0.20000000298023224), (7.582889556884766, 26.661052703857422, -0.20000000298023224), (7.360732078552246, 26.87178611755371, -0.1414213627576828), (7.582889556884766, 26.661052703857422, -0.20000000298023224), (7.407249450683594, 26.637928009033203, -0.1414213627576828), (7.360732078552246, 26.87178611755371, -0.1414213627576828), (7.360732078552246, 26.87178611755371, -0.1414213627576828), (7.407249450683594, 26.637928009033203, -0.1414213627576828), (7.289852142333984, 26.852794647216797, 0), (7.407249450683594, 26.637928009033203, -0.1414213627576828), (7.33449649810791, 26.62835121154785, 0), (7.289852142333984, 26.852794647216797, 0), (7.289852142333984, 26.852794647216797, 0), (7.33449649810791, 26.62835121154785, 0), (7.289852142333984, 26.852794647216797, 2), (7.33449649810791, 26.62835121154785, 0), (7.33449649810791, 26.62835121154785, 2), (7.289852142333984, 26.852794647216797, 2), (7.289852142333984, 26.852794647216797, 2), (7.33449649810791, 26.62835121154785, 2), (7.360732078552246, 26.87178611755371, 2.141421318054199), (7.33449649810791, 26.62835121154785, 2), (7.407249450683594, 26.637928009033203, 2.141421318054199), (7.360732078552246, 26.87178611755371, 2.141421318054199), (7.360732078552246, 26.87178611755371, 2.141421318054199), (7.407249450683594, 26.637928009033203, 2.141421318054199), (7.531851768493652, 26.917638778686523, 2.200000047683716), (7.407249450683594, 26.637928009033203, 2.141421318054199), (7.582889556884766, 26.661052703857422, 2.200000047683716), (7.531851768493652, 26.917638778686523, 2.200000047683716), (7.582889556884766, 26.661052703857422, -0.20000000298023224), (7.599999904632568, 26.399999618530273, -0.20000000298023224), (7.407249450683594, 26.637928009033203, -0.1414213627576828), (7.599999904632568, 26.399999618530273, -0.20000000298023224), (7.422843933105469, 26.399999618530273, -0.1414213627576828), (7.407249450683594, 26.637928009033203, -0.1414213627576828), (7.407249450683594, 26.637928009033203, -0.1414213627576828), (7.422843933105469, 26.399999618530273, -0.1414213627576828), (7.33449649810791, 26.62835121154785, 0), (7.422843933105469, 26.399999618530273, -0.1414213627576828), (7.34946346282959, 26.399999618530273, 0), (7.33449649810791, 26.62835121154785, 0), (7.33449649810791, 26.62835121154785, 0), (7.34946346282959, 26.399999618530273, 0), (7.33449649810791, 26.62835121154785, 2), (7.34946346282959, 26.399999618530273, 0), (7.34946346282959, 26.399999618530273, 2), (7.33449649810791, 26.62835121154785, 2), (7.33449649810791, 26.62835121154785, 2), (7.34946346282959, 26.399999618530273, 2), (7.407249450683594, 26.637928009033203, 2.141421318054199), (7.34946346282959, 26.399999618530273, 2), (7.422843933105469, 26.399999618530273, 2.141421318054199), (7.407249450683594, 26.637928009033203, 2.141421318054199), (7.407249450683594, 26.637928009033203, 2.141421318054199), (7.422843933105469, 26.399999618530273, 2.141421318054199), (7.582889556884766, 26.661052703857422, 2.200000047683716), (7.422843933105469, 26.399999618530273, 2.141421318054199), (7.599999904632568, 26.399999618530273, 2.200000047683716), (7.582889556884766, 26.661052703857422, 2.200000047683716), (-20.399999618530273, 1.600000023841858, -0.20000000298023224), (-20.417110443115234, 1.3389476537704468, -0.20000000298023224), (-20.57715606689453, 1.600000023841858, -0.1414213627576828), (-20.417110443115234, 1.3389476537704468, -0.20000000298023224), (-20.592750549316406, 1.36207115650177, -0.1414213627576828), (-20.57715606689453, 1.600000023841858, -0.1414213627576828), (-20.57715606689453, 1.600000023841858, -0.1414213627576828), (-20.592750549316406, 1.36207115650177, -0.1414213627576828), (-20.650535583496094, 1.600000023841858, 0), (-20.592750549316406, 1.36207115650177, -0.1414213627576828), (-20.665502548217773, 1.371649146080017, 0), (-20.650535583496094, 1.600000023841858, 0), (-20.650535583496094, 1.600000023841858, 0), (-20.665502548217773, 1.371649146080017, 0), (-20.650535583496094, 1.600000023841858, 2), (-20.665502548217773, 1.371649146080017, 0), (-20.665502548217773, 1.371649146080017, 2), (-20.650535583496094, 1.600000023841858, 2), (-20.650535583496094, 1.600000023841858, 2), (-20.665502548217773, 1.371649146080017, 2), (-20.57715606689453, 1.600000023841858, 2.141421318054199), (-20.665502548217773, 1.371649146080017, 2), (-20.592750549316406, 1.36207115650177, 2.141421318054199), (-20.57715606689453, 1.600000023841858, 2.141421318054199), (-20.57715606689453, 1.600000023841858, 2.141421318054199), (-20.592750549316406, 1.36207115650177, 2.141421318054199), (-20.399999618530273, 1.600000023841858, 2.200000047683716), (-20.592750549316406, 1.36207115650177, 2.141421318054199), (-20.417110443115234, 1.3389476537704468, 2.200000047683716), (-20.399999618530273, 1.600000023841858, 2.200000047683716), (-20.417110443115234, 1.3389476537704468, -0.20000000298023224), (-20.468149185180664, 1.0823619365692139, -0.20000000298023224), (-20.592750549316406, 1.36207115650177, -0.1414213627576828), (-20.468149185180664, 1.0823619365692139, -0.20000000298023224), (-20.639266967773438, 1.1282132863998413, -0.1414213627576828), (-20.592750549316406, 1.36207115650177, -0.1414213627576828), (-20.592750549316406, 1.36207115650177, -0.1414213627576828), (-20.639266967773438, 1.1282132863998413, -0.1414213627576828), (-20.665502548217773, 1.371649146080017, 0), (-20.639266967773438, 1.1282132863998413, -0.1414213627576828), (-20.710147857666016, 1.1472054719924927, 0), (-20.665502548217773, 1.371649146080017, 0), (-20.665502548217773, 1.371649146080017, 0), (-20.710147857666016, 1.1472054719924927, 0), (-20.665502548217773, 1.371649146080017, 2), (-20.710147857666016, 1.1472054719924927, 0), (-20.710147857666016, 1.1472054719924927, 2), (-20.665502548217773, 1.371649146080017, 2), (-20.665502548217773, 1.371649146080017, 2), (-20.710147857666016, 1.1472054719924927, 2), (-20.592750549316406, 1.36207115650177, 2.141421318054199), (-20.710147857666016, 1.1472054719924927, 2), (-20.639266967773438, 1.1282132863998413, 2.141421318054199), (-20.592750549316406, 1.36207115650177, 2.141421318054199), (-20.592750549316406, 1.36207115650177, 2.141421318054199), (-20.639266967773438, 1.1282132863998413, 2.141421318054199), (-20.417110443115234, 1.3389476537704468, 2.200000047683716), (-20.639266967773438, 1.1282132863998413, 2.141421318054199), (-20.468149185180664, 1.0823619365692139, 2.200000047683716), (-20.417110443115234, 1.3389476537704468, 2.200000047683716), (-20.468149185180664, 1.0823619365692139, -0.20000000298023224), (-20.5522403717041, 0.8346331119537354, -0.20000000298023224), (-20.639266967773438, 1.1282132863998413, -0.1414213627576828), (-20.5522403717041, 0.8346331119537354, -0.20000000298023224), (-20.715911865234375, 0.9024277925491333, -0.1414213627576828), (-20.639266967773438, 1.1282132863998413, -0.1414213627576828), (-20.639266967773438, 1.1282132863998413, -0.1414213627576828), (-20.715911865234375, 0.9024277925491333, -0.1414213627576828), (-20.710147857666016, 1.1472054719924927, 0), (-20.715911865234375, 0.9024277925491333, -0.1414213627576828), (-20.783706665039062, 0.9305092692375183, 0), (-20.710147857666016, 1.1472054719924927, 0), (-20.710147857666016, 1.1472054719924927, 0), (-20.783706665039062, 0.9305092692375183, 0), (-20.710147857666016, 1.1472054719924927, 2), (-20.783706665039062, 0.9305092692375183, 0), (-20.783706665039062, 0.9305092692375183, 2), (-20.710147857666016, 1.1472054719924927, 2), (-20.710147857666016, 1.1472054719924927, 2), (-20.783706665039062, 0.9305092692375183, 2), (-20.639266967773438, 1.1282132863998413, 2.141421318054199), (-20.783706665039062, 0.9305092692375183, 2), (-20.715911865234375, 0.9024277925491333, 2.141421318054199), (-20.639266967773438, 1.1282132863998413, 2.141421318054199), (-20.639266967773438, 1.1282132863998413, 2.141421318054199), (-20.715911865234375, 0.9024277925491333, 2.141421318054199), (-20.468149185180664, 1.0823619365692139, 2.200000047683716), (-20.715911865234375, 0.9024277925491333, 2.141421318054199), (-20.5522403717041, 0.8346331119537354, 2.200000047683716), (-20.468149185180664, 1.0823619365692139, 2.200000047683716), (-20.5522403717041, 0.8346331119537354, -0.20000000298023224), (-20.667949676513672, 0.6000000238418579, -0.20000000298023224), (-20.715911865234375, 0.9024277925491333, -0.1414213627576828), (-20.667949676513672, 0.6000000238418579, -0.20000000298023224), (-20.82137107849121, 0.6885780096054077, -0.1414213627576828), (-20.715911865234375, 0.9024277925491333, -0.1414213627576828), (-20.715911865234375, 0.9024277925491333, -0.1414213627576828), (-20.82137107849121, 0.6885780096054077, -0.1414213627576828), (-20.783706665039062, 0.9305092692375183, 0), (-20.82137107849121, 0.6885780096054077, -0.1414213627576828), (-20.884920120239258, 0.7252681851387024, 0), (-20.783706665039062, 0.9305092692375183, 0), (-20.783706665039062, 0.9305092692375183, 0), (-20.884920120239258, 0.7252681851387024, 0), (-20.783706665039062, 0.9305092692375183, 2), (-20.884920120239258, 0.7252681851387024, 0), (-20.884920120239258, 0.7252681851387024, 2), (-20.783706665039062, 0.9305092692375183, 2), (-20.783706665039062, 0.9305092692375183, 2), (-20.884920120239258, 0.7252681851387024, 2), (-20.715911865234375, 0.9024277925491333, 2.141421318054199), (-20.884920120239258, 0.7252681851387024, 2), (-20.82137107849121, 0.6885780096054077, 2.141421318054199), (-20.715911865234375, 0.9024277925491333, 2.141421318054199), (-20.715911865234375, 0.9024277925491333, 2.141421318054199), (-20.82137107849121, 0.6885780096054077, 2.141421318054199), (-20.5522403717041, 0.8346331119537354, 2.200000047683716), (-20.82137107849121, 0.6885780096054077, 2.141421318054199), (-20.667949676513672, 0.6000000238418579, 2.200000047683716), (-20.5522403717041, 0.8346331119537354, 2.200000047683716), (-20.667949676513672, 0.6000000238418579, -0.20000000298023224), (-20.81329345703125, 0.38247713446617126, -0.20000000298023224), (-20.82137107849121, 0.6885780096054077, -0.1414213627576828), (-20.81329345703125, 0.38247713446617126, -0.20000000298023224), (-20.953840255737305, 0.49032288789749146, -0.1414213627576828), (-20.82137107849121, 0.6885780096054077, -0.1414213627576828), (-20.82137107849121, 0.6885780096054077, -0.1414213627576828), (-20.953840255737305, 0.49032288789749146, -0.1414213627576828), (-20.884920120239258, 0.7252681851387024, 0), (-20.953840255737305, 0.49032288789749146, -0.1414213627576828), (-21.012056350708008, 0.5349940657615662, 0), (-20.884920120239258, 0.7252681851387024, 0), (-20.884920120239258, 0.7252681851387024, 0), (-21.012056350708008, 0.5349940657615662, 0), (-20.884920120239258, 0.7252681851387024, 2), (-21.012056350708008, 0.5349940657615662, 0), (-21.012056350708008, 0.5349940657615662, 2), (-20.884920120239258, 0.7252681851387024, 2), (-20.884920120239258, 0.7252681851387024, 2), (-21.012056350708008, 0.5349940657615662, 2), (-20.82137107849121, 0.6885780096054077, 2.141421318054199), (-21.012056350708008, 0.5349940657615662, 2), (-20.953840255737305, 0.49032288789749146, 2.141421318054199), (-20.82137107849121, 0.6885780096054077, 2.141421318054199), (-20.82137107849121, 0.6885780096054077, 2.141421318054199), (-20.953840255737305, 0.49032288789749146, 2.141421318054199), (-20.667949676513672, 0.6000000238418579, 2.200000047683716), (-20.953840255737305, 0.49032288789749146, 2.141421318054199), (-20.81329345703125, 0.38247713446617126, 2.200000047683716), (-20.667949676513672, 0.6000000238418579, 2.200000047683716), (-20.81329345703125, 0.38247713446617126, -0.20000000298023224), (-20.98578643798828, 0.1857864409685135, -0.20000000298023224), (-20.953840255737305, 0.49032288789749146, -0.1414213627576828), (-20.98578643798828, 0.1857864409685135, -0.20000000298023224), (-21.111055374145508, 0.31105464696884155, -0.1414213627576828), (-20.953840255737305, 0.49032288789749146, -0.1414213627576828), (-20.953840255737305, 0.49032288789749146, -0.1414213627576828), (-21.111055374145508, 0.31105464696884155, -0.1414213627576828), (-21.012056350708008, 0.5349940657615662, 0), (-21.111055374145508, 0.31105464696884155, -0.1414213627576828), (-21.16294288635254, 0.3629424273967743, 0), (-21.012056350708008, 0.5349940657615662, 0), (-21.012056350708008, 0.5349940657615662, 0), (-21.16294288635254, 0.3629424273967743, 0), (-21.012056350708008, 0.5349940657615662, 2), (-21.16294288635254, 0.3629424273967743, 0), (-21.16294288635254, 0.3629424273967743, 2), (-21.012056350708008, 0.5349940657615662, 2), (-21.012056350708008, 0.5349940657615662, 2), (-21.16294288635254, 0.3629424273967743, 2), (-20.953840255737305, 0.49032288789749146, 2.141421318054199), (-21.16294288635254, 0.3629424273967743, 2), (-21.111055374145508, 0.31105464696884155, 2.141421318054199), (-20.953840255737305, 0.49032288789749146, 2.141421318054199), (-20.953840255737305, 0.49032288789749146, 2.141421318054199), (-21.111055374145508, 0.31105464696884155, 2.141421318054199), (-20.81329345703125, 0.38247713446617126, 2.200000047683716), (-21.111055374145508, 0.31105464696884155, 2.141421318054199), (-20.98578643798828, 0.1857864409685135, 2.200000047683716), (-20.81329345703125, 0.38247713446617126, 2.200000047683716), (-20.98578643798828, 0.1857864409685135, -0.20000000298023224), (-21.182477951049805, 0.013293319381773472, -0.20000000298023224), (-21.111055374145508, 0.31105464696884155, -0.1414213627576828), (-21.182477951049805, 0.013293319381773472, -0.20000000298023224), (-21.29032325744629, 0.15384061634540558, -0.1414213627576828), (-21.111055374145508, 0.31105464696884155, -0.1414213627576828), (-21.111055374145508, 0.31105464696884155, -0.1414213627576828), (-21.29032325744629, 0.15384061634540558, -0.1414213627576828), (-21.16294288635254, 0.3629424273967743, 0), (-21.29032325744629, 0.15384061634540558, -0.1414213627576828), (-21.334993362426758, 0.2120572179555893, 0), (-21.16294288635254, 0.3629424273967743, 0), (-21.16294288635254, 0.3629424273967743, 0), (-21.334993362426758, 0.2120572179555893, 0), (-21.16294288635254, 0.3629424273967743, 2), (-21.334993362426758, 0.2120572179555893, 0), (-21.334993362426758, 0.2120572179555893, 2), (-21.16294288635254, 0.3629424273967743, 2), (-21.16294288635254, 0.3629424273967743, 2), (-21.334993362426758, 0.2120572179555893, 2), (-21.111055374145508, 0.31105464696884155, 2.141421318054199), (-21.334993362426758, 0.2120572179555893, 2), (-21.29032325744629, 0.15384061634540558, 2.141421318054199), (-21.111055374145508, 0.31105464696884155, 2.141421318054199), (-21.111055374145508, 0.31105464696884155, 2.141421318054199), (-21.29032325744629, 0.15384061634540558, 2.141421318054199), (-20.98578643798828, 0.1857864409685135, 2.200000047683716), (-21.29032325744629, 0.15384061634540558, 2.141421318054199), (-21.182477951049805, 0.013293319381773472, 2.200000047683716), (-20.98578643798828, 0.1857864409685135, 2.200000047683716), (-21.182477951049805, 0.013293319381773472, -0.20000000298023224), (-21.399999618530273, -0.13205081224441528, -0.20000000298023224), (-21.29032325744629, 0.15384061634540558, -0.1414213627576828), (-21.399999618530273, -0.13205081224441528, -0.20000000298023224), (-21.48857879638672, 0.021370789036154747, -0.1414213627576828), (-21.29032325744629, 0.15384061634540558, -0.1414213627576828), (-21.29032325744629, 0.15384061634540558, -0.1414213627576828), (-21.48857879638672, 0.021370789036154747, -0.1414213627576828), (-21.334993362426758, 0.2120572179555893, 0), (-21.48857879638672, 0.021370789036154747, -0.1414213627576828), (-21.5252685546875, 0.08492009341716766, 0), (-21.334993362426758, 0.2120572179555893, 0), (-21.334993362426758, 0.2120572179555893, 0), (-21.5252685546875, 0.08492009341716766, 0), (-21.334993362426758, 0.2120572179555893, 2), (-21.5252685546875, 0.08492009341716766, 0), (-21.5252685546875, 0.08492009341716766, 2), (-21.334993362426758, 0.2120572179555893, 2), (-21.334993362426758, 0.2120572179555893, 2), (-21.5252685546875, 0.08492009341716766, 2), (-21.29032325744629, 0.15384061634540558, 2.141421318054199), (-21.5252685546875, 0.08492009341716766, 2), (-21.48857879638672, 0.021370789036154747, 2.141421318054199), (-21.29032325744629, 0.15384061634540558, 2.141421318054199), (-21.29032325744629, 0.15384061634540558, 2.141421318054199), (-21.48857879638672, 0.021370789036154747, 2.141421318054199), (-21.182477951049805, 0.013293319381773472, 2.200000047683716), (-21.48857879638672, 0.021370789036154747, 2.141421318054199), (-21.399999618530273, -0.13205081224441528, 2.200000047683716), (-21.182477951049805, 0.013293319381773472, 2.200000047683716), (-21.399999618530273, -0.13205081224441528, -0.20000000298023224), (-21.634634017944336, -0.24775905907154083, -0.20000000298023224), (-21.48857879638672, 0.021370789036154747, -0.1414213627576828), (-21.634634017944336, -0.24775905907154083, -0.20000000298023224), (-21.70242691040039, -0.0840882658958435, -0.1414213627576828), (-21.48857879638672, 0.021370789036154747, -0.1414213627576828), (-21.48857879638672, 0.021370789036154747, -0.1414213627576828), (-21.70242691040039, -0.0840882658958435, -0.1414213627576828), (-21.5252685546875, 0.08492009341716766, 0), (-21.70242691040039, -0.0840882658958435, -0.1414213627576828), (-21.73050880432129, -0.016293596476316452, 0), (-21.5252685546875, 0.08492009341716766, 0), (-21.5252685546875, 0.08492009341716766, 0), (-21.73050880432129, -0.016293596476316452, 0), (-21.5252685546875, 0.08492009341716766, 2), (-21.73050880432129, -0.016293596476316452, 0), (-21.73050880432129, -0.016293596476316452, 2), (-21.5252685546875, 0.08492009341716766, 2), (-21.5252685546875, 0.08492009341716766, 2), (-21.73050880432129, -0.016293596476316452, 2), (-21.48857879638672, 0.021370789036154747, 2.141421318054199), (-21.73050880432129, -0.016293596476316452, 2), (-21.70242691040039, -0.0840882658958435, 2.141421318054199), (-21.48857879638672, 0.021370789036154747, 2.141421318054199), (-21.48857879638672, 0.021370789036154747, 2.141421318054199), (-21.70242691040039, -0.0840882658958435, 2.141421318054199), (-21.399999618530273, -0.13205081224441528, 2.200000047683716), (-21.70242691040039, -0.0840882658958435, 2.141421318054199), (-21.634634017944336, -0.24775905907154083, 2.200000047683716), (-21.399999618530273, -0.13205081224441528, 2.200000047683716), (-21.634634017944336, -0.24775905907154083, -0.20000000298023224), (-21.882362365722656, -0.33185166120529175, -0.20000000298023224), (-21.70242691040039, -0.0840882658958435, -0.1414213627576828), (-21.882362365722656, -0.33185166120529175, -0.20000000298023224), (-21.928213119506836, -0.16073209047317505, -0.1414213627576828), (-21.70242691040039, -0.0840882658958435, -0.1414213627576828), (-21.70242691040039, -0.0840882658958435, -0.1414213627576828), (-21.928213119506836, -0.16073209047317505, -0.1414213627576828), (-21.73050880432129, -0.016293596476316452, 0), (-21.928213119506836, -0.16073209047317505, -0.1414213627576828), (-21.94720458984375, -0.08985205739736557, 0), (-21.73050880432129, -0.016293596476316452, 0), (-21.73050880432129, -0.016293596476316452, 0), (-21.94720458984375, -0.08985205739736557, 0), (-21.73050880432129, -0.016293596476316452, 2), (-21.94720458984375, -0.08985205739736557, 0), (-21.94720458984375, -0.08985205739736557, 2), (-21.73050880432129, -0.016293596476316452, 2), (-21.73050880432129, -0.016293596476316452, 2), (-21.94720458984375, -0.08985205739736557, 2), (-21.70242691040039, -0.0840882658958435, 2.141421318054199), (-21.94720458984375, -0.08985205739736557, 2), (-21.928213119506836, -0.16073209047317505, 2.141421318054199), (-21.70242691040039, -0.0840882658958435, 2.141421318054199), (-21.70242691040039, -0.0840882658958435, 2.141421318054199), (-21.928213119506836, -0.16073209047317505, 2.141421318054199), (-21.634634017944336, -0.24775905907154083, 2.200000047683716), (-21.928213119506836, -0.16073209047317505, 2.141421318054199), (-21.882362365722656, -0.33185166120529175, 2.200000047683716), (-21.634634017944336, -0.24775905907154083, 2.200000047683716), (-21.882362365722656, -0.33185166120529175, -0.20000000298023224), (-22.138948440551758, -0.3828897178173065, -0.20000000298023224), (-21.928213119506836, -0.16073209047317505, -0.1414213627576828), (-22.138948440551758, -0.3828897178173065, -0.20000000298023224), (-22.162071228027344, -0.20724931359291077, -0.1414213627576828), (-21.928213119506836, -0.16073209047317505, -0.1414213627576828), (-21.928213119506836, -0.16073209047317505, -0.1414213627576828), (-22.162071228027344, -0.20724931359291077, -0.1414213627576828), (-21.94720458984375, -0.08985205739736557, 0), (-22.162071228027344, -0.20724931359291077, -0.1414213627576828), (-22.171649932861328, -0.13449667394161224, 0), (-21.94720458984375, -0.08985205739736557, 0), (-21.94720458984375, -0.08985205739736557, 0), (-22.171649932861328, -0.13449667394161224, 0), (-21.94720458984375, -0.08985205739736557, 2), (-22.171649932861328, -0.13449667394161224, 0), (-22.171649932861328, -0.13449667394161224, 2), (-21.94720458984375, -0.08985205739736557, 2), (-21.94720458984375, -0.08985205739736557, 2), (-22.171649932861328, -0.13449667394161224, 2), (-21.928213119506836, -0.16073209047317505, 2.141421318054199), (-22.171649932861328, -0.13449667394161224, 2), (-22.162071228027344, -0.20724931359291077, 2.141421318054199), (-21.928213119506836, -0.16073209047317505, 2.141421318054199), (-21.928213119506836, -0.16073209047317505, 2.141421318054199), (-22.162071228027344, -0.20724931359291077, 2.141421318054199), (-21.882362365722656, -0.33185166120529175, 2.200000047683716), (-22.162071228027344, -0.20724931359291077, 2.141421318054199), (-22.138948440551758, -0.3828897178173065, 2.200000047683716), (-21.882362365722656, -0.33185166120529175, 2.200000047683716), (-22.138948440551758, -0.3828897178173065, -0.20000000298023224), (-22.399999618530273, -0.4000000059604645, -0.20000000298023224), (-22.162071228027344, -0.20724931359291077, -0.1414213627576828), (-22.399999618530273, -0.4000000059604645, -0.20000000298023224), (-22.399999618530273, -0.22284400463104248, -0.1414213627576828), (-22.162071228027344, -0.20724931359291077, -0.1414213627576828), (-22.162071228027344, -0.20724931359291077, -0.1414213627576828), (-22.399999618530273, -0.22284400463104248, -0.1414213627576828), (-22.171649932861328, -0.13449667394161224, 0), (-22.399999618530273, -0.22284400463104248, -0.1414213627576828), (-22.399999618530273, -0.14946357905864716, 0), (-22.171649932861328, -0.13449667394161224, 0), (-22.171649932861328, -0.13449667394161224, 0), (-22.399999618530273, -0.14946357905864716, 0), (-22.171649932861328, -0.13449667394161224, 2), (-22.399999618530273, -0.14946357905864716, 0), (-22.399999618530273, -0.14946357905864716, 2), (-22.171649932861328, -0.13449667394161224, 2), (-22.171649932861328, -0.13449667394161224, 2), (-22.399999618530273, -0.14946357905864716, 2), (-22.162071228027344, -0.20724931359291077, 2.141421318054199), (-22.399999618530273, -0.14946357905864716, 2), (-22.399999618530273, -0.22284400463104248, 2.141421318054199), (-22.162071228027344, -0.20724931359291077, 2.141421318054199), (-22.162071228027344, -0.20724931359291077, 2.141421318054199), (-22.399999618530273, -0.22284400463104248, 2.141421318054199), (-22.138948440551758, -0.3828897178173065, 2.200000047683716), (-22.399999618530273, -0.22284400463104248, 2.141421318054199), (-22.399999618530273, -0.4000000059604645, 2.200000047683716), (-22.138948440551758, -0.3828897178173065, 2.200000047683716), (-22.399999618530273, -0.4000000059604645, -0.20000000298023224), (-22.661052703857422, -0.3828897178173065, -0.20000000298023224), (-22.399999618530273, -0.22284400463104248, -0.1414213627576828), (-22.661052703857422, -0.3828897178173065, -0.20000000298023224), (-22.637928009033203, -0.20724931359291077, -0.1414213627576828), (-22.399999618530273, -0.22284400463104248, -0.1414213627576828), (-22.399999618530273, -0.22284400463104248, -0.1414213627576828), (-22.637928009033203, -0.20724931359291077, -0.1414213627576828), (-22.399999618530273, -0.14946357905864716, 0), (-22.637928009033203, -0.20724931359291077, -0.1414213627576828), (-22.62835121154785, -0.13449667394161224, 0), (-22.399999618530273, -0.14946357905864716, 0), (-22.399999618530273, -0.14946357905864716, 0), (-22.62835121154785, -0.13449667394161224, 0), (-22.399999618530273, -0.14946357905864716, 2), (-22.62835121154785, -0.13449667394161224, 0), (-22.62835121154785, -0.13449667394161224, 2), (-22.399999618530273, -0.14946357905864716, 2), (-22.399999618530273, -0.14946357905864716, 2), (-22.62835121154785, -0.13449667394161224, 2), (-22.399999618530273, -0.22284400463104248, 2.141421318054199), (-22.62835121154785, -0.13449667394161224, 2), (-22.637928009033203, -0.20724931359291077, 2.141421318054199), (-22.399999618530273, -0.22284400463104248, 2.141421318054199), (-22.399999618530273, -0.22284400463104248, 2.141421318054199), (-22.637928009033203, -0.20724931359291077, 2.141421318054199), (-22.399999618530273, -0.4000000059604645, 2.200000047683716), (-22.637928009033203, -0.20724931359291077, 2.141421318054199), (-22.661052703857422, -0.3828897178173065, 2.200000047683716), (-22.399999618530273, -0.4000000059604645, 2.200000047683716), (-22.661052703857422, -0.3828897178173065, -0.20000000298023224), (-22.917638778686523, -0.33185166120529175, -0.20000000298023224), (-22.637928009033203, -0.20724931359291077, -0.1414213627576828), (-22.917638778686523, -0.33185166120529175, -0.20000000298023224), (-22.87178611755371, -0.16073209047317505, -0.1414213627576828), (-22.637928009033203, -0.20724931359291077, -0.1414213627576828), (-22.637928009033203, -0.20724931359291077, -0.1414213627576828), (-22.87178611755371, -0.16073209047317505, -0.1414213627576828), (-22.62835121154785, -0.13449667394161224, 0), (-22.87178611755371, -0.16073209047317505, -0.1414213627576828), (-22.852794647216797, -0.08985205739736557, 0), (-22.62835121154785, -0.13449667394161224, 0), (-22.62835121154785, -0.13449667394161224, 0), (-22.852794647216797, -0.08985205739736557, 0), (-22.62835121154785, -0.13449667394161224, 2), (-22.852794647216797, -0.08985205739736557, 0), (-22.852794647216797, -0.08985205739736557, 2), (-22.62835121154785, -0.13449667394161224, 2), (-22.62835121154785, -0.13449667394161224, 2), (-22.852794647216797, -0.08985205739736557, 2), (-22.637928009033203, -0.20724931359291077, 2.141421318054199), (-22.852794647216797, -0.08985205739736557, 2), (-22.87178611755371, -0.16073209047317505, 2.141421318054199), (-22.637928009033203, -0.20724931359291077, 2.141421318054199), (-22.637928009033203, -0.20724931359291077, 2.141421318054199), (-22.87178611755371, -0.16073209047317505, 2.141421318054199), (-22.661052703857422, -0.3828897178173065, 2.200000047683716), (-22.87178611755371, -0.16073209047317505, 2.141421318054199), (-22.917638778686523, -0.33185166120529175, 2.200000047683716), (-22.661052703857422, -0.3828897178173065, 2.200000047683716), (-22.917638778686523, -0.33185166120529175, -0.20000000298023224), (-23.165367126464844, -0.24775905907154083, -0.20000000298023224), (-22.87178611755371, -0.16073209047317505, -0.1414213627576828), (-23.165367126464844, -0.24775905907154083, -0.20000000298023224), (-23.097572326660156, -0.0840882658958435, -0.1414213627576828), (-22.87178611755371, -0.16073209047317505, -0.1414213627576828), (-22.87178611755371, -0.16073209047317505, -0.1414213627576828), (-23.097572326660156, -0.0840882658958435, -0.1414213627576828), (-22.852794647216797, -0.08985205739736557, 0), (-23.097572326660156, -0.0840882658958435, -0.1414213627576828), (-23.069490432739258, -0.016293596476316452, 0), (-22.852794647216797, -0.08985205739736557, 0), (-22.852794647216797, -0.08985205739736557, 0), (-23.069490432739258, -0.016293596476316452, 0), (-22.852794647216797, -0.08985205739736557, 2), (-23.069490432739258, -0.016293596476316452, 0), (-23.069490432739258, -0.016293596476316452, 2), (-22.852794647216797, -0.08985205739736557, 2), (-22.852794647216797, -0.08985205739736557, 2), (-23.069490432739258, -0.016293596476316452, 2), (-22.87178611755371, -0.16073209047317505, 2.141421318054199), (-23.069490432739258, -0.016293596476316452, 2), (-23.097572326660156, -0.0840882658958435, 2.141421318054199), (-22.87178611755371, -0.16073209047317505, 2.141421318054199), (-22.87178611755371, -0.16073209047317505, 2.141421318054199), (-23.097572326660156, -0.0840882658958435, 2.141421318054199), (-22.917638778686523, -0.33185166120529175, 2.200000047683716), (-23.097572326660156, -0.0840882658958435, 2.141421318054199), (-23.165367126464844, -0.24775905907154083, 2.200000047683716), (-22.917638778686523, -0.33185166120529175, 2.200000047683716), (-23.165367126464844, -0.24775905907154083, -0.20000000298023224), (-23.399999618530273, -0.13205081224441528, -0.20000000298023224), (-23.097572326660156, -0.0840882658958435, -0.1414213627576828), (-23.399999618530273, -0.13205081224441528, -0.20000000298023224), (-23.31142234802246, 0.021370789036154747, -0.1414213627576828), (-23.097572326660156, -0.0840882658958435, -0.1414213627576828), (-23.097572326660156, -0.0840882658958435, -0.1414213627576828), (-23.31142234802246, 0.021370789036154747, -0.1414213627576828), (-23.069490432739258, -0.016293596476316452, 0), (-23.31142234802246, 0.021370789036154747, -0.1414213627576828), (-23.27473258972168, 0.08492009341716766, 0), (-23.069490432739258, -0.016293596476316452, 0), (-23.069490432739258, -0.016293596476316452, 0), (-23.27473258972168, 0.08492009341716766, 0), (-23.069490432739258, -0.016293596476316452, 2), (-23.27473258972168, 0.08492009341716766, 0), (-23.27473258972168, 0.08492009341716766, 2), (-23.069490432739258, -0.016293596476316452, 2), (-23.069490432739258, -0.016293596476316452, 2), (-23.27473258972168, 0.08492009341716766, 2), (-23.097572326660156, -0.0840882658958435, 2.141421318054199), (-23.27473258972168, 0.08492009341716766, 2), (-23.31142234802246, 0.021370789036154747, 2.141421318054199), (-23.097572326660156, -0.0840882658958435, 2.141421318054199), (-23.097572326660156, -0.0840882658958435, 2.141421318054199), (-23.31142234802246, 0.021370789036154747, 2.141421318054199), (-23.165367126464844, -0.24775905907154083, 2.200000047683716), (-23.31142234802246, 0.021370789036154747, 2.141421318054199), (-23.399999618530273, -0.13205081224441528, 2.200000047683716), (-23.165367126464844, -0.24775905907154083, 2.200000047683716), (-23.399999618530273, -0.13205081224441528, -0.20000000298023224), (-23.617523193359375, 0.013293319381773472, -0.20000000298023224), (-23.31142234802246, 0.021370789036154747, -0.1414213627576828), (-23.617523193359375, 0.013293319381773472, -0.20000000298023224), (-23.50967788696289, 0.15384061634540558, -0.1414213627576828), (-23.31142234802246, 0.021370789036154747, -0.1414213627576828), (-23.31142234802246, 0.021370789036154747, -0.1414213627576828), (-23.50967788696289, 0.15384061634540558, -0.1414213627576828), (-23.27473258972168, 0.08492009341716766, 0), (-23.50967788696289, 0.15384061634540558, -0.1414213627576828), (-23.46500587463379, 0.2120572179555893, 0), (-23.27473258972168, 0.08492009341716766, 0), (-23.27473258972168, 0.08492009341716766, 0), (-23.46500587463379, 0.2120572179555893, 0), (-23.27473258972168, 0.08492009341716766, 2), (-23.46500587463379, 0.2120572179555893, 0), (-23.46500587463379, 0.2120572179555893, 2), (-23.27473258972168, 0.08492009341716766, 2), (-23.27473258972168, 0.08492009341716766, 2), (-23.46500587463379, 0.2120572179555893, 2), (-23.31142234802246, 0.021370789036154747, 2.141421318054199), (-23.46500587463379, 0.2120572179555893, 2), (-23.50967788696289, 0.15384061634540558, 2.141421318054199), (-23.31142234802246, 0.021370789036154747, 2.141421318054199), (-23.31142234802246, 0.021370789036154747, 2.141421318054199), (-23.50967788696289, 0.15384061634540558, 2.141421318054199), (-23.399999618530273, -0.13205081224441528, 2.200000047683716), (-23.50967788696289, 0.15384061634540558, 2.141421318054199), (-23.617523193359375, 0.013293319381773472, 2.200000047683716), (-23.399999618530273, -0.13205081224441528, 2.200000047683716), (-23.617523193359375, 0.013293319381773472, -0.20000000298023224), (-23.814212799072266, 0.1857864409685135, -0.20000000298023224), (-23.50967788696289, 0.15384061634540558, -0.1414213627576828), (-23.814212799072266, 0.1857864409685135, -0.20000000298023224), (-23.688945770263672, 0.31105464696884155, -0.1414213627576828), (-23.50967788696289, 0.15384061634540558, -0.1414213627576828), (-23.50967788696289, 0.15384061634540558, -0.1414213627576828), (-23.688945770263672, 0.31105464696884155, -0.1414213627576828), (-23.46500587463379, 0.2120572179555893, 0), (-23.688945770263672, 0.31105464696884155, -0.1414213627576828), (-23.63705825805664, 0.3629424273967743, 0), (-23.46500587463379, 0.2120572179555893, 0), (-23.46500587463379, 0.2120572179555893, 0), (-23.63705825805664, 0.3629424273967743, 0), (-23.46500587463379, 0.2120572179555893, 2), (-23.63705825805664, 0.3629424273967743, 0), (-23.63705825805664, 0.3629424273967743, 2), (-23.46500587463379, 0.2120572179555893, 2), (-23.46500587463379, 0.2120572179555893, 2), (-23.63705825805664, 0.3629424273967743, 2), (-23.50967788696289, 0.15384061634540558, 2.141421318054199), (-23.63705825805664, 0.3629424273967743, 2), (-23.688945770263672, 0.31105464696884155, 2.141421318054199), (-23.50967788696289, 0.15384061634540558, 2.141421318054199), (-23.50967788696289, 0.15384061634540558, 2.141421318054199), (-23.688945770263672, 0.31105464696884155, 2.141421318054199), (-23.617523193359375, 0.013293319381773472, 2.200000047683716), (-23.688945770263672, 0.31105464696884155, 2.141421318054199), (-23.814212799072266, 0.1857864409685135, 2.200000047683716), (-23.617523193359375, 0.013293319381773472, 2.200000047683716), (-23.814212799072266, 0.1857864409685135, -0.20000000298023224), (-23.986705780029297, 0.38247713446617126, -0.20000000298023224), (-23.688945770263672, 0.31105464696884155, -0.1414213627576828), (-23.986705780029297, 0.38247713446617126, -0.20000000298023224), (-23.846158981323242, 0.49032288789749146, -0.1414213627576828), (-23.688945770263672, 0.31105464696884155, -0.1414213627576828), (-23.688945770263672, 0.31105464696884155, -0.1414213627576828), (-23.846158981323242, 0.49032288789749146, -0.1414213627576828), (-23.63705825805664, 0.3629424273967743, 0), (-23.846158981323242, 0.49032288789749146, -0.1414213627576828), (-23.78794288635254, 0.5349940657615662, 0), (-23.63705825805664, 0.3629424273967743, 0), (-23.63705825805664, 0.3629424273967743, 0), (-23.78794288635254, 0.5349940657615662, 0), (-23.63705825805664, 0.3629424273967743, 2), (-23.78794288635254, 0.5349940657615662, 0), (-23.78794288635254, 0.5349940657615662, 2), (-23.63705825805664, 0.3629424273967743, 2), (-23.63705825805664, 0.3629424273967743, 2), (-23.78794288635254, 0.5349940657615662, 2), (-23.688945770263672, 0.31105464696884155, 2.141421318054199), (-23.78794288635254, 0.5349940657615662, 2), (-23.846158981323242, 0.49032288789749146, 2.141421318054199), (-23.688945770263672, 0.31105464696884155, 2.141421318054199), (-23.688945770263672, 0.31105464696884155, 2.141421318054199), (-23.846158981323242, 0.49032288789749146, 2.141421318054199), (-23.814212799072266, 0.1857864409685135, 2.200000047683716), (-23.846158981323242, 0.49032288789749146, 2.141421318054199), (-23.986705780029297, 0.38247713446617126, 2.200000047683716), (-23.814212799072266, 0.1857864409685135, 2.200000047683716), (-23.986705780029297, 0.38247713446617126, -0.20000000298023224), (-24.132051467895508, 0.6000000238418579, -0.20000000298023224), (-23.846158981323242, 0.49032288789749146, -0.1414213627576828), (-24.132051467895508, 0.6000000238418579, -0.20000000298023224), (-23.97863006591797, 0.6885780096054077, -0.1414213627576828), (-23.846158981323242, 0.49032288789749146, -0.1414213627576828), (-23.846158981323242, 0.49032288789749146, -0.1414213627576828), (-23.97863006591797, 0.6885780096054077, -0.1414213627576828), (-23.78794288635254, 0.5349940657615662, 0), (-23.97863006591797, 0.6885780096054077, -0.1414213627576828), (-23.91507911682129, 0.7252681851387024, 0), (-23.78794288635254, 0.5349940657615662, 0), (-23.78794288635254, 0.5349940657615662, 0), (-23.91507911682129, 0.7252681851387024, 0), (-23.78794288635254, 0.5349940657615662, 2), (-23.91507911682129, 0.7252681851387024, 0), (-23.91507911682129, 0.7252681851387024, 2), (-23.78794288635254, 0.5349940657615662, 2), (-23.78794288635254, 0.5349940657615662, 2), (-23.91507911682129, 0.7252681851387024, 2), (-23.846158981323242, 0.49032288789749146, 2.141421318054199), (-23.91507911682129, 0.7252681851387024, 2), (-23.97863006591797, 0.6885780096054077, 2.141421318054199), (-23.846158981323242, 0.49032288789749146, 2.141421318054199), (-23.846158981323242, 0.49032288789749146, 2.141421318054199), (-23.97863006591797, 0.6885780096054077, 2.141421318054199), (-23.986705780029297, 0.38247713446617126, 2.200000047683716), (-23.97863006591797, 0.6885780096054077, 2.141421318054199), (-24.132051467895508, 0.6000000238418579, 2.200000047683716), (-23.986705780029297, 0.38247713446617126, 2.200000047683716), (-24.132051467895508, 0.6000000238418579, -0.20000000298023224), (-24.247758865356445, 0.8346331119537354, -0.20000000298023224), (-23.97863006591797, 0.6885780096054077, -0.1414213627576828), (-24.247758865356445, 0.8346331119537354, -0.20000000298023224), (-24.084087371826172, 0.9024277925491333, -0.1414213627576828), (-23.97863006591797, 0.6885780096054077, -0.1414213627576828), (-23.97863006591797, 0.6885780096054077, -0.1414213627576828), (-24.084087371826172, 0.9024277925491333, -0.1414213627576828), (-23.91507911682129, 0.7252681851387024, 0), (-24.084087371826172, 0.9024277925491333, -0.1414213627576828), (-24.016294479370117, 0.9305092692375183, 0), (-23.91507911682129, 0.7252681851387024, 0), (-23.91507911682129, 0.7252681851387024, 0), (-24.016294479370117, 0.9305092692375183, 0), (-23.91507911682129, 0.7252681851387024, 2), (-24.016294479370117, 0.9305092692375183, 0), (-24.016294479370117, 0.9305092692375183, 2), (-23.91507911682129, 0.7252681851387024, 2), (-23.91507911682129, 0.7252681851387024, 2), (-24.016294479370117, 0.9305092692375183, 2), (-23.97863006591797, 0.6885780096054077, 2.141421318054199), (-24.016294479370117, 0.9305092692375183, 2), (-24.084087371826172, 0.9024277925491333, 2.141421318054199), (-23.97863006591797, 0.6885780096054077, 2.141421318054199), (-23.97863006591797, 0.6885780096054077, 2.141421318054199), (-24.084087371826172, 0.9024277925491333, 2.141421318054199), (-24.132051467895508, 0.6000000238418579, 2.200000047683716), (-24.084087371826172, 0.9024277925491333, 2.141421318054199), (-24.247758865356445, 0.8346331119537354, 2.200000047683716), (-24.132051467895508, 0.6000000238418579, 2.200000047683716), (-24.247758865356445, 0.8346331119537354, -0.20000000298023224), (-24.331851959228516, 1.0823619365692139, -0.20000000298023224), (-24.084087371826172, 0.9024277925491333, -0.1414213627576828), (-24.331851959228516, 1.0823619365692139, -0.20000000298023224), (-24.16073226928711, 1.1282132863998413, -0.1414213627576828), (-24.084087371826172, 0.9024277925491333, -0.1414213627576828), (-24.084087371826172, 0.9024277925491333, -0.1414213627576828), (-24.16073226928711, 1.1282132863998413, -0.1414213627576828), (-24.016294479370117, 0.9305092692375183, 0), (-24.16073226928711, 1.1282132863998413, -0.1414213627576828), (-24.08985137939453, 1.1472054719924927, 0), (-24.016294479370117, 0.9305092692375183, 0), (-24.016294479370117, 0.9305092692375183, 0), (-24.08985137939453, 1.1472054719924927, 0), (-24.016294479370117, 0.9305092692375183, 2), (-24.08985137939453, 1.1472054719924927, 0), (-24.08985137939453, 1.1472054719924927, 2), (-24.016294479370117, 0.9305092692375183, 2), (-24.016294479370117, 0.9305092692375183, 2), (-24.08985137939453, 1.1472054719924927, 2), (-24.084087371826172, 0.9024277925491333, 2.141421318054199), (-24.08985137939453, 1.1472054719924927, 2), (-24.16073226928711, 1.1282132863998413, 2.141421318054199), (-24.084087371826172, 0.9024277925491333, 2.141421318054199), (-24.084087371826172, 0.9024277925491333, 2.141421318054199), (-24.16073226928711, 1.1282132863998413, 2.141421318054199), (-24.247758865356445, 0.8346331119537354, 2.200000047683716), (-24.16073226928711, 1.1282132863998413, 2.141421318054199), (-24.331851959228516, 1.0823619365692139, 2.200000047683716), (-24.247758865356445, 0.8346331119537354, 2.200000047683716), (-24.331851959228516, 1.0823619365692139, -0.20000000298023224), (-24.382888793945312, 1.3389476537704468, -0.20000000298023224), (-24.16073226928711, 1.1282132863998413, -0.1414213627576828), (-24.382888793945312, 1.3389476537704468, -0.20000000298023224), (-24.20724868774414, 1.36207115650177, -0.1414213627576828), (-24.16073226928711, 1.1282132863998413, -0.1414213627576828), (-24.16073226928711, 1.1282132863998413, -0.1414213627576828), (-24.20724868774414, 1.36207115650177, -0.1414213627576828), (-24.08985137939453, 1.1472054719924927, 0), (-24.20724868774414, 1.36207115650177, -0.1414213627576828), (-24.134496688842773, 1.371649146080017, 0), (-24.08985137939453, 1.1472054719924927, 0), (-24.08985137939453, 1.1472054719924927, 0), (-24.134496688842773, 1.371649146080017, 0), (-24.08985137939453, 1.1472054719924927, 2), (-24.134496688842773, 1.371649146080017, 0), (-24.134496688842773, 1.371649146080017, 2), (-24.08985137939453, 1.1472054719924927, 2), (-24.08985137939453, 1.1472054719924927, 2), (-24.134496688842773, 1.371649146080017, 2), (-24.16073226928711, 1.1282132863998413, 2.141421318054199), (-24.134496688842773, 1.371649146080017, 2), (-24.20724868774414, 1.36207115650177, 2.141421318054199), (-24.16073226928711, 1.1282132863998413, 2.141421318054199), (-24.16073226928711, 1.1282132863998413, 2.141421318054199), (-24.20724868774414, 1.36207115650177, 2.141421318054199), (-24.331851959228516, 1.0823619365692139, 2.200000047683716), (-24.20724868774414, 1.36207115650177, 2.141421318054199), (-24.382888793945312, 1.3389476537704468, 2.200000047683716), (-24.331851959228516, 1.0823619365692139, 2.200000047683716), (-24.382888793945312, 1.3389476537704468, -0.20000000298023224), (-24.399999618530273, 1.600000023841858, -0.20000000298023224), (-24.20724868774414, 1.36207115650177, -0.1414213627576828), (-24.399999618530273, 1.600000023841858, -0.20000000298023224), (-24.222843170166016, 1.600000023841858, -0.1414213627576828), (-24.20724868774414, 1.36207115650177, -0.1414213627576828), (-24.20724868774414, 1.36207115650177, -0.1414213627576828), (-24.222843170166016, 1.600000023841858, -0.1414213627576828), (-24.134496688842773, 1.371649146080017, 0), (-24.222843170166016, 1.600000023841858, -0.1414213627576828), (-24.149463653564453, 1.600000023841858, 0), (-24.134496688842773, 1.371649146080017, 0), (-24.134496688842773, 1.371649146080017, 0), (-24.149463653564453, 1.600000023841858, 0), (-24.134496688842773, 1.371649146080017, 2), (-24.149463653564453, 1.600000023841858, 0), (-24.149463653564453, 1.600000023841858, 2), (-24.134496688842773, 1.371649146080017, 2), (-24.134496688842773, 1.371649146080017, 2), (-24.149463653564453, 1.600000023841858, 2), (-24.20724868774414, 1.36207115650177, 2.141421318054199), (-24.149463653564453, 1.600000023841858, 2), (-24.222843170166016, 1.600000023841858, 2.141421318054199), (-24.20724868774414, 1.36207115650177, 2.141421318054199), (-24.20724868774414, 1.36207115650177, 2.141421318054199), (-24.222843170166016, 1.600000023841858, 2.141421318054199), (-24.382888793945312, 1.3389476537704468, 2.200000047683716), (-24.222843170166016, 1.600000023841858, 2.141421318054199), (-24.399999618530273, 1.600000023841858, 2.200000047683716), (-24.382888793945312, 1.3389476537704468, 2.200000047683716), (-24.399999618530273, 1.600000023841858, -0.20000000298023224), (-24.382888793945312, 1.861052393913269, -0.20000000298023224), (-24.222843170166016, 1.600000023841858, -0.1414213627576828), (-24.382888793945312, 1.861052393913269, -0.20000000298023224), (-24.20724868774414, 1.8379288911819458, -0.1414213627576828), (-24.222843170166016, 1.600000023841858, -0.1414213627576828), (-24.222843170166016, 1.600000023841858, -0.1414213627576828), (-24.20724868774414, 1.8379288911819458, -0.1414213627576828), (-24.149463653564453, 1.600000023841858, 0), (-24.20724868774414, 1.8379288911819458, -0.1414213627576828), (-24.134496688842773, 1.8283507823944092, 0), (-24.149463653564453, 1.600000023841858, 0), (-24.149463653564453, 1.600000023841858, 0), (-24.134496688842773, 1.8283507823944092, 0), (-24.149463653564453, 1.600000023841858, 2), (-24.134496688842773, 1.8283507823944092, 0), (-24.134496688842773, 1.8283507823944092, 2), (-24.149463653564453, 1.600000023841858, 2), (-24.149463653564453, 1.600000023841858, 2), (-24.134496688842773, 1.8283507823944092, 2), (-24.222843170166016, 1.600000023841858, 2.141421318054199), (-24.134496688842773, 1.8283507823944092, 2), (-24.20724868774414, 1.8379288911819458, 2.141421318054199), (-24.222843170166016, 1.600000023841858, 2.141421318054199), (-24.222843170166016, 1.600000023841858, 2.141421318054199), (-24.20724868774414, 1.8379288911819458, 2.141421318054199), (-24.399999618530273, 1.600000023841858, 2.200000047683716), (-24.20724868774414, 1.8379288911819458, 2.141421318054199), (-24.382888793945312, 1.861052393913269, 2.200000047683716), (-24.399999618530273, 1.600000023841858, 2.200000047683716), (-24.382888793945312, 1.861052393913269, -0.20000000298023224), (-24.331851959228516, 2.117638111114502, -0.20000000298023224), (-24.20724868774414, 1.8379288911819458, -0.1414213627576828), (-24.331851959228516, 2.117638111114502, -0.20000000298023224), (-24.16073226928711, 2.071786642074585, -0.1414213627576828), (-24.20724868774414, 1.8379288911819458, -0.1414213627576828), (-24.20724868774414, 1.8379288911819458, -0.1414213627576828), (-24.16073226928711, 2.071786642074585, -0.1414213627576828), (-24.134496688842773, 1.8283507823944092, 0), (-24.16073226928711, 2.071786642074585, -0.1414213627576828), (-24.08985137939453, 2.0527944564819336, 0), (-24.134496688842773, 1.8283507823944092, 0), (-24.134496688842773, 1.8283507823944092, 0), (-24.08985137939453, 2.0527944564819336, 0), (-24.134496688842773, 1.8283507823944092, 2), (-24.08985137939453, 2.0527944564819336, 0), (-24.08985137939453, 2.0527944564819336, 2), (-24.134496688842773, 1.8283507823944092, 2), (-24.134496688842773, 1.8283507823944092, 2), (-24.08985137939453, 2.0527944564819336, 2), (-24.20724868774414, 1.8379288911819458, 2.141421318054199), (-24.08985137939453, 2.0527944564819336, 2), (-24.16073226928711, 2.071786642074585, 2.141421318054199), (-24.20724868774414, 1.8379288911819458, 2.141421318054199), (-24.20724868774414, 1.8379288911819458, 2.141421318054199), (-24.16073226928711, 2.071786642074585, 2.141421318054199), (-24.382888793945312, 1.861052393913269, 2.200000047683716), (-24.16073226928711, 2.071786642074585, 2.141421318054199), (-24.331851959228516, 2.117638111114502, 2.200000047683716), (-24.382888793945312, 1.861052393913269, 2.200000047683716), (-24.331851959228516, 2.117638111114502, -0.20000000298023224), (-24.247758865356445, 2.3653669357299805, -0.20000000298023224), (-24.16073226928711, 2.071786642074585, -0.1414213627576828), (-24.247758865356445, 2.3653669357299805, -0.20000000298023224), (-24.084087371826172, 2.297572135925293, -0.1414213627576828), (-24.16073226928711, 2.071786642074585, -0.1414213627576828), (-24.16073226928711, 2.071786642074585, -0.1414213627576828), (-24.084087371826172, 2.297572135925293, -0.1414213627576828), (-24.08985137939453, 2.0527944564819336, 0), (-24.084087371826172, 2.297572135925293, -0.1414213627576828), (-24.016294479370117, 2.2694907188415527, 0), (-24.08985137939453, 2.0527944564819336, 0), (-24.08985137939453, 2.0527944564819336, 0), (-24.016294479370117, 2.2694907188415527, 0), (-24.08985137939453, 2.0527944564819336, 2), (-24.016294479370117, 2.2694907188415527, 0), (-24.016294479370117, 2.2694907188415527, 2), (-24.08985137939453, 2.0527944564819336, 2), (-24.08985137939453, 2.0527944564819336, 2), (-24.016294479370117, 2.2694907188415527, 2), (-24.16073226928711, 2.071786642074585, 2.141421318054199), (-24.016294479370117, 2.2694907188415527, 2), (-24.084087371826172, 2.297572135925293, 2.141421318054199), (-24.16073226928711, 2.071786642074585, 2.141421318054199), (-24.16073226928711, 2.071786642074585, 2.141421318054199), (-24.084087371826172, 2.297572135925293, 2.141421318054199), (-24.331851959228516, 2.117638111114502, 2.200000047683716), (-24.084087371826172, 2.297572135925293, 2.141421318054199), (-24.247758865356445, 2.3653669357299805, 2.200000047683716), (-24.331851959228516, 2.117638111114502, 2.200000047683716), (-24.247758865356445, 2.3653669357299805, -0.20000000298023224), (-24.132051467895508, 2.5999999046325684, -0.20000000298023224), (-24.084087371826172, 2.297572135925293, -0.1414213627576828), (-24.132051467895508, 2.5999999046325684, -0.20000000298023224), (-23.97863006591797, 2.5114219188690186, -0.1414213627576828), (-24.084087371826172, 2.297572135925293, -0.1414213627576828), (-24.084087371826172, 2.297572135925293, -0.1414213627576828), (-23.97863006591797, 2.5114219188690186, -0.1414213627576828), (-24.016294479370117, 2.2694907188415527, 0), (-23.97863006591797, 2.5114219188690186, -0.1414213627576828), (-23.91507911682129, 2.474731683731079, 0), (-24.016294479370117, 2.2694907188415527, 0), (-24.016294479370117, 2.2694907188415527, 0), (-23.91507911682129, 2.474731683731079, 0), (-24.016294479370117, 2.2694907188415527, 2), (-23.91507911682129, 2.474731683731079, 0), (-23.91507911682129, 2.474731683731079, 2), (-24.016294479370117, 2.2694907188415527, 2), (-24.016294479370117, 2.2694907188415527, 2), (-23.91507911682129, 2.474731683731079, 2), (-24.084087371826172, 2.297572135925293, 2.141421318054199), (-23.91507911682129, 2.474731683731079, 2), (-23.97863006591797, 2.5114219188690186, 2.141421318054199), (-24.084087371826172, 2.297572135925293, 2.141421318054199), (-24.084087371826172, 2.297572135925293, 2.141421318054199), (-23.97863006591797, 2.5114219188690186, 2.141421318054199), (-24.247758865356445, 2.3653669357299805, 2.200000047683716), (-23.97863006591797, 2.5114219188690186, 2.141421318054199), (-24.132051467895508, 2.5999999046325684, 2.200000047683716), (-24.247758865356445, 2.3653669357299805, 2.200000047683716), (-24.132051467895508, 2.5999999046325684, -0.20000000298023224), (-23.986705780029297, 2.8175227642059326, -0.20000000298023224), (-23.97863006591797, 2.5114219188690186, -0.1414213627576828), (-23.986705780029297, 2.8175227642059326, -0.20000000298023224), (-23.846158981323242, 2.709677219390869, -0.1414213627576828), (-23.97863006591797, 2.5114219188690186, -0.1414213627576828), (-23.97863006591797, 2.5114219188690186, -0.1414213627576828), (-23.846158981323242, 2.709677219390869, -0.1414213627576828), (-23.91507911682129, 2.474731683731079, 0), (-23.846158981323242, 2.709677219390869, -0.1414213627576828), (-23.78794288635254, 2.665005922317505, 0), (-23.91507911682129, 2.474731683731079, 0), (-23.91507911682129, 2.474731683731079, 0), (-23.78794288635254, 2.665005922317505, 0), (-23.91507911682129, 2.474731683731079, 2), (-23.78794288635254, 2.665005922317505, 0), (-23.78794288635254, 2.665005922317505, 2), (-23.91507911682129, 2.474731683731079, 2), (-23.91507911682129, 2.474731683731079, 2), (-23.78794288635254, 2.665005922317505, 2), (-23.97863006591797, 2.5114219188690186, 2.141421318054199), (-23.78794288635254, 2.665005922317505, 2), (-23.846158981323242, 2.709677219390869, 2.141421318054199), (-23.97863006591797, 2.5114219188690186, 2.141421318054199), (-23.97863006591797, 2.5114219188690186, 2.141421318054199), (-23.846158981323242, 2.709677219390869, 2.141421318054199), (-24.132051467895508, 2.5999999046325684, 2.200000047683716), (-23.846158981323242, 2.709677219390869, 2.141421318054199), (-23.986705780029297, 2.8175227642059326, 2.200000047683716), (-24.132051467895508, 2.5999999046325684, 2.200000047683716), (-23.986705780029297, 2.8175227642059326, -0.20000000298023224), (-23.814212799072266, 3.0142135620117188, -0.20000000298023224), (-23.846158981323242, 2.709677219390869, -0.1414213627576828), (-23.814212799072266, 3.0142135620117188, -0.20000000298023224), (-23.688945770263672, 2.8889453411102295, -0.1414213627576828), (-23.846158981323242, 2.709677219390869, -0.1414213627576828), (-23.846158981323242, 2.709677219390869, -0.1414213627576828), (-23.688945770263672, 2.8889453411102295, -0.1414213627576828), (-23.78794288635254, 2.665005922317505, 0), (-23.688945770263672, 2.8889453411102295, -0.1414213627576828), (-23.63705825805664, 2.837057590484619, 0), (-23.78794288635254, 2.665005922317505, 0), (-23.78794288635254, 2.665005922317505, 0), (-23.63705825805664, 2.837057590484619, 0), (-23.78794288635254, 2.665005922317505, 2), (-23.63705825805664, 2.837057590484619, 0), (-23.63705825805664, 2.837057590484619, 2), (-23.78794288635254, 2.665005922317505, 2), (-23.78794288635254, 2.665005922317505, 2), (-23.63705825805664, 2.837057590484619, 2), (-23.846158981323242, 2.709677219390869, 2.141421318054199), (-23.63705825805664, 2.837057590484619, 2), (-23.688945770263672, 2.8889453411102295, 2.141421318054199), (-23.846158981323242, 2.709677219390869, 2.141421318054199), (-23.846158981323242, 2.709677219390869, 2.141421318054199), (-23.688945770263672, 2.8889453411102295, 2.141421318054199), (-23.986705780029297, 2.8175227642059326, 2.200000047683716), (-23.688945770263672, 2.8889453411102295, 2.141421318054199), (-23.814212799072266, 3.0142135620117188, 2.200000047683716), (-23.986705780029297, 2.8175227642059326, 2.200000047683716), (-23.814212799072266, 3.0142135620117188, -0.20000000298023224), (-23.617523193359375, 3.186706781387329, -0.20000000298023224), (-23.688945770263672, 2.8889453411102295, -0.1414213627576828), (-23.617523193359375, 3.186706781387329, -0.20000000298023224), (-23.50967788696289, 3.046159267425537, -0.1414213627576828), (-23.688945770263672, 2.8889453411102295, -0.1414213627576828), (-23.688945770263672, 2.8889453411102295, -0.1414213627576828), (-23.50967788696289, 3.046159267425537, -0.1414213627576828), (-23.63705825805664, 2.837057590484619, 0), (-23.50967788696289, 3.046159267425537, -0.1414213627576828), (-23.46500587463379, 2.987942695617676, 0), (-23.63705825805664, 2.837057590484619, 0), (-23.63705825805664, 2.837057590484619, 0), (-23.46500587463379, 2.987942695617676, 0), (-23.63705825805664, 2.837057590484619, 2), (-23.46500587463379, 2.987942695617676, 0), (-23.46500587463379, 2.987942695617676, 2), (-23.63705825805664, 2.837057590484619, 2), (-23.63705825805664, 2.837057590484619, 2), (-23.46500587463379, 2.987942695617676, 2), (-23.688945770263672, 2.8889453411102295, 2.141421318054199), (-23.46500587463379, 2.987942695617676, 2), (-23.50967788696289, 3.046159267425537, 2.141421318054199), (-23.688945770263672, 2.8889453411102295, 2.141421318054199), (-23.688945770263672, 2.8889453411102295, 2.141421318054199), (-23.50967788696289, 3.046159267425537, 2.141421318054199), (-23.814212799072266, 3.0142135620117188, 2.200000047683716), (-23.50967788696289, 3.046159267425537, 2.141421318054199), (-23.617523193359375, 3.186706781387329, 2.200000047683716), (-23.814212799072266, 3.0142135620117188, 2.200000047683716), (-23.617523193359375, 3.186706781387329, -0.20000000298023224), (-23.399999618530273, 3.3320508003234863, -0.20000000298023224), (-23.50967788696289, 3.046159267425537, -0.1414213627576828), (-23.399999618530273, 3.3320508003234863, -0.20000000298023224), (-23.31142234802246, 3.178629159927368, -0.1414213627576828), (-23.50967788696289, 3.046159267425537, -0.1414213627576828), (-23.50967788696289, 3.046159267425537, -0.1414213627576828), (-23.31142234802246, 3.178629159927368, -0.1414213627576828), (-23.46500587463379, 2.987942695617676, 0), (-23.31142234802246, 3.178629159927368, -0.1414213627576828), (-23.27473258972168, 3.115079879760742, 0), (-23.46500587463379, 2.987942695617676, 0), (-23.46500587463379, 2.987942695617676, 0), (-23.27473258972168, 3.115079879760742, 0), (-23.46500587463379, 2.987942695617676, 2), (-23.27473258972168, 3.115079879760742, 0), (-23.27473258972168, 3.115079879760742, 2), (-23.46500587463379, 2.987942695617676, 2), (-23.46500587463379, 2.987942695617676, 2), (-23.27473258972168, 3.115079879760742, 2), (-23.50967788696289, 3.046159267425537, 2.141421318054199), (-23.27473258972168, 3.115079879760742, 2), (-23.31142234802246, 3.178629159927368, 2.141421318054199), (-23.50967788696289, 3.046159267425537, 2.141421318054199), (-23.50967788696289, 3.046159267425537, 2.141421318054199), (-23.31142234802246, 3.178629159927368, 2.141421318054199), (-23.617523193359375, 3.186706781387329, 2.200000047683716), (-23.31142234802246, 3.178629159927368, 2.141421318054199), (-23.399999618530273, 3.3320508003234863, 2.200000047683716), (-23.617523193359375, 3.186706781387329, 2.200000047683716), (-23.399999618530273, 3.3320508003234863, -0.20000000298023224), (-23.165367126464844, 3.4477591514587402, -0.20000000298023224), (-23.31142234802246, 3.178629159927368, -0.1414213627576828), (-23.165367126464844, 3.4477591514587402, -0.20000000298023224), (-23.097572326660156, 3.284088373184204, -0.1414213627576828), (-23.31142234802246, 3.178629159927368, -0.1414213627576828), (-23.31142234802246, 3.178629159927368, -0.1414213627576828), (-23.097572326660156, 3.284088373184204, -0.1414213627576828), (-23.27473258972168, 3.115079879760742, 0), (-23.097572326660156, 3.284088373184204, -0.1414213627576828), (-23.069490432739258, 3.2162935733795166, 0), (-23.27473258972168, 3.115079879760742, 0), (-23.27473258972168, 3.115079879760742, 0), (-23.069490432739258, 3.2162935733795166, 0), (-23.27473258972168, 3.115079879760742, 2), (-23.069490432739258, 3.2162935733795166, 0), (-23.069490432739258, 3.2162935733795166, 2), (-23.27473258972168, 3.115079879760742, 2), (-23.27473258972168, 3.115079879760742, 2), (-23.069490432739258, 3.2162935733795166, 2), (-23.31142234802246, 3.178629159927368, 2.141421318054199), (-23.069490432739258, 3.2162935733795166, 2), (-23.097572326660156, 3.284088373184204, 2.141421318054199), (-23.31142234802246, 3.178629159927368, 2.141421318054199), (-23.31142234802246, 3.178629159927368, 2.141421318054199), (-23.097572326660156, 3.284088373184204, 2.141421318054199), (-23.399999618530273, 3.3320508003234863, 2.200000047683716), (-23.097572326660156, 3.284088373184204, 2.141421318054199), (-23.165367126464844, 3.4477591514587402, 2.200000047683716), (-23.399999618530273, 3.3320508003234863, 2.200000047683716), (-23.165367126464844, 3.4477591514587402, -0.20000000298023224), (-22.917638778686523, 3.5318517684936523, -0.20000000298023224), (-23.097572326660156, 3.284088373184204, -0.1414213627576828), (-22.917638778686523, 3.5318517684936523, -0.20000000298023224), (-22.87178611755371, 3.360732078552246, -0.1414213627576828), (-23.097572326660156, 3.284088373184204, -0.1414213627576828), (-23.097572326660156, 3.284088373184204, -0.1414213627576828), (-22.87178611755371, 3.360732078552246, -0.1414213627576828), (-23.069490432739258, 3.2162935733795166, 0), (-22.87178611755371, 3.360732078552246, -0.1414213627576828), (-22.852794647216797, 3.2898521423339844, 0), (-23.069490432739258, 3.2162935733795166, 0), (-23.069490432739258, 3.2162935733795166, 0), (-22.852794647216797, 3.2898521423339844, 0), (-23.069490432739258, 3.2162935733795166, 2), (-22.852794647216797, 3.2898521423339844, 0), (-22.852794647216797, 3.2898521423339844, 2), (-23.069490432739258, 3.2162935733795166, 2), (-23.069490432739258, 3.2162935733795166, 2), (-22.852794647216797, 3.2898521423339844, 2), (-23.097572326660156, 3.284088373184204, 2.141421318054199), (-22.852794647216797, 3.2898521423339844, 2), (-22.87178611755371, 3.360732078552246, 2.141421318054199), (-23.097572326660156, 3.284088373184204, 2.141421318054199), (-23.097572326660156, 3.284088373184204, 2.141421318054199), (-22.87178611755371, 3.360732078552246, 2.141421318054199), (-23.165367126464844, 3.4477591514587402, 2.200000047683716), (-22.87178611755371, 3.360732078552246, 2.141421318054199), (-22.917638778686523, 3.5318517684936523, 2.200000047683716), (-23.165367126464844, 3.4477591514587402, 2.200000047683716), (-22.917638778686523, 3.5318517684936523, -0.20000000298023224), (-22.661052703857422, 3.5828897953033447, -0.20000000298023224), (-22.87178611755371, 3.360732078552246, -0.1414213627576828), (-22.661052703857422, 3.5828897953033447, -0.20000000298023224), (-22.637928009033203, 3.4072492122650146, -0.1414213627576828), (-22.87178611755371, 3.360732078552246, -0.1414213627576828), (-22.87178611755371, 3.360732078552246, -0.1414213627576828), (-22.637928009033203, 3.4072492122650146, -0.1414213627576828), (-22.852794647216797, 3.2898521423339844, 0), (-22.637928009033203, 3.4072492122650146, -0.1414213627576828), (-22.62835121154785, 3.3344967365264893, 0), (-22.852794647216797, 3.2898521423339844, 0), (-22.852794647216797, 3.2898521423339844, 0), (-22.62835121154785, 3.3344967365264893, 0), (-22.852794647216797, 3.2898521423339844, 2), (-22.62835121154785, 3.3344967365264893, 0), (-22.62835121154785, 3.3344967365264893, 2), (-22.852794647216797, 3.2898521423339844, 2), (-22.852794647216797, 3.2898521423339844, 2), (-22.62835121154785, 3.3344967365264893, 2), (-22.87178611755371, 3.360732078552246, 2.141421318054199), (-22.62835121154785, 3.3344967365264893, 2), (-22.637928009033203, 3.4072492122650146, 2.141421318054199), (-22.87178611755371, 3.360732078552246, 2.141421318054199), (-22.87178611755371, 3.360732078552246, 2.141421318054199), (-22.637928009033203, 3.4072492122650146, 2.141421318054199), (-22.917638778686523, 3.5318517684936523, 2.200000047683716), (-22.637928009033203, 3.4072492122650146, 2.141421318054199), (-22.661052703857422, 3.5828897953033447, 2.200000047683716), (-22.917638778686523, 3.5318517684936523, 2.200000047683716), (-22.661052703857422, 3.5828897953033447, -0.20000000298023224), (-22.399999618530273, 3.5999999046325684, -0.20000000298023224), (-22.637928009033203, 3.4072492122650146, -0.1414213627576828), (-22.399999618530273, 3.5999999046325684, -0.20000000298023224), (-22.399999618530273, 3.4228439331054688, -0.1414213627576828), (-22.637928009033203, 3.4072492122650146, -0.1414213627576828), (-22.637928009033203, 3.4072492122650146, -0.1414213627576828), (-22.399999618530273, 3.4228439331054688, -0.1414213627576828), (-22.62835121154785, 3.3344967365264893, 0), (-22.399999618530273, 3.4228439331054688, -0.1414213627576828), (-22.399999618530273, 3.349463701248169, 0), (-22.62835121154785, 3.3344967365264893, 0), (-22.62835121154785, 3.3344967365264893, 0), (-22.399999618530273, 3.349463701248169, 0), (-22.62835121154785, 3.3344967365264893, 2), (-22.399999618530273, 3.349463701248169, 0), (-22.399999618530273, 3.349463701248169, 2), (-22.62835121154785, 3.3344967365264893, 2), (-22.62835121154785, 3.3344967365264893, 2), (-22.399999618530273, 3.349463701248169, 2), (-22.637928009033203, 3.4072492122650146, 2.141421318054199), (-22.399999618530273, 3.349463701248169, 2), (-22.399999618530273, 3.4228439331054688, 2.141421318054199), (-22.637928009033203, 3.4072492122650146, 2.141421318054199), (-22.637928009033203, 3.4072492122650146, 2.141421318054199), (-22.399999618530273, 3.4228439331054688, 2.141421318054199), (-22.661052703857422, 3.5828897953033447, 2.200000047683716), (-22.399999618530273, 3.4228439331054688, 2.141421318054199), (-22.399999618530273, 3.5999999046325684, 2.200000047683716), (-22.661052703857422, 3.5828897953033447, 2.200000047683716), (-22.399999618530273, 3.5999999046325684, -0.20000000298023224), (-22.138948440551758, 3.5828897953033447, -0.20000000298023224), (-22.399999618530273, 3.4228439331054688, -0.1414213627576828), (-22.138948440551758, 3.5828897953033447, -0.20000000298023224), (-22.162071228027344, 3.4072492122650146, -0.1414213627576828), (-22.399999618530273, 3.4228439331054688, -0.1414213627576828), (-22.399999618530273, 3.4228439331054688, -0.1414213627576828), (-22.162071228027344, 3.4072492122650146, -0.1414213627576828), (-22.399999618530273, 3.349463701248169, 0), (-22.162071228027344, 3.4072492122650146, -0.1414213627576828), (-22.171649932861328, 3.3344967365264893, 0), (-22.399999618530273, 3.349463701248169, 0), (-22.399999618530273, 3.349463701248169, 0), (-22.171649932861328, 3.3344967365264893, 0), (-22.399999618530273, 3.349463701248169, 2), (-22.171649932861328, 3.3344967365264893, 0), (-22.171649932861328, 3.3344967365264893, 2), (-22.399999618530273, 3.349463701248169, 2), (-22.399999618530273, 3.349463701248169, 2), (-22.171649932861328, 3.3344967365264893, 2), (-22.399999618530273, 3.4228439331054688, 2.141421318054199), (-22.171649932861328, 3.3344967365264893, 2), (-22.162071228027344, 3.4072492122650146, 2.141421318054199), (-22.399999618530273, 3.4228439331054688, 2.141421318054199), (-22.399999618530273, 3.4228439331054688, 2.141421318054199), (-22.162071228027344, 3.4072492122650146, 2.141421318054199), (-22.399999618530273, 3.5999999046325684, 2.200000047683716), (-22.162071228027344, 3.4072492122650146, 2.141421318054199), (-22.138948440551758, 3.5828897953033447, 2.200000047683716), (-22.399999618530273, 3.5999999046325684, 2.200000047683716), (-22.138948440551758, 3.5828897953033447, -0.20000000298023224), (-21.882362365722656, 3.5318517684936523, -0.20000000298023224), (-22.162071228027344, 3.4072492122650146, -0.1414213627576828), (-21.882362365722656, 3.5318517684936523, -0.20000000298023224), (-21.928213119506836, 3.360732078552246, -0.1414213627576828), (-22.162071228027344, 3.4072492122650146, -0.1414213627576828), (-22.162071228027344, 3.4072492122650146, -0.1414213627576828), (-21.928213119506836, 3.360732078552246, -0.1414213627576828), (-22.171649932861328, 3.3344967365264893, 0), (-21.928213119506836, 3.360732078552246, -0.1414213627576828), (-21.94720458984375, 3.2898521423339844, 0), (-22.171649932861328, 3.3344967365264893, 0), (-22.171649932861328, 3.3344967365264893, 0), (-21.94720458984375, 3.2898521423339844, 0), (-22.171649932861328, 3.3344967365264893, 2), (-21.94720458984375, 3.2898521423339844, 0), (-21.94720458984375, 3.2898521423339844, 2), (-22.171649932861328, 3.3344967365264893, 2), (-22.171649932861328, 3.3344967365264893, 2), (-21.94720458984375, 3.2898521423339844, 2), (-22.162071228027344, 3.4072492122650146, 2.141421318054199), (-21.94720458984375, 3.2898521423339844, 2), (-21.928213119506836, 3.360732078552246, 2.141421318054199), (-22.162071228027344, 3.4072492122650146, 2.141421318054199), (-22.162071228027344, 3.4072492122650146, 2.141421318054199), (-21.928213119506836, 3.360732078552246, 2.141421318054199), (-22.138948440551758, 3.5828897953033447, 2.200000047683716), (-21.928213119506836, 3.360732078552246, 2.141421318054199), (-21.882362365722656, 3.5318517684936523, 2.200000047683716), (-22.138948440551758, 3.5828897953033447, 2.200000047683716), (-21.882362365722656, 3.5318517684936523, -0.20000000298023224), (-21.634634017944336, 3.4477591514587402, -0.20000000298023224), (-21.928213119506836, 3.360732078552246, -0.1414213627576828), (-21.634634017944336, 3.4477591514587402, -0.20000000298023224), (-21.70242691040039, 3.284088373184204, -0.1414213627576828), (-21.928213119506836, 3.360732078552246, -0.1414213627576828), (-21.928213119506836, 3.360732078552246, -0.1414213627576828), (-21.70242691040039, 3.284088373184204, -0.1414213627576828), (-21.94720458984375, 3.2898521423339844, 0), (-21.70242691040039, 3.284088373184204, -0.1414213627576828), (-21.73050880432129, 3.2162935733795166, 0), (-21.94720458984375, 3.2898521423339844, 0), (-21.94720458984375, 3.2898521423339844, 0), (-21.73050880432129, 3.2162935733795166, 0), (-21.94720458984375, 3.2898521423339844, 2), (-21.73050880432129, 3.2162935733795166, 0), (-21.73050880432129, 3.2162935733795166, 2), (-21.94720458984375, 3.2898521423339844, 2), (-21.94720458984375, 3.2898521423339844, 2), (-21.73050880432129, 3.2162935733795166, 2), (-21.928213119506836, 3.360732078552246, 2.141421318054199), (-21.73050880432129, 3.2162935733795166, 2), (-21.70242691040039, 3.284088373184204, 2.141421318054199), (-21.928213119506836, 3.360732078552246, 2.141421318054199), (-21.928213119506836, 3.360732078552246, 2.141421318054199), (-21.70242691040039, 3.284088373184204, 2.141421318054199), (-21.882362365722656, 3.5318517684936523, 2.200000047683716), (-21.70242691040039, 3.284088373184204, 2.141421318054199), (-21.634634017944336, 3.4477591514587402, 2.200000047683716), (-21.882362365722656, 3.5318517684936523, 2.200000047683716), (-21.634634017944336, 3.4477591514587402, -0.20000000298023224), (-21.399999618530273, 3.3320508003234863, -0.20000000298023224), (-21.70242691040039, 3.284088373184204, -0.1414213627576828), (-21.399999618530273, 3.3320508003234863, -0.20000000298023224), (-21.48857879638672, 3.178629159927368, -0.1414213627576828), (-21.70242691040039, 3.284088373184204, -0.1414213627576828), (-21.70242691040039, 3.284088373184204, -0.1414213627576828), (-21.48857879638672, 3.178629159927368, -0.1414213627576828), (-21.73050880432129, 3.2162935733795166, 0), (-21.48857879638672, 3.178629159927368, -0.1414213627576828), (-21.5252685546875, 3.115079879760742, 0), (-21.73050880432129, 3.2162935733795166, 0), (-21.73050880432129, 3.2162935733795166, 0), (-21.5252685546875, 3.115079879760742, 0), (-21.73050880432129, 3.2162935733795166, 2), (-21.5252685546875, 3.115079879760742, 0), (-21.5252685546875, 3.115079879760742, 2), (-21.73050880432129, 3.2162935733795166, 2), (-21.73050880432129, 3.2162935733795166, 2), (-21.5252685546875, 3.115079879760742, 2), (-21.70242691040039, 3.284088373184204, 2.141421318054199), (-21.5252685546875, 3.115079879760742, 2), (-21.48857879638672, 3.178629159927368, 2.141421318054199), (-21.70242691040039, 3.284088373184204, 2.141421318054199), (-21.70242691040039, 3.284088373184204, 2.141421318054199), (-21.48857879638672, 3.178629159927368, 2.141421318054199), (-21.634634017944336, 3.4477591514587402, 2.200000047683716), (-21.48857879638672, 3.178629159927368, 2.141421318054199), (-21.399999618530273, 3.3320508003234863, 2.200000047683716), (-21.634634017944336, 3.4477591514587402, 2.200000047683716), (-21.399999618530273, 3.3320508003234863, -0.20000000298023224), (-21.182477951049805, 3.186706781387329, -0.20000000298023224), (-21.48857879638672, 3.178629159927368, -0.1414213627576828), (-21.182477951049805, 3.186706781387329, -0.20000000298023224), (-21.29032325744629, 3.046159267425537, -0.1414213627576828), (-21.48857879638672, 3.178629159927368, -0.1414213627576828), (-21.48857879638672, 3.178629159927368, -0.1414213627576828), (-21.29032325744629, 3.046159267425537, -0.1414213627576828), (-21.5252685546875, 3.115079879760742, 0), (-21.29032325744629, 3.046159267425537, -0.1414213627576828), (-21.334993362426758, 2.987942695617676, 0), (-21.5252685546875, 3.115079879760742, 0), (-21.5252685546875, 3.115079879760742, 0), (-21.334993362426758, 2.987942695617676, 0), (-21.5252685546875, 3.115079879760742, 2), (-21.334993362426758, 2.987942695617676, 0), (-21.334993362426758, 2.987942695617676, 2), (-21.5252685546875, 3.115079879760742, 2), (-21.5252685546875, 3.115079879760742, 2), (-21.334993362426758, 2.987942695617676, 2), (-21.48857879638672, 3.178629159927368, 2.141421318054199), (-21.334993362426758, 2.987942695617676, 2), (-21.29032325744629, 3.046159267425537, 2.141421318054199), (-21.48857879638672, 3.178629159927368, 2.141421318054199), (-21.48857879638672, 3.178629159927368, 2.141421318054199), (-21.29032325744629, 3.046159267425537, 2.141421318054199), (-21.399999618530273, 3.3320508003234863, 2.200000047683716), (-21.29032325744629, 3.046159267425537, 2.141421318054199), (-21.182477951049805, 3.186706781387329, 2.200000047683716), (-21.399999618530273, 3.3320508003234863, 2.200000047683716), (-21.182477951049805, 3.186706781387329, -0.20000000298023224), (-20.98578643798828, 3.0142135620117188, -0.20000000298023224), (-21.29032325744629, 3.046159267425537, -0.1414213627576828), (-20.98578643798828, 3.0142135620117188, -0.20000000298023224), (-21.111055374145508, 2.8889453411102295, -0.1414213627576828), (-21.29032325744629, 3.046159267425537, -0.1414213627576828), (-21.29032325744629, 3.046159267425537, -0.1414213627576828), (-21.111055374145508, 2.8889453411102295, -0.1414213627576828), (-21.334993362426758, 2.987942695617676, 0), (-21.111055374145508, 2.8889453411102295, -0.1414213627576828), (-21.16294288635254, 2.837057590484619, 0), (-21.334993362426758, 2.987942695617676, 0), (-21.334993362426758, 2.987942695617676, 0), (-21.16294288635254, 2.837057590484619, 0), (-21.334993362426758, 2.987942695617676, 2), (-21.16294288635254, 2.837057590484619, 0), (-21.16294288635254, 2.837057590484619, 2), (-21.334993362426758, 2.987942695617676, 2), (-21.334993362426758, 2.987942695617676, 2), (-21.16294288635254, 2.837057590484619, 2), (-21.29032325744629, 3.046159267425537, 2.141421318054199), (-21.16294288635254, 2.837057590484619, 2), (-21.111055374145508, 2.8889453411102295, 2.141421318054199), (-21.29032325744629, 3.046159267425537, 2.141421318054199), (-21.29032325744629, 3.046159267425537, 2.141421318054199), (-21.111055374145508, 2.8889453411102295, 2.141421318054199), (-21.182477951049805, 3.186706781387329, 2.200000047683716), (-21.111055374145508, 2.8889453411102295, 2.141421318054199), (-20.98578643798828, 3.0142135620117188, 2.200000047683716), (-21.182477951049805, 3.186706781387329, 2.200000047683716), (-20.98578643798828, 3.0142135620117188, -0.20000000298023224), (-20.81329345703125, 2.8175227642059326, -0.20000000298023224), (-21.111055374145508, 2.8889453411102295, -0.1414213627576828), (-20.81329345703125, 2.8175227642059326, -0.20000000298023224), (-20.953840255737305, 2.709677219390869, -0.1414213627576828), (-21.111055374145508, 2.8889453411102295, -0.1414213627576828), (-21.111055374145508, 2.8889453411102295, -0.1414213627576828), (-20.953840255737305, 2.709677219390869, -0.1414213627576828), (-21.16294288635254, 2.837057590484619, 0), (-20.953840255737305, 2.709677219390869, -0.1414213627576828), (-21.012056350708008, 2.665005922317505, 0), (-21.16294288635254, 2.837057590484619, 0), (-21.16294288635254, 2.837057590484619, 0), (-21.012056350708008, 2.665005922317505, 0), (-21.16294288635254, 2.837057590484619, 2), (-21.012056350708008, 2.665005922317505, 0), (-21.012056350708008, 2.665005922317505, 2), (-21.16294288635254, 2.837057590484619, 2), (-21.16294288635254, 2.837057590484619, 2), (-21.012056350708008, 2.665005922317505, 2), (-21.111055374145508, 2.8889453411102295, 2.141421318054199), (-21.012056350708008, 2.665005922317505, 2), (-20.953840255737305, 2.709677219390869, 2.141421318054199), (-21.111055374145508, 2.8889453411102295, 2.141421318054199), (-21.111055374145508, 2.8889453411102295, 2.141421318054199), (-20.953840255737305, 2.709677219390869, 2.141421318054199), (-20.98578643798828, 3.0142135620117188, 2.200000047683716), (-20.953840255737305, 2.709677219390869, 2.141421318054199), (-20.81329345703125, 2.8175227642059326, 2.200000047683716), (-20.98578643798828, 3.0142135620117188, 2.200000047683716), (-20.81329345703125, 2.8175227642059326, -0.20000000298023224), (-20.667949676513672, 2.5999999046325684, -0.20000000298023224), (-20.953840255737305, 2.709677219390869, -0.1414213627576828), (-20.667949676513672, 2.5999999046325684, -0.20000000298023224), (-20.82137107849121, 2.5114219188690186, -0.1414213627576828), (-20.953840255737305, 2.709677219390869, -0.1414213627576828), (-20.953840255737305, 2.709677219390869, -0.1414213627576828), (-20.82137107849121, 2.5114219188690186, -0.1414213627576828), (-21.012056350708008, 2.665005922317505, 0), (-20.82137107849121, 2.5114219188690186, -0.1414213627576828), (-20.884920120239258, 2.474731683731079, 0), (-21.012056350708008, 2.665005922317505, 0), (-21.012056350708008, 2.665005922317505, 0), (-20.884920120239258, 2.474731683731079, 0), (-21.012056350708008, 2.665005922317505, 2), (-20.884920120239258, 2.474731683731079, 0), (-20.884920120239258, 2.474731683731079, 2), (-21.012056350708008, 2.665005922317505, 2), (-21.012056350708008, 2.665005922317505, 2), (-20.884920120239258, 2.474731683731079, 2), (-20.953840255737305, 2.709677219390869, 2.141421318054199), (-20.884920120239258, 2.474731683731079, 2), (-20.82137107849121, 2.5114219188690186, 2.141421318054199), (-20.953840255737305, 2.709677219390869, 2.141421318054199), (-20.953840255737305, 2.709677219390869, 2.141421318054199), (-20.82137107849121, 2.5114219188690186, 2.141421318054199), (-20.81329345703125, 2.8175227642059326, 2.200000047683716), (-20.82137107849121, 2.5114219188690186, 2.141421318054199), (-20.667949676513672, 2.5999999046325684, 2.200000047683716), (-20.81329345703125, 2.8175227642059326, 2.200000047683716), (-20.667949676513672, 2.5999999046325684, -0.20000000298023224), (-20.5522403717041, 2.3653669357299805, -0.20000000298023224), (-20.82137107849121, 2.5114219188690186, -0.1414213627576828), (-20.5522403717041, 2.3653669357299805, -0.20000000298023224), (-20.715911865234375, 2.297572135925293, -0.1414213627576828), (-20.82137107849121, 2.5114219188690186, -0.1414213627576828), (-20.82137107849121, 2.5114219188690186, -0.1414213627576828), (-20.715911865234375, 2.297572135925293, -0.1414213627576828), (-20.884920120239258, 2.474731683731079, 0), (-20.715911865234375, 2.297572135925293, -0.1414213627576828), (-20.783706665039062, 2.2694907188415527, 0), (-20.884920120239258, 2.474731683731079, 0), (-20.884920120239258, 2.474731683731079, 0), (-20.783706665039062, 2.2694907188415527, 0), (-20.884920120239258, 2.474731683731079, 2), (-20.783706665039062, 2.2694907188415527, 0), (-20.783706665039062, 2.2694907188415527, 2), (-20.884920120239258, 2.474731683731079, 2), (-20.884920120239258, 2.474731683731079, 2), (-20.783706665039062, 2.2694907188415527, 2), (-20.82137107849121, 2.5114219188690186, 2.141421318054199), (-20.783706665039062, 2.2694907188415527, 2), (-20.715911865234375, 2.297572135925293, 2.141421318054199), (-20.82137107849121, 2.5114219188690186, 2.141421318054199), (-20.82137107849121, 2.5114219188690186, 2.141421318054199), (-20.715911865234375, 2.297572135925293, 2.141421318054199), (-20.667949676513672, 2.5999999046325684, 2.200000047683716), (-20.715911865234375, 2.297572135925293, 2.141421318054199), (-20.5522403717041, 2.3653669357299805, 2.200000047683716), (-20.667949676513672, 2.5999999046325684, 2.200000047683716), (-20.5522403717041, 2.3653669357299805, -0.20000000298023224), (-20.468149185180664, 2.117638111114502, -0.20000000298023224), (-20.715911865234375, 2.297572135925293, -0.1414213627576828), (-20.468149185180664, 2.117638111114502, -0.20000000298023224), (-20.639266967773438, 2.071786642074585, -0.1414213627576828), (-20.715911865234375, 2.297572135925293, -0.1414213627576828), (-20.715911865234375, 2.297572135925293, -0.1414213627576828), (-20.639266967773438, 2.071786642074585, -0.1414213627576828), (-20.783706665039062, 2.2694907188415527, 0), (-20.639266967773438, 2.071786642074585, -0.1414213627576828), (-20.710147857666016, 2.0527944564819336, 0), (-20.783706665039062, 2.2694907188415527, 0), (-20.783706665039062, 2.2694907188415527, 0), (-20.710147857666016, 2.0527944564819336, 0), (-20.783706665039062, 2.2694907188415527, 2), (-20.710147857666016, 2.0527944564819336, 0), (-20.710147857666016, 2.0527944564819336, 2), (-20.783706665039062, 2.2694907188415527, 2), (-20.783706665039062, 2.2694907188415527, 2), (-20.710147857666016, 2.0527944564819336, 2), (-20.715911865234375, 2.297572135925293, 2.141421318054199), (-20.710147857666016, 2.0527944564819336, 2), (-20.639266967773438, 2.071786642074585, 2.141421318054199), (-20.715911865234375, 2.297572135925293, 2.141421318054199), (-20.715911865234375, 2.297572135925293, 2.141421318054199), (-20.639266967773438, 2.071786642074585, 2.141421318054199), (-20.5522403717041, 2.3653669357299805, 2.200000047683716), (-20.639266967773438, 2.071786642074585, 2.141421318054199), (-20.468149185180664, 2.117638111114502, 2.200000047683716), (-20.5522403717041, 2.3653669357299805, 2.200000047683716), (-20.468149185180664, 2.117638111114502, -0.20000000298023224), (-20.417110443115234, 1.861052393913269, -0.20000000298023224), (-20.639266967773438, 2.071786642074585, -0.1414213627576828), (-20.417110443115234, 1.861052393913269, -0.20000000298023224), (-20.592750549316406, 1.8379288911819458, -0.1414213627576828), (-20.639266967773438, 2.071786642074585, -0.1414213627576828), (-20.639266967773438, 2.071786642074585, -0.1414213627576828), (-20.592750549316406, 1.8379288911819458, -0.1414213627576828), (-20.710147857666016, 2.0527944564819336, 0), (-20.592750549316406, 1.8379288911819458, -0.1414213627576828), (-20.665502548217773, 1.8283507823944092, 0), (-20.710147857666016, 2.0527944564819336, 0), (-20.710147857666016, 2.0527944564819336, 0), (-20.665502548217773, 1.8283507823944092, 0), (-20.710147857666016, 2.0527944564819336, 2), (-20.665502548217773, 1.8283507823944092, 0), (-20.665502548217773, 1.8283507823944092, 2), (-20.710147857666016, 2.0527944564819336, 2), (-20.710147857666016, 2.0527944564819336, 2), (-20.665502548217773, 1.8283507823944092, 2), (-20.639266967773438, 2.071786642074585, 2.141421318054199), (-20.665502548217773, 1.8283507823944092, 2), (-20.592750549316406, 1.8379288911819458, 2.141421318054199), (-20.639266967773438, 2.071786642074585, 2.141421318054199), (-20.639266967773438, 2.071786642074585, 2.141421318054199), (-20.592750549316406, 1.8379288911819458, 2.141421318054199), (-20.468149185180664, 2.117638111114502, 2.200000047683716), (-20.592750549316406, 1.8379288911819458, 2.141421318054199), (-20.417110443115234, 1.861052393913269, 2.200000047683716), (-20.468149185180664, 2.117638111114502, 2.200000047683716), (-20.417110443115234, 1.861052393913269, -0.20000000298023224), (-20.399999618530273, 1.600000023841858, -0.20000000298023224), (-20.592750549316406, 1.8379288911819458, -0.1414213627576828), (-20.399999618530273, 1.600000023841858, -0.20000000298023224), (-20.57715606689453, 1.600000023841858, -0.1414213627576828), (-20.592750549316406, 1.8379288911819458, -0.1414213627576828), (-20.592750549316406, 1.8379288911819458, -0.1414213627576828), (-20.57715606689453, 1.600000023841858, -0.1414213627576828), (-20.665502548217773, 1.8283507823944092, 0), (-20.57715606689453, 1.600000023841858, -0.1414213627576828), (-20.650535583496094, 1.600000023841858, 0), (-20.665502548217773, 1.8283507823944092, 0), (-20.665502548217773, 1.8283507823944092, 0), (-20.650535583496094, 1.600000023841858, 0), (-20.665502548217773, 1.8283507823944092, 2), (-20.650535583496094, 1.600000023841858, 0), (-20.650535583496094, 1.600000023841858, 2), (-20.665502548217773, 1.8283507823944092, 2), (-20.665502548217773, 1.8283507823944092, 2), (-20.650535583496094, 1.600000023841858, 2), (-20.592750549316406, 1.8379288911819458, 2.141421318054199), (-20.650535583496094, 1.600000023841858, 2), (-20.57715606689453, 1.600000023841858, 2.141421318054199), (-20.592750549316406, 1.8379288911819458, 2.141421318054199), (-20.592750549316406, 1.8379288911819458, 2.141421318054199), (-20.57715606689453, 1.600000023841858, 2.141421318054199), (-20.417110443115234, 1.861052393913269, 2.200000047683716), (-20.57715606689453, 1.600000023841858, 2.141421318054199), (-20.399999618530273, 1.600000023841858, 2.200000047683716), (-20.417110443115234, 1.861052393913269, 2.200000047683716)]
            normal3f[] normals = [(-0, 0, -1), (-0, 0, -1), (-0, 0, -1), (0, -0, -1), (0, -0, -1), (0, -0, -1), (0, 0, -1), (0, 0, -1), (0, 0, -1), (0, -0, -1), (0, -0, -1), (0, -0, -1), (0, 0, -1), (0, 0, -1), (0, 0, -1), (-0, -0, -1), (-0, -0, -1), (-0, -0, -1), (-0, 0, -1), (-0, 0, -1), (-0, 0, -1), (-0, 0, -1), (-0, 0, -1), (-0, 0, -1), (0, -0, -1), (0, -0, -1), (0, -0, -1), (0, 0, -1), (0, 0, -1), (0, 0, -1), (0, -0, -1), (0, -0, -1), (0, -0, -1), (0, 0, -1), (0, 0, -1), (0, 0, -1), (-0, -0, -1), (-0, -0, -1), (-0, -0, -1), (-0, 0, -1), (-0, 0, -1), (-0, 0, -1), (0, -0, -1), (0, -0, -1), (0, -0, -1), (0, 0, -1), (0, 0, -1), (0, 0, -1), (0, -0, -1), (0, -0, -1), (0, -0, -1), (0, 0, -1), (0, 0, -1), (0, 0, -1), (-0, -0, -1), (-0, -0, -1), (-0, -0, -1), (-0, 0, -1), (-0, 0, -1), (-0, 0, -1), (0, -0, -1), (0, -0, -1), (0, -0, -1), (0, 0, -1), (0, 0, -1), (0, 0, -1), (0, -0, -1), (0, -0, -1), (0, -0, -1), (0, 0, -1), (0, 0, -1), (0, 0, -1), (-0, -0, -1), (-0, -0, -1), (-0, -0, -1), (0, 0, -1), (0, 0, -1), (0, 0, -1), (0, -0, -1), (0, -0, -1), (0, -0, -1), (0, 0, -1), (0, 0, -1), (0, 0, -1), (0, -0, -1), (0, -0, -1), (0, -0, -1), (0, 0, -1), (0, 0, -1), (0, 0, -1), (-0, -0, -1), (-0, -0, -1), (-0, -0, -1), (0, 0, -1), (0, 0, -1), (0, 0, -1), (0, -0, -1), (0, -0, -1), (0, -0, -1), (0, 0, -1), (0, 0, -1), (0, 0, -1), (0, -0, -1), (0, -0, -1), (0, -0, -1), (0, 0, -1), (0, 0, -1), (0, 0, -1), (-0, -0, -1), (-0, -0, -1), (-0, -0, -1), (0, 0, -1), (0, 0, -1), (0, 0, -1), (0, -0, -1), (0, -0, -1), (0, -0, -1), (0, 0, -1), (0, 0, -1), (0, 0, -1), (0, -0, -1), (0, -0, -1), (0, -0, -1), (0, 0, -1), (0, 0, -1), (0, 0, -1), (-0, -0, -1), (-0, -0, -1), (-0, -0, -1), (0, 0, -1), (0, 0, -1), (0, 0, -1), (0, -0, -1), (0, -0, -1), (0, -0, -1), (0, 0, -1), (0, 0, -1), (0, 0, -1), (0, -0, -1), (0, -0, -1), (0, -0, -1), (0, 0, -1), (0, 0, -1), (0, 0, -1), (-0, -0, -1), (-0, -0, -1), (-0, -0, -1), (0, 0, -1), (0, 0, -1), (0, 0, -1), (0, -0, -1), (0, -0, -1), (0, -0, -1), (0, 0, -1), (0, 0, -1), (0, 0, -1), (0, -0, -1), (0, -0, -1), (0, -0, -1), (0, 0, -1), (0, 0, -1), (0, 0, -1), (-0, -0, -1), (-0, -0, -1), (-0, -0, -1), (0, 0, -1), (0, 0, -1), (0, 0, -1), (0, -0, -1), (0, -0, -1), (0, -0, -1), (0, 0, -1), (0, 0, -1), (0, 0, -1), (0, -0, -1), (0, -0, -1), (0, -0, -1), (0, 0, -1), (0, 0, -1), (0, 0, -1), (0, 0, -1), (0, 0, -1), (0, 0, -1), (0, 0, -1), (0, 0, -1), (0, 0, -1), (0, -0, -1), (0, -0, -1), (0, -0, -1), (0, 0, -1), (0, 0, -1), (0, 0, -1), (0, -0, -1), (0, -0, -1), (0, -0, -1), (0, 0, -1), (0, 0, -1), (0, 0, -1), (0, 0, -1), (0, 0, -1), (0, 0, -1), (0, 0, -1), (0, 0, -1), (0, 0, -1), (0, -0, -1), (0, -0, -1), (0, -0, -1), (0, 0, -1), (0, 0, -1), (0, 0, -1), (0, -0, -1), (0, -0, -1), (0, -0, -1), (0, 0, -1), (0, 0, -1), (0, 0, -1), (0, 0, -1), (0, 0, -1), (0, 0, -1), (0, 0, -1), (0, 0, -1), (0, 0, -1), (0, -0, -1), (0, -0, -1), (0, -0, -1), (0, 0, -1), (0, 0, -1), (0, 0, -1), (0, -0, -1), (0, -0, -1), (0, -0, -1), (0, 0, -1), (0, 0, -1), (0, 0, -1), (0, 0, -1), (0, 0, -1), (0, 0, -1), (0, 0, -1), (0, 0, -1), (0, 0, -1), (0, -0, -1), (0, -0, -1), (0, -0, -1), (0, 0, -1), (0, 0, -1), (0, 0, -1), (0, -0, -1), (0, -0, -1), (0, -0, -1), (0, 0, -1), (0, 0, -1), (0, 0, -1), (0, 0, -1), (0, 0, -1), (0, 0, -1), (0, 0, -1), (0, 0, -1), (0, 0, -1), (0, 0, -1), (0, 0, -1), (0, 0, -1), (0, 0, -1), (0, 0, -1), (0, 0, -1), (0, -0, -1), (0, -0, -1), (0, -0, -1), (0, 0, -1), (0, 0, -1), (0, 0, -1), (0, 0, -1), (0, 0, -1), (0, 0, -1), (0, 0, -1), (0, 0, -1), (0, 0, -1), (0, -0, -1), (0, -0, -1), (0, -0, -1), (0, 0, -1), (0, 0, -1), (0, 0, -1), (0, -0, -1), (0, -0, -1), (0, -0, -1), (0, 0, -1), (0, 0, -1), (0, 0, -1), (0, 0, -1), (0, 0, -1), (0, 0, -1), (0, 0, -1), (0, 0, -1), (0, 0, -1), (0, -0, -1), (0, -0, -1), (0, -0, -1), (0, 0, -1), (0, 0, -1), (0, 0, -1), (0, 0, -1), (0, 0, -1), (0, 0, -1), (0, 0, -1), (0, 0, -1), (0, 0, -1), (0, 0, -1), (0, 0, -1), (0, 0, -1), (0, 0, -1), (0, 0, -1), (0, 0, -1), (0, -0, -1), (0, -0, -1), (0, -0, -1), (0, 0, -1), (0, 0, -1), (0, 0, -1), (0, 0, -1), (0, 0, -1), (0, 0, -1), (0, 0, -1), (0, 0, -1), (0, 0, -1), (0, -0, -1), (0, -0, -1), (0, -0, -1), (0, 0, -1), (0, 0, -1), (0, 0, -1), (0, 0, -1), (0, 0, -1), (0, 0, -1), (0, 0, -1), (0, 0, -1), (0, 0, -1), (0, -0, -1), (0, -0, -1), (0, -0, -1), (0, 0, -1), (0, 0, -1), (0, 0, -1), (0, 0, -1), (0, 0, -1), (0, 0, -1), (0, 0, -1), (0, 0, -1), (0, 0, -1), (0, -0, -1), (0, -0, -1), (0, -0, -1), (0, 0, -1), (0, 0, -1), (0, 0, -1), (0, -0, -1), (0, -0, -1), (0, -0, -1), (0, 0, -1), (0, 0, -1), (0, 0, -1), (0, -0, -1), (0, -0, -1), (0, -0, -1), (0, 0, -1), (0, 0, -1), (0, 0, -1), (0, 0, -1), (0, 0, -1), (0, 0, -1), (0, 0, -1), (0, 0, -1), (0, 0, -1), (0, -0, -1), (0, -0, -1), (0, -0, -1), (0, 0, -1), (0, 0, -1), (0, 0, -1), (0, 0, -1), (0, 0, -1), (0, 0, -1), (0, 0, -1), (0, 0, -1), (0, 0, -1), (0, -0, -1), (0, -0, -1), (0, -0, -1), (0, 0, -1), (0, 0, -1), (0, 0, -1), (0, 0, -1), (0, 0, -1), (0, 0, -1), (0, 0, -1), (0, 0, -1), (0, 0, -1), (0, 0, -1), (0, 0, -1), (0, 0, -1), (0, 0, -1), (0, 0, -1), (0, 0, -1), (0, 0, -1), (0, 0, -1), (0, 0, -1), (0, 0, -1), (0, 0, -1), (0, 0, -1), (0, 0, -1), (0, 0, -1), (0, 0, -1), (0, 0, -1), (0, 0, -1), (0, 0, -1), (0, 0, -1), (0, 0, -1), (0, 0, -1), (0, 0, -1), (0, 0, -1), (0, 0, -1), (0, 0, -1), (0, 0, -1), (0, 0, -1), (0, -0, -1), (0, -0, -1), (0, -0, -1), (0, 0, -1), (0, 0, -1), (0, 0, -1), (0, 0, -1), (0, 0, -1), (0, 0, -1), (0, -0, -1), (0, -0, -1), (0, -0, -1), (0, -0, -1), (0, -0, -1), (0, -0, -1), (0, 0, -1), (0, 0, -1), (0, 0, -1), (0, -0, -1), (0, -0, -1), (0, -0, -1), (0, -0, -1), (0, -0, -1), (0, -0, -1), (0, 0, -1), (0, 0, -1), (0, 0, -1), (0, -0, -1), (0, -0, -1), (0, -0, -1), (0, 0, -1), (0, 0, -1), (0, 0, -1), (0, 0, -1), (0, 0, -1), (0, 0, -1), (0, -0, -1), (0, -0, -1), (0, -0, -1), (0, 0, -1), (0, 0, -1), (0, 0, -1), (0, 0, -1), (0, 0, -1), (0, 0, -1), (0, -0, -1), (0, -0, -1), (0, -0, -1), (0, 0, -1), (0, 0, -1), (0, 0, -1), (0, -0, 1), (0, -0, 1), (0, -0, 1), (0, 0, 1), (0, 0, 1), (0, 0, 1), (0, 0, 1), (0, 0, 1), (0, 0, 1), (0, 0, 1), (0, 0, 1), (0, 0, 1), (-0, 0, 1), (-0, 0, 1), (-0, 0, 1), (0, 0, 1), (0, 0, 1), (0, 0, 1), (0, -0, 1), (0, -0, 1), (0, -0, 1), (0, -0, 1), (0, -0, 1), (0, -0, 1), (0, 0, 1), (0, 0, 1), (0, 0, 1), (0, -0, 1), (0, -0, 1), (0, -0, 1), (0, 0, 1), (0, 0, 1), (0, 0, 1), (0, -0, 1), (0, -0, 1), (0, -0, 1), (0, 0, 1), (0, 0, 1), (0, 0, 1), (0, -0, 1), (0, -0, 1), (0, -0, 1), (0, 0, 1), (0, 0, 1), (0, 0, 1), (0, -0, 1), (0, -0, 1), (0, -0, 1), (0, 0, 1), (0, 0, 1), (0, 0, 1), (0, -0, 1), (0, -0, 1), (0, -0, 1), (0, 0, 1), (0, 0, 1), (0, 0, 1), (0, -0, 1), (0, -0, 1), (0, -0, 1), (0, 0, 1), (0, 0, 1), (0, 0, 1), (0, -0, 1), (0, -0, 1), (0, -0, 1), (0, 0, 1), (0, 0, 1), (0, 0, 1), (0, -0, 1), (0, -0, 1), (0, -0, 1), (0, 0, 1), (0, 0, 1), (0, 0, 1), (0, 0, 1), (0, 0, 1), (0, 0, 1), (0, 0, 1), (0, 0, 1), (0, 0, 1), (0, -0, 1), (0, -0, 1), (0, -0, 1), (0, 0, 1), (0, 0, 1), (0, 0, 1), (0, -0, 1), (0, -0, 1), (0, -0, 1), (0, 0, 1), (0, 0, 1), (0, 0, 1), (0, 0, 1), (0, 0, 1), (0, 0, 1), (0, 0, 1), (0, 0, 1), (0, 0, 1), (0, -0, 1), (0, -0, 1), (0, -0, 1), (0, 0, 1), (0, 0, 1), (0, 0, 1), (0, -0, 1), (0, -0, 1), (0, -0, 1), (0, 0, 1), (0, 0, 1), (0, 0, 1), (0, 0, 1), (0, 0, 1), (0, 0, 1), (0, 0, 1), (0, 0, 1), (0, 0, 1), (0, -0, 1), (0, -0, 1), (0, -0, 1), (0, 0, 1), (0, 0, 1), (0, 0, 1), (0, -0, 1), (0, -0, 1), (0, -0, 1), (0, 0, 1), (0, 0, 1), (0, 0, 1), (0, 0, 1), (0, 0, 1), (0, 0, 1), (0, 0, 1), (0, 0, 1), (0, 0, 1), (0, -0, 1), (0, -0, 1), (0, -0, 1), (0, 0, 1), (0, 0, 1), (0, 0, 1), (0, -0, 1), (0, -0, 1), (0, -0, 1), (0, 0, 1), (0, 0, 1), (0, 0, 1), (0, 0, 1), (0, 0, 1), (0, 0, 1), (0, 0, 1), (0, 0, 1), (0, 0, 1), (0, -0, 1), (0, -0, 1), (0, -0, 1), (0, 0, 1), (0, 0, 1), (0, 0, 1), (0, -0, 1), (0, -0, 1), (0, -0, 1), (0, 0, 1), (0, 0, 1), (0, 0, 1), (0, 0, 1), (0, 0, 1), (0, 0, 1), (0, 0, 1), (0, 0, 1), (0, 0, 1), (0, -0, 1), (0, -0, 1), (0, -0, 1), (0, 0, 1), (0, 0, 1), (0, 0, 1), (0, -0, 1), (0, -0, 1), (0, -0, 1), (0, 0, 1), (0, 0, 1), (0, 0, 1), (0, 0, 1), (0, 0, 1), (0, 0, 1), (0, 0, 1), (0, 0, 1), (0, 0, 1), (-0, 0, 1), (-0, 0, 1), (-0, 0, 1), (0, 0, 1), (0, 0, 1), (0, 0, 1), (0, -0, 1), (0, -0, 1), (0, -0, 1), (0, 0, 1), (0, 0, 1), (0, 0, 1), (0, 0, 1), (0, 0, 1), (0, 0, 1), (0, 0, 1), (0, 0, 1), (0, 0, 1), (0, 0, 1), (0, 0, 1), (0, 0, 1), (0, 0, 1), (0, 0, 1), (0, 0, 1), (0, -0, 1), (0, -0, 1), (0, -0, 1), (0, 0, 1), (0, 0, 1), (0, 0, 1), (0, 0, 1), (0, 0, 1), (0, 0, 1), (-0, 0, 1), (-0, 0, 1), (-0, 0, 1), (0, 0, 1), (0, 0, 1), (0, 0, 1), (-0, 0, 1), (-0, 0, 1), (-0, 0, 1), (0, -0, 1), (0, -0, 1), (0, -0, 1), (0, 0, 1), (0, 0, 1), (0, 0, 1), (-0, 0, 1), (-0, 0, 1), (-0, 0, 1), (-0, 0, 1), (-0, 0, 1), (-0, 0, 1), (0, 0, 1), (0, 0, 1), (0, 0, 1), (-0, 0, 1), (-0, 0, 1), (-0, 0, 1), (-0, -0, 1), (-0, -0, 1), (-0, -0, 1), (-0, 0, 1), (-0, 0, 1), (-0, 0, 1), (-0, 0, 1), (-0, 0, 1), (-0, 0, 1), (-0, 0, 1), (-0, 0, 1), (-0, 0, 1), (-0, 0, 1), (-0, 0, 1), (-0, 0, 1), (-0, 0, 1), (-0, 0, 1), (-0, 0, 1), (-0, -0, 1), (-0, -0, 1), (-0, -0, 1), (-0, 0, 1), (-0, 0, 1), (-0, 0, 1), (-0, 0, 1), (-0, 0, 1), (-0, 0, 1), (-0, 0, 1), (-0, 0, 1), (-0, 0, 1), (-0, 0, 1), (-0, 0, 1), (-0, 0, 1), (-0, 0, 1), (-0, 0, 1), (-0, 0, 1), (-0, -0, 1), (-0, -0, 1), (-0, -0, 1), (-0, 0, 1), (-0, 0, 1), (-0, 0, 1), (-0, 0, 1), (-0, 0, 1), (-0, 0, 1), (-0, 0, 1), (-0, 0, 1), (-0, 0, 1), (-0, 0, 1), (-0, 0, 1), (-0, 0, 1), (-0, 0, 1), (-0, 0, 1), (-0, 0, 1), (-0, -0, 1), (-0, -0, 1), (-0, -0, 1), (-0, 0, 1), (-0, 0, 1), (-0, 0, 1), (0, 0, 1), (0, 0, 1), (0, 0, 1), (-0, 0, 1), (-0, 0, 1), (-0, 0, 1), (-0, 0, 1), (-0, 0, 1), (-0, 0, 1), (-0, 0, 1), (-0, 0, 1), (-0, 0, 1), (-0, -0, 1), (-0, -0, 1), (-0, -0, 1), (-0, 0, 1), (-0, 0, 1), (-0, 0, 1), (0, 0, 1), (0, 0, 1), (0, 0, 1), (-0, 0, 1), (-0, 0, 1), (-0, 0, 1), (-0, 0, 1), (-0, 0, 1), (-0, 0, 1), (-0, 0, 1), (-0, 0, 1), (-0, 0, 1), (0, 0, 1), (0, 0, 1), (0, 0, 1), (-0, 0, 1), (-0, 0, 1), (-0, 0, 1), (-0, 0, 1), (-0, 0, 1), (-0, 0, 1), (-0, 0, 1), (-0, 0, 1), (-0, 0, 1), (0, 0, 1), (0, 0, 1), (0, 0, 1), (-0, 0, 1), (-0, 0, 1), (-0, 0, 1), (-0, 0, 1), (-0, 0, 1), (-0, 0, 1), (-0, 0, 1), (-0, 0, 1), (-0, 0, 1), (0, 0, 1), (0, 0, 1), (0, 0, 1), (-0, 0, 1), (-0, 0, 1), (-0, 0, 1), (-0, 0, 1), (-0, 0, 1), (-0, 0, 1), (-0, 0, 1), (-0, 0, 1), (-0, 0, 1), (0, 0, 1), (0, 0, 1), (0, 0, 1), (-0, 0, 1), (-0, 0, 1), (-0, 0, 1), (-0, 0, 1), (-0, 0, 1), (-0, 0, 1), (-0, 0, 1), (-0, 0, 1), (-0, 0, 1), (0, 0, 1), (0, 0, 1), (0, 0, 1), (-0, 0, 1), (-0, 0, 1), (-0, 0, 1), (-0, 0, 1), (-0, 0, 1), (-0, 0, 1), (0, 0, 1), (0, 0, 1), (0, 0, 1), (0, 0, 1), (0, 0, 1), (0, 0, 1), (-0, 0, 1), (-0, 0, 1), (-0, 0, 1), (-0, 0, 1), (-0, 0, 1), (-0, 0, 1), (0, 0, 1), (0, 0, 1), (0, 0, 1), (0, 0, 1), (0, 0, 1), (0, 0, 1), (-0, 0, 1), (-0, 0, 1), (-0, 0, 1), (-0, -0, 1), (-0, -0, 1), (-0, -0, 1), (0, 0, 1), (0, 0, 1), (0, 0, 1), (0, 0, 1), (0, 0, 1), (0, 0, 1), (-0, 0, 1), (-0, 0, 1), (-0, 0, 1), (0, -0, 1), (0, -0, 1), (0, -0, 1), (0, 0, 1), (0, 0, 1), (0, 0, 1), (-0, 0, 1), (-0, 0, 1), (-0, 0, 1), (0, -0, 1), (0, -0, 1), (0, -0, 1), (0, 0, 1), (0, 0, 1), (0, 0, 1), (-0, 0, 1), (-0, 0, 1), (-0, 0, 1), (0, -0, 1), (0, -0, 1), (0, -0, 1), (0, 0, 1), (0, 0, 1), (0, 0, 1), (-0, 0, 1), (-0, 0, 1), (-0, 0, 1), (0, -0, 1), (0, -0, 1), (0, -0, 1), (0, 0, 1), (0, 0, 1), (0, 0, 1), (-0, 0, 1), (-0, 0, 1), (-0, 0, 1), (0, -0, 1), (0, -0, 1), (0, -0, 1), (0, 0, 1), (0, 0, 1), (0, 0, 1), (0, -0, 1), (0, -0, 1), (0, -0, 1), (0.31455036997795105, 0, -0.9492408037185669), (0.31455036997795105, 0, -0.9492408037185669), (0.31455036997795105, 0, -0.9492408037185669), (0.31455036997795105, 0, -0.9492408037185669), (0.31455036997795105, 0, -0.9492408037185669), (0.31455036997795105, 0, -0.9492408037185669), (0.8880276083946228, 0, -0.4597901403903961), (0.8880276083946228, 0, -0.4597901403903961), (0.8880276083946228, 0, -0.4597901403903961), (0.8880276083946228, 0, -0.4597901403903961), (0.8880276083946228, 0, -0.4597901403903961), (0.8880276083946228, 0, -0.4597901403903961), (1, 0, 0), (1, 0, 0), (1, 0, 0), (1, 0, 0), (1, 0, 0), (1, 0, 0), (0.888027548789978, 0, 0.45979025959968567), (0.888027548789978, 0, 0.45979025959968567), (0.888027548789978, 0, 0.45979025959968567), (0.888027548789978, 0, 0.45979025959968567), (0.888027548789978, 0, 0.45979025959968567), (0.888027548789978, 0, 0.45979025959968567), (0.31455081701278687, 0, 0.9492406249046326), (0.31455081701278687, 0, 0.9492406249046326), (0.31455081701278687, 0, 0.9492406249046326), (0.3145507872104645, 0, 0.9492406249046326), (0.3145507872104645, 0, 0.9492406249046326), (0.3145507872104645, 0, 0.9492406249046326), (0.18873022496700287, 0.25164029002189636, -0.9492408037185669), (0.18873022496700287, 0.25164029002189636, -0.9492408037185669), (0.18873022496700287, 0.25164029002189636, -0.9492408037185669), (0.18873122334480286, 0.2516416311264038, -0.9492402076721191), (0.18873122334480286, 0.2516416311264038, -0.9492402076721191), (0.18873122334480286, 0.2516416311264038, -0.9492402076721191), (0.5328165292739868, 0.7104220986366272, -0.45979011058807373), (0.5328165292739868, 0.7104220986366272, -0.45979011058807373), (0.5328165292739868, 0.7104220986366272, -0.45979011058807373), (0.5328155159950256, 0.7104207277297974, -0.45979341864585876), (0.5328155159950256, 0.7104207277297974, -0.45979341864585876), (0.5328155159950256, 0.7104207277297974, -0.45979341864585876), (0.5999999642372131, 0.800000011920929, 0), (0.5999999642372131, 0.800000011920929, 0), (0.5999999642372131, 0.800000011920929, 0), (0.5999999642372131, 0.800000011920929, 0), (0.5999999642372131, 0.800000011920929, 0), (0.5999999642372131, 0.800000011920929, 0), (0.5328165292739868, 0.7104220390319824, 0.4597902297973633), (0.5328165292739868, 0.7104220390319824, 0.4597902297973633), (0.5328165292739868, 0.7104220390319824, 0.4597902297973633), (0.5328154563903809, 0.7104206681251526, 0.4597935676574707), (0.5328154563903809, 0.7104206681251526, 0.4597935676574707), (0.5328154563903809, 0.7104206681251526, 0.4597935676574707), (0.18873047828674316, 0.251640647649765, 0.9492406249046326), (0.18873047828674316, 0.251640647649765, 0.9492406249046326), (0.18873047828674316, 0.251640647649765, 0.9492406249046326), (0.18873149156570435, 0.25164198875427246, 0.9492400884628296), (0.18873149156570435, 0.25164198875427246, 0.9492400884628296), (0.18873149156570435, 0.25164198875427246, 0.9492400884628296), (-0.14451223611831665, 0.2793903350830078, -0.9492403864860535), (-0.14451223611831665, 0.2793903350830078, -0.9492403864860535), (-0.14451223611831665, 0.2793903350830078, -0.9492403864860535), (-0.14451174437999725, 0.2793893814086914, -0.9492406845092773), (-0.14451174437999725, 0.2793893814086914, -0.9492406845092773), (-0.14451174437999725, 0.2793893814086914, -0.9492406845092773), (-0.40797996520996094, 0.7887612581253052, -0.45979127287864685), (-0.40797996520996094, 0.7887612581253052, -0.45979127287864685), (-0.40797996520996094, 0.7887612581253052, -0.45979127287864685), (-0.4079812169075012, 0.788763701915741, -0.4597860276699066), (-0.4079812169075012, 0.788763701915741, -0.4597860276699066), (-0.4079812169075012, 0.788763701915741, -0.4597860276699066), (-0.4594229459762573, 0.8882176280021667, 0), (-0.4594229459762573, 0.8882176280021667, 0), (-0.4594229459762573, 0.8882176280021667, 0), (-0.4594229459762573, 0.8882176280021667, 0), (-0.4594229459762573, 0.8882176280021667, 0), (-0.4594229459762573, 0.8882176280021667, 0), (-0.40797996520996094, 0.7887611985206604, 0.4597913920879364), (-0.40797996520996094, 0.7887611985206604, 0.4597913920879364), (-0.40797996520996094, 0.7887611985206604, 0.4597913920879364), (-0.40798115730285645, 0.7887636423110962, 0.4597861170768738), (-0.40798115730285645, 0.7887636423110962, 0.4597861170768738), (-0.40798115730285645, 0.7887636423110962, 0.4597861170768738), (-0.14451242983341217, 0.27939072251319885, 0.9492402076721191), (-0.14451242983341217, 0.27939072251319885, 0.9492402076721191), (-0.14451242983341217, 0.27939072251319885, 0.9492402076721191), (-0.14451195299625397, 0.27938976883888245, 0.9492405652999878), (-0.14451195299625397, 0.27938976883888245, 0.9492405652999878), (-0.14451195299625397, 0.27938976883888245, 0.9492405652999878), (-0.31455036997795105, 0, -0.9492408037185669), (-0.31455036997795105, 0, -0.9492408037185669), (-0.31455036997795105, 0, -0.9492408037185669), (-0.31455036997795105, 0, -0.9492408037185669), (-0.31455036997795105, 0, -0.9492408037185669), (-0.31455036997795105, 0, -0.9492408037185669), (-0.8880276083946228, 0, -0.45979011058807373), (-0.8880276083946228, 0, -0.45979011058807373), (-0.8880276083946228, 0, -0.45979011058807373), (-0.8880276083946228, 0, -0.45979011058807373), (-0.8880276083946228, 0, -0.45979011058807373), (-0.8880276083946228, 0, -0.45979011058807373), (-1, 0, 0), (-1, 0, 0), (-1, 0, 0), (-1, 0, 0), (-1, 0, 0), (-1, 0, 0), (-0.888027548789978, 0, 0.4597902297973633), (-0.888027548789978, 0, 0.4597902297973633), (-0.888027548789978, 0, 0.4597902297973633), (-0.888027548789978, 0, 0.4597902297973633), (-0.888027548789978, 0, 0.4597902297973633), (-0.888027548789978, 0, 0.4597902297973633), (-0.3145507872104645, 0, 0.9492406249046326), (-0.3145507872104645, 0, 0.9492406249046326), (-0.3145507872104645, 0, 0.9492406249046326), (-0.31455081701278687, 0, 0.9492406249046326), (-0.31455081701278687, 0, 0.9492406249046326), (-0.31455081701278687, 0, 0.9492406249046326), (0, 0.31455114483833313, -0.949240505695343), (0, 0.31455114483833313, -0.949240505695343), (0, 0.31455114483833313, -0.949240505695343), (0, 0.31455114483833313, -0.949240505695343), (0, 0.31455114483833313, -0.949240505695343), (0, 0.31455114483833313, -0.949240505695343), (0, 0.8880264163017273, -0.45979249477386475), (0, 0.8880264163017273, -0.45979249477386475), (0, 0.8880264163017273, -0.45979249477386475), (0, 0.8880264163017273, -0.45979249477386475), (0, 0.8880264163017273, -0.45979249477386475), (0, 0.8880264163017273, -0.45979249477386475), (0, 1, 0), (0, 1, 0), (0, 1, 0), (-0, 1, 0), (-0, 1, 0), (-0, 1, 0), (-0, 0.8880263566970825, 0.4597926139831543), (-0, 0.8880263566970825, 0.4597926139831543), (-0, 0.8880263566970825, 0.4597926139831543), (-0, 0.8880263566970825, 0.4597926139831543), (-0, 0.8880263566970825, 0.4597926139831543), (-0, 0.8880263566970825, 0.4597926139831543), (-0, 0.31455159187316895, 0.9492403864860535), (-0, 0.31455159187316895, 0.9492403864860535), (-0, 0.31455159187316895, 0.9492403864860535), (-0, 0.31455159187316895, 0.9492403864860535), (-0, 0.31455159187316895, 0.9492403864860535), (-0, 0.31455159187316895, 0.9492403864860535), (-0.31455039978027344, 0, -0.9492408037185669), (-0.31455039978027344, 0, -0.9492408037185669), (-0.31455039978027344, 0, -0.9492408037185669), (-0.31455034017562866, 0, -0.9492408037185669), (-0.31455034017562866, 0, -0.9492408037185669), (-0.31455034017562866, 0, -0.9492408037185669), (-0.8880276083946228, 0, -0.4597901403903961), (-0.8880276083946228, 0, -0.4597901403903961), (-0.8880276083946228, 0, -0.4597901403903961), (-0.8880276083946228, 0, -0.4597901403903961), (-0.8880276083946228, 0, -0.4597901403903961), (-0.8880276083946228, 0, -0.4597901403903961), (-1, 0, 0), (-1, 0, 0), (-1, 0, 0), (-1, 0, 0), (-1, 0, 0), (-1, 0, 0), (-0.888027548789978, 0, 0.45979025959968567), (-0.888027548789978, 0, 0.45979025959968567), (-0.888027548789978, 0, 0.45979025959968567), (-0.888027548789978, 0, 0.4597902297973633), (-0.888027548789978, 0, 0.4597902297973633), (-0.888027548789978, 0, 0.4597902297973633), (-0.3145507872104645, 0, 0.9492406249046326), (-0.3145507872104645, 0, 0.9492406249046326), (-0.3145507872104645, 0, 0.9492406249046326), (-0.31455081701278687, 0, 0.9492406249046326), (-0.31455081701278687, 0, 0.9492406249046326), (-0.31455081701278687, 0, 0.9492406249046326), (-0.12098103761672974, -0.29035452008247375, -0.9492406845092773), (-0.12098103761672974, -0.29035452008247375, -0.9492406845092773), (-0.12098103761672974, -0.29035452008247375, -0.9492406845092773), (-0.12098091095685959, -0.2903541922569275, -0.9492408037185669), (-0.12098091095685959, -0.2903541922569275, -0.9492408037185669), (-0.12098091095685959, -0.2903541922569275, -0.9492408037185669), (-0.34154900908470154, -0.8197176456451416, -0.45979049801826477), (-0.34154900908470154, -0.8197176456451416, -0.45979049801826477), (-0.34154900908470154, -0.8197176456451416, -0.45979049801826477), (-0.3415488004684448, -0.8197171092033386, -0.4597915709018707), (-0.3415488004684448, -0.8197171092033386, -0.4597915709018707), (-0.3415488004684448, -0.8197171092033386, -0.4597915709018707), (-0.38461536169052124, -0.9230769276618958, 0), (-0.38461536169052124, -0.9230769276618958, 0), (-0.38461536169052124, -0.9230769276618958, 0), (-0.38461536169052124, -0.9230769276618958, -0), (-0.38461536169052124, -0.9230769276618958, -0), (-0.38461536169052124, -0.9230769276618958, -0), (-0.34154900908470154, -0.8197175860404968, 0.4597906172275543), (-0.34154900908470154, -0.8197175860404968, 0.4597906172275543), (-0.34154900908470154, -0.8197175860404968, 0.4597906172275543), (-0.34154877066612244, -0.8197170495986938, 0.45979171991348267), (-0.34154877066612244, -0.8197170495986938, 0.45979171991348267), (-0.34154877066612244, -0.8197170495986938, 0.45979171991348267), (-0.12098120898008347, -0.2903549075126648, 0.949240505695343), (-0.12098120898008347, -0.2903549075126648, 0.949240505695343), (-0.12098120898008347, -0.2903549075126648, 0.949240505695343), (-0.12098106741905212, -0.29035457968711853, 0.9492406249046326), (-0.12098106741905212, -0.29035457968711853, 0.9492406249046326), (-0.12098106741905212, -0.29035457968711853, 0.9492406249046326), (-0.31455036997795105, 0, -0.9492408037185669), (-0.31455036997795105, 0, -0.9492408037185669), (-0.31455036997795105, 0, -0.9492408037185669), (-0.31455036997795105, 0, -0.9492408037185669), (-0.31455036997795105, 0, -0.9492408037185669), (-0.31455036997795105, 0, -0.9492408037185669), (-0.8880276083946228, 0, -0.4597901403903961), (-0.8880276083946228, 0, -0.4597901403903961), (-0.8880276083946228, 0, -0.4597901403903961), (-0.8880276083946228, 0, -0.4597901403903961), (-0.8880276083946228, 0, -0.4597901403903961), (-0.8880276083946228, 0, -0.4597901403903961), (-1, 0, 0), (-1, 0, 0), (-1, 0, 0), (-1, 0, 0), (-1, 0, 0), (-1, 0, 0), (-0.888027548789978, 0, 0.45979025959968567), (-0.888027548789978, 0, 0.45979025959968567), (-0.888027548789978, 0, 0.45979025959968567), (-0.888027548789978, 0, 0.45979025959968567), (-0.888027548789978, 0, 0.45979025959968567), (-0.888027548789978, 0, 0.45979025959968567), (-0.3145507872104645, 0, 0.9492406249046326), (-0.3145507872104645, 0, 0.9492406249046326), (-0.3145507872104645, 0, 0.9492406249046326), (-0.3145507872104645, 0, 0.9492406249046326), (-0.3145507872104645, 0, 0.9492406249046326), (-0.3145507872104645, 0, 0.9492406249046326), (-0.136456698179245, -0.2834100127220154, -0.9492409229278564), (-0.136456698179245, -0.2834100127220154, -0.9492409229278564), (-0.136456698179245, -0.2834100127220154, -0.9492409229278564), (-0.1364578753709793, -0.28341251611709595, -0.9492400288581848), (-0.1364578753709793, -0.28341251611709595, -0.9492400288581848), (-0.1364578753709793, -0.28341251611709595, -0.9492400288581848), (-0.3852403461933136, -0.800114631652832, -0.45978960394859314), (-0.3852403461933136, -0.800114631652832, -0.45978960394859314), (-0.3852403461933136, -0.800114631652832, -0.45978960394859314), (-0.38523969054222107, -0.8001132011413574, -0.4597926139831543), (-0.38523969054222107, -0.8001132011413574, -0.4597926139831543), (-0.38523969054222107, -0.8001132011413574, -0.4597926139831543), (-0.4338156282901764, -0.9010016322135925, 0), (-0.4338156282901764, -0.9010016322135925, 0), (-0.4338156282901764, -0.9010016322135925, 0), (-0.4338156282901764, -0.9010016322135925, -0), (-0.4338156282901764, -0.9010016322135925, -0), (-0.4338156282901764, -0.9010016322135925, -0), (-0.3852403461933136, -0.8001145124435425, 0.4597897231578827), (-0.3852403461933136, -0.8001145124435425, 0.4597897231578827), (-0.3852403461933136, -0.8001145124435425, 0.4597897231578827), (-0.3852396607398987, -0.8001131415367126, 0.45979273319244385), (-0.3852396607398987, -0.8001131415367126, 0.45979273319244385), (-0.3852396607398987, -0.8001131415367126, 0.45979273319244385), (-0.13645686209201813, -0.2834104299545288, 0.9492408037185669), (-0.13645686209201813, -0.2834104299545288, 0.9492408037185669), (-0.13645686209201813, -0.2834104299545288, 0.9492408037185669), (-0.13645808398723602, -0.2834129333496094, 0.9492398500442505), (-0.13645808398723602, -0.2834129333496094, 0.9492398500442505), (-0.13645808398723602, -0.2834129333496094, 0.9492398500442505), (0.17183010280132294, -0.26347285509109497, -0.94923996925354), (0.17183010280132294, -0.26347285509109497, -0.94923996925354), (0.17183010280132294, -0.26347285509109497, -0.94923996925354), (0.17182967066764832, -0.26347216963768005, -0.9492402076721191), (0.17182967066764832, -0.26347216963768005, -0.9492402076721191), (0.17182967066764832, -0.26347216963768005, -0.9492402076721191), (0.48510006070137024, -0.7438201308250427, -0.45979297161102295), (0.48510006070137024, -0.7438201308250427, -0.45979297161102295), (0.48510006070137024, -0.7438201308250427, -0.45979297161102295), (0.4851004183292389, -0.7438206672668457, -0.45979171991348267), (0.4851004183292389, -0.7438206672668457, -0.45979171991348267), (0.4851004183292389, -0.7438206672668457, -0.45979171991348267), (0.5462677478790283, -0.8376106023788452, 0), (0.5462677478790283, -0.8376106023788452, 0), (0.5462677478790283, -0.8376106023788452, 0), (0.5462677478790283, -0.8376106023788452, 0), (0.5462677478790283, -0.8376106023788452, 0), (0.5462677478790283, -0.8376106023788452, 0), (0.48510003089904785, -0.743820071220398, 0.4597930610179901), (0.48510003089904785, -0.743820071220398, 0.4597930610179901), (0.48510003089904785, -0.743820071220398, 0.4597930610179901), (0.4851003885269165, -0.7438206076622009, 0.4597918391227722), (0.4851003885269165, -0.7438206076622009, 0.4597918391227722), (0.4851003885269165, -0.7438206076622009, 0.4597918391227722), (0.17183034121990204, -0.26347318291664124, 0.9492397904396057), (0.17183034121990204, -0.26347318291664124, 0.9492397904396057), (0.17183034121990204, -0.26347318291664124, 0.9492397904396057), (0.1718299239873886, -0.2634725272655487, 0.9492400884628296), (0.1718299239873886, -0.2634725272655487, 0.9492400884628296), (0.1718299239873886, -0.2634725272655487, 0.9492400884628296), (-0.31387725472450256, 0.020572056993842125, -0.9492406845092773), (-0.31387725472450256, 0.020572056993842125, -0.9492406845092773), (-0.31387725472450256, 0.020572056993842125, -0.9492406845092773), (-0.31387683749198914, 0.020572351291775703, -0.9492408037185669), (-0.31387683749198914, 0.020572351291775703, -0.9492408037185669), (-0.31387683749198914, 0.020572351291775703, -0.9492408037185669), (-0.8861256837844849, 0.05807912349700928, -0.459791362285614), (-0.8861256837844849, 0.05807912349700928, -0.459791362285614), (-0.8861256837844849, 0.05807912349700928, -0.459791362285614), (-0.8861265778541565, 0.05807799845933914, -0.45978981256484985), (-0.8861265778541565, 0.05807799845933914, -0.45978981256484985), (-0.8861265778541565, 0.05807799845933914, -0.45978981256484985), (-0.9978590607643127, 0.0654010996222496, 0), (-0.9978590607643127, 0.0654010996222496, 0), (-0.9978590607643127, 0.0654010996222496, 0), (-0.9978590607643127, 0.0654010996222496, 0), (-0.9978590607643127, 0.0654010996222496, 0), (-0.9978590607643127, 0.0654010996222496, 0), (-0.8861256837844849, 0.058077938854694366, 0.45979151129722595), (-0.8861256837844849, 0.058077938854694366, 0.45979151129722595), (-0.8861256837844849, 0.058077938854694366, 0.45979151129722595), (-0.8861263990402222, 0.05807916820049286, 0.4597899615764618), (-0.8861263990402222, 0.05807916820049286, 0.4597899615764618), (-0.8861263990402222, 0.05807916820049286, 0.4597899615764618), (-0.3138777017593384, 0.02057240903377533, 0.949240505695343), (-0.3138777017593384, 0.02057240903377533, 0.949240505695343), (-0.3138777017593384, 0.02057240903377533, 0.949240505695343), (-0.31387728452682495, 0.020572058856487274, 0.9492406845092773), (-0.31387728452682495, 0.020572058856487274, 0.9492406845092773), (-0.31387728452682495, 0.020572058856487274, 0.9492406845092773), (-0.3085060119628906, 0.06136580556631088, -0.9492409229278564), (-0.3085060119628906, 0.06136580556631088, -0.9492409229278564), (-0.3085060119628906, 0.06136580556631088, -0.9492409229278564), (-0.3085060119628906, 0.061365798115730286, -0.9492408633232117), (-0.3085060119628906, 0.061365798115730286, -0.9492408633232117), (-0.3085060119628906, 0.061365798115730286, -0.9492408633232117), (-0.8709648847579956, 0.17324607074260712, -0.45978906750679016), (-0.8709648847579956, 0.17324607074260712, -0.45978906750679016), (-0.8709648847579956, 0.17324607074260712, -0.45978906750679016), (-0.8709643483161926, 0.1732465773820877, -0.45978984236717224), (-0.8709643483161926, 0.1732465773820877, -0.45978984236717224), (-0.8709643483161926, 0.1732465773820877, -0.45978984236717224), (-0.980785071849823, 0.19509141147136688, 0), (-0.980785071849823, 0.19509141147136688, 0), (-0.980785071849823, 0.19509141147136688, 0), (-0.980785071849823, 0.19509141147136688, 0), (-0.980785071849823, 0.19509141147136688, 0), (-0.980785071849823, 0.19509141147136688, 0), (-0.8709647059440613, 0.17324665188789368, 0.4597891569137573), (-0.8709647059440613, 0.17324665188789368, 0.4597891569137573), (-0.8709647059440613, 0.17324665188789368, 0.4597891569137573), (-0.8709644675254822, 0.17324596643447876, 0.459789901971817), (-0.8709644675254822, 0.17324596643447876, 0.459789901971817), (-0.8709644675254822, 0.17324596643447876, 0.459789901971817), (-0.30850642919540405, 0.06136587634682655, 0.9492407441139221), (-0.30850642919540405, 0.06136587634682655, 0.9492407441139221), (-0.30850642919540405, 0.06136587634682655, 0.9492407441139221), (-0.30850645899772644, 0.06136589124798775, 0.9492407441139221), (-0.30850645899772644, 0.06136589124798775, 0.9492407441139221), (-0.30850645899772644, 0.06136589124798775, 0.9492407441139221), (-0.2978566288948059, 0.10110890120267868, -0.9492409825325012), (-0.2978566288948059, 0.10110890120267868, -0.9492409825325012), (-0.2978566288948059, 0.10110890120267868, -0.9492409825325012), (-0.2978571951389313, 0.10110870003700256, -0.9492408037185669), (-0.2978571951389313, 0.10110870003700256, -0.9492408037185669), (-0.2978571951389313, 0.10110870003700256, -0.9492408037185669), (-0.8409006595611572, 0.28544673323631287, -0.45978936553001404), (-0.8409006595611572, 0.28544673323631287, -0.45978936553001404), (-0.8409006595611572, 0.28544673323631287, -0.45978936553001404), (-0.8409000635147095, 0.28544721007347107, -0.45979011058807373), (-0.8409000635147095, 0.28544721007347107, -0.45979011058807373), (-0.8409000635147095, 0.28544721007347107, -0.45979011058807373), (-0.9469301104545593, 0.32143956422805786, 0), (-0.9469301104545593, 0.32143956422805786, 0), (-0.9469301104545593, 0.32143956422805786, 0), (-0.9469301104545593, 0.32143956422805786, 0), (-0.9469301104545593, 0.32143956422805786, 0), (-0.9469301104545593, 0.32143956422805786, 0), (-0.8409004211425781, 0.28544729948043823, 0.4597894847393036), (-0.8409004211425781, 0.28544729948043823, 0.4597894847393036), (-0.8409004211425781, 0.28544729948043823, 0.4597894847393036), (-0.840900182723999, 0.2854466140270233, 0.45979025959968567), (-0.840900182723999, 0.2854466140270233, 0.45979025959968567), (-0.840900182723999, 0.2854466140270233, 0.45979025959968567), (-0.2978571355342865, 0.10110867768526077, 0.9492408037185669), (-0.2978571355342865, 0.10110867768526077, 0.9492408037185669), (-0.2978571355342865, 0.10110867768526077, 0.9492408037185669), (-0.29785746335983276, 0.10110919922590256, 0.9492406845092773), (-0.29785746335983276, 0.10110919922590256, 0.9492406845092773), (-0.29785746335983276, 0.10110919922590256, 0.9492406845092773), (-0.28211137652397156, 0.13912242650985718, -0.9492408037185669), (-0.28211137652397156, 0.13912242650985718, -0.9492408037185669), (-0.28211137652397156, 0.13912242650985718, -0.9492408037185669), (-0.28211289644241333, 0.1391221284866333, -0.9492403864860535), (-0.28211289644241333, 0.1391221284866333, -0.9492403864860535), (-0.28211289644241333, 0.1391221284866333, -0.9492403864860535), (-0.7964482307434082, 0.39276322722435, -0.45979049801826477), (-0.7964482307434082, 0.39276322722435, -0.45979049801826477), (-0.7964482307434082, 0.39276322722435, -0.45979049801826477), (-0.7964478135108948, 0.3927634358406067, -0.45979100465774536), (-0.7964478135108948, 0.3927634358406067, -0.45979100465774536), (-0.7964478135108948, 0.3927634358406067, -0.45979100465774536), (-0.8968732357025146, 0.4422876536846161, 0), (-0.8968732357025146, 0.4422876536846161, 0), (-0.8968732357025146, 0.4422876536846161, 0), (-0.8968732357025146, 0.4422876536846161, 0), (-0.8968732357025146, 0.4422876536846161, 0), (-0.8968732357025146, 0.4422876536846161, 0), (-0.7964479923248291, 0.39276352524757385, 0.4597906470298767), (-0.7964479923248291, 0.39276352524757385, 0.4597906470298767), (-0.7964479923248291, 0.39276352524757385, 0.4597906470298767), (-0.7964479327201843, 0.39276307821273804, 0.4597911238670349), (-0.7964479327201843, 0.39276307821273804, 0.4597911238670349), (-0.7964479327201843, 0.39276307821273804, 0.4597911238670349), (-0.28211215138435364, 0.13912175595760345, 0.9492406845092773), (-0.28211215138435364, 0.13912175595760345, 0.9492406845092773), (-0.28211215138435364, 0.13912175595760345, 0.9492406845092773), (-0.28211280703544617, 0.13912314176559448, 0.9492402672767639), (-0.28211280703544617, 0.13912314176559448, 0.9492402672767639), (-0.28211280703544617, 0.13912314176559448, 0.9492402672767639), (-0.2615402638912201, 0.17475520074367523, -0.9492403864860535), (-0.2615402638912201, 0.17475520074367523, -0.9492403864860535), (-0.2615402638912201, 0.17475520074367523, -0.9492403864860535), (-0.26153966784477234, 0.1747552454471588, -0.9492405652999878), (-0.26153966784477234, 0.1747552454471588, -0.9492405652999878), (-0.26153966784477234, 0.1747552454471588, -0.9492405652999878), (-0.7383676767349243, 0.49336159229278564, -0.4597906768321991), (-0.7383676767349243, 0.49336159229278564, -0.4597906768321991), (-0.7383676767349243, 0.49336159229278564, -0.4597906768321991), (-0.7383654117584229, 0.49336251616477966, -0.459793359041214), (-0.7383654117584229, 0.49336251616477966, -0.459793359041214), (-0.7383654117584229, 0.49336251616477966, -0.459793359041214), (-0.8314683437347412, 0.5555721521377563, 0), (-0.8314683437347412, 0.5555721521377563, 0), (-0.8314683437347412, 0.5555721521377563, 0), (-0.8314683437347412, 0.5555721521377563, 0), (-0.8314683437347412, 0.5555721521377563, 0), (-0.8314683437347412, 0.5555721521377563, 0), (-0.7383665442466736, 0.49336323142051697, 0.45979076623916626), (-0.7383665442466736, 0.49336323142051697, 0.45979076623916626), (-0.7383665442466736, 0.49336323142051697, 0.45979076623916626), (-0.7383665442466736, 0.49336081743240356, 0.4597933888435364), (-0.7383665442466736, 0.49336081743240356, 0.4597933888435364), (-0.7383665442466736, 0.49336081743240356, 0.4597933888435364), (-0.2615404427051544, 0.1747557520866394, 0.9492402672767639), (-0.2615404427051544, 0.1747557520866394, 0.9492402672767639), (-0.2615404427051544, 0.1747557520866394, 0.9492402672767639), (-0.2615402340888977, 0.17475518584251404, 0.9492403864860535), (-0.2615402340888977, 0.17475518584251404, 0.9492403864860535), (-0.2615402340888977, 0.17475518584251404, 0.9492403864860535), (-0.2364916205406189, 0.20739856362342834, -0.949240505695343), (-0.2364916205406189, 0.20739856362342834, -0.949240505695343), (-0.2364916205406189, 0.20739856362342834, -0.949240505695343), (-0.23649288713932037, 0.20739863812923431, -0.9492402076721191), (-0.23649288713932037, 0.20739863812923431, -0.9492402076721191), (-0.23649288713932037, 0.20739863812923431, -0.9492402076721191), (-0.6676531434059143, 0.5855160355567932, -0.45979371666908264), (-0.6676531434059143, 0.5855160355567932, -0.45979371666908264), (-0.6676531434059143, 0.5855160355567932, -0.45979371666908264), (-0.6676557660102844, 0.5855153203010559, -0.45979082584381104), (-0.6676557660102844, 0.5855153203010559, -0.45979082584381104), (-0.6676557660102844, 0.5855153203010559, -0.45979082584381104), (-0.7518414855003357, 0.6593438982963562, 0), (-0.7518414855003357, 0.6593438982963562, 0), (-0.7518414855003357, 0.6593438982963562, 0), (-0.7518414855003357, 0.6593438982963562, 0), (-0.7518414855003357, 0.6593438982963562, 0), (-0.7518414855003357, 0.6593438982963562, 0), (-0.6676545739173889, 0.58551424741745, 0.45979389548301697), (-0.6676545739173889, 0.58551424741745, 0.45979389548301697), (-0.6676545739173889, 0.58551424741745, 0.45979389548301697), (-0.6676542162895203, 0.5855169296264648, 0.45979100465774536), (-0.6676542162895203, 0.5855169296264648, 0.45979100465774536), (-0.6676542162895203, 0.5855169296264648, 0.45979100465774536), (-0.23649244010448456, 0.20739825069904327, 0.9492403864860535), (-0.23649244010448456, 0.20739825069904327, 0.9492403864860535), (-0.23649244010448456, 0.20739825069904327, 0.9492403864860535), (-0.23649266362190247, 0.20739948749542236, 0.9492400288581848), (-0.23649266362190247, 0.20739948749542236, 0.9492400288581848), (-0.23649266362190247, 0.20739948749542236, 0.9492400288581848), (-0.20739875733852386, 0.23649297654628754, -0.9492401480674744), (-0.20739875733852386, 0.23649297654628754, -0.9492401480674744), (-0.20739875733852386, 0.23649297654628754, -0.9492401480674744), (-0.20739731192588806, 0.23649272322654724, -0.949240505695343), (-0.20739731192588806, 0.23649272322654724, -0.949240505695343), (-0.20739731192588806, 0.23649272322654724, -0.949240505695343), (-0.5855152010917664, 0.6676560044288635, -0.45979058742523193), (-0.5855152010917664, 0.6676560044288635, -0.45979058742523193), (-0.5855152010917664, 0.6676560044288635, -0.45979058742523193), (-0.5855167508125305, 0.6676558256149292, -0.45978888869285583), (-0.5855167508125305, 0.6676558256149292, -0.45978888869285583), (-0.5855167508125305, 0.6676558256149292, -0.45978888869285583), (-0.6593447923660278, 0.7518407106399536, 0), (-0.6593447923660278, 0.7518407106399536, 0), (-0.6593447923660278, 0.7518407106399536, 0), (-0.6593447923660278, 0.7518407106399536, 0), (-0.6593447923660278, 0.7518407106399536, 0), (-0.6593447923660278, 0.7518407106399536, 0), (-0.5855161547660828, 0.6676550507545471, 0.45979079604148865), (-0.5855161547660828, 0.6676550507545471, 0.45979079604148865), (-0.5855161547660828, 0.6676550507545471, 0.45979079604148865), (-0.5855157375335693, 0.667656660079956, 0.4597890079021454), (-0.5855157375335693, 0.667656660079956, 0.4597890079021454), (-0.5855157375335693, 0.667656660079956, 0.4597890079021454), (-0.2073983997106552, 0.23649394512176514, 0.94923996925354), (-0.2073983997106552, 0.23649394512176514, 0.94923996925354), (-0.2073983997106552, 0.23649394512176514, 0.94923996925354), (-0.20739832520484924, 0.23649248480796814, 0.9492403268814087), (-0.20739832520484924, 0.23649248480796814, 0.9492403268814087), (-0.20739832520484924, 0.23649248480796814, 0.9492403268814087), (-0.1747564673423767, 0.2615390121936798, -0.949240505695343), (-0.1747564673423767, 0.2615390121936798, -0.949240505695343), (-0.1747564673423767, 0.2615390121936798, -0.949240505695343), (-0.1747564822435379, 0.2615390121936798, -0.949240505695343), (-0.1747564822435379, 0.2615390121936798, -0.949240505695343), (-0.1747564822435379, 0.2615390121936798, -0.949240505695343), (-0.49336540699005127, 0.7383663654327393, -0.45978879928588867), (-0.49336540699005127, 0.7383663654327393, -0.45978879928588867), (-0.49336540699005127, 0.7383663654327393, -0.45978879928588867), (-0.493356853723526, 0.7383663058280945, -0.45979800820350647), (-0.493356853723526, 0.7383663058280945, -0.45979800820350647), (-0.493356853723526, 0.7383663058280945, -0.45979800820350647), (-0.5555673837661743, 0.8314715027809143, 0), (-0.5555673837661743, 0.8314715027809143, 0), (-0.5555673837661743, 0.8314715027809143, 0), (-0.5555673837661743, 0.8314715027809143, 0), (-0.5555673837661743, 0.8314715027809143, 0), (-0.5555673837661743, 0.8314715027809143, 0), (-0.4933595359325409, 0.7383702993392944, 0.4597887396812439), (-0.4933595359325409, 0.7383702993392944, 0.4597887396812439), (-0.4933595359325409, 0.7383702993392944, 0.4597887396812439), (-0.49336278438568115, 0.7383624315261841, 0.4597979187965393), (-0.49336278438568115, 0.7383624315261841, 0.4597979187965393), (-0.49336278438568115, 0.7383624315261841, 0.4597979187965393), (-0.174756720662117, 0.26153936982154846, 0.9492403268814087), (-0.174756720662117, 0.26153936982154846, 0.9492403268814087), (-0.174756720662117, 0.26153936982154846, 0.9492403268814087), (-0.174756720662117, 0.26153939962387085, 0.9492403268814087), (-0.174756720662117, 0.26153939962387085, 0.9492403268814087), (-0.174756720662117, 0.26153939962387085, 0.9492403268814087), (-0.13912168145179749, 0.2821127474308014, -0.949240505695343), (-0.13912168145179749, 0.2821127474308014, -0.949240505695343), (-0.13912168145179749, 0.2821127474308014, -0.949240505695343), (-0.13911989331245422, 0.28211191296577454, -0.949241042137146), (-0.13911989331245422, 0.28211191296577454, -0.949241042137146), (-0.13911989331245422, 0.28211191296577454, -0.949241042137146), (-0.39275750517845154, 0.7964465618133545, -0.45979827642440796), (-0.39275750517845154, 0.7964465618133545, -0.45979827642440796), (-0.39275750517845154, 0.7964465618133545, -0.45979827642440796), (-0.3927710950374603, 0.7964484095573425, -0.4597834646701813), (-0.3927710950374603, 0.7964484095573425, -0.4597834646701813), (-0.3927710950374603, 0.7964484095573425, -0.4597834646701813), (-0.44229432940483093, 0.896869957447052, 0), (-0.44229432940483093, 0.896869957447052, 0), (-0.44229432940483093, 0.896869957447052, 0), (-0.44229432940483093, 0.896869957447052, 0), (-0.44229432940483093, 0.896869957447052, 0), (-0.44229432940483093, 0.896869957447052, 0), (-0.39276760816574097, 0.7964413166046143, 0.4597986936569214), (-0.39276760816574097, 0.7964413166046143, 0.4597986936569214), (-0.39276760816574097, 0.7964413166046143, 0.4597986936569214), (-0.3927607834339142, 0.7964532375335693, 0.4597838819026947), (-0.3927607834339142, 0.7964532375335693, 0.4597838819026947), (-0.3927607834339142, 0.7964532375335693, 0.4597838819026947), (-0.13912080228328705, 0.2821137309074402, 0.9492403268814087), (-0.13912080228328705, 0.2821137309074402, 0.9492403268814087), (-0.13912080228328705, 0.2821137309074402, 0.9492403268814087), (-0.13912121951580048, 0.2821118235588074, 0.9492408633232117), (-0.13912121951580048, 0.2821118235588074, 0.9492408633232117), (-0.13912121951580048, 0.2821118235588074, 0.9492408633232117), (-0.10110919177532196, 0.2978563606739044, -0.949241042137146), (-0.10110919177532196, 0.2978563606739044, -0.949241042137146), (-0.10110919177532196, 0.2978563606739044, -0.949241042137146), (-0.10111021995544434, 0.29785704612731934, -0.9492406845092773), (-0.10111021995544434, 0.29785704612731934, -0.9492406845092773), (-0.10111021995544434, 0.29785704612731934, -0.9492406845092773), (-0.2854517698287964, 0.8409023284912109, -0.459783136844635), (-0.2854517698287964, 0.8409023284912109, -0.459783136844635), (-0.2854517698287964, 0.8409023284912109, -0.459783136844635), (-0.285441130399704, 0.8408994078636169, -0.4597950875759125), (-0.285441130399704, 0.8408994078636169, -0.4597950875759125), (-0.285441130399704, 0.8408994078636169, -0.4597950875759125), (-0.3214336335659027, 0.9469321370124817, 0), (-0.3214336335659027, 0.9469321370124817, 0), (-0.3214336335659027, 0.9469321370124817, 0), (-0.3214336335659027, 0.9469321370124817, 0), (-0.3214336335659027, 0.9469321370124817, 0), (-0.3214336335659027, 0.9469321370124817, 0), (-0.28544312715530396, 0.8409053683280945, 0.45978301763534546), (-0.28544312715530396, 0.8409053683280945, 0.45978301763534546), (-0.28544312715530396, 0.8409053683280945, 0.45978301763534546), (-0.2854498028755188, 0.8408965468406677, 0.4597949683666229), (-0.2854498028755188, 0.8408965468406677, 0.4597949683666229), (-0.2854498028755188, 0.8408965468406677, 0.4597949683666229), (-0.10111004114151001, 0.29785650968551636, 0.9492408633232117), (-0.10111004114151001, 0.29785650968551636, 0.9492408633232117), (-0.10111004114151001, 0.29785650968551636, 0.9492408633232117), (-0.10110963135957718, 0.2978576421737671, 0.9492405652999878), (-0.10110963135957718, 0.2978576421737671, 0.9492405652999878), (-0.10110963135957718, 0.2978576421737671, 0.9492405652999878), (-0.061364371329545975, 0.3085068464279175, -0.9492406845092773), (-0.061364371329545975, 0.3085068464279175, -0.9492406845092773), (-0.061364371329545975, 0.3085068464279175, -0.9492406845092773), (-0.06136484816670418, 0.3085072636604309, -0.9492405652999878), (-0.06136484816670418, 0.3085072636604309, -0.9492405652999878), (-0.06136484816670418, 0.3085072636604309, -0.9492405652999878), (-0.1732422113418579, 0.8709625005722046, -0.4597950577735901), (-0.1732422113418579, 0.8709625005722046, -0.4597950577735901), (-0.1732422113418579, 0.8709625005722046, -0.4597950577735901), (-0.17324838042259216, 0.8709650635719299, -0.45978784561157227), (-0.17324838042259216, 0.8709650635719299, -0.45978784561157227), (-0.17324838042259216, 0.8709650635719299, -0.45978784561157227), (-0.19509321451187134, 0.9807847142219543, 0), (-0.19509321451187134, 0.9807847142219543, 0), (-0.19509321451187134, 0.9807847142219543, 0), (-0.19509321451187134, 0.9807847142219543, 0), (-0.19509321451187134, 0.9807847142219543, 0), (-0.19509321451187134, 0.9807847142219543, 0), (-0.17324763536453247, 0.8709612488746643, 0.4597953259944916), (-0.17324763536453247, 0.8709612488746643, 0.4597953259944916), (-0.17324763536453247, 0.8709612488746643, 0.4597953259944916), (-0.17324292659759521, 0.8709660172462463, 0.45978811383247375), (-0.17324292659759521, 0.8709660172462463, 0.45978811383247375), (-0.17324292659759521, 0.8709660172462463, 0.45978811383247375), (-0.06136483699083328, 0.30850717425346375, 0.9492405652999878), (-0.06136483699083328, 0.30850717425346375, 0.9492405652999878), (-0.06136483699083328, 0.30850717425346375, 0.9492405652999878), (-0.0613645501434803, 0.3085077702999115, 0.9492403864860535), (-0.0613645501434803, 0.3085077702999115, 0.9492403864860535), (-0.0613645501434803, 0.3085077702999115, 0.9492403864860535), (-0.02057328261435032, 0.3138776123523712, -0.949240505695343), (-0.02057328261435032, 0.3138776123523712, -0.949240505695343), (-0.02057328261435032, 0.3138776123523712, -0.949240505695343), (-0.02057228982448578, 0.31387650966644287, -0.9492409229278564), (-0.02057228982448578, 0.31387650966644287, -0.9492409229278564), (-0.02057228982448578, 0.31387650966644287, -0.9492409229278564), (-0.05807911977171898, 0.8861274719238281, -0.45978787541389465), (-0.05807911977171898, 0.8861274719238281, -0.45978787541389465), (-0.05807911977171898, 0.8861274719238281, -0.45978787541389465), (-0.058080121874809265, 0.8861280679702759, -0.45978662371635437), (-0.058080121874809265, 0.8861280679702759, -0.45978662371635437), (-0.058080121874809265, 0.8861280679702759, -0.45978662371635437), (-0.06540337949991226, 0.9978588819503784, 0), (-0.06540337949991226, 0.9978588819503784, 0), (-0.06540337949991226, 0.9978588819503784, 0), (-0.06540337949991226, 0.9978588819503784, 0), (-0.06540337949991226, 0.9978588819503784, 0), (-0.06540337949991226, 0.9978588819503784, 0), (-0.058080077171325684, 0.8861273527145386, 0.459788054227829), (-0.058080077171325684, 0.8861273527145386, 0.459788054227829), (-0.058080077171325684, 0.8861273527145386, 0.459788054227829), (-0.05807916074991226, 0.8861280679702759, 0.4597867429256439), (-0.05807916074991226, 0.8861280679702759, 0.4597867429256439), (-0.05807916074991226, 0.8861280679702759, 0.4597867429256439), (-0.020572397857904434, 0.3138781487941742, 0.9492403864860535), (-0.020572397857904434, 0.3138781487941742, 0.9492403864860535), (-0.020572397857904434, 0.3138781487941742, 0.9492403864860535), (-0.020573237910866737, 0.3138769268989563, 0.9492407441139221), (-0.020573237910866737, 0.3138769268989563, 0.9492407441139221), (-0.020573237910866737, 0.3138769268989563, 0.9492407441139221), (0.0205732099711895, 0.3138764798641205, -0.9492409229278564), (0.0205732099711895, 0.3138764798641205, -0.9492409229278564), (0.0205732099711895, 0.3138764798641205, -0.9492409229278564), (0.020572369918227196, 0.31387773156166077, -0.949240505695343), (0.020572369918227196, 0.31387773156166077, -0.949240505695343), (0.020572369918227196, 0.31387773156166077, -0.949240505695343), (0.05807916447520256, 0.8861281275749207, -0.45978662371635437), (0.05807916447520256, 0.8861281275749207, -0.45978662371635437), (0.05807916447520256, 0.8861281275749207, -0.45978662371635437), (0.05808008089661598, 0.8861274123191833, -0.45978790521621704), (0.05808008089661598, 0.8861274123191833, -0.45978790521621704), (0.05808008089661598, 0.8861274123191833, -0.45978790521621704), (0.06540337949991226, 0.9978588819503784, 0), (0.06540337949991226, 0.9978588819503784, 0), (0.06540337949991226, 0.9978588819503784, 0), (0.06540337949991226, 0.9978588819503784, 0), (0.06540337949991226, 0.9978588819503784, 0), (0.06540337949991226, 0.9978588819503784, 0), (0.058080121874809265, 0.8861280083656311, 0.4597867429256439), (0.058080121874809265, 0.8861280083656311, 0.4597867429256439), (0.058080121874809265, 0.8861280083656311, 0.4597867429256439), (0.05807911604642868, 0.8861274123191833, 0.4597879946231842), (0.05807911604642868, 0.8861274123191833, 0.4597879946231842), (0.05807911604642868, 0.8861274123191833, 0.4597879946231842), (0.020572317764163017, 0.3138769268989563, 0.9492408037185669), (0.020572317764163017, 0.3138769268989563, 0.9492408037185669), (0.020572317764163017, 0.3138769268989563, 0.9492408037185669), (0.020573310554027557, 0.31387802958488464, 0.9492403864860535), (0.020573310554027557, 0.31387802958488464, 0.9492403864860535), (0.020573310554027557, 0.31387802958488464, 0.9492403864860535), (0.06136440858244896, 0.30850735306739807, -0.9492405652999878), (0.06136440858244896, 0.30850735306739807, -0.9492405652999878), (0.06136440858244896, 0.30850735306739807, -0.9492405652999878), (0.061364736407995224, 0.30850669741630554, -0.9492407441139221), (0.061364736407995224, 0.30850669741630554, -0.9492407441139221), (0.061364736407995224, 0.30850669741630554, -0.9492407441139221), (0.17324292659759521, 0.8709660768508911, -0.4597879946231842), (0.17324292659759521, 0.8709660768508911, -0.4597879946231842), (0.17324292659759521, 0.8709660768508911, -0.4597879946231842), (0.17324763536453247, 0.8709613084793091, -0.459795206785202), (0.17324763536453247, 0.8709613084793091, -0.459795206785202), (0.17324763536453247, 0.8709613084793091, -0.459795206785202), (0.19509321451187134, 0.9807847142219543, 0), (0.19509321451187134, 0.9807847142219543, 0), (0.19509321451187134, 0.9807847142219543, 0), (0.19509321451187134, 0.9807847142219543, 0), (0.19509321451187134, 0.9807847142219543, 0), (0.19509321451187134, 0.9807847142219543, 0), (0.17324838042259216, 0.8709650039672852, 0.4597879648208618), (0.17324838042259216, 0.8709650039672852, 0.4597879648208618), (0.17324838042259216, 0.8709650039672852, 0.4597879648208618), (0.1732422113418579, 0.870962381362915, 0.459795206785202), (0.1732422113418579, 0.870962381362915, 0.459795206785202), (0.1732422113418579, 0.870962381362915, 0.459795206785202), (0.06136493384838104, 0.30850768089294434, 0.9492403864860535), (0.06136493384838104, 0.30850768089294434, 0.9492403864860535), (0.06136493384838104, 0.30850768089294434, 0.9492403864860535), (0.06136438995599747, 0.3085072338581085, 0.9492405652999878), (0.06136438995599747, 0.3085072338581085, 0.9492405652999878), (0.06136438995599747, 0.3085072338581085, 0.9492405652999878), (0.10110944509506226, 0.2978571057319641, -0.9492407441139221), (0.10110944509506226, 0.2978571057319641, -0.9492407441139221), (0.10110944509506226, 0.2978571057319641, -0.9492407441139221), (0.10110986232757568, 0.2978559732437134, -0.9492411017417908), (0.10110986232757568, 0.2978559732437134, -0.9492411017417908), (0.10110986232757568, 0.2978559732437134, -0.9492411017417908), (0.2854498326778412, 0.8408966064453125, -0.459794819355011), (0.2854498326778412, 0.8408966064453125, -0.459794819355011), (0.2854498326778412, 0.8408966064453125, -0.459794819355011), (0.28544294834136963, 0.8409056663513184, -0.45978251099586487), (0.28544294834136963, 0.8409056663513184, -0.45978251099586487), (0.28544294834136963, 0.8409056663513184, -0.45978251099586487), (0.32143330574035645, 0.9469321966171265, 0), (0.32143330574035645, 0.9469321966171265, 0), (0.32143330574035645, 0.9469321966171265, 0), (0.32143330574035645, 0.9469321966171265, 0), (0.32143330574035645, 0.9469321966171265, 0), (0.32143330574035645, 0.9469321966171265, 0), (0.2854408025741577, 0.8408994674682617, 0.459795206785202), (0.2854408025741577, 0.8408994674682617, 0.459795206785202), (0.2854408025741577, 0.8408994674682617, 0.459795206785202), (0.28545182943344116, 0.8409024477005005, 0.4597828984260559), (0.28545182943344116, 0.8409024477005005, 0.4597828984260559), (0.28545182943344116, 0.8409024477005005, 0.4597828984260559), (0.10111032426357269, 0.2978573441505432, 0.9492406249046326), (0.10111032426357269, 0.2978573441505432, 0.9492406249046326), (0.10111032426357269, 0.2978573441505432, 0.9492406249046326), (0.10110928863286972, 0.2978566586971283, 0.9492409229278564), (0.10110928863286972, 0.2978566586971283, 0.9492409229278564), (0.10110928863286972, 0.2978566586971283, 0.9492409229278564), (0.139120951294899, 0.2821112871170044, -0.949241042137146), (0.139120951294899, 0.2821112871170044, -0.949241042137146), (0.139120951294899, 0.2821112871170044, -0.949241042137146), (0.13912053406238556, 0.2821131944656372, -0.9492405652999878), (0.13912053406238556, 0.2821131944656372, -0.9492405652999878), (0.13912053406238556, 0.2821131944656372, -0.9492405652999878), (0.3927609324455261, 0.7964535355567932, -0.45978325605392456), (0.3927609324455261, 0.7964535355567932, -0.45978325605392456), (0.3927609324455261, 0.7964535355567932, -0.45978325605392456), (0.392767995595932, 0.7964411973953247, -0.45979857444763184), (0.392767995595932, 0.7964411973953247, -0.45979857444763184), (0.392767995595932, 0.7964411973953247, -0.45979857444763184), (0.44229474663734436, 0.8968697786331177, 0), (0.44229474663734436, 0.8968697786331177, 0), (0.44229474663734436, 0.8968697786331177, 0), (0.44229474663734436, 0.8968697786331177, 0), (0.44229474663734436, 0.8968697786331177, 0), (0.44229474663734436, 0.8968697786331177, 0), (0.39277154207229614, 0.7964484095573425, 0.45978301763534546), (0.39277154207229614, 0.7964484095573425, 0.45978301763534546), (0.39277154207229614, 0.7964484095573425, 0.45978301763534546), (0.39275747537612915, 0.7964465022087097, 0.4597983956336975), (0.39275747537612915, 0.7964465022087097, 0.4597983956336975), (0.39275747537612915, 0.7964465022087097, 0.4597983956336975), (0.13912001252174377, 0.28211212158203125, 0.9492409229278564), (0.13912001252174377, 0.28211212158203125, 0.9492409229278564), (0.13912001252174377, 0.28211212158203125, 0.9492409229278564), (0.13912178575992584, 0.2821129858493805, 0.9492404460906982), (0.13912178575992584, 0.2821129858493805, 0.9492404460906982), (0.13912178575992584, 0.2821129858493805, 0.9492404460906982), (0.1747564822435379, 0.2615387737751007, -0.9492405652999878), (0.1747564822435379, 0.2615387737751007, -0.9492405652999878), (0.1747564822435379, 0.2615387737751007, -0.9492405652999878), (0.1747564822435379, 0.2615390121936798, -0.949240505695343), (0.1747564822435379, 0.2615390121936798, -0.949240505695343), (0.1747564822435379, 0.2615390121936798, -0.949240505695343), (0.49336281418800354, 0.7383624911308289, -0.45979779958724976), (0.49336281418800354, 0.7383624911308289, -0.45979779958724976), (0.49336281418800354, 0.7383624911308289, -0.45979779958724976), (0.4933595657348633, 0.7383703589439392, -0.45978862047195435), (0.4933595657348633, 0.7383703589439392, -0.45978862047195435), (0.4933595657348633, 0.7383703589439392, -0.45978862047195435), (0.5555673837661743, 0.8314715027809143, 0), (0.5555673837661743, 0.8314715027809143, 0), (0.5555673837661743, 0.8314715027809143, 0), (0.5555673837661743, 0.8314715027809143, 0), (0.5555673837661743, 0.8314715027809143, 0), (0.5555673837661743, 0.8314715027809143, 0), (0.493356853723526, 0.7383662462234497, 0.459798127412796), (0.493356853723526, 0.7383662462234497, 0.459798127412796), (0.493356853723526, 0.7383662462234497, 0.459798127412796), (0.4933653771877289, 0.7383663058280945, 0.4597889184951782), (0.4933653771877289, 0.7383663058280945, 0.4597889184951782), (0.4933653771877289, 0.7383663058280945, 0.4597889184951782), (0.17475660145282745, 0.2615392208099365, 0.9492404460906982), (0.17475660145282745, 0.2615392208099365, 0.9492404460906982), (0.17475660145282745, 0.2615392208099365, 0.9492404460906982), (0.17475682497024536, 0.2615392804145813, 0.9492403864860535), (0.17475682497024536, 0.2615392804145813, 0.9492403864860535), (0.17475682497024536, 0.2615392804145813, 0.9492403864860535), (0.20739787817001343, 0.23649227619171143, -0.949240505695343), (0.20739787817001343, 0.23649227619171143, -0.949240505695343), (0.20739787817001343, 0.23649227619171143, -0.949240505695343), (0.2073979377746582, 0.23649343848228455, -0.9492402076721191), (0.2073979377746582, 0.23649343848228455, -0.9492402076721191), (0.2073979377746582, 0.23649343848228455, -0.9492402076721191), (0.5855157971382141, 0.667656660079956, -0.45978888869285583), (0.5855157971382141, 0.667656660079956, -0.45978888869285583), (0.5855157971382141, 0.667656660079956, -0.45978888869285583), (0.585516095161438, 0.6676554679870605, -0.4597902297973633), (0.585516095161438, 0.6676554679870605, -0.4597902297973633), (0.585516095161438, 0.6676554679870605, -0.4597902297973633), (0.659344494342804, 0.7518409490585327, 0), (0.659344494342804, 0.7518409490585327, 0), (0.659344494342804, 0.7518409490585327, 0), (0.659344494342804, 0.7518409490585327, 0), (0.659344494342804, 0.7518409490585327, 0), (0.659344494342804, 0.7518409490585327, 0), (0.5855165123939514, 0.6676559448242188, 0.459788978099823), (0.5855165123939514, 0.6676559448242188, 0.459788978099823), (0.5855165123939514, 0.6676559448242188, 0.459788978099823), (0.5855152606964111, 0.6676561236381531, 0.45979031920433044), (0.5855152606964111, 0.6676561236381531, 0.45979031920433044), (0.5855152606964111, 0.6676561236381531, 0.45979031920433044), (0.20739759504795074, 0.2364930361509323, 0.9492403864860535), (0.20739759504795074, 0.2364930361509323, 0.9492403864860535), (0.20739759504795074, 0.2364930361509323, 0.9492403864860535), (0.20739874243736267, 0.23649324476718903, 0.9492400884628296), (0.20739874243736267, 0.23649324476718903, 0.9492400884628296), (0.20739874243736267, 0.23649324476718903, 0.9492400884628296), (0.23649203777313232, 0.20739908516407013, -0.9492402672767639), (0.23649203777313232, 0.20739908516407013, -0.9492402672767639), (0.23649203777313232, 0.20739908516407013, -0.9492402672767639), (0.23649190366268158, 0.20739826560020447, -0.949240505695343), (0.23649190366268158, 0.20739826560020447, -0.949240505695343), (0.23649190366268158, 0.20739826560020447, -0.949240505695343), (0.6676537394523621, 0.5855178833007812, -0.45979049801826477), (0.6676537394523621, 0.5855178833007812, -0.45979049801826477), (0.6676537394523621, 0.5855178833007812, -0.45979049801826477), (0.6676542162895203, 0.5855144262313843, -0.45979422330856323), (0.6676542162895203, 0.5855144262313843, -0.45979422330856323), (0.6676542162895203, 0.5855144262313843, -0.45979422330856323), (0.7518412470817566, 0.6593441963195801, 0), (0.7518412470817566, 0.6593441963195801, 0), (0.7518412470817566, 0.6593441963195801, 0), (0.7518412470817566, 0.6593441963195801, 0), (0.7518412470817566, 0.6593441963195801, 0), (0.7518412470817566, 0.6593441963195801, 0), (0.6676556468009949, 0.5855156779289246, 0.45979049801826477), (0.6676556468009949, 0.5855156779289246, 0.45979049801826477), (0.6676556468009949, 0.5855156779289246, 0.45979049801826477), (0.6676523089408875, 0.5855165719985962, 0.4597942531108856), (0.6676523089408875, 0.5855165719985962, 0.4597942531108856), (0.6676523089408875, 0.5855165719985962, 0.4597942531108856), (0.23649275302886963, 0.20739901065826416, 0.9492401480674744), (0.23649275302886963, 0.20739901065826416, 0.9492401480674744), (0.23649275302886963, 0.20739901065826416, 0.9492401480674744), (0.23649188876152039, 0.20739896595478058, 0.9492403864860535), (0.23649188876152039, 0.20739896595478058, 0.9492403864860535), (0.23649188876152039, 0.20739896595478058, 0.9492403864860535), (0.2615399658679962, 0.17475484311580658, -0.949240505695343), (0.2615399658679962, 0.17475484311580658, -0.949240505695343), (0.2615399658679962, 0.17475484311580658, -0.949240505695343), (0.261540025472641, 0.17475499212741852, -0.949240505695343), (0.261540025472641, 0.17475499212741852, -0.949240505695343), (0.261540025472641, 0.17475499212741852, -0.949240505695343), (0.7383670210838318, 0.4933598041534424, -0.45979374647140503), (0.7383670210838318, 0.4933598041534424, -0.45979374647140503), (0.7383670210838318, 0.4933598041534424, -0.45979374647140503), (0.7383670210838318, 0.49336355924606323, -0.4597896933555603), (0.7383670210838318, 0.49336355924606323, -0.4597896933555603), (0.7383670210838318, 0.49336355924606323, -0.4597896933555603), (0.8314683437347412, 0.5555721521377563, 0), (0.8314683437347412, 0.5555721521377563, 0), (0.8314683437347412, 0.5555721521377563, 0), (0.8314683437347412, 0.5555721521377563, 0), (0.8314683437347412, 0.5555721521377563, 0), (0.8314683437347412, 0.5555721521377563, 0), (0.7383651733398438, 0.49336233735084534, 0.45979392528533936), (0.7383651733398438, 0.49336233735084534, 0.45979392528533936), (0.7383651733398438, 0.49336233735084534, 0.45979392528533936), (0.7383686900138855, 0.49336087703704834, 0.45978987216949463), (0.7383686900138855, 0.49336087703704834, 0.45978987216949463), (0.7383686900138855, 0.49336087703704834, 0.45978987216949463), (0.2615402638912201, 0.17475515604019165, 0.9492403864860535), (0.2615402638912201, 0.17475515604019165, 0.9492403864860535), (0.2615402638912201, 0.17475515604019165, 0.9492403864860535), (0.26154041290283203, 0.17475515604019165, 0.9492403268814087), (0.26154041290283203, 0.17475515604019165, 0.9492403268814087), (0.26154041290283203, 0.17475515604019165, 0.9492403268814087), (0.28211215138435364, 0.13912266492843628, -0.9492405652999878), (0.28211215138435364, 0.13912266492843628, -0.9492405652999878), (0.28211215138435364, 0.13912266492843628, -0.9492405652999878), (0.28211188316345215, 0.1391220986843109, -0.9492406845092773), (0.28211188316345215, 0.1391220986843109, -0.9492406845092773), (0.28211188316345215, 0.1391220986843109, -0.9492406845092773), (0.7964479327201843, 0.3927644193172455, -0.4597899913787842), (0.7964479327201843, 0.3927644193172455, -0.4597899913787842), (0.7964479327201843, 0.3927644193172455, -0.4597899913787842), (0.7964476943016052, 0.3927624523639679, -0.4597921073436737), (0.7964476943016052, 0.3927624523639679, -0.4597921073436737), (0.7964476943016052, 0.3927624523639679, -0.4597921073436737), (0.8968736529350281, 0.44228678941726685, 0), (0.8968736529350281, 0.44228678941726685, 0), (0.8968736529350281, 0.44228678941726685, 0), (0.8968736529350281, 0.44228678941726685, 0), (0.8968736529350281, 0.44228678941726685, 0), (0.8968736529350281, 0.44228678941726685, 0), (0.7964486479759216, 0.3927629292011261, 0.45979005098342896), (0.7964486479759216, 0.3927629292011261, 0.45979005098342896), (0.7964486479759216, 0.3927629292011261, 0.45979005098342896), (0.7964469194412231, 0.3927639126777649, 0.45979219675064087), (0.7964469194412231, 0.3927639126777649, 0.45979219675064087), (0.7964469194412231, 0.3927639126777649, 0.45979219675064087), (0.2821127474308014, 0.13912251591682434, 0.9492403864860535), (0.2821127474308014, 0.13912251591682434, 0.9492403864860535), (0.2821127474308014, 0.13912251591682434, 0.9492403864860535), (0.28211215138435364, 0.13912266492843628, 0.9492405652999878), (0.28211215138435364, 0.13912266492843628, 0.9492405652999878), (0.28211215138435364, 0.13912266492843628, 0.9492405652999878), (0.297857403755188, 0.10110916942358017, -0.9492406845092773), (0.297857403755188, 0.10110916942358017, -0.9492406845092773), (0.297857403755188, 0.10110916942358017, -0.9492406845092773), (0.2978569269180298, 0.10110845416784286, -0.9492409229278564), (0.2978569269180298, 0.10110845416784286, -0.9492409229278564), (0.2978569269180298, 0.10110845416784286, -0.9492409229278564), (0.8408995866775513, 0.2854459583759308, -0.45979177951812744), (0.8408995866775513, 0.2854459583759308, -0.45979177951812744), (0.8408995866775513, 0.2854459583759308, -0.45979177951812744), (0.8409000635147095, 0.2854476571083069, -0.459789901971817), (0.8409000635147095, 0.2854476571083069, -0.459789901971817), (0.8409000635147095, 0.2854476571083069, -0.459789901971817), (0.946929931640625, 0.3214400112628937, 0), (0.946929931640625, 0.3214400112628937, 0), (0.946929931640625, 0.3214400112628937, 0), (0.946929931640625, 0.3214400112628937, 0), (0.946929931640625, 0.3214400112628937, 0), (0.946929931640625, 0.3214400112628937, 0), (0.8408990502357483, 0.28544729948043823, 0.45979195833206177), (0.8408990502357483, 0.28544729948043823, 0.45979195833206177), (0.8408990502357483, 0.28544729948043823, 0.45979195833206177), (0.8409004211425781, 0.28544625639915466, 0.45979005098342896), (0.8409004211425781, 0.28544625639915466, 0.45979005098342896), (0.8409004211425781, 0.28544625639915466, 0.45979005098342896), (0.29785802960395813, 0.10110881924629211, 0.9492405652999878), (0.29785802960395813, 0.10110881924629211, 0.9492405652999878), (0.29785802960395813, 0.10110881924629211, 0.9492405652999878), (0.2978571951389313, 0.1011091098189354, 0.9492407441139221), (0.2978571951389313, 0.1011091098189354, 0.9492407441139221), (0.2978571951389313, 0.1011091098189354, 0.9492407441139221), (0.3085062801837921, 0.06136557459831238, -0.9492408037185669), (0.3085062801837921, 0.06136557459831238, -0.9492408037185669), (0.3085062801837921, 0.06136557459831238, -0.9492408037185669), (0.30850622057914734, 0.0613655224442482, -0.9492408633232117), (0.30850622057914734, 0.0613655224442482, -0.9492408633232117), (0.30850622057914734, 0.0613655224442482, -0.9492408633232117), (0.8709643483161926, 0.17324507236480713, -0.4597904086112976), (0.8709643483161926, 0.17324507236480713, -0.4597904086112976), (0.8709643483161926, 0.17324507236480713, -0.4597904086112976), (0.8709646463394165, 0.17324571311473846, -0.4597896337509155), (0.8709646463394165, 0.17324571311473846, -0.4597896337509155), (0.8709646463394165, 0.17324571311473846, -0.4597896337509155), (0.9807852506637573, 0.1950903981924057, 0), (0.9807852506637573, 0.1950903981924057, 0), (0.9807852506637573, 0.1950903981924057, 0), (0.9807852506637573, 0.1950903981924057, 0), (0.9807852506637573, 0.1950903981924057, 0), (0.9807852506637573, 0.1950903981924057, 0), (0.8709641695022583, 0.1732456237077713, 0.45979052782058716), (0.8709641695022583, 0.1732456237077713, 0.45979052782058716), (0.8709641695022583, 0.1732456237077713, 0.45979052782058716), (0.8709647059440613, 0.1732451319694519, 0.4597897529602051), (0.8709647059440613, 0.1732451319694519, 0.4597897529602051), (0.8709647059440613, 0.1732451319694519, 0.4597897529602051), (0.30850669741630554, 0.06136561930179596, 0.9492406845092773), (0.30850669741630554, 0.06136561930179596, 0.9492406845092773), (0.30850669741630554, 0.06136561930179596, 0.9492406845092773), (0.30850666761398315, 0.06136564537882805, 0.9492406845092773), (0.30850666761398315, 0.06136564537882805, 0.9492406845092773), (0.30850666761398315, 0.06136564537882805, 0.9492406845092773), (0.3138769865036011, 0.020572470501065254, -0.9492407441139221), (0.3138769865036011, 0.020572470501065254, -0.9492407441139221), (0.3138769865036011, 0.020572470501065254, -0.9492407441139221), (0.31387725472450256, 0.020572694018483162, -0.9492406845092773), (0.31387725472450256, 0.020572694018483162, -0.9492406845092773), (0.31387725472450256, 0.020572694018483162, -0.9492406845092773), (0.8861261010169983, 0.0580800324678421, -0.4597904682159424), (0.8861261010169983, 0.0580800324678421, -0.4597904682159424), (0.8861261010169983, 0.0580800324678421, -0.4597904682159424), (0.8861259818077087, 0.058079805225133896, -0.45979073643684387), (0.8861259818077087, 0.058079805225133896, -0.45979073643684387), (0.8861259818077087, 0.058079805225133896, -0.45979073643684387), (0.9978589415550232, 0.06540317833423615, 0), (0.9978589415550232, 0.06540317833423615, 0), (0.9978589415550232, 0.06540317833423615, 0), (0.9978589415550232, 0.06540317833423615, 0), (0.9978589415550232, 0.06540317833423615, 0), (0.9978589415550232, 0.06540317833423615, 0), (0.8861260414123535, 0.058079808950424194, 0.45979058742523193), (0.8861260414123535, 0.058079808950424194, 0.45979058742523193), (0.8861260414123535, 0.058079808950424194, 0.45979058742523193), (0.8861258625984192, 0.05808001384139061, 0.4597908556461334), (0.8861258625984192, 0.05808001384139061, 0.4597908556461334), (0.8861258625984192, 0.05808001384139061, 0.4597908556461334), (0.3138774037361145, 0.020572705194354057, 0.9492406249046326), (0.3138774037361145, 0.020572705194354057, 0.9492406249046326), (0.3138774037361145, 0.020572705194354057, 0.9492406249046326), (0.313877671957016, 0.020572515204548836, 0.949240505695343), (0.313877671957016, 0.020572515204548836, 0.949240505695343), (0.313877671957016, 0.020572515204548836, 0.949240505695343), (0.31387725472450256, -0.020572638139128685, -0.9492406845092773), (0.31387725472450256, -0.020572638139128685, -0.9492406845092773), (0.31387725472450256, -0.020572638139128685, -0.9492406845092773), (0.3138771653175354, -0.020572690293192863, -0.9492406845092773), (0.3138771653175354, -0.020572690293192863, -0.9492406845092773), (0.3138771653175354, -0.020572690293192863, -0.9492406845092773), (0.886125922203064, -0.058080025017261505, -0.45979076623916626), (0.886125922203064, -0.058080025017261505, -0.45979076623916626), (0.886125922203064, -0.058080025017261505, -0.45979076623916626), (0.8861257433891296, -0.0580802746117115, -0.4597910940647125), (0.8861257433891296, -0.0580802746117115, -0.4597910940647125), (0.8861257433891296, -0.0580802746117115, -0.4597910940647125), (0.9978588819503784, -0.06540372222661972, 0), (0.9978588819503784, -0.06540372222661972, 0), (0.9978588819503784, -0.06540372222661972, 0), (0.9978588819503784, -0.06540372222661972, 0), (0.9978588819503784, -0.06540372222661972, 0), (0.9978588819503784, -0.06540372222661972, 0), (0.8861258625984192, -0.0580802820622921, 0.4597908556461334), (0.8861258625984192, -0.0580802820622921, 0.4597908556461334), (0.8861258625984192, -0.0580802820622921, 0.4597908556461334), (0.8861257433891296, -0.05808000639081001, 0.4597911536693573), (0.8861257433891296, -0.05808000639081001, 0.4597911536693573), (0.8861257433891296, -0.05808000639081001, 0.4597911536693573), (0.313877671957016, -0.0205727219581604, 0.949240505695343), (0.313877671957016, -0.0205727219581604, 0.949240505695343), (0.313877671957016, -0.0205727219581604, 0.949240505695343), (0.3138776123523712, -0.020572660490870476, 0.9492405652999878), (0.3138776123523712, -0.020572660490870476, 0.9492405652999878), (0.3138776123523712, -0.020572660490870476, 0.9492405652999878), (0.3085068166255951, -0.06136568263173103, -0.9492406249046326), (0.3085068166255951, -0.06136568263173103, -0.9492406249046326), (0.3085068166255951, -0.06136568263173103, -0.9492406249046326), (0.30850687623023987, -0.06136564910411835, -0.9492406249046326), (0.30850687623023987, -0.06136564910411835, -0.9492406249046326), (0.30850687623023987, -0.06136564910411835, -0.9492406249046326), (0.8709638118743896, -0.17324496805667877, -0.45979154109954834), (0.8709638118743896, -0.17324496805667877, -0.45979154109954834), (0.8709638118743896, -0.17324496805667877, -0.45979154109954834), (0.8709645867347717, -0.17324422299861908, -0.45979034900665283), (0.8709645867347717, -0.17324422299861908, -0.45979034900665283), (0.8709645867347717, -0.17324422299861908, -0.45979034900665283), (0.980785608291626, -0.19508880376815796, 0), (0.980785608291626, -0.19508880376815796, 0), (0.980785608291626, -0.19508880376815796, 0), (0.980785608291626, -0.19508880376815796, 0), (0.980785608291626, -0.19508880376815796, 0), (0.980785608291626, -0.19508880376815796, 0), (0.8709639310836792, -0.17324410378932953, 0.4597916603088379), (0.8709639310836792, -0.17324410378932953, 0.4597916603088379), (0.8709639310836792, -0.17324410378932953, 0.4597916603088379), (0.8709643483161926, -0.17324505746364594, 0.45979049801826477), (0.8709643483161926, -0.17324505746364594, 0.45979049801826477), (0.8709643483161926, -0.17324505746364594, 0.45979049801826477), (0.3085072338581085, -0.061365727335214615, 0.949240505695343), (0.3085072338581085, -0.061365727335214615, 0.949240505695343), (0.3085072338581085, -0.061365727335214615, 0.949240505695343), (0.3085072934627533, -0.061365772038698196, 0.949240505695343), (0.3085072934627533, -0.061365772038698196, 0.949240505695343), (0.3085072934627533, -0.061365772038698196, 0.949240505695343), (0.29785773158073425, -0.10110928118228912, -0.9492405652999878), (0.29785773158073425, -0.10110928118228912, -0.9492405652999878), (0.29785773158073425, -0.10110928118228912, -0.9492405652999878), (0.2978585362434387, -0.10110899060964584, -0.9492403864860535), (0.2978585362434387, -0.10110899060964584, -0.9492403864860535), (0.2978585362434387, -0.10110899060964584, -0.9492403864860535), (0.8409004807472229, -0.28544625639915466, -0.4597899317741394), (0.8409004807472229, -0.28544625639915466, -0.4597899317741394), (0.8409004807472229, -0.28544625639915466, -0.4597899317741394), (0.8408991098403931, -0.2854473292827606, -0.4597918391227722), (0.8408991098403931, -0.2854473292827606, -0.4597918391227722), (0.8408991098403931, -0.2854473292827606, -0.4597918391227722), (0.946929931640625, -0.3214400112628937, 0), (0.946929931640625, -0.3214400112628937, 0), (0.946929931640625, -0.3214400112628937, 0), (0.946929931640625, -0.3214400112628937, 0), (0.946929931640625, -0.3214400112628937, 0), (0.946929931640625, -0.3214400112628937, 0), (0.8409000039100647, -0.2854476273059845, 0.45979002118110657), (0.8409000039100647, -0.2854476273059845, 0.45979002118110657), (0.8409000039100647, -0.2854476273059845, 0.45979002118110657), (0.8408995270729065, -0.2854459583759308, 0.459791898727417), (0.8408995270729065, -0.2854459583759308, 0.459791898727417), (0.8408995270729065, -0.2854459583759308, 0.459791898727417), (0.29785826802253723, -0.10110890865325928, 0.9492404460906982), (0.29785826802253723, -0.10110890865325928, 0.9492404460906982), (0.29785826802253723, -0.10110890865325928, 0.9492404460906982), (0.29785874485969543, -0.10110963135957718, 0.9492402076721191), (0.29785874485969543, -0.10110963135957718, 0.9492402076721191), (0.29785874485969543, -0.10110963135957718, 0.9492402076721191), (0.28211334347724915, -0.1391221284866333, -0.9492402672767639), (0.28211334347724915, -0.1391221284866333, -0.9492402672767639), (0.28211334347724915, -0.1391221284866333, -0.9492402672767639), (0.2821106016635895, -0.13912270963191986, -0.9492409825325012), (0.2821106016635895, -0.13912270963191986, -0.9492409825325012), (0.2821106016635895, -0.13912270963191986, -0.9492409825325012), (0.7964456081390381, -0.3927667737007141, -0.45979201793670654), (0.7964456081390381, -0.3927667737007141, -0.45979201793670654), (0.7964456081390381, -0.3927667737007141, -0.45979201793670654), (0.7964471578598022, -0.3927658796310425, -0.45979002118110657), (0.7964471578598022, -0.3927658796310425, -0.45979002118110657), (0.7964471578598022, -0.3927658796310425, -0.45979002118110657), (0.8968720436096191, -0.4422900974750519, 0), (0.8968720436096191, -0.4422900974750519, 0), (0.8968720436096191, -0.4422900974750519, 0), (0.8968720436096191, -0.4422900974750519, 0), (0.8968720436096191, -0.4422900974750519, 0), (0.8968720436096191, -0.4422900974750519, 0), (0.7964462041854858, -0.3927653729915619, 0.4597921371459961), (0.7964462041854858, -0.3927653729915619, 0.4597921371459961), (0.7964462041854858, -0.3927653729915619, 0.4597921371459961), (0.7964464426040649, -0.39276719093322754, 0.4597901403903961), (0.7964464426040649, -0.39276719093322754, 0.4597901403903961), (0.7964464426040649, -0.39276719093322754, 0.4597901403903961), (0.28211307525634766, -0.13912391662597656, 0.9492400884628296), (0.28211307525634766, -0.13912391662597656, 0.9492400884628296), (0.28211307525634766, -0.13912391662597656, 0.9492400884628296), (0.28211185336112976, -0.1391213983297348, 0.9492408037185669), (0.28211185336112976, -0.1391213983297348, 0.9492408037185669), (0.28211185336112976, -0.1391213983297348, 0.9492408037185669), (0.26153799891471863, -0.1747550666332245, -0.949241042137146), (0.26153799891471863, -0.1747550666332245, -0.949241042137146), (0.26153799891471863, -0.1747550666332245, -0.949241042137146), (0.26153990626335144, -0.17475493252277374, -0.949240505695343), (0.26153990626335144, -0.17475493252277374, -0.949240505695343), (0.26153990626335144, -0.17475493252277374, -0.949240505695343), (0.7383686900138855, -0.4933609366416931, -0.4597897529602051), (0.7383686900138855, -0.4933609366416931, -0.4597897529602051), (0.7383686900138855, -0.4933609366416931, -0.4597897529602051), (0.7383698225021362, -0.4933604896068573, -0.45978844165802), (0.7383698225021362, -0.4933604896068573, -0.45978844165802), (0.7383698225021362, -0.4933604896068573, -0.45978844165802), (0.8314709067344666, -0.5555683374404907, 0), (0.8314709067344666, -0.5555683374404907, 0), (0.8314709067344666, -0.5555683374404907, 0), (0.8314709067344666, -0.5555683374404907, 0), (0.8314709067344666, -0.5555683374404907, 0), (0.8314709067344666, -0.5555683374404907, 0), (0.7383691668510437, -0.49336010217666626, 0.459789901971817), (0.7383691668510437, -0.49336010217666626, 0.459789901971817), (0.7383691668510437, -0.49336010217666626, 0.459789901971817), (0.7383692264556885, -0.4933612644672394, 0.45978859066963196), (0.7383692264556885, -0.4933612644672394, 0.45978859066963196), (0.7383692264556885, -0.4933612644672394, 0.45978859066963196), (0.26153895258903503, -0.1747542917728424, 0.9492409229278564), (0.26153895258903503, -0.1747542917728424, 0.9492409229278564), (0.26153895258903503, -0.1747542917728424, 0.9492409229278564), (0.2615395486354828, -0.17475610971450806, 0.9492403864860535), (0.2615395486354828, -0.17475610971450806, 0.9492403864860535), (0.2615395486354828, -0.17475610971450806, 0.9492403864860535), (0.23649249970912933, -0.2073974758386612, -0.949240505695343), (0.23649249970912933, -0.2073974758386612, -0.949240505695343), (0.23649249970912933, -0.2073974758386612, -0.949240505695343), (0.2364909052848816, -0.20739738643169403, -0.9492409229278564), (0.2364909052848816, -0.20739738643169403, -0.9492409229278564), (0.2364909052848816, -0.20739738643169403, -0.9492409229278564), (0.6676547527313232, -0.5855187177658081, -0.45978790521621704), (0.6676547527313232, -0.5855187177658081, -0.45978790521621704), (0.6676547527313232, -0.5855187177658081, -0.45978790521621704), (0.667652428150177, -0.5855193734169006, -0.45979052782058716), (0.667652428150177, -0.5855193734169006, -0.45979052782058716), (0.667652428150177, -0.5855193734169006, -0.45979052782058716), (0.7518376111984253, -0.6593483090400696, 0), (0.7518376111984253, -0.6593483090400696, 0), (0.7518376111984253, -0.6593483090400696, 0), (0.7518376111984253, -0.6593483090400696, 0), (0.7518376111984253, -0.6593483090400696, 0), (0.7518376111984253, -0.6593483090400696, 0), (0.6676534414291382, -0.5855202078819275, 0.4597879946231842), (0.6676534414291382, -0.5855202078819275, 0.4597879946231842), (0.6676534414291382, -0.5855202078819275, 0.4597879946231842), (0.6676537394523621, -0.5855178236961365, 0.4597906172275543), (0.6676537394523621, -0.5855178236961365, 0.4597906172275543), (0.6676537394523621, -0.5855178236961365, 0.4597906172275543), (0.23649221658706665, -0.20739854872226715, 0.9492403864860535), (0.23649221658706665, -0.20739854872226715, 0.9492403864860535), (0.23649221658706665, -0.20739854872226715, 0.9492403864860535), (0.23649193346500397, -0.2073969841003418, 0.9492408037185669), (0.23649193346500397, -0.2073969841003418, 0.9492408037185669), (0.23649193346500397, -0.2073969841003418, 0.9492408037185669), (0.20739693939685822, -0.23649118840694427, -0.9492409825325012), (0.20739693939685822, -0.23649118840694427, -0.9492409825325012), (0.20739693939685822, -0.23649118840694427, -0.9492409825325012), (0.20739880204200745, -0.23649154603481293, -0.949240505695343), (0.20739880204200745, -0.23649154603481293, -0.949240505695343), (0.20739880204200745, -0.23649154603481293, -0.949240505695343), (0.5855192542076111, -0.6676526069641113, -0.45979034900665283), (0.5855192542076111, -0.6676526069641113, -0.45979034900665283), (0.5855192542076111, -0.6676526069641113, -0.45979034900665283), (0.5855208039283752, -0.667652428150177, -0.4597887098789215), (0.5855208039283752, -0.667652428150177, -0.4597887098789215), (0.5855208039283752, -0.667652428150177, -0.4597887098789215), (0.6593492031097412, -0.7518368363380432, 0), (0.6593492031097412, -0.7518368363380432, 0), (0.6593492031097412, -0.7518368363380432, 0), (0.6593492031097412, -0.7518368363380432, 0), (0.6593492031097412, -0.7518368363380432, 0), (0.6593492031097412, -0.7518368363380432, 0), (0.5855202078819275, -0.6676517128944397, 0.45979052782058716), (0.5855202078819275, -0.6676517128944397, 0.45979052782058716), (0.5855202078819275, -0.6676517128944397, 0.45979052782058716), (0.5855197906494141, -0.6676531434059143, 0.45978885889053345), (0.5855197906494141, -0.6676531434059143, 0.45978885889053345), (0.5855197906494141, -0.6676531434059143, 0.45978885889053345), (0.20739805698394775, -0.23649069666862488, 0.9492408633232117), (0.20739805698394775, -0.23649069666862488, 0.9492408633232117), (0.20739805698394775, -0.23649069666862488, 0.9492408633232117), (0.2073981761932373, -0.2364926040172577, 0.9492403268814087), (0.2073981761932373, -0.2364926040172577, 0.9492403268814087), (0.2073981761932373, -0.2364926040172577, 0.9492403268814087), (0.1747550666332245, -0.2615400552749634, -0.9492404460906982), (0.1747550666332245, -0.2615400552749634, -0.9492404460906982), (0.1747550666332245, -0.2615400552749634, -0.9492404460906982), (0.1747545599937439, -0.26153990626335144, -0.9492406249046326), (0.1747545599937439, -0.26153990626335144, -0.9492406249046326), (0.1747545599937439, -0.26153990626335144, -0.9492406249046326), (0.4933605194091797, -0.7383697032928467, -0.45978865027427673), (0.4933605194091797, -0.7383697032928467, -0.45978865027427673), (0.4933605194091797, -0.7383697032928467, -0.45978865027427673), (0.49335911870002747, -0.7383697032928467, -0.4597901403903961), (0.49335911870002747, -0.7383697032928467, -0.4597901403903961), (0.49335911870002747, -0.7383697032928467, -0.4597901403903961), (0.5555673837661743, -0.8314715027809143, 0), (0.5555673837661743, -0.8314715027809143, 0), (0.5555673837661743, -0.8314715027809143, 0), (0.5555673837661743, -0.8314715027809143, 0), (0.5555673837661743, -0.8314715027809143, 0), (0.5555673837661743, -0.8314715027809143, 0), (0.4933595359325409, -0.7383702993392944, 0.4597887396812439), (0.4933595359325409, -0.7383702993392944, 0.4597887396812439), (0.4933595359325409, -0.7383702993392944, 0.4597887396812439), (0.49336007237434387, -0.7383689880371094, 0.45979025959968567), (0.49336007237434387, -0.7383689880371094, 0.45979025959968567), (0.49336007237434387, -0.7383689880371094, 0.45979025959968567), (0.1747550368309021, -0.26154065132141113, 0.9492403268814087), (0.1747550368309021, -0.26154065132141113, 0.9492403268814087), (0.1747550368309021, -0.26154065132141113, 0.9492403268814087), (0.17475508153438568, -0.26154008507728577, 0.9492404460906982), (0.17475508153438568, -0.26154008507728577, 0.9492404460906982), (0.17475508153438568, -0.26154008507728577, 0.9492404460906982), (0.13912339508533478, -0.28211158514022827, -0.9492406249046326), (0.13912339508533478, -0.28211158514022827, -0.9492406249046326), (0.13912339508533478, -0.28211158514022827, -0.9492406249046326), (0.1391219049692154, -0.28211089968681335, -0.949241042137146), (0.1391219049692154, -0.28211089968681335, -0.949241042137146), (0.1391219049692154, -0.28211089968681335, -0.949241042137146), (0.3927651345729828, -0.7964475750923157, -0.4597899615764618), (0.3927651345729828, -0.7964475750923157, -0.4597899615764618), (0.3927651345729828, -0.7964475750923157, -0.4597899615764618), (0.3927636444568634, -0.7964473962783813, -0.4597915709018707), (0.3927636444568634, -0.7964473962783813, -0.4597915709018707), (0.3927636444568634, -0.7964473962783813, -0.4597915709018707), (0.44228804111480713, -0.8968730568885803, 0), (0.44228804111480713, -0.8968730568885803, 0), (0.44228804111480713, -0.8968730568885803, 0), (0.44228804111480713, -0.8968730568885803, 0), (0.44228804111480713, -0.8968730568885803, 0), (0.44228804111480713, -0.8968730568885803, 0), (0.39276400208473206, -0.7964481115341187, 0.45979005098342896), (0.39276400208473206, -0.7964481115341187, 0.45979005098342896), (0.39276400208473206, -0.7964481115341187, 0.45979005098342896), (0.39276474714279175, -0.7964468002319336, 0.4597916603088379), (0.39276474714279175, -0.7964468002319336, 0.4597916603088379), (0.39276474714279175, -0.7964468002319336, 0.4597916603088379), (0.13912269473075867, -0.2821124792098999, 0.9492404460906982), (0.13912269473075867, -0.2821124792098999, 0.9492404460906982), (0.13912269473075867, -0.2821124792098999, 0.9492404460906982), (0.13912303745746613, -0.28211086988449097, 0.9492408633232117), (0.13912303745746613, -0.28211086988449097, 0.9492408633232117), (0.13912303745746613, -0.28211086988449097, 0.9492408633232117), (0.1011071428656578, -0.2978570759296417, -0.949241042137146), (0.1011071428656578, -0.2978570759296417, -0.949241042137146), (0.1011071428656578, -0.2978570759296417, -0.949241042137146), (0.10111110657453537, -0.29785963892936707, -0.9492397904396057), (0.10111110657453537, -0.29785963892936707, -0.9492397904396057), (0.10111110657453537, -0.29785963892936707, -0.9492397904396057), (0.2854503393173218, -0.8408981561660767, -0.4597916901111603), (0.2854503393173218, -0.8408981561660767, -0.4597916901111603), (0.2854503393173218, -0.8408981561660767, -0.4597916901111603), (0.28544750809669495, -0.8408973217010498, -0.45979493856430054), (0.28544750809669495, -0.8408973217010498, -0.45979493856430054), (0.28544750809669495, -0.8408973217010498, -0.45979493856430054), (0.32144078612327576, -0.9469296932220459, 0), (0.32144078612327576, -0.9469296932220459, 0), (0.32144078612327576, -0.9469296932220459, 0), (0.32144078612327576, -0.9469296932220459, 0), (0.32144078612327576, -0.9469296932220459, 0), (0.32144078612327576, -0.9469296932220459, 0), (0.28544801473617554, -0.840898871421814, 0.45979177951812744), (0.28544801473617554, -0.840898871421814, 0.45979177951812744), (0.28544801473617554, -0.840898871421814, 0.45979177951812744), (0.2854498028755188, -0.8408965468406677, 0.4597949683666229), (0.2854498028755188, -0.8408965468406677, 0.4597949683666229), (0.2854498028755188, -0.8408965468406677, 0.4597949683666229), (0.10111000388860703, -0.2978563904762268, 0.9492409229278564), (0.10111000388860703, -0.2978563904762268, 0.9492409229278564), (0.10111000388860703, -0.2978563904762268, 0.9492409229278564), (0.10110843181610107, -0.29786086082458496, 0.9492396712303162), (0.10110843181610107, -0.29786086082458496, 0.9492396712303162), (0.10110843181610107, -0.29786086082458496, 0.9492396712303162), (0.06136706843972206, -0.3085091710090637, -0.9492397904396057), (0.06136706843972206, -0.3085091710090637, -0.9492397904396057), (0.06136706843972206, -0.3085091710090637, -0.9492397904396057), (0.06136484816670418, -0.3085072636604309, -0.9492405652999878), (0.06136484816670418, -0.3085072636604309, -0.9492405652999878), (0.06136484816670418, -0.3085072636604309, -0.9492405652999878), (0.1732422113418579, -0.8709625005722046, -0.4597950577735901), (0.1732422113418579, -0.8709625005722046, -0.4597950577735901), (0.1732422113418579, -0.8709625005722046, -0.4597950577735901), (0.17324838042259216, -0.8709650635719299, -0.45978784561157227), (0.17324838042259216, -0.8709650635719299, -0.45978784561157227), (0.17324838042259216, -0.8709650635719299, -0.45978784561157227), (0.19509321451187134, -0.9807847142219543, 0), (0.19509321451187134, -0.9807847142219543, 0), (0.19509321451187134, -0.9807847142219543, 0), (0.19509321451187134, -0.9807847142219543, 0), (0.19509321451187134, -0.9807847142219543, 0), (0.19509321451187134, -0.9807847142219543, 0), (0.17324763536453247, -0.8709612488746643, 0.4597953259944916), (0.17324763536453247, -0.8709612488746643, 0.4597953259944916), (0.17324763536453247, -0.8709612488746643, 0.4597953259944916), (0.17324292659759521, -0.8709660172462463, 0.45978811383247375), (0.17324292659759521, -0.8709660172462463, 0.45978811383247375), (0.17324292659759521, -0.8709660172462463, 0.45978811383247375), (0.06136540323495865, -0.30851003527641296, 0.9492396116256714), (0.06136540323495865, -0.30851003527641296, 0.9492396116256714), (0.06136540323495865, -0.30851003527641296, 0.9492396116256714), (0.061366721987724304, -0.3085074722766876, 0.9492403864860535), (0.061366721987724304, -0.3085074722766876, 0.9492403864860535), (0.061366721987724304, -0.3085074722766876, 0.9492403864860535), (0.02057328261435032, -0.3138776123523712, -0.949240505695343), (0.02057328261435032, -0.3138776123523712, -0.949240505695343), (0.02057328261435032, -0.3138776123523712, -0.949240505695343), (0.02057228982448578, -0.31387650966644287, -0.9492409229278564), (0.02057228982448578, -0.31387650966644287, -0.9492409229278564), (0.02057228982448578, -0.31387650966644287, -0.9492409229278564), (0.05807911977171898, -0.8861274719238281, -0.45978787541389465), (0.05807911977171898, -0.8861274719238281, -0.45978787541389465), (0.05807911977171898, -0.8861274719238281, -0.45978787541389465), (0.058080121874809265, -0.8861280679702759, -0.45978662371635437), (0.058080121874809265, -0.8861280679702759, -0.45978662371635437), (0.058080121874809265, -0.8861280679702759, -0.45978662371635437), (0.06540337949991226, -0.9978588819503784, 0), (0.06540337949991226, -0.9978588819503784, 0), (0.06540337949991226, -0.9978588819503784, 0), (0.06540337949991226, -0.9978588819503784, 0), (0.06540337949991226, -0.9978588819503784, 0), (0.06540337949991226, -0.9978588819503784, 0), (0.058080077171325684, -0.8861273527145386, 0.459788054227829), (0.058080077171325684, -0.8861273527145386, 0.459788054227829), (0.058080077171325684, -0.8861273527145386, 0.459788054227829), (0.05807916074991226, -0.8861280679702759, 0.4597867429256439), (0.05807916074991226, -0.8861280679702759, 0.4597867429256439), (0.05807916074991226, -0.8861280679702759, 0.4597867429256439), (0.020572397857904434, -0.3138781487941742, 0.9492403864860535), (0.020572397857904434, -0.3138781487941742, 0.9492403864860535), (0.020572397857904434, -0.3138781487941742, 0.9492403864860535), (0.020573237910866737, -0.3138769268989563, 0.9492407441139221), (0.020573237910866737, -0.3138769268989563, 0.9492407441139221), (0.020573237910866737, -0.3138769268989563, 0.9492407441139221), (-0.0205732099711895, -0.3138764798641205, -0.9492409229278564), (-0.0205732099711895, -0.3138764798641205, -0.9492409229278564), (-0.0205732099711895, -0.3138764798641205, -0.9492409229278564), (-0.020572369918227196, -0.31387773156166077, -0.949240505695343), (-0.020572369918227196, -0.31387773156166077, -0.949240505695343), (-0.020572369918227196, -0.31387773156166077, -0.949240505695343), (-0.05807916447520256, -0.8861281275749207, -0.45978662371635437), (-0.05807916447520256, -0.8861281275749207, -0.45978662371635437), (-0.05807916447520256, -0.8861281275749207, -0.45978662371635437), (-0.05808008089661598, -0.8861274123191833, -0.45978790521621704), (-0.05808008089661598, -0.8861274123191833, -0.45978790521621704), (-0.05808008089661598, -0.8861274123191833, -0.45978790521621704), (-0.06540337949991226, -0.9978588819503784, 0), (-0.06540337949991226, -0.9978588819503784, 0), (-0.06540337949991226, -0.9978588819503784, 0), (-0.06540337949991226, -0.9978588819503784, -0), (-0.06540337949991226, -0.9978588819503784, -0), (-0.06540337949991226, -0.9978588819503784, -0), (-0.058080121874809265, -0.8861280083656311, 0.4597867429256439), (-0.058080121874809265, -0.8861280083656311, 0.4597867429256439), (-0.058080121874809265, -0.8861280083656311, 0.4597867429256439), (-0.05807911604642868, -0.8861274123191833, 0.4597879946231842), (-0.05807911604642868, -0.8861274123191833, 0.4597879946231842), (-0.05807911604642868, -0.8861274123191833, 0.4597879946231842), (-0.020572317764163017, -0.3138769268989563, 0.9492408037185669), (-0.020572317764163017, -0.3138769268989563, 0.9492408037185669), (-0.020572317764163017, -0.3138769268989563, 0.9492408037185669), (-0.020573310554027557, -0.31387802958488464, 0.9492403864860535), (-0.020573310554027557, -0.31387802958488464, 0.9492403864860535), (-0.020573310554027557, -0.31387802958488464, 0.9492403864860535), (-0.061366695910692215, -0.3085070252418518, -0.949240505695343), (-0.061366695910692215, -0.3085070252418518, -0.949240505695343), (-0.061366695910692215, -0.3085070252418518, -0.949240505695343), (-0.06136533245444298, -0.3085097074508667, -0.9492397308349609), (-0.06136533245444298, -0.3085097074508667, -0.9492397308349609), (-0.06136533245444298, -0.3085097074508667, -0.9492397308349609), (-0.17324292659759521, -0.8709660768508911, -0.4597879946231842), (-0.17324292659759521, -0.8709660768508911, -0.4597879946231842), (-0.17324292659759521, -0.8709660768508911, -0.4597879946231842), (-0.17324763536453247, -0.8709613084793091, -0.459795206785202), (-0.17324763536453247, -0.8709613084793091, -0.459795206785202), (-0.17324763536453247, -0.8709613084793091, -0.459795206785202), (-0.19509321451187134, -0.9807847142219543, 0), (-0.19509321451187134, -0.9807847142219543, 0), (-0.19509321451187134, -0.9807847142219543, 0), (-0.19509321451187134, -0.9807847142219543, -0), (-0.19509321451187134, -0.9807847142219543, -0), (-0.19509321451187134, -0.9807847142219543, -0), (-0.17324838042259216, -0.8709650039672852, 0.4597879648208618), (-0.17324838042259216, -0.8709650039672852, 0.4597879648208618), (-0.17324838042259216, -0.8709650039672852, 0.4597879648208618), (-0.1732422113418579, -0.870962381362915, 0.459795206785202), (-0.1732422113418579, -0.870962381362915, 0.459795206785202), (-0.1732422113418579, -0.870962381362915, 0.459795206785202), (-0.06136493384838104, -0.30850768089294434, 0.9492403864860535), (-0.06136493384838104, -0.30850768089294434, 0.9492403864860535), (-0.06136493384838104, -0.30850768089294434, 0.9492403864860535), (-0.061367217451334, -0.3085096776485443, 0.9492396116256714), (-0.061367217451334, -0.3085096776485443, 0.9492396116256714), (-0.061367217451334, -0.3085096776485443, 0.9492396116256714), (-0.10110832005739212, -0.2978605329990387, -0.9492397904396057), (-0.10110832005739212, -0.2978605329990387, -0.9492397904396057), (-0.10110832005739212, -0.2978605329990387, -0.9492397904396057), (-0.10110989958047867, -0.29785609245300293, -0.949241042137146), (-0.10110989958047867, -0.29785609245300293, -0.949241042137146), (-0.10110989958047867, -0.29785609245300293, -0.949241042137146), (-0.2854498326778412, -0.8408966064453125, -0.459794819355011), (-0.2854498326778412, -0.8408966064453125, -0.459794819355011), (-0.2854498326778412, -0.8408966064453125, -0.459794819355011), (-0.28544825315475464, -0.8408986926078796, -0.45979201793670654), (-0.28544825315475464, -0.8408986926078796, -0.45979201793670654), (-0.28544825315475464, -0.8408986926078796, -0.45979201793670654), (-0.321441113948822, -0.9469295740127563, 0), (-0.321441113948822, -0.9469295740127563, 0), (-0.321441113948822, -0.9469295740127563, 0), (-0.321441113948822, -0.9469295740127563, -0), (-0.321441113948822, -0.9469295740127563, -0), (-0.321441113948822, -0.9469295740127563, -0), (-0.28544777631759644, -0.8408972024917603, 0.4597950279712677), (-0.28544777631759644, -0.8408972024917603, 0.4597950279712677), (-0.28544777631759644, -0.8408972024917603, 0.4597950279712677), (-0.285450279712677, -0.8408979177474976, 0.45979222655296326), (-0.285450279712677, -0.8408979177474976, 0.45979222655296326), (-0.285450279712677, -0.8408979177474976, 0.45979222655296326), (-0.10111129283905029, -0.29786017537117004, 0.9492396116256714), (-0.10111129283905029, -0.29786017537117004, 0.9492396116256714), (-0.10111129283905029, -0.29786017537117004, 0.9492396116256714), (-0.10110732167959213, -0.2978575825691223, 0.9492408633232117), (-0.10110732167959213, -0.2978575825691223, 0.9492408633232117), (-0.10110732167959213, -0.2978575825691223, 0.9492408633232117), (-0.13912291824817657, -0.2821106016635895, -0.9492409825325012), (-0.13912291824817657, -0.2821106016635895, -0.9492409825325012), (-0.13912291824817657, -0.2821106016635895, -0.9492409825325012), (-0.1391225904226303, -0.2821122407913208, -0.949240505695343), (-0.1391225904226303, -0.2821122407913208, -0.949240505695343), (-0.1391225904226303, -0.2821122407913208, -0.949240505695343), (-0.3927646577358246, -0.7964466214179993, -0.45979204773902893), (-0.3927646577358246, -0.7964466214179993, -0.45979204773902893), (-0.3927646577358246, -0.7964466214179993, -0.45979204773902893), (-0.3927636444568634, -0.7964483499526978, -0.459789901971817), (-0.3927636444568634, -0.7964483499526978, -0.459789901971817), (-0.3927636444568634, -0.7964483499526978, -0.459789901971817), (-0.4422876238822937, -0.8968732953071594, 0), (-0.4422876238822937, -0.8968732953071594, 0), (-0.4422876238822937, -0.8968732953071594, 0), (-0.4422876238822937, -0.8968732953071594, -0), (-0.4422876238822937, -0.8968732953071594, -0), (-0.4422876238822937, -0.8968732953071594, -0), (-0.3927631378173828, -0.7964472770690918, 0.45979219675064087), (-0.3927631378173828, -0.7964472770690918, 0.45979219675064087), (-0.3927631378173828, -0.7964472770690918, 0.45979219675064087), (-0.3927651047706604, -0.7964475154876709, 0.45979008078575134), (-0.3927651047706604, -0.7964475154876709, 0.45979008078575134), (-0.3927651047706604, -0.7964475154876709, 0.45979008078575134), (-0.13912217319011688, -0.28211140632629395, 0.9492408633232117), (-0.13912217319011688, -0.28211140632629395, 0.9492408633232117), (-0.13912217319011688, -0.28211140632629395, 0.9492408633232117), (-0.13912366330623627, -0.28211212158203125, 0.9492403864860535), (-0.13912366330623627, -0.28211212158203125, 0.9492403864860535), (-0.13912366330623627, -0.28211212158203125, 0.9492403864860535), (-0.17475482821464539, -0.2615399956703186, -0.949240505695343), (-0.17475482821464539, -0.2615399956703186, -0.949240505695343), (-0.17475482821464539, -0.2615399956703186, -0.949240505695343), (-0.174754798412323, -0.2615402638912201, -0.9492404460906982), (-0.174754798412323, -0.2615402638912201, -0.9492404460906982), (-0.174754798412323, -0.2615402638912201, -0.9492404460906982), (-0.49336010217666626, -0.7383690476417542, -0.4597901403903961), (-0.49336010217666626, -0.7383690476417542, -0.4597901403903961), (-0.49336010217666626, -0.7383690476417542, -0.4597901403903961), (-0.4933595657348633, -0.7383703589439392, -0.45978862047195435), (-0.4933595657348633, -0.7383703589439392, -0.45978862047195435), (-0.4933595657348633, -0.7383703589439392, -0.45978862047195435), (-0.5555673837661743, -0.8314715027809143, 0), (-0.5555673837661743, -0.8314715027809143, 0), (-0.5555673837661743, -0.8314715027809143, 0), (-0.5555673837661743, -0.8314715027809143, -0), (-0.5555673837661743, -0.8314715027809143, -0), (-0.5555673837661743, -0.8314715027809143, -0), (-0.49335911870002747, -0.7383696436882019, 0.45979025959968567), (-0.49335911870002747, -0.7383696436882019, 0.45979025959968567), (-0.49335911870002747, -0.7383696436882019, 0.45979025959968567), (-0.4933604896068573, -0.7383696436882019, 0.4597887694835663), (-0.4933604896068573, -0.7383696436882019, 0.4597887694835663), (-0.4933604896068573, -0.7383696436882019, 0.4597887694835663), (-0.17475491762161255, -0.2615404427051544, 0.9492403864860535), (-0.17475491762161255, -0.2615404427051544, 0.9492403864860535), (-0.17475491762161255, -0.2615404427051544, 0.9492403864860535), (-0.17475517094135284, -0.2615405321121216, 0.9492403268814087), (-0.17475517094135284, -0.2615405321121216, 0.9492403268814087), (-0.17475517094135284, -0.2615405321121216, 0.9492403268814087), (-0.20739802718162537, -0.23649215698242188, -0.949240505695343), (-0.20739802718162537, -0.23649215698242188, -0.949240505695343), (-0.20739802718162537, -0.23649215698242188, -0.949240505695343), (-0.2073979377746582, -0.23649056255817413, -0.9492409229278564), (-0.2073979377746582, -0.23649056255817413, -0.9492409229278564), (-0.2073979377746582, -0.23649056255817413, -0.9492409229278564), (-0.5855197906494141, -0.6676532030105591, -0.4597887694835663), (-0.5855197906494141, -0.6676532030105591, -0.4597887694835663), (-0.5855197906494141, -0.6676532030105591, -0.4597887694835663), (-0.585520327091217, -0.6676514148712158, -0.45979079604148865), (-0.585520327091217, -0.6676514148712158, -0.45979079604148865), (-0.585520327091217, -0.6676514148712158, -0.45979079604148865), (-0.6593495011329651, -0.7518365979194641, 0), (-0.6593495011329651, -0.7518365979194641, 0), (-0.6593495011329651, -0.7518365979194641, 0), (-0.6593495011329651, -0.7518365979194641, -0), (-0.6593495011329651, -0.7518365979194641, -0), (-0.6593495011329651, -0.7518365979194641, -0), (-0.5855209827423096, -0.6676521301269531, 0.45978882908821106), (-0.5855209827423096, -0.6676521301269531, 0.45978882908821106), (-0.5855209827423096, -0.6676521301269531, 0.45978882908821106), (-0.5855191349983215, -0.6676523685455322, 0.4597908854484558), (-0.5855191349983215, -0.6676523685455322, 0.4597908854484558), (-0.5855191349983215, -0.6676523685455322, 0.4597908854484558), (-0.20739908516407013, -0.236491858959198, 0.9492403268814087), (-0.20739908516407013, -0.236491858959198, 0.9492403268814087), (-0.20739908516407013, -0.236491858959198, 0.9492403268814087), (-0.20739752054214478, -0.23649157583713531, 0.9492407441139221), (-0.20739752054214478, -0.23649157583713531, 0.9492407441139221), (-0.20739752054214478, -0.23649157583713531, 0.9492407441139221), (-0.23649188876152039, -0.20739679038524628, -0.9492408633232117), (-0.23649188876152039, -0.20739679038524628, -0.9492408633232117), (-0.23649188876152039, -0.20739679038524628, -0.9492408633232117), (-0.2364921122789383, -0.2073979675769806, -0.949240505695343), (-0.2364921122789383, -0.2073979675769806, -0.949240505695343), (-0.2364921122789383, -0.2073979675769806, -0.949240505695343), (-0.667654275894165, -0.5855169892311096, -0.4597908854484558), (-0.667654275894165, -0.5855169892311096, -0.4597908854484558), (-0.667654275894165, -0.5855169892311096, -0.4597908854484558), (-0.6676538586616516, -0.5855201482772827, -0.45978742837905884), (-0.6676538586616516, -0.5855201482772827, -0.45978742837905884), (-0.6676538586616516, -0.5855201482772827, -0.45978742837905884), (-0.7518379092216492, -0.6593480110168457, 0), (-0.7518379092216492, -0.6593480110168457, 0), (-0.7518379092216492, -0.6593480110168457, 0), (-0.7518379092216492, -0.6593480110168457, -0), (-0.7518379092216492, -0.6593480110168457, -0), (-0.7518379092216492, -0.6593480110168457, -0), (-0.667652428150177, -0.5855188965797424, 0.4597910940647125), (-0.667652428150177, -0.5855188965797424, 0.4597910940647125), (-0.667652428150177, -0.5855188965797424, 0.4597910940647125), (-0.6676555275917053, -0.5855180621147156, 0.45978760719299316), (-0.6676555275917053, -0.5855180621147156, 0.45978760719299316), (-0.6676555275917053, -0.5855180621147156, 0.45978760719299316), (-0.23649169504642487, -0.20739760994911194, 0.9492406845092773), (-0.23649169504642487, -0.20739760994911194, 0.9492406845092773), (-0.23649169504642487, -0.20739760994911194, 0.9492406845092773), (-0.23649290204048157, -0.2073976844549179, 0.9492403864860535), (-0.23649290204048157, -0.2073976844549179, 0.9492403864860535), (-0.23649290204048157, -0.2073976844549179, 0.9492403864860535), (-0.261539101600647, -0.17475596070289612, -0.9492405652999878), (-0.261539101600647, -0.17475596070289612, -0.9492405652999878), (-0.261539101600647, -0.17475596070289612, -0.9492405652999878), (-0.26153865456581116, -0.1747545599937439, -0.9492409229278564), (-0.26153865456581116, -0.1747545599937439, -0.9492409229278564), (-0.26153865456581116, -0.1747545599937439, -0.9492409229278564), (-0.7383688688278198, -0.4933623671531677, -0.4597880244255066), (-0.7383688688278198, -0.4933623671531677, -0.4597880244255066), (-0.7383688688278198, -0.4933623671531677, -0.4597880244255066), (-0.738368809223175, -0.49335983395576477, -0.45979076623916626), (-0.738368809223175, -0.49335983395576477, -0.45979076623916626), (-0.738368809223175, -0.49335983395576477, -0.45979076623916626), (-0.8314709067344666, -0.5555683374404907, 0), (-0.8314709067344666, -0.5555683374404907, 0), (-0.8314709067344666, -0.5555683374404907, 0), (-0.8314709067344666, -0.5555683374404907, -0), (-0.8314709067344666, -0.5555683374404907, -0), (-0.8314709067344666, -0.5555683374404907, -0), (-0.7383700013160706, -0.49336060881614685, 0.45978808403015137), (-0.7383700013160706, -0.49336060881614685, 0.45978808403015137), (-0.7383700013160706, -0.49336060881614685, 0.45978808403015137), (-0.7383676171302795, -0.49336156249046326, 0.45979079604148865), (-0.7383676171302795, -0.49336156249046326, 0.45979079604148865), (-0.7383676171302795, -0.49336156249046326, 0.45979079604148865), (-0.2615400552749634, -0.17475548386573792, 0.9492403864860535), (-0.2615400552749634, -0.17475548386573792, 0.9492403864860535), (-0.2615400552749634, -0.17475548386573792, 0.9492403864860535), (-0.261538565158844, -0.17475560307502747, 0.9492408037185669), (-0.261538565158844, -0.17475560307502747, 0.9492408037185669), (-0.261538565158844, -0.17475560307502747, 0.9492408037185669), (-0.2821117043495178, -0.13912145793437958, -0.9492408633232117), (-0.2821117043495178, -0.13912145793437958, -0.9492408633232117), (-0.2821117043495178, -0.13912145793437958, -0.9492408633232117), (-0.2821125388145447, -0.13912318646907806, -0.9492403268814087), (-0.2821125388145447, -0.13912318646907806, -0.9492403268814087), (-0.2821125388145447, -0.13912318646907806, -0.9492403268814087), (-0.7964465618133545, -0.39276590943336487, -0.4597910940647125), (-0.7964465618133545, -0.39276590943336487, -0.4597910940647125), (-0.7964465618133545, -0.39276590943336487, -0.4597910940647125), (-0.7964466214179993, -0.3927665054798126, -0.4597904086112976), (-0.7964466214179993, -0.3927665054798126, -0.4597904086112976), (-0.7964466214179993, -0.3927665054798126, -0.4597904086112976), (-0.8968716263771057, -0.44229093194007874, 0), (-0.8968716263771057, -0.44229093194007874, 0), (-0.8968716263771057, -0.44229093194007874, 0), (-0.8968716263771057, -0.44229093194007874, -0), (-0.8968716263771057, -0.44229093194007874, -0), (-0.8968716263771057, -0.44229093194007874, -0), (-0.7964462637901306, -0.3927663266658783, 0.4597912132740021), (-0.7964462637901306, -0.3927663266658783, 0.4597912132740021), (-0.7964462637901306, -0.3927663266658783, 0.4597912132740021), (-0.7964468002319336, -0.3927660286426544, 0.45979055762290955), (-0.7964468002319336, -0.3927660286426544, 0.45979055762290955), (-0.7964468002319336, -0.3927660286426544, 0.45979055762290955), (-0.2821114957332611, -0.13912267982959747, 0.9492407441139221), (-0.2821114957332611, -0.13912267982959747, 0.9492407441139221), (-0.2821114957332611, -0.13912267982959747, 0.9492407441139221), (-0.2821134030818939, -0.13912229239940643, 0.9492402076721191), (-0.2821134030818939, -0.13912229239940643, 0.9492402076721191), (-0.2821134030818939, -0.13912229239940643, 0.9492402076721191), (-0.29785796999931335, -0.10110936313867569, -0.949240505695343), (-0.29785796999931335, -0.10110936313867569, -0.949240505695343), (-0.29785796999931335, -0.10110936313867569, -0.949240505695343), (-0.2978576421737671, -0.1011088490486145, -0.9492406845092773), (-0.2978576421737671, -0.1011088490486145, -0.9492406845092773), (-0.2978576421737671, -0.1011088490486145, -0.9492406845092773), (-0.8409002423286438, -0.2854466140270233, -0.4597901403903961), (-0.8409002423286438, -0.2854466140270233, -0.4597901403903961), (-0.8409002423286438, -0.2854466140270233, -0.4597901403903961), (-0.8409004211425781, -0.2854473292827606, -0.45978936553001404), (-0.8409004211425781, -0.2854473292827606, -0.45978936553001404), (-0.8409004211425781, -0.2854473292827606, -0.45978936553001404), (-0.9469301104545593, -0.32143956422805786, 0), (-0.9469301104545593, -0.32143956422805786, 0), (-0.9469301104545593, -0.32143956422805786, 0), (-0.9469301104545593, -0.32143956422805786, -0), (-0.9469301104545593, -0.32143956422805786, -0), (-0.9469301104545593, -0.32143956422805786, -0), (-0.8409000039100647, -0.2854471802711487, 0.4597902297973633), (-0.8409000039100647, -0.2854471802711487, 0.4597902297973633), (-0.8409000039100647, -0.2854471802711487, 0.4597902297973633), (-0.8409005999565125, -0.28544673323631287, 0.4597894847393036), (-0.8409005999565125, -0.28544673323631287, 0.4597894847393036), (-0.8409005999565125, -0.28544673323631287, 0.4597894847393036), (-0.2978585660457611, -0.10110916197299957, 0.9492403268814087), (-0.2978585660457611, -0.10110916197299957, 0.9492403268814087), (-0.2978585660457611, -0.10110916197299957, 0.9492403268814087), (-0.29785796999931335, -0.10110936313867569, 0.949240505695343), (-0.29785796999931335, -0.10110936313867569, 0.949240505695343), (-0.29785796999931335, -0.10110936313867569, 0.949240505695343), (-0.3085066080093384, -0.06136592850089073, -0.9492406845092773), (-0.3085066080093384, -0.06136592850089073, -0.9492406845092773), (-0.3085066080093384, -0.06136592850089073, -0.9492406845092773), (-0.308506578207016, -0.06136590987443924, -0.9492406845092773), (-0.308506578207016, -0.06136590987443924, -0.9492406845092773), (-0.308506578207016, -0.06136590987443924, -0.9492406845092773), (-0.8709644675254822, -0.17324599623680115, -0.45978984236717224), (-0.8709644675254822, -0.17324599623680115, -0.45978984236717224), (-0.8709644675254822, -0.17324599623680115, -0.45978984236717224), (-0.8709641098976135, -0.17324507236480713, -0.4597909152507782), (-0.8709641098976135, -0.17324507236480713, -0.4597909152507782), (-0.8709641098976135, -0.17324507236480713, -0.4597909152507782), (-0.9807853698730469, -0.19508980214595795, 0), (-0.9807853698730469, -0.19508980214595795, 0), (-0.9807853698730469, -0.19508980214595795, 0), (-0.9807853698730469, -0.19508980214595795, -0), (-0.9807853698730469, -0.19508980214595795, -0), (-0.9807853698730469, -0.19508980214595795, -0), (-0.8709645867347717, -0.1732451617717743, 0.4597899317741394), (-0.8709645867347717, -0.1732451617717743, 0.4597899317741394), (-0.8709645867347717, -0.1732451617717743, 0.4597899317741394), (-0.8709638714790344, -0.1732458621263504, 0.45979100465774536), (-0.8709638714790344, -0.1732458621263504, 0.45979100465774536), (-0.8709638714790344, -0.1732458621263504, 0.45979100465774536), (-0.3085070252418518, -0.0613659992814064, 0.9492405652999878), (-0.3085070252418518, -0.0613659992814064, 0.9492405652999878), (-0.3085070252418518, -0.0613659992814064, 0.9492405652999878), (-0.3085070252418518, -0.0613660030066967, 0.9492405652999878), (-0.3085070252418518, -0.0613660030066967, 0.9492405652999878), (-0.3085070252418518, -0.0613660030066967, 0.9492405652999878), (-0.31387704610824585, -0.020572194829583168, -0.9492407441139221), (-0.31387704610824585, -0.020572194829583168, -0.9492407441139221), (-0.31387704610824585, -0.020572194829583168, -0.9492407441139221), (-0.31387725472450256, -0.020572379231452942, -0.9492406845092773), (-0.31387725472450256, -0.020572379231452942, -0.9492406845092773), (-0.31387725472450256, -0.020572379231452942, -0.9492406845092773), (-0.8861261606216431, -0.058079153299331665, -0.45979049801826477), (-0.8861261606216431, -0.058079153299331665, -0.45979049801826477), (-0.8861261606216431, -0.058079153299331665, -0.45979049801826477), (-0.8861257433891296, -0.058078423142433167, -0.459791362285614), (-0.8861257433891296, -0.058078423142433167, -0.459791362285614), (-0.8861257433891296, -0.058078423142433167, -0.459791362285614), (-0.997859001159668, -0.06540164351463318, 0), (-0.997859001159668, -0.06540164351463318, 0), (-0.997859001159668, -0.06540164351463318, 0), (-0.997859001159668, -0.06540164351463318, -0), (-0.997859001159668, -0.06540164351463318, -0), (-0.997859001159668, -0.06540164351463318, -0), (-0.8861261606216431, -0.058078452944755554, 0.45979055762290955), (-0.8861261606216431, -0.058078452944755554, 0.45979055762290955), (-0.8861261606216431, -0.058078452944755554, 0.45979055762290955), (-0.8861256241798401, -0.05807911604642868, 0.4597914516925812), (-0.8861256241798401, -0.05807911604642868, 0.4597914516925812), (-0.8861256241798401, -0.05807911604642868, 0.4597914516925812), (-0.3138774633407593, -0.020572394132614136, 0.9492406249046326), (-0.3138774633407593, -0.020572394132614136, 0.9492406249046326), (-0.3138774633407593, -0.020572394132614136, 0.9492406249046326), (-0.313877671957016, -0.02057223580777645, 0.949240505695343), (-0.313877671957016, -0.02057223580777645, 0.949240505695343), (-0.313877671957016, -0.02057223580777645, 0.949240505695343), (-0.31387725472450256, 0.020572781562805176, -0.9492406845092773), (-0.31387725472450256, 0.020572781562805176, -0.9492406845092773), (-0.31387725472450256, 0.020572781562805176, -0.9492406845092773), (-0.31387779116630554, 0.020572414621710777, -0.949240505695343), (-0.31387779116630554, 0.020572414621710777, -0.949240505695343), (-0.31387779116630554, 0.020572414621710777, -0.949240505695343), (-0.8861256837844849, 0.05807912349700928, -0.459791362285614), (-0.8861256837844849, 0.05807912349700928, -0.459791362285614), (-0.8861256837844849, 0.05807912349700928, -0.459791362285614), (-0.886124849319458, 0.05808021128177643, -0.4597928524017334), (-0.886124849319458, 0.05808021128177643, -0.4597928524017334), (-0.886124849319458, 0.05808021128177643, -0.4597928524017334), (-0.9978588819503784, 0.06540372222661972, 0), (-0.9978588819503784, 0.06540372222661972, 0), (-0.9978588819503784, 0.06540372222661972, 0), (-0.9978588819503784, 0.06540372222661972, 0), (-0.9978588819503784, 0.06540372222661972, 0), (-0.9978588819503784, 0.06540372222661972, 0), (-0.8861255645751953, 0.05808025971055031, 0.4597914516925812), (-0.8861255645751953, 0.05808025971055031, 0.4597914516925812), (-0.8861255645751953, 0.05808025971055031, 0.4597914516925812), (-0.886124849319458, 0.0580790638923645, 0.4597929120063782), (-0.886124849319458, 0.0580790638923645, 0.4597929120063782), (-0.886124849319458, 0.0580790638923645, 0.4597929120063782), (-0.3138777017593384, 0.02057240903377533, 0.949240505695343), (-0.3138777017593384, 0.02057240903377533, 0.949240505695343), (-0.3138777017593384, 0.02057240903377533, 0.949240505695343), (-0.3138781487941742, 0.020572839304804802, 0.9492403864860535), (-0.3138781487941742, 0.020572839304804802, 0.9492403864860535), (-0.3138781487941742, 0.020572839304804802, 0.9492403864860535), (-0.30850741267204285, 0.061365511268377304, -0.9492404460906982), (-0.30850741267204285, 0.061365511268377304, -0.9492404460906982), (-0.30850741267204285, 0.061365511268377304, -0.9492404460906982), (-0.3085066080093384, 0.06136591359972954, -0.9492406845092773), (-0.3085066080093384, 0.06136591359972954, -0.9492406845092773), (-0.3085066080093384, 0.06136591359972954, -0.9492406845092773), (-0.8709627389907837, 0.1732456535100937, -0.45979323983192444), (-0.8709627389907837, 0.1732456535100937, -0.45979323983192444), (-0.8709627389907837, 0.1732456535100937, -0.45979323983192444), (-0.8709650635719299, 0.17324340343475342, -0.4597897529602051), (-0.8709650635719299, 0.17324340343475342, -0.4597897529602051), (-0.8709650635719299, 0.17324340343475342, -0.4597897529602051), (-0.9807857871055603, 0.19508780539035797, 0), (-0.9807857871055603, 0.19508780539035797, 0), (-0.9807857871055603, 0.19508780539035797, 0), (-0.9807857871055603, 0.19508780539035797, 0), (-0.9807857871055603, 0.19508780539035797, 0), (-0.9807857871055603, 0.19508780539035797, 0), (-0.8709631562232971, 0.17324303090572357, 0.45979341864585876), (-0.8709631562232971, 0.17324303090572357, 0.45979341864585876), (-0.8709631562232971, 0.17324303090572357, 0.45979341864585876), (-0.8709644675254822, 0.17324596643447876, 0.459789901971817), (-0.8709644675254822, 0.17324596643447876, 0.459789901971817), (-0.8709644675254822, 0.17324596643447876, 0.459789901971817), (-0.3085077404975891, 0.061366140842437744, 0.9492403268814087), (-0.3085077404975891, 0.061366140842437744, 0.9492403268814087), (-0.3085077404975891, 0.061366140842437744, 0.9492403268814087), (-0.30850717425346375, 0.061365462839603424, 0.9492405652999878), (-0.30850717425346375, 0.061365462839603424, 0.9492405652999878), (-0.30850717425346375, 0.061365462839603424, 0.9492405652999878), (-0.2978575527667999, 0.10110922157764435, -0.9492406249046326), (-0.2978575527667999, 0.10110922157764435, -0.9492406249046326), (-0.2978575527667999, 0.10110922157764435, -0.9492406249046326), (-0.2978581488132477, 0.10110902041196823, -0.949240505695343), (-0.2978581488132477, 0.10110902041196823, -0.949240505695343), (-0.2978581488132477, 0.10110902041196823, -0.949240505695343), (-0.8409006595611572, 0.28544673323631287, -0.45978936553001404), (-0.8409006595611572, 0.28544673323631287, -0.45978936553001404), (-0.8409006595611572, 0.28544673323631287, -0.45978936553001404), (-0.8409000635147095, 0.28544721007347107, -0.45979011058807373), (-0.8409000635147095, 0.28544721007347107, -0.45979011058807373), (-0.8409000635147095, 0.28544721007347107, -0.45979011058807373), (-0.9469301104545593, 0.32143956422805786, 0), (-0.9469301104545593, 0.32143956422805786, 0), (-0.9469301104545593, 0.32143956422805786, 0), (-0.9469301104545593, 0.32143956422805786, 0), (-0.9469301104545593, 0.32143956422805786, 0), (-0.9469301104545593, 0.32143956422805786, 0), (-0.8409004211425781, 0.28544729948043823, 0.4597894847393036), (-0.8409004211425781, 0.28544729948043823, 0.4597894847393036), (-0.8409004211425781, 0.28544729948043823, 0.4597894847393036), (-0.840900182723999, 0.2854466140270233, 0.45979025959968567), (-0.840900182723999, 0.2854466140270233, 0.45979025959968567), (-0.840900182723999, 0.2854466140270233, 0.45979025959968567), (-0.2978580594062805, 0.10110899060964584, 0.949240505695343), (-0.2978580594062805, 0.10110899060964584, 0.949240505695343), (-0.2978580594062805, 0.10110899060964584, 0.949240505695343), (-0.2978583872318268, 0.10110951215028763, 0.9492403268814087), (-0.2978583872318268, 0.10110951215028763, 0.9492403268814087), (-0.2978583872318268, 0.10110951215028763, 0.9492403268814087), (-0.2821129858493805, 0.1391220986843109, -0.9492403864860535), (-0.2821129858493805, 0.1391220986843109, -0.9492403864860535), (-0.2821129858493805, 0.1391220986843109, -0.9492403864860535), (-0.28211113810539246, 0.13912248611450195, -0.9492408633232117), (-0.28211113810539246, 0.13912248611450195, -0.9492408633232117), (-0.28211113810539246, 0.13912248611450195, -0.9492408633232117), (-0.7964468598365784, 0.3927660584449768, -0.45979043841362), (-0.7964468598365784, 0.3927660584449768, -0.45979043841362), (-0.7964468598365784, 0.3927660584449768, -0.45979043841362), (-0.7964463233947754, 0.3927663564682007, -0.4597910940647125), (-0.7964463233947754, 0.3927663564682007, -0.4597910940647125), (-0.7964463233947754, 0.3927663564682007, -0.4597910940647125), (-0.8968716263771057, 0.44229093194007874, 0), (-0.8968716263771057, 0.44229093194007874, 0), (-0.8968716263771057, 0.44229093194007874, 0), (-0.8968716263771057, 0.44229093194007874, 0), (-0.8968716263771057, 0.44229093194007874, 0), (-0.8968716263771057, 0.44229093194007874, 0), (-0.7964465618133545, 0.39276647567749023, 0.45979052782058716), (-0.7964465618133545, 0.39276647567749023, 0.45979052782058716), (-0.7964465618133545, 0.39276647567749023, 0.45979052782058716), (-0.7964465022087097, 0.3927658796310425, 0.4597912132740021), (-0.7964465022087097, 0.3927658796310425, 0.4597912132740021), (-0.7964465022087097, 0.3927658796310425, 0.4597912132740021), (-0.2821129262447357, 0.13912338018417358, 0.9492402076721191), (-0.2821129262447357, 0.13912338018417358, 0.9492402076721191), (-0.2821129262447357, 0.13912338018417358, 0.9492402076721191), (-0.28211209177970886, 0.1391216516494751, 0.9492406845092773), (-0.28211209177970886, 0.1391216516494751, 0.9492406845092773), (-0.28211209177970886, 0.1391216516494751, 0.9492406845092773), (-0.26153820753097534, 0.17475534975528717, -0.9492409229278564), (-0.26153820753097534, 0.17475534975528717, -0.9492409229278564), (-0.26153820753097534, 0.17475534975528717, -0.9492409229278564), (-0.26153966784477234, 0.1747552454471588, -0.9492405652999878), (-0.26153966784477234, 0.1747552454471588, -0.9492405652999878), (-0.26153966784477234, 0.1747552454471588, -0.9492405652999878), (-0.7383676767349243, 0.49336159229278564, -0.4597906768321991), (-0.7383676767349243, 0.49336159229278564, -0.4597906768321991), (-0.7383676767349243, 0.49336159229278564, -0.4597906768321991), (-0.7383700609207153, 0.49336063861846924, -0.4597879648208618), (-0.7383700609207153, 0.49336063861846924, -0.4597879648208618), (-0.7383700609207153, 0.49336063861846924, -0.4597879648208618), (-0.8314709067344666, 0.5555683374404907, 0), (-0.8314709067344666, 0.5555683374404907, 0), (-0.8314709067344666, 0.5555683374404907, 0), (-0.8314709067344666, 0.5555683374404907, 0), (-0.8314709067344666, 0.5555683374404907, 0), (-0.8314709067344666, 0.5555683374404907, 0), (-0.7383687496185303, 0.4933598041534424, 0.4597908854484558), (-0.7383687496185303, 0.4933598041534424, 0.4597908854484558), (-0.7383687496185303, 0.4933598041534424, 0.4597908854484558), (-0.738368809223175, 0.49336233735084534, 0.45978814363479614), (-0.738368809223175, 0.49336233735084534, 0.45978814363479614), (-0.738368809223175, 0.49336233735084534, 0.45978814363479614), (-0.2615390121936798, 0.174754798412323, 0.9492408037185669), (-0.2615390121936798, 0.174754798412323, 0.9492408037185669), (-0.2615390121936798, 0.174754798412323, 0.9492408037185669), (-0.261539489030838, 0.17475619912147522, 0.9492404460906982), (-0.261539489030838, 0.17475619912147522, 0.9492404460906982), (-0.261539489030838, 0.17475619912147522, 0.9492404460906982), (-0.2364925742149353, 0.20739738643169403, -0.949240505695343), (-0.2364925742149353, 0.20739738643169403, -0.949240505695343), (-0.2364925742149353, 0.20739738643169403, -0.949240505695343), (-0.2364913821220398, 0.20739732682704926, -0.9492408633232117), (-0.2364913821220398, 0.20739732682704926, -0.9492408633232117), (-0.2364913821220398, 0.20739732682704926, -0.9492408633232117), (-0.6676555871963501, 0.5855181217193604, -0.4597874879837036), (-0.6676555871963501, 0.5855181217193604, -0.4597874879837036), (-0.6676555871963501, 0.5855181217193604, -0.4597874879837036), (-0.6676524877548218, 0.5855189561843872, -0.459790974855423), (-0.6676524877548218, 0.5855189561843872, -0.459790974855423), (-0.6676524877548218, 0.5855189561843872, -0.459790974855423), (-0.7518379092216492, 0.6593480110168457, 0), (-0.7518379092216492, 0.6593480110168457, 0), (-0.7518379092216492, 0.6593480110168457, 0), (-0.7518379092216492, 0.6593480110168457, 0), (-0.7518379092216492, 0.6593480110168457, 0), (-0.7518379092216492, 0.6593480110168457, 0), (-0.6676537990570068, 0.5855200886726379, 0.4597875475883484), (-0.6676537990570068, 0.5855200886726379, 0.4597875475883484), (-0.6676537990570068, 0.5855200886726379, 0.4597875475883484), (-0.6676542162895203, 0.5855169296264648, 0.45979100465774536), (-0.6676542162895203, 0.5855169296264648, 0.45979100465774536), (-0.6676542162895203, 0.5855169296264648, 0.45979100465774536), (-0.23649244010448456, 0.20739825069904327, 0.9492403864860535), (-0.23649244010448456, 0.20739825069904327, 0.9492403864860535), (-0.23649244010448456, 0.20739825069904327, 0.9492403864860535), (-0.23649221658706665, 0.20739707350730896, 0.9492406845092773), (-0.23649221658706665, 0.20739707350730896, 0.9492406845092773), (-0.23649221658706665, 0.20739707350730896, 0.9492406845092773), (-0.2073972374200821, 0.23649124801158905, -0.9492409229278564), (-0.2073972374200821, 0.23649124801158905, -0.9492409229278564), (-0.2073972374200821, 0.23649124801158905, -0.9492409229278564), (-0.20739880204200745, 0.23649154603481293, -0.949240505695343), (-0.20739880204200745, 0.23649154603481293, -0.949240505695343), (-0.20739880204200745, 0.23649154603481293, -0.949240505695343), (-0.5855191349983215, 0.667652428150177, -0.45979079604148865), (-0.5855191349983215, 0.667652428150177, -0.45979079604148865), (-0.5855191349983215, 0.667652428150177, -0.45979079604148865), (-0.5855210423469543, 0.6676521897315979, -0.4597886800765991), (-0.5855210423469543, 0.6676521897315979, -0.4597886800765991), (-0.5855210423469543, 0.6676521897315979, -0.4597886800765991), (-0.6593495011329651, 0.7518365979194641, 0), (-0.6593495011329651, 0.7518365979194641, 0), (-0.6593495011329651, 0.7518365979194641, 0), (-0.6593495011329651, 0.7518365979194641, 0), (-0.6593495011329651, 0.7518365979194641, 0), (-0.6593495011329651, 0.7518365979194641, 0), (-0.5855202674865723, 0.667651355266571, 0.4597909152507782), (-0.5855202674865723, 0.667651355266571, 0.4597909152507782), (-0.5855202674865723, 0.667651355266571, 0.4597909152507782), (-0.5855197906494141, 0.6676531434059143, 0.45978885889053345), (-0.5855197906494141, 0.6676531434059143, 0.45978885889053345), (-0.5855197906494141, 0.6676531434059143, 0.45978885889053345), (-0.2073982208967209, 0.2364908903837204, 0.9492407441139221), (-0.2073982208967209, 0.2364908903837204, 0.9492407441139221), (-0.2073982208967209, 0.2364908903837204, 0.9492407441139221), (-0.20739832520484924, 0.23649248480796814, 0.9492403268814087), (-0.20739832520484924, 0.23649248480796814, 0.9492403268814087), (-0.20739832520484924, 0.23649248480796814, 0.9492403268814087), (-0.17475493252277374, 0.26154014468193054, -0.9492404460906982), (-0.17475493252277374, 0.26154014468193054, -0.9492404460906982), (-0.17475493252277374, 0.26154014468193054, -0.9492404460906982), (-0.17475467920303345, 0.26154008507728577, -0.949240505695343), (-0.17475467920303345, 0.26154008507728577, -0.949240505695343), (-0.17475467920303345, 0.26154008507728577, -0.949240505695343), (-0.4933605194091797, 0.7383697032928467, -0.45978865027427673), (-0.4933605194091797, 0.7383697032928467, -0.45978865027427673), (-0.4933605194091797, 0.7383697032928467, -0.45978865027427673), (-0.49335911870002747, 0.7383697032928467, -0.4597901403903961), (-0.49335911870002747, 0.7383697032928467, -0.4597901403903961), (-0.49335911870002747, 0.7383697032928467, -0.4597901403903961), (-0.5555673837661743, 0.8314715027809143, 0), (-0.5555673837661743, 0.8314715027809143, 0), (-0.5555673837661743, 0.8314715027809143, 0), (-0.5555673837661743, 0.8314715027809143, 0), (-0.5555673837661743, 0.8314715027809143, 0), (-0.5555673837661743, 0.8314715027809143, 0), (-0.4933595359325409, 0.7383702993392944, 0.4597887396812439), (-0.4933595359325409, 0.7383702993392944, 0.4597887396812439), (-0.4933595359325409, 0.7383702993392944, 0.4597887396812439), (-0.49336007237434387, 0.7383689880371094, 0.45979025959968567), (-0.49336007237434387, 0.7383689880371094, 0.45979025959968567), (-0.49336007237434387, 0.7383689880371094, 0.45979025959968567), (-0.1747550368309021, 0.26154065132141113, 0.9492403268814087), (-0.1747550368309021, 0.26154065132141113, 0.9492403268814087), (-0.1747550368309021, 0.26154065132141113, 0.9492403268814087), (-0.1747550666332245, 0.26154035329818726, 0.9492403864860535), (-0.1747550666332245, 0.26154035329818726, 0.9492403864860535), (-0.1747550666332245, 0.26154035329818726, 0.9492403864860535), (-0.13912346959114075, 0.2821117341518402, -0.9492405652999878), (-0.13912346959114075, 0.2821117341518402, -0.9492405652999878), (-0.13912346959114075, 0.2821117341518402, -0.9492405652999878), (-0.13912178575992584, 0.28211089968681335, -0.949241042137146), (-0.13912178575992584, 0.28211089968681335, -0.949241042137146), (-0.13912178575992584, 0.28211089968681335, -0.949241042137146), (-0.39276477694511414, 0.79644775390625, -0.4597899615764618), (-0.39276477694511414, 0.79644775390625, -0.4597899615764618), (-0.39276477694511414, 0.79644775390625, -0.4597899615764618), (-0.39276325702667236, 0.7964475750923157, -0.4597915709018707), (-0.39276325702667236, 0.7964475750923157, -0.4597915709018707), (-0.39276325702667236, 0.7964475750923157, -0.4597915709018707), (-0.4422876238822937, 0.8968732953071594, 0), (-0.4422876238822937, 0.8968732953071594, 0), (-0.4422876238822937, 0.8968732953071594, 0), (-0.4422876238822937, 0.8968732953071594, 0), (-0.4422876238822937, 0.8968732953071594, 0), (-0.4422876238822937, 0.8968732953071594, 0), (-0.3927636444568634, 0.796448290348053, 0.45979002118110657), (-0.3927636444568634, 0.796448290348053, 0.45979002118110657), (-0.3927636444568634, 0.796448290348053, 0.45979002118110657), (-0.3927643895149231, 0.7964469790458679, 0.4597916603088379), (-0.3927643895149231, 0.7964469790458679, 0.4597916603088379), (-0.3927643895149231, 0.7964469790458679, 0.4597916603088379), (-0.13912265002727509, 0.2821126878261566, 0.9492403864860535), (-0.13912265002727509, 0.2821126878261566, 0.9492403864860535), (-0.13912265002727509, 0.2821126878261566, 0.9492403864860535), (-0.13912303745746613, 0.28211086988449097, 0.9492408633232117), (-0.13912303745746613, 0.28211086988449097, 0.9492408633232117), (-0.13912303745746613, 0.28211086988449097, 0.9492408633232117), (-0.1011071428656578, 0.2978570759296417, -0.949241042137146), (-0.1011071428656578, 0.2978570759296417, -0.949241042137146), (-0.1011071428656578, 0.2978570759296417, -0.949241042137146), (-0.10111124813556671, 0.29785972833633423, -0.9492397308349609), (-0.10111124813556671, 0.29785972833633423, -0.9492397308349609), (-0.10111124813556671, 0.29785972833633423, -0.9492397308349609), (-0.28545060753822327, 0.8408980369567871, -0.4597916901111603), (-0.28545060753822327, 0.8408980369567871, -0.4597916901111603), (-0.28545060753822327, 0.8408980369567871, -0.4597916901111603), (-0.28544744849205017, 0.8408971428871155, -0.4597952961921692), (-0.28544744849205017, 0.8408971428871155, -0.4597952961921692), (-0.28544744849205017, 0.8408971428871155, -0.4597952961921692), (-0.32144078612327576, 0.9469296932220459, 0), (-0.32144078612327576, 0.9469296932220459, 0), (-0.32144078612327576, 0.9469296932220459, 0), (-0.32144078612327576, 0.9469296932220459, 0), (-0.32144078612327576, 0.9469296932220459, 0), (-0.32144078612327576, 0.9469296932220459, 0), (-0.28544801473617554, 0.840898871421814, 0.45979177951812744), (-0.28544801473617554, 0.840898871421814, 0.45979177951812744), (-0.28544801473617554, 0.840898871421814, 0.45979177951812744), (-0.2854500114917755, 0.8408962488174438, 0.4597953259944916), (-0.2854500114917755, 0.8408962488174438, 0.4597953259944916), (-0.2854500114917755, 0.8408962488174438, 0.4597953259944916), (-0.10111009329557419, 0.29785633087158203, 0.9492409229278564), (-0.10111009329557419, 0.29785633087158203, 0.9492409229278564), (-0.10111009329557419, 0.29785633087158203, 0.9492409229278564), (-0.10110846906900406, 0.2978609502315521, 0.9492396712303162), (-0.10110846906900406, 0.2978609502315521, 0.9492396712303162), (-0.10110846906900406, 0.2978609502315521, 0.9492396712303162), (-0.061367135494947433, 0.3085092306137085, -0.9492397904396057), (-0.061367135494947433, 0.3085092306137085, -0.9492397904396057), (-0.061367135494947433, 0.3085092306137085, -0.9492397904396057), (-0.06136477366089821, 0.30850720405578613, -0.9492405652999878), (-0.06136477366089821, 0.30850720405578613, -0.9492405652999878), (-0.06136477366089821, 0.30850720405578613, -0.9492405652999878), (-0.1732420176267624, 0.870962381362915, -0.4597952961921692), (-0.1732420176267624, 0.870962381362915, -0.4597952961921692), (-0.1732420176267624, 0.870962381362915, -0.4597952961921692), (-0.17324857413768768, 0.8709651231765747, -0.45978760719299316), (-0.17324857413768768, 0.8709651231765747, -0.45978760719299316), (-0.17324857413768768, 0.8709651231765747, -0.45978760719299316), (-0.19509340822696686, 0.9807846546173096, 0), (-0.19509340822696686, 0.9807846546173096, 0), (-0.19509340822696686, 0.9807846546173096, 0), (-0.19509340822696686, 0.9807846546173096, 0), (-0.19509340822696686, 0.9807846546173096, 0), (-0.19509340822696686, 0.9807846546173096, 0), (-0.1732477843761444, 0.8709611296653748, 0.4597955346107483), (-0.1732477843761444, 0.8709611296653748, 0.4597955346107483), (-0.1732477843761444, 0.8709611296653748, 0.4597955346107483), (-0.17324276268482208, 0.8709661960601807, 0.45978784561157227), (-0.17324276268482208, 0.8709661960601807, 0.45978784561157227), (-0.17324276268482208, 0.8709661960601807, 0.45978784561157227), (-0.06136535853147507, 0.3085101246833801, 0.9492396116256714), (-0.06136535853147507, 0.3085101246833801, 0.9492396116256714), (-0.06136535853147507, 0.3085101246833801, 0.9492396116256714), (-0.06136676296591759, 0.30850738286972046, 0.9492403864860535), (-0.06136676296591759, 0.30850738286972046, 0.9492403864860535), (-0.06136676296591759, 0.30850738286972046, 0.9492403864860535), (-0.020573262125253677, 0.31387755274772644, -0.9492405652999878), (-0.020573262125253677, 0.31387755274772644, -0.9492405652999878), (-0.020573262125253677, 0.31387755274772644, -0.9492405652999878), (-0.02057228982448578, 0.31387650966644287, -0.9492409229278564), (-0.02057228982448578, 0.31387650966644287, -0.9492409229278564), (-0.02057228982448578, 0.31387650966644287, -0.9492409229278564), (-0.05807912349700928, 0.8861275315284729, -0.4597877860069275), (-0.05807912349700928, 0.8861275315284729, -0.4597877860069275), (-0.05807912349700928, 0.8861275315284729, -0.4597877860069275), (-0.05808006227016449, 0.8861280679702759, -0.45978662371635437), (-0.05808006227016449, 0.8861280679702759, -0.45978662371635437), (-0.05808006227016449, 0.8861280679702759, -0.45978662371635437), (-0.06540331244468689, 0.9978588819503784, 0), (-0.06540331244468689, 0.9978588819503784, 0), (-0.06540331244468689, 0.9978588819503784, 0), (-0.06540331244468689, 0.9978588819503784, 0), (-0.06540331244468689, 0.9978588819503784, 0), (-0.06540331244468689, 0.9978588819503784, 0), (-0.05808002129197121, 0.8861274123191833, 0.4597879648208618), (-0.05808002129197121, 0.8861274123191833, 0.4597879648208618), (-0.05808002129197121, 0.8861274123191833, 0.4597879648208618), (-0.05807916074991226, 0.8861280679702759, 0.4597867429256439), (-0.05807916074991226, 0.8861280679702759, 0.4597867429256439), (-0.05807916074991226, 0.8861280679702759, 0.4597867429256439), (-0.020572395995259285, 0.3138781189918518, 0.9492403864860535), (-0.020572395995259285, 0.3138781189918518, 0.9492403864860535), (-0.020572395995259285, 0.3138781189918518, 0.9492403864860535), (-0.020573219284415245, 0.3138768970966339, 0.9492407441139221), (-0.020573219284415245, 0.3138768970966339, 0.9492407441139221), (-0.020573219284415245, 0.3138768970966339, 0.9492407441139221), (0.02057322859764099, 0.3138764798641205, -0.9492409229278564), (0.02057322859764099, 0.3138764798641205, -0.9492409229278564), (0.02057322859764099, 0.3138764798641205, -0.9492409229278564), (0.020572371780872345, 0.31387773156166077, -0.949240505695343), (0.020572371780872345, 0.31387773156166077, -0.949240505695343), (0.020572371780872345, 0.31387773156166077, -0.949240505695343), (0.05807916447520256, 0.8861281275749207, -0.45978662371635437), (0.05807916447520256, 0.8861281275749207, -0.45978662371635437), (0.05807916447520256, 0.8861281275749207, -0.45978662371635437), (0.05808013677597046, 0.8861273527145386, -0.4597879648208618), (0.05808013677597046, 0.8861273527145386, -0.4597879648208618), (0.05808013677597046, 0.8861273527145386, -0.4597879648208618), (0.06540344655513763, 0.9978588819503784, 0), (0.06540344655513763, 0.9978588819503784, 0), (0.06540344655513763, 0.9978588819503784, 0), (0.06540344655513763, 0.9978588819503784, 0), (0.06540344655513763, 0.9978588819503784, 0), (0.06540344655513763, 0.9978588819503784, 0), (0.05808018147945404, 0.8861280083656311, 0.45978671312332153), (0.05808018147945404, 0.8861280083656311, 0.45978671312332153), (0.05808018147945404, 0.8861280083656311, 0.45978671312332153), (0.05807911604642868, 0.8861274123191833, 0.459788054227829), (0.05807911604642868, 0.8861274123191833, 0.459788054227829), (0.05807911604642868, 0.8861274123191833, 0.459788054227829), (0.020572317764163017, 0.3138769268989563, 0.9492408037185669), (0.020572317764163017, 0.3138769268989563, 0.9492408037185669), (0.020572317764163017, 0.3138769268989563, 0.9492408037185669), (0.0205733310431242, 0.31387805938720703, 0.9492403864860535), (0.0205733310431242, 0.31387805938720703, 0.9492403864860535), (0.0205733310431242, 0.31387805938720703, 0.9492403864860535), (0.061366599053144455, 0.30850711464881897, -0.949240505695343), (0.061366599053144455, 0.30850711464881897, -0.949240505695343), (0.061366599053144455, 0.30850711464881897, -0.949240505695343), (0.061365362256765366, 0.3085095286369324, -0.9492397904396057), (0.061365362256765366, 0.3085095286369324, -0.9492397904396057), (0.061365362256765366, 0.3085095286369324, -0.9492397904396057), (0.17324307560920715, 0.8709659576416016, -0.4597882032394409), (0.17324307560920715, 0.8709659576416016, -0.4597882032394409), (0.17324307560920715, 0.8709659576416016, -0.4597882032394409), (0.17324748635292053, 0.8709614872932434, -0.4597949683666229), (0.17324748635292053, 0.8709614872932434, -0.4597949683666229), (0.17324748635292053, 0.8709614872932434, -0.4597949683666229), (0.19509300589561462, 0.9807847738265991, 0), (0.19509300589561462, 0.9807847738265991, 0), (0.19509300589561462, 0.9807847738265991, 0), (0.19509300589561462, 0.9807847738265991, 0), (0.19509300589561462, 0.9807847738265991, 0), (0.19509300589561462, 0.9807847738265991, 0), (0.17324817180633545, 0.8709649443626404, 0.4597882032394409), (0.17324817180633545, 0.8709649443626404, 0.4597882032394409), (0.17324817180633545, 0.8709649443626404, 0.4597882032394409), (0.17324240505695343, 0.8709625005722046, 0.4597949683666229), (0.17324240505695343, 0.8709625005722046, 0.4597949683666229), (0.17324240505695343, 0.8709625005722046, 0.4597949683666229), (0.06136501207947731, 0.3085077702999115, 0.9492403864860535), (0.06136501207947731, 0.3085077702999115, 0.9492403864860535), (0.06136501207947731, 0.3085077702999115, 0.9492403864860535), (0.06136707961559296, 0.3085095286369324, 0.9492396712303162), (0.06136707961559296, 0.3085095286369324, 0.9492396712303162), (0.06136707961559296, 0.3085095286369324, 0.9492396712303162), (0.10110841691493988, 0.2978602647781372, -0.9492399096488953), (0.10110841691493988, 0.2978602647781372, -0.9492399096488953), (0.10110841691493988, 0.2978602647781372, -0.9492399096488953), (0.10110983997583389, 0.29785624146461487, -0.9492409825325012), (0.10110983997583389, 0.29785624146461487, -0.9492409825325012), (0.10110983997583389, 0.29785624146461487, -0.9492409825325012), (0.2854496240615845, 0.8408968448638916, -0.4597944915294647), (0.2854496240615845, 0.8408968448638916, -0.4597944915294647), (0.2854496240615845, 0.8408968448638916, -0.4597944915294647), (0.2854480445384979, 0.8408989310264587, -0.4597916603088379), (0.2854480445384979, 0.8408989310264587, -0.4597916603088379), (0.2854480445384979, 0.8408989310264587, -0.4597916603088379), (0.32144078612327576, 0.9469296932220459, 0), (0.32144078612327576, 0.9469296932220459, 0), (0.32144078612327576, 0.9469296932220459, 0), (0.32144078612327576, 0.9469296932220459, 0), (0.32144078612327576, 0.9469296932220459, 0), (0.32144078612327576, 0.9469296932220459, 0), (0.28544753789901733, 0.8408975005149841, 0.45979464054107666), (0.28544753789901733, 0.8408975005149841, 0.45979464054107666), (0.28544753789901733, 0.8408975005149841, 0.45979464054107666), (0.2854500710964203, 0.8408981561660767, 0.4597918391227722), (0.2854500710964203, 0.8408981561660767, 0.4597918391227722), (0.2854500710964203, 0.8408981561660767, 0.4597918391227722), (0.10111112147569656, 0.2978599965572357, 0.9492396712303162), (0.10111112147569656, 0.2978599965572357, 0.9492396712303162), (0.10111112147569656, 0.2978599965572357, 0.9492396712303162), (0.10110753774642944, 0.2978576421737671, 0.9492408037185669), (0.10110753774642944, 0.2978576421737671, 0.9492408037185669), (0.10110753774642944, 0.2978576421737671, 0.9492408037185669), (0.13912275433540344, 0.28211086988449097, -0.9492409229278564), (0.13912275433540344, 0.28211086988449097, -0.9492409229278564), (0.13912275433540344, 0.28211086988449097, -0.9492409229278564), (0.13912256062030792, 0.28211188316345215, -0.9492406249046326), (0.13912256062030792, 0.28211188316345215, -0.9492406249046326), (0.13912256062030792, 0.28211188316345215, -0.9492406249046326), (0.3927651047706604, 0.796446681022644, -0.45979151129722595), (0.3927651047706604, 0.796446681022644, -0.45979151129722595), (0.3927651047706604, 0.796446681022644, -0.45979151129722595), (0.3927643895149231, 0.7964479327201843, -0.4597899615764618), (0.3927643895149231, 0.7964479327201843, -0.4597899615764618), (0.3927643895149231, 0.7964479327201843, -0.4597899615764618), (0.44228842854499817, 0.896872878074646, 0), (0.44228842854499817, 0.896872878074646, 0), (0.44228842854499817, 0.896872878074646, 0), (0.44228842854499817, 0.896872878074646, 0), (0.44228842854499817, 0.896872878074646, 0), (0.44228842854499817, 0.896872878074646, 0), (0.39276400208473206, 0.7964471578598022, 0.4597916603088379), (0.39276400208473206, 0.7964471578598022, 0.4597916603088379), (0.39276400208473206, 0.7964471578598022, 0.4597916603088379), (0.39276543259620667, 0.7964473366737366, 0.45979008078575134), (0.39276543259620667, 0.7964473366737366, 0.45979008078575134), (0.39276543259620667, 0.7964473366737366, 0.45979008078575134), (0.1391223818063736, 0.2821115255355835, 0.9492408037185669), (0.1391223818063736, 0.2821115255355835, 0.9492408037185669), (0.1391223818063736, 0.2821115255355835, 0.9492408037185669), (0.13912329077720642, 0.2821119427680969, 0.949240505695343), (0.13912329077720642, 0.2821119427680969, 0.949240505695343), (0.13912329077720642, 0.2821119427680969, 0.949240505695343), (0.17475485801696777, 0.2615394592285156, -0.9492406845092773), (0.17475485801696777, 0.2615394592285156, -0.9492406845092773), (0.17475485801696777, 0.2615394592285156, -0.9492406845092773), (0.174754798412323, 0.2615402638912201, -0.9492404460906982), (0.174754798412323, 0.2615402638912201, -0.9492404460906982), (0.174754798412323, 0.2615402638912201, -0.9492404460906982), (0.49336010217666626, 0.7383690476417542, -0.4597901403903961), (0.49336010217666626, 0.7383690476417542, -0.4597901403903961), (0.49336010217666626, 0.7383690476417542, -0.4597901403903961), (0.4933595657348633, 0.7383703589439392, -0.45978862047195435), (0.4933595657348633, 0.7383703589439392, -0.45978862047195435), (0.4933595657348633, 0.7383703589439392, -0.45978862047195435), (0.5555673837661743, 0.8314715027809143, 0), (0.5555673837661743, 0.8314715027809143, 0), (0.5555673837661743, 0.8314715027809143, 0), (0.5555673837661743, 0.8314715027809143, 0), (0.5555673837661743, 0.8314715027809143, 0), (0.5555673837661743, 0.8314715027809143, 0), (0.49335911870002747, 0.7383696436882019, 0.45979025959968567), (0.49335911870002747, 0.7383696436882019, 0.45979025959968567), (0.49335911870002747, 0.7383696436882019, 0.45979025959968567), (0.4933604896068573, 0.7383696436882019, 0.4597887694835663), (0.4933604896068573, 0.7383696436882019, 0.4597887694835663), (0.4933604896068573, 0.7383696436882019, 0.4597887694835663), (0.17475467920303345, 0.26154008507728577, 0.949240505695343), (0.17475467920303345, 0.26154008507728577, 0.949240505695343), (0.17475467920303345, 0.26154008507728577, 0.949240505695343), (0.17475543916225433, 0.26154032349586487, 0.9492403268814087), (0.17475543916225433, 0.26154032349586487, 0.9492403268814087), (0.17475543916225433, 0.26154032349586487, 0.9492403268814087), (0.2073977291584015, 0.23649239540100098, -0.949240505695343), (0.2073977291584015, 0.23649239540100098, -0.949240505695343), (0.2073977291584015, 0.23649239540100098, -0.949240505695343), (0.20739760994911194, 0.2364901900291443, -0.9492411017417908), (0.20739760994911194, 0.2364901900291443, -0.9492411017417908), (0.20739760994911194, 0.2364901900291443, -0.9492411017417908), (0.5855197906494141, 0.6676532030105591, -0.4597887694835663), (0.5855197906494141, 0.6676532030105591, -0.4597887694835663), (0.5855197906494141, 0.6676532030105591, -0.4597887694835663), (0.5855199098587036, 0.6676527857780457, -0.4597892165184021), (0.5855199098587036, 0.6676527857780457, -0.4597892165184021), (0.5855199098587036, 0.6676527857780457, -0.4597892165184021), (0.6593484282493591, 0.7518374919891357, 0), (0.6593484282493591, 0.7518374919891357, 0), (0.6593484282493591, 0.7518374919891357, 0), (0.6593484282493591, 0.7518374919891357, 0), (0.6593484282493591, 0.7518374919891357, 0), (0.6593484282493591, 0.7518374919891357, 0), (0.5855200290679932, 0.66765296459198, 0.45978885889053345), (0.5855200290679932, 0.66765296459198, 0.45978885889053345), (0.5855200290679932, 0.66765296459198, 0.45978885889053345), (0.5855196714401245, 0.6676530241966248, 0.45978930592536926), (0.5855196714401245, 0.6676530241966248, 0.45978930592536926), (0.5855196714401245, 0.6676530241966248, 0.45978930592536926), (0.20739908516407013, 0.236491858959198, 0.9492403268814087), (0.20739908516407013, 0.236491858959198, 0.9492403268814087), (0.20739908516407013, 0.236491858959198, 0.9492403268814087), (0.20739692449569702, 0.23649145662784576, 0.9492409229278564), (0.20739692449569702, 0.23649145662784576, 0.9492409229278564), (0.20739692449569702, 0.23649145662784576, 0.9492409229278564), (0.23649145662784576, 0.20739640295505524, -0.949241042137146), (0.23649145662784576, 0.20739640295505524, -0.949241042137146), (0.23649145662784576, 0.20739640295505524, -0.949241042137146), (0.23649181425571442, 0.20739834010601044, -0.949240505695343), (0.23649181425571442, 0.20739834010601044, -0.949240505695343), (0.23649181425571442, 0.20739834010601044, -0.949240505695343), (0.6676540374755859, 0.5855185985565186, -0.4597891569137573), (0.6676540374755859, 0.5855185985565186, -0.4597891569137573), (0.6676540374755859, 0.5855185985565186, -0.4597891569137573), (0.6676538586616516, 0.5855201482772827, -0.45978742837905884), (0.6676538586616516, 0.5855201482772827, -0.45978742837905884), (0.6676538586616516, 0.5855201482772827, -0.45978742837905884), (0.7518379092216492, 0.6593480110168457, 0), (0.7518379092216492, 0.6593480110168457, 0), (0.7518379092216492, 0.6593480110168457, 0), (0.7518379092216492, 0.6593480110168457, 0), (0.7518379092216492, 0.6593480110168457, 0), (0.7518379092216492, 0.6593480110168457, 0), (0.6676531434059143, 0.5855194926261902, 0.45978930592536926), (0.6676531434059143, 0.5855194926261902, 0.45978930592536926), (0.6676531434059143, 0.5855194926261902, 0.45978930592536926), (0.6676546931266785, 0.5855190753936768, 0.45978760719299316), (0.6676546931266785, 0.5855190753936768, 0.45978760719299316), (0.6676546931266785, 0.5855190753936768, 0.45978760719299316), (0.23649093508720398, 0.20739756524562836, 0.9492409229278564), (0.23649093508720398, 0.20739756524562836, 0.9492409229278564), (0.23649093508720398, 0.20739756524562836, 0.9492409229278564), (0.23649290204048157, 0.2073976844549179, 0.9492403864860535), (0.23649290204048157, 0.2073976844549179, 0.9492403864860535), (0.23649290204048157, 0.2073976844549179, 0.9492403864860535), (0.2615392506122589, 0.1747557818889618, -0.9492405652999878), (0.2615392506122589, 0.1747557818889618, -0.9492405652999878), (0.2615392506122589, 0.1747557818889618, -0.9492405652999878), (0.26153868436813354, 0.17475393414497375, -0.949241042137146), (0.26153868436813354, 0.17475393414497375, -0.949241042137146), (0.26153868436813354, 0.17475393414497375, -0.949241042137146), (0.7383697032928467, 0.49336114525794983, -0.4597879946231842), (0.7383697032928467, 0.49336114525794983, -0.4597879946231842), (0.7383697032928467, 0.49336114525794983, -0.4597879946231842), (0.7383696436882019, 0.49336040019989014, -0.45978882908821106), (0.7383696436882019, 0.49336040019989014, -0.45978882908821106), (0.7383696436882019, 0.49336040019989014, -0.45978882908821106), (0.8314709067344666, 0.5555683374404907, 0), (0.8314709067344666, 0.5555683374404907, 0), (0.8314709067344666, 0.5555683374404907, 0), (0.8314709067344666, 0.5555683374404907, 0), (0.8314709067344666, 0.5555683374404907, 0), (0.8314709067344666, 0.5555683374404907, 0), (0.7383700013160706, 0.49336060881614685, 0.45978808403015137), (0.7383700013160706, 0.49336060881614685, 0.45978808403015137), (0.7383700013160706, 0.49336060881614685, 0.45978808403015137), (0.7383692860603333, 0.49336084723472595, 0.45978888869285583), (0.7383692860603333, 0.49336084723472595, 0.45978888869285583), (0.7383692860603333, 0.49336084723472595, 0.45978888869285583), (0.26154035329818726, 0.1747550666332245, 0.9492403864860535), (0.26154035329818726, 0.1747550666332245, 0.9492403864860535), (0.26154035329818726, 0.1747550666332245, 0.9492403864860535), (0.26153841614723206, 0.17475521564483643, 0.9492408633232117), (0.26153841614723206, 0.17475521564483643, 0.9492408633232117), (0.26153841614723206, 0.17475521564483643, 0.9492408633232117), (0.28211140632629395, 0.13912130892276764, -0.9492409825325012), (0.28211140632629395, 0.13912130892276764, -0.9492409825325012), (0.28211140632629395, 0.13912130892276764, -0.9492409825325012), (0.28211262822151184, 0.1391238570213318, -0.9492402076721191), (0.28211262822151184, 0.1391238570213318, -0.9492402076721191), (0.28211262822151184, 0.1391238570213318, -0.9492402076721191), (0.7964468002319336, 0.3927678167819977, -0.4597890079021454), (0.7964468002319336, 0.3927678167819977, -0.4597890079021454), (0.7964468002319336, 0.3927678167819977, -0.4597890079021454), (0.7964463829994202, 0.39276450872421265, -0.4597926139831543), (0.7964463829994202, 0.39276450872421265, -0.4597926139831543), (0.7964463829994202, 0.39276450872421265, -0.4597926139831543), (0.8968724608421326, 0.442289263010025, 0), (0.8968724608421326, 0.442289263010025, 0), (0.8968724608421326, 0.442289263010025, 0), (0.8968724608421326, 0.442289263010025, 0), (0.8968724608421326, 0.442289263010025, 0), (0.8968724608421326, 0.442289263010025, 0), (0.7964479923248291, 0.3927653431892395, 0.4597890377044678), (0.7964479923248291, 0.3927653431892395, 0.4597890377044678), (0.7964479923248291, 0.3927653431892395, 0.4597890377044678), (0.7964451313018799, 0.3927669823169708, 0.4597926139831543), (0.7964451313018799, 0.3927669823169708, 0.4597926139831543), (0.7964451313018799, 0.3927669823169708, 0.4597926139831543), (0.28211092948913574, 0.13912302255630493, 0.9492408633232117), (0.28211092948913574, 0.13912302255630493, 0.9492408633232117), (0.28211092948913574, 0.13912302255630493, 0.9492408633232117), (0.2821137011051178, 0.13912244141101837, 0.9492401480674744), (0.2821137011051178, 0.13912244141101837, 0.9492401480674744), (0.2821137011051178, 0.13912244141101837, 0.9492401480674744), (0.297858327627182, 0.10110948234796524, -0.9492403864860535), (0.297858327627182, 0.10110948234796524, -0.9492403864860535), (0.297858327627182, 0.10110948234796524, -0.9492403864860535), (0.29785773158073425, 0.10110856592655182, -0.9492406845092773), (0.29785773158073425, 0.10110856592655182, -0.9492406845092773), (0.29785773158073425, 0.10110856592655182, -0.9492406845092773), (0.8408994674682617, 0.2854454517364502, -0.4597923457622528), (0.8408994674682617, 0.2854454517364502, -0.4597923457622528), (0.8408994674682617, 0.2854454517364502, -0.4597923457622528), (0.840900182723999, 0.2854481637477875, -0.45978930592536926), (0.840900182723999, 0.2854481637477875, -0.45978930592536926), (0.840900182723999, 0.2854481637477875, -0.45978930592536926), (0.9469297528266907, 0.3214404881000519, 0), (0.9469297528266907, 0.3214404881000519, 0), (0.9469297528266907, 0.3214404881000519, 0), (0.9469297528266907, 0.3214404881000519, 0), (0.9469297528266907, 0.3214404881000519, 0), (0.9469297528266907, 0.3214404881000519, 0), (0.8408986330032349, 0.2854476273059845, 0.45979252457618713), (0.8408986330032349, 0.2854476273059845, 0.45979252457618713), (0.8408986330032349, 0.2854476273059845, 0.45979252457618713), (0.8409008383750916, 0.2854459285736084, 0.4597894847393036), (0.8409008383750916, 0.2854459285736084, 0.4597894847393036), (0.8409008383750916, 0.2854459285736084, 0.4597894847393036), (0.29785898327827454, 0.10110899806022644, 0.9492402076721191), (0.29785898327827454, 0.10110899806022644, 0.9492402076721191), (0.29785898327827454, 0.10110899806022644, 0.9492402076721191), (0.29785796999931335, 0.10110936313867569, 0.949240505695343), (0.29785796999931335, 0.10110936313867569, 0.949240505695343), (0.29785796999931335, 0.10110936313867569, 0.949240505695343), (0.30850666761398315, 0.061365652829408646, -0.9492406845092773), (0.30850666761398315, 0.061365652829408646, -0.9492406845092773), (0.30850666761398315, 0.061365652829408646, -0.9492406845092773), (0.30850696563720703, 0.06136598438024521, -0.9492405652999878), (0.30850696563720703, 0.06136598438024521, -0.9492405652999878), (0.30850696563720703, 0.06136598438024521, -0.9492405652999878), (0.8709644675254822, 0.17324599623680115, -0.45978984236717224), (0.8709644675254822, 0.17324599623680115, -0.45978984236717224), (0.8709644675254822, 0.17324599623680115, -0.45978984236717224), (0.8709636926651001, 0.17324404418468475, -0.4597920775413513), (0.8709636926651001, 0.17324404418468475, -0.4597920775413513), (0.8709636926651001, 0.17324404418468475, -0.4597920775413513), (0.980785608291626, 0.19508880376815796, 0), (0.980785608291626, 0.19508880376815796, 0), (0.980785608291626, 0.19508880376815796, 0), (0.980785608291626, 0.19508880376815796, 0), (0.980785608291626, 0.19508880376815796, 0), (0.980785608291626, 0.19508880376815796, 0), (0.870964765548706, 0.17324428260326385, 0.459789901971817), (0.870964765548706, 0.17324428260326385, 0.459789901971817), (0.870964765548706, 0.17324428260326385, 0.459789901971817), (0.8709633350372314, 0.17324574291706085, 0.4597921669483185), (0.8709633350372314, 0.17324574291706085, 0.4597921669483185), (0.8709633350372314, 0.17324574291706085, 0.4597921669483185), (0.3085070252418518, 0.0613659992814064, 0.9492405652999878), (0.3085070252418518, 0.0613659992814064, 0.9492405652999878), (0.3085070252418518, 0.0613659992814064, 0.9492405652999878), (0.30850741267204285, 0.061365798115730286, 0.9492404460906982), (0.30850741267204285, 0.061365798115730286, 0.9492404460906982), (0.30850741267204285, 0.061365798115730286, 0.9492404460906982), (0.3138773441314697, 0.020572787150740623, -0.9492406249046326), (0.3138773441314697, 0.020572787150740623, -0.9492406249046326), (0.3138773441314697, 0.020572787150740623, -0.9492406249046326), (0.3138768672943115, 0.020572353154420853, -0.9492408037185669), (0.3138768672943115, 0.020572353154420853, -0.9492408037185669), (0.3138768672943115, 0.020572353154420853, -0.9492408037185669), (0.8861255049705505, 0.05807911604642868, -0.4597916603088379), (0.8861255049705505, 0.05807911604642868, -0.4597916603088379), (0.8861255049705505, 0.05807911604642868, -0.4597916603088379), (0.8861262202262878, 0.05808030441403389, -0.45979011058807373), (0.8861262202262878, 0.05808030441403389, -0.45979011058807373), (0.8861262202262878, 0.05808030441403389, -0.45979011058807373), (0.9978588819503784, 0.06540372222661972, 0), (0.9978588819503784, 0.06540372222661972, 0), (0.9978588819503784, 0.06540372222661972, 0), (0.9978588819503784, 0.06540372222661972, 0), (0.9978588819503784, 0.06540372222661972, 0), (0.9978588819503784, 0.06540372222661972, 0), (0.886125385761261, 0.05808025225996971, 0.45979177951812744), (0.886125385761261, 0.05808025225996971, 0.45979177951812744), (0.886125385761261, 0.05808025225996971, 0.45979177951812744), (0.8861262798309326, 0.058079157024621964, 0.45979025959968567), (0.8861262798309326, 0.058079157024621964, 0.45979025959968567), (0.8861262798309326, 0.058079157024621964, 0.45979025959968567), (0.3138778507709503, 0.020572418347001076, 0.9492404460906982), (0.3138778507709503, 0.020572418347001076, 0.9492404460906982), (0.3138778507709503, 0.020572418347001076, 0.9492404460906982), (0.31387728452682495, 0.020572783425450325, 0.9492406249046326), (0.31387728452682495, 0.020572783425450325, 0.9492406249046326), (0.31387728452682495, 0.020572783425450325, 0.9492406249046326), (0.3138768672943115, -0.020572604611516, -0.9492408037185669), (0.3138768672943115, -0.020572604611516, -0.9492408037185669), (0.3138768672943115, -0.020572604611516, -0.9492408037185669), (0.3138771951198578, -0.020572377368807793, -0.9492406845092773), (0.3138771951198578, -0.020572377368807793, -0.9492406845092773), (0.3138771951198578, -0.020572377368807793, -0.9492406845092773), (0.8861262798309326, -0.05807916447520256, -0.4597901701927185), (0.8861262798309326, -0.05807916447520256, -0.4597901701927185), (0.8861262798309326, -0.05807916447520256, -0.4597901701927185), (0.8861258029937744, -0.058079794049263, -0.45979106426239014), (0.8861258029937744, -0.058079794049263, -0.45979106426239014), (0.8861258029937744, -0.058079794049263, -0.45979106426239014), (0.9978589415550232, -0.06540317833423615, 0), (0.9978589415550232, -0.06540317833423615, 0), (0.9978589415550232, -0.06540317833423615, 0), (0.9978589415550232, -0.06540317833423615, 0), (0.9978589415550232, -0.06540317833423615, 0), (0.9978589415550232, -0.06540317833423615, 0), (0.8861261606216431, -0.05807982012629509, 0.45979031920433044), (0.8861261606216431, -0.05807982012629509, 0.45979031920433044), (0.8861261606216431, -0.05807982012629509, 0.45979031920433044), (0.8861258029937744, -0.058079127222299576, 0.4597910940647125), (0.8861258029937744, -0.058079127222299576, 0.4597910940647125), (0.8861258029937744, -0.058079127222299576, 0.4597910940647125), (0.31387728452682495, -0.02057238295674324, 0.9492406845092773), (0.31387728452682495, -0.02057238295674324, 0.9492406845092773), (0.31387728452682495, -0.02057238295674324, 0.9492406845092773), (0.3138776123523712, -0.02057265304028988, 0.9492405652999878), (0.3138776123523712, -0.02057265304028988, 0.9492405652999878), (0.3138776123523712, -0.02057265304028988, 0.9492405652999878), (0.30850639939308167, -0.06136560067534447, -0.9492408037185669), (0.30850639939308167, -0.06136560067534447, -0.9492408037185669), (0.30850639939308167, -0.06136560067534447, -0.9492408037185669), (0.3085060119628906, -0.061365798115730286, -0.9492408633232117), (0.3085060119628906, -0.061365798115730286, -0.9492408633232117), (0.3085060119628906, -0.061365798115730286, -0.9492408633232117), (0.8709642887115479, -0.17324595153331757, -0.4597902297973633), (0.8709642887115479, -0.17324595153331757, -0.4597902297973633), (0.8709642887115479, -0.17324595153331757, -0.4597902297973633), (0.8709645867347717, -0.17324568331241608, -0.45978978276252747), (0.8709645867347717, -0.17324568331241608, -0.45978978276252747), (0.8709645867347717, -0.17324568331241608, -0.45978978276252747), (0.9807852506637573, -0.1950903981924057, 0), (0.9807852506637573, -0.1950903981924057, 0), (0.9807852506637573, -0.1950903981924057, 0), (0.9807852506637573, -0.1950903981924057, 0), (0.9807852506637573, -0.1950903981924057, 0), (0.9807852506637573, -0.1950903981924057, 0), (0.8709642887115479, -0.1732456535100937, 0.45979031920433044), (0.8709642887115479, -0.1732456535100937, 0.45979031920433044), (0.8709642887115479, -0.1732456535100937, 0.45979031920433044), (0.8709644675254822, -0.17324596643447876, 0.459789901971817), (0.8709644675254822, -0.17324596643447876, 0.459789901971817), (0.8709644675254822, -0.17324596643447876, 0.459789901971817), (0.3085067868232727, -0.06136595085263252, 0.9492406249046326), (0.3085067868232727, -0.06136595085263252, 0.9492406249046326), (0.3085067868232727, -0.06136595085263252, 0.9492406249046326), (0.3085065186023712, -0.06136561930179596, 0.9492407441139221), (0.3085065186023712, -0.06136561930179596, 0.9492407441139221), (0.3085065186023712, -0.06136561930179596, 0.9492407441139221), (0.2978566288948059, -0.10110890120267868, -0.9492409825325012), (0.2978566288948059, -0.10110890120267868, -0.9492409825325012), (0.2978566288948059, -0.10110890120267868, -0.9492409825325012), (0.2978576719760895, -0.10110854357481003, -0.9492406845092773), (0.2978576719760895, -0.10110854357481003, -0.9492406845092773), (0.2978576719760895, -0.10110854357481003, -0.9492406845092773), (0.8409008979797363, -0.2854459583759308, -0.45978936553001404), (0.8409008979797363, -0.2854459583759308, -0.45978936553001404), (0.8409008979797363, -0.2854459583759308, -0.45978936553001404), (0.8408986926078796, -0.2854476571083069, -0.45979243516921997), (0.8408986926078796, -0.2854476571083069, -0.45979243516921997), (0.8408986926078796, -0.2854476571083069, -0.45979243516921997), (0.9469297528266907, -0.3214404881000519, 0), (0.9469297528266907, -0.3214404881000519, 0), (0.9469297528266907, -0.3214404881000519, 0), (0.9469297528266907, -0.3214404881000519, 0), (0.9469297528266907, -0.3214404881000519, 0), (0.9469297528266907, -0.3214404881000519, 0), (0.8409001231193542, -0.2854481637477875, 0.4597894251346588), (0.8409001231193542, -0.2854481637477875, 0.4597894251346588), (0.8409001231193542, -0.2854481637477875, 0.4597894251346588), (0.8408994078636169, -0.2854454517364502, 0.45979246497154236), (0.8408994078636169, -0.2854454517364502, 0.45979246497154236), (0.8408994078636169, -0.2854454517364502, 0.45979246497154236), (0.29785722494125366, -0.10110839456319809, 0.9492408633232117), (0.29785722494125366, -0.10110839456319809, 0.9492408633232117), (0.29785722494125366, -0.10110839456319809, 0.9492408633232117), (0.2978578209877014, -0.10110931843519211, 0.9492405652999878), (0.2978578209877014, -0.10110931843519211, 0.9492405652999878), (0.2978578209877014, -0.10110931843519211, 0.9492405652999878), (0.28211167454719543, -0.13912257552146912, -0.9492406845092773), (0.28211167454719543, -0.13912257552146912, -0.9492406845092773), (0.28211167454719543, -0.13912257552146912, -0.9492406845092773), (0.2821123003959656, -0.13912247121334076, -0.949240505695343), (0.2821123003959656, -0.13912247121334076, -0.949240505695343), (0.2821123003959656, -0.13912247121334076, -0.949240505695343), (0.7964465618133545, -0.3927641808986664, -0.4597925841808319), (0.7964465618133545, -0.3927641808986664, -0.4597925841808319), (0.7964465618133545, -0.3927641808986664, -0.4597925841808319), (0.7964495420455933, -0.3927624225616455, -0.45978885889053345), (0.7964495420455933, -0.3927624225616455, -0.45978885889053345), (0.7964495420455933, -0.3927624225616455, -0.45978885889053345), (0.8968740701675415, -0.44228595495224, 0), (0.8968740701675415, -0.44228595495224, 0), (0.8968740701675415, -0.44228595495224, 0), (0.8968740701675415, -0.44228595495224, 0), (0.8968740701675415, -0.44228595495224, 0), (0.8968740701675415, -0.44228595495224, 0), (0.7964476943016052, -0.39276155829429626, 0.4597927927970886), (0.7964476943016052, -0.39276155829429626, 0.4597927927970886), (0.7964476943016052, -0.39276155829429626, 0.4597927927970886), (0.7964481711387634, -0.39276498556137085, 0.4597890079021454), (0.7964481711387634, -0.39276498556137085, 0.4597890079021454), (0.7964481711387634, -0.39276498556137085, 0.4597890079021454), (0.2821122407913208, -0.13912242650985718, 0.9492405652999878), (0.2821122407913208, -0.13912242650985718, 0.9492405652999878), (0.2821122407913208, -0.13912242650985718, 0.9492405652999878), (0.2821125090122223, -0.13912299275398254, 0.9492403864860535), (0.2821125090122223, -0.13912299275398254, 0.9492403864860535), (0.2821125090122223, -0.13912299275398254, 0.9492403864860535), (0.26154011487960815, -0.1747548133134842, -0.949240505695343), (0.26154011487960815, -0.1747548133134842, -0.949240505695343), (0.26154011487960815, -0.1747548133134842, -0.949240505695343), (0.2615399956703186, -0.17475482821464539, -0.949240505695343), (0.2615399956703186, -0.17475482821464539, -0.949240505695343), (0.2615399956703186, -0.17475482821464539, -0.949240505695343), (0.738369345664978, -0.4933609068393707, -0.4597887694835663), (0.738369345664978, -0.4933609068393707, -0.4597887694835663), (0.738369345664978, -0.4933609068393707, -0.4597887694835663), (0.7383654117584229, -0.49336251616477966, -0.459793359041214), (0.7383654117584229, -0.49336251616477966, -0.459793359041214), (0.7383654117584229, -0.49336251616477966, -0.459793359041214), (0.8314683437347412, -0.5555721521377563, 0), (0.8314683437347412, -0.5555721521377563, 0), (0.8314683437347412, -0.5555721521377563, 0), (0.8314683437347412, -0.5555721521377563, 0), (0.8314683437347412, -0.5555721521377563, 0), (0.8314683437347412, -0.5555721521377563, 0), (0.7383673787117004, -0.4933638274669647, 0.4597887694835663), (0.7383673787117004, -0.4933638274669647, 0.4597887694835663), (0.7383673787117004, -0.4933638274669647, 0.4597887694835663), (0.7383673787117004, -0.4933595657348633, 0.4597933888435364), (0.7383673787117004, -0.4933595657348633, 0.4597933888435364), (0.7383673787117004, -0.4933595657348633, 0.4597933888435364), (0.2615404427051544, -0.17475512623786926, 0.9492403268814087), (0.2615404427051544, -0.17475512623786926, 0.9492403268814087), (0.2615404427051544, -0.17475512623786926, 0.9492403268814087), (0.26154038310050964, -0.17475499212741852, 0.9492403864860535), (0.26154038310050964, -0.17475499212741852, 0.9492403864860535), (0.26154038310050964, -0.17475499212741852, 0.9492403864860535), (0.2364916205406189, -0.20739856362342834, -0.949240505695343), (0.2364916205406189, -0.20739856362342834, -0.949240505695343), (0.2364916205406189, -0.20739856362342834, -0.949240505695343), (0.2364921271800995, -0.20739860832691193, -0.9492403864860535), (0.2364921271800995, -0.20739860832691193, -0.9492403864860535), (0.2364921271800995, -0.20739860832691193, -0.9492403864860535), (0.6676523089408875, -0.5855169892311096, -0.45979371666908264), (0.6676523089408875, -0.5855169892311096, -0.45979371666908264), (0.6676523089408875, -0.5855169892311096, -0.45979371666908264), (0.667656421661377, -0.5855159163475037, -0.45978906750679016), (0.667656421661377, -0.5855159163475037, -0.45978906750679016), (0.667656421661377, -0.5855159163475037, -0.45978906750679016), (0.7518414855003357, -0.6593438982963562, 0), (0.7518414855003357, -0.6593438982963562, 0), (0.7518414855003357, -0.6593438982963562, 0), (0.7518414855003357, -0.6593438982963562, 0), (0.7518414855003357, -0.6593438982963562, 0), (0.7518414855003357, -0.6593438982963562, 0), (0.6676545739173889, -0.58551424741745, 0.45979389548301697), (0.6676545739173889, -0.58551424741745, 0.45979389548301697), (0.6676545739173889, -0.58551424741745, 0.45979389548301697), (0.6676540374755859, -0.5855185389518738, 0.4597892463207245), (0.6676540374755859, -0.5855185389518738, 0.4597892463207245), (0.6676540374755859, -0.5855185389518738, 0.4597892463207245), (0.23649214208126068, -0.20739862322807312, 0.9492403864860535), (0.23649214208126068, -0.20739862322807312, 0.9492403864860535), (0.23649214208126068, -0.20739862322807312, 0.9492403864860535), (0.23649221658706665, -0.20739910006523132, 0.9492402672767639), (0.23649221658706665, -0.20739910006523132, 0.9492402672767639), (0.23649221658706665, -0.20739910006523132, 0.9492402672767639), (0.20739814639091492, -0.23649287223815918, -0.9492402672767639), (0.20739814639091492, -0.23649287223815918, -0.9492402672767639), (0.20739814639091492, -0.23649287223815918, -0.9492402672767639), (0.20739731192588806, -0.23649272322654724, -0.949240505695343), (0.20739731192588806, -0.23649272322654724, -0.949240505695343), (0.20739731192588806, -0.23649272322654724, -0.949240505695343), (0.5855157375335693, -0.6676566004753113, -0.4597890377044678), (0.5855157375335693, -0.6676566004753113, -0.4597890377044678), (0.5855157375335693, -0.6676566004753113, -0.4597890377044678), (0.5855158567428589, -0.6676566004753113, -0.4597889184951782), (0.5855158567428589, -0.6676566004753113, -0.4597889184951782), (0.5855158567428589, -0.6676566004753113, -0.4597889184951782), (0.6593437194824219, -0.75184166431427, 0), (0.6593437194824219, -0.75184166431427, 0), (0.6593437194824219, -0.75184166431427, 0), (0.6593437194824219, -0.75184166431427, 0), (0.6593437194824219, -0.75184166431427, 0), (0.6593437194824219, -0.75184166431427, 0), (0.5855157375335693, -0.6676565408706665, 0.4597891569137573), (0.5855157375335693, -0.6676565408706665, 0.4597891569137573), (0.5855157375335693, -0.6676565408706665, 0.4597891569137573), (0.5855157375335693, -0.667656660079956, 0.4597890079021454), (0.5855157375335693, -0.667656660079956, 0.4597890079021454), (0.5855157375335693, -0.667656660079956, 0.4597890079021454), (0.20739805698394775, -0.2364935725927353, 0.9492401480674744), (0.20739805698394775, -0.2364935725927353, 0.9492401480674744), (0.20739805698394775, -0.2364935725927353, 0.9492401480674744), (0.20739802718162537, -0.23649270832538605, 0.9492403864860535), (0.20739802718162537, -0.23649270832538605, 0.9492403864860535), (0.20739802718162537, -0.23649270832538605, 0.9492403864860535), (0.174756720662117, -0.2615388035774231, -0.949240505695343), (0.174756720662117, -0.2615388035774231, -0.949240505695343), (0.174756720662117, -0.2615388035774231, -0.949240505695343), (0.1747562438249588, -0.26153865456581116, -0.9492406249046326), (0.1747562438249588, -0.26153865456581116, -0.9492406249046326), (0.1747562438249588, -0.26153865456581116, -0.9492406249046326), (0.49336540699005127, -0.7383663654327393, -0.45978879928588867), (0.49336540699005127, -0.7383663654327393, -0.45978879928588867), (0.49336540699005127, -0.7383663654327393, -0.45978879928588867), (0.493356853723526, -0.7383663058280945, -0.45979800820350647), (0.493356853723526, -0.7383663058280945, -0.45979800820350647), (0.493356853723526, -0.7383663058280945, -0.45979800820350647), (0.5555673837661743, -0.8314715027809143, 0), (0.5555673837661743, -0.8314715027809143, 0), (0.5555673837661743, -0.8314715027809143, 0), (0.5555673837661743, -0.8314715027809143, 0), (0.5555673837661743, -0.8314715027809143, 0), (0.5555673837661743, -0.8314715027809143, 0), (0.4933595359325409, -0.7383702993392944, 0.4597887396812439), (0.4933595359325409, -0.7383702993392944, 0.4597887396812439), (0.4933595359325409, -0.7383702993392944, 0.4597887396812439), (0.49336278438568115, -0.7383624315261841, 0.4597979187965393), (0.49336278438568115, -0.7383624315261841, 0.4597979187965393), (0.49336278438568115, -0.7383624315261841, 0.4597979187965393), (0.174756720662117, -0.26153936982154846, 0.9492403268814087), (0.174756720662117, -0.26153936982154846, 0.9492403268814087), (0.174756720662117, -0.26153936982154846, 0.9492403268814087), (0.1747567504644394, -0.26153886318206787, 0.949240505695343), (0.1747567504644394, -0.26153886318206787, 0.949240505695343), (0.1747567504644394, -0.26153886318206787, 0.949240505695343), (0.13912130892276764, -0.28211256861686707, -0.9492406249046326), (0.13912130892276764, -0.28211256861686707, -0.9492406249046326), (0.13912130892276764, -0.28211256861686707, -0.9492406249046326), (0.13912010192871094, -0.2821120023727417, -0.9492409825325012), (0.13912010192871094, -0.2821120023727417, -0.9492409825325012), (0.13912010192871094, -0.2821120023727417, -0.9492409825325012), (0.3927578330039978, -0.7964463829994202, -0.45979830622673035), (0.3927578330039978, -0.7964463829994202, -0.45979830622673035), (0.3927578330039978, -0.7964463829994202, -0.45979830622673035), (0.39277195930480957, -0.796448290348053, -0.4597829282283783), (0.39277195930480957, -0.796448290348053, -0.4597829282283783), (0.39277195930480957, -0.796448290348053, -0.4597829282283783), (0.4422951340675354, -0.8968695402145386, 0), (0.4422951340675354, -0.8968695402145386, 0), (0.4422951340675354, -0.8968695402145386, 0), (0.4422951340675354, -0.8968695402145386, 0), (0.4422951340675354, -0.8968695402145386, 0), (0.4422951340675354, -0.8968695402145386, 0), (0.39276832342147827, -0.7964409589767456, 0.4597987234592438), (0.39276832342147827, -0.7964409589767456, 0.4597987234592438), (0.39276832342147827, -0.7964409589767456, 0.4597987234592438), (0.3927612602710724, -0.7964532971382141, 0.45978331565856934), (0.3927612602710724, -0.7964532971382141, 0.45978331565856934), (0.3927612602710724, -0.7964532971382141, 0.45978331565856934), (0.13912077248096466, -0.28211337327957153, 0.9492404460906982), (0.13912077248096466, -0.28211337327957153, 0.9492404460906982), (0.13912077248096466, -0.28211337327957153, 0.9492404460906982), (0.13912105560302734, -0.2821120619773865, 0.9492408037185669), (0.13912105560302734, -0.2821120619773865, 0.9492408037185669), (0.13912105560302734, -0.2821120619773865, 0.9492408037185669), (0.10110940784215927, -0.2978564202785492, -0.9492409825325012), (0.10110940784215927, -0.2978564202785492, -0.9492409825325012), (0.10110940784215927, -0.2978564202785492, -0.9492409825325012), (0.10111004114151001, -0.2978568375110626, -0.9492408037185669), (0.10111004114151001, -0.2978568375110626, -0.9492408037185669), (0.10111004114151001, -0.2978568375110626, -0.9492408037185669), (0.2854515612125397, -0.8409026265144348, -0.45978277921676636), (0.2854515612125397, -0.8409026265144348, -0.45978277921676636), (0.2854515612125397, -0.8409026265144348, -0.45978277921676636), (0.2854408919811249, -0.8408997058868408, -0.4597947299480438), (0.2854408919811249, -0.8408997058868408, -0.4597947299480438), (0.2854408919811249, -0.8408997058868408, -0.4597947299480438), (0.32143330574035645, -0.9469321966171265, 0), (0.32143330574035645, -0.9469321966171265, 0), (0.32143330574035645, -0.9469321966171265, 0), (0.32143330574035645, -0.9469321966171265, 0), (0.32143330574035645, -0.9469321966171265, 0), (0.32143330574035645, -0.9469321966171265, 0), (0.28544291853904724, -0.8409056067466736, 0.4597826302051544), (0.28544291853904724, -0.8409056067466736, 0.4597826302051544), (0.28544291853904724, -0.8409056067466736, 0.4597826302051544), (0.2854495942592621, -0.8408967852592468, 0.4597946107387543), (0.2854495942592621, -0.8408967852592468, 0.4597946107387543), (0.2854495942592621, -0.8408967852592468, 0.4597946107387543), (0.10110998153686523, -0.2978566586971283, 0.9492408633232117), (0.10110998153686523, -0.2978566586971283, 0.9492408633232117), (0.10110998153686523, -0.2978566586971283, 0.9492408633232117), (0.10110972821712494, -0.2978573739528656, 0.9492406249046326), (0.10110972821712494, -0.2978573739528656, 0.9492406249046326), (0.10110972821712494, -0.2978573739528656, 0.9492406249046326), (0.06136423349380493, -0.3085067570209503, -0.9492407441139221), (0.06136423349380493, -0.3085067570209503, -0.9492407441139221), (0.06136423349380493, -0.3085067570209503, -0.9492407441139221), (0.061364926397800446, -0.30850735306739807, -0.949240505695343), (0.061364926397800446, -0.30850735306739807, -0.949240505695343), (0.061364926397800446, -0.30850735306739807, -0.949240505695343), (0.17324240505695343, -0.8709625601768494, -0.4597948491573334), (0.17324240505695343, -0.8709625601768494, -0.4597948491573334), (0.17324240505695343, -0.8709625601768494, -0.4597948491573334), (0.17324818670749664, -0.8709650039672852, -0.45978808403015137), (0.17324818670749664, -0.8709650039672852, -0.45978808403015137), (0.17324818670749664, -0.8709650039672852, -0.45978808403015137), (0.19509300589561462, -0.9807847738265991, 0), (0.19509300589561462, -0.9807847738265991, 0), (0.19509300589561462, -0.9807847738265991, 0), (0.19509300589561462, -0.9807847738265991, 0), (0.19509300589561462, -0.9807847738265991, 0), (0.19509300589561462, -0.9807847738265991, 0), (0.17324748635292053, -0.8709614276885986, 0.4597950875759125), (0.17324748635292053, -0.8709614276885986, 0.4597950875759125), (0.17324748635292053, -0.8709614276885986, 0.4597950875759125), (0.17324307560920715, -0.8709658980369568, 0.45978832244873047), (0.17324307560920715, -0.8709658980369568, 0.45978832244873047), (0.17324307560920715, -0.8709658980369568, 0.45978832244873047), (0.06136486679315567, -0.3085070252418518, 0.9492406249046326), (0.06136486679315567, -0.3085070252418518, 0.9492406249046326), (0.06136486679315567, -0.3085070252418518, 0.9492406249046326), (0.06136445328593254, -0.30850785970687866, 0.9492403864860535), (0.06136445328593254, -0.30850785970687866, 0.9492403864860535), (0.06136445328593254, -0.30850785970687866, 0.9492403864860535), (0.02057330310344696, -0.3138776123523712, -0.949240505695343), (0.02057330310344696, -0.3138776123523712, -0.949240505695343), (0.02057330310344696, -0.3138776123523712, -0.949240505695343), (0.02057228982448578, -0.31387650966644287, -0.9492409229278564), (0.02057228982448578, -0.31387650966644287, -0.9492409229278564), (0.02057228982448578, -0.31387650966644287, -0.9492409229278564), (0.05807911977171898, -0.8861274719238281, -0.45978793501853943), (0.05807911977171898, -0.8861274719238281, -0.45978793501853943), (0.05807911977171898, -0.8861274719238281, -0.45978793501853943), (0.05808018520474434, -0.8861280679702759, -0.459786593914032), (0.05808018520474434, -0.8861280679702759, -0.459786593914032), (0.05808018520474434, -0.8861280679702759, -0.459786593914032), (0.06540344655513763, -0.9978588819503784, 0), (0.06540344655513763, -0.9978588819503784, 0), (0.06540344655513763, -0.9978588819503784, 0), (0.06540344655513763, -0.9978588819503784, 0), (0.06540344655513763, -0.9978588819503784, 0), (0.06540344655513763, -0.9978588819503784, 0), (0.05808013305068016, -0.8861272931098938, 0.45978808403015137), (0.05808013305068016, -0.8861272931098938, 0.45978808403015137), (0.05808013305068016, -0.8861272931098938, 0.45978808403015137), (0.05807916074991226, -0.8861280679702759, 0.4597867429256439), (0.05807916074991226, -0.8861280679702759, 0.4597867429256439), (0.05807916074991226, -0.8861280679702759, 0.4597867429256439), (0.020572399720549583, -0.3138781785964966, 0.9492403864860535), (0.020572399720549583, -0.3138781785964966, 0.9492403864860535), (0.020572399720549583, -0.3138781785964966, 0.9492403864860535), (0.02057325653731823, -0.3138768970966339, 0.9492407441139221), (0.02057325653731823, -0.3138768970966339, 0.9492407441139221), (0.02057325653731823, -0.3138768970966339, 0.9492407441139221), (-0.020573191344738007, -0.3138764798641205, -0.9492409229278564), (-0.020573191344738007, -0.3138764798641205, -0.9492409229278564), (-0.020573191344738007, -0.3138764798641205, -0.9492409229278564), (-0.020572368055582047, -0.3138777017593384, -0.949240505695343), (-0.020572368055582047, -0.3138777017593384, -0.949240505695343), (-0.020572368055582047, -0.3138777017593384, -0.949240505695343), (-0.05807916447520256, -0.8861281275749207, -0.45978662371635437), (-0.05807916447520256, -0.8861281275749207, -0.45978662371635437), (-0.05807916447520256, -0.8861281275749207, -0.45978662371635437), (-0.05808002129197121, -0.8861274719238281, -0.4597878158092499), (-0.05808002129197121, -0.8861274719238281, -0.4597878158092499), (-0.05808002129197121, -0.8861274719238281, -0.4597878158092499), (-0.06540331244468689, -0.9978588819503784, 0), (-0.06540331244468689, -0.9978588819503784, 0), (-0.06540331244468689, -0.9978588819503784, 0), (-0.06540331244468689, -0.9978588819503784, -0), (-0.06540331244468689, -0.9978588819503784, -0), (-0.06540331244468689, -0.9978588819503784, -0), (-0.05808006227016449, -0.8861280083656311, 0.4597867429256439), (-0.05808006227016449, -0.8861280083656311, 0.4597867429256439), (-0.05808006227016449, -0.8861280083656311, 0.4597867429256439), (-0.05807911977171898, -0.8861274719238281, 0.45978790521621704), (-0.05807911977171898, -0.8861274719238281, 0.45978790521621704), (-0.05807911977171898, -0.8861274719238281, 0.45978790521621704), (-0.020572317764163017, -0.3138769268989563, 0.9492408037185669), (-0.020572317764163017, -0.3138769268989563, 0.9492408037185669), (-0.020572317764163017, -0.3138769268989563, 0.9492408037185669), (-0.020573290064930916, -0.31387799978256226, 0.9492403864860535), (-0.020573290064930916, -0.31387799978256226, 0.9492403864860535), (-0.020573290064930916, -0.31387799978256226, 0.9492403864860535), (-0.06136444956064224, -0.3085072636604309, -0.9492405652999878), (-0.06136444956064224, -0.3085072636604309, -0.9492405652999878), (-0.06136444956064224, -0.3085072636604309, -0.9492405652999878), (-0.06136469170451164, -0.3085067868232727, -0.9492407441139221), (-0.06136469170451164, -0.3085067868232727, -0.9492407441139221), (-0.06136469170451164, -0.3085067868232727, -0.9492407441139221), (-0.17324277758598328, -0.8709661960601807, -0.4597877562046051), (-0.17324277758598328, -0.8709661960601807, -0.4597877562046051), (-0.17324277758598328, -0.8709661960601807, -0.4597877562046051), (-0.1732477843761444, -0.8709611892700195, -0.45979541540145874), (-0.1732477843761444, -0.8709611892700195, -0.45979541540145874), (-0.1732477843761444, -0.8709611892700195, -0.45979541540145874), (-0.19509340822696686, -0.9807846546173096, 0), (-0.19509340822696686, -0.9807846546173096, 0), (-0.19509340822696686, -0.9807846546173096, 0), (-0.19509340822696686, -0.9807846546173096, -0), (-0.19509340822696686, -0.9807846546173096, -0), (-0.19509340822696686, -0.9807846546173096, -0), (-0.17324857413768768, -0.8709650635719299, 0.4597877264022827), (-0.17324857413768768, -0.8709650635719299, 0.4597877264022827), (-0.17324857413768768, -0.8709650635719299, 0.4597877264022827), (-0.1732420027256012, -0.8709623217582703, 0.45979538559913635), (-0.1732420027256012, -0.8709623217582703, 0.45979538559913635), (-0.1732420027256012, -0.8709623217582703, 0.45979538559913635), (-0.06136485934257507, -0.30850762128829956, 0.9492404460906982), (-0.06136485934257507, -0.30850762128829956, 0.9492404460906982), (-0.06136485934257507, -0.30850762128829956, 0.9492404460906982), (-0.06136445701122284, -0.3085072934627533, 0.9492405652999878), (-0.06136445701122284, -0.3085072934627533, 0.9492405652999878), (-0.06136445701122284, -0.3085072934627533, 0.9492405652999878), (-0.10110948979854584, -0.29785722494125366, -0.9492407441139221), (-0.10110948979854584, -0.29785722494125366, -0.9492407441139221), (-0.10110948979854584, -0.29785722494125366, -0.9492407441139221), (-0.10110995173454285, -0.2978559136390686, -0.9492411017417908), (-0.10110995173454285, -0.2978559136390686, -0.9492411017417908), (-0.10110995173454285, -0.2978559136390686, -0.9492411017417908), (-0.2854500412940979, -0.8408963084220886, -0.459795206785202), (-0.2854500412940979, -0.8408963084220886, -0.459795206785202), (-0.2854500412940979, -0.8408963084220886, -0.459795206785202), (-0.28544294834136963, -0.8409056663513184, -0.45978251099586487), (-0.28544294834136963, -0.8409056663513184, -0.45978251099586487), (-0.28544294834136963, -0.8409056663513184, -0.45978251099586487), (-0.32143330574035645, -0.9469321966171265, 0), (-0.32143330574035645, -0.9469321966171265, 0), (-0.32143330574035645, -0.9469321966171265, 0), (-0.32143330574035645, -0.9469321966171265, -0), (-0.32143330574035645, -0.9469321966171265, -0), (-0.32143330574035645, -0.9469321966171265, -0), (-0.28544074296951294, -0.8408992886543274, 0.45979562401771545), (-0.28544074296951294, -0.8408992886543274, 0.45979562401771545), (-0.28544074296951294, -0.8408992886543274, 0.45979562401771545), (-0.28545209765434265, -0.8409023880958557, 0.4597828686237335), (-0.28545209765434265, -0.8409023880958557, 0.4597828686237335), (-0.28545209765434265, -0.8409023880958557, 0.4597828686237335), (-0.10111046582460403, -0.2978574335575104, 0.9492405652999878), (-0.10111046582460403, -0.2978574335575104, 0.9492405652999878), (-0.10111046582460403, -0.2978574335575104, 0.9492405652999878), (-0.10110928863286972, -0.2978566586971283, 0.9492409229278564), (-0.10110928863286972, -0.2978566586971283, 0.9492409229278564), (-0.10110928863286972, -0.2978566586971283, 0.9492409229278564), (-0.139120951294899, -0.2821112871170044, -0.949241042137146), (-0.139120951294899, -0.2821112871170044, -0.949241042137146), (-0.139120951294899, -0.2821112871170044, -0.949241042137146), (-0.13912048935890198, -0.2821134030818939, -0.949240505695343), (-0.13912048935890198, -0.2821134030818939, -0.949240505695343), (-0.13912048935890198, -0.2821134030818939, -0.949240505695343), (-0.39276057481765747, -0.7964536547660828, -0.45978325605392456), (-0.39276057481765747, -0.7964536547660828, -0.45978325605392456), (-0.39276057481765747, -0.7964536547660828, -0.45978325605392456), (-0.39276763796806335, -0.796441376209259, -0.45979857444763184), (-0.39276763796806335, -0.796441376209259, -0.45979857444763184), (-0.39276763796806335, -0.796441376209259, -0.45979857444763184), (-0.44229432940483093, -0.896869957447052, 0), (-0.44229432940483093, -0.896869957447052, 0), (-0.44229432940483093, -0.896869957447052, 0), (-0.44229432940483093, -0.896869957447052, -0), (-0.44229432940483093, -0.896869957447052, -0), (-0.44229432940483093, -0.896869957447052, -0), (-0.3927711844444275, -0.7964485883712769, 0.45978304743766785), (-0.3927711844444275, -0.7964485883712769, 0.45978304743766785), (-0.3927711844444275, -0.7964485883712769, 0.45978304743766785), (-0.3927571177482605, -0.796446681022644, 0.4597983956336975), (-0.3927571177482605, -0.796446681022644, 0.4597983956336975), (-0.3927571177482605, -0.796446681022644, 0.4597983956336975), (-0.13911989331245422, -0.282112181186676, 0.9492409229278564), (-0.13911989331245422, -0.282112181186676, 0.9492409229278564), (-0.13911989331245422, -0.282112181186676, 0.9492409229278564), (-0.139121875166893, -0.28211313486099243, 0.9492403864860535), (-0.139121875166893, -0.28211313486099243, 0.9492403864860535), (-0.139121875166893, -0.28211313486099243, 0.9492403864860535), (-0.1747564822435379, -0.2615390121936798, -0.949240505695343), (-0.1747564822435379, -0.2615390121936798, -0.949240505695343), (-0.1747564822435379, -0.2615390121936798, -0.949240505695343), (-0.1747564822435379, -0.2615390121936798, -0.949240505695343), (-0.1747564822435379, -0.2615390121936798, -0.949240505695343), (-0.1747564822435379, -0.2615390121936798, -0.949240505695343), (-0.49336281418800354, -0.7383624911308289, -0.45979779958724976), (-0.49336281418800354, -0.7383624911308289, -0.45979779958724976), (-0.49336281418800354, -0.7383624911308289, -0.45979779958724976), (-0.4933595657348633, -0.7383703589439392, -0.45978862047195435), (-0.4933595657348633, -0.7383703589439392, -0.45978862047195435), (-0.4933595657348633, -0.7383703589439392, -0.45978862047195435), (-0.5555673837661743, -0.8314715027809143, 0), (-0.5555673837661743, -0.8314715027809143, 0), (-0.5555673837661743, -0.8314715027809143, 0), (-0.5555673837661743, -0.8314715027809143, -0), (-0.5555673837661743, -0.8314715027809143, -0), (-0.5555673837661743, -0.8314715027809143, -0), (-0.493356853723526, -0.7383662462234497, 0.459798127412796), (-0.493356853723526, -0.7383662462234497, 0.459798127412796), (-0.493356853723526, -0.7383662462234497, 0.459798127412796), (-0.4933653771877289, -0.7383663058280945, 0.4597889184951782), (-0.4933653771877289, -0.7383663058280945, 0.4597889184951782), (-0.4933653771877289, -0.7383663058280945, 0.4597889184951782), (-0.174756720662117, -0.26153936982154846, 0.9492403268814087), (-0.174756720662117, -0.26153936982154846, 0.9492403268814087), (-0.174756720662117, -0.26153936982154846, 0.9492403268814087), (-0.1747567057609558, -0.26153936982154846, 0.9492403268814087), (-0.1747567057609558, -0.26153936982154846, 0.9492403268814087), (-0.1747567057609558, -0.26153936982154846, 0.9492403268814087), (-0.20739802718162537, -0.23649215698242188, -0.949240505695343), (-0.20739802718162537, -0.23649215698242188, -0.949240505695343), (-0.20739802718162537, -0.23649215698242188, -0.949240505695343), (-0.20739811658859253, -0.23649361729621887, -0.9492400884628296), (-0.20739811658859253, -0.23649361729621887, -0.9492400884628296), (-0.20739811658859253, -0.23649361729621887, -0.9492400884628296), (-0.5855157971382141, -0.667656660079956, -0.45978888869285583), (-0.5855157971382141, -0.667656660079956, -0.45978888869285583), (-0.5855157971382141, -0.667656660079956, -0.45978888869285583), (-0.5855161547660828, -0.6676551103591919, -0.4597906470298767), (-0.5855161547660828, -0.6676551103591919, -0.4597906470298767), (-0.5855161547660828, -0.6676551103591919, -0.4597906470298767), (-0.6593447923660278, -0.7518407106399536, 0), (-0.6593447923660278, -0.7518407106399536, 0), (-0.6593447923660278, -0.7518407106399536, 0), (-0.6593447923660278, -0.7518407106399536, -0), (-0.6593447923660278, -0.7518407106399536, -0), (-0.6593447923660278, -0.7518407106399536, -0), (-0.5855167508125305, -0.6676557660102844, 0.4597890079021454), (-0.5855167508125305, -0.6676557660102844, 0.4597890079021454), (-0.5855167508125305, -0.6676557660102844, 0.4597890079021454), (-0.5855151414871216, -0.6676560044288635, 0.4597907066345215), (-0.5855151414871216, -0.6676560044288635, 0.4597907066345215), (-0.5855151414871216, -0.6676560044288635, 0.4597907066345215), (-0.20739759504795074, -0.2364930361509323, 0.9492403864860535), (-0.20739759504795074, -0.2364930361509323, 0.9492403864860535), (-0.20739759504795074, -0.2364930361509323, 0.9492403864860535), (-0.20739904046058655, -0.2364933043718338, 0.94923996925354), (-0.20739904046058655, -0.2364933043718338, 0.94923996925354), (-0.20739904046058655, -0.2364933043718338, 0.94923996925354), (-0.2364923357963562, -0.20739920437335968, -0.9492402076721191), (-0.2364923357963562, -0.20739920437335968, -0.9492402076721191), (-0.2364923357963562, -0.20739920437335968, -0.9492402076721191), (-0.2364921122789383, -0.2073979675769806, -0.949240505695343), (-0.2364921122789383, -0.2073979675769806, -0.949240505695343), (-0.2364921122789383, -0.2073979675769806, -0.949240505695343), (-0.667654275894165, -0.5855169892311096, -0.4597908854484558), (-0.667654275894165, -0.5855169892311096, -0.4597908854484558), (-0.667654275894165, -0.5855169892311096, -0.4597908854484558), (-0.6676545739173889, -0.5855143070220947, -0.4597937762737274), (-0.6676545739173889, -0.5855143070220947, -0.4597937762737274), (-0.6676545739173889, -0.5855143070220947, -0.4597937762737274), (-0.7518414855003357, -0.6593438982963562, 0), (-0.7518414855003357, -0.6593438982963562, 0), (-0.7518414855003357, -0.6593438982963562, 0), (-0.7518414855003357, -0.6593438982963562, -0), (-0.7518414855003357, -0.6593438982963562, -0), (-0.7518414855003357, -0.6593438982963562, -0), (-0.6676557064056396, -0.5855152606964111, 0.4597909450531006), (-0.6676557064056396, -0.5855152606964111, 0.4597909450531006), (-0.6676557064056396, -0.5855152606964111, 0.4597909450531006), (-0.6676531434059143, -0.5855159759521484, 0.4597938358783722), (-0.6676531434059143, -0.5855159759521484, 0.4597938358783722), (-0.6676531434059143, -0.5855159759521484, 0.4597938358783722), (-0.23649320006370544, -0.207398921251297, 0.9492400288581848), (-0.23649320006370544, -0.207398921251297, 0.9492400288581848), (-0.23649320006370544, -0.207398921251297, 0.9492400288581848), (-0.23649194836616516, -0.20739886164665222, 0.9492403864860535), (-0.23649194836616516, -0.20739886164665222, 0.9492403864860535), (-0.23649194836616516, -0.20739886164665222, 0.9492403864860535), (-0.26153987646102905, -0.17475494742393494, -0.9492405652999878), (-0.26153987646102905, -0.17475494742393494, -0.9492405652999878), (-0.26153987646102905, -0.17475494742393494, -0.9492405652999878), (-0.26154008507728577, -0.1747555136680603, -0.9492403864860535), (-0.26154008507728577, -0.1747555136680603, -0.9492403864860535), (-0.26154008507728577, -0.1747555136680603, -0.9492403864860535), (-0.7383666038513184, -0.49336084723472595, -0.4597932696342468), (-0.7383666038513184, -0.49336084723472595, -0.4597932696342468), (-0.7383666038513184, -0.49336084723472595, -0.4597932696342468), (-0.7383666038513184, -0.49336329102516174, -0.4597906470298767), (-0.7383666038513184, -0.49336329102516174, -0.4597906470298767), (-0.7383666038513184, -0.49336329102516174, -0.4597906470298767), (-0.8314683437347412, -0.5555721521377563, 0), (-0.8314683437347412, -0.5555721521377563, 0), (-0.8314683437347412, -0.5555721521377563, 0), (-0.8314683437347412, -0.5555721521377563, -0), (-0.8314683437347412, -0.5555721521377563, -0), (-0.8314683437347412, -0.5555721521377563, -0), (-0.7383654117584229, -0.4933624565601349, 0.45979344844818115), (-0.7383654117584229, -0.4933624565601349, 0.45979344844818115), (-0.7383654117584229, -0.4933624565601349, 0.45979344844818115), (-0.7383676171302795, -0.49336156249046326, 0.45979079604148865), (-0.7383676171302795, -0.49336156249046326, 0.45979079604148865), (-0.7383676171302795, -0.49336156249046326, 0.45979079604148865), (-0.2615400552749634, -0.17475548386573792, 0.9492403864860535), (-0.2615400552749634, -0.17475548386573792, 0.9492403864860535), (-0.2615400552749634, -0.17475548386573792, 0.9492403864860535), (-0.26154062151908875, -0.17475543916225433, 0.9492402672767639), (-0.26154062151908875, -0.17475543916225433, 0.9492402672767639), (-0.26154062151908875, -0.17475543916225433, 0.9492402672767639), (-0.2821124196052551, -0.13912294805049896, -0.9492404460906982), (-0.2821124196052551, -0.13912294805049896, -0.9492404460906982), (-0.2821124196052551, -0.13912294805049896, -0.9492404460906982), (-0.2821117341518402, -0.13912156224250793, -0.9492408037185669), (-0.2821117341518402, -0.13912156224250793, -0.9492408037185669), (-0.2821117341518402, -0.13912156224250793, -0.9492408037185669), (-0.7964479923248291, -0.3927631080150604, -0.45979100465774536), (-0.7964479923248291, -0.3927631080150604, -0.45979100465774536), (-0.7964479923248291, -0.3927631080150604, -0.45979100465774536), (-0.7964480519294739, -0.39276355504989624, -0.45979052782058716), (-0.7964480519294739, -0.39276355504989624, -0.45979052782058716), (-0.7964480519294739, -0.39276355504989624, -0.45979052782058716), (-0.8968732357025146, -0.4422876536846161, 0), (-0.8968732357025146, -0.4422876536846161, 0), (-0.8968732357025146, -0.4422876536846161, 0), (-0.8968732357025146, -0.4422876536846161, -0), (-0.8968732357025146, -0.4422876536846161, -0), (-0.8968732357025146, -0.4422876536846161, -0), (-0.79644775390625, -0.3927634060382843, 0.4597911238670349), (-0.79644775390625, -0.3927634060382843, 0.4597911238670349), (-0.79644775390625, -0.3927634060382843, 0.4597911238670349), (-0.7964481711387634, -0.3927631974220276, 0.4597906172275543), (-0.7964481711387634, -0.3927631974220276, 0.4597906172275543), (-0.7964481711387634, -0.3927631974220276, 0.4597906172275543), (-0.28211328387260437, -0.13912230730056763, 0.9492402672767639), (-0.28211328387260437, -0.13912230730056763, 0.9492402672767639), (-0.28211328387260437, -0.13912230730056763, 0.9492402672767639), (-0.2821117639541626, -0.1391226202249527, 0.9492406845092773), (-0.2821117639541626, -0.1391226202249527, 0.9492406845092773), (-0.2821117639541626, -0.1391226202249527, 0.9492406845092773), (-0.29785704612731934, -0.10110905021429062, -0.9492408037185669), (-0.29785704612731934, -0.10110905021429062, -0.9492408037185669), (-0.29785704612731934, -0.10110905021429062, -0.9492408037185669), (-0.29785671830177307, -0.10110853612422943, -0.9492409825325012), (-0.29785671830177307, -0.10110853612422943, -0.9492409825325012), (-0.29785671830177307, -0.10110853612422943, -0.9492409825325012), (-0.8409002423286438, -0.2854466140270233, -0.4597901403903961), (-0.8409002423286438, -0.2854466140270233, -0.4597901403903961), (-0.8409002423286438, -0.2854466140270233, -0.4597901403903961), (-0.8409004211425781, -0.2854473292827606, -0.45978936553001404), (-0.8409004211425781, -0.2854473292827606, -0.45978936553001404), (-0.8409004211425781, -0.2854473292827606, -0.45978936553001404), (-0.9469301104545593, -0.32143956422805786, 0), (-0.9469301104545593, -0.32143956422805786, 0), (-0.9469301104545593, -0.32143956422805786, 0), (-0.9469301104545593, -0.32143956422805786, -0), (-0.9469301104545593, -0.32143956422805786, -0), (-0.9469301104545593, -0.32143956422805786, -0), (-0.8409000039100647, -0.2854471802711487, 0.4597902297973633), (-0.8409000039100647, -0.2854471802711487, 0.4597902297973633), (-0.8409000039100647, -0.2854471802711487, 0.4597902297973633), (-0.8409005999565125, -0.28544673323631287, 0.4597894847393036), (-0.8409005999565125, -0.28544673323631287, 0.4597894847393036), (-0.8409005999565125, -0.28544673323631287, 0.4597894847393036), (-0.2978576123714447, -0.1011088415980339, 0.9492406845092773), (-0.2978576123714447, -0.1011088415980339, 0.9492406845092773), (-0.2978576123714447, -0.1011088415980339, 0.9492406845092773), (-0.29785704612731934, -0.10110905021429062, 0.9492408037185669), (-0.29785704612731934, -0.10110905021429062, 0.9492408037185669), (-0.29785704612731934, -0.10110905021429062, 0.9492408037185669), (-0.30850616097450256, -0.061365265399217606, -0.9492408633232117), (-0.30850616097450256, -0.061365265399217606, -0.9492408633232117), (-0.30850616097450256, -0.061365265399217606, -0.9492408633232117), (-0.30850672721862793, -0.06136593967676163, -0.9492406249046326), (-0.30850672721862793, -0.06136593967676163, -0.9492406249046326), (-0.30850672721862793, -0.06136593967676163, -0.9492406249046326), (-0.8709644675254822, -0.17324599623680115, -0.45978984236717224), (-0.8709644675254822, -0.17324599623680115, -0.45978984236717224), (-0.8709644675254822, -0.17324599623680115, -0.45978984236717224), (-0.8709639310836792, -0.1732446402311325, -0.4597913920879364), (-0.8709639310836792, -0.1732446402311325, -0.4597913920879364), (-0.8709639310836792, -0.1732446402311325, -0.4597913920879364), (-0.9807854890823364, -0.1950893998146057, 0), (-0.9807854890823364, -0.1950893998146057, 0), (-0.9807854890823364, -0.1950893998146057, 0), (-0.9807854890823364, -0.1950893998146057, -0), (-0.9807854890823364, -0.1950893998146057, -0), (-0.9807854890823364, -0.1950893998146057, -0), (-0.8709647059440613, -0.17324478924274445, 0.459789901971817), (-0.8709647059440613, -0.17324478924274445, 0.459789901971817), (-0.8709647059440613, -0.17324478924274445, 0.459789901971817), (-0.8709636330604553, -0.17324580252170563, 0.4597914516925812), (-0.8709636330604553, -0.17324580252170563, 0.4597914516925812), (-0.8709636330604553, -0.17324580252170563, 0.4597914516925812), (-0.30850642919540405, -0.06136588379740715, 0.9492407441139221), (-0.30850642919540405, -0.06136588379740715, 0.9492407441139221), (-0.30850642919540405, -0.06136588379740715, 0.9492407441139221), (-0.3085072338581085, -0.06136547774076462, 0.949240505695343), (-0.3085072338581085, -0.06136547774076462, 0.949240505695343), (-0.3085072338581085, -0.06136547774076462, 0.949240505695343), (-0.31387755274772644, -0.02057265117764473, -0.9492405652999878), (-0.31387755274772644, -0.02057265117764473, -0.9492405652999878), (-0.31387755274772644, -0.02057265117764473, -0.9492405652999878), (-0.31387725472450256, -0.020572379231452942, -0.9492406845092773), (-0.31387725472450256, -0.020572379231452942, -0.9492406845092773), (-0.31387725472450256, -0.020572379231452942, -0.9492406845092773), (-0.8861252069473267, -0.05807909369468689, -0.45979222655296326), (-0.8861252069473267, -0.05807909369468689, -0.45979222655296326), (-0.8861252069473267, -0.05807909369468689, -0.45979222655296326), (-0.8861256241798401, -0.058079782873392105, -0.459791362285614), (-0.8861256241798401, -0.058079782873392105, -0.459791362285614), (-0.8861256241798401, -0.058079782873392105, -0.459791362285614), (-0.9978589415550232, -0.06540317833423615, 0), (-0.9978589415550232, -0.06540317833423615, 0), (-0.9978589415550232, -0.06540317833423615, 0), (-0.9978589415550232, -0.06540317833423615, -0), (-0.9978589415550232, -0.06540317833423615, -0), (-0.9978589415550232, -0.06540317833423615, -0), (-0.8861251473426819, -0.05807974934577942, 0.4597923457622528), (-0.8861251473426819, -0.05807974934577942, 0.4597923457622528), (-0.8861251473426819, -0.05807974934577942, 0.4597923457622528), (-0.8861256241798401, -0.05807911604642868, 0.4597914516925812), (-0.8861256241798401, -0.05807911604642868, 0.4597914516925812), (-0.8861256241798401, -0.05807911604642868, 0.4597914516925812), (-0.31387799978256226, -0.02057242952287197, 0.9492404460906982), (-0.31387799978256226, -0.02057242952287197, 0.9492404460906982), (-0.31387799978256226, -0.02057242952287197, 0.9492404460906982), (-0.313877671957016, -0.020572658628225327, 0.949240505695343), (-0.313877671957016, -0.020572658628225327, 0.949240505695343), (-0.313877671957016, -0.020572658628225327, 0.949240505695343), (-0.3138764798641205, 0.0205732099711895, -0.9492409229278564), (-0.3138764798641205, 0.0205732099711895, -0.9492409229278564), (-0.3138764798641205, 0.0205732099711895, -0.9492409229278564), (-0.31387773156166077, 0.020572369918227196, -0.949240505695343), (-0.31387773156166077, 0.020572369918227196, -0.949240505695343), (-0.31387773156166077, 0.020572369918227196, -0.949240505695343), (-0.8861281275749207, 0.05807916447520256, -0.45978662371635437), (-0.8861281275749207, 0.05807916447520256, -0.45978662371635437), (-0.8861281275749207, 0.05807916447520256, -0.45978662371635437), (-0.8861274123191833, 0.05808008089661598, -0.45978790521621704), (-0.8861274123191833, 0.05808008089661598, -0.45978790521621704), (-0.8861274123191833, 0.05808008089661598, -0.45978790521621704), (-0.9978588819503784, 0.06540337949991226, 0), (-0.9978588819503784, 0.06540337949991226, 0), (-0.9978588819503784, 0.06540337949991226, 0), (-0.9978588819503784, 0.06540337949991226, 0), (-0.9978588819503784, 0.06540337949991226, 0), (-0.9978588819503784, 0.06540337949991226, 0), (-0.8861280083656311, 0.058080121874809265, 0.4597867429256439), (-0.8861280083656311, 0.058080121874809265, 0.4597867429256439), (-0.8861280083656311, 0.058080121874809265, 0.4597867429256439), (-0.8861274123191833, 0.05807911604642868, 0.4597879946231842), (-0.8861274123191833, 0.05807911604642868, 0.4597879946231842), (-0.8861274123191833, 0.05807911604642868, 0.4597879946231842), (-0.3138769268989563, 0.020572317764163017, 0.9492408037185669), (-0.3138769268989563, 0.020572317764163017, 0.9492408037185669), (-0.3138769268989563, 0.020572317764163017, 0.9492408037185669), (-0.31387802958488464, 0.020573310554027557, 0.9492403864860535), (-0.31387802958488464, 0.020573310554027557, 0.9492403864860535), (-0.31387802958488464, 0.020573310554027557, 0.9492403864860535), (-0.3085070252418518, 0.06136666610836983, -0.949240505695343), (-0.3085070252418518, 0.06136666610836983, -0.949240505695343), (-0.3085070252418518, 0.06136666610836983, -0.949240505695343), (-0.3085096776485443, 0.06136532500386238, -0.9492397308349609), (-0.3085096776485443, 0.06136532500386238, -0.9492397308349609), (-0.3085096776485443, 0.06136532500386238, -0.9492397308349609), (-0.8709660768508911, 0.17324292659759521, -0.4597879946231842), (-0.8709660768508911, 0.17324292659759521, -0.4597879946231842), (-0.8709660768508911, 0.17324292659759521, -0.4597879946231842), (-0.8709613084793091, 0.17324763536453247, -0.459795206785202), (-0.8709613084793091, 0.17324763536453247, -0.459795206785202), (-0.8709613084793091, 0.17324763536453247, -0.459795206785202), (-0.9807847142219543, 0.19509321451187134, 0), (-0.9807847142219543, 0.19509321451187134, 0), (-0.9807847142219543, 0.19509321451187134, 0), (-0.9807847142219543, 0.19509321451187134, 0), (-0.9807847142219543, 0.19509321451187134, 0), (-0.9807847142219543, 0.19509321451187134, 0), (-0.8709650039672852, 0.17324838042259216, 0.4597879648208618), (-0.8709650039672852, 0.17324838042259216, 0.4597879648208618), (-0.8709650039672852, 0.17324838042259216, 0.4597879648208618), (-0.870962381362915, 0.1732422113418579, 0.459795206785202), (-0.870962381362915, 0.1732422113418579, 0.459795206785202), (-0.870962381362915, 0.1732422113418579, 0.459795206785202), (-0.30850768089294434, 0.06136493384838104, 0.9492403864860535), (-0.30850768089294434, 0.06136493384838104, 0.9492403864860535), (-0.30850768089294434, 0.06136493384838104, 0.9492403864860535), (-0.30850961804389954, 0.061367183923721313, 0.9492396116256714), (-0.30850961804389954, 0.061367183923721313, 0.9492396116256714), (-0.30850961804389954, 0.061367183923721313, 0.9492396116256714), (-0.2978604733943939, 0.10110829770565033, -0.9492398500442505), (-0.2978604733943939, 0.10110829770565033, -0.9492398500442505), (-0.2978604733943939, 0.10110829770565033, -0.9492398500442505), (-0.29785600304603577, 0.10110987722873688, -0.949241042137146), (-0.29785600304603577, 0.10110987722873688, -0.949241042137146), (-0.29785600304603577, 0.10110987722873688, -0.949241042137146), (-0.8408966064453125, 0.2854498326778412, -0.459794819355011), (-0.8408966064453125, 0.2854498326778412, -0.459794819355011), (-0.8408966064453125, 0.2854498326778412, -0.459794819355011), (-0.840898871421814, 0.2854480743408203, -0.45979174971580505), (-0.840898871421814, 0.2854480743408203, -0.45979174971580505), (-0.840898871421814, 0.2854480743408203, -0.45979174971580505), (-0.9469296336174011, 0.3214408755302429, 0), (-0.9469296336174011, 0.3214408755302429, 0), (-0.9469296336174011, 0.3214408755302429, 0), (-0.9469296336174011, 0.3214408755302429, 0), (-0.9469296336174011, 0.3214408755302429, 0), (-0.9469296336174011, 0.3214408755302429, 0), (-0.840897262096405, 0.2854475677013397, 0.4597950577735901), (-0.840897262096405, 0.2854475677013397, 0.4597950577735901), (-0.840897262096405, 0.2854475677013397, 0.4597950577735901), (-0.8408980369567871, 0.2854503095149994, 0.4597919285297394), (-0.8408980369567871, 0.2854503095149994, 0.4597919285297394), (-0.8408980369567871, 0.2854503095149994, 0.4597919285297394), (-0.29786011576652527, 0.1011112779378891, 0.9492396116256714), (-0.29786011576652527, 0.1011112779378891, 0.9492396116256714), (-0.29786011576652527, 0.1011112779378891, 0.9492396116256714), (-0.29785752296447754, 0.10110729932785034, 0.9492408633232117), (-0.29785752296447754, 0.10110729932785034, 0.9492408633232117), (-0.29785752296447754, 0.10110729932785034, 0.9492408633232117), (-0.2821106016635895, 0.1391228288412094, -0.9492409825325012), (-0.2821106016635895, 0.1391228288412094, -0.9492409825325012), (-0.2821106016635895, 0.1391228288412094, -0.9492409825325012), (-0.28211209177970886, 0.13912251591682434, -0.9492405652999878), (-0.28211209177970886, 0.13912251591682434, -0.9492405652999878), (-0.28211209177970886, 0.13912251591682434, -0.9492405652999878), (-0.7964468002319336, 0.39276474714279175, -0.4597916603088379), (-0.7964468002319336, 0.39276474714279175, -0.4597916603088379), (-0.7964468002319336, 0.39276474714279175, -0.4597916603088379), (-0.796448290348053, 0.3927638530731201, -0.45978978276252747), (-0.796448290348053, 0.3927638530731201, -0.45978978276252747), (-0.796448290348053, 0.3927638530731201, -0.45978978276252747), (-0.8968731760978699, 0.4422878324985504, 0), (-0.8968731760978699, 0.4422878324985504, 0), (-0.8968731760978699, 0.4422878324985504, 0), (-0.8968731760978699, 0.4422878324985504, 0), (-0.8968731760978699, 0.4422878324985504, 0), (-0.8968731760978699, 0.4422878324985504, 0), (-0.7964473366737366, 0.3927634060382843, 0.45979180932044983), (-0.7964473366737366, 0.3927634060382843, 0.45979180932044983), (-0.7964473366737366, 0.3927634060382843, 0.45979180932044983), (-0.7964475750923157, 0.3927651345729828, 0.4597899615764618), (-0.7964475750923157, 0.3927651345729828, 0.4597899615764618), (-0.7964475750923157, 0.3927651345729828, 0.4597899615764618), (-0.2821113169193268, 0.1391221284866333, 0.9492408633232117), (-0.2821113169193268, 0.1391221284866333, 0.9492408633232117), (-0.2821113169193268, 0.1391221284866333, 0.9492408633232117), (-0.2821120023727417, 0.13912352919578552, 0.9492404460906982), (-0.2821120023727417, 0.13912352919578552, 0.9492404460906982), (-0.2821120023727417, 0.13912352919578552, 0.9492404460906982), (-0.2615397274494171, 0.1747548133134842, -0.9492406249046326), (-0.2615397274494171, 0.1747548133134842, -0.9492406249046326), (-0.2615397274494171, 0.1747548133134842, -0.9492406249046326), (-0.26154032349586487, 0.1747547835111618, -0.9492404460906982), (-0.26154032349586487, 0.1747547835111618, -0.9492404460906982), (-0.26154032349586487, 0.1747547835111618, -0.9492404460906982), (-0.7383691668510437, 0.4933600425720215, -0.4597899615764618), (-0.7383691668510437, 0.4933600425720215, -0.4597899615764618), (-0.7383691668510437, 0.4933600425720215, -0.4597899615764618), (-0.7383700609207153, 0.49335968494415283, -0.4597889482975006), (-0.7383700609207153, 0.49335968494415283, -0.4597889482975006), (-0.7383700609207153, 0.49335968494415283, -0.4597889482975006), (-0.8314713835716248, 0.5555676221847534, 0), (-0.8314713835716248, 0.5555676221847534, 0), (-0.8314713835716248, 0.5555676221847534, 0), (-0.8314713835716248, 0.5555676221847534, 0), (-0.8314713835716248, 0.5555676221847534, 0), (-0.8314713835716248, 0.5555676221847534, 0), (-0.7383695244789124, 0.49335935711860657, 0.45979011058807373), (-0.7383695244789124, 0.49335935711860657, 0.45979011058807373), (-0.7383695244789124, 0.49335935711860657, 0.45979011058807373), (-0.7383695840835571, 0.4933602809906006, 0.45978906750679016), (-0.7383695840835571, 0.4933602809906006, 0.45978906750679016), (-0.7383695840835571, 0.4933602809906006, 0.45978906750679016), (-0.2615402936935425, 0.17475475370883942, 0.9492404460906982), (-0.2615402936935425, 0.17475475370883942, 0.9492404460906982), (-0.2615402936935425, 0.17475475370883942, 0.9492404460906982), (-0.2615404725074768, 0.1747553050518036, 0.9492403268814087), (-0.2615404725074768, 0.1747553050518036, 0.9492403268814087), (-0.2615404725074768, 0.1747553050518036, 0.9492403268814087), (-0.23649223148822784, 0.2073979675769806, -0.949240505695343), (-0.23649223148822784, 0.2073979675769806, -0.949240505695343), (-0.23649223148822784, 0.2073979675769806, -0.949240505695343), (-0.23649029433727264, 0.20739784836769104, -0.9492409825325012), (-0.23649029433727264, 0.20739784836769104, -0.9492409825325012), (-0.23649029433727264, 0.20739784836769104, -0.9492409825325012), (-0.6676529049873352, 0.5855199098587036, -0.45978912711143494), (-0.6676529049873352, 0.5855199098587036, -0.45978912711143494), (-0.6676529049873352, 0.5855199098587036, -0.45978912711143494), (-0.6676520109176636, 0.5855201482772827, -0.45979011058807373), (-0.6676520109176636, 0.5855201482772827, -0.45979011058807373), (-0.6676520109176636, 0.5855201482772827, -0.45979011058807373), (-0.7518370151519775, 0.6593490242958069, 0), (-0.7518370151519775, 0.6593490242958069, 0), (-0.7518370151519775, 0.6593490242958069, 0), (-0.7518370151519775, 0.6593490242958069, 0), (-0.7518370151519775, 0.6593490242958069, 0), (-0.7518370151519775, 0.6593490242958069, 0), (-0.6676523685455322, 0.5855204463005066, 0.4597892761230469), (-0.6676523685455322, 0.5855204463005066, 0.4597892761230469), (-0.6676523685455322, 0.5855204463005066, 0.4597892761230469), (-0.6676524877548218, 0.585519552230835, 0.4597901999950409), (-0.6676524877548218, 0.585519552230835, 0.4597901999950409), (-0.6676524877548218, 0.585519552230835, 0.4597901999950409), (-0.23649181425571442, 0.2073991894721985, 0.9492403268814087), (-0.23649181425571442, 0.2073991894721985, 0.9492403268814087), (-0.23649181425571442, 0.2073991894721985, 0.9492403268814087), (-0.23649145662784576, 0.20739729702472687, 0.9492408037185669), (-0.23649145662784576, 0.20739729702472687, 0.9492408037185669), (-0.23649145662784576, 0.20739729702472687, 0.9492408037185669), (-0.2073967158794403, 0.2364916056394577, -0.9492409229278564), (-0.2073967158794403, 0.2364916056394577, -0.9492409229278564), (-0.2073967158794403, 0.2364916056394577, -0.9492409229278564), (-0.2073982208967209, 0.23649188876152039, -0.949240505695343), (-0.2073982208967209, 0.23649188876152039, -0.949240505695343), (-0.2073982208967209, 0.23649188876152039, -0.949240505695343), (-0.585517942905426, 0.6676539182662964, -0.4597901403903961), (-0.585517942905426, 0.6676539182662964, -0.4597901403903961), (-0.585517942905426, 0.6676539182662964, -0.4597901403903961), (-0.5855203866958618, 0.6676536202430725, -0.459787517786026), (-0.5855203866958618, 0.6676536202430725, -0.459787517786026), (-0.5855203866958618, 0.6676536202430725, -0.459787517786026), (-0.6593482494354248, 0.7518376708030701, 0), (-0.6593482494354248, 0.7518376708030701, 0), (-0.6593482494354248, 0.7518376708030701, 0), (-0.6593482494354248, 0.7518376708030701, 0), (-0.6593482494354248, 0.7518376708030701, 0), (-0.6593482494354248, 0.7518376708030701, 0), (-0.5855193734169006, 0.6676525473594666, 0.45979034900665283), (-0.5855193734169006, 0.6676525473594666, 0.45979034900665283), (-0.5855193734169006, 0.6676525473594666, 0.45979034900665283), (-0.5855187773704529, 0.6676548719406128, 0.4597876965999603), (-0.5855187773704529, 0.6676548719406128, 0.4597876965999603), (-0.5855187773704529, 0.6676548719406128, 0.4597876965999603), (-0.2073976695537567, 0.23649124801158905, 0.9492408037185669), (-0.2073976695537567, 0.23649124801158905, 0.9492408037185669), (-0.2073976695537567, 0.23649124801158905, 0.9492408037185669), (-0.20739775896072388, 0.23649278283119202, 0.9492403864860535), (-0.20739775896072388, 0.23649278283119202, 0.9492403864860535), (-0.20739775896072388, 0.23649278283119202, 0.9492403864860535), (-0.17475585639476776, 0.26153919100761414, -0.9492405652999878), (-0.17475585639476776, 0.26153919100761414, -0.9492405652999878), (-0.17475585639476776, 0.26153919100761414, -0.9492405652999878), (-0.17475412786006927, 0.26153862476348877, -0.949241042137146), (-0.17475412786006927, 0.26153862476348877, -0.949241042137146), (-0.17475412786006927, 0.26153862476348877, -0.949241042137146), (-0.49336156249046326, 0.738369345664978, -0.45978811383247375), (-0.49336156249046326, 0.738369345664978, -0.45978811383247375), (-0.49336156249046326, 0.738369345664978, -0.45978811383247375), (-0.49335989356040955, 0.738369345664978, -0.45978987216949463), (-0.49335989356040955, 0.738369345664978, -0.45978987216949463), (-0.49335989356040955, 0.738369345664978, -0.45978987216949463), (-0.5555681586265564, 0.8314710259437561, 0), (-0.5555681586265564, 0.8314710259437561, 0), (-0.5555681586265564, 0.8314710259437561, 0), (-0.5555681586265564, 0.8314710259437561, 0), (-0.5555681586265564, 0.8314710259437561, 0), (-0.5555681586265564, 0.8314710259437561, 0), (-0.49336040019989014, 0.7383700013160706, 0.4597882330417633), (-0.49336040019989014, 0.7383700013160706, 0.4597882330417633), (-0.49336040019989014, 0.7383700013160706, 0.4597882330417633), (-0.4933610260486603, 0.7383685111999512, 0.4597899913787842), (-0.4933610260486603, 0.7383685111999512, 0.4597899913787842), (-0.4933610260486603, 0.7383685111999512, 0.4597899913787842), (-0.17475518584251404, 0.2615402042865753, 0.9492403864860535), (-0.17475518584251404, 0.2615402042865753, 0.9492403864860535), (-0.17475518584251404, 0.2615402042865753, 0.9492403864860535), (-0.17475533485412598, 0.26153841614723206, 0.9492408633232117), (-0.17475533485412598, 0.26153841614723206, 0.9492408633232117), (-0.17475533485412598, 0.26153841614723206, 0.9492408633232117), (-0.13912123441696167, 0.2821114957332611, -0.9492409229278564), (-0.13912123441696167, 0.2821114957332611, -0.9492409229278564), (-0.13912123441696167, 0.2821114957332611, -0.9492409229278564), (-0.13912367820739746, 0.2821126878261566, -0.9492402672767639), (-0.13912367820739746, 0.2821126878261566, -0.9492402672767639), (-0.13912367820739746, 0.2821126878261566, -0.9492402672767639), (-0.392767071723938, 0.7964465022087097, -0.4597901403903961), (-0.392767071723938, 0.7964465022087097, -0.4597901403903961), (-0.392767071723938, 0.7964465022087097, -0.4597901403903961), (-0.3927654027938843, 0.7964462637901306, -0.45979198813438416), (-0.3927654027938843, 0.7964462637901306, -0.45979198813438416), (-0.3927654027938843, 0.7964462637901306, -0.45979198813438416), (-0.4422900974750519, 0.8968720436096191, 0), (-0.4422900974750519, 0.8968720436096191, 0), (-0.4422900974750519, 0.8968720436096191, 0), (-0.4422900974750519, 0.8968720436096191, 0), (-0.4422900974750519, 0.8968720436096191, 0), (-0.4422900974750519, 0.8968720436096191, 0), (-0.3927657902240753, 0.7964470982551575, 0.45979025959968567), (-0.3927657902240753, 0.7964470982551575, 0.45979025959968567), (-0.3927657902240753, 0.7964470982551575, 0.45979025959968567), (-0.3927666246891022, 0.7964456081390381, 0.4597920775413513), (-0.3927666246891022, 0.7964456081390381, 0.4597920775413513), (-0.3927666246891022, 0.7964456081390381, 0.4597920775413513), (-0.139122873544693, 0.2821110785007477, 0.9492408633232117), (-0.139122873544693, 0.2821110785007477, 0.9492408633232117), (-0.139122873544693, 0.2821110785007477, 0.9492408633232117), (-0.13912233710289001, 0.2821137309074402, 0.9492401480674744), (-0.13912233710289001, 0.2821137309074402, 0.9492401480674744), (-0.13912233710289001, 0.2821137309074402, 0.9492401480674744), (-0.10110946744680405, 0.297858327627182, -0.9492403864860535), (-0.10110946744680405, 0.297858327627182, -0.9492403864860535), (-0.10110946744680405, 0.297858327627182, -0.9492403864860535), (-0.10110876709222794, 0.2978578805923462, -0.9492406249046326), (-0.10110876709222794, 0.2978578805923462, -0.9492406249046326), (-0.10110876709222794, 0.2978578805923462, -0.9492406249046326), (-0.2854459583759308, 0.8408995866775513, -0.45979174971580505), (-0.2854459583759308, 0.8408995866775513, -0.45979174971580505), (-0.2854459583759308, 0.8408995866775513, -0.45979174971580505), (-0.28544771671295166, 0.8409000635147095, -0.45978978276252747), (-0.28544771671295166, 0.8409000635147095, -0.45978978276252747), (-0.28544771671295166, 0.8409000635147095, -0.45978978276252747), (-0.32144007086753845, 0.946929931640625, 0), (-0.32144007086753845, 0.946929931640625, 0), (-0.32144007086753845, 0.946929931640625, 0), (-0.32144007086753845, 0.946929931640625, 0), (-0.32144007086753845, 0.946929931640625, 0), (-0.32144007086753845, 0.946929931640625, 0), (-0.285447359085083, 0.8408990502357483, 0.459791898727417), (-0.285447359085083, 0.8408990502357483, 0.459791898727417), (-0.285447359085083, 0.8408990502357483, 0.459791898727417), (-0.28544628620147705, 0.8409004807472229, 0.4597899317741394), (-0.28544628620147705, 0.8409004807472229, 0.4597899317741394), (-0.28544628620147705, 0.8409004807472229, 0.4597899317741394), (-0.10110912472009659, 0.29785892367362976, 0.9492402076721191), (-0.10110912472009659, 0.29785892367362976, 0.9492402076721191), (-0.10110912472009659, 0.29785892367362976, 0.9492402076721191), (-0.10110940784215927, 0.2978581488132477, 0.9492404460906982), (-0.10110940784215927, 0.2978581488132477, 0.9492404460906982), (-0.10110940784215927, 0.2978581488132477, 0.9492404460906982), (-0.061365723609924316, 0.3085068464279175, -0.9492406249046326), (-0.061365723609924316, 0.3085068464279175, -0.9492406249046326), (-0.061365723609924316, 0.3085068464279175, -0.9492406249046326), (-0.061365775763988495, 0.30850687623023987, -0.9492406249046326), (-0.061365775763988495, 0.30850687623023987, -0.9492406249046326), (-0.061365775763988495, 0.30850687623023987, -0.9492406249046326), (-0.1732454150915146, 0.8709643483161926, -0.45979028940200806), (-0.1732454150915146, 0.8709643483161926, -0.45979028940200806), (-0.1732454150915146, 0.8709643483161926, -0.45979028940200806), (-0.1732441633939743, 0.8709638118743896, -0.45979174971580505), (-0.1732441633939743, 0.8709638118743896, -0.45979174971580505), (-0.1732441633939743, 0.8709638118743896, -0.45979174971580505), (-0.19508890807628632, 0.9807855486869812, 0), (-0.19508890807628632, 0.9807855486869812, 0), (-0.19508890807628632, 0.9807855486869812, 0), (-0.19508890807628632, 0.9807855486869812, 0), (-0.19508890807628632, 0.9807855486869812, 0), (-0.19508890807628632, 0.9807855486869812, 0), (-0.17324431240558624, 0.870964527130127, 0.4597903788089752), (-0.17324431240558624, 0.870964527130127, 0.4597903788089752), (-0.17324431240558624, 0.870964527130127, 0.4597903788089752), (-0.17324523627758026, 0.8709635734558105, 0.45979180932044983), (-0.17324523627758026, 0.8709635734558105, 0.45979180932044983), (-0.17324523627758026, 0.8709635734558105, 0.45979180932044983), (-0.061365850269794464, 0.3085072636604309, 0.949240505695343), (-0.061365850269794464, 0.3085072636604309, 0.949240505695343), (-0.061365850269794464, 0.3085072636604309, 0.949240505695343), (-0.061365820467472076, 0.3085073232650757, 0.9492404460906982), (-0.061365820467472076, 0.3085073232650757, 0.9492404460906982), (-0.061365820467472076, 0.3085073232650757, 0.9492404460906982), (-0.020572710782289505, 0.31387728452682495, -0.9492406845092773), (-0.020572710782289505, 0.31387728452682495, -0.9492406845092773), (-0.020572710782289505, 0.31387728452682495, -0.9492406845092773), (-0.02057265117764473, 0.3138771951198578, -0.9492406845092773), (-0.02057265117764473, 0.3138771951198578, -0.9492406845092773), (-0.02057265117764473, 0.3138771951198578, -0.9492406845092773), (-0.05807989463210106, 0.8861256241798401, -0.45979130268096924), (-0.05807989463210106, 0.8861256241798401, -0.45979130268096924), (-0.05807989463210106, 0.8861256241798401, -0.45979130268096924), (-0.058080043643713, 0.8861257433891296, -0.4597910940647125), (-0.058080043643713, 0.8861257433891296, -0.4597910940647125), (-0.058080043643713, 0.8861257433891296, -0.4597910940647125), (-0.06540346145629883, 0.9978588819503784, 0), (-0.06540346145629883, 0.9978588819503784, 0), (-0.06540346145629883, 0.9978588819503784, 0), (-0.06540346145629883, 0.9978588819503784, 0), (-0.06540346145629883, 0.9978588819503784, 0), (-0.06540346145629883, 0.9978588819503784, 0), (-0.0580800324678421, 0.8861255645751953, 0.4597914218902588), (-0.0580800324678421, 0.8861255645751953, 0.4597914218902588), (-0.0580800324678421, 0.8861255645751953, 0.4597914218902588), (-0.05807989463210106, 0.8861256837844849, 0.4597912132740021), (-0.05807989463210106, 0.8861256837844849, 0.4597912132740021), (-0.05807989463210106, 0.8861256837844849, 0.4597912132740021), (-0.020572684705257416, 0.3138777017593384, 0.949240505695343), (-0.020572684705257416, 0.3138777017593384, 0.949240505695343), (-0.020572684705257416, 0.3138777017593384, 0.949240505695343), (-0.020572733134031296, 0.3138776421546936, 0.949240505695343), (-0.020572733134031296, 0.3138776421546936, 0.949240505695343), (-0.020572733134031296, 0.3138776421546936, 0.949240505695343), (0.02057255618274212, 0.3138771951198578, -0.9492406845092773), (0.02057255618274212, 0.3138771951198578, -0.9492406845092773), (0.02057255618274212, 0.3138771951198578, -0.9492406845092773), (0.020572643727064133, 0.31387707591056824, -0.9492407441139221), (0.020572643727064133, 0.31387707591056824, -0.9492407441139221), (0.020572643727064133, 0.31387707591056824, -0.9492407441139221), (0.058079902082681656, 0.8861257433891296, -0.4597911238670349), (0.058079902082681656, 0.8861257433891296, -0.4597911238670349), (0.058079902082681656, 0.8861257433891296, -0.4597911238670349), (0.05807957798242569, 0.8861259818077087, -0.4597906768321991), (0.05807957798242569, 0.8861259818077087, -0.4597906768321991), (0.05807957798242569, 0.8861259818077087, -0.4597906768321991), (0.06540291756391525, 0.9978589415550232, 0), (0.06540291756391525, 0.9978589415550232, 0), (0.06540291756391525, 0.9978589415550232, 0), (0.06540291756391525, 0.9978589415550232, 0), (0.06540291756391525, 0.9978589415550232, 0), (0.06540291756391525, 0.9978589415550232, 0), (0.0580795593559742, 0.8861257433891296, 0.45979124307632446), (0.0580795593559742, 0.8861257433891296, 0.45979124307632446), (0.0580795593559742, 0.8861257433891296, 0.45979124307632446), (0.05807990953326225, 0.886125922203064, 0.45979076623916626), (0.05807990953326225, 0.886125922203064, 0.45979076623916626), (0.05807990953326225, 0.886125922203064, 0.45979076623916626), (0.020572680979967117, 0.3138776421546936, 0.9492405652999878), (0.020572680979967117, 0.3138776421546936, 0.9492405652999878), (0.020572680979967117, 0.3138776421546936, 0.9492405652999878), (0.02057257667183876, 0.31387752294540405, 0.9492405652999878), (0.02057257667183876, 0.31387752294540405, 0.9492405652999878), (0.02057257667183876, 0.31387752294540405, 0.9492405652999878), (0.06136561557650566, 0.3085063099861145, -0.9492408037185669), (0.06136561557650566, 0.3085063099861145, -0.9492408037185669), (0.06136561557650566, 0.3085063099861145, -0.9492408037185669), (0.06136564910411835, 0.3085062503814697, -0.9492408037185669), (0.06136564910411835, 0.3085062503814697, -0.9492408037185669), (0.06136564910411835, 0.3085062503814697, -0.9492408037185669), (0.17324545979499817, 0.8709645867347717, -0.45978987216949463), (0.17324545979499817, 0.8709645867347717, -0.45978987216949463), (0.17324545979499817, 0.8709645867347717, -0.45978987216949463), (0.17324572801589966, 0.8709642887115479, -0.45979025959968567), (0.17324572801589966, 0.8709642887115479, -0.45979025959968567), (0.17324572801589966, 0.8709642887115479, -0.45979025959968567), (0.19509050250053406, 0.9807852506637573, 0), (0.19509050250053406, 0.9807852506637573, 0), (0.19509050250053406, 0.9807852506637573, 0), (0.19509050250053406, 0.9807852506637573, 0), (0.19509050250053406, 0.9807852506637573, 0), (0.19509050250053406, 0.9807852506637573, 0), (0.17324577271938324, 0.8709644675254822, 0.4597899615764618), (0.17324577271938324, 0.8709644675254822, 0.4597899615764618), (0.17324577271938324, 0.8709644675254822, 0.4597899615764618), (0.1732453852891922, 0.8709642887115479, 0.4597903788089752), (0.1732453852891922, 0.8709642887115479, 0.4597903788089752), (0.1732453852891922, 0.8709642887115479, 0.4597903788089752), (0.061365749686956406, 0.30850672721862793, 0.9492406845092773), (0.061365749686956406, 0.30850672721862793, 0.9492406845092773), (0.061365749686956406, 0.30850672721862793, 0.9492406845092773), (0.06136569380760193, 0.30850669741630554, 0.9492406845092773), (0.06136569380760193, 0.30850669741630554, 0.9492406845092773), (0.06136569380760193, 0.30850669741630554, 0.9492406845092773), (0.10110894590616226, 0.29785680770874023, -0.9492409229278564), (0.10110894590616226, 0.29785680770874023, -0.9492409229278564), (0.10110894590616226, 0.29785680770874023, -0.9492409229278564), (0.10110867023468018, 0.2978575825691223, -0.9492406845092773), (0.10110867023468018, 0.2978575825691223, -0.9492406845092773), (0.10110867023468018, 0.2978575825691223, -0.9492406845092773), (0.28544628620147705, 0.8409005403518677, -0.45978981256484985), (0.28544628620147705, 0.8409005403518677, -0.45978981256484985), (0.28544628620147705, 0.8409005403518677, -0.45978981256484985), (0.2854473888874054, 0.8408991098403931, -0.45979177951812744), (0.2854473888874054, 0.8408991098403931, -0.45979177951812744), (0.2854473888874054, 0.8408991098403931, -0.45979177951812744), (0.32144007086753845, 0.946929931640625, 0), (0.32144007086753845, 0.946929931640625, 0), (0.32144007086753845, 0.946929931640625, 0), (0.32144007086753845, 0.946929931640625, 0), (0.32144007086753845, 0.946929931640625, 0), (0.32144007086753845, 0.946929931640625, 0), (0.2854476869106293, 0.8409000635147095, 0.459789901971817), (0.2854476869106293, 0.8409000635147095, 0.459789901971817), (0.2854476869106293, 0.8409000635147095, 0.459789901971817), (0.2854459583759308, 0.8408995270729065, 0.4597918689250946), (0.2854459583759308, 0.8408995270729065, 0.4597918689250946), (0.2854459583759308, 0.8408995270729065, 0.4597918689250946), (0.1011085957288742, 0.2978573441505432, 0.9492407441139221), (0.1011085957288742, 0.2978573441505432, 0.9492407441139221), (0.1011085957288742, 0.2978573441505432, 0.9492407441139221), (0.10110929608345032, 0.2978578209877014, 0.9492405652999878), (0.10110929608345032, 0.2978578209877014, 0.9492405652999878), (0.10110929608345032, 0.2978578209877014, 0.9492405652999878), (0.13912247121334076, 0.2821117043495178, -0.9492406845092773), (0.13912247121334076, 0.2821117043495178, -0.9492406845092773), (0.13912247121334076, 0.2821117043495178, -0.9492406845092773), (0.13912232220172882, 0.2821124494075775, -0.949240505695343), (0.13912232220172882, 0.2821124494075775, -0.949240505695343), (0.13912232220172882, 0.2821124494075775, -0.949240505695343), (0.39276382327079773, 0.7964470386505127, -0.45979201793670654), (0.39276382327079773, 0.7964470386505127, -0.45979201793670654), (0.39276382327079773, 0.7964470386505127, -0.45979201793670654), (0.3927628993988037, 0.7964486479759216, -0.45979005098342896), (0.3927628993988037, 0.7964486479759216, -0.45979005098342896), (0.3927628993988037, 0.7964486479759216, -0.45979005098342896), (0.44228678941726685, 0.8968736529350281, 0), (0.44228678941726685, 0.8968736529350281, 0), (0.44228678941726685, 0.8968736529350281, 0), (0.44228678941726685, 0.8968736529350281, 0), (0.44228678941726685, 0.8968736529350281, 0), (0.44228678941726685, 0.8968736529350281, 0), (0.3927624225616455, 0.7964476346969604, 0.4597921669483185), (0.3927624225616455, 0.7964476346969604, 0.4597921669483185), (0.3927624225616455, 0.7964476346969604, 0.4597921669483185), (0.39276424050331116, 0.7964478731155396, 0.4597901999950409), (0.39276424050331116, 0.7964478731155396, 0.4597901999950409), (0.39276424050331116, 0.7964478731155396, 0.4597901999950409), (0.13912223279476166, 0.2821122705936432, 0.9492405652999878), (0.13912223279476166, 0.2821122705936432, 0.9492405652999878), (0.13912223279476166, 0.2821122705936432, 0.9492405652999878), (0.13912291824817657, 0.28211262822151184, 0.9492403864860535), (0.13912291824817657, 0.28211262822151184, 0.9492403864860535), (0.13912291824817657, 0.28211262822151184, 0.9492403864860535), (0.17475493252277374, 0.26154011487960815, -0.949240505695343), (0.17475493252277374, 0.26154011487960815, -0.949240505695343), (0.17475493252277374, 0.26154011487960815, -0.949240505695343), (0.17475494742393494, 0.26153984665870667, -0.9492405652999878), (0.17475494742393494, 0.26153984665870667, -0.9492405652999878), (0.17475494742393494, 0.26153984665870667, -0.9492405652999878), (0.49336105585098267, 0.738368570804596, -0.45978987216949463), (0.49336105585098267, 0.738368570804596, -0.45978987216949463), (0.49336105585098267, 0.738368570804596, -0.45978987216949463), (0.49336230754852295, 0.7383655309677124, -0.45979344844818115), (0.49336230754852295, 0.7383655309677124, -0.45979344844818115), (0.49336230754852295, 0.7383655309677124, -0.45979344844818115), (0.555571973323822, 0.8314684629440308, 0), (0.555571973323822, 0.8314684629440308, 0), (0.555571973323822, 0.8314684629440308, 0), (0.555571973323822, 0.8314684629440308, 0), (0.555571973323822, 0.8314684629440308, 0), (0.555571973323822, 0.8314684629440308, 0), (0.49336332082748413, 0.7383670210838318, 0.45978987216949463), (0.49336332082748413, 0.7383670210838318, 0.45978987216949463), (0.49336332082748413, 0.7383670210838318, 0.45978987216949463), (0.4933600127696991, 0.7383670210838318, 0.4597935080528259), (0.4933600127696991, 0.7383670210838318, 0.4597935080528259), (0.4933600127696991, 0.7383670210838318, 0.4597935080528259), (0.17475531995296478, 0.26154038310050964, 0.9492403268814087), (0.17475531995296478, 0.26154038310050964, 0.9492403268814087), (0.17475531995296478, 0.26154038310050964, 0.9492403268814087), (0.17475508153438568, 0.26154032349586487, 0.9492403864860535), (0.17475508153438568, 0.26154032349586487, 0.9492403864860535), (0.17475508153438568, 0.26154032349586487, 0.9492403864860535), (0.2073986530303955, 0.23649153113365173, -0.949240505695343), (0.2073986530303955, 0.23649153113365173, -0.949240505695343), (0.2073986530303955, 0.23649153113365173, -0.949240505695343), (0.20739872753620148, 0.23649245500564575, -0.9492402672767639), (0.20739872753620148, 0.23649245500564575, -0.9492402672767639), (0.20739872753620148, 0.23649245500564575, -0.9492402672767639), (0.5855166912078857, 0.6676524877548218, -0.4597938060760498), (0.5855166912078857, 0.6676524877548218, -0.4597938060760498), (0.5855166912078857, 0.6676524877548218, -0.4597938060760498), (0.5855157971382141, 0.6676558256149292, -0.45979008078575134), (0.5855157971382141, 0.6676558256149292, -0.45979008078575134), (0.5855157971382141, 0.6676558256149292, -0.45979008078575134), (0.6593441367149353, 0.7518413066864014, 0), (0.6593441367149353, 0.7518413066864014, 0), (0.6593441367149353, 0.7518413066864014, 0), (0.6593441367149353, 0.7518413066864014, 0), (0.6593441367149353, 0.7518413066864014, 0), (0.6593441367149353, 0.7518413066864014, 0), (0.5855144262313843, 0.6676543354988098, 0.4597940146923065), (0.5855144262313843, 0.6676543354988098, 0.4597940146923065), (0.5855144262313843, 0.6676543354988098, 0.4597940146923065), (0.5855178833007812, 0.6676539182662964, 0.4597902297973633), (0.5855178833007812, 0.6676539182662964, 0.4597902297973633), (0.5855178833007812, 0.6676539182662964, 0.4597902297973633), (0.20739850401878357, 0.23649220168590546, 0.9492403864860535), (0.20739850401878357, 0.23649220168590546, 0.9492403864860535), (0.20739850401878357, 0.23649220168590546, 0.9492403864860535), (0.2073993980884552, 0.2364923655986786, 0.9492401480674744), (0.2073993980884552, 0.2364923655986786, 0.9492401480674744), (0.2073993980884552, 0.2364923655986786, 0.9492401480674744), (0.23649287223815918, 0.20739851891994476, -0.9492402076721191), (0.23649287223815918, 0.20739851891994476, -0.9492402076721191), (0.23649287223815918, 0.20739851891994476, -0.9492402076721191), (0.23649264872074127, 0.20739740133285522, -0.949240505695343), (0.23649264872074127, 0.20739740133285522, -0.949240505695343), (0.23649264872074127, 0.20739740133285522, -0.949240505695343), (0.6676560640335083, 0.5855156779289246, -0.4597899317741394), (0.6676560640335083, 0.5855156779289246, -0.4597899317741394), (0.6676560640335083, 0.5855156779289246, -0.4597899317741394), (0.6676560044288635, 0.5855162739753723, -0.4597892761230469), (0.6676560044288635, 0.5855162739753723, -0.4597892761230469), (0.6676560044288635, 0.5855162739753723, -0.4597892761230469), (0.751841127872467, 0.6593443155288696, 0), (0.751841127872467, 0.6593443155288696, 0), (0.751841127872467, 0.6593443155288696, 0), (0.751841127872467, 0.6593443155288696, 0), (0.751841127872467, 0.6593443155288696, 0), (0.751841127872467, 0.6593443155288696, 0), (0.6676557064056396, 0.5855159759521484, 0.45979008078575134), (0.6676557064056396, 0.5855159759521484, 0.45979008078575134), (0.6676557064056396, 0.5855159759521484, 0.45979008078575134), (0.6676563024520874, 0.5855157971382141, 0.4597894251346588), (0.6676563024520874, 0.5855157971382141, 0.4597894251346588), (0.6676563024520874, 0.5855157971382141, 0.4597894251346588), (0.23649367690086365, 0.20739829540252686, 0.9492400288581848), (0.23649367690086365, 0.20739829540252686, 0.9492400288581848), (0.23649367690086365, 0.20739829540252686, 0.9492400288581848), (0.2364925593137741, 0.20739825069904327, 0.9492403268814087), (0.2364925593137741, 0.20739825069904327, 0.9492403268814087), (0.2364925593137741, 0.20739825069904327, 0.9492403268814087), (0.26153895258903503, 0.17475658655166626, -0.949240505695343), (0.26153895258903503, 0.17475658655166626, -0.949240505695343), (0.26153895258903503, 0.17475658655166626, -0.949240505695343), (0.2615388333797455, 0.17475631833076477, -0.9492405652999878), (0.2615388333797455, 0.17475631833076477, -0.9492405652999878), (0.2615388333797455, 0.17475631833076477, -0.9492405652999878), (0.7383662462234497, 0.49336519837379456, -0.4597891569137573), (0.7383662462234497, 0.49336519837379456, -0.4597891569137573), (0.7383662462234497, 0.49336519837379456, -0.4597891569137573), (0.7383662462234497, 0.4933571517467499, -0.45979779958724976), (0.7383662462234497, 0.4933571517467499, -0.45979779958724976), (0.7383662462234497, 0.4933571517467499, -0.45979779958724976), (0.8314713835716248, 0.5555676221847534, 0), (0.8314713835716248, 0.5555676221847534, 0), (0.8314713835716248, 0.5555676221847534, 0), (0.8314713835716248, 0.5555676221847534, 0), (0.8314713835716248, 0.5555676221847534, 0), (0.8314713835716248, 0.5555676221847534, 0), (0.7383700013160706, 0.49335965514183044, 0.45978906750679016), (0.7383700013160706, 0.49335965514183044, 0.45978906750679016), (0.7383700013160706, 0.49335965514183044, 0.45978906750679016), (0.7383625507354736, 0.4933627247810364, 0.45979776978492737), (0.7383625507354736, 0.4933627247810364, 0.45979776978492737), (0.7383625507354736, 0.4933627247810364, 0.45979776978492737), (0.26153939962387085, 0.17475669085979462, 0.9492403268814087), (0.26153939962387085, 0.17475669085979462, 0.9492403268814087), (0.26153939962387085, 0.17475669085979462, 0.9492403268814087), (0.26153913140296936, 0.174756720662117, 0.9492404460906982), (0.26153913140296936, 0.174756720662117, 0.9492404460906982), (0.26153913140296936, 0.174756720662117, 0.9492404460906982), (0.28211262822151184, 0.13912156224250793, -0.9492405652999878), (0.28211262822151184, 0.13912156224250793, -0.9492405652999878), (0.28211262822151184, 0.13912156224250793, -0.9492405652999878), (0.2821118235588074, 0.13911986351013184, -0.949241042137146), (0.2821118235588074, 0.13911986351013184, -0.949241042137146), (0.2821118235588074, 0.13911986351013184, -0.949241042137146), (0.7964466214179993, 0.3927575349807739, -0.459798127412796), (0.7964466214179993, 0.3927575349807739, -0.459798127412796), (0.7964466214179993, 0.3927575349807739, -0.459798127412796), (0.7964484691619873, 0.3927713632583618, -0.45978304743766785), (0.7964484691619873, 0.3927713632583618, -0.45978304743766785), (0.7964484691619873, 0.3927713632583618, -0.45978304743766785), (0.8968698382377625, 0.44229453802108765, 0), (0.8968698382377625, 0.44229453802108765, 0), (0.8968698382377625, 0.44229453802108765, 0), (0.8968698382377625, 0.44229453802108765, 0), (0.8968698382377625, 0.44229453802108765, 0), (0.8968698382377625, 0.44229453802108765, 0), (0.7964412569999695, 0.3927678167819977, 0.45979857444763184), (0.7964412569999695, 0.3927678167819977, 0.45979857444763184), (0.7964412569999695, 0.3927678167819977, 0.45979857444763184), (0.7964534163475037, 0.39276090264320374, 0.4597834646701813), (0.7964534163475037, 0.39276090264320374, 0.4597834646701813), (0.7964534163475037, 0.39276090264320374, 0.4597834646701813), (0.28211358189582825, 0.13912072777748108, 0.9492403864860535), (0.28211358189582825, 0.13912072777748108, 0.9492403864860535), (0.28211358189582825, 0.13912072777748108, 0.9492403864860535), (0.2821117639541626, 0.13912111520767212, 0.9492409229278564), (0.2821117639541626, 0.13912111520767212, 0.9492409229278564), (0.2821117639541626, 0.13912111520767212, 0.9492409229278564), (0.29785630106925964, 0.10110917687416077, -0.949241042137146), (0.29785630106925964, 0.10110917687416077, -0.949241042137146), (0.29785630106925964, 0.10110917687416077, -0.949241042137146), (0.2978569567203522, 0.10111019760370255, -0.9492407441139221), (0.2978569567203522, 0.10111019760370255, -0.9492407441139221), (0.2978569567203522, 0.10111019760370255, -0.9492407441139221), (0.8409025073051453, 0.28545182943344116, -0.45978283882141113), (0.8409025073051453, 0.28545182943344116, -0.45978283882141113), (0.8409025073051453, 0.28545182943344116, -0.45978283882141113), (0.8408994674682617, 0.28544092178344727, -0.4597950875759125), (0.8408994674682617, 0.28544092178344727, -0.4597950875759125), (0.8408994674682617, 0.28544092178344727, -0.4597950875759125), (0.9469321966171265, 0.3214333951473236, 0), (0.9469321966171265, 0.3214333951473236, 0), (0.9469321966171265, 0.3214333951473236, 0), (0.9469321966171265, 0.3214333951473236, 0), (0.9469321966171265, 0.3214333951473236, 0), (0.9469321966171265, 0.3214333951473236, 0), (0.8409055471420288, 0.285442978143692, 0.4597827196121216), (0.8409055471420288, 0.285442978143692, 0.4597827196121216), (0.8409055471420288, 0.285442978143692, 0.4597827196121216), (0.8408965468406677, 0.2854498028755188, 0.4597949683666229), (0.8408965468406677, 0.2854498028755188, 0.4597949683666229), (0.8408965468406677, 0.2854498028755188, 0.4597949683666229), (0.2978564202785492, 0.10111001878976822, 0.9492409229278564), (0.2978564202785492, 0.10111001878976822, 0.9492409229278564), (0.2978564202785492, 0.10111001878976822, 0.9492409229278564), (0.2978575825691223, 0.10110960900783539, 0.9492405652999878), (0.2978575825691223, 0.10110960900783539, 0.9492405652999878), (0.2978575825691223, 0.10110960900783539, 0.9492405652999878), (0.3085068464279175, 0.06136433780193329, -0.9492407441139221), (0.3085068464279175, 0.06136433780193329, -0.9492407441139221), (0.3085068464279175, 0.06136433780193329, -0.9492407441139221), (0.3085072636604309, 0.06136484816670418, -0.9492405652999878), (0.3085072636604309, 0.06136484816670418, -0.9492405652999878), (0.3085072636604309, 0.06136484816670418, -0.9492405652999878), (0.8709625005722046, 0.1732422113418579, -0.4597950577735901), (0.8709625005722046, 0.1732422113418579, -0.4597950577735901), (0.8709625005722046, 0.1732422113418579, -0.4597950577735901), (0.8709650635719299, 0.17324838042259216, -0.45978784561157227), (0.8709650635719299, 0.17324838042259216, -0.45978784561157227), (0.8709650635719299, 0.17324838042259216, -0.45978784561157227), (0.9807847142219543, 0.19509321451187134, 0), (0.9807847142219543, 0.19509321451187134, 0), (0.9807847142219543, 0.19509321451187134, 0), (0.9807847142219543, 0.19509321451187134, 0), (0.9807847142219543, 0.19509321451187134, 0), (0.9807847142219543, 0.19509321451187134, 0), (0.8709612488746643, 0.17324763536453247, 0.4597953259944916), (0.8709612488746643, 0.17324763536453247, 0.4597953259944916), (0.8709612488746643, 0.17324763536453247, 0.4597953259944916), (0.8709660172462463, 0.17324292659759521, 0.45978811383247375), (0.8709660172462463, 0.17324292659759521, 0.45978811383247375), (0.8709660172462463, 0.17324292659759521, 0.45978811383247375), (0.30850714445114136, 0.06136482581496239, 0.9492405652999878), (0.30850714445114136, 0.06136482581496239, 0.9492405652999878), (0.30850714445114136, 0.06136482581496239, 0.9492405652999878), (0.3085077404975891, 0.06136452034115791, 0.9492403864860535), (0.3085077404975891, 0.06136452034115791, 0.9492403864860535), (0.3085077404975891, 0.06136452034115791, 0.9492403864860535), (0.3138776123523712, 0.02057328261435032, -0.949240505695343), (0.3138776123523712, 0.02057328261435032, -0.949240505695343), (0.3138776123523712, 0.02057328261435032, -0.949240505695343), (0.31387650966644287, 0.02057228982448578, -0.9492409229278564), (0.31387650966644287, 0.02057228982448578, -0.9492409229278564), (0.31387650966644287, 0.02057228982448578, -0.9492409229278564), (0.8861274719238281, 0.05807911977171898, -0.45978787541389465), (0.8861274719238281, 0.05807911977171898, -0.45978787541389465), (0.8861274719238281, 0.05807911977171898, -0.45978787541389465), (0.8861280679702759, 0.058080121874809265, -0.45978662371635437), (0.8861280679702759, 0.058080121874809265, -0.45978662371635437), (0.8861280679702759, 0.058080121874809265, -0.45978662371635437), (0.9978588819503784, 0.06540337949991226, 0), (0.9978588819503784, 0.06540337949991226, 0), (0.9978588819503784, 0.06540337949991226, 0), (0.9978588819503784, 0.06540337949991226, 0), (0.9978588819503784, 0.06540337949991226, 0), (0.9978588819503784, 0.06540337949991226, 0), (0.8861273527145386, 0.058080077171325684, 0.459788054227829), (0.8861273527145386, 0.058080077171325684, 0.459788054227829), (0.8861273527145386, 0.058080077171325684, 0.459788054227829), (0.8861280679702759, 0.05807916074991226, 0.4597867429256439), (0.8861280679702759, 0.05807916074991226, 0.4597867429256439), (0.8861280679702759, 0.05807916074991226, 0.4597867429256439), (0.3138781487941742, 0.020572397857904434, 0.9492403864860535), (0.3138781487941742, 0.020572397857904434, 0.9492403864860535), (0.3138781487941742, 0.020572397857904434, 0.9492403864860535), (0.3138769268989563, 0.020573237910866737, 0.9492407441139221), (0.3138769268989563, 0.020573237910866737, 0.9492407441139221), (0.3138769268989563, 0.020573237910866737, 0.9492407441139221), (0.3138764798641205, -0.0205732099711895, -0.9492409229278564), (0.3138764798641205, -0.0205732099711895, -0.9492409229278564), (0.3138764798641205, -0.0205732099711895, -0.9492409229278564), (0.31387773156166077, -0.020572369918227196, -0.949240505695343), (0.31387773156166077, -0.020572369918227196, -0.949240505695343), (0.31387773156166077, -0.020572369918227196, -0.949240505695343), (0.8861281275749207, -0.05807916447520256, -0.45978662371635437), (0.8861281275749207, -0.05807916447520256, -0.45978662371635437), (0.8861281275749207, -0.05807916447520256, -0.45978662371635437), (0.8861273527145386, -0.05808011069893837, -0.4597879648208618), (0.8861273527145386, -0.05808011069893837, -0.4597879648208618), (0.8861273527145386, -0.05808011069893837, -0.4597879648208618), (0.9978588819503784, -0.06540341675281525, 0), (0.9978588819503784, -0.06540341675281525, 0), (0.9978588819503784, -0.06540341675281525, 0), (0.9978588819503784, -0.06540341675281525, 0), (0.9978588819503784, -0.06540341675281525, 0), (0.9978588819503784, -0.06540341675281525, 0), (0.8861280083656311, -0.058080147951841354, 0.45978671312332153), (0.8861280083656311, -0.058080147951841354, 0.45978671312332153), (0.8861280083656311, -0.058080147951841354, 0.45978671312332153), (0.8861274123191833, -0.05807911604642868, 0.4597880244255066), (0.8861274123191833, -0.05807911604642868, 0.4597880244255066), (0.8861274123191833, -0.05807911604642868, 0.4597880244255066), (0.3138769268989563, -0.020572317764163017, 0.9492408037185669), (0.3138769268989563, -0.020572317764163017, 0.9492408037185669), (0.3138769268989563, -0.020572317764163017, 0.9492408037185669), (0.31387802958488464, -0.020573310554027557, 0.9492403864860535), (0.31387802958488464, -0.020573310554027557, 0.9492403864860535), (0.31387802958488464, -0.020573310554027557, 0.9492403864860535), (0.3085073232650757, -0.06136443465948105, -0.9492405652999878), (0.3085073232650757, -0.06136443465948105, -0.9492405652999878), (0.3085073232650757, -0.06136443465948105, -0.9492405652999878), (0.30850666761398315, -0.06136476248502731, -0.9492407441139221), (0.30850666761398315, -0.06136476248502731, -0.9492407441139221), (0.30850666761398315, -0.06136476248502731, -0.9492407441139221), (0.8709660172462463, -0.17324300110340118, -0.45978808403015137), (0.8709660172462463, -0.17324300110340118, -0.45978808403015137), (0.8709660172462463, -0.17324300110340118, -0.45978808403015137), (0.8709613084793091, -0.17324763536453247, -0.459795206785202), (0.8709613084793091, -0.17324763536453247, -0.459795206785202), (0.8709613084793091, -0.17324763536453247, -0.459795206785202), (0.9807847142219543, -0.19509321451187134, 0), (0.9807847142219543, -0.19509321451187134, 0), (0.9807847142219543, -0.19509321451187134, 0), (0.9807847142219543, -0.19509321451187134, 0), (0.9807847142219543, -0.19509321451187134, 0), (0.9807847142219543, -0.19509321451187134, 0), (0.8709649443626404, -0.17324836552143097, 0.459788054227829), (0.8709649443626404, -0.17324836552143097, 0.459788054227829), (0.8709649443626404, -0.17324836552143097, 0.459788054227829), (0.8709624409675598, -0.17324228584766388, 0.45979514718055725), (0.8709624409675598, -0.17324228584766388, 0.45979514718055725), (0.8709624409675598, -0.17324228584766388, 0.45979514718055725), (0.30850768089294434, -0.06136496365070343, 0.9492403864860535), (0.30850768089294434, -0.06136496365070343, 0.9492403864860535), (0.30850768089294434, -0.06136496365070343, 0.9492403864860535), (0.30850720405578613, -0.061364416033029556, 0.9492406249046326), (0.30850720405578613, -0.061364416033029556, 0.9492406249046326), (0.30850720405578613, -0.061364416033029556, 0.9492406249046326), (0.2978571057319641, -0.10110944509506226, -0.9492407441139221), (0.2978571057319641, -0.10110944509506226, -0.9492407441139221), (0.2978571057319641, -0.10110944509506226, -0.9492407441139221), (0.2978559732437134, -0.10110986232757568, -0.9492411017417908), (0.2978559732437134, -0.10110986232757568, -0.9492411017417908), (0.2978559732437134, -0.10110986232757568, -0.9492411017417908), (0.8408966064453125, -0.2854498326778412, -0.459794819355011), (0.8408966064453125, -0.2854498326778412, -0.459794819355011), (0.8408966064453125, -0.2854498326778412, -0.459794819355011), (0.8409056663513184, -0.28544294834136963, -0.45978251099586487), (0.8409056663513184, -0.28544294834136963, -0.45978251099586487), (0.8409056663513184, -0.28544294834136963, -0.45978251099586487), (0.9469321966171265, -0.32143330574035645, 0), (0.9469321966171265, -0.32143330574035645, 0), (0.9469321966171265, -0.32143330574035645, 0), (0.9469321966171265, -0.32143330574035645, 0), (0.9469321966171265, -0.32143330574035645, 0), (0.9469321966171265, -0.32143330574035645, 0), (0.8408994674682617, -0.2854408025741577, 0.459795206785202), (0.8408994674682617, -0.2854408025741577, 0.459795206785202), (0.8408994674682617, -0.2854408025741577, 0.459795206785202), (0.8409024477005005, -0.28545182943344116, 0.4597828984260559), (0.8409024477005005, -0.28545182943344116, 0.4597828984260559), (0.8409024477005005, -0.28545182943344116, 0.4597828984260559), (0.2978573441505432, -0.10111032426357269, 0.9492406249046326), (0.2978573441505432, -0.10111032426357269, 0.9492406249046326), (0.2978573441505432, -0.10111032426357269, 0.9492406249046326), (0.2978566586971283, -0.10110928863286972, 0.9492409229278564), (0.2978566586971283, -0.10110928863286972, 0.9492409229278564), (0.2978566586971283, -0.10110928863286972, 0.9492409229278564), (0.2821112871170044, -0.139120951294899, -0.949241042137146), (0.2821112871170044, -0.139120951294899, -0.949241042137146), (0.2821112871170044, -0.139120951294899, -0.949241042137146), (0.2821131944656372, -0.13912053406238556, -0.9492405652999878), (0.2821131944656372, -0.13912053406238556, -0.9492405652999878), (0.2821131944656372, -0.13912053406238556, -0.9492405652999878), (0.7964535355567932, -0.3927609324455261, -0.45978325605392456), (0.7964535355567932, -0.3927609324455261, -0.45978325605392456), (0.7964535355567932, -0.3927609324455261, -0.45978325605392456), (0.7964411973953247, -0.392767995595932, -0.45979857444763184), (0.7964411973953247, -0.392767995595932, -0.45979857444763184), (0.7964411973953247, -0.392767995595932, -0.45979857444763184), (0.8968697786331177, -0.44229474663734436, 0), (0.8968697786331177, -0.44229474663734436, 0), (0.8968697786331177, -0.44229474663734436, 0), (0.8968697786331177, -0.44229474663734436, 0), (0.8968697786331177, -0.44229474663734436, 0), (0.8968697786331177, -0.44229474663734436, 0), (0.7964484095573425, -0.39277154207229614, 0.45978301763534546), (0.7964484095573425, -0.39277154207229614, 0.45978301763534546), (0.7964484095573425, -0.39277154207229614, 0.45978301763534546), (0.7964465022087097, -0.39275747537612915, 0.4597983956336975), (0.7964465022087097, -0.39275747537612915, 0.4597983956336975), (0.7964465022087097, -0.39275747537612915, 0.4597983956336975), (0.28211212158203125, -0.13912001252174377, 0.9492409229278564), (0.28211212158203125, -0.13912001252174377, 0.9492409229278564), (0.28211212158203125, -0.13912001252174377, 0.9492409229278564), (0.2821129858493805, -0.13912178575992584, 0.9492404460906982), (0.2821129858493805, -0.13912178575992584, 0.9492404460906982), (0.2821129858493805, -0.13912178575992584, 0.9492404460906982), (0.2615387737751007, -0.1747564822435379, -0.9492405652999878), (0.2615387737751007, -0.1747564822435379, -0.9492405652999878), (0.2615387737751007, -0.1747564822435379, -0.9492405652999878), (0.2615392804145813, -0.17475645244121552, -0.9492404460906982), (0.2615392804145813, -0.17475645244121552, -0.9492404460906982), (0.2615392804145813, -0.17475645244121552, -0.9492404460906982), (0.738362729549408, -0.4933623969554901, -0.45979779958724976), (0.738362729549408, -0.4933623969554901, -0.45979779958724976), (0.738362729549408, -0.4933623969554901, -0.45979779958724976), (0.7383700609207153, -0.49335938692092896, -0.4597892761230469), (0.7383700609207153, -0.49335938692092896, -0.4597892761230469), (0.7383700609207153, -0.49335938692092896, -0.4597892761230469), (0.8314715027809143, -0.5555673837661743, 0), (0.8314715027809143, -0.5555673837661743, 0), (0.8314715027809143, -0.5555673837661743, 0), (0.8314715027809143, -0.5555673837661743, 0), (0.8314715027809143, -0.5555673837661743, 0), (0.8314715027809143, -0.5555673837661743, 0), (0.7383662462234497, -0.493356853723526, 0.459798127412796), (0.7383662462234497, -0.493356853723526, 0.459798127412796), (0.7383662462234497, -0.493356853723526, 0.459798127412796), (0.7383662462234497, -0.49336478114128113, 0.45978957414627075), (0.7383662462234497, -0.49336478114128113, 0.45978957414627075), (0.7383662462234497, -0.49336478114128113, 0.45978957414627075), (0.2615392804145813, -0.17475645244121552, 0.9492404460906982), (0.2615392804145813, -0.17475645244121552, 0.9492404460906982), (0.2615392804145813, -0.17475645244121552, 0.9492404460906982), (0.26153942942619324, -0.1747569441795349, 0.9492402672767639), (0.26153942942619324, -0.1747569441795349, 0.9492402672767639), (0.26153942942619324, -0.1747569441795349, 0.9492402672767639), (0.23649245500564575, -0.20739804208278656, -0.9492403864860535), (0.23649245500564575, -0.20739804208278656, -0.9492403864860535), (0.23649245500564575, -0.20739804208278656, -0.9492403864860535), (0.2364932894706726, -0.20739808678627014, -0.9492402076721191), (0.2364932894706726, -0.20739808678627014, -0.9492402076721191), (0.2364932894706726, -0.20739808678627014, -0.9492402076721191), (0.6676560044288635, -0.5855159759521484, -0.4597896635532379), (0.6676560044288635, -0.5855159759521484, -0.4597896635532379), (0.6676560044288635, -0.5855159759521484, -0.4597896635532379), (0.6676558256149292, -0.5855159759521484, -0.45978984236717224), (0.6676558256149292, -0.5855159759521484, -0.45978984236717224), (0.6676558256149292, -0.5855159759521484, -0.45978984236717224), (0.7518411874771118, -0.6593442559242249, 0), (0.7518411874771118, -0.6593442559242249, 0), (0.7518411874771118, -0.6593442559242249, 0), (0.7518411874771118, -0.6593442559242249, 0), (0.7518411874771118, -0.6593442559242249, 0), (0.7518411874771118, -0.6593442559242249, 0), (0.667655885219574, -0.5855159759521484, 0.4597897529602051), (0.667655885219574, -0.5855159759521484, 0.4597897529602051), (0.667655885219574, -0.5855159759521484, 0.4597897529602051), (0.667655885219574, -0.5855158567428589, 0.4597899615764618), (0.667655885219574, -0.5855158567428589, 0.4597899615764618), (0.667655885219574, -0.5855158567428589, 0.4597899615764618), (0.2364930957555771, -0.207397922873497, 0.9492402672767639), (0.2364930957555771, -0.207397922873497, 0.9492402672767639), (0.2364930957555771, -0.207397922873497, 0.9492402672767639), (0.23649324476718903, -0.20739874243736267, 0.9492400884628296), (0.23649324476718903, -0.20739874243736267, 0.9492400884628296), (0.23649324476718903, -0.20739874243736267, 0.9492400884628296), (0.2073991596698761, -0.23649196326732635, -0.9492402672767639), (0.2073991596698761, -0.23649196326732635, -0.9492402672767639), (0.2073991596698761, -0.23649196326732635, -0.9492402672767639), (0.2073979675769806, -0.23649175465106964, -0.9492406249046326), (0.2073979675769806, -0.23649175465106964, -0.9492406249046326), (0.2073979675769806, -0.23649175465106964, -0.9492406249046326), (0.5855177640914917, -0.6676541566848755, -0.45979005098342896), (0.5855177640914917, -0.6676541566848755, -0.45979005098342896), (0.5855177640914917, -0.6676541566848755, -0.45979005098342896), (0.5855143070220947, -0.6676545739173889, -0.4597937762737274), (0.5855143070220947, -0.6676545739173889, -0.4597937762737274), (0.5855143070220947, -0.6676545739173889, -0.4597937762737274), (0.6593438982963562, -0.7518414855003357, 0), (0.6593438982963562, -0.7518414855003357, 0), (0.6593438982963562, -0.7518414855003357, 0), (0.6593438982963562, -0.7518414855003357, 0), (0.6593438982963562, -0.7518414855003357, 0), (0.6593438982963562, -0.7518414855003357, 0), (0.585515558719635, -0.6676560640335083, 0.45979008078575134), (0.585515558719635, -0.6676560640335083, 0.45979008078575134), (0.585515558719635, -0.6676560640335083, 0.45979008078575134), (0.5855164527893066, -0.6676526665687561, 0.4597938358783722), (0.5855164527893066, -0.6676526665687561, 0.4597938358783722), (0.5855164527893066, -0.6676526665687561, 0.4597938358783722), (0.207398921251297, -0.2364928275346756, 0.9492401480674744), (0.207398921251297, -0.2364928275346756, 0.9492401480674744), (0.207398921251297, -0.2364928275346756, 0.9492401480674744), (0.20739884674549103, -0.2364916056394577, 0.9492404460906982), (0.20739884674549103, -0.2364916056394577, 0.9492404460906982), (0.20739884674549103, -0.2364916056394577, 0.9492404460906982), (0.1747545748949051, -0.2615397572517395, -0.9492406249046326), (0.1747545748949051, -0.2615397572517395, -0.9492406249046326), (0.1747545748949051, -0.2615397572517395, -0.9492406249046326), (0.17475511133670807, -0.26153993606567383, -0.949240505695343), (0.17475511133670807, -0.26153993606567383, -0.949240505695343), (0.17475511133670807, -0.26153993606567383, -0.949240505695343), (0.4933602511882782, -0.7383670210838318, -0.45979323983192444), (0.4933602511882782, -0.7383670210838318, -0.45979323983192444), (0.4933602511882782, -0.7383670210838318, -0.45979323983192444), (0.49336355924606323, -0.7383670210838318, -0.4597896933555603), (0.49336355924606323, -0.7383670210838318, -0.4597896933555603), (0.49336355924606323, -0.7383670210838318, -0.4597896933555603), (0.5555721521377563, -0.8314683437347412, 0), (0.5555721521377563, -0.8314683437347412, 0), (0.5555721521377563, -0.8314683437347412, 0), (0.5555721521377563, -0.8314683437347412, 0), (0.5555721521377563, -0.8314683437347412, 0), (0.5555721521377563, -0.8314683437347412, 0), (0.4933624565601349, -0.7383654117584229, 0.45979344844818115), (0.4933624565601349, -0.7383654117584229, 0.45979344844818115), (0.4933624565601349, -0.7383654117584229, 0.45979344844818115), (0.493361234664917, -0.7383684515953064, 0.45978984236717224), (0.493361234664917, -0.7383684515953064, 0.45978984236717224), (0.493361234664917, -0.7383684515953064, 0.45978984236717224), (0.17475509643554688, -0.26153993606567383, 0.949240505695343), (0.17475509643554688, -0.26153993606567383, 0.949240505695343), (0.17475509643554688, -0.26153993606567383, 0.949240505695343), (0.1747550517320633, -0.2615404725074768, 0.9492403864860535), (0.1747550517320633, -0.2615404725074768, 0.9492403864860535), (0.1747550517320633, -0.2615404725074768, 0.9492403864860535), (0.13912278413772583, -0.28211212158203125, -0.9492405652999878), (0.13912278413772583, -0.28211212158203125, -0.9492405652999878), (0.13912278413772583, -0.28211212158203125, -0.9492405652999878), (0.13912223279476166, -0.2821118235588074, -0.9492406845092773), (0.13912223279476166, -0.2821118235588074, -0.9492406845092773), (0.13912223279476166, -0.2821118235588074, -0.9492406845092773), (0.39276477694511414, -0.79644775390625, -0.4597899913787842), (0.39276477694511414, -0.79644775390625, -0.4597899913787842), (0.39276477694511414, -0.79644775390625, -0.4597899913787842), (0.39276233315467834, -0.7964473962783813, -0.4597926735877991), (0.39276233315467834, -0.7964473962783813, -0.4597926735877991), (0.39276233315467834, -0.7964473962783813, -0.4597926735877991), (0.44228678941726685, -0.8968736529350281, 0), (0.44228678941726685, -0.8968736529350281, 0), (0.44228678941726685, -0.8968736529350281, 0), (0.44228678941726685, -0.8968736529350281, 0), (0.44228678941726685, -0.8968736529350281, 0), (0.44228678941726685, -0.8968736529350281, 0), (0.3927629292011261, -0.7964486479759216, 0.45979005098342896), (0.3927629292011261, -0.7964486479759216, 0.45979005098342896), (0.3927629292011261, -0.7964486479759216, 0.45979005098342896), (0.392764151096344, -0.7964465022087097, 0.45979270339012146), (0.392764151096344, -0.7964465022087097, 0.45979270339012146), (0.392764151096344, -0.7964465022087097, 0.45979270339012146), (0.13912265002727509, -0.2821126878261566, 0.9492403864860535), (0.13912265002727509, -0.2821126878261566, 0.9492403864860535), (0.13912265002727509, -0.2821126878261566, 0.9492403864860535), (0.13912278413772583, -0.28211209177970886, 0.9492405652999878), (0.13912278413772583, -0.28211209177970886, 0.9492405652999878), (0.13912278413772583, -0.28211209177970886, 0.9492405652999878), (0.10110916942358017, -0.297857403755188, -0.9492406845092773), (0.10110916942358017, -0.297857403755188, -0.9492406845092773), (0.10110916942358017, -0.297857403755188, -0.9492406845092773), (0.10110825300216675, -0.29785680770874023, -0.9492409825325012), (0.10110825300216675, -0.29785680770874023, -0.9492409825325012), (0.10110825300216675, -0.29785680770874023, -0.9492409825325012), (0.2854454517364502, -0.8408994674682617, -0.4597923457622528), (0.2854454517364502, -0.8408994674682617, -0.4597923457622528), (0.2854454517364502, -0.8408994674682617, -0.4597923457622528), (0.2854481637477875, -0.840900182723999, -0.45978930592536926), (0.2854481637477875, -0.840900182723999, -0.45978930592536926), (0.2854481637477875, -0.840900182723999, -0.45978930592536926), (0.3214404881000519, -0.9469297528266907, 0), (0.3214404881000519, -0.9469297528266907, 0), (0.3214404881000519, -0.9469297528266907, 0), (0.3214404881000519, -0.9469297528266907, 0), (0.3214404881000519, -0.9469297528266907, 0), (0.3214404881000519, -0.9469297528266907, 0), (0.2854476273059845, -0.8408986330032349, 0.45979252457618713), (0.2854476273059845, -0.8408986330032349, 0.45979252457618713), (0.2854476273059845, -0.8408986330032349, 0.45979252457618713), (0.2854459285736084, -0.8409008383750916, 0.4597894847393036), (0.2854459285736084, -0.8409008383750916, 0.4597894847393036), (0.2854459285736084, -0.8409008383750916, 0.4597894847393036), (0.10110868513584137, -0.2978580594062805, 0.9492405652999878), (0.10110868513584137, -0.2978580594062805, 0.9492405652999878), (0.10110868513584137, -0.2978580594062805, 0.9492405652999878), (0.10110905021429062, -0.29785704612731934, 0.9492408037185669), (0.10110905021429062, -0.29785704612731934, 0.9492408037185669), (0.10110905021429062, -0.29785704612731934, 0.9492408037185669), (0.06136553734540939, -0.3085061013698578, -0.9492408633232117), (0.06136553734540939, -0.3085061013698578, -0.9492408633232117), (0.06136553734540939, -0.3085061013698578, -0.9492408633232117), (0.06136548891663551, -0.3085060715675354, -0.9492409229278564), (0.06136548891663551, -0.3085060715675354, -0.9492409229278564), (0.06136548891663551, -0.3085060715675354, -0.9492409229278564), (0.1732451319694519, -0.8709646463394165, -0.45978981256484985), (0.1732451319694519, -0.8709646463394165, -0.45978981256484985), (0.1732451319694519, -0.8709646463394165, -0.45978981256484985), (0.17324577271938324, -0.8709649443626404, -0.4597890377044678), (0.17324577271938324, -0.8709649443626404, -0.4597890377044678), (0.17324577271938324, -0.8709649443626404, -0.4597890377044678), (0.1950903981924057, -0.9807852506637573, 0), (0.1950903981924057, -0.9807852506637573, 0), (0.1950903981924057, -0.9807852506637573, 0), (0.1950903981924057, -0.9807852506637573, 0), (0.1950903981924057, -0.9807852506637573, 0), (0.1950903981924057, -0.9807852506637573, 0), (0.17324568331241608, -0.870964527130127, 0.4597899317741394), (0.17324568331241608, -0.870964527130127, 0.4597899317741394), (0.17324568331241608, -0.870964527130127, 0.4597899317741394), (0.17324519157409668, -0.8709650039672852, 0.4597891867160797), (0.17324519157409668, -0.8709650039672852, 0.4597891867160797), (0.17324519157409668, -0.8709650039672852, 0.4597891867160797), (0.061365582048892975, -0.3085065186023712, 0.9492407441139221), (0.061365582048892975, -0.3085065186023712, 0.9492407441139221), (0.061365582048892975, -0.3085065186023712, 0.9492407441139221), (0.06136561185121536, -0.30850648880004883, 0.9492407441139221), (0.06136561185121536, -0.30850648880004883, 0.9492407441139221), (0.06136561185121536, -0.30850648880004883, 0.9492407441139221), (0.020572315901517868, -0.31387683749198914, -0.9492408037185669), (0.020572315901517868, -0.31387683749198914, -0.9492408037185669), (0.020572315901517868, -0.31387683749198914, -0.9492408037185669), (0.020572694018483162, -0.31387725472450256, -0.9492406845092773), (0.020572694018483162, -0.31387725472450256, -0.9492406845092773), (0.020572694018483162, -0.31387725472450256, -0.9492406845092773), (0.05808005481958389, -0.8861263990402222, -0.45978987216949463), (0.05808005481958389, -0.8861263990402222, -0.45978987216949463), (0.05808005481958389, -0.8861263990402222, -0.45978987216949463), (0.05807982385158539, -0.8861262202262878, -0.4597901701927185), (0.05807982385158539, -0.8861262202262878, -0.4597901701927185), (0.05807982385158539, -0.8861262202262878, -0.4597901701927185), (0.06540317833423615, -0.9978589415550232, 0), (0.06540317833423615, -0.9978589415550232, 0), (0.06540317833423615, -0.9978589415550232, 0), (0.06540317833423615, -0.9978589415550232, 0), (0.06540317833423615, -0.9978589415550232, 0), (0.06540317833423615, -0.9978589415550232, 0), (0.058079831302165985, -0.8861263394355774, 0.4597899913787842), (0.058079831302165985, -0.8861263394355774, 0.4597899913787842), (0.058079831302165985, -0.8861263394355774, 0.4597899913787842), (0.0580800361931324, -0.8861262202262878, 0.4597902297973633), (0.0580800361931324, -0.8861262202262878, 0.4597902297973633), (0.0580800361931324, -0.8861262202262878, 0.4597902297973633), (0.020572692155838013, -0.3138772249221802, 0.9492406845092773), (0.020572692155838013, -0.3138772249221802, 0.9492406845092773), (0.020572692155838013, -0.3138772249221802, 0.9492406845092773), (0.020572371780872345, -0.313877671957016, 0.949240505695343), (0.020572371780872345, -0.313877671957016, 0.949240505695343), (0.020572371780872345, -0.313877671957016, 0.949240505695343), (-0.020572494715452194, -0.31387725472450256, -0.9492406845092773), (-0.020572494715452194, -0.31387725472450256, -0.9492406845092773), (-0.020572494715452194, -0.31387725472450256, -0.9492406845092773), (-0.02057267725467682, -0.3138769865036011, -0.9492407441139221), (-0.02057267725467682, -0.3138769865036011, -0.9492407441139221), (-0.02057267725467682, -0.3138769865036011, -0.9492407441139221), (-0.058080043643713, -0.8861262202262878, -0.4597901403903961), (-0.058080043643713, -0.8861262202262878, -0.4597901403903961), (-0.058080043643713, -0.8861262202262878, -0.4597901403903961), (-0.058080293238162994, -0.8861260414123535, -0.4597904682159424), (-0.058080293238162994, -0.8861260414123535, -0.4597904682159424), (-0.058080293238162994, -0.8861260414123535, -0.4597904682159424), (-0.06540372222661972, -0.9978588819503784, 0), (-0.06540372222661972, -0.9978588819503784, 0), (-0.06540372222661972, -0.9978588819503784, 0), (-0.06540372222661972, -0.9978588819503784, -0), (-0.06540372222661972, -0.9978588819503784, -0), (-0.06540372222661972, -0.9978588819503784, -0), (-0.05808030068874359, -0.8861261606216431, 0.4597902297973633), (-0.05808030068874359, -0.8861261606216431, 0.4597902297973633), (-0.05808030068874359, -0.8861261606216431, 0.4597902297973633), (-0.058080025017261505, -0.8861260414123535, 0.45979058742523193), (-0.058080025017261505, -0.8861260414123535, 0.45979058742523193), (-0.058080025017261505, -0.8861260414123535, 0.45979058742523193), (-0.0205727219581604, -0.313877671957016, 0.949240505695343), (-0.0205727219581604, -0.313877671957016, 0.949240505695343), (-0.0205727219581604, -0.313877671957016, 0.949240505695343), (-0.02057250589132309, -0.3138774335384369, 0.9492406249046326), (-0.02057250589132309, -0.3138774335384369, 0.9492406249046326), (-0.02057250589132309, -0.3138774335384369, 0.9492406249046326), (-0.06136564537882805, -0.30850663781166077, -0.9492406845092773), (-0.06136564537882805, -0.30850663781166077, -0.9492406845092773), (-0.06136564537882805, -0.30850663781166077, -0.9492406845092773), (-0.06136561557650566, -0.30850669741630554, -0.9492406845092773), (-0.06136561557650566, -0.30850669741630554, -0.9492406845092773), (-0.06136561557650566, -0.30850669741630554, -0.9492406845092773), (-0.17324502766132355, -0.8709641098976135, -0.4597909450531006), (-0.17324502766132355, -0.8709641098976135, -0.4597909450531006), (-0.17324502766132355, -0.8709641098976135, -0.4597909450531006), (-0.17324428260326385, -0.8709648251533508, -0.45978978276252747), (-0.17324428260326385, -0.8709648251533508, -0.45978978276252747), (-0.17324428260326385, -0.8709648251533508, -0.45978978276252747), (-0.19508880376815796, -0.980785608291626, 0), (-0.19508880376815796, -0.980785608291626, 0), (-0.19508880376815796, -0.980785608291626, 0), (-0.19508880376815796, -0.980785608291626, -0), (-0.19508880376815796, -0.980785608291626, -0), (-0.19508880376815796, -0.980785608291626, -0), (-0.1732441633939743, -0.8709641695022583, 0.4597910940647125), (-0.1732441633939743, -0.8709641695022583, 0.4597910940647125), (-0.1732441633939743, -0.8709641695022583, 0.4597910940647125), (-0.1732451170682907, -0.8709646463394165, 0.459789901971817), (-0.1732451170682907, -0.8709646463394165, 0.459789901971817), (-0.1732451170682907, -0.8709646463394165, 0.459789901971817), (-0.06136569008231163, -0.3085070550441742, 0.9492405652999878), (-0.06136569008231163, -0.3085070550441742, 0.9492405652999878), (-0.06136569008231163, -0.3085070550441742, 0.9492405652999878), (-0.06136573478579521, -0.30850711464881897, 0.9492405652999878), (-0.06136573478579521, -0.30850711464881897, 0.9492405652999878), (-0.06136573478579521, -0.30850711464881897, 0.9492405652999878), (-0.10110922157764435, -0.2978575527667999, -0.9492406249046326), (-0.10110922157764435, -0.2978575527667999, -0.9492406249046326), (-0.10110922157764435, -0.2978575527667999, -0.9492406249046326), (-0.1011088564991951, -0.2978585958480835, -0.9492403864860535), (-0.1011088564991951, -0.2978585958480835, -0.9492403864860535), (-0.1011088564991951, -0.2978585958480835, -0.9492403864860535), (-0.2854459583759308, -0.8409008979797363, -0.45978936553001404), (-0.2854459583759308, -0.8409008979797363, -0.45978936553001404), (-0.2854459583759308, -0.8409008979797363, -0.45978936553001404), (-0.2854476571083069, -0.8408986926078796, -0.45979243516921997), (-0.2854476571083069, -0.8408986926078796, -0.45979243516921997), (-0.2854476571083069, -0.8408986926078796, -0.45979243516921997), (-0.3214404881000519, -0.9469297528266907, 0), (-0.3214404881000519, -0.9469297528266907, 0), (-0.3214404881000519, -0.9469297528266907, 0), (-0.3214404881000519, -0.9469297528266907, -0), (-0.3214404881000519, -0.9469297528266907, -0), (-0.3214404881000519, -0.9469297528266907, -0), (-0.2854481637477875, -0.8409001231193542, 0.4597894251346588), (-0.2854481637477875, -0.8409001231193542, 0.4597894251346588), (-0.2854481637477875, -0.8409001231193542, 0.4597894251346588), (-0.2854454517364502, -0.8408994078636169, 0.45979246497154236), (-0.2854454517364502, -0.8408994078636169, 0.45979246497154236), (-0.2854454517364502, -0.8408994078636169, 0.45979246497154236), (-0.10110870748758316, -0.2978581488132477, 0.949240505695343), (-0.10110870748758316, -0.2978581488132477, 0.949240505695343), (-0.10110870748758316, -0.2978581488132477, 0.949240505695343), (-0.10110963135957718, -0.29785874485969543, 0.9492402076721191), (-0.10110963135957718, -0.29785874485969543, 0.9492402076721191), (-0.10110963135957718, -0.29785874485969543, 0.9492402076721191), (-0.13912224769592285, -0.28211331367492676, -0.9492402672767639), (-0.13912224769592285, -0.28211331367492676, -0.9492402672767639), (-0.13912224769592285, -0.28211331367492676, -0.9492402672767639), (-0.1391228288412094, -0.2821105420589447, -0.9492409825325012), (-0.1391228288412094, -0.2821105420589447, -0.9492409825325012), (-0.1391228288412094, -0.2821105420589447, -0.9492409825325012), (-0.3927670121192932, -0.7964451909065247, -0.45979252457618713), (-0.3927670121192932, -0.7964451909065247, -0.45979252457618713), (-0.3927670121192932, -0.7964451909065247, -0.45979252457618713), (-0.3927658796310425, -0.7964471578598022, -0.45979002118110657), (-0.3927658796310425, -0.7964471578598022, -0.45979002118110657), (-0.3927658796310425, -0.7964471578598022, -0.45979002118110657), (-0.4422900974750519, -0.8968720436096191, 0), (-0.4422900974750519, -0.8968720436096191, 0), (-0.4422900974750519, -0.8968720436096191, 0), (-0.4422900974750519, -0.8968720436096191, -0), (-0.4422900974750519, -0.8968720436096191, -0), (-0.4422900974750519, -0.8968720436096191, -0), (-0.39276525378227234, -0.7964459657669067, 0.4597926735877991), (-0.39276525378227234, -0.7964459657669067, 0.4597926735877991), (-0.39276525378227234, -0.7964459657669067, 0.4597926735877991), (-0.3927675485610962, -0.7964462637901306, 0.4597901999950409), (-0.3927675485610962, -0.7964462637901306, 0.4597901999950409), (-0.3927675485610962, -0.7964462637901306, 0.4597901999950409), (-0.1391240507364273, -0.2821130156517029, 0.9492400884628296), (-0.1391240507364273, -0.2821130156517029, 0.9492400884628296), (-0.1391240507364273, -0.2821130156517029, 0.9492400884628296), (-0.13912150263786316, -0.282111793756485, 0.9492408037185669), (-0.13912150263786316, -0.282111793756485, 0.9492408037185669), (-0.13912150263786316, -0.282111793756485, 0.9492408037185669), (-0.17475497722625732, -0.2615380585193634, -0.949241042137146), (-0.17475497722625732, -0.2615380585193634, -0.949241042137146), (-0.17475497722625732, -0.2615380585193634, -0.949241042137146), (-0.17475485801696777, -0.2615395784378052, -0.9492406249046326), (-0.17475485801696777, -0.2615395784378052, -0.9492406249046326), (-0.17475485801696777, -0.2615395784378052, -0.9492406249046326), (-0.4933612644672394, -0.7383685111999512, -0.4597897231578827), (-0.4933612644672394, -0.7383685111999512, -0.4597897231578827), (-0.4933612644672394, -0.7383685111999512, -0.4597897231578827), (-0.49336063861846924, -0.7383700609207153, -0.4597879648208618), (-0.49336063861846924, -0.7383700609207153, -0.4597879648208618), (-0.49336063861846924, -0.7383700609207153, -0.4597879648208618), (-0.5555683374404907, -0.8314709067344666, 0), (-0.5555683374404907, -0.8314709067344666, 0), (-0.5555683374404907, -0.8314709067344666, 0), (-0.5555683374404907, -0.8314709067344666, -0), (-0.5555683374404907, -0.8314709067344666, -0), (-0.5555683374404907, -0.8314709067344666, -0), (-0.49336010217666626, -0.7383691668510437, 0.459789901971817), (-0.49336010217666626, -0.7383691668510437, 0.459789901971817), (-0.49336010217666626, -0.7383691668510437, 0.459789901971817), (-0.4933617115020752, -0.7383692264556885, 0.45978814363479614), (-0.4933617115020752, -0.7383692264556885, 0.45978814363479614), (-0.4933617115020752, -0.7383692264556885, 0.45978814363479614), (-0.17475439608097076, -0.26153889298439026, 0.9492409229278564), (-0.17475439608097076, -0.26153889298439026, 0.9492409229278564), (-0.17475439608097076, -0.26153889298439026, 0.9492409229278564), (-0.17475584149360657, -0.26153936982154846, 0.949240505695343), (-0.17475584149360657, -0.26153936982154846, 0.949240505695343), (-0.17475584149360657, -0.26153936982154846, 0.949240505695343), (-0.20739735662937164, -0.23649221658706665, -0.9492406249046326), (-0.20739735662937164, -0.23649221658706665, -0.9492406249046326), (-0.20739735662937164, -0.23649221658706665, -0.9492406249046326), (-0.20739729702472687, -0.23649097979068756, -0.9492409229278564), (-0.20739729702472687, -0.23649097979068756, -0.9492409229278564), (-0.20739729702472687, -0.23649097979068756, -0.9492409229278564), (-0.5855186581611633, -0.6676551699638367, -0.4597874879837036), (-0.5855186581611633, -0.6676551699638367, -0.4597874879837036), (-0.5855186581611633, -0.6676551699638367, -0.4597874879837036), (-0.5855192542076111, -0.6676527857780457, -0.45979008078575134), (-0.5855192542076111, -0.6676527857780457, -0.45979008078575134), (-0.5855192542076111, -0.6676527857780457, -0.45979008078575134), (-0.6593480110168457, -0.7518379092216492, 0), (-0.6593480110168457, -0.7518379092216492, 0), (-0.6593480110168457, -0.7518379092216492, 0), (-0.6593480110168457, -0.7518379092216492, -0), (-0.6593480110168457, -0.7518379092216492, -0), (-0.6593480110168457, -0.7518379092216492, -0), (-0.5855200886726379, -0.6676537990570068, 0.4597875475883484), (-0.5855200886726379, -0.6676537990570068, 0.4597875475883484), (-0.5855200886726379, -0.6676537990570068, 0.4597875475883484), (-0.5855177044868469, -0.6676540970802307, 0.4597901403903961), (-0.5855177044868469, -0.6676540970802307, 0.4597901403903961), (-0.5855177044868469, -0.6676540970802307, 0.4597901403903961), (-0.20739825069904327, -0.2364920824766159, 0.9492404460906982), (-0.20739825069904327, -0.2364920824766159, 0.9492404460906982), (-0.20739825069904327, -0.2364920824766159, 0.9492404460906982), (-0.20739705860614777, -0.236491858959198, 0.9492408037185669), (-0.20739705860614777, -0.236491858959198, 0.9492408037185669), (-0.20739705860614777, -0.236491858959198, 0.9492408037185669), (-0.23649118840694427, -0.20739693939685822, -0.9492409825325012), (-0.23649118840694427, -0.20739693939685822, -0.9492409825325012), (-0.23649118840694427, -0.20739693939685822, -0.9492409825325012), (-0.2364916056394577, -0.2073991298675537, -0.9492403864860535), (-0.2364916056394577, -0.2073991298675537, -0.9492403864860535), (-0.2364916056394577, -0.2073991298675537, -0.9492403864860535), (-0.6676523685455322, -0.5855198502540588, -0.45979002118110657), (-0.6676523685455322, -0.5855198502540588, -0.45979002118110657), (-0.6676523685455322, -0.5855198502540588, -0.45979002118110657), (-0.6676523089408875, -0.5855202674865723, -0.4597894847393036), (-0.6676523089408875, -0.5855202674865723, -0.4597894847393036), (-0.6676523089408875, -0.5855202674865723, -0.4597894847393036), (-0.7518370747566223, -0.6593489646911621, 0), (-0.7518370747566223, -0.6593489646911621, 0), (-0.7518370747566223, -0.6593489646911621, 0), (-0.7518370747566223, -0.6593489646911621, -0), (-0.7518370747566223, -0.6593489646911621, -0), (-0.7518370747566223, -0.6593489646911621, -0), (-0.6676520705223083, -0.5855200886726379, 0.45979011058807373), (-0.6676520705223083, -0.5855200886726379, 0.45979011058807373), (-0.6676520705223083, -0.5855200886726379, 0.45979011058807373), (-0.6676524877548218, -0.5855199694633484, 0.4597896337509155), (-0.6676524877548218, -0.5855199694633484, 0.4597896337509155), (-0.6676524877548218, -0.5855199694633484, 0.4597896337509155), (-0.23649054765701294, -0.2073982059955597, 0.9492408633232117), (-0.23649054765701294, -0.2073982059955597, 0.9492408633232117), (-0.23649054765701294, -0.2073982059955597, 0.9492408633232117), (-0.23649278283119202, -0.20739834010601044, 0.9492402672767639), (-0.23649278283119202, -0.20739834010601044, 0.9492402672767639), (-0.23649278283119202, -0.20739834010601044, 0.9492402672767639), (-0.2615402638912201, -0.17475518584251404, -0.9492403864860535), (-0.2615402638912201, -0.17475518584251404, -0.9492403864860535), (-0.2615402638912201, -0.17475518584251404, -0.9492403864860535), (-0.2615399956703186, -0.17475439608097076, -0.9492406249046326), (-0.2615399956703186, -0.17475439608097076, -0.9492406249046326), (-0.2615399956703186, -0.17475439608097076, -0.9492406249046326), (-0.7383697032928467, -0.49335992336273193, -0.4597892761230469), (-0.7383697032928467, -0.49335992336273193, -0.4597892761230469), (-0.7383697032928467, -0.49335992336273193, -0.4597892761230469), (-0.7383697032928467, -0.49335911870002747, -0.4597901403903961), (-0.7383697032928467, -0.49335911870002747, -0.4597901403903961), (-0.7383697032928467, -0.49335911870002747, -0.4597901403903961), (-0.8314715027809143, -0.5555673837661743, 0), (-0.8314715027809143, -0.5555673837661743, 0), (-0.8314715027809143, -0.5555673837661743, 0), (-0.8314715027809143, -0.5555673837661743, -0), (-0.8314715027809143, -0.5555673837661743, -0), (-0.8314715027809143, -0.5555673837661743, -0), (-0.7383700013160706, -0.49335935711860657, 0.4597893953323364), (-0.7383700013160706, -0.49335935711860657, 0.4597893953323364), (-0.7383700013160706, -0.49335935711860657, 0.4597893953323364), (-0.7383692860603333, -0.49335965514183044, 0.45979025959968567), (-0.7383692860603333, -0.49335965514183044, 0.45979025959968567), (-0.7383692860603333, -0.49335965514183044, 0.45979025959968567), (-0.2615409195423126, -0.1747550070285797, 0.9492402672767639), (-0.2615409195423126, -0.1747550070285797, 0.9492402672767639), (-0.2615409195423126, -0.1747550070285797, 0.9492402672767639), (-0.26154008507728577, -0.17475508153438568, 0.9492404460906982), (-0.26154008507728577, -0.17475508153438568, 0.9492404460906982), (-0.26154008507728577, -0.17475508153438568, 0.9492404460906982), (-0.28211158514022827, -0.13912339508533478, -0.9492406249046326), (-0.28211158514022827, -0.13912339508533478, -0.9492406249046326), (-0.28211158514022827, -0.13912339508533478, -0.9492406249046326), (-0.28211089968681335, -0.1391219049692154, -0.949241042137146), (-0.28211089968681335, -0.1391219049692154, -0.949241042137146), (-0.28211089968681335, -0.1391219049692154, -0.949241042137146), (-0.7964475750923157, -0.3927651345729828, -0.4597899615764618), (-0.7964475750923157, -0.3927651345729828, -0.4597899615764618), (-0.7964475750923157, -0.3927651345729828, -0.4597899615764618), (-0.7964473962783813, -0.3927636444568634, -0.4597915709018707), (-0.7964473962783813, -0.3927636444568634, -0.4597915709018707), (-0.7964473962783813, -0.3927636444568634, -0.4597915709018707), (-0.8968730568885803, -0.44228804111480713, 0), (-0.8968730568885803, -0.44228804111480713, 0), (-0.8968730568885803, -0.44228804111480713, 0), (-0.8968730568885803, -0.44228804111480713, -0), (-0.8968730568885803, -0.44228804111480713, -0), (-0.8968730568885803, -0.44228804111480713, -0), (-0.7964481115341187, -0.39276400208473206, 0.45979005098342896), (-0.7964481115341187, -0.39276400208473206, 0.45979005098342896), (-0.7964481115341187, -0.39276400208473206, 0.45979005098342896), (-0.7964468002319336, -0.39276474714279175, 0.4597916603088379), (-0.7964468002319336, -0.39276474714279175, 0.4597916603088379), (-0.7964468002319336, -0.39276474714279175, 0.4597916603088379), (-0.2821124792098999, -0.13912269473075867, 0.9492404460906982), (-0.2821124792098999, -0.13912269473075867, 0.9492404460906982), (-0.2821124792098999, -0.13912269473075867, 0.9492404460906982), (-0.28211086988449097, -0.13912303745746613, 0.9492408633232117), (-0.28211086988449097, -0.13912303745746613, 0.9492408633232117), (-0.28211086988449097, -0.13912303745746613, 0.9492408633232117), (-0.2978570759296417, -0.1011071428656578, -0.949241042137146), (-0.2978570759296417, -0.1011071428656578, -0.949241042137146), (-0.2978570759296417, -0.1011071428656578, -0.949241042137146), (-0.29785963892936707, -0.10111110657453537, -0.9492397904396057), (-0.29785963892936707, -0.10111110657453537, -0.9492397904396057), (-0.29785963892936707, -0.10111110657453537, -0.9492397904396057), (-0.8408981561660767, -0.2854503393173218, -0.4597916901111603), (-0.8408981561660767, -0.2854503393173218, -0.4597916901111603), (-0.8408981561660767, -0.2854503393173218, -0.4597916901111603), (-0.8408973217010498, -0.28544750809669495, -0.45979493856430054), (-0.8408973217010498, -0.28544750809669495, -0.45979493856430054), (-0.8408973217010498, -0.28544750809669495, -0.45979493856430054), (-0.9469296932220459, -0.32144078612327576, 0), (-0.9469296932220459, -0.32144078612327576, 0), (-0.9469296932220459, -0.32144078612327576, 0), (-0.9469296932220459, -0.32144078612327576, -0), (-0.9469296932220459, -0.32144078612327576, -0), (-0.9469296932220459, -0.32144078612327576, -0), (-0.840898871421814, -0.28544801473617554, 0.45979177951812744), (-0.840898871421814, -0.28544801473617554, 0.45979177951812744), (-0.840898871421814, -0.28544801473617554, 0.45979177951812744), (-0.8408965468406677, -0.2854498028755188, 0.4597949683666229), (-0.8408965468406677, -0.2854498028755188, 0.4597949683666229), (-0.8408965468406677, -0.2854498028755188, 0.4597949683666229), (-0.2978563904762268, -0.10111000388860703, 0.9492409229278564), (-0.2978563904762268, -0.10111000388860703, 0.9492409229278564), (-0.2978563904762268, -0.10111000388860703, 0.9492409229278564), (-0.29786086082458496, -0.10110843181610107, 0.9492396712303162), (-0.29786086082458496, -0.10110843181610107, 0.9492396712303162), (-0.29786086082458496, -0.10110843181610107, 0.9492396712303162), (-0.3085091710090637, -0.06136709451675415, -0.9492397904396057), (-0.3085091710090637, -0.06136709451675415, -0.9492397904396057), (-0.3085091710090637, -0.06136709451675415, -0.9492397904396057), (-0.3085072636604309, -0.061364881694316864, -0.9492405652999878), (-0.3085072636604309, -0.061364881694316864, -0.9492405652999878), (-0.3085072636604309, -0.061364881694316864, -0.9492405652999878), (-0.8709625005722046, -0.17324228584766388, -0.4597950279712677), (-0.8709625005722046, -0.17324228584766388, -0.4597950279712677), (-0.8709625005722046, -0.17324228584766388, -0.4597950279712677), (-0.8709650039672852, -0.17324836552143097, -0.45978790521621704), (-0.8709650039672852, -0.17324836552143097, -0.45978790521621704), (-0.8709650039672852, -0.17324836552143097, -0.45978790521621704), (-0.9807847142219543, -0.19509321451187134, 0), (-0.9807847142219543, -0.19509321451187134, 0), (-0.9807847142219543, -0.19509321451187134, 0), (-0.9807847142219543, -0.19509321451187134, -0), (-0.9807847142219543, -0.19509321451187134, -0), (-0.9807847142219543, -0.19509321451187134, -0), (-0.8709612488746643, -0.17324763536453247, 0.4597953259944916), (-0.8709612488746643, -0.17324763536453247, 0.4597953259944916), (-0.8709612488746643, -0.17324763536453247, 0.4597953259944916), (-0.8709659576416016, -0.17324298620224, 0.4597882032394409), (-0.8709659576416016, -0.17324298620224, 0.4597882032394409), (-0.8709659576416016, -0.17324298620224, 0.4597882032394409), (-0.30851006507873535, -0.061365433037281036, 0.9492396116256714), (-0.30851006507873535, -0.061365433037281036, 0.9492396116256714), (-0.30851006507873535, -0.061365433037281036, 0.9492396116256714), (-0.30850744247436523, -0.06136674806475639, 0.9492403864860535), (-0.30850744247436523, -0.06136674806475639, 0.9492403864860535), (-0.30850744247436523, -0.06136674806475639, 0.9492403864860535), (-0.3138776123523712, -0.02057328261435032, -0.949240505695343), (-0.3138776123523712, -0.02057328261435032, -0.949240505695343), (-0.3138776123523712, -0.02057328261435032, -0.949240505695343), (-0.31387650966644287, -0.02057228982448578, -0.9492409229278564), (-0.31387650966644287, -0.02057228982448578, -0.9492409229278564), (-0.31387650966644287, -0.02057228982448578, -0.9492409229278564), (-0.8861274719238281, -0.05807911977171898, -0.45978790521621704), (-0.8861274719238281, -0.05807911977171898, -0.45978790521621704), (-0.8861274719238281, -0.05807911977171898, -0.45978790521621704), (-0.8861280679702759, -0.05808015540242195, -0.45978662371635437), (-0.8861280679702759, -0.05808015540242195, -0.45978662371635437), (-0.8861280679702759, -0.05808015540242195, -0.45978662371635437), (-0.9978588819503784, -0.06540341675281525, 0), (-0.9978588819503784, -0.06540341675281525, 0), (-0.9978588819503784, -0.06540341675281525, 0), (-0.9978588819503784, -0.06540341675281525, -0), (-0.9978588819503784, -0.06540341675281525, -0), (-0.9978588819503784, -0.06540341675281525, -0), (-0.8861273527145386, -0.05808010324835777, 0.459788054227829), (-0.8861273527145386, -0.05808010324835777, 0.459788054227829), (-0.8861273527145386, -0.05808010324835777, 0.459788054227829), (-0.8861280679702759, -0.05807916074991226, 0.4597867429256439), (-0.8861280679702759, -0.05807916074991226, 0.4597867429256439), (-0.8861280679702759, -0.05807916074991226, 0.4597867429256439), (-0.3138781487941742, -0.020572397857904434, 0.9492403864860535), (-0.3138781487941742, -0.020572397857904434, 0.9492403864860535), (-0.3138781487941742, -0.020572397857904434, 0.9492403864860535), (-0.3138769268989563, -0.020573237910866737, 0.9492407441139221), (-0.3138769268989563, -0.020573237910866737, 0.9492407441139221), (-0.3138769268989563, -0.020573237910866737, 0.9492407441139221)]
            texCoord2f[] primvars:st = [(3.617110252380371, 26.661052703857422), (3.5999999046325684, 26.399999618530273), (-16.799999237060547, 19.200000762939453), (-16.799999237060547, 19.200000762939453), (3.5999999046325684, 26.399999618530273), (3.617110252380371, 26.138948440551758), (-24.399999618530273, 1.600000023841858), (-27.200000762939453, -3.200000047683716), (-27.200000762939453, 6.400000095367432), (-27.200000762939453, -3.200000047683716), (-24.399999618530273, 1.600000023841858), (-24.382888793945312, 1.3389476537704468), (1.2000000476837158, -26.399999618530273), (-17.600000381469727, -20.799999237060547), (-17.600000381469727, -7.199999809265137), (-17.600000381469727, -20.799999237060547), (1.2000000476837158, -26.399999618530273), (1.217110276222229, -26.661052703857422), (22.399999618530273, 19.200000762939453), (22.399999618530273, -19.200000762939453), (4, -31.200000762939453), (3.6681482791900635, 26.917638778686523), (3.617110252380371, 26.661052703857422), (-16.799999237060547, 19.200000762939453), (-16.799999237060547, 19.200000762939453), (3.617110252380371, 26.138948440551758), (3.6681482791900635, 25.882362365722656), (-24.382888793945312, 1.861052393913269), (-24.399999618530273, 1.600000023841858), (-27.200000762939453, 6.400000095367432), (-27.200000762939453, -3.200000047683716), (-24.382888793945312, 1.3389476537704468), (-24.331851959228516, 1.0823619365692139), (1.217110276222229, -26.138948440551758), (1.2000000476837158, -26.399999618530273), (-17.600000381469727, -7.199999809265137), (-17.600000381469727, -20.799999237060547), (1.217110276222229, -26.661052703857422), (1.2681483030319214, -26.917638778686523), (3.7522408962249756, 27.165367126464844), (3.6681482791900635, 26.917638778686523), (-16.799999237060547, 19.200000762939453), (-16.799999237060547, 19.200000762939453), (3.6681482791900635, 25.882362365722656), (3.7522408962249756, 25.634634017944336), (-24.331851959228516, 2.117638111114502), (-24.382888793945312, 1.861052393913269), (-27.200000762939453, 6.400000095367432), (-27.200000762939453, -3.200000047683716), (-24.331851959228516, 1.0823619365692139), (-24.247758865356445, 0.8346331119537354), (1.2681483030319214, -25.882362365722656), (1.217110276222229, -26.138948440551758), (-17.600000381469727, -7.199999809265137), (-17.600000381469727, -20.799999237060547), (1.2681483030319214, -26.917638778686523), (1.3522409200668335, -27.165367126464844), (3.8679492473602295, 27.399999618530273), (3.7522408962249756, 27.165367126464844), (-16.799999237060547, 19.200000762939453), (-16.799999237060547, 19.200000762939453), (3.7522408962249756, 25.634634017944336), (3.8679492473602295, 25.399999618530273), (-24.247758865356445, 2.3653669357299805), (-24.331851959228516, 2.117638111114502), (-27.200000762939453, 6.400000095367432), (-27.200000762939453, -3.200000047683716), (-24.247758865356445, 0.8346331119537354), (-24.132051467895508, 0.6000000238418579), (1.3522409200668335, -25.634634017944336), (1.2681483030319214, -25.882362365722656), (-17.600000381469727, -7.199999809265137), (-17.600000381469727, -20.799999237060547), (1.3522409200668335, -27.165367126464844), (1.4679491519927979, -27.399999618530273), (3.8679492473602295, 27.399999618530273), (-16.799999237060547, 19.200000762939453), (6.400000095367432, 31.200000762939453), (-16.799999237060547, 19.200000762939453), (3.8679492473602295, 25.399999618530273), (4.013293266296387, 25.182477951049805), (-24.132051467895508, 2.5999999046325684), (-24.247758865356445, 2.3653669357299805), (-27.200000762939453, 6.400000095367432), (-27.200000762939453, -3.200000047683716), (-24.132051467895508, 0.6000000238418579), (-23.986705780029297, 0.38247713446617126), (1.4679491519927979, -25.399999618530273), (1.3522409200668335, -25.634634017944336), (-17.600000381469727, -7.199999809265137), (-17.600000381469727, -20.799999237060547), (1.4679491519927979, -27.399999618530273), (1.6132932901382446, -27.617523193359375), (4.013293266296387, 27.617523193359375), (3.8679492473602295, 27.399999618530273), (6.400000095367432, 31.200000762939453), (-16.799999237060547, 19.200000762939453), (4.013293266296387, 25.182477951049805), (4.185786247253418, 24.98578643798828), (-23.986705780029297, 2.8175227642059326), (-24.132051467895508, 2.5999999046325684), (-27.200000762939453, 6.400000095367432), (-27.200000762939453, -3.200000047683716), (-23.986705780029297, 0.38247713446617126), (-23.814212799072266, 0.1857864409685135), (1.6132932901382446, -25.182477951049805), (1.4679491519927979, -25.399999618530273), (-17.600000381469727, -7.199999809265137), (-17.600000381469727, -20.799999237060547), (1.6132932901382446, -27.617523193359375), (1.7857863903045654, -27.814212799072266), (4.185786247253418, 27.814212799072266), (4.013293266296387, 27.617523193359375), (6.400000095367432, 31.200000762939453), (-16.799999237060547, 19.200000762939453), (4.185786247253418, 24.98578643798828), (4.382477283477783, 24.81329345703125), (-23.814212799072266, 3.0142135620117188), (-23.986705780029297, 2.8175227642059326), (-27.200000762939453, 6.400000095367432), (-27.200000762939453, -3.200000047683716), (-23.814212799072266, 0.1857864409685135), (-23.617523193359375, 0.013293319381773472), (1.7857863903045654, -24.98578643798828), (1.6132932901382446, -25.182477951049805), (-17.600000381469727, -7.199999809265137), (-17.600000381469727, -20.799999237060547), (1.7857863903045654, -27.814212799072266), (1.9824771881103516, -27.986705780029297), (4.382477283477783, 27.986705780029297), (4.185786247253418, 27.814212799072266), (6.400000095367432, 31.200000762939453), (-16.799999237060547, 19.200000762939453), (4.382477283477783, 24.81329345703125), (4.599999904632568, 24.667949676513672), (-23.617523193359375, 3.186706781387329), (-23.814212799072266, 3.0142135620117188), (-27.200000762939453, 6.400000095367432), (-27.200000762939453, -3.200000047683716), (-23.617523193359375, 0.013293319381773472), (-23.399999618530273, -0.13205081224441528), (1.9824771881103516, -24.81329345703125), (1.7857863903045654, -24.98578643798828), (-17.600000381469727, -7.199999809265137), (-17.600000381469727, -20.799999237060547), (1.9824771881103516, -27.986705780029297), (2.200000047683716, -28.132051467895508), (4.599999904632568, 28.132051467895508), (4.382477283477783, 27.986705780029297), (6.400000095367432, 31.200000762939453), (-16.799999237060547, 19.200000762939453), (4.599999904632568, 24.667949676513672), (4.8346333503723145, 24.5522403717041), (-23.399999618530273, 3.3320508003234863), (-23.617523193359375, 3.186706781387329), (-27.200000762939453, 6.400000095367432), (-27.200000762939453, -3.200000047683716), (-23.399999618530273, -0.13205081224441528), (-23.165367126464844, -0.24775905907154083), (2.200000047683716, -24.667949676513672), (1.9824771881103516, -24.81329345703125), (-17.600000381469727, -7.199999809265137), (-17.600000381469727, -20.799999237060547), (2.200000047683716, -28.132051467895508), (2.4346330165863037, -28.247758865356445), (4.8346333503723145, 28.247758865356445), (4.599999904632568, 28.132051467895508), (6.400000095367432, 31.200000762939453), (-16.799999237060547, 19.200000762939453), (4.8346333503723145, 24.5522403717041), (5.082361698150635, 24.468149185180664), (-23.165367126464844, 3.4477591514587402), (-23.399999618530273, 3.3320508003234863), (-27.200000762939453, 6.400000095367432), (-27.200000762939453, -3.200000047683716), (-23.165367126464844, -0.24775905907154083), (-22.917638778686523, -0.33185166120529175), (2.4346330165863037, -24.5522403717041), (2.200000047683716, -24.667949676513672), (-17.600000381469727, -7.199999809265137), (4, -31.200000762939453), (-17.600000381469727, -20.799999237060547), (2.4346330165863037, -28.247758865356445), (5.082361698150635, 28.331851959228516), (4.8346333503723145, 28.247758865356445), (6.400000095367432, 31.200000762939453), (-16.799999237060547, 19.200000762939453), (5.082361698150635, 24.468149185180664), (5.338947772979736, 24.417110443115234), (-23.165367126464844, 3.4477591514587402), (-27.200000762939453, 6.400000095367432), (-16.799999237060547, 6.400000095367432), (-27.200000762939453, -3.200000047683716), (-22.917638778686523, -0.33185166120529175), (-22.661052703857422, -0.3828897178173065), (2.6823618412017822, -24.468149185180664), (2.4346330165863037, -24.5522403717041), (-17.600000381469727, -7.199999809265137), (4, -31.200000762939453), (2.4346330165863037, -28.247758865356445), (2.6823618412017822, -28.331851959228516), (5.338947772979736, 28.382888793945312), (5.082361698150635, 28.331851959228516), (6.400000095367432, 31.200000762939453), (-16.799999237060547, 19.200000762939453), (5.338947772979736, 24.417110443115234), (5.599999904632568, 24.399999618530273), (-22.917638778686523, 3.5318517684936523), (-23.165367126464844, 3.4477591514587402), (-16.799999237060547, 6.400000095367432), (-27.200000762939453, -3.200000047683716), (-22.661052703857422, -0.3828897178173065), (-22.399999618530273, -0.4000000059604645), (2.9389476776123047, -24.417110443115234), (2.6823618412017822, -24.468149185180664), (-17.600000381469727, -7.199999809265137), (4, -31.200000762939453), (2.6823618412017822, -28.331851959228516), (2.9389476776123047, -28.382888793945312), (5.599999904632568, 28.399999618530273), (5.338947772979736, 28.382888793945312), (6.400000095367432, 31.200000762939453), (-16.799999237060547, 19.200000762939453), (5.599999904632568, 24.399999618530273), (5.861052513122559, 24.417110443115234), (-22.661052703857422, 3.5828897953033447), (-22.917638778686523, 3.5318517684936523), (-16.799999237060547, 6.400000095367432), (-27.200000762939453, -3.200000047683716), (-22.399999618530273, -0.4000000059604645), (-22.138948440551758, -0.3828897178173065), (3.200000047683716, -24.399999618530273), (2.9389476776123047, -24.417110443115234), (-17.600000381469727, -7.199999809265137), (4, -31.200000762939453), (2.9389476776123047, -28.382888793945312), (3.200000047683716, -28.399999618530273), (5.861052513122559, 28.382888793945312), (5.599999904632568, 28.399999618530273), (6.400000095367432, 31.200000762939453), (-16.799999237060547, 19.200000762939453), (5.861052513122559, 24.417110443115234), (6.117638111114502, 24.468149185180664), (-22.399999618530273, 3.5999999046325684), (-22.661052703857422, 3.5828897953033447), (-16.799999237060547, 6.400000095367432), (-27.200000762939453, -3.200000047683716), (-22.138948440551758, -0.3828897178173065), (-21.882362365722656, -0.33185166120529175), (3.461052417755127, -24.417110443115234), (3.200000047683716, -24.399999618530273), (-17.600000381469727, -7.199999809265137), (4, -31.200000762939453), (3.200000047683716, -28.399999618530273), (3.461052417755127, -28.382888793945312), (6.117638111114502, 28.331851959228516), (5.861052513122559, 28.382888793945312), (6.400000095367432, 31.200000762939453), (-16.799999237060547, 6.400000095367432), (-16.799999237060547, 19.200000762939453), (6.117638111114502, 24.468149185180664), (-22.138948440551758, 3.5828897953033447), (-22.399999618530273, 3.5999999046325684), (-16.799999237060547, 6.400000095367432), (-27.200000762939453, -3.200000047683716), (-21.882362365722656, -0.33185166120529175), (-21.634634017944336, -0.24775905907154083), (3.7176380157470703, -24.468149185180664), (3.461052417755127, -24.417110443115234), (-17.600000381469727, -7.199999809265137), (4, -31.200000762939453), (3.461052417755127, -28.382888793945312), (3.7176380157470703, -28.331851959228516), (6.3653669357299805, 28.247758865356445), (6.117638111114502, 28.331851959228516), (6.400000095367432, 31.200000762939453), (-16.799999237060547, 6.400000095367432), (6.117638111114502, 24.468149185180664), (6.3653669357299805, 24.5522403717041), (-21.882362365722656, 3.5318517684936523), (-22.138948440551758, 3.5828897953033447), (-16.799999237060547, 6.400000095367432), (-27.200000762939453, -3.200000047683716), (-21.634634017944336, -0.24775905907154083), (-21.399999618530273, -0.13205081224441528), (3.965366840362549, -24.5522403717041), (3.7176380157470703, -24.468149185180664), (-17.600000381469727, -7.199999809265137), (4, -31.200000762939453), (3.7176380157470703, -28.331851959228516), (3.965366840362549, -28.247758865356445), (6.599999904632568, 28.132051467895508), (6.3653669357299805, 28.247758865356445), (6.400000095367432, 31.200000762939453), (-16.799999237060547, 6.400000095367432), (6.3653669357299805, 24.5522403717041), (6.599999904632568, 24.667949676513672), (-21.634634017944336, 3.4477591514587402), (-21.882362365722656, 3.5318517684936523), (-16.799999237060547, 6.400000095367432), (-17.600000381469727, -7.199999809265137), (-27.200000762939453, -3.200000047683716), (-21.399999618530273, -0.13205081224441528), (4.199999809265137, -24.667949676513672), (3.965366840362549, -24.5522403717041), (-17.600000381469727, -7.199999809265137), (4, -31.200000762939453), (3.965366840362549, -28.247758865356445), (4.199999809265137, -28.132051467895508), (6.599999904632568, 28.132051467895508), (6.400000095367432, 31.200000762939453), (22.399999618530273, 19.200000762939453), (-16.799999237060547, 6.400000095367432), (6.599999904632568, 24.667949676513672), (6.817523002624512, 24.81329345703125), (-21.399999618530273, 3.3320508003234863), (-21.634634017944336, 3.4477591514587402), (-16.799999237060547, 6.400000095367432), (-17.600000381469727, -7.199999809265137), (-21.399999618530273, -0.13205081224441528), (-21.182477951049805, 0.013293319381773472), (4.41752290725708, -24.81329345703125), (4.199999809265137, -24.667949676513672), (-17.600000381469727, -7.199999809265137), (4, -31.200000762939453), (4.199999809265137, -28.132051467895508), (4.41752290725708, -27.986705780029297), (6.817523002624512, 27.986705780029297), (6.599999904632568, 28.132051467895508), (22.399999618530273, 19.200000762939453), (-21.182477951049805, 3.186706781387329), (-21.399999618530273, 3.3320508003234863), (-16.799999237060547, 6.400000095367432), (-17.600000381469727, -7.199999809265137), (-21.182477951049805, 0.013293319381773472), (-20.98578643798828, 0.1857864409685135), (4, -31.200000762939453), (4.41752290725708, -27.986705780029297), (4.614213466644287, -27.814212799072266), (7.014213562011719, 27.814212799072266), (6.817523002624512, 27.986705780029297), (22.399999618530273, 19.200000762939453), (-20.98578643798828, 3.0142135620117188), (-21.182477951049805, 3.186706781387329), (-16.799999237060547, 6.400000095367432), (-17.600000381469727, -7.199999809265137), (-20.98578643798828, 0.1857864409685135), (-20.81329345703125, 0.38247713446617126), (4, -31.200000762939453), (4.614213466644287, -27.814212799072266), (4.786706447601318, -27.617523193359375), (7.18670654296875, 27.617523193359375), (7.014213562011719, 27.814212799072266), (22.399999618530273, 19.200000762939453), (-20.98578643798828, 3.0142135620117188), (-16.799999237060547, 6.400000095367432), (6.817523002624512, 24.81329345703125), (-17.600000381469727, -7.199999809265137), (-20.81329345703125, 0.38247713446617126), (-20.667949676513672, 0.6000000238418579), (4, -31.200000762939453), (4.786706447601318, -27.617523193359375), (4.932050704956055, -27.399999618530273), (7.332050800323486, 27.399999618530273), (7.18670654296875, 27.617523193359375), (22.399999618530273, 19.200000762939453), (-20.81329345703125, 2.8175227642059326), (-20.98578643798828, 3.0142135620117188), (6.817523002624512, 24.81329345703125), (-17.600000381469727, -7.199999809265137), (-20.667949676513672, 0.6000000238418579), (-20.5522403717041, 0.8346331119537354), (4, -31.200000762939453), (4.932050704956055, -27.399999618530273), (5.047759056091309, -27.165367126464844), (7.44775915145874, 27.165367126464844), (7.332050800323486, 27.399999618530273), (22.399999618530273, 19.200000762939453), (-20.667949676513672, 2.5999999046325684), (-20.81329345703125, 2.8175227642059326), (6.817523002624512, 24.81329345703125), (-17.600000381469727, -7.199999809265137), (-20.5522403717041, 0.8346331119537354), (-20.468149185180664, 1.0823619365692139), (4, -31.200000762939453), (5.047759056091309, -27.165367126464844), (5.131851673126221, -26.917638778686523), (7.531851768493652, 26.917638778686523), (7.44775915145874, 27.165367126464844), (22.399999618530273, 19.200000762939453), (-20.5522403717041, 2.3653669357299805), (-20.667949676513672, 2.5999999046325684), (6.817523002624512, 24.81329345703125), (-17.600000381469727, -7.199999809265137), (-20.468149185180664, 1.0823619365692139), (-20.417110443115234, 1.3389476537704468), (22.399999618530273, 19.200000762939453), (4, -31.200000762939453), (5.131851673126221, -26.917638778686523), (7.582889556884766, 26.661052703857422), (7.531851768493652, 26.917638778686523), (22.399999618530273, 19.200000762939453), (-20.468149185180664, 2.117638111114502), (-20.5522403717041, 2.3653669357299805), (6.817523002624512, 24.81329345703125), (-17.600000381469727, -7.199999809265137), (-20.417110443115234, 1.3389476537704468), (-20.399999618530273, 1.600000023841858), (22.399999618530273, 19.200000762939453), (5.131851673126221, -26.917638778686523), (5.182889938354492, -26.661052703857422), (7.599999904632568, 26.399999618530273), (7.582889556884766, 26.661052703857422), (22.399999618530273, 19.200000762939453), (-20.417110443115234, 1.861052393913269), (-20.468149185180664, 2.117638111114502), (6.817523002624512, 24.81329345703125), (-17.600000381469727, -7.199999809265137), (-20.399999618530273, 1.600000023841858), (-20.417110443115234, 1.861052393913269), (22.399999618530273, 19.200000762939453), (5.182889938354492, -26.661052703857422), (5.199999809265137, -26.399999618530273), (7.582889556884766, 26.138948440551758), (7.599999904632568, 26.399999618530273), (22.399999618530273, 19.200000762939453), (-17.600000381469727, -7.199999809265137), (-20.417110443115234, 1.861052393913269), (6.817523002624512, 24.81329345703125), (22.399999618530273, 19.200000762939453), (5.199999809265137, -26.399999618530273), (5.182889938354492, -26.138948440551758), (7.531851768493652, 25.882362365722656), (7.582889556884766, 26.138948440551758), (22.399999618530273, 19.200000762939453), (-17.600000381469727, -7.199999809265137), (6.817523002624512, 24.81329345703125), (7.014213562011719, 24.98578643798828), (22.399999618530273, 19.200000762939453), (5.182889938354492, -26.138948440551758), (5.131851673126221, -25.882362365722656), (7.44775915145874, 25.634634017944336), (7.531851768493652, 25.882362365722656), (22.399999618530273, 19.200000762939453), (-17.600000381469727, -7.199999809265137), (7.014213562011719, 24.98578643798828), (7.18670654296875, 25.182477951049805), (22.399999618530273, 19.200000762939453), (5.131851673126221, -25.882362365722656), (5.047759056091309, -25.634634017944336), (7.332050800323486, 25.399999618530273), (7.44775915145874, 25.634634017944336), (22.399999618530273, 19.200000762939453), (4.41752290725708, -24.81329345703125), (-17.600000381469727, -7.199999809265137), (7.18670654296875, 25.182477951049805), (22.399999618530273, 19.200000762939453), (5.047759056091309, -25.634634017944336), (4.932050704956055, -25.399999618530273), (7.18670654296875, 25.182477951049805), (7.332050800323486, 25.399999618530273), (22.399999618530273, 19.200000762939453), (4.614213466644287, -24.98578643798828), (4.41752290725708, -24.81329345703125), (7.18670654296875, 25.182477951049805), (22.399999618530273, 19.200000762939453), (4.932050704956055, -25.399999618530273), (4.786706447601318, -25.182477951049805), (4.614213466644287, -24.98578643798828), (7.18670654296875, 25.182477951049805), (22.399999618530273, 19.200000762939453), (22.399999618530273, 19.200000762939453), (4.786706447601318, -25.182477951049805), (4.614213466644287, -24.98578643798828), (-16.799999237060547, 19.200000762939453), (3.5999999046325684, 26.399999618530273), (3.617110252380371, 26.661052703857422), (3.617110252380371, 26.138948440551758), (3.5999999046325684, 26.399999618530273), (-16.799999237060547, 19.200000762939453), (-27.200000762939453, 6.400000095367432), (-27.200000762939453, -3.200000047683716), (-24.399999618530273, 1.600000023841858), (-24.382888793945312, 1.3389476537704468), (-24.399999618530273, 1.600000023841858), (-27.200000762939453, -3.200000047683716), (-17.600000381469727, -7.199999809265137), (-17.600000381469727, -20.799999237060547), (1.2000000476837158, -26.399999618530273), (1.217110276222229, -26.661052703857422), (1.2000000476837158, -26.399999618530273), (-17.600000381469727, -20.799999237060547), (4, -31.200000762939453), (22.399999618530273, -19.200000762939453), (22.399999618530273, 19.200000762939453), (-16.799999237060547, 19.200000762939453), (3.617110252380371, 26.661052703857422), (3.6681482791900635, 26.917638778686523), (3.6681482791900635, 25.882362365722656), (3.617110252380371, 26.138948440551758), (-16.799999237060547, 19.200000762939453), (-27.200000762939453, 6.400000095367432), (-24.399999618530273, 1.600000023841858), (-24.382888793945312, 1.861052393913269), (-24.331851959228516, 1.0823619365692139), (-24.382888793945312, 1.3389476537704468), (-27.200000762939453, -3.200000047683716), (-17.600000381469727, -7.199999809265137), (1.2000000476837158, -26.399999618530273), (1.217110276222229, -26.138948440551758), (1.2681483030319214, -26.917638778686523), (1.217110276222229, -26.661052703857422), (-17.600000381469727, -20.799999237060547), (-16.799999237060547, 19.200000762939453), (3.6681482791900635, 26.917638778686523), (3.7522408962249756, 27.165367126464844), (3.7522408962249756, 25.634634017944336), (3.6681482791900635, 25.882362365722656), (-16.799999237060547, 19.200000762939453), (-27.200000762939453, 6.400000095367432), (-24.382888793945312, 1.861052393913269), (-24.331851959228516, 2.117638111114502), (-24.247758865356445, 0.8346331119537354), (-24.331851959228516, 1.0823619365692139), (-27.200000762939453, -3.200000047683716), (-17.600000381469727, -7.199999809265137), (1.217110276222229, -26.138948440551758), (1.2681483030319214, -25.882362365722656), (1.3522409200668335, -27.165367126464844), (1.2681483030319214, -26.917638778686523), (-17.600000381469727, -20.799999237060547), (-16.799999237060547, 19.200000762939453), (3.7522408962249756, 27.165367126464844), (3.8679492473602295, 27.399999618530273), (3.8679492473602295, 25.399999618530273), (3.7522408962249756, 25.634634017944336), (-16.799999237060547, 19.200000762939453), (-27.200000762939453, 6.400000095367432), (-24.331851959228516, 2.117638111114502), (-24.247758865356445, 2.3653669357299805), (-24.132051467895508, 0.6000000238418579), (-24.247758865356445, 0.8346331119537354), (-27.200000762939453, -3.200000047683716), (-17.600000381469727, -7.199999809265137), (1.2681483030319214, -25.882362365722656), (1.3522409200668335, -25.634634017944336), (1.4679491519927979, -27.399999618530273), (1.3522409200668335, -27.165367126464844), (-17.600000381469727, -20.799999237060547), (6.400000095367432, 31.200000762939453), (-16.799999237060547, 19.200000762939453), (3.8679492473602295, 27.399999618530273), (4.013293266296387, 25.182477951049805), (3.8679492473602295, 25.399999618530273), (-16.799999237060547, 19.200000762939453), (-27.200000762939453, 6.400000095367432), (-24.247758865356445, 2.3653669357299805), (-24.132051467895508, 2.5999999046325684), (-23.986705780029297, 0.38247713446617126), (-24.132051467895508, 0.6000000238418579), (-27.200000762939453, -3.200000047683716), (-17.600000381469727, -7.199999809265137), (1.3522409200668335, -25.634634017944336), (1.4679491519927979, -25.399999618530273), (1.6132932901382446, -27.617523193359375), (1.4679491519927979, -27.399999618530273), (-17.600000381469727, -20.799999237060547), (6.400000095367432, 31.200000762939453), (3.8679492473602295, 27.399999618530273), (4.013293266296387, 27.617523193359375), (4.185786247253418, 24.98578643798828), (4.013293266296387, 25.182477951049805), (-16.799999237060547, 19.200000762939453), (-27.200000762939453, 6.400000095367432), (-24.132051467895508, 2.5999999046325684), (-23.986705780029297, 2.8175227642059326), (-23.814212799072266, 0.1857864409685135), (-23.986705780029297, 0.38247713446617126), (-27.200000762939453, -3.200000047683716), (-17.600000381469727, -7.199999809265137), (1.4679491519927979, -25.399999618530273), (1.6132932901382446, -25.182477951049805), (1.7857863903045654, -27.814212799072266), (1.6132932901382446, -27.617523193359375), (-17.600000381469727, -20.799999237060547), (6.400000095367432, 31.200000762939453), (4.013293266296387, 27.617523193359375), (4.185786247253418, 27.814212799072266), (4.382477283477783, 24.81329345703125), (4.185786247253418, 24.98578643798828), (-16.799999237060547, 19.200000762939453), (-27.200000762939453, 6.400000095367432), (-23.986705780029297, 2.8175227642059326), (-23.814212799072266, 3.0142135620117188), (-23.617523193359375, 0.013293319381773472), (-23.814212799072266, 0.1857864409685135), (-27.200000762939453, -3.200000047683716), (-17.600000381469727, -7.199999809265137), (1.6132932901382446, -25.182477951049805), (1.7857863903045654, -24.98578643798828), (1.9824771881103516, -27.986705780029297), (1.7857863903045654, -27.814212799072266), (-17.600000381469727, -20.799999237060547), (6.400000095367432, 31.200000762939453), (4.185786247253418, 27.814212799072266), (4.382477283477783, 27.986705780029297), (4.599999904632568, 24.667949676513672), (4.382477283477783, 24.81329345703125), (-16.799999237060547, 19.200000762939453), (-27.200000762939453, 6.400000095367432), (-23.814212799072266, 3.0142135620117188), (-23.617523193359375, 3.186706781387329), (-23.399999618530273, -0.13205081224441528), (-23.617523193359375, 0.013293319381773472), (-27.200000762939453, -3.200000047683716), (-17.600000381469727, -7.199999809265137), (1.7857863903045654, -24.98578643798828), (1.9824771881103516, -24.81329345703125), (2.200000047683716, -28.132051467895508), (1.9824771881103516, -27.986705780029297), (-17.600000381469727, -20.799999237060547), (6.400000095367432, 31.200000762939453), (4.382477283477783, 27.986705780029297), (4.599999904632568, 28.132051467895508), (4.8346333503723145, 24.5522403717041), (4.599999904632568, 24.667949676513672), (-16.799999237060547, 19.200000762939453), (-27.200000762939453, 6.400000095367432), (-23.617523193359375, 3.186706781387329), (-23.399999618530273, 3.3320508003234863), (-23.165367126464844, -0.24775905907154083), (-23.399999618530273, -0.13205081224441528), (-27.200000762939453, -3.200000047683716), (-17.600000381469727, -7.199999809265137), (1.9824771881103516, -24.81329345703125), (2.200000047683716, -24.667949676513672), (2.4346330165863037, -28.247758865356445), (2.200000047683716, -28.132051467895508), (-17.600000381469727, -20.799999237060547), (6.400000095367432, 31.200000762939453), (4.599999904632568, 28.132051467895508), (4.8346333503723145, 28.247758865356445), (5.082361698150635, 24.468149185180664), (4.8346333503723145, 24.5522403717041), (-16.799999237060547, 19.200000762939453), (-27.200000762939453, 6.400000095367432), (-23.399999618530273, 3.3320508003234863), (-23.165367126464844, 3.4477591514587402), (-22.917638778686523, -0.33185166120529175), (-23.165367126464844, -0.24775905907154083), (-27.200000762939453, -3.200000047683716), (-17.600000381469727, -7.199999809265137), (2.200000047683716, -24.667949676513672), (2.4346330165863037, -24.5522403717041), (2.4346330165863037, -28.247758865356445), (-17.600000381469727, -20.799999237060547), (4, -31.200000762939453), (6.400000095367432, 31.200000762939453), (4.8346333503723145, 28.247758865356445), (5.082361698150635, 28.331851959228516), (5.338947772979736, 24.417110443115234), (5.082361698150635, 24.468149185180664), (-16.799999237060547, 19.200000762939453), (-16.799999237060547, 6.400000095367432), (-27.200000762939453, 6.400000095367432), (-23.165367126464844, 3.4477591514587402), (-22.661052703857422, -0.3828897178173065), (-22.917638778686523, -0.33185166120529175), (-27.200000762939453, -3.200000047683716), (-17.600000381469727, -7.199999809265137), (2.4346330165863037, -24.5522403717041), (2.6823618412017822, -24.468149185180664), (2.6823618412017822, -28.331851959228516), (2.4346330165863037, -28.247758865356445), (4, -31.200000762939453), (6.400000095367432, 31.200000762939453), (5.082361698150635, 28.331851959228516), (5.338947772979736, 28.382888793945312), (5.599999904632568, 24.399999618530273), (5.338947772979736, 24.417110443115234), (-16.799999237060547, 19.200000762939453), (-16.799999237060547, 6.400000095367432), (-23.165367126464844, 3.4477591514587402), (-22.917638778686523, 3.5318517684936523), (-22.399999618530273, -0.4000000059604645), (-22.661052703857422, -0.3828897178173065), (-27.200000762939453, -3.200000047683716), (-17.600000381469727, -7.199999809265137), (2.6823618412017822, -24.468149185180664), (2.9389476776123047, -24.417110443115234), (2.9389476776123047, -28.382888793945312), (2.6823618412017822, -28.331851959228516), (4, -31.200000762939453), (6.400000095367432, 31.200000762939453), (5.338947772979736, 28.382888793945312), (5.599999904632568, 28.399999618530273), (5.861052513122559, 24.417110443115234), (5.599999904632568, 24.399999618530273), (-16.799999237060547, 19.200000762939453), (-16.799999237060547, 6.400000095367432), (-22.917638778686523, 3.5318517684936523), (-22.661052703857422, 3.5828897953033447), (-22.138948440551758, -0.3828897178173065), (-22.399999618530273, -0.4000000059604645), (-27.200000762939453, -3.200000047683716), (-17.600000381469727, -7.199999809265137), (2.9389476776123047, -24.417110443115234), (3.200000047683716, -24.399999618530273), (3.200000047683716, -28.399999618530273), (2.9389476776123047, -28.382888793945312), (4, -31.200000762939453), (6.400000095367432, 31.200000762939453), (5.599999904632568, 28.399999618530273), (5.861052513122559, 28.382888793945312), (6.117638111114502, 24.468149185180664), (5.861052513122559, 24.417110443115234), (-16.799999237060547, 19.200000762939453), (-16.799999237060547, 6.400000095367432), (-22.661052703857422, 3.5828897953033447), (-22.399999618530273, 3.5999999046325684), (-21.882362365722656, -0.33185166120529175), (-22.138948440551758, -0.3828897178173065), (-27.200000762939453, -3.200000047683716), (-17.600000381469727, -7.199999809265137), (3.200000047683716, -24.399999618530273), (3.461052417755127, -24.417110443115234), (3.461052417755127, -28.382888793945312), (3.200000047683716, -28.399999618530273), (4, -31.200000762939453), (6.400000095367432, 31.200000762939453), (5.861052513122559, 28.382888793945312), (6.117638111114502, 28.331851959228516), (6.117638111114502, 24.468149185180664), (-16.799999237060547, 19.200000762939453), (-16.799999237060547, 6.400000095367432), (-16.799999237060547, 6.400000095367432), (-22.399999618530273, 3.5999999046325684), (-22.138948440551758, 3.5828897953033447), (-21.634634017944336, -0.24775905907154083), (-21.882362365722656, -0.33185166120529175), (-27.200000762939453, -3.200000047683716), (-17.600000381469727, -7.199999809265137), (3.461052417755127, -24.417110443115234), (3.7176380157470703, -24.468149185180664), (3.7176380157470703, -28.331851959228516), (3.461052417755127, -28.382888793945312), (4, -31.200000762939453), (6.400000095367432, 31.200000762939453), (6.117638111114502, 28.331851959228516), (6.3653669357299805, 28.247758865356445), (6.3653669357299805, 24.5522403717041), (6.117638111114502, 24.468149185180664), (-16.799999237060547, 6.400000095367432), (-16.799999237060547, 6.400000095367432), (-22.138948440551758, 3.5828897953033447), (-21.882362365722656, 3.5318517684936523), (-21.399999618530273, -0.13205081224441528), (-21.634634017944336, -0.24775905907154083), (-27.200000762939453, -3.200000047683716), (-17.600000381469727, -7.199999809265137), (3.7176380157470703, -24.468149185180664), (3.965366840362549, -24.5522403717041), (3.965366840362549, -28.247758865356445), (3.7176380157470703, -28.331851959228516), (4, -31.200000762939453), (6.400000095367432, 31.200000762939453), (6.3653669357299805, 28.247758865356445), (6.599999904632568, 28.132051467895508), (6.599999904632568, 24.667949676513672), (6.3653669357299805, 24.5522403717041), (-16.799999237060547, 6.400000095367432), (-16.799999237060547, 6.400000095367432), (-21.882362365722656, 3.5318517684936523), (-21.634634017944336, 3.4477591514587402), (-21.399999618530273, -0.13205081224441528), (-27.200000762939453, -3.200000047683716), (-17.600000381469727, -7.199999809265137), (-17.600000381469727, -7.199999809265137), (3.965366840362549, -24.5522403717041), (4.199999809265137, -24.667949676513672), (4.199999809265137, -28.132051467895508), (3.965366840362549, -28.247758865356445), (4, -31.200000762939453), (22.399999618530273, 19.200000762939453), (6.400000095367432, 31.200000762939453), (6.599999904632568, 28.132051467895508), (6.817523002624512, 24.81329345703125), (6.599999904632568, 24.667949676513672), (-16.799999237060547, 6.400000095367432), (-16.799999237060547, 6.400000095367432), (-21.634634017944336, 3.4477591514587402), (-21.399999618530273, 3.3320508003234863), (-21.182477951049805, 0.013293319381773472), (-21.399999618530273, -0.13205081224441528), (-17.600000381469727, -7.199999809265137), (-17.600000381469727, -7.199999809265137), (4.199999809265137, -24.667949676513672), (4.41752290725708, -24.81329345703125), (4.41752290725708, -27.986705780029297), (4.199999809265137, -28.132051467895508), (4, -31.200000762939453), (22.399999618530273, 19.200000762939453), (6.599999904632568, 28.132051467895508), (6.817523002624512, 27.986705780029297), (-16.799999237060547, 6.400000095367432), (-21.399999618530273, 3.3320508003234863), (-21.182477951049805, 3.186706781387329), (-20.98578643798828, 0.1857864409685135), (-21.182477951049805, 0.013293319381773472), (-17.600000381469727, -7.199999809265137), (4.614213466644287, -27.814212799072266), (4.41752290725708, -27.986705780029297), (4, -31.200000762939453), (22.399999618530273, 19.200000762939453), (6.817523002624512, 27.986705780029297), (7.014213562011719, 27.814212799072266), (-16.799999237060547, 6.400000095367432), (-21.182477951049805, 3.186706781387329), (-20.98578643798828, 3.0142135620117188), (-20.81329345703125, 0.38247713446617126), (-20.98578643798828, 0.1857864409685135), (-17.600000381469727, -7.199999809265137), (4.786706447601318, -27.617523193359375), (4.614213466644287, -27.814212799072266), (4, -31.200000762939453), (22.399999618530273, 19.200000762939453), (7.014213562011719, 27.814212799072266), (7.18670654296875, 27.617523193359375), (6.817523002624512, 24.81329345703125), (-16.799999237060547, 6.400000095367432), (-20.98578643798828, 3.0142135620117188), (-20.667949676513672, 0.6000000238418579), (-20.81329345703125, 0.38247713446617126), (-17.600000381469727, -7.199999809265137), (4.932050704956055, -27.399999618530273), (4.786706447601318, -27.617523193359375), (4, -31.200000762939453), (22.399999618530273, 19.200000762939453), (7.18670654296875, 27.617523193359375), (7.332050800323486, 27.399999618530273), (6.817523002624512, 24.81329345703125), (-20.98578643798828, 3.0142135620117188), (-20.81329345703125, 2.8175227642059326), (-20.5522403717041, 0.8346331119537354), (-20.667949676513672, 0.6000000238418579), (-17.600000381469727, -7.199999809265137), (5.047759056091309, -27.165367126464844), (4.932050704956055, -27.399999618530273), (4, -31.200000762939453), (22.399999618530273, 19.200000762939453), (7.332050800323486, 27.399999618530273), (7.44775915145874, 27.165367126464844), (6.817523002624512, 24.81329345703125), (-20.81329345703125, 2.8175227642059326), (-20.667949676513672, 2.5999999046325684), (-20.468149185180664, 1.0823619365692139), (-20.5522403717041, 0.8346331119537354), (-17.600000381469727, -7.199999809265137), (5.131851673126221, -26.917638778686523), (5.047759056091309, -27.165367126464844), (4, -31.200000762939453), (22.399999618530273, 19.200000762939453), (7.44775915145874, 27.165367126464844), (7.531851768493652, 26.917638778686523), (6.817523002624512, 24.81329345703125), (-20.667949676513672, 2.5999999046325684), (-20.5522403717041, 2.3653669357299805), (-20.417110443115234, 1.3389476537704468), (-20.468149185180664, 1.0823619365692139), (-17.600000381469727, -7.199999809265137), (5.131851673126221, -26.917638778686523), (4, -31.200000762939453), (22.399999618530273, 19.200000762939453), (22.399999618530273, 19.200000762939453), (7.531851768493652, 26.917638778686523), (7.582889556884766, 26.661052703857422), (6.817523002624512, 24.81329345703125), (-20.5522403717041, 2.3653669357299805), (-20.468149185180664, 2.117638111114502), (-20.399999618530273, 1.600000023841858), (-20.417110443115234, 1.3389476537704468), (-17.600000381469727, -7.199999809265137), (5.182889938354492, -26.661052703857422), (5.131851673126221, -26.917638778686523), (22.399999618530273, 19.200000762939453), (22.399999618530273, 19.200000762939453), (7.582889556884766, 26.661052703857422), (7.599999904632568, 26.399999618530273), (6.817523002624512, 24.81329345703125), (-20.468149185180664, 2.117638111114502), (-20.417110443115234, 1.861052393913269), (-20.417110443115234, 1.861052393913269), (-20.399999618530273, 1.600000023841858), (-17.600000381469727, -7.199999809265137), (5.199999809265137, -26.399999618530273), (5.182889938354492, -26.661052703857422), (22.399999618530273, 19.200000762939453), (22.399999618530273, 19.200000762939453), (7.599999904632568, 26.399999618530273), (7.582889556884766, 26.138948440551758), (6.817523002624512, 24.81329345703125), (-20.417110443115234, 1.861052393913269), (-17.600000381469727, -7.199999809265137), (5.182889938354492, -26.138948440551758), (5.199999809265137, -26.399999618530273), (22.399999618530273, 19.200000762939453), (22.399999618530273, 19.200000762939453), (7.582889556884766, 26.138948440551758), (7.531851768493652, 25.882362365722656), (7.014213562011719, 24.98578643798828), (6.817523002624512, 24.81329345703125), (-17.600000381469727, -7.199999809265137), (5.131851673126221, -25.882362365722656), (5.182889938354492, -26.138948440551758), (22.399999618530273, 19.200000762939453), (22.399999618530273, 19.200000762939453), (7.531851768493652, 25.882362365722656), (7.44775915145874, 25.634634017944336), (7.18670654296875, 25.182477951049805), (7.014213562011719, 24.98578643798828), (-17.600000381469727, -7.199999809265137), (5.047759056091309, -25.634634017944336), (5.131851673126221, -25.882362365722656), (22.399999618530273, 19.200000762939453), (22.399999618530273, 19.200000762939453), (7.44775915145874, 25.634634017944336), (7.332050800323486, 25.399999618530273), (7.18670654296875, 25.182477951049805), (-17.600000381469727, -7.199999809265137), (4.41752290725708, -24.81329345703125), (4.932050704956055, -25.399999618530273), (5.047759056091309, -25.634634017944336), (22.399999618530273, 19.200000762939453), (22.399999618530273, 19.200000762939453), (7.332050800323486, 25.399999618530273), (7.18670654296875, 25.182477951049805), (7.18670654296875, 25.182477951049805), (4.41752290725708, -24.81329345703125), (4.614213466644287, -24.98578643798828), (4.786706447601318, -25.182477951049805), (4.932050704956055, -25.399999618530273), (22.399999618530273, 19.200000762939453), (22.399999618530273, 19.200000762939453), (7.18670654296875, 25.182477951049805), (4.614213466644287, -24.98578643798828), (4.614213466644287, -24.98578643798828), (4.786706447601318, -25.182477951049805), (22.399999618530273, 19.200000762939453), (-19.200000762939453, 1.2000000476837158), (19.200000762939453, 1.2000000476837158), (-19.295759201049805, 1.1414213180541992), (19.200000762939453, 1.2000000476837158), (19.288389205932617, 1.1414213180541992), (-19.295759201049805, 1.1414213180541992), (-19.295759201049805, 1.1414213180541992), (19.288389205932617, 1.1414213180541992), (-19.335424423217773, 1), (19.288389205932617, 1.1414213180541992), (19.325000762939453, 1), (-19.335424423217773, 1), (-19.335424423217773, 1), (19.325000762939453, 1), (-19.335424423217773, -1), (19.325000762939453, 1), (19.325000762939453, -1), (-19.335424423217773, -1), (-19.335424423217773, -1), (19.325000762939453, -1), (-19.295759201049805, -1.1414213180541992), (19.325000762939453, -1), (19.288389205932617, -1.1414213180541992), (-19.295759201049805, -1.1414213180541992), (-19.295759201049805, -1.1414213180541992), (19.288389205932617, -1.1414213180541992), (-19.200000762939453, -1.2000000476837158), (19.288389205932617, -1.1414213180541992), (19.200000762939453, -1.2000000476837158), (-19.200000762939453, -1.2000000476837158), (22.399999618530273, 1.2000000476837158), (6.400000095367432, 1.2000000476837158), (22.5767765045166, 1.1414213180541992), (6.400000095367432, 1.2000000476837158), (6.417318344116211, 1.1414213180541992), (22.5767765045166, 1.1414213180541992), (22.5767765045166, 1.1414213180541992), (6.417318344116211, 1.1414213180541992), (22.649999618530273, 1), (6.417318344116211, 1.1414213180541992), (6.424492359161377, 1), (22.649999618530273, 1), (22.649999618530273, 1), (6.424492359161377, 1), (22.649999618530273, -1), (6.424492359161377, 1), (6.424492359161377, -1), (22.649999618530273, -1), (22.649999618530273, -1), (6.424492359161377, -1), (22.5767765045166, -1.1414213180541992), (6.424492359161377, -1), (6.417318344116211, -1.1414213180541992), (22.5767765045166, -1.1414213180541992), (22.5767765045166, -1.1414213180541992), (6.417318344116211, -1.1414213180541992), (22.399999618530273, -1.2000000476837158), (6.417318344116211, -1.1414213180541992), (6.400000095367432, -1.2000000476837158), (22.399999618530273, -1.2000000476837158), (6.400000095367432, 1.2000000476837158), (-16.799999237060547, 1.2000000476837158), (6.417318344116211, 1.1414213180541992), (-16.799999237060547, 1.2000000476837158), (-16.976776123046875, 1.1414213180541992), (6.417318344116211, 1.1414213180541992), (6.417318344116211, 1.1414213180541992), (-16.976776123046875, 1.1414213180541992), (6.424492359161377, 1), (-16.976776123046875, 1.1414213180541992), (-17.049999237060547, 1), (6.424492359161377, 1), (6.424492359161377, 1), (-17.049999237060547, 1), (6.424492359161377, -1), (-17.049999237060547, 1), (-17.049999237060547, -1), (6.424492359161377, -1), (6.424492359161377, -1), (-17.049999237060547, -1), (6.417318344116211, -1.1414213180541992), (-17.049999237060547, -1), (-16.976776123046875, -1.1414213180541992), (6.417318344116211, -1.1414213180541992), (6.417318344116211, -1.1414213180541992), (-16.976776123046875, -1.1414213180541992), (6.400000095367432, -1.2000000476837158), (-16.976776123046875, -1.1414213180541992), (-16.799999237060547, -1.2000000476837158), (6.400000095367432, -1.2000000476837158), (19.200000762939453, 1.2000000476837158), (6.400000095367432, 1.2000000476837158), (19.307588577270508, 1.1414213180541992), (6.400000095367432, 1.2000000476837158), (6.576776504516602, 1.1414213180541992), (19.307588577270508, 1.1414213180541992), (19.307588577270508, 1.1414213180541992), (6.576776504516602, 1.1414213180541992), (19.35215187072754, 1), (6.576776504516602, 1.1414213180541992), (6.650000095367432, 1), (19.35215187072754, 1), (19.35215187072754, 1), (6.650000095367432, 1), (19.35215187072754, -1), (6.650000095367432, 1), (6.650000095367432, -1), (19.35215187072754, -1), (19.35215187072754, -1), (6.650000095367432, -1), (19.307588577270508, -1.1414213180541992), (6.650000095367432, -1), (6.576776504516602, -1.1414213180541992), (19.307588577270508, -1.1414213180541992), (19.307588577270508, -1.1414213180541992), (6.576776504516602, -1.1414213180541992), (19.200000762939453, -1.2000000476837158), (6.576776504516602, -1.1414213180541992), (6.400000095367432, -1.2000000476837158), (19.200000762939453, -1.2000000476837158), (-16.799999237060547, 1.2000000476837158), (-27.200000762939453, 1.2000000476837158), (-16.976776123046875, 1.1414213180541992), (-27.200000762939453, 1.2000000476837158), (-27.37677764892578, 1.1414213180541992), (-16.976776123046875, 1.1414213180541992), (-16.976776123046875, 1.1414213180541992), (-27.37677764892578, 1.1414213180541992), (-17.049999237060547, 1), (-27.37677764892578, 1.1414213180541992), (-27.450000762939453, 1), (-17.049999237060547, 1), (-17.049999237060547, 1), (-27.450000762939453, 1), (-17.049999237060547, -1), (-27.450000762939453, 1), (-27.450000762939453, -1), (-17.049999237060547, -1), (-17.049999237060547, -1), (-27.450000762939453, -1), (-16.976776123046875, -1.1414213180541992), (-27.450000762939453, -1), (-27.37677764892578, -1.1414213180541992), (-16.976776123046875, -1.1414213180541992), (-16.976776123046875, -1.1414213180541992), (-27.37677764892578, -1.1414213180541992), (-16.799999237060547, -1.2000000476837158), (-27.37677764892578, -1.1414213180541992), (-27.200000762939453, -1.2000000476837158), (-16.799999237060547, -1.2000000476837158), (6.400000095367432, 1.2000000476837158), (-3.200000047683716, 1.2000000476837158), (6.576776504516602, 1.1414213180541992), (-3.200000047683716, 1.2000000476837158), (-3.3178510665893555, 1.1414213180541992), (6.576776504516602, 1.1414213180541992), (6.576776504516602, 1.1414213180541992), (-3.3178510665893555, 1.1414213180541992), (6.650000095367432, 1), (-3.3178510665893555, 1.1414213180541992), (-3.366666555404663, 1), (6.650000095367432, 1), (6.650000095367432, 1), (-3.366666555404663, 1), (6.650000095367432, -1), (-3.366666555404663, 1), (-3.366666555404663, -1), (6.650000095367432, -1), (6.650000095367432, -1), (-3.366666555404663, -1), (6.576776504516602, -1.1414213180541992), (-3.366666555404663, -1), (-3.3178510665893555, -1.1414213180541992), (6.576776504516602, -1.1414213180541992), (6.576776504516602, -1.1414213180541992), (-3.3178510665893555, -1.1414213180541992), (6.400000095367432, -1.2000000476837158), (-3.3178510665893555, -1.1414213180541992), (-3.200000047683716, -1.2000000476837158), (6.400000095367432, -1.2000000476837158), (-27.200000762939453, 1.2000000476837158), (-17.600000381469727, 1.2000000476837158), (-27.37677764892578, 1.1414213180541992), (-17.600000381469727, 1.2000000476837158), (-17.776777267456055, 1.1414213180541992), (-27.37677764892578, 1.1414213180541992), (-27.37677764892578, 1.1414213180541992), (-17.776777267456055, 1.1414213180541992), (-27.450000762939453, 1), (-17.776777267456055, 1.1414213180541992), (-17.850000381469727, 1), (-27.450000762939453, 1), (-27.450000762939453, 1), (-17.850000381469727, 1), (-27.450000762939453, -1), (-17.850000381469727, 1), (-17.850000381469727, -1), (-27.450000762939453, -1), (-27.450000762939453, -1), (-17.850000381469727, -1), (-27.37677764892578, -1.1414213180541992), (-17.850000381469727, -1), (-17.776777267456055, -1.1414213180541992), (-27.37677764892578, -1.1414213180541992), (-27.37677764892578, -1.1414213180541992), (-17.776777267456055, -1.1414213180541992), (-27.200000762939453, -1.2000000476837158), (-17.776777267456055, -1.1414213180541992), (-17.600000381469727, -1.2000000476837158), (-27.200000762939453, -1.2000000476837158), (-7.199999809265137, 1.2000000476837158), (-20.799999237060547, 1.2000000476837158), (-7.3178510665893555, 1.1414213180541992), (-20.799999237060547, 1.2000000476837158), (-20.91108512878418, 1.1414213180541992), (-7.3178510665893555, 1.1414213180541992), (-7.3178510665893555, 1.1414213180541992), (-20.91108512878418, 1.1414213180541992), (-7.366666793823242, 1), (-20.91108512878418, 1.1414213180541992), (-20.95709800720215, 1), (-7.366666793823242, 1), (-7.366666793823242, 1), (-20.95709800720215, 1), (-7.366666793823242, -1), (-20.95709800720215, 1), (-20.95709800720215, -1), (-7.366666793823242, -1), (-7.366666793823242, -1), (-20.95709800720215, -1), (-7.3178510665893555, -1.1414213180541992), (-20.95709800720215, -1), (-20.91108512878418, -1.1414213180541992), (-7.3178510665893555, -1.1414213180541992), (-7.3178510665893555, -1.1414213180541992), (-20.91108512878418, -1.1414213180541992), (-7.199999809265137, -1.2000000476837158), (-20.91108512878418, -1.1414213180541992), (-20.799999237060547, -1.2000000476837158), (-7.199999809265137, -1.2000000476837158), (-17.600000381469727, 1.2000000476837158), (4, 1.2000000476837158), (-17.776777267456055, 1.1414213180541992), (4, 1.2000000476837158), (4.013097763061523, 1.1414213180541992), (-17.776777267456055, 1.1414213180541992), (-17.776777267456055, 1.1414213180541992), (4.013097763061523, 1.1414213180541992), (-17.850000381469727, 1), (4.013097763061523, 1.1414213180541992), (4.018523216247559, 1), (-17.850000381469727, 1), (-17.850000381469727, 1), (4.018523216247559, 1), (-17.850000381469727, -1), (4.018523216247559, 1), (4.018523216247559, -1), (-17.850000381469727, -1), (-17.850000381469727, -1), (4.018523216247559, -1), (-17.776777267456055, -1.1414213180541992), (4.018523216247559, -1), (4.013097763061523, -1.1414213180541992), (-17.776777267456055, -1.1414213180541992), (-17.776777267456055, -1.1414213180541992), (4.013097763061523, -1.1414213180541992), (-17.600000381469727, -1.2000000476837158), (4.013097763061523, -1.1414213180541992), (4, -1.2000000476837158), (-17.600000381469727, -1.2000000476837158), (4, 1.2000000476837158), (22.399999618530273, 1.2000000476837158), (4.013097763061523, 1.1414213180541992), (22.399999618530273, 1.2000000476837158), (22.5767765045166, 1.1414213180541992), (4.013097763061523, 1.1414213180541992), (4.013097763061523, 1.1414213180541992), (22.5767765045166, 1.1414213180541992), (4.018523216247559, 1), (22.5767765045166, 1.1414213180541992), (22.649999618530273, 1), (4.018523216247559, 1), (4.018523216247559, 1), (22.649999618530273, 1), (4.018523216247559, -1), (22.649999618530273, 1), (22.649999618530273, -1), (4.018523216247559, -1), (4.018523216247559, -1), (22.649999618530273, -1), (4.013097763061523, -1.1414213180541992), (22.649999618530273, -1), (22.5767765045166, -1.1414213180541992), (4.013097763061523, -1.1414213180541992), (4.013097763061523, -1.1414213180541992), (22.5767765045166, -1.1414213180541992), (4, -1.2000000476837158), (22.5767765045166, -1.1414213180541992), (22.399999618530273, -1.2000000476837158), (4, -1.2000000476837158), (-26.399999618530273, 1.2000000476837158), (-26.661052703857422, 1.2000000476837158), (-26.399999618530273, 1.1414213180541992), (-26.661052703857422, 1.2000000476837158), (-26.637928009033203, 1.1414213180541992), (-26.399999618530273, 1.1414213180541992), (-26.399999618530273, 1.1414213180541992), (-26.637928009033203, 1.1414213180541992), (-26.399999618530273, 1), (-26.637928009033203, 1.1414213180541992), (-26.62835121154785, 1), (-26.399999618530273, 1), (-26.399999618530273, 1), (-26.62835121154785, 1), (-26.399999618530273, -1), (-26.62835121154785, 1), (-26.62835121154785, -1), (-26.399999618530273, -1), (-26.399999618530273, -1), (-26.62835121154785, -1), (-26.399999618530273, -1.1414213180541992), (-26.62835121154785, -1), (-26.637928009033203, -1.1414213180541992), (-26.399999618530273, -1.1414213180541992), (-26.399999618530273, -1.1414213180541992), (-26.637928009033203, -1.1414213180541992), (-26.399999618530273, -1.2000000476837158), (-26.637928009033203, -1.1414213180541992), (-26.661052703857422, -1.2000000476837158), (-26.399999618530273, -1.2000000476837158), (-26.661052703857422, 1.2000000476837158), (-26.917638778686523, 1.2000000476837158), (-26.637928009033203, 1.1414213180541992), (-26.917638778686523, 1.2000000476837158), (-26.87178611755371, 1.1414213180541992), (-26.637928009033203, 1.1414213180541992), (-26.637928009033203, 1.1414213180541992), (-26.87178611755371, 1.1414213180541992), (-26.62835121154785, 1), (-26.87178611755371, 1.1414213180541992), (-26.852794647216797, 1), (-26.62835121154785, 1), (-26.62835121154785, 1), (-26.852794647216797, 1), (-26.62835121154785, -1), (-26.852794647216797, 1), (-26.852794647216797, -1), (-26.62835121154785, -1), (-26.62835121154785, -1), (-26.852794647216797, -1), (-26.637928009033203, -1.1414213180541992), (-26.852794647216797, -1), (-26.87178611755371, -1.1414213180541992), (-26.637928009033203, -1.1414213180541992), (-26.637928009033203, -1.1414213180541992), (-26.87178611755371, -1.1414213180541992), (-26.661052703857422, -1.2000000476837158), (-26.87178611755371, -1.1414213180541992), (-26.917638778686523, -1.2000000476837158), (-26.661052703857422, -1.2000000476837158), (-26.917638778686523, 1.2000000476837158), (-27.165367126464844, 1.2000000476837158), (-26.87178611755371, 1.1414213180541992), (-27.165367126464844, 1.2000000476837158), (-27.097572326660156, 1.1414213180541992), (-26.87178611755371, 1.1414213180541992), (-26.87178611755371, 1.1414213180541992), (-27.097572326660156, 1.1414213180541992), (-26.852794647216797, 1), (-27.097572326660156, 1.1414213180541992), (-27.069490432739258, 1), (-26.852794647216797, 1), (-26.852794647216797, 1), (-27.069490432739258, 1), (-26.852794647216797, -1), (-27.069490432739258, 1), (-27.069490432739258, -1), (-26.852794647216797, -1), (-26.852794647216797, -1), (-27.069490432739258, -1), (-26.87178611755371, -1.1414213180541992), (-27.069490432739258, -1), (-27.097572326660156, -1.1414213180541992), (-26.87178611755371, -1.1414213180541992), (-26.87178611755371, -1.1414213180541992), (-27.097572326660156, -1.1414213180541992), (-26.917638778686523, -1.2000000476837158), (-27.097572326660156, -1.1414213180541992), (-27.165367126464844, -1.2000000476837158), (-26.917638778686523, -1.2000000476837158), (-27.165367126464844, 1.2000000476837158), (-27.399999618530273, 1.2000000476837158), (-27.097572326660156, 1.1414213180541992), (-27.399999618530273, 1.2000000476837158), (-27.31142234802246, 1.1414213180541992), (-27.097572326660156, 1.1414213180541992), (-27.097572326660156, 1.1414213180541992), (-27.31142234802246, 1.1414213180541992), (-27.069490432739258, 1), (-27.31142234802246, 1.1414213180541992), (-27.27473258972168, 1), (-27.069490432739258, 1), (-27.069490432739258, 1), (-27.27473258972168, 1), (-27.069490432739258, -1), (-27.27473258972168, 1), (-27.27473258972168, -1), (-27.069490432739258, -1), (-27.069490432739258, -1), (-27.27473258972168, -1), (-27.097572326660156, -1.1414213180541992), (-27.27473258972168, -1), (-27.31142234802246, -1.1414213180541992), (-27.097572326660156, -1.1414213180541992), (-27.097572326660156, -1.1414213180541992), (-27.31142234802246, -1.1414213180541992), (-27.165367126464844, -1.2000000476837158), (-27.31142234802246, -1.1414213180541992), (-27.399999618530273, -1.2000000476837158), (-27.165367126464844, -1.2000000476837158), (-27.399999618530273, 1.2000000476837158), (-27.617523193359375, 1.2000000476837158), (-27.31142234802246, 1.1414213180541992), (-27.617523193359375, 1.2000000476837158), (-27.50967788696289, 1.1414213180541992), (-27.31142234802246, 1.1414213180541992), (-27.31142234802246, 1.1414213180541992), (-27.50967788696289, 1.1414213180541992), (-27.27473258972168, 1), (-27.50967788696289, 1.1414213180541992), (-27.46500587463379, 1), (-27.27473258972168, 1), (-27.27473258972168, 1), (-27.46500587463379, 1), (-27.27473258972168, -1), (-27.46500587463379, 1), (-27.46500587463379, -1), (-27.27473258972168, -1), (-27.27473258972168, -1), (-27.46500587463379, -1), (-27.31142234802246, -1.1414213180541992), (-27.46500587463379, -1), (-27.50967788696289, -1.1414213180541992), (-27.31142234802246, -1.1414213180541992), (-27.31142234802246, -1.1414213180541992), (-27.50967788696289, -1.1414213180541992), (-27.399999618530273, -1.2000000476837158), (-27.50967788696289, -1.1414213180541992), (-27.617523193359375, -1.2000000476837158), (-27.399999618530273, -1.2000000476837158), (-27.617523193359375, 1.2000000476837158), (-27.814212799072266, 1.2000000476837158), (-27.50967788696289, 1.1414213180541992), (-27.814212799072266, 1.2000000476837158), (-27.688945770263672, 1.1414213180541992), (-27.50967788696289, 1.1414213180541992), (-27.50967788696289, 1.1414213180541992), (-27.688945770263672, 1.1414213180541992), (-27.46500587463379, 1), (-27.688945770263672, 1.1414213180541992), (-27.63705825805664, 1), (-27.46500587463379, 1), (-27.46500587463379, 1), (-27.63705825805664, 1), (-27.46500587463379, -1), (-27.63705825805664, 1), (-27.63705825805664, -1), (-27.46500587463379, -1), (-27.46500587463379, -1), (-27.63705825805664, -1), (-27.50967788696289, -1.1414213180541992), (-27.63705825805664, -1), (-27.688945770263672, -1.1414213180541992), (-27.50967788696289, -1.1414213180541992), (-27.50967788696289, -1.1414213180541992), (-27.688945770263672, -1.1414213180541992), (-27.617523193359375, -1.2000000476837158), (-27.688945770263672, -1.1414213180541992), (-27.814212799072266, -1.2000000476837158), (-27.617523193359375, -1.2000000476837158), (4.614213466644287, 1.2000000476837158), (4.41752290725708, 1.2000000476837158), (4.488945484161377, 1.1414213180541992), (4.41752290725708, 1.2000000476837158), (4.3096771240234375, 1.1414213180541992), (4.488945484161377, 1.1414213180541992), (4.488945484161377, 1.1414213180541992), (4.3096771240234375, 1.1414213180541992), (4.4370574951171875, 1), (4.3096771240234375, 1.1414213180541992), (4.265006065368652, 1), (4.4370574951171875, 1), (4.4370574951171875, 1), (4.265006065368652, 1), (4.4370574951171875, -1), (4.265006065368652, 1), (4.265006065368652, -1), (4.4370574951171875, -1), (4.4370574951171875, -1), (4.265006065368652, -1), (4.488945484161377, -1.1414213180541992), (4.265006065368652, -1), (4.3096771240234375, -1.1414213180541992), (4.488945484161377, -1.1414213180541992), (4.488945484161377, -1.1414213180541992), (4.3096771240234375, -1.1414213180541992), (4.614213466644287, -1.2000000476837158), (4.3096771240234375, -1.1414213180541992), (4.41752290725708, -1.2000000476837158), (4.614213466644287, -1.2000000476837158), (4.41752290725708, 1.2000000476837158), (4.199999809265137, 1.2000000476837158), (4.3096771240234375, 1.1414213180541992), (4.199999809265137, 1.2000000476837158), (4.111422061920166, 1.1414213180541992), (4.3096771240234375, 1.1414213180541992), (4.3096771240234375, 1.1414213180541992), (4.111422061920166, 1.1414213180541992), (4.265006065368652, 1), (4.111422061920166, 1.1414213180541992), (4.074731826782227, 1), (4.265006065368652, 1), (4.265006065368652, 1), (4.074731826782227, 1), (4.265006065368652, -1), (4.074731826782227, 1), (4.074731826782227, -1), (4.265006065368652, -1), (4.265006065368652, -1), (4.074731826782227, -1), (4.3096771240234375, -1.1414213180541992), (4.074731826782227, -1), (4.111422061920166, -1.1414213180541992), (4.3096771240234375, -1.1414213180541992), (4.3096771240234375, -1.1414213180541992), (4.111422061920166, -1.1414213180541992), (4.41752290725708, -1.2000000476837158), (4.111422061920166, -1.1414213180541992), (4.199999809265137, -1.2000000476837158), (4.41752290725708, -1.2000000476837158), (4.199999809265137, 1.2000000476837158), (3.965366840362549, 1.2000000476837158), (4.111422061920166, 1.1414213180541992), (3.965366840362549, 1.2000000476837158), (3.8975722789764404, 1.1414213180541992), (4.111422061920166, 1.1414213180541992), (4.111422061920166, 1.1414213180541992), (3.8975722789764404, 1.1414213180541992), (4.074731826782227, 1), (3.8975722789764404, 1.1414213180541992), (3.869490623474121, 1), (4.074731826782227, 1), (4.074731826782227, 1), (3.869490623474121, 1), (4.074731826782227, -1), (3.869490623474121, 1), (3.869490623474121, -1), (4.074731826782227, -1), (4.074731826782227, -1), (3.869490623474121, -1), (4.111422061920166, -1.1414213180541992), (3.869490623474121, -1), (3.8975722789764404, -1.1414213180541992), (4.111422061920166, -1.1414213180541992), (4.111422061920166, -1.1414213180541992), (3.8975722789764404, -1.1414213180541992), (4.199999809265137, -1.2000000476837158), (3.8975722789764404, -1.1414213180541992), (3.965366840362549, -1.2000000476837158), (4.199999809265137, -1.2000000476837158), (3.965366840362549, 1.2000000476837158), (3.7176380157470703, 1.2000000476837158), (3.8975722789764404, 1.1414213180541992), (3.7176380157470703, 1.2000000476837158), (3.6717867851257324, 1.1414213180541992), (3.8975722789764404, 1.1414213180541992), (3.8975722789764404, 1.1414213180541992), (3.6717867851257324, 1.1414213180541992), (3.869490623474121, 1), (3.6717867851257324, 1.1414213180541992), (3.652794599533081, 1), (3.869490623474121, 1), (3.869490623474121, 1), (3.652794599533081, 1), (3.869490623474121, -1), (3.652794599533081, 1), (3.652794599533081, -1), (3.869490623474121, -1), (3.869490623474121, -1), (3.652794599533081, -1), (3.8975722789764404, -1.1414213180541992), (3.652794599533081, -1), (3.6717867851257324, -1.1414213180541992), (3.8975722789764404, -1.1414213180541992), (3.8975722789764404, -1.1414213180541992), (3.6717867851257324, -1.1414213180541992), (3.965366840362549, -1.2000000476837158), (3.6717867851257324, -1.1414213180541992), (3.7176380157470703, -1.2000000476837158), (3.965366840362549, -1.2000000476837158), (3.7176380157470703, 1.2000000476837158), (3.461052417755127, 1.2000000476837158), (3.6717867851257324, 1.1414213180541992), (3.461052417755127, 1.2000000476837158), (3.4379289150238037, 1.1414213180541992), (3.6717867851257324, 1.1414213180541992), (3.6717867851257324, 1.1414213180541992), (3.4379289150238037, 1.1414213180541992), (3.652794599533081, 1), (3.4379289150238037, 1.1414213180541992), (3.4283509254455566, 1), (3.652794599533081, 1), (3.652794599533081, 1), (3.4283509254455566, 1), (3.652794599533081, -1), (3.4283509254455566, 1), (3.4283509254455566, -1), (3.652794599533081, -1), (3.652794599533081, -1), (3.4283509254455566, -1), (3.6717867851257324, -1.1414213180541992), (3.4283509254455566, -1), (3.4379289150238037, -1.1414213180541992), (3.6717867851257324, -1.1414213180541992), (3.6717867851257324, -1.1414213180541992), (3.4379289150238037, -1.1414213180541992), (3.7176380157470703, -1.2000000476837158), (3.4379289150238037, -1.1414213180541992), (3.461052417755127, -1.2000000476837158), (3.7176380157470703, -1.2000000476837158), (3.461052417755127, 1.2000000476837158), (3.200000047683716, 1.2000000476837158), (3.4379289150238037, 1.1414213180541992), (3.200000047683716, 1.2000000476837158), (3.200000047683716, 1.1414213180541992), (3.4379289150238037, 1.1414213180541992), (3.4379289150238037, 1.1414213180541992), (3.200000047683716, 1.1414213180541992), (3.4283509254455566, 1), (3.200000047683716, 1.1414213180541992), (3.200000047683716, 1), (3.4283509254455566, 1), (3.4283509254455566, 1), (3.200000047683716, 1), (3.4283509254455566, -1), (3.200000047683716, 1), (3.200000047683716, -1), (3.4283509254455566, -1), (3.4283509254455566, -1), (3.200000047683716, -1), (3.4379289150238037, -1.1414213180541992), (3.200000047683716, -1), (3.200000047683716, -1.1414213180541992), (3.4379289150238037, -1.1414213180541992), (3.4379289150238037, -1.1414213180541992), (3.200000047683716, -1.1414213180541992), (3.461052417755127, -1.2000000476837158), (3.200000047683716, -1.1414213180541992), (3.200000047683716, -1.2000000476837158), (3.461052417755127, -1.2000000476837158), (3.200000047683716, 1.2000000476837158), (2.9389476776123047, 1.2000000476837158), (3.200000047683716, 1.1414213180541992), (2.9389476776123047, 1.2000000476837158), (2.962071180343628, 1.1414213180541992), (3.200000047683716, 1.1414213180541992), (3.200000047683716, 1.1414213180541992), (2.962071180343628, 1.1414213180541992), (3.200000047683716, 1), (2.962071180343628, 1.1414213180541992), (2.971649169921875, 1), (3.200000047683716, 1), (3.200000047683716, 1), (2.971649169921875, 1), (3.200000047683716, -1), (2.971649169921875, 1), (2.971649169921875, -1), (3.200000047683716, -1), (3.200000047683716, -1), (2.971649169921875, -1), (3.200000047683716, -1.1414213180541992), (2.971649169921875, -1), (2.962071180343628, -1.1414213180541992), (3.200000047683716, -1.1414213180541992), (3.200000047683716, -1.1414213180541992), (2.962071180343628, -1.1414213180541992), (3.200000047683716, -1.2000000476837158), (2.962071180343628, -1.1414213180541992), (2.9389476776123047, -1.2000000476837158), (3.200000047683716, -1.2000000476837158), (2.9389476776123047, 1.2000000476837158), (2.6823618412017822, 1.2000000476837158), (2.962071180343628, 1.1414213180541992), (2.6823618412017822, 1.2000000476837158), (2.728213310241699, 1.1414213180541992), (2.962071180343628, 1.1414213180541992), (2.962071180343628, 1.1414213180541992), (2.728213310241699, 1.1414213180541992), (2.971649169921875, 1), (2.728213310241699, 1.1414213180541992), (2.7472054958343506, 1), (2.971649169921875, 1), (2.971649169921875, 1), (2.7472054958343506, 1), (2.971649169921875, -1), (2.7472054958343506, 1), (2.7472054958343506, -1), (2.971649169921875, -1), (2.971649169921875, -1), (2.7472054958343506, -1), (2.962071180343628, -1.1414213180541992), (2.7472054958343506, -1), (2.728213310241699, -1.1414213180541992), (2.962071180343628, -1.1414213180541992), (2.962071180343628, -1.1414213180541992), (2.728213310241699, -1.1414213180541992), (2.9389476776123047, -1.2000000476837158), (2.728213310241699, -1.1414213180541992), (2.6823618412017822, -1.2000000476837158), (2.9389476776123047, -1.2000000476837158), (2.6823618412017822, 1.2000000476837158), (2.4346330165863037, 1.2000000476837158), (2.728213310241699, 1.1414213180541992), (2.4346330165863037, 1.2000000476837158), (2.502427816390991, 1.1414213180541992), (2.728213310241699, 1.1414213180541992), (2.728213310241699, 1.1414213180541992), (2.502427816390991, 1.1414213180541992), (2.7472054958343506, 1), (2.502427816390991, 1.1414213180541992), (2.5305092334747314, 1), (2.7472054958343506, 1), (2.7472054958343506, 1), (2.5305092334747314, 1), (2.7472054958343506, -1), (2.5305092334747314, 1), (2.5305092334747314, -1), (2.7472054958343506, -1), (2.7472054958343506, -1), (2.5305092334747314, -1), (2.728213310241699, -1.1414213180541992), (2.5305092334747314, -1), (2.502427816390991, -1.1414213180541992), (2.728213310241699, -1.1414213180541992), (2.728213310241699, -1.1414213180541992), (2.502427816390991, -1.1414213180541992), (2.6823618412017822, -1.2000000476837158), (2.502427816390991, -1.1414213180541992), (2.4346330165863037, -1.2000000476837158), (2.6823618412017822, -1.2000000476837158), (2.4346330165863037, 1.2000000476837158), (2.200000047683716, 1.2000000476837158), (2.502427816390991, 1.1414213180541992), (2.200000047683716, 1.2000000476837158), (2.2885780334472656, 1.1414213180541992), (2.502427816390991, 1.1414213180541992), (2.502427816390991, 1.1414213180541992), (2.2885780334472656, 1.1414213180541992), (2.5305092334747314, 1), (2.2885780334472656, 1.1414213180541992), (2.325268268585205, 1), (2.5305092334747314, 1), (2.5305092334747314, 1), (2.325268268585205, 1), (2.5305092334747314, -1), (2.325268268585205, 1), (2.325268268585205, -1), (2.5305092334747314, -1), (2.5305092334747314, -1), (2.325268268585205, -1), (2.502427816390991, -1.1414213180541992), (2.325268268585205, -1), (2.2885780334472656, -1.1414213180541992), (2.502427816390991, -1.1414213180541992), (2.502427816390991, -1.1414213180541992), (2.2885780334472656, -1.1414213180541992), (2.4346330165863037, -1.2000000476837158), (2.2885780334472656, -1.1414213180541992), (2.200000047683716, -1.2000000476837158), (2.4346330165863037, -1.2000000476837158), (2.200000047683716, 1.2000000476837158), (1.9824771881103516, 1.2000000476837158), (2.2885780334472656, 1.1414213180541992), (1.9824771881103516, 1.2000000476837158), (2.090322971343994, 1.1414213180541992), (2.2885780334472656, 1.1414213180541992), (2.2885780334472656, 1.1414213180541992), (2.090322971343994, 1.1414213180541992), (2.325268268585205, 1), (2.090322971343994, 1.1414213180541992), (2.1349940299987793, 1), (2.325268268585205, 1), (2.325268268585205, 1), (2.1349940299987793, 1), (2.325268268585205, -1), (2.1349940299987793, 1), (2.1349940299987793, -1), (2.325268268585205, -1), (2.325268268585205, -1), (2.1349940299987793, -1), (2.2885780334472656, -1.1414213180541992), (2.1349940299987793, -1), (2.090322971343994, -1.1414213180541992), (2.2885780334472656, -1.1414213180541992), (2.2885780334472656, -1.1414213180541992), (2.090322971343994, -1.1414213180541992), (2.200000047683716, -1.2000000476837158), (2.090322971343994, -1.1414213180541992), (1.9824771881103516, -1.2000000476837158), (2.200000047683716, -1.2000000476837158), (1.9824771881103516, 1.2000000476837158), (1.7857863903045654, 1.2000000476837158), (2.090322971343994, 1.1414213180541992), (1.7857863903045654, 1.2000000476837158), (1.9110546112060547, 1.1414213180541992), (2.090322971343994, 1.1414213180541992), (2.090322971343994, 1.1414213180541992), (1.9110546112060547, 1.1414213180541992), (2.1349940299987793, 1), (1.9110546112060547, 1.1414213180541992), (1.9629424810409546, 1), (2.1349940299987793, 1), (2.1349940299987793, 1), (1.9629424810409546, 1), (2.1349940299987793, -1), (1.9629424810409546, 1), (1.9629424810409546, -1), (2.1349940299987793, -1), (2.1349940299987793, -1), (1.9629424810409546, -1), (2.090322971343994, -1.1414213180541992), (1.9629424810409546, -1), (1.9110546112060547, -1.1414213180541992), (2.090322971343994, -1.1414213180541992), (2.090322971343994, -1.1414213180541992), (1.9110546112060547, -1.1414213180541992), (1.9824771881103516, -1.2000000476837158), (1.9110546112060547, -1.1414213180541992), (1.7857863903045654, -1.2000000476837158), (1.9824771881103516, -1.2000000476837158), (-27.814212799072266, 1.2000000476837158), (-27.617523193359375, 1.2000000476837158), (-27.688945770263672, 1.1414213180541992), (-27.617523193359375, 1.2000000476837158), (-27.50967788696289, 1.1414213180541992), (-27.688945770263672, 1.1414213180541992), (-27.688945770263672, 1.1414213180541992), (-27.50967788696289, 1.1414213180541992), (-27.63705825805664, 1), (-27.50967788696289, 1.1414213180541992), (-27.46500587463379, 1), (-27.63705825805664, 1), (-27.63705825805664, 1), (-27.46500587463379, 1), (-27.63705825805664, -1), (-27.46500587463379, 1), (-27.46500587463379, -1), (-27.63705825805664, -1), (-27.63705825805664, -1), (-27.46500587463379, -1), (-27.688945770263672, -1.1414213180541992), (-27.46500587463379, -1), (-27.50967788696289, -1.1414213180541992), (-27.688945770263672, -1.1414213180541992), (-27.688945770263672, -1.1414213180541992), (-27.50967788696289, -1.1414213180541992), (-27.814212799072266, -1.2000000476837158), (-27.50967788696289, -1.1414213180541992), (-27.617523193359375, -1.2000000476837158), (-27.814212799072266, -1.2000000476837158), (-27.617523193359375, 1.2000000476837158), (-27.399999618530273, 1.2000000476837158), (-27.50967788696289, 1.1414213180541992), (-27.399999618530273, 1.2000000476837158), (-27.31142234802246, 1.1414213180541992), (-27.50967788696289, 1.1414213180541992), (-27.50967788696289, 1.1414213180541992), (-27.31142234802246, 1.1414213180541992), (-27.46500587463379, 1), (-27.31142234802246, 1.1414213180541992), (-27.27473258972168, 1), (-27.46500587463379, 1), (-27.46500587463379, 1), (-27.27473258972168, 1), (-27.46500587463379, -1), (-27.27473258972168, 1), (-27.27473258972168, -1), (-27.46500587463379, -1), (-27.46500587463379, -1), (-27.27473258972168, -1), (-27.50967788696289, -1.1414213180541992), (-27.27473258972168, -1), (-27.31142234802246, -1.1414213180541992), (-27.50967788696289, -1.1414213180541992), (-27.50967788696289, -1.1414213180541992), (-27.31142234802246, -1.1414213180541992), (-27.617523193359375, -1.2000000476837158), (-27.31142234802246, -1.1414213180541992), (-27.399999618530273, -1.2000000476837158), (-27.617523193359375, -1.2000000476837158), (-27.399999618530273, 1.2000000476837158), (-27.165367126464844, 1.2000000476837158), (-27.31142234802246, 1.1414213180541992), (-27.165367126464844, 1.2000000476837158), (-27.097572326660156, 1.1414213180541992), (-27.31142234802246, 1.1414213180541992), (-27.31142234802246, 1.1414213180541992), (-27.097572326660156, 1.1414213180541992), (-27.27473258972168, 1), (-27.097572326660156, 1.1414213180541992), (-27.069490432739258, 1), (-27.27473258972168, 1), (-27.27473258972168, 1), (-27.069490432739258, 1), (-27.27473258972168, -1), (-27.069490432739258, 1), (-27.069490432739258, -1), (-27.27473258972168, -1), (-27.27473258972168, -1), (-27.069490432739258, -1), (-27.31142234802246, -1.1414213180541992), (-27.069490432739258, -1), (-27.097572326660156, -1.1414213180541992), (-27.31142234802246, -1.1414213180541992), (-27.31142234802246, -1.1414213180541992), (-27.097572326660156, -1.1414213180541992), (-27.399999618530273, -1.2000000476837158), (-27.097572326660156, -1.1414213180541992), (-27.165367126464844, -1.2000000476837158), (-27.399999618530273, -1.2000000476837158), (-27.165367126464844, 1.2000000476837158), (-26.917638778686523, 1.2000000476837158), (-27.097572326660156, 1.1414213180541992), (-26.917638778686523, 1.2000000476837158), (-26.87178611755371, 1.1414213180541992), (-27.097572326660156, 1.1414213180541992), (-27.097572326660156, 1.1414213180541992), (-26.87178611755371, 1.1414213180541992), (-27.069490432739258, 1), (-26.87178611755371, 1.1414213180541992), (-26.852794647216797, 1), (-27.069490432739258, 1), (-27.069490432739258, 1), (-26.852794647216797, 1), (-27.069490432739258, -1), (-26.852794647216797, 1), (-26.852794647216797, -1), (-27.069490432739258, -1), (-27.069490432739258, -1), (-26.852794647216797, -1), (-27.097572326660156, -1.1414213180541992), (-26.852794647216797, -1), (-26.87178611755371, -1.1414213180541992), (-27.097572326660156, -1.1414213180541992), (-27.097572326660156, -1.1414213180541992), (-26.87178611755371, -1.1414213180541992), (-27.165367126464844, -1.2000000476837158), (-26.87178611755371, -1.1414213180541992), (-26.917638778686523, -1.2000000476837158), (-27.165367126464844, -1.2000000476837158), (-26.917638778686523, 1.2000000476837158), (-26.661052703857422, 1.2000000476837158), (-26.87178611755371, 1.1414213180541992), (-26.661052703857422, 1.2000000476837158), (-26.637928009033203, 1.1414213180541992), (-26.87178611755371, 1.1414213180541992), (-26.87178611755371, 1.1414213180541992), (-26.637928009033203, 1.1414213180541992), (-26.852794647216797, 1), (-26.637928009033203, 1.1414213180541992), (-26.62835121154785, 1), (-26.852794647216797, 1), (-26.852794647216797, 1), (-26.62835121154785, 1), (-26.852794647216797, -1), (-26.62835121154785, 1), (-26.62835121154785, -1), (-26.852794647216797, -1), (-26.852794647216797, -1), (-26.62835121154785, -1), (-26.87178611755371, -1.1414213180541992), (-26.62835121154785, -1), (-26.637928009033203, -1.1414213180541992), (-26.87178611755371, -1.1414213180541992), (-26.87178611755371, -1.1414213180541992), (-26.637928009033203, -1.1414213180541992), (-26.917638778686523, -1.2000000476837158), (-26.637928009033203, -1.1414213180541992), (-26.661052703857422, -1.2000000476837158), (-26.917638778686523, -1.2000000476837158), (-26.661052703857422, 1.2000000476837158), (-26.399999618530273, 1.2000000476837158), (-26.637928009033203, 1.1414213180541992), (-26.399999618530273, 1.2000000476837158), (-26.399999618530273, 1.1414213180541992), (-26.637928009033203, 1.1414213180541992), (-26.637928009033203, 1.1414213180541992), (-26.399999618530273, 1.1414213180541992), (-26.62835121154785, 1), (-26.399999618530273, 1.1414213180541992), (-26.399999618530273, 1), (-26.62835121154785, 1), (-26.62835121154785, 1), (-26.399999618530273, 1), (-26.62835121154785, -1), (-26.399999618530273, 1), (-26.399999618530273, -1), (-26.62835121154785, -1), (-26.62835121154785, -1), (-26.399999618530273, -1), (-26.637928009033203, -1.1414213180541992), (-26.399999618530273, -1), (-26.399999618530273, -1.1414213180541992), (-26.637928009033203, -1.1414213180541992), (-26.637928009033203, -1.1414213180541992), (-26.399999618530273, -1.1414213180541992), (-26.661052703857422, -1.2000000476837158), (-26.399999618530273, -1.1414213180541992), (-26.399999618530273, -1.2000000476837158), (-26.661052703857422, -1.2000000476837158), (-26.399999618530273, 1.2000000476837158), (-26.138948440551758, 1.2000000476837158), (-26.399999618530273, 1.1414213180541992), (-26.138948440551758, 1.2000000476837158), (-26.162071228027344, 1.1414213180541992), (-26.399999618530273, 1.1414213180541992), (-26.399999618530273, 1.1414213180541992), (-26.162071228027344, 1.1414213180541992), (-26.399999618530273, 1), (-26.162071228027344, 1.1414213180541992), (-26.171649932861328, 1), (-26.399999618530273, 1), (-26.399999618530273, 1), (-26.171649932861328, 1), (-26.399999618530273, -1), (-26.171649932861328, 1), (-26.171649932861328, -1), (-26.399999618530273, -1), (-26.399999618530273, -1), (-26.171649932861328, -1), (-26.399999618530273, -1.1414213180541992), (-26.171649932861328, -1), (-26.162071228027344, -1.1414213180541992), (-26.399999618530273, -1.1414213180541992), (-26.399999618530273, -1.1414213180541992), (-26.162071228027344, -1.1414213180541992), (-26.399999618530273, -1.2000000476837158), (-26.162071228027344, -1.1414213180541992), (-26.138948440551758, -1.2000000476837158), (-26.399999618530273, -1.2000000476837158), (-26.138948440551758, 1.2000000476837158), (-25.882362365722656, 1.2000000476837158), (-26.162071228027344, 1.1414213180541992), (-25.882362365722656, 1.2000000476837158), (-25.928213119506836, 1.1414213180541992), (-26.162071228027344, 1.1414213180541992), (-26.162071228027344, 1.1414213180541992), (-25.928213119506836, 1.1414213180541992), (-26.171649932861328, 1), (-25.928213119506836, 1.1414213180541992), (-25.94720458984375, 1), (-26.171649932861328, 1), (-26.171649932861328, 1), (-25.94720458984375, 1), (-26.171649932861328, -1), (-25.94720458984375, 1), (-25.94720458984375, -1), (-26.171649932861328, -1), (-26.171649932861328, -1), (-25.94720458984375, -1), (-26.162071228027344, -1.1414213180541992), (-25.94720458984375, -1), (-25.928213119506836, -1.1414213180541992), (-26.162071228027344, -1.1414213180541992), (-26.162071228027344, -1.1414213180541992), (-25.928213119506836, -1.1414213180541992), (-26.138948440551758, -1.2000000476837158), (-25.928213119506836, -1.1414213180541992), (-25.882362365722656, -1.2000000476837158), (-26.138948440551758, -1.2000000476837158), (-25.882362365722656, 1.2000000476837158), (-25.634634017944336, 1.2000000476837158), (-25.928213119506836, 1.1414213180541992), (-25.634634017944336, 1.2000000476837158), (-25.70242691040039, 1.1414213180541992), (-25.928213119506836, 1.1414213180541992), (-25.928213119506836, 1.1414213180541992), (-25.70242691040039, 1.1414213180541992), (-25.94720458984375, 1), (-25.70242691040039, 1.1414213180541992), (-25.73050880432129, 1), (-25.94720458984375, 1), (-25.94720458984375, 1), (-25.73050880432129, 1), (-25.94720458984375, -1), (-25.73050880432129, 1), (-25.73050880432129, -1), (-25.94720458984375, -1), (-25.94720458984375, -1), (-25.73050880432129, -1), (-25.928213119506836, -1.1414213180541992), (-25.73050880432129, -1), (-25.70242691040039, -1.1414213180541992), (-25.928213119506836, -1.1414213180541992), (-25.928213119506836, -1.1414213180541992), (-25.70242691040039, -1.1414213180541992), (-25.882362365722656, -1.2000000476837158), (-25.70242691040039, -1.1414213180541992), (-25.634634017944336, -1.2000000476837158), (-25.882362365722656, -1.2000000476837158), (-25.634634017944336, 1.2000000476837158), (-25.399999618530273, 1.2000000476837158), (-25.70242691040039, 1.1414213180541992), (-25.399999618530273, 1.2000000476837158), (-25.48857879638672, 1.1414213180541992), (-25.70242691040039, 1.1414213180541992), (-25.70242691040039, 1.1414213180541992), (-25.48857879638672, 1.1414213180541992), (-25.73050880432129, 1), (-25.48857879638672, 1.1414213180541992), (-25.5252685546875, 1), (-25.73050880432129, 1), (-25.73050880432129, 1), (-25.5252685546875, 1), (-25.73050880432129, -1), (-25.5252685546875, 1), (-25.5252685546875, -1), (-25.73050880432129, -1), (-25.73050880432129, -1), (-25.5252685546875, -1), (-25.70242691040039, -1.1414213180541992), (-25.5252685546875, -1), (-25.48857879638672, -1.1414213180541992), (-25.70242691040039, -1.1414213180541992), (-25.70242691040039, -1.1414213180541992), (-25.48857879638672, -1.1414213180541992), (-25.634634017944336, -1.2000000476837158), (-25.48857879638672, -1.1414213180541992), (-25.399999618530273, -1.2000000476837158), (-25.634634017944336, -1.2000000476837158), (-25.399999618530273, 1.2000000476837158), (-25.182477951049805, 1.2000000476837158), (-25.48857879638672, 1.1414213180541992), (-25.182477951049805, 1.2000000476837158), (-25.29032325744629, 1.1414213180541992), (-25.48857879638672, 1.1414213180541992), (-25.48857879638672, 1.1414213180541992), (-25.29032325744629, 1.1414213180541992), (-25.5252685546875, 1), (-25.29032325744629, 1.1414213180541992), (-25.334993362426758, 1), (-25.5252685546875, 1), (-25.5252685546875, 1), (-25.334993362426758, 1), (-25.5252685546875, -1), (-25.334993362426758, 1), (-25.334993362426758, -1), (-25.5252685546875, -1), (-25.5252685546875, -1), (-25.334993362426758, -1), (-25.48857879638672, -1.1414213180541992), (-25.334993362426758, -1), (-25.29032325744629, -1.1414213180541992), (-25.48857879638672, -1.1414213180541992), (-25.48857879638672, -1.1414213180541992), (-25.29032325744629, -1.1414213180541992), (-25.399999618530273, -1.2000000476837158), (-25.29032325744629, -1.1414213180541992), (-25.182477951049805, -1.2000000476837158), (-25.399999618530273, -1.2000000476837158), (-25.182477951049805, 1.2000000476837158), (-24.98578643798828, 1.2000000476837158), (-25.29032325744629, 1.1414213180541992), (-24.98578643798828, 1.2000000476837158), (-25.111055374145508, 1.1414213180541992), (-25.29032325744629, 1.1414213180541992), (-25.29032325744629, 1.1414213180541992), (-25.111055374145508, 1.1414213180541992), (-25.334993362426758, 1), (-25.111055374145508, 1.1414213180541992), (-25.16294288635254, 1), (-25.334993362426758, 1), (-25.334993362426758, 1), (-25.16294288635254, 1), (-25.334993362426758, -1), (-25.16294288635254, 1), (-25.16294288635254, -1), (-25.334993362426758, -1), (-25.334993362426758, -1), (-25.16294288635254, -1), (-25.29032325744629, -1.1414213180541992), (-25.16294288635254, -1), (-25.111055374145508, -1.1414213180541992), (-25.29032325744629, -1.1414213180541992), (-25.29032325744629, -1.1414213180541992), (-25.111055374145508, -1.1414213180541992), (-25.182477951049805, -1.2000000476837158), (-25.111055374145508, -1.1414213180541992), (-24.98578643798828, -1.2000000476837158), (-25.182477951049805, -1.2000000476837158), (1.7857863903045654, 1.2000000476837158), (1.9824771881103516, 1.2000000476837158), (1.9110546112060547, 1.1414213180541992), (1.9824771881103516, 1.2000000476837158), (2.090322971343994, 1.1414213180541992), (1.9110546112060547, 1.1414213180541992), (1.9110546112060547, 1.1414213180541992), (2.090322971343994, 1.1414213180541992), (1.9629424810409546, 1), (2.090322971343994, 1.1414213180541992), (2.1349940299987793, 1), (1.9629424810409546, 1), (1.9629424810409546, 1), (2.1349940299987793, 1), (1.9629424810409546, -1), (2.1349940299987793, 1), (2.1349940299987793, -1), (1.9629424810409546, -1), (1.9629424810409546, -1), (2.1349940299987793, -1), (1.9110546112060547, -1.1414213180541992), (2.1349940299987793, -1), (2.090322971343994, -1.1414213180541992), (1.9110546112060547, -1.1414213180541992), (1.9110546112060547, -1.1414213180541992), (2.090322971343994, -1.1414213180541992), (1.7857863903045654, -1.2000000476837158), (2.090322971343994, -1.1414213180541992), (1.9824771881103516, -1.2000000476837158), (1.7857863903045654, -1.2000000476837158), (1.9824771881103516, 1.2000000476837158), (2.200000047683716, 1.2000000476837158), (2.090322971343994, 1.1414213180541992), (2.200000047683716, 1.2000000476837158), (2.2885780334472656, 1.1414213180541992), (2.090322971343994, 1.1414213180541992), (2.090322971343994, 1.1414213180541992), (2.2885780334472656, 1.1414213180541992), (2.1349940299987793, 1), (2.2885780334472656, 1.1414213180541992), (2.325268268585205, 1), (2.1349940299987793, 1), (2.1349940299987793, 1), (2.325268268585205, 1), (2.1349940299987793, -1), (2.325268268585205, 1), (2.325268268585205, -1), (2.1349940299987793, -1), (2.1349940299987793, -1), (2.325268268585205, -1), (2.090322971343994, -1.1414213180541992), (2.325268268585205, -1), (2.2885780334472656, -1.1414213180541992), (2.090322971343994, -1.1414213180541992), (2.090322971343994, -1.1414213180541992), (2.2885780334472656, -1.1414213180541992), (1.9824771881103516, -1.2000000476837158), (2.2885780334472656, -1.1414213180541992), (2.200000047683716, -1.2000000476837158), (1.9824771881103516, -1.2000000476837158), (2.200000047683716, 1.2000000476837158), (2.4346330165863037, 1.2000000476837158), (2.2885780334472656, 1.1414213180541992), (2.4346330165863037, 1.2000000476837158), (2.502427816390991, 1.1414213180541992), (2.2885780334472656, 1.1414213180541992), (2.2885780334472656, 1.1414213180541992), (2.502427816390991, 1.1414213180541992), (2.325268268585205, 1), (2.502427816390991, 1.1414213180541992), (2.5305092334747314, 1), (2.325268268585205, 1), (2.325268268585205, 1), (2.5305092334747314, 1), (2.325268268585205, -1), (2.5305092334747314, 1), (2.5305092334747314, -1), (2.325268268585205, -1), (2.325268268585205, -1), (2.5305092334747314, -1), (2.2885780334472656, -1.1414213180541992), (2.5305092334747314, -1), (2.502427816390991, -1.1414213180541992), (2.2885780334472656, -1.1414213180541992), (2.2885780334472656, -1.1414213180541992), (2.502427816390991, -1.1414213180541992), (2.200000047683716, -1.2000000476837158), (2.502427816390991, -1.1414213180541992), (2.4346330165863037, -1.2000000476837158), (2.200000047683716, -1.2000000476837158), (2.4346330165863037, 1.2000000476837158), (2.6823618412017822, 1.2000000476837158), (2.502427816390991, 1.1414213180541992), (2.6823618412017822, 1.2000000476837158), (2.728213310241699, 1.1414213180541992), (2.502427816390991, 1.1414213180541992), (2.502427816390991, 1.1414213180541992), (2.728213310241699, 1.1414213180541992), (2.5305092334747314, 1), (2.728213310241699, 1.1414213180541992), (2.7472054958343506, 1), (2.5305092334747314, 1), (2.5305092334747314, 1), (2.7472054958343506, 1), (2.5305092334747314, -1), (2.7472054958343506, 1), (2.7472054958343506, -1), (2.5305092334747314, -1), (2.5305092334747314, -1), (2.7472054958343506, -1), (2.502427816390991, -1.1414213180541992), (2.7472054958343506, -1), (2.728213310241699, -1.1414213180541992), (2.502427816390991, -1.1414213180541992), (2.502427816390991, -1.1414213180541992), (2.728213310241699, -1.1414213180541992), (2.4346330165863037, -1.2000000476837158), (2.728213310241699, -1.1414213180541992), (2.6823618412017822, -1.2000000476837158), (2.4346330165863037, -1.2000000476837158), (2.6823618412017822, 1.2000000476837158), (2.9389476776123047, 1.2000000476837158), (2.728213310241699, 1.1414213180541992), (2.9389476776123047, 1.2000000476837158), (2.962071180343628, 1.1414213180541992), (2.728213310241699, 1.1414213180541992), (2.728213310241699, 1.1414213180541992), (2.962071180343628, 1.1414213180541992), (2.7472054958343506, 1), (2.962071180343628, 1.1414213180541992), (2.971649169921875, 1), (2.7472054958343506, 1), (2.7472054958343506, 1), (2.971649169921875, 1), (2.7472054958343506, -1), (2.971649169921875, 1), (2.971649169921875, -1), (2.7472054958343506, -1), (2.7472054958343506, -1), (2.971649169921875, -1), (2.728213310241699, -1.1414213180541992), (2.971649169921875, -1), (2.962071180343628, -1.1414213180541992), (2.728213310241699, -1.1414213180541992), (2.728213310241699, -1.1414213180541992), (2.962071180343628, -1.1414213180541992), (2.6823618412017822, -1.2000000476837158), (2.962071180343628, -1.1414213180541992), (2.9389476776123047, -1.2000000476837158), (2.6823618412017822, -1.2000000476837158), (2.9389476776123047, 1.2000000476837158), (3.200000047683716, 1.2000000476837158), (2.962071180343628, 1.1414213180541992), (3.200000047683716, 1.2000000476837158), (3.200000047683716, 1.1414213180541992), (2.962071180343628, 1.1414213180541992), (2.962071180343628, 1.1414213180541992), (3.200000047683716, 1.1414213180541992), (2.971649169921875, 1), (3.200000047683716, 1.1414213180541992), (3.200000047683716, 1), (2.971649169921875, 1), (2.971649169921875, 1), (3.200000047683716, 1), (2.971649169921875, -1), (3.200000047683716, 1), (3.200000047683716, -1), (2.971649169921875, -1), (2.971649169921875, -1), (3.200000047683716, -1), (2.962071180343628, -1.1414213180541992), (3.200000047683716, -1), (3.200000047683716, -1.1414213180541992), (2.962071180343628, -1.1414213180541992), (2.962071180343628, -1.1414213180541992), (3.200000047683716, -1.1414213180541992), (2.9389476776123047, -1.2000000476837158), (3.200000047683716, -1.1414213180541992), (3.200000047683716, -1.2000000476837158), (2.9389476776123047, -1.2000000476837158), (3.200000047683716, 1.2000000476837158), (3.461052417755127, 1.2000000476837158), (3.200000047683716, 1.1414213180541992), (3.461052417755127, 1.2000000476837158), (3.4379289150238037, 1.1414213180541992), (3.200000047683716, 1.1414213180541992), (3.200000047683716, 1.1414213180541992), (3.4379289150238037, 1.1414213180541992), (3.200000047683716, 1), (3.4379289150238037, 1.1414213180541992), (3.4283509254455566, 1), (3.200000047683716, 1), (3.200000047683716, 1), (3.4283509254455566, 1), (3.200000047683716, -1), (3.4283509254455566, 1), (3.4283509254455566, -1), (3.200000047683716, -1), (3.200000047683716, -1), (3.4283509254455566, -1), (3.200000047683716, -1.1414213180541992), (3.4283509254455566, -1), (3.4379289150238037, -1.1414213180541992), (3.200000047683716, -1.1414213180541992), (3.200000047683716, -1.1414213180541992), (3.4379289150238037, -1.1414213180541992), (3.200000047683716, -1.2000000476837158), (3.4379289150238037, -1.1414213180541992), (3.461052417755127, -1.2000000476837158), (3.200000047683716, -1.2000000476837158), (3.461052417755127, 1.2000000476837158), (3.7176380157470703, 1.2000000476837158), (3.4379289150238037, 1.1414213180541992), (3.7176380157470703, 1.2000000476837158), (3.6717867851257324, 1.1414213180541992), (3.4379289150238037, 1.1414213180541992), (3.4379289150238037, 1.1414213180541992), (3.6717867851257324, 1.1414213180541992), (3.4283509254455566, 1), (3.6717867851257324, 1.1414213180541992), (3.652794599533081, 1), (3.4283509254455566, 1), (3.4283509254455566, 1), (3.652794599533081, 1), (3.4283509254455566, -1), (3.652794599533081, 1), (3.652794599533081, -1), (3.4283509254455566, -1), (3.4283509254455566, -1), (3.652794599533081, -1), (3.4379289150238037, -1.1414213180541992), (3.652794599533081, -1), (3.6717867851257324, -1.1414213180541992), (3.4379289150238037, -1.1414213180541992), (3.4379289150238037, -1.1414213180541992), (3.6717867851257324, -1.1414213180541992), (3.461052417755127, -1.2000000476837158), (3.6717867851257324, -1.1414213180541992), (3.7176380157470703, -1.2000000476837158), (3.461052417755127, -1.2000000476837158), (3.7176380157470703, 1.2000000476837158), (3.965366840362549, 1.2000000476837158), (3.6717867851257324, 1.1414213180541992), (3.965366840362549, 1.2000000476837158), (3.8975722789764404, 1.1414213180541992), (3.6717867851257324, 1.1414213180541992), (3.6717867851257324, 1.1414213180541992), (3.8975722789764404, 1.1414213180541992), (3.652794599533081, 1), (3.8975722789764404, 1.1414213180541992), (3.869490623474121, 1), (3.652794599533081, 1), (3.652794599533081, 1), (3.869490623474121, 1), (3.652794599533081, -1), (3.869490623474121, 1), (3.869490623474121, -1), (3.652794599533081, -1), (3.652794599533081, -1), (3.869490623474121, -1), (3.6717867851257324, -1.1414213180541992), (3.869490623474121, -1), (3.8975722789764404, -1.1414213180541992), (3.6717867851257324, -1.1414213180541992), (3.6717867851257324, -1.1414213180541992), (3.8975722789764404, -1.1414213180541992), (3.7176380157470703, -1.2000000476837158), (3.8975722789764404, -1.1414213180541992), (3.965366840362549, -1.2000000476837158), (3.7176380157470703, -1.2000000476837158), (3.965366840362549, 1.2000000476837158), (4.199999809265137, 1.2000000476837158), (3.8975722789764404, 1.1414213180541992), (4.199999809265137, 1.2000000476837158), (4.111422061920166, 1.1414213180541992), (3.8975722789764404, 1.1414213180541992), (3.8975722789764404, 1.1414213180541992), (4.111422061920166, 1.1414213180541992), (3.869490623474121, 1), (4.111422061920166, 1.1414213180541992), (4.074731826782227, 1), (3.869490623474121, 1), (3.869490623474121, 1), (4.074731826782227, 1), (3.869490623474121, -1), (4.074731826782227, 1), (4.074731826782227, -1), (3.869490623474121, -1), (3.869490623474121, -1), (4.074731826782227, -1), (3.8975722789764404, -1.1414213180541992), (4.074731826782227, -1), (4.111422061920166, -1.1414213180541992), (3.8975722789764404, -1.1414213180541992), (3.8975722789764404, -1.1414213180541992), (4.111422061920166, -1.1414213180541992), (3.965366840362549, -1.2000000476837158), (4.111422061920166, -1.1414213180541992), (4.199999809265137, -1.2000000476837158), (3.965366840362549, -1.2000000476837158), (4.199999809265137, 1.2000000476837158), (4.41752290725708, 1.2000000476837158), (4.111422061920166, 1.1414213180541992), (4.41752290725708, 1.2000000476837158), (4.3096771240234375, 1.1414213180541992), (4.111422061920166, 1.1414213180541992), (4.111422061920166, 1.1414213180541992), (4.3096771240234375, 1.1414213180541992), (4.074731826782227, 1), (4.3096771240234375, 1.1414213180541992), (4.265006065368652, 1), (4.074731826782227, 1), (4.074731826782227, 1), (4.265006065368652, 1), (4.074731826782227, -1), (4.265006065368652, 1), (4.265006065368652, -1), (4.074731826782227, -1), (4.074731826782227, -1), (4.265006065368652, -1), (4.111422061920166, -1.1414213180541992), (4.265006065368652, -1), (4.3096771240234375, -1.1414213180541992), (4.111422061920166, -1.1414213180541992), (4.111422061920166, -1.1414213180541992), (4.3096771240234375, -1.1414213180541992), (4.199999809265137, -1.2000000476837158), (4.3096771240234375, -1.1414213180541992), (4.41752290725708, -1.2000000476837158), (4.199999809265137, -1.2000000476837158), (4.41752290725708, 1.2000000476837158), (4.614213466644287, 1.2000000476837158), (4.3096771240234375, 1.1414213180541992), (4.614213466644287, 1.2000000476837158), (4.488945484161377, 1.1414213180541992), (4.3096771240234375, 1.1414213180541992), (4.3096771240234375, 1.1414213180541992), (4.488945484161377, 1.1414213180541992), (4.265006065368652, 1), (4.488945484161377, 1.1414213180541992), (4.4370574951171875, 1), (4.265006065368652, 1), (4.265006065368652, 1), (4.4370574951171875, 1), (4.265006065368652, -1), (4.4370574951171875, 1), (4.4370574951171875, -1), (4.265006065368652, -1), (4.265006065368652, -1), (4.4370574951171875, -1), (4.3096771240234375, -1.1414213180541992), (4.4370574951171875, -1), (4.488945484161377, -1.1414213180541992), (4.3096771240234375, -1.1414213180541992), (4.3096771240234375, -1.1414213180541992), (4.488945484161377, -1.1414213180541992), (4.41752290725708, -1.2000000476837158), (4.488945484161377, -1.1414213180541992), (4.614213466644287, -1.2000000476837158), (4.41752290725708, -1.2000000476837158), (-24.98578643798828, 1.2000000476837158), (-25.182477951049805, 1.2000000476837158), (-25.111055374145508, 1.1414213180541992), (-25.182477951049805, 1.2000000476837158), (-25.29032325744629, 1.1414213180541992), (-25.111055374145508, 1.1414213180541992), (-25.111055374145508, 1.1414213180541992), (-25.29032325744629, 1.1414213180541992), (-25.16294288635254, 1), (-25.29032325744629, 1.1414213180541992), (-25.334993362426758, 1), (-25.16294288635254, 1), (-25.16294288635254, 1), (-25.334993362426758, 1), (-25.16294288635254, -1), (-25.334993362426758, 1), (-25.334993362426758, -1), (-25.16294288635254, -1), (-25.16294288635254, -1), (-25.334993362426758, -1), (-25.111055374145508, -1.1414213180541992), (-25.334993362426758, -1), (-25.29032325744629, -1.1414213180541992), (-25.111055374145508, -1.1414213180541992), (-25.111055374145508, -1.1414213180541992), (-25.29032325744629, -1.1414213180541992), (-24.98578643798828, -1.2000000476837158), (-25.29032325744629, -1.1414213180541992), (-25.182477951049805, -1.2000000476837158), (-24.98578643798828, -1.2000000476837158), (-25.182477951049805, 1.2000000476837158), (-25.399999618530273, 1.2000000476837158), (-25.29032325744629, 1.1414213180541992), (-25.399999618530273, 1.2000000476837158), (-25.48857879638672, 1.1414213180541992), (-25.29032325744629, 1.1414213180541992), (-25.29032325744629, 1.1414213180541992), (-25.48857879638672, 1.1414213180541992), (-25.334993362426758, 1), (-25.48857879638672, 1.1414213180541992), (-25.5252685546875, 1), (-25.334993362426758, 1), (-25.334993362426758, 1), (-25.5252685546875, 1), (-25.334993362426758, -1), (-25.5252685546875, 1), (-25.5252685546875, -1), (-25.334993362426758, -1), (-25.334993362426758, -1), (-25.5252685546875, -1), (-25.29032325744629, -1.1414213180541992), (-25.5252685546875, -1), (-25.48857879638672, -1.1414213180541992), (-25.29032325744629, -1.1414213180541992), (-25.29032325744629, -1.1414213180541992), (-25.48857879638672, -1.1414213180541992), (-25.182477951049805, -1.2000000476837158), (-25.48857879638672, -1.1414213180541992), (-25.399999618530273, -1.2000000476837158), (-25.182477951049805, -1.2000000476837158), (-25.399999618530273, 1.2000000476837158), (-25.634634017944336, 1.2000000476837158), (-25.48857879638672, 1.1414213180541992), (-25.634634017944336, 1.2000000476837158), (-25.70242691040039, 1.1414213180541992), (-25.48857879638672, 1.1414213180541992), (-25.48857879638672, 1.1414213180541992), (-25.70242691040039, 1.1414213180541992), (-25.5252685546875, 1), (-25.70242691040039, 1.1414213180541992), (-25.73050880432129, 1), (-25.5252685546875, 1), (-25.5252685546875, 1), (-25.73050880432129, 1), (-25.5252685546875, -1), (-25.73050880432129, 1), (-25.73050880432129, -1), (-25.5252685546875, -1), (-25.5252685546875, -1), (-25.73050880432129, -1), (-25.48857879638672, -1.1414213180541992), (-25.73050880432129, -1), (-25.70242691040039, -1.1414213180541992), (-25.48857879638672, -1.1414213180541992), (-25.48857879638672, -1.1414213180541992), (-25.70242691040039, -1.1414213180541992), (-25.399999618530273, -1.2000000476837158), (-25.70242691040039, -1.1414213180541992), (-25.634634017944336, -1.2000000476837158), (-25.399999618530273, -1.2000000476837158), (-25.634634017944336, 1.2000000476837158), (-25.882362365722656, 1.2000000476837158), (-25.70242691040039, 1.1414213180541992), (-25.882362365722656, 1.2000000476837158), (-25.928213119506836, 1.1414213180541992), (-25.70242691040039, 1.1414213180541992), (-25.70242691040039, 1.1414213180541992), (-25.928213119506836, 1.1414213180541992), (-25.73050880432129, 1), (-25.928213119506836, 1.1414213180541992), (-25.94720458984375, 1), (-25.73050880432129, 1), (-25.73050880432129, 1), (-25.94720458984375, 1), (-25.73050880432129, -1), (-25.94720458984375, 1), (-25.94720458984375, -1), (-25.73050880432129, -1), (-25.73050880432129, -1), (-25.94720458984375, -1), (-25.70242691040039, -1.1414213180541992), (-25.94720458984375, -1), (-25.928213119506836, -1.1414213180541992), (-25.70242691040039, -1.1414213180541992), (-25.70242691040039, -1.1414213180541992), (-25.928213119506836, -1.1414213180541992), (-25.634634017944336, -1.2000000476837158), (-25.928213119506836, -1.1414213180541992), (-25.882362365722656, -1.2000000476837158), (-25.634634017944336, -1.2000000476837158), (-25.882362365722656, 1.2000000476837158), (-26.138948440551758, 1.2000000476837158), (-25.928213119506836, 1.1414213180541992), (-26.138948440551758, 1.2000000476837158), (-26.162071228027344, 1.1414213180541992), (-25.928213119506836, 1.1414213180541992), (-25.928213119506836, 1.1414213180541992), (-26.162071228027344, 1.1414213180541992), (-25.94720458984375, 1), (-26.162071228027344, 1.1414213180541992), (-26.171649932861328, 1), (-25.94720458984375, 1), (-25.94720458984375, 1), (-26.171649932861328, 1), (-25.94720458984375, -1), (-26.171649932861328, 1), (-26.171649932861328, -1), (-25.94720458984375, -1), (-25.94720458984375, -1), (-26.171649932861328, -1), (-25.928213119506836, -1.1414213180541992), (-26.171649932861328, -1), (-26.162071228027344, -1.1414213180541992), (-25.928213119506836, -1.1414213180541992), (-25.928213119506836, -1.1414213180541992), (-26.162071228027344, -1.1414213180541992), (-25.882362365722656, -1.2000000476837158), (-26.162071228027344, -1.1414213180541992), (-26.138948440551758, -1.2000000476837158), (-25.882362365722656, -1.2000000476837158), (-26.138948440551758, 1.2000000476837158), (-26.399999618530273, 1.2000000476837158), (-26.162071228027344, 1.1414213180541992), (-26.399999618530273, 1.2000000476837158), (-26.399999618530273, 1.1414213180541992), (-26.162071228027344, 1.1414213180541992), (-26.162071228027344, 1.1414213180541992), (-26.399999618530273, 1.1414213180541992), (-26.171649932861328, 1), (-26.399999618530273, 1.1414213180541992), (-26.399999618530273, 1), (-26.171649932861328, 1), (-26.171649932861328, 1), (-26.399999618530273, 1), (-26.171649932861328, -1), (-26.399999618530273, 1), (-26.399999618530273, -1), (-26.171649932861328, -1), (-26.171649932861328, -1), (-26.399999618530273, -1), (-26.162071228027344, -1.1414213180541992), (-26.399999618530273, -1), (-26.399999618530273, -1.1414213180541992), (-26.162071228027344, -1.1414213180541992), (-26.162071228027344, -1.1414213180541992), (-26.399999618530273, -1.1414213180541992), (-26.138948440551758, -1.2000000476837158), (-26.399999618530273, -1.1414213180541992), (-26.399999618530273, -1.2000000476837158), (-26.138948440551758, -1.2000000476837158), (26.399999618530273, 1.2000000476837158), (26.138948440551758, 1.2000000476837158), (26.399999618530273, 1.1414213180541992), (26.138948440551758, 1.2000000476837158), (26.162071228027344, 1.1414213180541992), (26.399999618530273, 1.1414213180541992), (26.399999618530273, 1.1414213180541992), (26.162071228027344, 1.1414213180541992), (26.399999618530273, 1), (26.162071228027344, 1.1414213180541992), (26.171649932861328, 1), (26.399999618530273, 1), (26.399999618530273, 1), (26.171649932861328, 1), (26.399999618530273, -1), (26.171649932861328, 1), (26.171649932861328, -1), (26.399999618530273, -1), (26.399999618530273, -1), (26.171649932861328, -1), (26.399999618530273, -1.1414213180541992), (26.171649932861328, -1), (26.162071228027344, -1.1414213180541992), (26.399999618530273, -1.1414213180541992), (26.399999618530273, -1.1414213180541992), (26.162071228027344, -1.1414213180541992), (26.399999618530273, -1.2000000476837158), (26.162071228027344, -1.1414213180541992), (26.138948440551758, -1.2000000476837158), (26.399999618530273, -1.2000000476837158), (26.138948440551758, 1.2000000476837158), (25.882362365722656, 1.2000000476837158), (26.162071228027344, 1.1414213180541992), (25.882362365722656, 1.2000000476837158), (25.928213119506836, 1.1414213180541992), (26.162071228027344, 1.1414213180541992), (26.162071228027344, 1.1414213180541992), (25.928213119506836, 1.1414213180541992), (26.171649932861328, 1), (25.928213119506836, 1.1414213180541992), (25.94720458984375, 1), (26.171649932861328, 1), (26.171649932861328, 1), (25.94720458984375, 1), (26.171649932861328, -1), (25.94720458984375, 1), (25.94720458984375, -1), (26.171649932861328, -1), (26.171649932861328, -1), (25.94720458984375, -1), (26.162071228027344, -1.1414213180541992), (25.94720458984375, -1), (25.928213119506836, -1.1414213180541992), (26.162071228027344, -1.1414213180541992), (26.162071228027344, -1.1414213180541992), (25.928213119506836, -1.1414213180541992), (26.138948440551758, -1.2000000476837158), (25.928213119506836, -1.1414213180541992), (25.882362365722656, -1.2000000476837158), (26.138948440551758, -1.2000000476837158), (25.882362365722656, 1.2000000476837158), (25.634634017944336, 1.2000000476837158), (25.928213119506836, 1.1414213180541992), (25.634634017944336, 1.2000000476837158), (25.70242691040039, 1.1414213180541992), (25.928213119506836, 1.1414213180541992), (25.928213119506836, 1.1414213180541992), (25.70242691040039, 1.1414213180541992), (25.94720458984375, 1), (25.70242691040039, 1.1414213180541992), (25.73050880432129, 1), (25.94720458984375, 1), (25.94720458984375, 1), (25.73050880432129, 1), (25.94720458984375, -1), (25.73050880432129, 1), (25.73050880432129, -1), (25.94720458984375, -1), (25.94720458984375, -1), (25.73050880432129, -1), (25.928213119506836, -1.1414213180541992), (25.73050880432129, -1), (25.70242691040039, -1.1414213180541992), (25.928213119506836, -1.1414213180541992), (25.928213119506836, -1.1414213180541992), (25.70242691040039, -1.1414213180541992), (25.882362365722656, -1.2000000476837158), (25.70242691040039, -1.1414213180541992), (25.634634017944336, -1.2000000476837158), (25.882362365722656, -1.2000000476837158), (25.634634017944336, 1.2000000476837158), (25.399999618530273, 1.2000000476837158), (25.70242691040039, 1.1414213180541992), (25.399999618530273, 1.2000000476837158), (25.48857879638672, 1.1414213180541992), (25.70242691040039, 1.1414213180541992), (25.70242691040039, 1.1414213180541992), (25.48857879638672, 1.1414213180541992), (25.73050880432129, 1), (25.48857879638672, 1.1414213180541992), (25.5252685546875, 1), (25.73050880432129, 1), (25.73050880432129, 1), (25.5252685546875, 1), (25.73050880432129, -1), (25.5252685546875, 1), (25.5252685546875, -1), (25.73050880432129, -1), (25.73050880432129, -1), (25.5252685546875, -1), (25.70242691040039, -1.1414213180541992), (25.5252685546875, -1), (25.48857879638672, -1.1414213180541992), (25.70242691040039, -1.1414213180541992), (25.70242691040039, -1.1414213180541992), (25.48857879638672, -1.1414213180541992), (25.634634017944336, -1.2000000476837158), (25.48857879638672, -1.1414213180541992), (25.399999618530273, -1.2000000476837158), (25.634634017944336, -1.2000000476837158), (25.399999618530273, 1.2000000476837158), (25.182477951049805, 1.2000000476837158), (25.48857879638672, 1.1414213180541992), (25.182477951049805, 1.2000000476837158), (25.29032325744629, 1.1414213180541992), (25.48857879638672, 1.1414213180541992), (25.48857879638672, 1.1414213180541992), (25.29032325744629, 1.1414213180541992), (25.5252685546875, 1), (25.29032325744629, 1.1414213180541992), (25.334993362426758, 1), (25.5252685546875, 1), (25.5252685546875, 1), (25.334993362426758, 1), (25.5252685546875, -1), (25.334993362426758, 1), (25.334993362426758, -1), (25.5252685546875, -1), (25.5252685546875, -1), (25.334993362426758, -1), (25.48857879638672, -1.1414213180541992), (25.334993362426758, -1), (25.29032325744629, -1.1414213180541992), (25.48857879638672, -1.1414213180541992), (25.48857879638672, -1.1414213180541992), (25.29032325744629, -1.1414213180541992), (25.399999618530273, -1.2000000476837158), (25.29032325744629, -1.1414213180541992), (25.182477951049805, -1.2000000476837158), (25.399999618530273, -1.2000000476837158), (25.182477951049805, 1.2000000476837158), (24.98578643798828, 1.2000000476837158), (25.29032325744629, 1.1414213180541992), (24.98578643798828, 1.2000000476837158), (25.111055374145508, 1.1414213180541992), (25.29032325744629, 1.1414213180541992), (25.29032325744629, 1.1414213180541992), (25.111055374145508, 1.1414213180541992), (25.334993362426758, 1), (25.111055374145508, 1.1414213180541992), (25.16294288635254, 1), (25.334993362426758, 1), (25.334993362426758, 1), (25.16294288635254, 1), (25.334993362426758, -1), (25.16294288635254, 1), (25.16294288635254, -1), (25.334993362426758, -1), (25.334993362426758, -1), (25.16294288635254, -1), (25.29032325744629, -1.1414213180541992), (25.16294288635254, -1), (25.111055374145508, -1.1414213180541992), (25.29032325744629, -1.1414213180541992), (25.29032325744629, -1.1414213180541992), (25.111055374145508, -1.1414213180541992), (25.182477951049805, -1.2000000476837158), (25.111055374145508, -1.1414213180541992), (24.98578643798828, -1.2000000476837158), (25.182477951049805, -1.2000000476837158), (7.014213562011719, 1.2000000476837158), (6.817523002624512, 1.2000000476837158), (6.888945579528809, 1.1414213180541992), (6.817523002624512, 1.2000000476837158), (6.709677219390869, 1.1414213180541992), (6.888945579528809, 1.1414213180541992), (6.888945579528809, 1.1414213180541992), (6.709677219390869, 1.1414213180541992), (6.837057590484619, 1), (6.709677219390869, 1.1414213180541992), (6.665006160736084, 1), (6.837057590484619, 1), (6.837057590484619, 1), (6.665006160736084, 1), (6.837057590484619, -1), (6.665006160736084, 1), (6.665006160736084, -1), (6.837057590484619, -1), (6.837057590484619, -1), (6.665006160736084, -1), (6.888945579528809, -1.1414213180541992), (6.665006160736084, -1), (6.709677219390869, -1.1414213180541992), (6.888945579528809, -1.1414213180541992), (6.888945579528809, -1.1414213180541992), (6.709677219390869, -1.1414213180541992), (7.014213562011719, -1.2000000476837158), (6.709677219390869, -1.1414213180541992), (6.817523002624512, -1.2000000476837158), (7.014213562011719, -1.2000000476837158), (6.817523002624512, 1.2000000476837158), (6.599999904632568, 1.2000000476837158), (6.709677219390869, 1.1414213180541992), (6.599999904632568, 1.2000000476837158), (6.511422157287598, 1.1414213180541992), (6.709677219390869, 1.1414213180541992), (6.709677219390869, 1.1414213180541992), (6.511422157287598, 1.1414213180541992), (6.665006160736084, 1), (6.511422157287598, 1.1414213180541992), (6.474731922149658, 1), (6.665006160736084, 1), (6.665006160736084, 1), (6.474731922149658, 1), (6.665006160736084, -1), (6.474731922149658, 1), (6.474731922149658, -1), (6.665006160736084, -1), (6.665006160736084, -1), (6.474731922149658, -1), (6.709677219390869, -1.1414213180541992), (6.474731922149658, -1), (6.511422157287598, -1.1414213180541992), (6.709677219390869, -1.1414213180541992), (6.709677219390869, -1.1414213180541992), (6.511422157287598, -1.1414213180541992), (6.817523002624512, -1.2000000476837158), (6.511422157287598, -1.1414213180541992), (6.599999904632568, -1.2000000476837158), (6.817523002624512, -1.2000000476837158), (6.599999904632568, 1.2000000476837158), (6.3653669357299805, 1.2000000476837158), (6.511422157287598, 1.1414213180541992), (6.3653669357299805, 1.2000000476837158), (6.297572135925293, 1.1414213180541992), (6.511422157287598, 1.1414213180541992), (6.511422157287598, 1.1414213180541992), (6.297572135925293, 1.1414213180541992), (6.474731922149658, 1), (6.297572135925293, 1.1414213180541992), (6.269490718841553, 1), (6.474731922149658, 1), (6.474731922149658, 1), (6.269490718841553, 1), (6.474731922149658, -1), (6.269490718841553, 1), (6.269490718841553, -1), (6.474731922149658, -1), (6.474731922149658, -1), (6.269490718841553, -1), (6.511422157287598, -1.1414213180541992), (6.269490718841553, -1), (6.297572135925293, -1.1414213180541992), (6.511422157287598, -1.1414213180541992), (6.511422157287598, -1.1414213180541992), (6.297572135925293, -1.1414213180541992), (6.599999904632568, -1.2000000476837158), (6.297572135925293, -1.1414213180541992), (6.3653669357299805, -1.2000000476837158), (6.599999904632568, -1.2000000476837158), (6.3653669357299805, 1.2000000476837158), (6.117638111114502, 1.2000000476837158), (6.297572135925293, 1.1414213180541992), (6.117638111114502, 1.2000000476837158), (6.071786880493164, 1.1414213180541992), (6.297572135925293, 1.1414213180541992), (6.297572135925293, 1.1414213180541992), (6.071786880493164, 1.1414213180541992), (6.269490718841553, 1), (6.071786880493164, 1.1414213180541992), (6.052794456481934, 1), (6.269490718841553, 1), (6.269490718841553, 1), (6.052794456481934, 1), (6.269490718841553, -1), (6.052794456481934, 1), (6.052794456481934, -1), (6.269490718841553, -1), (6.269490718841553, -1), (6.052794456481934, -1), (6.297572135925293, -1.1414213180541992), (6.052794456481934, -1), (6.071786880493164, -1.1414213180541992), (6.297572135925293, -1.1414213180541992), (6.297572135925293, -1.1414213180541992), (6.071786880493164, -1.1414213180541992), (6.3653669357299805, -1.2000000476837158), (6.071786880493164, -1.1414213180541992), (6.117638111114502, -1.2000000476837158), (6.3653669357299805, -1.2000000476837158), (6.117638111114502, 1.2000000476837158), (5.861052513122559, 1.2000000476837158), (6.071786880493164, 1.1414213180541992), (5.861052513122559, 1.2000000476837158), (5.837928771972656, 1.1414213180541992), (6.071786880493164, 1.1414213180541992), (6.071786880493164, 1.1414213180541992), (5.837928771972656, 1.1414213180541992), (6.052794456481934, 1), (5.837928771972656, 1.1414213180541992), (5.828351020812988, 1), (6.052794456481934, 1), (6.052794456481934, 1), (5.828351020812988, 1), (6.052794456481934, -1), (5.828351020812988, 1), (5.828351020812988, -1), (6.052794456481934, -1), (6.052794456481934, -1), (5.828351020812988, -1), (6.071786880493164, -1.1414213180541992), (5.828351020812988, -1), (5.837928771972656, -1.1414213180541992), (6.071786880493164, -1.1414213180541992), (6.071786880493164, -1.1414213180541992), (5.837928771972656, -1.1414213180541992), (6.117638111114502, -1.2000000476837158), (5.837928771972656, -1.1414213180541992), (5.861052513122559, -1.2000000476837158), (6.117638111114502, -1.2000000476837158), (5.861052513122559, 1.2000000476837158), (5.599999904632568, 1.2000000476837158), (5.837928771972656, 1.1414213180541992), (5.599999904632568, 1.2000000476837158), (5.599999904632568, 1.1414213180541992), (5.837928771972656, 1.1414213180541992), (5.837928771972656, 1.1414213180541992), (5.599999904632568, 1.1414213180541992), (5.828351020812988, 1), (5.599999904632568, 1.1414213180541992), (5.599999904632568, 1), (5.828351020812988, 1), (5.828351020812988, 1), (5.599999904632568, 1), (5.828351020812988, -1), (5.599999904632568, 1), (5.599999904632568, -1), (5.828351020812988, -1), (5.828351020812988, -1), (5.599999904632568, -1), (5.837928771972656, -1.1414213180541992), (5.599999904632568, -1), (5.599999904632568, -1.1414213180541992), (5.837928771972656, -1.1414213180541992), (5.837928771972656, -1.1414213180541992), (5.599999904632568, -1.1414213180541992), (5.861052513122559, -1.2000000476837158), (5.599999904632568, -1.1414213180541992), (5.599999904632568, -1.2000000476837158), (5.861052513122559, -1.2000000476837158), (5.599999904632568, 1.2000000476837158), (5.338947772979736, 1.2000000476837158), (5.599999904632568, 1.1414213180541992), (5.338947772979736, 1.2000000476837158), (5.3620710372924805, 1.1414213180541992), (5.599999904632568, 1.1414213180541992), (5.599999904632568, 1.1414213180541992), (5.3620710372924805, 1.1414213180541992), (5.599999904632568, 1), (5.3620710372924805, 1.1414213180541992), (5.371649265289307, 1), (5.599999904632568, 1), (5.599999904632568, 1), (5.371649265289307, 1), (5.599999904632568, -1), (5.371649265289307, 1), (5.371649265289307, -1), (5.599999904632568, -1), (5.599999904632568, -1), (5.371649265289307, -1), (5.599999904632568, -1.1414213180541992), (5.371649265289307, -1), (5.3620710372924805, -1.1414213180541992), (5.599999904632568, -1.1414213180541992), (5.599999904632568, -1.1414213180541992), (5.3620710372924805, -1.1414213180541992), (5.599999904632568, -1.2000000476837158), (5.3620710372924805, -1.1414213180541992), (5.338947772979736, -1.2000000476837158), (5.599999904632568, -1.2000000476837158), (5.338947772979736, 1.2000000476837158), (5.082361698150635, 1.2000000476837158), (5.3620710372924805, 1.1414213180541992), (5.082361698150635, 1.2000000476837158), (5.128213405609131, 1.1414213180541992), (5.3620710372924805, 1.1414213180541992), (5.3620710372924805, 1.1414213180541992), (5.128213405609131, 1.1414213180541992), (5.371649265289307, 1), (5.128213405609131, 1.1414213180541992), (5.147205352783203, 1), (5.371649265289307, 1), (5.371649265289307, 1), (5.147205352783203, 1), (5.371649265289307, -1), (5.147205352783203, 1), (5.147205352783203, -1), (5.371649265289307, -1), (5.371649265289307, -1), (5.147205352783203, -1), (5.3620710372924805, -1.1414213180541992), (5.147205352783203, -1), (5.128213405609131, -1.1414213180541992), (5.3620710372924805, -1.1414213180541992), (5.3620710372924805, -1.1414213180541992), (5.128213405609131, -1.1414213180541992), (5.338947772979736, -1.2000000476837158), (5.128213405609131, -1.1414213180541992), (5.082361698150635, -1.2000000476837158), (5.338947772979736, -1.2000000476837158), (5.082361698150635, 1.2000000476837158), (4.8346333503723145, 1.2000000476837158), (5.128213405609131, 1.1414213180541992), (4.8346333503723145, 1.2000000476837158), (4.902427673339844, 1.1414213180541992), (5.128213405609131, 1.1414213180541992), (5.128213405609131, 1.1414213180541992), (4.902427673339844, 1.1414213180541992), (5.147205352783203, 1), (4.902427673339844, 1.1414213180541992), (4.930509090423584, 1), (5.147205352783203, 1), (5.147205352783203, 1), (4.930509090423584, 1), (5.147205352783203, -1), (4.930509090423584, 1), (4.930509090423584, -1), (5.147205352783203, -1), (5.147205352783203, -1), (4.930509090423584, -1), (5.128213405609131, -1.1414213180541992), (4.930509090423584, -1), (4.902427673339844, -1.1414213180541992), (5.128213405609131, -1.1414213180541992), (5.128213405609131, -1.1414213180541992), (4.902427673339844, -1.1414213180541992), (5.082361698150635, -1.2000000476837158), (4.902427673339844, -1.1414213180541992), (4.8346333503723145, -1.2000000476837158), (5.082361698150635, -1.2000000476837158), (4.8346333503723145, 1.2000000476837158), (4.599999904632568, 1.2000000476837158), (4.902427673339844, 1.1414213180541992), (4.599999904632568, 1.2000000476837158), (4.688578128814697, 1.1414213180541992), (4.902427673339844, 1.1414213180541992), (4.902427673339844, 1.1414213180541992), (4.688578128814697, 1.1414213180541992), (4.930509090423584, 1), (4.688578128814697, 1.1414213180541992), (4.725268363952637, 1), (4.930509090423584, 1), (4.930509090423584, 1), (4.725268363952637, 1), (4.930509090423584, -1), (4.725268363952637, 1), (4.725268363952637, -1), (4.930509090423584, -1), (4.930509090423584, -1), (4.725268363952637, -1), (4.902427673339844, -1.1414213180541992), (4.725268363952637, -1), (4.688578128814697, -1.1414213180541992), (4.902427673339844, -1.1414213180541992), (4.902427673339844, -1.1414213180541992), (4.688578128814697, -1.1414213180541992), (4.8346333503723145, -1.2000000476837158), (4.688578128814697, -1.1414213180541992), (4.599999904632568, -1.2000000476837158), (4.8346333503723145, -1.2000000476837158), (4.599999904632568, 1.2000000476837158), (4.382477283477783, 1.2000000476837158), (4.688578128814697, 1.1414213180541992), (4.382477283477783, 1.2000000476837158), (4.490323066711426, 1.1414213180541992), (4.688578128814697, 1.1414213180541992), (4.688578128814697, 1.1414213180541992), (4.490323066711426, 1.1414213180541992), (4.725268363952637, 1), (4.490323066711426, 1.1414213180541992), (4.534994125366211, 1), (4.725268363952637, 1), (4.725268363952637, 1), (4.534994125366211, 1), (4.725268363952637, -1), (4.534994125366211, 1), (4.534994125366211, -1), (4.725268363952637, -1), (4.725268363952637, -1), (4.534994125366211, -1), (4.688578128814697, -1.1414213180541992), (4.534994125366211, -1), (4.490323066711426, -1.1414213180541992), (4.688578128814697, -1.1414213180541992), (4.688578128814697, -1.1414213180541992), (4.490323066711426, -1.1414213180541992), (4.599999904632568, -1.2000000476837158), (4.490323066711426, -1.1414213180541992), (4.382477283477783, -1.2000000476837158), (4.599999904632568, -1.2000000476837158), (4.382477283477783, 1.2000000476837158), (4.185786247253418, 1.2000000476837158), (4.490323066711426, 1.1414213180541992), (4.185786247253418, 1.2000000476837158), (4.311054706573486, 1.1414213180541992), (4.490323066711426, 1.1414213180541992), (4.490323066711426, 1.1414213180541992), (4.311054706573486, 1.1414213180541992), (4.534994125366211, 1), (4.311054706573486, 1.1414213180541992), (4.362942218780518, 1), (4.534994125366211, 1), (4.534994125366211, 1), (4.362942218780518, 1), (4.534994125366211, -1), (4.362942218780518, 1), (4.362942218780518, -1), (4.534994125366211, -1), (4.534994125366211, -1), (4.362942218780518, -1), (4.490323066711426, -1.1414213180541992), (4.362942218780518, -1), (4.311054706573486, -1.1414213180541992), (4.490323066711426, -1.1414213180541992), (4.490323066711426, -1.1414213180541992), (4.311054706573486, -1.1414213180541992), (4.382477283477783, -1.2000000476837158), (4.311054706573486, -1.1414213180541992), (4.185786247253418, -1.2000000476837158), (4.382477283477783, -1.2000000476837158), (24.98578643798828, 1.2000000476837158), (25.182477951049805, 1.2000000476837158), (25.111055374145508, 1.1414213180541992), (25.182477951049805, 1.2000000476837158), (25.29032325744629, 1.1414213180541992), (25.111055374145508, 1.1414213180541992), (25.111055374145508, 1.1414213180541992), (25.29032325744629, 1.1414213180541992), (25.16294288635254, 1), (25.29032325744629, 1.1414213180541992), (25.334993362426758, 1), (25.16294288635254, 1), (25.16294288635254, 1), (25.334993362426758, 1), (25.16294288635254, -1), (25.334993362426758, 1), (25.334993362426758, -1), (25.16294288635254, -1), (25.16294288635254, -1), (25.334993362426758, -1), (25.111055374145508, -1.1414213180541992), (25.334993362426758, -1), (25.29032325744629, -1.1414213180541992), (25.111055374145508, -1.1414213180541992), (25.111055374145508, -1.1414213180541992), (25.29032325744629, -1.1414213180541992), (24.98578643798828, -1.2000000476837158), (25.29032325744629, -1.1414213180541992), (25.182477951049805, -1.2000000476837158), (24.98578643798828, -1.2000000476837158), (25.182477951049805, 1.2000000476837158), (25.399999618530273, 1.2000000476837158), (25.29032325744629, 1.1414213180541992), (25.399999618530273, 1.2000000476837158), (25.48857879638672, 1.1414213180541992), (25.29032325744629, 1.1414213180541992), (25.29032325744629, 1.1414213180541992), (25.48857879638672, 1.1414213180541992), (25.334993362426758, 1), (25.48857879638672, 1.1414213180541992), (25.5252685546875, 1), (25.334993362426758, 1), (25.334993362426758, 1), (25.5252685546875, 1), (25.334993362426758, -1), (25.5252685546875, 1), (25.5252685546875, -1), (25.334993362426758, -1), (25.334993362426758, -1), (25.5252685546875, -1), (25.29032325744629, -1.1414213180541992), (25.5252685546875, -1), (25.48857879638672, -1.1414213180541992), (25.29032325744629, -1.1414213180541992), (25.29032325744629, -1.1414213180541992), (25.48857879638672, -1.1414213180541992), (25.182477951049805, -1.2000000476837158), (25.48857879638672, -1.1414213180541992), (25.399999618530273, -1.2000000476837158), (25.182477951049805, -1.2000000476837158), (25.399999618530273, 1.2000000476837158), (25.634634017944336, 1.2000000476837158), (25.48857879638672, 1.1414213180541992), (25.634634017944336, 1.2000000476837158), (25.70242691040039, 1.1414213180541992), (25.48857879638672, 1.1414213180541992), (25.48857879638672, 1.1414213180541992), (25.70242691040039, 1.1414213180541992), (25.5252685546875, 1), (25.70242691040039, 1.1414213180541992), (25.73050880432129, 1), (25.5252685546875, 1), (25.5252685546875, 1), (25.73050880432129, 1), (25.5252685546875, -1), (25.73050880432129, 1), (25.73050880432129, -1), (25.5252685546875, -1), (25.5252685546875, -1), (25.73050880432129, -1), (25.48857879638672, -1.1414213180541992), (25.73050880432129, -1), (25.70242691040039, -1.1414213180541992), (25.48857879638672, -1.1414213180541992), (25.48857879638672, -1.1414213180541992), (25.70242691040039, -1.1414213180541992), (25.399999618530273, -1.2000000476837158), (25.70242691040039, -1.1414213180541992), (25.634634017944336, -1.2000000476837158), (25.399999618530273, -1.2000000476837158), (25.634634017944336, 1.2000000476837158), (25.882362365722656, 1.2000000476837158), (25.70242691040039, 1.1414213180541992), (25.882362365722656, 1.2000000476837158), (25.928213119506836, 1.1414213180541992), (25.70242691040039, 1.1414213180541992), (25.70242691040039, 1.1414213180541992), (25.928213119506836, 1.1414213180541992), (25.73050880432129, 1), (25.928213119506836, 1.1414213180541992), (25.94720458984375, 1), (25.73050880432129, 1), (25.73050880432129, 1), (25.94720458984375, 1), (25.73050880432129, -1), (25.94720458984375, 1), (25.94720458984375, -1), (25.73050880432129, -1), (25.73050880432129, -1), (25.94720458984375, -1), (25.70242691040039, -1.1414213180541992), (25.94720458984375, -1), (25.928213119506836, -1.1414213180541992), (25.70242691040039, -1.1414213180541992), (25.70242691040039, -1.1414213180541992), (25.928213119506836, -1.1414213180541992), (25.634634017944336, -1.2000000476837158), (25.928213119506836, -1.1414213180541992), (25.882362365722656, -1.2000000476837158), (25.634634017944336, -1.2000000476837158), (25.882362365722656, 1.2000000476837158), (26.138948440551758, 1.2000000476837158), (25.928213119506836, 1.1414213180541992), (26.138948440551758, 1.2000000476837158), (26.162071228027344, 1.1414213180541992), (25.928213119506836, 1.1414213180541992), (25.928213119506836, 1.1414213180541992), (26.162071228027344, 1.1414213180541992), (25.94720458984375, 1), (26.162071228027344, 1.1414213180541992), (26.171649932861328, 1), (25.94720458984375, 1), (25.94720458984375, 1), (26.171649932861328, 1), (25.94720458984375, -1), (26.171649932861328, 1), (26.171649932861328, -1), (25.94720458984375, -1), (25.94720458984375, -1), (26.171649932861328, -1), (25.928213119506836, -1.1414213180541992), (26.171649932861328, -1), (26.162071228027344, -1.1414213180541992), (25.928213119506836, -1.1414213180541992), (25.928213119506836, -1.1414213180541992), (26.162071228027344, -1.1414213180541992), (25.882362365722656, -1.2000000476837158), (26.162071228027344, -1.1414213180541992), (26.138948440551758, -1.2000000476837158), (25.882362365722656, -1.2000000476837158), (26.138948440551758, 1.2000000476837158), (26.399999618530273, 1.2000000476837158), (26.162071228027344, 1.1414213180541992), (26.399999618530273, 1.2000000476837158), (26.399999618530273, 1.1414213180541992), (26.162071228027344, 1.1414213180541992), (26.162071228027344, 1.1414213180541992), (26.399999618530273, 1.1414213180541992), (26.171649932861328, 1), (26.399999618530273, 1.1414213180541992), (26.399999618530273, 1), (26.171649932861328, 1), (26.171649932861328, 1), (26.399999618530273, 1), (26.171649932861328, -1), (26.399999618530273, 1), (26.399999618530273, -1), (26.171649932861328, -1), (26.171649932861328, -1), (26.399999618530273, -1), (26.162071228027344, -1.1414213180541992), (26.399999618530273, -1), (26.399999618530273, -1.1414213180541992), (26.162071228027344, -1.1414213180541992), (26.162071228027344, -1.1414213180541992), (26.399999618530273, -1.1414213180541992), (26.138948440551758, -1.2000000476837158), (26.399999618530273, -1.1414213180541992), (26.399999618530273, -1.2000000476837158), (26.138948440551758, -1.2000000476837158), (26.399999618530273, 1.2000000476837158), (26.661052703857422, 1.2000000476837158), (26.399999618530273, 1.1414213180541992), (26.661052703857422, 1.2000000476837158), (26.637928009033203, 1.1414213180541992), (26.399999618530273, 1.1414213180541992), (26.399999618530273, 1.1414213180541992), (26.637928009033203, 1.1414213180541992), (26.399999618530273, 1), (26.637928009033203, 1.1414213180541992), (26.62835121154785, 1), (26.399999618530273, 1), (26.399999618530273, 1), (26.62835121154785, 1), (26.399999618530273, -1), (26.62835121154785, 1), (26.62835121154785, -1), (26.399999618530273, -1), (26.399999618530273, -1), (26.62835121154785, -1), (26.399999618530273, -1.1414213180541992), (26.62835121154785, -1), (26.637928009033203, -1.1414213180541992), (26.399999618530273, -1.1414213180541992), (26.399999618530273, -1.1414213180541992), (26.637928009033203, -1.1414213180541992), (26.399999618530273, -1.2000000476837158), (26.637928009033203, -1.1414213180541992), (26.661052703857422, -1.2000000476837158), (26.399999618530273, -1.2000000476837158), (26.661052703857422, 1.2000000476837158), (26.917638778686523, 1.2000000476837158), (26.637928009033203, 1.1414213180541992), (26.917638778686523, 1.2000000476837158), (26.87178611755371, 1.1414213180541992), (26.637928009033203, 1.1414213180541992), (26.637928009033203, 1.1414213180541992), (26.87178611755371, 1.1414213180541992), (26.62835121154785, 1), (26.87178611755371, 1.1414213180541992), (26.852794647216797, 1), (26.62835121154785, 1), (26.62835121154785, 1), (26.852794647216797, 1), (26.62835121154785, -1), (26.852794647216797, 1), (26.852794647216797, -1), (26.62835121154785, -1), (26.62835121154785, -1), (26.852794647216797, -1), (26.637928009033203, -1.1414213180541992), (26.852794647216797, -1), (26.87178611755371, -1.1414213180541992), (26.637928009033203, -1.1414213180541992), (26.637928009033203, -1.1414213180541992), (26.87178611755371, -1.1414213180541992), (26.661052703857422, -1.2000000476837158), (26.87178611755371, -1.1414213180541992), (26.917638778686523, -1.2000000476837158), (26.661052703857422, -1.2000000476837158), (26.917638778686523, 1.2000000476837158), (27.165367126464844, 1.2000000476837158), (26.87178611755371, 1.1414213180541992), (27.165367126464844, 1.2000000476837158), (27.097572326660156, 1.1414213180541992), (26.87178611755371, 1.1414213180541992), (26.87178611755371, 1.1414213180541992), (27.097572326660156, 1.1414213180541992), (26.852794647216797, 1), (27.097572326660156, 1.1414213180541992), (27.069490432739258, 1), (26.852794647216797, 1), (26.852794647216797, 1), (27.069490432739258, 1), (26.852794647216797, -1), (27.069490432739258, 1), (27.069490432739258, -1), (26.852794647216797, -1), (26.852794647216797, -1), (27.069490432739258, -1), (26.87178611755371, -1.1414213180541992), (27.069490432739258, -1), (27.097572326660156, -1.1414213180541992), (26.87178611755371, -1.1414213180541992), (26.87178611755371, -1.1414213180541992), (27.097572326660156, -1.1414213180541992), (26.917638778686523, -1.2000000476837158), (27.097572326660156, -1.1414213180541992), (27.165367126464844, -1.2000000476837158), (26.917638778686523, -1.2000000476837158), (27.165367126464844, 1.2000000476837158), (27.399999618530273, 1.2000000476837158), (27.097572326660156, 1.1414213180541992), (27.399999618530273, 1.2000000476837158), (27.31142234802246, 1.1414213180541992), (27.097572326660156, 1.1414213180541992), (27.097572326660156, 1.1414213180541992), (27.31142234802246, 1.1414213180541992), (27.069490432739258, 1), (27.31142234802246, 1.1414213180541992), (27.27473258972168, 1), (27.069490432739258, 1), (27.069490432739258, 1), (27.27473258972168, 1), (27.069490432739258, -1), (27.27473258972168, 1), (27.27473258972168, -1), (27.069490432739258, -1), (27.069490432739258, -1), (27.27473258972168, -1), (27.097572326660156, -1.1414213180541992), (27.27473258972168, -1), (27.31142234802246, -1.1414213180541992), (27.097572326660156, -1.1414213180541992), (27.097572326660156, -1.1414213180541992), (27.31142234802246, -1.1414213180541992), (27.165367126464844, -1.2000000476837158), (27.31142234802246, -1.1414213180541992), (27.399999618530273, -1.2000000476837158), (27.165367126464844, -1.2000000476837158), (27.399999618530273, 1.2000000476837158), (27.617523193359375, 1.2000000476837158), (27.31142234802246, 1.1414213180541992), (27.617523193359375, 1.2000000476837158), (27.50967788696289, 1.1414213180541992), (27.31142234802246, 1.1414213180541992), (27.31142234802246, 1.1414213180541992), (27.50967788696289, 1.1414213180541992), (27.27473258972168, 1), (27.50967788696289, 1.1414213180541992), (27.46500587463379, 1), (27.27473258972168, 1), (27.27473258972168, 1), (27.46500587463379, 1), (27.27473258972168, -1), (27.46500587463379, 1), (27.46500587463379, -1), (27.27473258972168, -1), (27.27473258972168, -1), (27.46500587463379, -1), (27.31142234802246, -1.1414213180541992), (27.46500587463379, -1), (27.50967788696289, -1.1414213180541992), (27.31142234802246, -1.1414213180541992), (27.31142234802246, -1.1414213180541992), (27.50967788696289, -1.1414213180541992), (27.399999618530273, -1.2000000476837158), (27.50967788696289, -1.1414213180541992), (27.617523193359375, -1.2000000476837158), (27.399999618530273, -1.2000000476837158), (27.617523193359375, 1.2000000476837158), (27.814212799072266, 1.2000000476837158), (27.50967788696289, 1.1414213180541992), (27.814212799072266, 1.2000000476837158), (27.688945770263672, 1.1414213180541992), (27.50967788696289, 1.1414213180541992), (27.50967788696289, 1.1414213180541992), (27.688945770263672, 1.1414213180541992), (27.46500587463379, 1), (27.688945770263672, 1.1414213180541992), (27.63705825805664, 1), (27.46500587463379, 1), (27.46500587463379, 1), (27.63705825805664, 1), (27.46500587463379, -1), (27.63705825805664, 1), (27.63705825805664, -1), (27.46500587463379, -1), (27.46500587463379, -1), (27.63705825805664, -1), (27.50967788696289, -1.1414213180541992), (27.63705825805664, -1), (27.688945770263672, -1.1414213180541992), (27.50967788696289, -1.1414213180541992), (27.50967788696289, -1.1414213180541992), (27.688945770263672, -1.1414213180541992), (27.617523193359375, -1.2000000476837158), (27.688945770263672, -1.1414213180541992), (27.814212799072266, -1.2000000476837158), (27.617523193359375, -1.2000000476837158), (4.185786247253418, 1.2000000476837158), (4.382477283477783, 1.2000000476837158), (4.311054706573486, 1.1414213180541992), (4.382477283477783, 1.2000000476837158), (4.490323066711426, 1.1414213180541992), (4.311054706573486, 1.1414213180541992), (4.311054706573486, 1.1414213180541992), (4.490323066711426, 1.1414213180541992), (4.362942218780518, 1), (4.490323066711426, 1.1414213180541992), (4.534994125366211, 1), (4.362942218780518, 1), (4.362942218780518, 1), (4.534994125366211, 1), (4.362942218780518, -1), (4.534994125366211, 1), (4.534994125366211, -1), (4.362942218780518, -1), (4.362942218780518, -1), (4.534994125366211, -1), (4.311054706573486, -1.1414213180541992), (4.534994125366211, -1), (4.490323066711426, -1.1414213180541992), (4.311054706573486, -1.1414213180541992), (4.311054706573486, -1.1414213180541992), (4.490323066711426, -1.1414213180541992), (4.185786247253418, -1.2000000476837158), (4.490323066711426, -1.1414213180541992), (4.382477283477783, -1.2000000476837158), (4.185786247253418, -1.2000000476837158), (4.382477283477783, 1.2000000476837158), (4.599999904632568, 1.2000000476837158), (4.490323066711426, 1.1414213180541992), (4.599999904632568, 1.2000000476837158), (4.688578128814697, 1.1414213180541992), (4.490323066711426, 1.1414213180541992), (4.490323066711426, 1.1414213180541992), (4.688578128814697, 1.1414213180541992), (4.534994125366211, 1), (4.688578128814697, 1.1414213180541992), (4.725268363952637, 1), (4.534994125366211, 1), (4.534994125366211, 1), (4.725268363952637, 1), (4.534994125366211, -1), (4.725268363952637, 1), (4.725268363952637, -1), (4.534994125366211, -1), (4.534994125366211, -1), (4.725268363952637, -1), (4.490323066711426, -1.1414213180541992), (4.725268363952637, -1), (4.688578128814697, -1.1414213180541992), (4.490323066711426, -1.1414213180541992), (4.490323066711426, -1.1414213180541992), (4.688578128814697, -1.1414213180541992), (4.382477283477783, -1.2000000476837158), (4.688578128814697, -1.1414213180541992), (4.599999904632568, -1.2000000476837158), (4.382477283477783, -1.2000000476837158), (4.599999904632568, 1.2000000476837158), (4.8346333503723145, 1.2000000476837158), (4.688578128814697, 1.1414213180541992), (4.8346333503723145, 1.2000000476837158), (4.902427673339844, 1.1414213180541992), (4.688578128814697, 1.1414213180541992), (4.688578128814697, 1.1414213180541992), (4.902427673339844, 1.1414213180541992), (4.725268363952637, 1), (4.902427673339844, 1.1414213180541992), (4.930509090423584, 1), (4.725268363952637, 1), (4.725268363952637, 1), (4.930509090423584, 1), (4.725268363952637, -1), (4.930509090423584, 1), (4.930509090423584, -1), (4.725268363952637, -1), (4.725268363952637, -1), (4.930509090423584, -1), (4.688578128814697, -1.1414213180541992), (4.930509090423584, -1), (4.902427673339844, -1.1414213180541992), (4.688578128814697, -1.1414213180541992), (4.688578128814697, -1.1414213180541992), (4.902427673339844, -1.1414213180541992), (4.599999904632568, -1.2000000476837158), (4.902427673339844, -1.1414213180541992), (4.8346333503723145, -1.2000000476837158), (4.599999904632568, -1.2000000476837158), (4.8346333503723145, 1.2000000476837158), (5.082361698150635, 1.2000000476837158), (4.902427673339844, 1.1414213180541992), (5.082361698150635, 1.2000000476837158), (5.128213405609131, 1.1414213180541992), (4.902427673339844, 1.1414213180541992), (4.902427673339844, 1.1414213180541992), (5.128213405609131, 1.1414213180541992), (4.930509090423584, 1), (5.128213405609131, 1.1414213180541992), (5.147205352783203, 1), (4.930509090423584, 1), (4.930509090423584, 1), (5.147205352783203, 1), (4.930509090423584, -1), (5.147205352783203, 1), (5.147205352783203, -1), (4.930509090423584, -1), (4.930509090423584, -1), (5.147205352783203, -1), (4.902427673339844, -1.1414213180541992), (5.147205352783203, -1), (5.128213405609131, -1.1414213180541992), (4.902427673339844, -1.1414213180541992), (4.902427673339844, -1.1414213180541992), (5.128213405609131, -1.1414213180541992), (4.8346333503723145, -1.2000000476837158), (5.128213405609131, -1.1414213180541992), (5.082361698150635, -1.2000000476837158), (4.8346333503723145, -1.2000000476837158), (5.082361698150635, 1.2000000476837158), (5.338947772979736, 1.2000000476837158), (5.128213405609131, 1.1414213180541992), (5.338947772979736, 1.2000000476837158), (5.3620710372924805, 1.1414213180541992), (5.128213405609131, 1.1414213180541992), (5.128213405609131, 1.1414213180541992), (5.3620710372924805, 1.1414213180541992), (5.147205352783203, 1), (5.3620710372924805, 1.1414213180541992), (5.371649265289307, 1), (5.147205352783203, 1), (5.147205352783203, 1), (5.371649265289307, 1), (5.147205352783203, -1), (5.371649265289307, 1), (5.371649265289307, -1), (5.147205352783203, -1), (5.147205352783203, -1), (5.371649265289307, -1), (5.128213405609131, -1.1414213180541992), (5.371649265289307, -1), (5.3620710372924805, -1.1414213180541992), (5.128213405609131, -1.1414213180541992), (5.128213405609131, -1.1414213180541992), (5.3620710372924805, -1.1414213180541992), (5.082361698150635, -1.2000000476837158), (5.3620710372924805, -1.1414213180541992), (5.338947772979736, -1.2000000476837158), (5.082361698150635, -1.2000000476837158), (5.338947772979736, 1.2000000476837158), (5.599999904632568, 1.2000000476837158), (5.3620710372924805, 1.1414213180541992), (5.599999904632568, 1.2000000476837158), (5.599999904632568, 1.1414213180541992), (5.3620710372924805, 1.1414213180541992), (5.3620710372924805, 1.1414213180541992), (5.599999904632568, 1.1414213180541992), (5.371649265289307, 1), (5.599999904632568, 1.1414213180541992), (5.599999904632568, 1), (5.371649265289307, 1), (5.371649265289307, 1), (5.599999904632568, 1), (5.371649265289307, -1), (5.599999904632568, 1), (5.599999904632568, -1), (5.371649265289307, -1), (5.371649265289307, -1), (5.599999904632568, -1), (5.3620710372924805, -1.1414213180541992), (5.599999904632568, -1), (5.599999904632568, -1.1414213180541992), (5.3620710372924805, -1.1414213180541992), (5.3620710372924805, -1.1414213180541992), (5.599999904632568, -1.1414213180541992), (5.338947772979736, -1.2000000476837158), (5.599999904632568, -1.1414213180541992), (5.599999904632568, -1.2000000476837158), (5.338947772979736, -1.2000000476837158), (5.599999904632568, 1.2000000476837158), (5.861052513122559, 1.2000000476837158), (5.599999904632568, 1.1414213180541992), (5.861052513122559, 1.2000000476837158), (5.837928771972656, 1.1414213180541992), (5.599999904632568, 1.1414213180541992), (5.599999904632568, 1.1414213180541992), (5.837928771972656, 1.1414213180541992), (5.599999904632568, 1), (5.837928771972656, 1.1414213180541992), (5.828351020812988, 1), (5.599999904632568, 1), (5.599999904632568, 1), (5.828351020812988, 1), (5.599999904632568, -1), (5.828351020812988, 1), (5.828351020812988, -1), (5.599999904632568, -1), (5.599999904632568, -1), (5.828351020812988, -1), (5.599999904632568, -1.1414213180541992), (5.828351020812988, -1), (5.837928771972656, -1.1414213180541992), (5.599999904632568, -1.1414213180541992), (5.599999904632568, -1.1414213180541992), (5.837928771972656, -1.1414213180541992), (5.599999904632568, -1.2000000476837158), (5.837928771972656, -1.1414213180541992), (5.861052513122559, -1.2000000476837158), (5.599999904632568, -1.2000000476837158), (5.861052513122559, 1.2000000476837158), (6.117638111114502, 1.2000000476837158), (5.837928771972656, 1.1414213180541992), (6.117638111114502, 1.2000000476837158), (6.071786880493164, 1.1414213180541992), (5.837928771972656, 1.1414213180541992), (5.837928771972656, 1.1414213180541992), (6.071786880493164, 1.1414213180541992), (5.828351020812988, 1), (6.071786880493164, 1.1414213180541992), (6.052794456481934, 1), (5.828351020812988, 1), (5.828351020812988, 1), (6.052794456481934, 1), (5.828351020812988, -1), (6.052794456481934, 1), (6.052794456481934, -1), (5.828351020812988, -1), (5.828351020812988, -1), (6.052794456481934, -1), (5.837928771972656, -1.1414213180541992), (6.052794456481934, -1), (6.071786880493164, -1.1414213180541992), (5.837928771972656, -1.1414213180541992), (5.837928771972656, -1.1414213180541992), (6.071786880493164, -1.1414213180541992), (5.861052513122559, -1.2000000476837158), (6.071786880493164, -1.1414213180541992), (6.117638111114502, -1.2000000476837158), (5.861052513122559, -1.2000000476837158), (6.117638111114502, 1.2000000476837158), (6.3653669357299805, 1.2000000476837158), (6.071786880493164, 1.1414213180541992), (6.3653669357299805, 1.2000000476837158), (6.297572135925293, 1.1414213180541992), (6.071786880493164, 1.1414213180541992), (6.071786880493164, 1.1414213180541992), (6.297572135925293, 1.1414213180541992), (6.052794456481934, 1), (6.297572135925293, 1.1414213180541992), (6.269490718841553, 1), (6.052794456481934, 1), (6.052794456481934, 1), (6.269490718841553, 1), (6.052794456481934, -1), (6.269490718841553, 1), (6.269490718841553, -1), (6.052794456481934, -1), (6.052794456481934, -1), (6.269490718841553, -1), (6.071786880493164, -1.1414213180541992), (6.269490718841553, -1), (6.297572135925293, -1.1414213180541992), (6.071786880493164, -1.1414213180541992), (6.071786880493164, -1.1414213180541992), (6.297572135925293, -1.1414213180541992), (6.117638111114502, -1.2000000476837158), (6.297572135925293, -1.1414213180541992), (6.3653669357299805, -1.2000000476837158), (6.117638111114502, -1.2000000476837158), (6.3653669357299805, 1.2000000476837158), (6.599999904632568, 1.2000000476837158), (6.297572135925293, 1.1414213180541992), (6.599999904632568, 1.2000000476837158), (6.511422157287598, 1.1414213180541992), (6.297572135925293, 1.1414213180541992), (6.297572135925293, 1.1414213180541992), (6.511422157287598, 1.1414213180541992), (6.269490718841553, 1), (6.511422157287598, 1.1414213180541992), (6.474731922149658, 1), (6.269490718841553, 1), (6.269490718841553, 1), (6.474731922149658, 1), (6.269490718841553, -1), (6.474731922149658, 1), (6.474731922149658, -1), (6.269490718841553, -1), (6.269490718841553, -1), (6.474731922149658, -1), (6.297572135925293, -1.1414213180541992), (6.474731922149658, -1), (6.511422157287598, -1.1414213180541992), (6.297572135925293, -1.1414213180541992), (6.297572135925293, -1.1414213180541992), (6.511422157287598, -1.1414213180541992), (6.3653669357299805, -1.2000000476837158), (6.511422157287598, -1.1414213180541992), (6.599999904632568, -1.2000000476837158), (6.3653669357299805, -1.2000000476837158), (6.599999904632568, 1.2000000476837158), (6.817523002624512, 1.2000000476837158), (6.511422157287598, 1.1414213180541992), (6.817523002624512, 1.2000000476837158), (6.709677219390869, 1.1414213180541992), (6.511422157287598, 1.1414213180541992), (6.511422157287598, 1.1414213180541992), (6.709677219390869, 1.1414213180541992), (6.474731922149658, 1), (6.709677219390869, 1.1414213180541992), (6.665006160736084, 1), (6.474731922149658, 1), (6.474731922149658, 1), (6.665006160736084, 1), (6.474731922149658, -1), (6.665006160736084, 1), (6.665006160736084, -1), (6.474731922149658, -1), (6.474731922149658, -1), (6.665006160736084, -1), (6.511422157287598, -1.1414213180541992), (6.665006160736084, -1), (6.709677219390869, -1.1414213180541992), (6.511422157287598, -1.1414213180541992), (6.511422157287598, -1.1414213180541992), (6.709677219390869, -1.1414213180541992), (6.599999904632568, -1.2000000476837158), (6.709677219390869, -1.1414213180541992), (6.817523002624512, -1.2000000476837158), (6.599999904632568, -1.2000000476837158), (6.817523002624512, 1.2000000476837158), (7.014213562011719, 1.2000000476837158), (6.709677219390869, 1.1414213180541992), (7.014213562011719, 1.2000000476837158), (6.888945579528809, 1.1414213180541992), (6.709677219390869, 1.1414213180541992), (6.709677219390869, 1.1414213180541992), (6.888945579528809, 1.1414213180541992), (6.665006160736084, 1), (6.888945579528809, 1.1414213180541992), (6.837057590484619, 1), (6.665006160736084, 1), (6.665006160736084, 1), (6.837057590484619, 1), (6.665006160736084, -1), (6.837057590484619, 1), (6.837057590484619, -1), (6.665006160736084, -1), (6.665006160736084, -1), (6.837057590484619, -1), (6.709677219390869, -1.1414213180541992), (6.837057590484619, -1), (6.888945579528809, -1.1414213180541992), (6.709677219390869, -1.1414213180541992), (6.709677219390869, -1.1414213180541992), (6.888945579528809, -1.1414213180541992), (6.817523002624512, -1.2000000476837158), (6.888945579528809, -1.1414213180541992), (7.014213562011719, -1.2000000476837158), (6.817523002624512, -1.2000000476837158), (27.814212799072266, 1.2000000476837158), (27.617523193359375, 1.2000000476837158), (27.688945770263672, 1.1414213180541992), (27.617523193359375, 1.2000000476837158), (27.50967788696289, 1.1414213180541992), (27.688945770263672, 1.1414213180541992), (27.688945770263672, 1.1414213180541992), (27.50967788696289, 1.1414213180541992), (27.63705825805664, 1), (27.50967788696289, 1.1414213180541992), (27.46500587463379, 1), (27.63705825805664, 1), (27.63705825805664, 1), (27.46500587463379, 1), (27.63705825805664, -1), (27.46500587463379, 1), (27.46500587463379, -1), (27.63705825805664, -1), (27.63705825805664, -1), (27.46500587463379, -1), (27.688945770263672, -1.1414213180541992), (27.46500587463379, -1), (27.50967788696289, -1.1414213180541992), (27.688945770263672, -1.1414213180541992), (27.688945770263672, -1.1414213180541992), (27.50967788696289, -1.1414213180541992), (27.814212799072266, -1.2000000476837158), (27.50967788696289, -1.1414213180541992), (27.617523193359375, -1.2000000476837158), (27.814212799072266, -1.2000000476837158), (27.617523193359375, 1.2000000476837158), (27.399999618530273, 1.2000000476837158), (27.50967788696289, 1.1414213180541992), (27.399999618530273, 1.2000000476837158), (27.31142234802246, 1.1414213180541992), (27.50967788696289, 1.1414213180541992), (27.50967788696289, 1.1414213180541992), (27.31142234802246, 1.1414213180541992), (27.46500587463379, 1), (27.31142234802246, 1.1414213180541992), (27.27473258972168, 1), (27.46500587463379, 1), (27.46500587463379, 1), (27.27473258972168, 1), (27.46500587463379, -1), (27.27473258972168, 1), (27.27473258972168, -1), (27.46500587463379, -1), (27.46500587463379, -1), (27.27473258972168, -1), (27.50967788696289, -1.1414213180541992), (27.27473258972168, -1), (27.31142234802246, -1.1414213180541992), (27.50967788696289, -1.1414213180541992), (27.50967788696289, -1.1414213180541992), (27.31142234802246, -1.1414213180541992), (27.617523193359375, -1.2000000476837158), (27.31142234802246, -1.1414213180541992), (27.399999618530273, -1.2000000476837158), (27.617523193359375, -1.2000000476837158), (27.399999618530273, 1.2000000476837158), (27.165367126464844, 1.2000000476837158), (27.31142234802246, 1.1414213180541992), (27.165367126464844, 1.2000000476837158), (27.097572326660156, 1.1414213180541992), (27.31142234802246, 1.1414213180541992), (27.31142234802246, 1.1414213180541992), (27.097572326660156, 1.1414213180541992), (27.27473258972168, 1), (27.097572326660156, 1.1414213180541992), (27.069490432739258, 1), (27.27473258972168, 1), (27.27473258972168, 1), (27.069490432739258, 1), (27.27473258972168, -1), (27.069490432739258, 1), (27.069490432739258, -1), (27.27473258972168, -1), (27.27473258972168, -1), (27.069490432739258, -1), (27.31142234802246, -1.1414213180541992), (27.069490432739258, -1), (27.097572326660156, -1.1414213180541992), (27.31142234802246, -1.1414213180541992), (27.31142234802246, -1.1414213180541992), (27.097572326660156, -1.1414213180541992), (27.399999618530273, -1.2000000476837158), (27.097572326660156, -1.1414213180541992), (27.165367126464844, -1.2000000476837158), (27.399999618530273, -1.2000000476837158), (27.165367126464844, 1.2000000476837158), (26.917638778686523, 1.2000000476837158), (27.097572326660156, 1.1414213180541992), (26.917638778686523, 1.2000000476837158), (26.87178611755371, 1.1414213180541992), (27.097572326660156, 1.1414213180541992), (27.097572326660156, 1.1414213180541992), (26.87178611755371, 1.1414213180541992), (27.069490432739258, 1), (26.87178611755371, 1.1414213180541992), (26.852794647216797, 1), (27.069490432739258, 1), (27.069490432739258, 1), (26.852794647216797, 1), (27.069490432739258, -1), (26.852794647216797, 1), (26.852794647216797, -1), (27.069490432739258, -1), (27.069490432739258, -1), (26.852794647216797, -1), (27.097572326660156, -1.1414213180541992), (26.852794647216797, -1), (26.87178611755371, -1.1414213180541992), (27.097572326660156, -1.1414213180541992), (27.097572326660156, -1.1414213180541992), (26.87178611755371, -1.1414213180541992), (27.165367126464844, -1.2000000476837158), (26.87178611755371, -1.1414213180541992), (26.917638778686523, -1.2000000476837158), (27.165367126464844, -1.2000000476837158), (26.917638778686523, 1.2000000476837158), (26.661052703857422, 1.2000000476837158), (26.87178611755371, 1.1414213180541992), (26.661052703857422, 1.2000000476837158), (26.637928009033203, 1.1414213180541992), (26.87178611755371, 1.1414213180541992), (26.87178611755371, 1.1414213180541992), (26.637928009033203, 1.1414213180541992), (26.852794647216797, 1), (26.637928009033203, 1.1414213180541992), (26.62835121154785, 1), (26.852794647216797, 1), (26.852794647216797, 1), (26.62835121154785, 1), (26.852794647216797, -1), (26.62835121154785, 1), (26.62835121154785, -1), (26.852794647216797, -1), (26.852794647216797, -1), (26.62835121154785, -1), (26.87178611755371, -1.1414213180541992), (26.62835121154785, -1), (26.637928009033203, -1.1414213180541992), (26.87178611755371, -1.1414213180541992), (26.87178611755371, -1.1414213180541992), (26.637928009033203, -1.1414213180541992), (26.917638778686523, -1.2000000476837158), (26.637928009033203, -1.1414213180541992), (26.661052703857422, -1.2000000476837158), (26.917638778686523, -1.2000000476837158), (26.661052703857422, 1.2000000476837158), (26.399999618530273, 1.2000000476837158), (26.637928009033203, 1.1414213180541992), (26.399999618530273, 1.2000000476837158), (26.399999618530273, 1.1414213180541992), (26.637928009033203, 1.1414213180541992), (26.637928009033203, 1.1414213180541992), (26.399999618530273, 1.1414213180541992), (26.62835121154785, 1), (26.399999618530273, 1.1414213180541992), (26.399999618530273, 1), (26.62835121154785, 1), (26.62835121154785, 1), (26.399999618530273, 1), (26.62835121154785, -1), (26.399999618530273, 1), (26.399999618530273, -1), (26.62835121154785, -1), (26.62835121154785, -1), (26.399999618530273, -1), (26.637928009033203, -1.1414213180541992), (26.399999618530273, -1), (26.399999618530273, -1.1414213180541992), (26.637928009033203, -1.1414213180541992), (26.637928009033203, -1.1414213180541992), (26.399999618530273, -1.1414213180541992), (26.661052703857422, -1.2000000476837158), (26.399999618530273, -1.1414213180541992), (26.399999618530273, -1.2000000476837158), (26.661052703857422, -1.2000000476837158), (1.600000023841858, 1.2000000476837158), (1.3389476537704468, 1.2000000476837158), (1.600000023841858, 1.1414213180541992), (1.3389476537704468, 1.2000000476837158), (1.36207115650177, 1.1414213180541992), (1.600000023841858, 1.1414213180541992), (1.600000023841858, 1.1414213180541992), (1.36207115650177, 1.1414213180541992), (1.600000023841858, 1), (1.36207115650177, 1.1414213180541992), (1.371649146080017, 1), (1.600000023841858, 1), (1.600000023841858, 1), (1.371649146080017, 1), (1.600000023841858, -1), (1.371649146080017, 1), (1.371649146080017, -1), (1.600000023841858, -1), (1.600000023841858, -1), (1.371649146080017, -1), (1.600000023841858, -1.1414213180541992), (1.371649146080017, -1), (1.36207115650177, -1.1414213180541992), (1.600000023841858, -1.1414213180541992), (1.600000023841858, -1.1414213180541992), (1.36207115650177, -1.1414213180541992), (1.600000023841858, -1.2000000476837158), (1.36207115650177, -1.1414213180541992), (1.3389476537704468, -1.2000000476837158), (1.600000023841858, -1.2000000476837158), (1.3389476537704468, 1.2000000476837158), (1.0823619365692139, 1.2000000476837158), (1.36207115650177, 1.1414213180541992), (1.0823619365692139, 1.2000000476837158), (1.1282132863998413, 1.1414213180541992), (1.36207115650177, 1.1414213180541992), (1.36207115650177, 1.1414213180541992), (1.1282132863998413, 1.1414213180541992), (1.371649146080017, 1), (1.1282132863998413, 1.1414213180541992), (1.1472054719924927, 1), (1.371649146080017, 1), (1.371649146080017, 1), (1.1472054719924927, 1), (1.371649146080017, -1), (1.1472054719924927, 1), (1.1472054719924927, -1), (1.371649146080017, -1), (1.371649146080017, -1), (1.1472054719924927, -1), (1.36207115650177, -1.1414213180541992), (1.1472054719924927, -1), (1.1282132863998413, -1.1414213180541992), (1.36207115650177, -1.1414213180541992), (1.36207115650177, -1.1414213180541992), (1.1282132863998413, -1.1414213180541992), (1.3389476537704468, -1.2000000476837158), (1.1282132863998413, -1.1414213180541992), (1.0823619365692139, -1.2000000476837158), (1.3389476537704468, -1.2000000476837158), (1.0823619365692139, 1.2000000476837158), (0.8346331119537354, 1.2000000476837158), (1.1282132863998413, 1.1414213180541992), (0.8346331119537354, 1.2000000476837158), (0.9024277925491333, 1.1414213180541992), (1.1282132863998413, 1.1414213180541992), (1.1282132863998413, 1.1414213180541992), (0.9024277925491333, 1.1414213180541992), (1.1472054719924927, 1), (0.9024277925491333, 1.1414213180541992), (0.9305092692375183, 1), (1.1472054719924927, 1), (1.1472054719924927, 1), (0.9305092692375183, 1), (1.1472054719924927, -1), (0.9305092692375183, 1), (0.9305092692375183, -1), (1.1472054719924927, -1), (1.1472054719924927, -1), (0.9305092692375183, -1), (1.1282132863998413, -1.1414213180541992), (0.9305092692375183, -1), (0.9024277925491333, -1.1414213180541992), (1.1282132863998413, -1.1414213180541992), (1.1282132863998413, -1.1414213180541992), (0.9024277925491333, -1.1414213180541992), (1.0823619365692139, -1.2000000476837158), (0.9024277925491333, -1.1414213180541992), (0.8346331119537354, -1.2000000476837158), (1.0823619365692139, -1.2000000476837158), (0.8346331119537354, 1.2000000476837158), (0.6000000238418579, 1.2000000476837158), (0.9024277925491333, 1.1414213180541992), (0.6000000238418579, 1.2000000476837158), (0.6885780096054077, 1.1414213180541992), (0.9024277925491333, 1.1414213180541992), (0.9024277925491333, 1.1414213180541992), (0.6885780096054077, 1.1414213180541992), (0.9305092692375183, 1), (0.6885780096054077, 1.1414213180541992), (0.7252681851387024, 1), (0.9305092692375183, 1), (0.9305092692375183, 1), (0.7252681851387024, 1), (0.9305092692375183, -1), (0.7252681851387024, 1), (0.7252681851387024, -1), (0.9305092692375183, -1), (0.9305092692375183, -1), (0.7252681851387024, -1), (0.9024277925491333, -1.1414213180541992), (0.7252681851387024, -1), (0.6885780096054077, -1.1414213180541992), (0.9024277925491333, -1.1414213180541992), (0.9024277925491333, -1.1414213180541992), (0.6885780096054077, -1.1414213180541992), (0.8346331119537354, -1.2000000476837158), (0.6885780096054077, -1.1414213180541992), (0.6000000238418579, -1.2000000476837158), (0.8346331119537354, -1.2000000476837158), (0.6000000238418579, 1.2000000476837158), (0.38247713446617126, 1.2000000476837158), (0.6885780096054077, 1.1414213180541992), (0.38247713446617126, 1.2000000476837158), (0.49032288789749146, 1.1414213180541992), (0.6885780096054077, 1.1414213180541992), (0.6885780096054077, 1.1414213180541992), (0.49032288789749146, 1.1414213180541992), (0.7252681851387024, 1), (0.49032288789749146, 1.1414213180541992), (0.5349940657615662, 1), (0.7252681851387024, 1), (0.7252681851387024, 1), (0.5349940657615662, 1), (0.7252681851387024, -1), (0.5349940657615662, 1), (0.5349940657615662, -1), (0.7252681851387024, -1), (0.7252681851387024, -1), (0.5349940657615662, -1), (0.6885780096054077, -1.1414213180541992), (0.5349940657615662, -1), (0.49032288789749146, -1.1414213180541992), (0.6885780096054077, -1.1414213180541992), (0.6885780096054077, -1.1414213180541992), (0.49032288789749146, -1.1414213180541992), (0.6000000238418579, -1.2000000476837158), (0.49032288789749146, -1.1414213180541992), (0.38247713446617126, -1.2000000476837158), (0.6000000238418579, -1.2000000476837158), (0.38247713446617126, 1.2000000476837158), (0.1857864409685135, 1.2000000476837158), (0.49032288789749146, 1.1414213180541992), (0.1857864409685135, 1.2000000476837158), (0.31105464696884155, 1.1414213180541992), (0.49032288789749146, 1.1414213180541992), (0.49032288789749146, 1.1414213180541992), (0.31105464696884155, 1.1414213180541992), (0.5349940657615662, 1), (0.31105464696884155, 1.1414213180541992), (0.3629424273967743, 1), (0.5349940657615662, 1), (0.5349940657615662, 1), (0.3629424273967743, 1), (0.5349940657615662, -1), (0.3629424273967743, 1), (0.3629424273967743, -1), (0.5349940657615662, -1), (0.5349940657615662, -1), (0.3629424273967743, -1), (0.49032288789749146, -1.1414213180541992), (0.3629424273967743, -1), (0.31105464696884155, -1.1414213180541992), (0.49032288789749146, -1.1414213180541992), (0.49032288789749146, -1.1414213180541992), (0.31105464696884155, -1.1414213180541992), (0.38247713446617126, -1.2000000476837158), (0.31105464696884155, -1.1414213180541992), (0.1857864409685135, -1.2000000476837158), (0.38247713446617126, -1.2000000476837158), (-20.98578643798828, 1.2000000476837158), (-21.182477951049805, 1.2000000476837158), (-21.111055374145508, 1.1414213180541992), (-21.182477951049805, 1.2000000476837158), (-21.29032325744629, 1.1414213180541992), (-21.111055374145508, 1.1414213180541992), (-21.111055374145508, 1.1414213180541992), (-21.29032325744629, 1.1414213180541992), (-21.16294288635254, 1), (-21.29032325744629, 1.1414213180541992), (-21.334993362426758, 1), (-21.16294288635254, 1), (-21.16294288635254, 1), (-21.334993362426758, 1), (-21.16294288635254, -1), (-21.334993362426758, 1), (-21.334993362426758, -1), (-21.16294288635254, -1), (-21.16294288635254, -1), (-21.334993362426758, -1), (-21.111055374145508, -1.1414213180541992), (-21.334993362426758, -1), (-21.29032325744629, -1.1414213180541992), (-21.111055374145508, -1.1414213180541992), (-21.111055374145508, -1.1414213180541992), (-21.29032325744629, -1.1414213180541992), (-20.98578643798828, -1.2000000476837158), (-21.29032325744629, -1.1414213180541992), (-21.182477951049805, -1.2000000476837158), (-20.98578643798828, -1.2000000476837158), (-21.182477951049805, 1.2000000476837158), (-21.399999618530273, 1.2000000476837158), (-21.29032325744629, 1.1414213180541992), (-21.399999618530273, 1.2000000476837158), (-21.48857879638672, 1.1414213180541992), (-21.29032325744629, 1.1414213180541992), (-21.29032325744629, 1.1414213180541992), (-21.48857879638672, 1.1414213180541992), (-21.334993362426758, 1), (-21.48857879638672, 1.1414213180541992), (-21.5252685546875, 1), (-21.334993362426758, 1), (-21.334993362426758, 1), (-21.5252685546875, 1), (-21.334993362426758, -1), (-21.5252685546875, 1), (-21.5252685546875, -1), (-21.334993362426758, -1), (-21.334993362426758, -1), (-21.5252685546875, -1), (-21.29032325744629, -1.1414213180541992), (-21.5252685546875, -1), (-21.48857879638672, -1.1414213180541992), (-21.29032325744629, -1.1414213180541992), (-21.29032325744629, -1.1414213180541992), (-21.48857879638672, -1.1414213180541992), (-21.182477951049805, -1.2000000476837158), (-21.48857879638672, -1.1414213180541992), (-21.399999618530273, -1.2000000476837158), (-21.182477951049805, -1.2000000476837158), (-21.399999618530273, 1.2000000476837158), (-21.634634017944336, 1.2000000476837158), (-21.48857879638672, 1.1414213180541992), (-21.634634017944336, 1.2000000476837158), (-21.70242691040039, 1.1414213180541992), (-21.48857879638672, 1.1414213180541992), (-21.48857879638672, 1.1414213180541992), (-21.70242691040039, 1.1414213180541992), (-21.5252685546875, 1), (-21.70242691040039, 1.1414213180541992), (-21.73050880432129, 1), (-21.5252685546875, 1), (-21.5252685546875, 1), (-21.73050880432129, 1), (-21.5252685546875, -1), (-21.73050880432129, 1), (-21.73050880432129, -1), (-21.5252685546875, -1), (-21.5252685546875, -1), (-21.73050880432129, -1), (-21.48857879638672, -1.1414213180541992), (-21.73050880432129, -1), (-21.70242691040039, -1.1414213180541992), (-21.48857879638672, -1.1414213180541992), (-21.48857879638672, -1.1414213180541992), (-21.70242691040039, -1.1414213180541992), (-21.399999618530273, -1.2000000476837158), (-21.70242691040039, -1.1414213180541992), (-21.634634017944336, -1.2000000476837158), (-21.399999618530273, -1.2000000476837158), (-21.634634017944336, 1.2000000476837158), (-21.882362365722656, 1.2000000476837158), (-21.70242691040039, 1.1414213180541992), (-21.882362365722656, 1.2000000476837158), (-21.928213119506836, 1.1414213180541992), (-21.70242691040039, 1.1414213180541992), (-21.70242691040039, 1.1414213180541992), (-21.928213119506836, 1.1414213180541992), (-21.73050880432129, 1), (-21.928213119506836, 1.1414213180541992), (-21.94720458984375, 1), (-21.73050880432129, 1), (-21.73050880432129, 1), (-21.94720458984375, 1), (-21.73050880432129, -1), (-21.94720458984375, 1), (-21.94720458984375, -1), (-21.73050880432129, -1), (-21.73050880432129, -1), (-21.94720458984375, -1), (-21.70242691040039, -1.1414213180541992), (-21.94720458984375, -1), (-21.928213119506836, -1.1414213180541992), (-21.70242691040039, -1.1414213180541992), (-21.70242691040039, -1.1414213180541992), (-21.928213119506836, -1.1414213180541992), (-21.634634017944336, -1.2000000476837158), (-21.928213119506836, -1.1414213180541992), (-21.882362365722656, -1.2000000476837158), (-21.634634017944336, -1.2000000476837158), (-21.882362365722656, 1.2000000476837158), (-22.138948440551758, 1.2000000476837158), (-21.928213119506836, 1.1414213180541992), (-22.138948440551758, 1.2000000476837158), (-22.162071228027344, 1.1414213180541992), (-21.928213119506836, 1.1414213180541992), (-21.928213119506836, 1.1414213180541992), (-22.162071228027344, 1.1414213180541992), (-21.94720458984375, 1), (-22.162071228027344, 1.1414213180541992), (-22.171649932861328, 1), (-21.94720458984375, 1), (-21.94720458984375, 1), (-22.171649932861328, 1), (-21.94720458984375, -1), (-22.171649932861328, 1), (-22.171649932861328, -1), (-21.94720458984375, -1), (-21.94720458984375, -1), (-22.171649932861328, -1), (-21.928213119506836, -1.1414213180541992), (-22.171649932861328, -1), (-22.162071228027344, -1.1414213180541992), (-21.928213119506836, -1.1414213180541992), (-21.928213119506836, -1.1414213180541992), (-22.162071228027344, -1.1414213180541992), (-21.882362365722656, -1.2000000476837158), (-22.162071228027344, -1.1414213180541992), (-22.138948440551758, -1.2000000476837158), (-21.882362365722656, -1.2000000476837158), (-22.138948440551758, 1.2000000476837158), (-22.399999618530273, 1.2000000476837158), (-22.162071228027344, 1.1414213180541992), (-22.399999618530273, 1.2000000476837158), (-22.399999618530273, 1.1414213180541992), (-22.162071228027344, 1.1414213180541992), (-22.162071228027344, 1.1414213180541992), (-22.399999618530273, 1.1414213180541992), (-22.171649932861328, 1), (-22.399999618530273, 1.1414213180541992), (-22.399999618530273, 1), (-22.171649932861328, 1), (-22.171649932861328, 1), (-22.399999618530273, 1), (-22.171649932861328, -1), (-22.399999618530273, 1), (-22.399999618530273, -1), (-22.171649932861328, -1), (-22.171649932861328, -1), (-22.399999618530273, -1), (-22.162071228027344, -1.1414213180541992), (-22.399999618530273, -1), (-22.399999618530273, -1.1414213180541992), (-22.162071228027344, -1.1414213180541992), (-22.162071228027344, -1.1414213180541992), (-22.399999618530273, -1.1414213180541992), (-22.138948440551758, -1.2000000476837158), (-22.399999618530273, -1.1414213180541992), (-22.399999618530273, -1.2000000476837158), (-22.138948440551758, -1.2000000476837158), (-22.399999618530273, 1.2000000476837158), (-22.661052703857422, 1.2000000476837158), (-22.399999618530273, 1.1414213180541992), (-22.661052703857422, 1.2000000476837158), (-22.637928009033203, 1.1414213180541992), (-22.399999618530273, 1.1414213180541992), (-22.399999618530273, 1.1414213180541992), (-22.637928009033203, 1.1414213180541992), (-22.399999618530273, 1), (-22.637928009033203, 1.1414213180541992), (-22.62835121154785, 1), (-22.399999618530273, 1), (-22.399999618530273, 1), (-22.62835121154785, 1), (-22.399999618530273, -1), (-22.62835121154785, 1), (-22.62835121154785, -1), (-22.399999618530273, -1), (-22.399999618530273, -1), (-22.62835121154785, -1), (-22.399999618530273, -1.1414213180541992), (-22.62835121154785, -1), (-22.637928009033203, -1.1414213180541992), (-22.399999618530273, -1.1414213180541992), (-22.399999618530273, -1.1414213180541992), (-22.637928009033203, -1.1414213180541992), (-22.399999618530273, -1.2000000476837158), (-22.637928009033203, -1.1414213180541992), (-22.661052703857422, -1.2000000476837158), (-22.399999618530273, -1.2000000476837158), (-22.661052703857422, 1.2000000476837158), (-22.917638778686523, 1.2000000476837158), (-22.637928009033203, 1.1414213180541992), (-22.917638778686523, 1.2000000476837158), (-22.87178611755371, 1.1414213180541992), (-22.637928009033203, 1.1414213180541992), (-22.637928009033203, 1.1414213180541992), (-22.87178611755371, 1.1414213180541992), (-22.62835121154785, 1), (-22.87178611755371, 1.1414213180541992), (-22.852794647216797, 1), (-22.62835121154785, 1), (-22.62835121154785, 1), (-22.852794647216797, 1), (-22.62835121154785, -1), (-22.852794647216797, 1), (-22.852794647216797, -1), (-22.62835121154785, -1), (-22.62835121154785, -1), (-22.852794647216797, -1), (-22.637928009033203, -1.1414213180541992), (-22.852794647216797, -1), (-22.87178611755371, -1.1414213180541992), (-22.637928009033203, -1.1414213180541992), (-22.637928009033203, -1.1414213180541992), (-22.87178611755371, -1.1414213180541992), (-22.661052703857422, -1.2000000476837158), (-22.87178611755371, -1.1414213180541992), (-22.917638778686523, -1.2000000476837158), (-22.661052703857422, -1.2000000476837158), (-22.917638778686523, 1.2000000476837158), (-23.165367126464844, 1.2000000476837158), (-22.87178611755371, 1.1414213180541992), (-23.165367126464844, 1.2000000476837158), (-23.097572326660156, 1.1414213180541992), (-22.87178611755371, 1.1414213180541992), (-22.87178611755371, 1.1414213180541992), (-23.097572326660156, 1.1414213180541992), (-22.852794647216797, 1), (-23.097572326660156, 1.1414213180541992), (-23.069490432739258, 1), (-22.852794647216797, 1), (-22.852794647216797, 1), (-23.069490432739258, 1), (-22.852794647216797, -1), (-23.069490432739258, 1), (-23.069490432739258, -1), (-22.852794647216797, -1), (-22.852794647216797, -1), (-23.069490432739258, -1), (-22.87178611755371, -1.1414213180541992), (-23.069490432739258, -1), (-23.097572326660156, -1.1414213180541992), (-22.87178611755371, -1.1414213180541992), (-22.87178611755371, -1.1414213180541992), (-23.097572326660156, -1.1414213180541992), (-22.917638778686523, -1.2000000476837158), (-23.097572326660156, -1.1414213180541992), (-23.165367126464844, -1.2000000476837158), (-22.917638778686523, -1.2000000476837158), (-23.165367126464844, 1.2000000476837158), (-23.399999618530273, 1.2000000476837158), (-23.097572326660156, 1.1414213180541992), (-23.399999618530273, 1.2000000476837158), (-23.31142234802246, 1.1414213180541992), (-23.097572326660156, 1.1414213180541992), (-23.097572326660156, 1.1414213180541992), (-23.31142234802246, 1.1414213180541992), (-23.069490432739258, 1), (-23.31142234802246, 1.1414213180541992), (-23.27473258972168, 1), (-23.069490432739258, 1), (-23.069490432739258, 1), (-23.27473258972168, 1), (-23.069490432739258, -1), (-23.27473258972168, 1), (-23.27473258972168, -1), (-23.069490432739258, -1), (-23.069490432739258, -1), (-23.27473258972168, -1), (-23.097572326660156, -1.1414213180541992), (-23.27473258972168, -1), (-23.31142234802246, -1.1414213180541992), (-23.097572326660156, -1.1414213180541992), (-23.097572326660156, -1.1414213180541992), (-23.31142234802246, -1.1414213180541992), (-23.165367126464844, -1.2000000476837158), (-23.31142234802246, -1.1414213180541992), (-23.399999618530273, -1.2000000476837158), (-23.165367126464844, -1.2000000476837158), (-23.399999618530273, 1.2000000476837158), (-23.617523193359375, 1.2000000476837158), (-23.31142234802246, 1.1414213180541992), (-23.617523193359375, 1.2000000476837158), (-23.50967788696289, 1.1414213180541992), (-23.31142234802246, 1.1414213180541992), (-23.31142234802246, 1.1414213180541992), (-23.50967788696289, 1.1414213180541992), (-23.27473258972168, 1), (-23.50967788696289, 1.1414213180541992), (-23.46500587463379, 1), (-23.27473258972168, 1), (-23.27473258972168, 1), (-23.46500587463379, 1), (-23.27473258972168, -1), (-23.46500587463379, 1), (-23.46500587463379, -1), (-23.27473258972168, -1), (-23.27473258972168, -1), (-23.46500587463379, -1), (-23.31142234802246, -1.1414213180541992), (-23.46500587463379, -1), (-23.50967788696289, -1.1414213180541992), (-23.31142234802246, -1.1414213180541992), (-23.31142234802246, -1.1414213180541992), (-23.50967788696289, -1.1414213180541992), (-23.399999618530273, -1.2000000476837158), (-23.50967788696289, -1.1414213180541992), (-23.617523193359375, -1.2000000476837158), (-23.399999618530273, -1.2000000476837158), (-23.617523193359375, 1.2000000476837158), (-23.814212799072266, 1.2000000476837158), (-23.50967788696289, 1.1414213180541992), (-23.814212799072266, 1.2000000476837158), (-23.688945770263672, 1.1414213180541992), (-23.50967788696289, 1.1414213180541992), (-23.50967788696289, 1.1414213180541992), (-23.688945770263672, 1.1414213180541992), (-23.46500587463379, 1), (-23.688945770263672, 1.1414213180541992), (-23.63705825805664, 1), (-23.46500587463379, 1), (-23.46500587463379, 1), (-23.63705825805664, 1), (-23.46500587463379, -1), (-23.63705825805664, 1), (-23.63705825805664, -1), (-23.46500587463379, -1), (-23.46500587463379, -1), (-23.63705825805664, -1), (-23.50967788696289, -1.1414213180541992), (-23.63705825805664, -1), (-23.688945770263672, -1.1414213180541992), (-23.50967788696289, -1.1414213180541992), (-23.50967788696289, -1.1414213180541992), (-23.688945770263672, -1.1414213180541992), (-23.617523193359375, -1.2000000476837158), (-23.688945770263672, -1.1414213180541992), (-23.814212799072266, -1.2000000476837158), (-23.617523193359375, -1.2000000476837158), (0.1857864409685135, 1.2000000476837158), (0.38247713446617126, 1.2000000476837158), (0.31105464696884155, 1.1414213180541992), (0.38247713446617126, 1.2000000476837158), (0.49032288789749146, 1.1414213180541992), (0.31105464696884155, 1.1414213180541992), (0.31105464696884155, 1.1414213180541992), (0.49032288789749146, 1.1414213180541992), (0.3629424273967743, 1), (0.49032288789749146, 1.1414213180541992), (0.5349940657615662, 1), (0.3629424273967743, 1), (0.3629424273967743, 1), (0.5349940657615662, 1), (0.3629424273967743, -1), (0.5349940657615662, 1), (0.5349940657615662, -1), (0.3629424273967743, -1), (0.3629424273967743, -1), (0.5349940657615662, -1), (0.31105464696884155, -1.1414213180541992), (0.5349940657615662, -1), (0.49032288789749146, -1.1414213180541992), (0.31105464696884155, -1.1414213180541992), (0.31105464696884155, -1.1414213180541992), (0.49032288789749146, -1.1414213180541992), (0.1857864409685135, -1.2000000476837158), (0.49032288789749146, -1.1414213180541992), (0.38247713446617126, -1.2000000476837158), (0.1857864409685135, -1.2000000476837158), (0.38247713446617126, 1.2000000476837158), (0.6000000238418579, 1.2000000476837158), (0.49032288789749146, 1.1414213180541992), (0.6000000238418579, 1.2000000476837158), (0.6885780096054077, 1.1414213180541992), (0.49032288789749146, 1.1414213180541992), (0.49032288789749146, 1.1414213180541992), (0.6885780096054077, 1.1414213180541992), (0.5349940657615662, 1), (0.6885780096054077, 1.1414213180541992), (0.7252681851387024, 1), (0.5349940657615662, 1), (0.5349940657615662, 1), (0.7252681851387024, 1), (0.5349940657615662, -1), (0.7252681851387024, 1), (0.7252681851387024, -1), (0.5349940657615662, -1), (0.5349940657615662, -1), (0.7252681851387024, -1), (0.49032288789749146, -1.1414213180541992), (0.7252681851387024, -1), (0.6885780096054077, -1.1414213180541992), (0.49032288789749146, -1.1414213180541992), (0.49032288789749146, -1.1414213180541992), (0.6885780096054077, -1.1414213180541992), (0.38247713446617126, -1.2000000476837158), (0.6885780096054077, -1.1414213180541992), (0.6000000238418579, -1.2000000476837158), (0.38247713446617126, -1.2000000476837158), (0.6000000238418579, 1.2000000476837158), (0.8346331119537354, 1.2000000476837158), (0.6885780096054077, 1.1414213180541992), (0.8346331119537354, 1.2000000476837158), (0.9024277925491333, 1.1414213180541992), (0.6885780096054077, 1.1414213180541992), (0.6885780096054077, 1.1414213180541992), (0.9024277925491333, 1.1414213180541992), (0.7252681851387024, 1), (0.9024277925491333, 1.1414213180541992), (0.9305092692375183, 1), (0.7252681851387024, 1), (0.7252681851387024, 1), (0.9305092692375183, 1), (0.7252681851387024, -1), (0.9305092692375183, 1), (0.9305092692375183, -1), (0.7252681851387024, -1), (0.7252681851387024, -1), (0.9305092692375183, -1), (0.6885780096054077, -1.1414213180541992), (0.9305092692375183, -1), (0.9024277925491333, -1.1414213180541992), (0.6885780096054077, -1.1414213180541992), (0.6885780096054077, -1.1414213180541992), (0.9024277925491333, -1.1414213180541992), (0.6000000238418579, -1.2000000476837158), (0.9024277925491333, -1.1414213180541992), (0.8346331119537354, -1.2000000476837158), (0.6000000238418579, -1.2000000476837158), (0.8346331119537354, 1.2000000476837158), (1.0823619365692139, 1.2000000476837158), (0.9024277925491333, 1.1414213180541992), (1.0823619365692139, 1.2000000476837158), (1.1282132863998413, 1.1414213180541992), (0.9024277925491333, 1.1414213180541992), (0.9024277925491333, 1.1414213180541992), (1.1282132863998413, 1.1414213180541992), (0.9305092692375183, 1), (1.1282132863998413, 1.1414213180541992), (1.1472054719924927, 1), (0.9305092692375183, 1), (0.9305092692375183, 1), (1.1472054719924927, 1), (0.9305092692375183, -1), (1.1472054719924927, 1), (1.1472054719924927, -1), (0.9305092692375183, -1), (0.9305092692375183, -1), (1.1472054719924927, -1), (0.9024277925491333, -1.1414213180541992), (1.1472054719924927, -1), (1.1282132863998413, -1.1414213180541992), (0.9024277925491333, -1.1414213180541992), (0.9024277925491333, -1.1414213180541992), (1.1282132863998413, -1.1414213180541992), (0.8346331119537354, -1.2000000476837158), (1.1282132863998413, -1.1414213180541992), (1.0823619365692139, -1.2000000476837158), (0.8346331119537354, -1.2000000476837158), (1.0823619365692139, 1.2000000476837158), (1.3389476537704468, 1.2000000476837158), (1.1282132863998413, 1.1414213180541992), (1.3389476537704468, 1.2000000476837158), (1.36207115650177, 1.1414213180541992), (1.1282132863998413, 1.1414213180541992), (1.1282132863998413, 1.1414213180541992), (1.36207115650177, 1.1414213180541992), (1.1472054719924927, 1), (1.36207115650177, 1.1414213180541992), (1.371649146080017, 1), (1.1472054719924927, 1), (1.1472054719924927, 1), (1.371649146080017, 1), (1.1472054719924927, -1), (1.371649146080017, 1), (1.371649146080017, -1), (1.1472054719924927, -1), (1.1472054719924927, -1), (1.371649146080017, -1), (1.1282132863998413, -1.1414213180541992), (1.371649146080017, -1), (1.36207115650177, -1.1414213180541992), (1.1282132863998413, -1.1414213180541992), (1.1282132863998413, -1.1414213180541992), (1.36207115650177, -1.1414213180541992), (1.0823619365692139, -1.2000000476837158), (1.36207115650177, -1.1414213180541992), (1.3389476537704468, -1.2000000476837158), (1.0823619365692139, -1.2000000476837158), (1.3389476537704468, 1.2000000476837158), (1.600000023841858, 1.2000000476837158), (1.36207115650177, 1.1414213180541992), (1.600000023841858, 1.2000000476837158), (1.600000023841858, 1.1414213180541992), (1.36207115650177, 1.1414213180541992), (1.36207115650177, 1.1414213180541992), (1.600000023841858, 1.1414213180541992), (1.371649146080017, 1), (1.600000023841858, 1.1414213180541992), (1.600000023841858, 1), (1.371649146080017, 1), (1.371649146080017, 1), (1.600000023841858, 1), (1.371649146080017, -1), (1.600000023841858, 1), (1.600000023841858, -1), (1.371649146080017, -1), (1.371649146080017, -1), (1.600000023841858, -1), (1.36207115650177, -1.1414213180541992), (1.600000023841858, -1), (1.600000023841858, -1.1414213180541992), (1.36207115650177, -1.1414213180541992), (1.36207115650177, -1.1414213180541992), (1.600000023841858, -1.1414213180541992), (1.3389476537704468, -1.2000000476837158), (1.600000023841858, -1.1414213180541992), (1.600000023841858, -1.2000000476837158), (1.3389476537704468, -1.2000000476837158), (1.600000023841858, 1.2000000476837158), (1.861052393913269, 1.2000000476837158), (1.600000023841858, 1.1414213180541992), (1.861052393913269, 1.2000000476837158), (1.8379288911819458, 1.1414213180541992), (1.600000023841858, 1.1414213180541992), (1.600000023841858, 1.1414213180541992), (1.8379288911819458, 1.1414213180541992), (1.600000023841858, 1), (1.8379288911819458, 1.1414213180541992), (1.8283507823944092, 1), (1.600000023841858, 1), (1.600000023841858, 1), (1.8283507823944092, 1), (1.600000023841858, -1), (1.8283507823944092, 1), (1.8283507823944092, -1), (1.600000023841858, -1), (1.600000023841858, -1), (1.8283507823944092, -1), (1.600000023841858, -1.1414213180541992), (1.8283507823944092, -1), (1.8379288911819458, -1.1414213180541992), (1.600000023841858, -1.1414213180541992), (1.600000023841858, -1.1414213180541992), (1.8379288911819458, -1.1414213180541992), (1.600000023841858, -1.2000000476837158), (1.8379288911819458, -1.1414213180541992), (1.861052393913269, -1.2000000476837158), (1.600000023841858, -1.2000000476837158), (1.861052393913269, 1.2000000476837158), (2.117638111114502, 1.2000000476837158), (1.8379288911819458, 1.1414213180541992), (2.117638111114502, 1.2000000476837158), (2.071786642074585, 1.1414213180541992), (1.8379288911819458, 1.1414213180541992), (1.8379288911819458, 1.1414213180541992), (2.071786642074585, 1.1414213180541992), (1.8283507823944092, 1), (2.071786642074585, 1.1414213180541992), (2.0527944564819336, 1), (1.8283507823944092, 1), (1.8283507823944092, 1), (2.0527944564819336, 1), (1.8283507823944092, -1), (2.0527944564819336, 1), (2.0527944564819336, -1), (1.8283507823944092, -1), (1.8283507823944092, -1), (2.0527944564819336, -1), (1.8379288911819458, -1.1414213180541992), (2.0527944564819336, -1), (2.071786642074585, -1.1414213180541992), (1.8379288911819458, -1.1414213180541992), (1.8379288911819458, -1.1414213180541992), (2.071786642074585, -1.1414213180541992), (1.861052393913269, -1.2000000476837158), (2.071786642074585, -1.1414213180541992), (2.117638111114502, -1.2000000476837158), (1.861052393913269, -1.2000000476837158), (2.117638111114502, 1.2000000476837158), (2.3653669357299805, 1.2000000476837158), (2.071786642074585, 1.1414213180541992), (2.3653669357299805, 1.2000000476837158), (2.297572135925293, 1.1414213180541992), (2.071786642074585, 1.1414213180541992), (2.071786642074585, 1.1414213180541992), (2.297572135925293, 1.1414213180541992), (2.0527944564819336, 1), (2.297572135925293, 1.1414213180541992), (2.2694907188415527, 1), (2.0527944564819336, 1), (2.0527944564819336, 1), (2.2694907188415527, 1), (2.0527944564819336, -1), (2.2694907188415527, 1), (2.2694907188415527, -1), (2.0527944564819336, -1), (2.0527944564819336, -1), (2.2694907188415527, -1), (2.071786642074585, -1.1414213180541992), (2.2694907188415527, -1), (2.297572135925293, -1.1414213180541992), (2.071786642074585, -1.1414213180541992), (2.071786642074585, -1.1414213180541992), (2.297572135925293, -1.1414213180541992), (2.117638111114502, -1.2000000476837158), (2.297572135925293, -1.1414213180541992), (2.3653669357299805, -1.2000000476837158), (2.117638111114502, -1.2000000476837158), (2.3653669357299805, 1.2000000476837158), (2.5999999046325684, 1.2000000476837158), (2.297572135925293, 1.1414213180541992), (2.5999999046325684, 1.2000000476837158), (2.5114219188690186, 1.1414213180541992), (2.297572135925293, 1.1414213180541992), (2.297572135925293, 1.1414213180541992), (2.5114219188690186, 1.1414213180541992), (2.2694907188415527, 1), (2.5114219188690186, 1.1414213180541992), (2.474731683731079, 1), (2.2694907188415527, 1), (2.2694907188415527, 1), (2.474731683731079, 1), (2.2694907188415527, -1), (2.474731683731079, 1), (2.474731683731079, -1), (2.2694907188415527, -1), (2.2694907188415527, -1), (2.474731683731079, -1), (2.297572135925293, -1.1414213180541992), (2.474731683731079, -1), (2.5114219188690186, -1.1414213180541992), (2.297572135925293, -1.1414213180541992), (2.297572135925293, -1.1414213180541992), (2.5114219188690186, -1.1414213180541992), (2.3653669357299805, -1.2000000476837158), (2.5114219188690186, -1.1414213180541992), (2.5999999046325684, -1.2000000476837158), (2.3653669357299805, -1.2000000476837158), (2.5999999046325684, 1.2000000476837158), (2.8175227642059326, 1.2000000476837158), (2.5114219188690186, 1.1414213180541992), (2.8175227642059326, 1.2000000476837158), (2.709677219390869, 1.1414213180541992), (2.5114219188690186, 1.1414213180541992), (2.5114219188690186, 1.1414213180541992), (2.709677219390869, 1.1414213180541992), (2.474731683731079, 1), (2.709677219390869, 1.1414213180541992), (2.665005922317505, 1), (2.474731683731079, 1), (2.474731683731079, 1), (2.665005922317505, 1), (2.474731683731079, -1), (2.665005922317505, 1), (2.665005922317505, -1), (2.474731683731079, -1), (2.474731683731079, -1), (2.665005922317505, -1), (2.5114219188690186, -1.1414213180541992), (2.665005922317505, -1), (2.709677219390869, -1.1414213180541992), (2.5114219188690186, -1.1414213180541992), (2.5114219188690186, -1.1414213180541992), (2.709677219390869, -1.1414213180541992), (2.5999999046325684, -1.2000000476837158), (2.709677219390869, -1.1414213180541992), (2.8175227642059326, -1.2000000476837158), (2.5999999046325684, -1.2000000476837158), (2.8175227642059326, 1.2000000476837158), (3.0142135620117188, 1.2000000476837158), (2.709677219390869, 1.1414213180541992), (3.0142135620117188, 1.2000000476837158), (2.8889453411102295, 1.1414213180541992), (2.709677219390869, 1.1414213180541992), (2.709677219390869, 1.1414213180541992), (2.8889453411102295, 1.1414213180541992), (2.665005922317505, 1), (2.8889453411102295, 1.1414213180541992), (2.837057590484619, 1), (2.665005922317505, 1), (2.665005922317505, 1), (2.837057590484619, 1), (2.665005922317505, -1), (2.837057590484619, 1), (2.837057590484619, -1), (2.665005922317505, -1), (2.665005922317505, -1), (2.837057590484619, -1), (2.709677219390869, -1.1414213180541992), (2.837057590484619, -1), (2.8889453411102295, -1.1414213180541992), (2.709677219390869, -1.1414213180541992), (2.709677219390869, -1.1414213180541992), (2.8889453411102295, -1.1414213180541992), (2.8175227642059326, -1.2000000476837158), (2.8889453411102295, -1.1414213180541992), (3.0142135620117188, -1.2000000476837158), (2.8175227642059326, -1.2000000476837158), (-23.814212799072266, 1.2000000476837158), (-23.617523193359375, 1.2000000476837158), (-23.688945770263672, 1.1414213180541992), (-23.617523193359375, 1.2000000476837158), (-23.50967788696289, 1.1414213180541992), (-23.688945770263672, 1.1414213180541992), (-23.688945770263672, 1.1414213180541992), (-23.50967788696289, 1.1414213180541992), (-23.63705825805664, 1), (-23.50967788696289, 1.1414213180541992), (-23.46500587463379, 1), (-23.63705825805664, 1), (-23.63705825805664, 1), (-23.46500587463379, 1), (-23.63705825805664, -1), (-23.46500587463379, 1), (-23.46500587463379, -1), (-23.63705825805664, -1), (-23.63705825805664, -1), (-23.46500587463379, -1), (-23.688945770263672, -1.1414213180541992), (-23.46500587463379, -1), (-23.50967788696289, -1.1414213180541992), (-23.688945770263672, -1.1414213180541992), (-23.688945770263672, -1.1414213180541992), (-23.50967788696289, -1.1414213180541992), (-23.814212799072266, -1.2000000476837158), (-23.50967788696289, -1.1414213180541992), (-23.617523193359375, -1.2000000476837158), (-23.814212799072266, -1.2000000476837158), (-23.617523193359375, 1.2000000476837158), (-23.399999618530273, 1.2000000476837158), (-23.50967788696289, 1.1414213180541992), (-23.399999618530273, 1.2000000476837158), (-23.31142234802246, 1.1414213180541992), (-23.50967788696289, 1.1414213180541992), (-23.50967788696289, 1.1414213180541992), (-23.31142234802246, 1.1414213180541992), (-23.46500587463379, 1), (-23.31142234802246, 1.1414213180541992), (-23.27473258972168, 1), (-23.46500587463379, 1), (-23.46500587463379, 1), (-23.27473258972168, 1), (-23.46500587463379, -1), (-23.27473258972168, 1), (-23.27473258972168, -1), (-23.46500587463379, -1), (-23.46500587463379, -1), (-23.27473258972168, -1), (-23.50967788696289, -1.1414213180541992), (-23.27473258972168, -1), (-23.31142234802246, -1.1414213180541992), (-23.50967788696289, -1.1414213180541992), (-23.50967788696289, -1.1414213180541992), (-23.31142234802246, -1.1414213180541992), (-23.617523193359375, -1.2000000476837158), (-23.31142234802246, -1.1414213180541992), (-23.399999618530273, -1.2000000476837158), (-23.617523193359375, -1.2000000476837158), (-23.399999618530273, 1.2000000476837158), (-23.165367126464844, 1.2000000476837158), (-23.31142234802246, 1.1414213180541992), (-23.165367126464844, 1.2000000476837158), (-23.097572326660156, 1.1414213180541992), (-23.31142234802246, 1.1414213180541992), (-23.31142234802246, 1.1414213180541992), (-23.097572326660156, 1.1414213180541992), (-23.27473258972168, 1), (-23.097572326660156, 1.1414213180541992), (-23.069490432739258, 1), (-23.27473258972168, 1), (-23.27473258972168, 1), (-23.069490432739258, 1), (-23.27473258972168, -1), (-23.069490432739258, 1), (-23.069490432739258, -1), (-23.27473258972168, -1), (-23.27473258972168, -1), (-23.069490432739258, -1), (-23.31142234802246, -1.1414213180541992), (-23.069490432739258, -1), (-23.097572326660156, -1.1414213180541992), (-23.31142234802246, -1.1414213180541992), (-23.31142234802246, -1.1414213180541992), (-23.097572326660156, -1.1414213180541992), (-23.399999618530273, -1.2000000476837158), (-23.097572326660156, -1.1414213180541992), (-23.165367126464844, -1.2000000476837158), (-23.399999618530273, -1.2000000476837158), (-23.165367126464844, 1.2000000476837158), (-22.917638778686523, 1.2000000476837158), (-23.097572326660156, 1.1414213180541992), (-22.917638778686523, 1.2000000476837158), (-22.87178611755371, 1.1414213180541992), (-23.097572326660156, 1.1414213180541992), (-23.097572326660156, 1.1414213180541992), (-22.87178611755371, 1.1414213180541992), (-23.069490432739258, 1), (-22.87178611755371, 1.1414213180541992), (-22.852794647216797, 1), (-23.069490432739258, 1), (-23.069490432739258, 1), (-22.852794647216797, 1), (-23.069490432739258, -1), (-22.852794647216797, 1), (-22.852794647216797, -1), (-23.069490432739258, -1), (-23.069490432739258, -1), (-22.852794647216797, -1), (-23.097572326660156, -1.1414213180541992), (-22.852794647216797, -1), (-22.87178611755371, -1.1414213180541992), (-23.097572326660156, -1.1414213180541992), (-23.097572326660156, -1.1414213180541992), (-22.87178611755371, -1.1414213180541992), (-23.165367126464844, -1.2000000476837158), (-22.87178611755371, -1.1414213180541992), (-22.917638778686523, -1.2000000476837158), (-23.165367126464844, -1.2000000476837158), (-22.917638778686523, 1.2000000476837158), (-22.661052703857422, 1.2000000476837158), (-22.87178611755371, 1.1414213180541992), (-22.661052703857422, 1.2000000476837158), (-22.637928009033203, 1.1414213180541992), (-22.87178611755371, 1.1414213180541992), (-22.87178611755371, 1.1414213180541992), (-22.637928009033203, 1.1414213180541992), (-22.852794647216797, 1), (-22.637928009033203, 1.1414213180541992), (-22.62835121154785, 1), (-22.852794647216797, 1), (-22.852794647216797, 1), (-22.62835121154785, 1), (-22.852794647216797, -1), (-22.62835121154785, 1), (-22.62835121154785, -1), (-22.852794647216797, -1), (-22.852794647216797, -1), (-22.62835121154785, -1), (-22.87178611755371, -1.1414213180541992), (-22.62835121154785, -1), (-22.637928009033203, -1.1414213180541992), (-22.87178611755371, -1.1414213180541992), (-22.87178611755371, -1.1414213180541992), (-22.637928009033203, -1.1414213180541992), (-22.917638778686523, -1.2000000476837158), (-22.637928009033203, -1.1414213180541992), (-22.661052703857422, -1.2000000476837158), (-22.917638778686523, -1.2000000476837158), (-22.661052703857422, 1.2000000476837158), (-22.399999618530273, 1.2000000476837158), (-22.637928009033203, 1.1414213180541992), (-22.399999618530273, 1.2000000476837158), (-22.399999618530273, 1.1414213180541992), (-22.637928009033203, 1.1414213180541992), (-22.637928009033203, 1.1414213180541992), (-22.399999618530273, 1.1414213180541992), (-22.62835121154785, 1), (-22.399999618530273, 1.1414213180541992), (-22.399999618530273, 1), (-22.62835121154785, 1), (-22.62835121154785, 1), (-22.399999618530273, 1), (-22.62835121154785, -1), (-22.399999618530273, 1), (-22.399999618530273, -1), (-22.62835121154785, -1), (-22.62835121154785, -1), (-22.399999618530273, -1), (-22.637928009033203, -1.1414213180541992), (-22.399999618530273, -1), (-22.399999618530273, -1.1414213180541992), (-22.637928009033203, -1.1414213180541992), (-22.637928009033203, -1.1414213180541992), (-22.399999618530273, -1.1414213180541992), (-22.661052703857422, -1.2000000476837158), (-22.399999618530273, -1.1414213180541992), (-22.399999618530273, -1.2000000476837158), (-22.661052703857422, -1.2000000476837158), (-22.399999618530273, 1.2000000476837158), (-22.138948440551758, 1.2000000476837158), (-22.399999618530273, 1.1414213180541992), (-22.138948440551758, 1.2000000476837158), (-22.162071228027344, 1.1414213180541992), (-22.399999618530273, 1.1414213180541992), (-22.399999618530273, 1.1414213180541992), (-22.162071228027344, 1.1414213180541992), (-22.399999618530273, 1), (-22.162071228027344, 1.1414213180541992), (-22.171649932861328, 1), (-22.399999618530273, 1), (-22.399999618530273, 1), (-22.171649932861328, 1), (-22.399999618530273, -1), (-22.171649932861328, 1), (-22.171649932861328, -1), (-22.399999618530273, -1), (-22.399999618530273, -1), (-22.171649932861328, -1), (-22.399999618530273, -1.1414213180541992), (-22.171649932861328, -1), (-22.162071228027344, -1.1414213180541992), (-22.399999618530273, -1.1414213180541992), (-22.399999618530273, -1.1414213180541992), (-22.162071228027344, -1.1414213180541992), (-22.399999618530273, -1.2000000476837158), (-22.162071228027344, -1.1414213180541992), (-22.138948440551758, -1.2000000476837158), (-22.399999618530273, -1.2000000476837158), (-22.138948440551758, 1.2000000476837158), (-21.882362365722656, 1.2000000476837158), (-22.162071228027344, 1.1414213180541992), (-21.882362365722656, 1.2000000476837158), (-21.928213119506836, 1.1414213180541992), (-22.162071228027344, 1.1414213180541992), (-22.162071228027344, 1.1414213180541992), (-21.928213119506836, 1.1414213180541992), (-22.171649932861328, 1), (-21.928213119506836, 1.1414213180541992), (-21.94720458984375, 1), (-22.171649932861328, 1), (-22.171649932861328, 1), (-21.94720458984375, 1), (-22.171649932861328, -1), (-21.94720458984375, 1), (-21.94720458984375, -1), (-22.171649932861328, -1), (-22.171649932861328, -1), (-21.94720458984375, -1), (-22.162071228027344, -1.1414213180541992), (-21.94720458984375, -1), (-21.928213119506836, -1.1414213180541992), (-22.162071228027344, -1.1414213180541992), (-22.162071228027344, -1.1414213180541992), (-21.928213119506836, -1.1414213180541992), (-22.138948440551758, -1.2000000476837158), (-21.928213119506836, -1.1414213180541992), (-21.882362365722656, -1.2000000476837158), (-22.138948440551758, -1.2000000476837158), (-21.882362365722656, 1.2000000476837158), (-21.634634017944336, 1.2000000476837158), (-21.928213119506836, 1.1414213180541992), (-21.634634017944336, 1.2000000476837158), (-21.70242691040039, 1.1414213180541992), (-21.928213119506836, 1.1414213180541992), (-21.928213119506836, 1.1414213180541992), (-21.70242691040039, 1.1414213180541992), (-21.94720458984375, 1), (-21.70242691040039, 1.1414213180541992), (-21.73050880432129, 1), (-21.94720458984375, 1), (-21.94720458984375, 1), (-21.73050880432129, 1), (-21.94720458984375, -1), (-21.73050880432129, 1), (-21.73050880432129, -1), (-21.94720458984375, -1), (-21.94720458984375, -1), (-21.73050880432129, -1), (-21.928213119506836, -1.1414213180541992), (-21.73050880432129, -1), (-21.70242691040039, -1.1414213180541992), (-21.928213119506836, -1.1414213180541992), (-21.928213119506836, -1.1414213180541992), (-21.70242691040039, -1.1414213180541992), (-21.882362365722656, -1.2000000476837158), (-21.70242691040039, -1.1414213180541992), (-21.634634017944336, -1.2000000476837158), (-21.882362365722656, -1.2000000476837158), (-21.634634017944336, 1.2000000476837158), (-21.399999618530273, 1.2000000476837158), (-21.70242691040039, 1.1414213180541992), (-21.399999618530273, 1.2000000476837158), (-21.48857879638672, 1.1414213180541992), (-21.70242691040039, 1.1414213180541992), (-21.70242691040039, 1.1414213180541992), (-21.48857879638672, 1.1414213180541992), (-21.73050880432129, 1), (-21.48857879638672, 1.1414213180541992), (-21.5252685546875, 1), (-21.73050880432129, 1), (-21.73050880432129, 1), (-21.5252685546875, 1), (-21.73050880432129, -1), (-21.5252685546875, 1), (-21.5252685546875, -1), (-21.73050880432129, -1), (-21.73050880432129, -1), (-21.5252685546875, -1), (-21.70242691040039, -1.1414213180541992), (-21.5252685546875, -1), (-21.48857879638672, -1.1414213180541992), (-21.70242691040039, -1.1414213180541992), (-21.70242691040039, -1.1414213180541992), (-21.48857879638672, -1.1414213180541992), (-21.634634017944336, -1.2000000476837158), (-21.48857879638672, -1.1414213180541992), (-21.399999618530273, -1.2000000476837158), (-21.634634017944336, -1.2000000476837158), (-21.399999618530273, 1.2000000476837158), (-21.182477951049805, 1.2000000476837158), (-21.48857879638672, 1.1414213180541992), (-21.182477951049805, 1.2000000476837158), (-21.29032325744629, 1.1414213180541992), (-21.48857879638672, 1.1414213180541992), (-21.48857879638672, 1.1414213180541992), (-21.29032325744629, 1.1414213180541992), (-21.5252685546875, 1), (-21.29032325744629, 1.1414213180541992), (-21.334993362426758, 1), (-21.5252685546875, 1), (-21.5252685546875, 1), (-21.334993362426758, 1), (-21.5252685546875, -1), (-21.334993362426758, 1), (-21.334993362426758, -1), (-21.5252685546875, -1), (-21.5252685546875, -1), (-21.334993362426758, -1), (-21.48857879638672, -1.1414213180541992), (-21.334993362426758, -1), (-21.29032325744629, -1.1414213180541992), (-21.48857879638672, -1.1414213180541992), (-21.48857879638672, -1.1414213180541992), (-21.29032325744629, -1.1414213180541992), (-21.399999618530273, -1.2000000476837158), (-21.29032325744629, -1.1414213180541992), (-21.182477951049805, -1.2000000476837158), (-21.399999618530273, -1.2000000476837158), (-21.182477951049805, 1.2000000476837158), (-20.98578643798828, 1.2000000476837158), (-21.29032325744629, 1.1414213180541992), (-20.98578643798828, 1.2000000476837158), (-21.111055374145508, 1.1414213180541992), (-21.29032325744629, 1.1414213180541992), (-21.29032325744629, 1.1414213180541992), (-21.111055374145508, 1.1414213180541992), (-21.334993362426758, 1), (-21.111055374145508, 1.1414213180541992), (-21.16294288635254, 1), (-21.334993362426758, 1), (-21.334993362426758, 1), (-21.16294288635254, 1), (-21.334993362426758, -1), (-21.16294288635254, 1), (-21.16294288635254, -1), (-21.334993362426758, -1), (-21.334993362426758, -1), (-21.16294288635254, -1), (-21.29032325744629, -1.1414213180541992), (-21.16294288635254, -1), (-21.111055374145508, -1.1414213180541992), (-21.29032325744629, -1.1414213180541992), (-21.29032325744629, -1.1414213180541992), (-21.111055374145508, -1.1414213180541992), (-21.182477951049805, -1.2000000476837158), (-21.111055374145508, -1.1414213180541992), (-20.98578643798828, -1.2000000476837158), (-21.182477951049805, -1.2000000476837158), (3.0142135620117188, 1.2000000476837158), (2.8175227642059326, 1.2000000476837158), (2.8889453411102295, 1.1414213180541992), (2.8175227642059326, 1.2000000476837158), (2.709677219390869, 1.1414213180541992), (2.8889453411102295, 1.1414213180541992), (2.8889453411102295, 1.1414213180541992), (2.709677219390869, 1.1414213180541992), (2.837057590484619, 1), (2.709677219390869, 1.1414213180541992), (2.665005922317505, 1), (2.837057590484619, 1), (2.837057590484619, 1), (2.665005922317505, 1), (2.837057590484619, -1), (2.665005922317505, 1), (2.665005922317505, -1), (2.837057590484619, -1), (2.837057590484619, -1), (2.665005922317505, -1), (2.8889453411102295, -1.1414213180541992), (2.665005922317505, -1), (2.709677219390869, -1.1414213180541992), (2.8889453411102295, -1.1414213180541992), (2.8889453411102295, -1.1414213180541992), (2.709677219390869, -1.1414213180541992), (3.0142135620117188, -1.2000000476837158), (2.709677219390869, -1.1414213180541992), (2.8175227642059326, -1.2000000476837158), (3.0142135620117188, -1.2000000476837158), (2.8175227642059326, 1.2000000476837158), (2.5999999046325684, 1.2000000476837158), (2.709677219390869, 1.1414213180541992), (2.5999999046325684, 1.2000000476837158), (2.5114219188690186, 1.1414213180541992), (2.709677219390869, 1.1414213180541992), (2.709677219390869, 1.1414213180541992), (2.5114219188690186, 1.1414213180541992), (2.665005922317505, 1), (2.5114219188690186, 1.1414213180541992), (2.474731683731079, 1), (2.665005922317505, 1), (2.665005922317505, 1), (2.474731683731079, 1), (2.665005922317505, -1), (2.474731683731079, 1), (2.474731683731079, -1), (2.665005922317505, -1), (2.665005922317505, -1), (2.474731683731079, -1), (2.709677219390869, -1.1414213180541992), (2.474731683731079, -1), (2.5114219188690186, -1.1414213180541992), (2.709677219390869, -1.1414213180541992), (2.709677219390869, -1.1414213180541992), (2.5114219188690186, -1.1414213180541992), (2.8175227642059326, -1.2000000476837158), (2.5114219188690186, -1.1414213180541992), (2.5999999046325684, -1.2000000476837158), (2.8175227642059326, -1.2000000476837158), (2.5999999046325684, 1.2000000476837158), (2.3653669357299805, 1.2000000476837158), (2.5114219188690186, 1.1414213180541992), (2.3653669357299805, 1.2000000476837158), (2.297572135925293, 1.1414213180541992), (2.5114219188690186, 1.1414213180541992), (2.5114219188690186, 1.1414213180541992), (2.297572135925293, 1.1414213180541992), (2.474731683731079, 1), (2.297572135925293, 1.1414213180541992), (2.2694907188415527, 1), (2.474731683731079, 1), (2.474731683731079, 1), (2.2694907188415527, 1), (2.474731683731079, -1), (2.2694907188415527, 1), (2.2694907188415527, -1), (2.474731683731079, -1), (2.474731683731079, -1), (2.2694907188415527, -1), (2.5114219188690186, -1.1414213180541992), (2.2694907188415527, -1), (2.297572135925293, -1.1414213180541992), (2.5114219188690186, -1.1414213180541992), (2.5114219188690186, -1.1414213180541992), (2.297572135925293, -1.1414213180541992), (2.5999999046325684, -1.2000000476837158), (2.297572135925293, -1.1414213180541992), (2.3653669357299805, -1.2000000476837158), (2.5999999046325684, -1.2000000476837158), (2.3653669357299805, 1.2000000476837158), (2.117638111114502, 1.2000000476837158), (2.297572135925293, 1.1414213180541992), (2.117638111114502, 1.2000000476837158), (2.071786642074585, 1.1414213180541992), (2.297572135925293, 1.1414213180541992), (2.297572135925293, 1.1414213180541992), (2.071786642074585, 1.1414213180541992), (2.2694907188415527, 1), (2.071786642074585, 1.1414213180541992), (2.0527944564819336, 1), (2.2694907188415527, 1), (2.2694907188415527, 1), (2.0527944564819336, 1), (2.2694907188415527, -1), (2.0527944564819336, 1), (2.0527944564819336, -1), (2.2694907188415527, -1), (2.2694907188415527, -1), (2.0527944564819336, -1), (2.297572135925293, -1.1414213180541992), (2.0527944564819336, -1), (2.071786642074585, -1.1414213180541992), (2.297572135925293, -1.1414213180541992), (2.297572135925293, -1.1414213180541992), (2.071786642074585, -1.1414213180541992), (2.3653669357299805, -1.2000000476837158), (2.071786642074585, -1.1414213180541992), (2.117638111114502, -1.2000000476837158), (2.3653669357299805, -1.2000000476837158), (2.117638111114502, 1.2000000476837158), (1.861052393913269, 1.2000000476837158), (2.071786642074585, 1.1414213180541992), (1.861052393913269, 1.2000000476837158), (1.8379288911819458, 1.1414213180541992), (2.071786642074585, 1.1414213180541992), (2.071786642074585, 1.1414213180541992), (1.8379288911819458, 1.1414213180541992), (2.0527944564819336, 1), (1.8379288911819458, 1.1414213180541992), (1.8283507823944092, 1), (2.0527944564819336, 1), (2.0527944564819336, 1), (1.8283507823944092, 1), (2.0527944564819336, -1), (1.8283507823944092, 1), (1.8283507823944092, -1), (2.0527944564819336, -1), (2.0527944564819336, -1), (1.8283507823944092, -1), (2.071786642074585, -1.1414213180541992), (1.8283507823944092, -1), (1.8379288911819458, -1.1414213180541992), (2.071786642074585, -1.1414213180541992), (2.071786642074585, -1.1414213180541992), (1.8379288911819458, -1.1414213180541992), (2.117638111114502, -1.2000000476837158), (1.8379288911819458, -1.1414213180541992), (1.861052393913269, -1.2000000476837158), (2.117638111114502, -1.2000000476837158), (1.861052393913269, 1.2000000476837158), (1.600000023841858, 1.2000000476837158), (1.8379288911819458, 1.1414213180541992), (1.600000023841858, 1.2000000476837158), (1.600000023841858, 1.1414213180541992), (1.8379288911819458, 1.1414213180541992), (1.8379288911819458, 1.1414213180541992), (1.600000023841858, 1.1414213180541992), (1.8283507823944092, 1), (1.600000023841858, 1.1414213180541992), (1.600000023841858, 1), (1.8283507823944092, 1), (1.8283507823944092, 1), (1.600000023841858, 1), (1.8283507823944092, -1), (1.600000023841858, 1), (1.600000023841858, -1), (1.8283507823944092, -1), (1.8283507823944092, -1), (1.600000023841858, -1), (1.8379288911819458, -1.1414213180541992), (1.600000023841858, -1), (1.600000023841858, -1.1414213180541992), (1.8379288911819458, -1.1414213180541992), (1.8379288911819458, -1.1414213180541992), (1.600000023841858, -1.1414213180541992), (1.861052393913269, -1.2000000476837158), (1.600000023841858, -1.1414213180541992), (1.600000023841858, -1.2000000476837158), (1.861052393913269, -1.2000000476837158)] (
                interpolation = "vertex"
            )
            uniform token subdivisionScheme = "none"
            rel material:binding = </g1_radar_fixed_plate/Looks/black_coated_plate>
        }

        def Mesh "stiffening_bead_1" (
            apiSchemas = ["MaterialBindingAPI"]
        )
        {
            matrix4d xformOp:transform = ( (0.001, 0, 0, 0), (0, 0.001, 0, 0), (0, 0, 0.001, 0), (0, 0, 0, 1) )
            uniform token[] xformOpOrder = ["xformOp:transform"]
            int[] faceVertexCounts = [3, 3, 3, 3, 3, 3, 3, 3, 3, 3, 3, 3, 3, 3, 3, 3]
            int[] faceVertexIndices = [0, 9, 1, 9, 10, 1, 1, 10, 2, 10, 11, 2, 2, 11, 3, 11, 12, 3, 3, 12, 4, 12, 13, 4, 4, 13, 5, 13, 14, 5, 5, 14, 6, 14, 15, 6, 6, 15, 7, 15, 16, 7, 7, 16, 8, 16, 17, 8]
            point3f[] points = [(15.199999809265137, -16, 0.6499999761581421), (14.811091423034668, -16, 0.4889087378978729), (14.649999618530273, -16, 0.10000000149011612), (14.811091423034668, -16, -0.2889087200164795), (15.199999809265137, -16, -0.44999998807907104), (15.588909149169922, -16, -0.2889087200164795), (15.75, -16, 0.10000000149011612), (15.588909149169922, -16, 0.4889087378978729), (15.199999809265137, -16, 0.6499999761581421), (15.199999809265137, 16, 0.6499999761581421), (14.811091423034668, 16, 0.4889087378978729), (14.649999618530273, 16, 0.10000000149011612), (14.811091423034668, 16, -0.2889087200164795), (15.199999809265137, 16, -0.44999998807907104), (15.588909149169922, 16, -0.2889087200164795), (15.75, 16, 0.10000000149011612), (15.588909149169922, 16, 0.4889087378978729), (15.199999809265137, 16, 0.6499999761581421)]
            normal3f[] normals = [(-0, 0, 1), (-0.7071067690849304, 0, 0.7071067690849304), (-1, 0, 6.123234262925839e-17), (-0.7071067690849304, 0, -0.7071067690849304), (-1.2246468525851679e-16, 0, -1), (0.7071067690849304, 0, -0.7071067690849304), (1, 0, -1.8369701465288538e-16), (0.7071067690849304, -0, 0.7071067690849304), (2.4492937051703357e-16, -0, 1), (-0, 0, 1), (-0.7071067690849304, 0, 0.7071067690849304), (-1, 0, 6.123234262925839e-17), (-0.7071067690849304, 0, -0.7071067690849304), (-1.2246468525851679e-16, 0, -1), (0.7071067690849304, 0, -0.7071067690849304), (1, 0, -1.8369701465288538e-16), (0.7071067690849304, -0, 0.7071067690849304), (2.4492937051703357e-16, -0, 1)]
            texCoord2f[] primvars:st = [(0, 0), (0, 0.125), (0, 0.25), (0, 0.375), (0, 0.5), (0, 0.625), (0, 0.75), (0, 0.875), (0, 1), (1, 0), (1, 0.125), (1, 0.25), (1, 0.375), (1, 0.5), (1, 0.625), (1, 0.75), (1, 0.875), (1, 1)] (
                interpolation = "vertex"
            )
            uniform token subdivisionScheme = "none"
            rel material:binding = </g1_radar_fixed_plate/Looks/black_coated_plate>
        }

        def Mesh "stiffening_bead_2" (
            apiSchemas = ["MaterialBindingAPI"]
        )
        {
            matrix4d xformOp:transform = ( (0.001, 0, 0, 0), (0, 0.001, 0, 0), (0, 0, 0.001, 0), (0, 0, 0, 1) )
            uniform token[] xformOpOrder = ["xformOp:transform"]
            int[] faceVertexCounts = [3, 3, 3, 3, 3, 3, 3, 3, 3, 3, 3, 3, 3, 3, 3, 3]
            int[] faceVertexIndices = [0, 9, 1, 9, 10, 1, 1, 10, 2, 10, 11, 2, 2, 11, 3, 11, 12, 3, 3, 12, 4, 12, 13, 4, 4, 13, 5, 13, 14, 5, 5, 14, 6, 14, 15, 6, 6, 15, 7, 15, 16, 7, 7, 16, 8, 16, 17, 8]
            point3f[] points = [(15.199999809265137, 16, 0.6499999761581421), (14.999908447265625, 15.666513442993164, 0.4889087378978729), (14.917027473449707, 15.5283784866333, 0.10000000149011612), (14.999908447265625, 15.666513442993164, -0.2889087200164795), (15.199999809265137, 16, -0.44999998807907104), (15.400092124938965, 16.333486557006836, -0.2889087200164795), (15.482973098754883, 16.471620559692383, 0.10000000149011612), (15.400092124938965, 16.333486557006836, 0.4889087378978729), (15.199999809265137, 16, 0.6499999761581421), (3.200000047683716, 23.200000762939453, 0.6499999761581421), (2.999908208847046, 22.866514205932617, 0.4889087378978729), (2.917027235031128, 22.728378295898438, 0.10000000149011612), (2.999908208847046, 22.866514205932617, -0.2889087200164795), (3.200000047683716, 23.200000762939453, -0.44999998807907104), (3.4000918865203857, 23.53348731994629, -0.2889087200164795), (3.4829726219177246, 23.671621322631836, 0.10000000149011612), (3.4000918865203857, 23.53348731994629, 0.4889087378978729), (3.200000047683716, 23.200000762939453, 0.6499999761581421)]
            normal3f[] normals = [(0, -0, 1), (-0.3638034462928772, -0.6063390374183655, 0.7071067690849304), (-0.5144957304000854, -0.8574929237365723, 6.123234262925839e-17), (-0.3638034462928772, -0.6063390374183655, -0.7071067690849304), (-6.30075582505809e-17, -1.0501259708430149e-16, -1), (0.3638034462928772, 0.6063390374183655, -0.7071067690849304), (0.5144957304000854, 0.8574929237365723, -1.8369701465288538e-16), (0.3638034462928772, 0.6063390374183655, 0.7071067690849304), (1.260151165011618e-16, 2.1002519416860299e-16, 1), (0, -0, 1), (-0.3638034462928772, -0.6063390374183655, 0.7071067690849304), (-0.5144957304000854, -0.8574929237365723, 6.123234262925839e-17), (-0.3638034462928772, -0.6063390374183655, -0.7071067690849304), (-6.30075582505809e-17, -1.0501259708430149e-16, -1), (0.3638034462928772, 0.6063390374183655, -0.7071067690849304), (0.5144957304000854, 0.8574929237365723, -1.8369701465288538e-16), (0.3638034462928772, 0.6063390374183655, 0.7071067690849304), (1.260151165011618e-16, 2.1002519416860299e-16, 1)]
            texCoord2f[] primvars:st = [(0, 0), (0, 0.125), (0, 0.25), (0, 0.375), (0, 0.5), (0, 0.625), (0, 0.75), (0, 0.875), (0, 1), (1, 0), (1, 0.125), (1, 0.25), (1, 0.375), (1, 0.5), (1, 0.625), (1, 0.75), (1, 0.875), (1, 1)] (
                interpolation = "vertex"
            )
            uniform token subdivisionScheme = "none"
            rel material:binding = </g1_radar_fixed_plate/Looks/black_coated_plate>
        }

        def Mesh "stiffening_bead_3" (
            apiSchemas = ["MaterialBindingAPI"]
        )
        {
            matrix4d xformOp:transform = ( (0.001, 0, 0, 0), (0, 0.001, 0, 0), (0, 0, 0.001, 0), (0, 0, 0, 1) )
            uniform token[] xformOpOrder = ["xformOp:transform"]
            int[] faceVertexCounts = [3, 3, 3, 3, 3, 3, 3, 3, 3, 3, 3, 3, 3, 3, 3, 3]
            int[] faceVertexIndices = [0, 9, 1, 9, 10, 1, 1, 10, 2, 10, 11, 2, 2, 11, 3, 11, 12, 3, 3, 12, 4, 12, 13, 4, 4, 13, 5, 13, 14, 5, 5, 14, 6, 14, 15, 6, 6, 15, 7, 15, 16, 7, 7, 16, 8, 16, 17, 8]
            point3f[] points = [(3.200000047683716, 23.200000762939453, 0.6499999761581421), (3.4112751483917236, 22.873483657836914, 0.4889087378978729), (3.4987881183624268, 22.738235473632812, 0.10000000149011612), (3.4112751483917236, 22.873483657836914, -0.2889087200164795), (3.200000047683716, 23.200000762939453, -0.44999998807907104), (2.988724946975708, 23.52651596069336, -0.2889087200164795), (2.901211738586426, 23.66176414489746, 0.10000000149011612), (2.988724946975708, 23.52651596069336, 0.4889087378978729), (3.200000047683716, 23.200000762939453, 0.6499999761581421), (-10.399999618530273, 14.399999618530273, 0.6499999761581421), (-10.188724517822266, 14.07348346710205, 0.4889087378978729), (-10.101211547851562, 13.938236236572266, 0.10000000149011612), (-10.188724517822266, 14.07348346710205, -0.2889087200164795), (-10.399999618530273, 14.399999618530273, -0.44999998807907104), (-10.611274719238281, 14.726515769958496, -0.2889087200164795), (-10.6987886428833, 14.861763954162598, 0.10000000149011612), (-10.611274719238281, 14.726515769958496, 0.4889087378978729), (-10.399999618530273, 14.399999618530273, 0.6499999761581421)]
            normal3f[] normals = [(0, -0, 1), (0.3841366767883301, -0.5936657786369324, 0.7071067690849304), (0.5432512760162354, -0.839570164680481, 6.123234262925839e-17), (0.3841366767883301, -0.5936657786369324, -0.7071067690849304), (6.652909111134575e-17, -1.0281768987250428e-16, -1), (-0.3841366767883301, 0.5936657786369324, -0.7071067690849304), (-0.5432512760162354, 0.839570164680481, -1.8369701465288538e-16), (-0.3841366767883301, 0.5936657786369324, 0.7071067690849304), (-1.330581822226915e-16, 2.0563537974500857e-16, 1), (0, -0, 1), (0.3841366767883301, -0.5936657786369324, 0.7071067690849304), (0.5432512760162354, -0.839570164680481, 6.123234262925839e-17), (0.3841366767883301, -0.5936657786369324, -0.7071067690849304), (6.652909111134575e-17, -1.0281768987250428e-16, -1), (-0.3841366767883301, 0.5936657786369324, -0.7071067690849304), (-0.5432512760162354, 0.839570164680481, -1.8369701465288538e-16), (-0.3841366767883301, 0.5936657786369324, 0.7071067690849304), (-1.330581822226915e-16, 2.0563537974500857e-16, 1)]
            texCoord2f[] primvars:st = [(0, 0), (0, 0.125), (0, 0.25), (0, 0.375), (0, 0.5), (0, 0.625), (0, 0.75), (0, 0.875), (0, 1), (1, 0), (1, 0.125), (1, 0.25), (1, 0.375), (1, 0.5), (1, 0.625), (1, 0.75), (1, 0.875), (1, 1)] (
                interpolation = "vertex"
            )
            uniform token subdivisionScheme = "none"
            rel material:binding = </g1_radar_fixed_plate/Looks/black_coated_plate>
        }

        def Mesh "stiffening_bead_4" (
            apiSchemas = ["MaterialBindingAPI"]
        )
        {
            matrix4d xformOp:transform = ( (0.001, 0, 0, 0), (0, 0.001, 0, 0), (0, 0, 0.001, 0), (0, 0, 0, 1) )
            uniform token[] xformOpOrder = ["xformOp:transform"]
            int[] faceVertexCounts = [3, 3, 3, 3, 3, 3, 3, 3, 3, 3, 3, 3, 3, 3, 3, 3]
            int[] faceVertexIndices = [0, 9, 1, 9, 10, 1, 1, 10, 2, 10, 11, 2, 2, 11, 3, 11, 12, 3, 3, 12, 4, 12, 13, 4, 4, 13, 5, 13, 14, 5, 5, 14, 6, 14, 15, 6, 6, 15, 7, 15, 16, 7, 7, 16, 8, 16, 17, 8]
            point3f[] points = [(-10.399999618530273, 14.399999618530273, 0.6499999761581421), (-10.011091232299805, 14.399999618530273, 0.4889087378978729), (-9.850000381469727, 14.399999618530273, 0.10000000149011612), (-10.011091232299805, 14.399999618530273, -0.2889087200164795), (-10.399999618530273, 14.399999618530273, -0.44999998807907104), (-10.788908958435059, 14.399999618530273, -0.2889087200164795), (-10.949999809265137, 14.399999618530273, 0.10000000149011612), (-10.788908958435059, 14.399999618530273, 0.4889087378978729), (-10.399999618530273, 14.399999618530273, 0.6499999761581421), (-10.399999618530273, -14.399999618530273, 0.6499999761581421), (-10.011091232299805, -14.399999618530273, 0.4889087378978729), (-9.850000381469727, -14.399999618530273, 0.10000000149011612), (-10.011091232299805, -14.399999618530273, -0.2889087200164795), (-10.399999618530273, -14.399999618530273, -0.44999998807907104), (-10.788908958435059, -14.399999618530273, -0.2889087200164795), (-10.949999809265137, -14.399999618530273, 0.10000000149011612), (-10.788908958435059, -14.399999618530273, 0.4889087378978729), (-10.399999618530273, -14.399999618530273, 0.6499999761581421)]
            normal3f[] normals = [(0, 0, 1), (0.7071067690849304, 0, 0.7071067690849304), (1, 0, 6.123234262925839e-17), (0.7071067690849304, 0, -0.7071067690849304), (1.2246468525851679e-16, 0, -1), (-0.7071067690849304, -0, -0.7071067690849304), (-1, -0, -1.8369701465288538e-16), (-0.7071067690849304, 0, 0.7071067690849304), (-2.4492937051703357e-16, 0, 1), (0, 0, 1), (0.7071067690849304, 0, 0.7071067690849304), (1, 0, 6.123234262925839e-17), (0.7071067690849304, 0, -0.7071067690849304), (1.2246468525851679e-16, 0, -1), (-0.7071067690849304, -0, -0.7071067690849304), (-1, -0, -1.8369701465288538e-16), (-0.7071067690849304, 0, 0.7071067690849304), (-2.4492937051703357e-16, 0, 1)]
            texCoord2f[] primvars:st = [(0, 0), (0, 0.125), (0, 0.25), (0, 0.375), (0, 0.5), (0, 0.625), (0, 0.75), (0, 0.875), (0, 1), (1, 0), (1, 0.125), (1, 0.25), (1, 0.375), (1, 0.5), (1, 0.625), (1, 0.75), (1, 0.875), (1, 1)] (
                interpolation = "vertex"
            )
            uniform token subdivisionScheme = "none"
            rel material:binding = </g1_radar_fixed_plate/Looks/black_coated_plate>
        }

        def Mesh "stiffening_bead_5" (
            apiSchemas = ["MaterialBindingAPI"]
        )
        {
            matrix4d xformOp:transform = ( (0.001, 0, 0, 0), (0, 0.001, 0, 0), (0, 0, 0.001, 0), (0, 0, 0, 1) )
            uniform token[] xformOpOrder = ["xformOp:transform"]
            int[] faceVertexCounts = [3, 3, 3, 3, 3, 3, 3, 3, 3, 3, 3, 3, 3, 3, 3, 3]
            int[] faceVertexIndices = [0, 9, 1, 9, 10, 1, 1, 10, 2, 10, 11, 2, 2, 11, 3, 11, 12, 3, 3, 12, 4, 12, 13, 4, 4, 13, 5, 13, 14, 5, 5, 14, 6, 14, 15, 6, 6, 15, 7, 15, 16, 7, 7, 16, 8, 16, 17, 8]
            point3f[] points = [(-10.399999618530273, -14.399999618530273, 0.6499999761581421), (-10.188724517822266, -14.07348346710205, 0.4889087378978729), (-10.101211547851562, -13.938236236572266, 0.10000000149011612), (-10.188724517822266, -14.07348346710205, -0.2889087200164795), (-10.399999618530273, -14.399999618530273, -0.44999998807907104), (-10.611274719238281, -14.726515769958496, -0.2889087200164795), (-10.6987886428833, -14.861763954162598, 0.10000000149011612), (-10.611274719238281, -14.726515769958496, 0.4889087378978729), (-10.399999618530273, -14.399999618530273, 0.6499999761581421), (3.200000047683716, -23.200000762939453, 0.6499999761581421), (3.4112751483917236, -22.873483657836914, 0.4889087378978729), (3.4987881183624268, -22.738235473632812, 0.10000000149011612), (3.4112751483917236, -22.873483657836914, -0.2889087200164795), (3.200000047683716, -23.200000762939453, -0.44999998807907104), (2.988724946975708, -23.52651596069336, -0.2889087200164795), (2.901211738586426, -23.66176414489746, 0.10000000149011612), (2.988724946975708, -23.52651596069336, 0.4889087378978729), (3.200000047683716, -23.200000762939453, 0.6499999761581421)]
            normal3f[] normals = [(0, 0, 1), (0.3841366767883301, 0.5936657786369324, 0.7071067690849304), (0.5432512760162354, 0.839570164680481, 6.123234262925839e-17), (0.3841366767883301, 0.5936657786369324, -0.7071067690849304), (6.652909111134575e-17, 1.0281768987250428e-16, -1), (-0.3841366767883301, -0.5936657786369324, -0.7071067690849304), (-0.5432512760162354, -0.839570164680481, -1.8369701465288538e-16), (-0.3841366767883301, -0.5936657786369324, 0.7071067690849304), (-1.330581822226915e-16, -2.0563537974500857e-16, 1), (0, 0, 1), (0.3841366767883301, 0.5936657786369324, 0.7071067690849304), (0.5432512760162354, 0.839570164680481, 6.123234262925839e-17), (0.3841366767883301, 0.5936657786369324, -0.7071067690849304), (6.652909111134575e-17, 1.0281768987250428e-16, -1), (-0.3841366767883301, -0.5936657786369324, -0.7071067690849304), (-0.5432512760162354, -0.839570164680481, -1.8369701465288538e-16), (-0.3841366767883301, -0.5936657786369324, 0.7071067690849304), (-1.330581822226915e-16, -2.0563537974500857e-16, 1)]
            texCoord2f[] primvars:st = [(0, 0), (0, 0.125), (0, 0.25), (0, 0.375), (0, 0.5), (0, 0.625), (0, 0.75), (0, 0.875), (0, 1), (1, 0), (1, 0.125), (1, 0.25), (1, 0.375), (1, 0.5), (1, 0.625), (1, 0.75), (1, 0.875), (1, 1)] (
                interpolation = "vertex"
            )
            uniform token subdivisionScheme = "none"
            rel material:binding = </g1_radar_fixed_plate/Looks/black_coated_plate>
        }

        def Mesh "stiffening_bead_6" (
            apiSchemas = ["MaterialBindingAPI"]
        )
        {
            matrix4d xformOp:transform = ( (0.001, 0, 0, 0), (0, 0.001, 0, 0), (0, 0, 0.001, 0), (0, 0, 0, 1) )
            uniform token[] xformOpOrder = ["xformOp:transform"]
            int[] faceVertexCounts = [3, 3, 3, 3, 3, 3, 3, 3, 3, 3, 3, 3, 3, 3, 3, 3]
            int[] faceVertexIndices = [0, 9, 1, 9, 10, 1, 1, 10, 2, 10, 11, 2, 2, 11, 3, 11, 12, 3, 3, 12, 4, 12, 13, 4, 4, 13, 5, 13, 14, 5, 5, 14, 6, 14, 15, 6, 6, 15, 7, 15, 16, 7, 7, 16, 8, 16, 17, 8]
            point3f[] points = [(3.200000047683716, -23.200000762939453, 0.6499999761581421), (2.999908208847046, -22.866514205932617, 0.4889087378978729), (2.917027235031128, -22.728378295898438, 0.10000000149011612), (2.999908208847046, -22.866514205932617, -0.2889087200164795), (3.200000047683716, -23.200000762939453, -0.44999998807907104), (3.4000918865203857, -23.53348731994629, -0.2889087200164795), (3.4829726219177246, -23.671621322631836, 0.10000000149011612), (3.4000918865203857, -23.53348731994629, 0.4889087378978729), (3.200000047683716, -23.200000762939453, 0.6499999761581421), (15.199999809265137, -16, 0.6499999761581421), (14.999908447265625, -15.666513442993164, 0.4889087378978729), (14.917027473449707, -15.5283784866333, 0.10000000149011612), (14.999908447265625, -15.666513442993164, -0.2889087200164795), (15.199999809265137, -16, -0.44999998807907104), (15.400092124938965, -16.333486557006836, -0.2889087200164795), (15.482973098754883, -16.471620559692383, 0.10000000149011612), (15.400092124938965, -16.333486557006836, 0.4889087378978729), (15.199999809265137, -16, 0.6499999761581421)]
            normal3f[] normals = [(-0, 0, 1), (-0.3638034462928772, 0.6063390374183655, 0.7071067690849304), (-0.5144957304000854, 0.8574929237365723, 6.123234262925839e-17), (-0.3638034462928772, 0.6063390374183655, -0.7071067690849304), (-6.30075582505809e-17, 1.0501259708430149e-16, -1), (0.3638034462928772, -0.6063390374183655, -0.7071067690849304), (0.5144957304000854, -0.8574929237365723, -1.8369701465288538e-16), (0.3638034462928772, -0.6063390374183655, 0.7071067690849304), (1.260151165011618e-16, -2.1002519416860299e-16, 1), (-0, 0, 1), (-0.3638034462928772, 0.6063390374183655, 0.7071067690849304), (-0.5144957304000854, 0.8574929237365723, 6.123234262925839e-17), (-0.3638034462928772, 0.6063390374183655, -0.7071067690849304), (-6.30075582505809e-17, 1.0501259708430149e-16, -1), (0.3638034462928772, -0.6063390374183655, -0.7071067690849304), (0.5144957304000854, -0.8574929237365723, -1.8369701465288538e-16), (0.3638034462928772, -0.6063390374183655, 0.7071067690849304), (1.260151165011618e-16, -2.1002519416860299e-16, 1)]
            texCoord2f[] primvars:st = [(0, 0), (0, 0.125), (0, 0.25), (0, 0.375), (0, 0.5), (0, 0.625), (0, 0.75), (0, 0.875), (0, 1), (1, 0), (1, 0.125), (1, 0.25), (1, 0.375), (1, 0.5), (1, 0.625), (1, 0.75), (1, 0.875), (1, 1)] (
                interpolation = "vertex"
            )
            uniform token subdivisionScheme = "none"
            rel material:binding = </g1_radar_fixed_plate/Looks/black_coated_plate>
        }

        def Cube "collision_reference_web" (
            apiSchemas = ["PhysicsCollisionAPI"]
        )
        {
            double size = 1
            double3 xformOp:scale = (0.05010000038146972, 0.06298051834106445, 0.0026500000357627873)
            bool physics:collisionEnabled = true
            uniform token purpose = "guide"
            double3 xformOp:translate = (-0.0024000005722045904, 0.0000038719177246071546, 0.0008750000298023225)
            quatf xformOp:orient = (1, 0, 0, 0)
            uniform token[] xformOpOrder = ["xformOp:translate", "xformOp:orient", "xformOp:scale"]
        }
    }

    def Xform "sensor_mount" (
        apiSchemas = ["PhysicsRigidBodyAPI"]
    )
    {
        matrix4d xformOp:transform = ( (1, 0, 0, 0), (0, 1, 0, 0), (0, 0, 1, 0), (0, 0, 0.0022, 1) )
        uniform token[] xformOpOrder = ["xformOp:transform"]
    }

    def PhysicsFixedJoint "root_joint"
    {
        rel physics:body1 = </g1_radar_fixed_plate/mount>
        point3f physics:localPos0 = (0, 0, 0)
        quatf physics:localRot0 = (1, 0, 0, 0)
        point3f physics:localPos1 = (0, 0, 0)
        quatf physics:localRot1 = (1, 0, 0, 0)
    }

    def PhysicsFixedJoint "body_joint"
    {
        rel physics:body0 = </g1_radar_fixed_plate/mount>
        rel physics:body1 = </g1_radar_fixed_plate/body>
        point3f physics:localPos0 = (0, 0, 0)
        quatf physics:localRot0 = (1, 0, 0, 0)
        point3f physics:localPos1 = (0, 0, 0)
        quatf physics:localRot1 = (1, 0, 0, 0)
    }

    def PhysicsFixedJoint "body_to_sensor_mount"
    {
        rel physics:body0 = </g1_radar_fixed_plate/body>
        rel physics:body1 = </g1_radar_fixed_plate/sensor_mount>
        point3f physics:localPos0 = (0, 0, 0.0022)
        quatf physics:localRot0 = (1, 0, 0, 0)
        point3f physics:localPos1 = (0, 0, 0)
        quatf physics:localRot1 = (1, 0, 0, 0)
    }

    def Scope "Looks"
    {
        def Material "black_coated_plate"
        {
            token outputs:surface.connect = </g1_radar_fixed_plate/Looks/black_coated_plate/PreviewSurface.outputs:surface>

            def Shader "PreviewSurface"
            {
                uniform token info:id = "UsdPreviewSurface"
                color3f inputs:diffuseColor = (0.015996293361446288, 0.02121901037134225, 0.025186859622305935)
                float inputs:metallic = 0.6
                float inputs:roughness = 0.34
                token outputs:surface
            }
        }
    }
}
