#usda 1.0
(
    defaultPrim = "biw_sedan"
    metersPerUnit = 1
    upAxis = "Z"
)

def Xform "biw_sedan" (
    prepend apiSchemas = ["PhysicsMassAPI"]
)
{
    point3f physics:centerOfMass = (0.053730663, -5.624352e-17, 0.6317601)
    float3 physics:diagonalInertia = (154.00397, 471.64835, 490.18314)
    float physics:mass = 300

    def Mesh "visual"
    {
        int[] faceVertexCounts = [3, 3, 3, 3, 3, 3, 3, 3, 3, 3, 3, 3, 3, 3, 3, 3, 3, 3, 3, 3, 3, 3, 3, 3, 3, 3, 3, 3, 3, 3, 3, 3, 3, 3, 3, 3, 3, 3, 3, 3, 3, 3, 3, 3, 3, 3, 3, 3, 3, 3, 3, 3, 3, 3, 3, 3, 3, 3, 3, 3, 3, 3, 3, 3, 3, 3, 3, 3, 3, 3, 3, 3, 3, 3, 3, 3, 3, 3, 3, 3, 3, 3, 3, 3, 3, 3, 3, 3, 3, 3, 3, 3, 3, 3, 3, 3, 3, 3, 3, 3, 3, 3, 3, 3, 3, 3, 3, 3, 3, 3, 3, 3, 3, 3, 3, 3, 3, 3, 3, 3, 3, 3, 3, 3, 3, 3, 3, 3, 3, 3, 3, 3, 3, 3, 3, 3, 3, 3, 3, 3, 3, 3, 3, 3, 3, 3, 3, 3, 3, 3, 3, 3, 3, 3, 3, 3, 3, 3, 3, 3, 3, 3, 3, 3, 3, 3, 3, 3, 3, 3, 3, 3, 3, 3, 3, 3, 3, 3, 3, 3, 3, 3, 3, 3, 3, 3, 3, 3, 3, 3, 3, 3, 3, 3, 3, 3, 3, 3, 3, 3, 3, 3, 3, 3, 3, 3, 3, 3, 3, 3, 3, 3, 3, 3, 3, 3, 3, 3, 3, 3, 3, 3, 3, 3, 3, 3, 3, 3, 3, 3, 3, 3, 3, 3, 3, 3, 3, 3, 3, 3, 3, 3, 3, 3, 3, 3, 3, 3, 3, 3, 3, 3, 3, 3, 3, 3, 3, 3, 3, 3, 3, 3, 3, 3, 3, 3, 3, 3, 3, 3, 3, 3, 3, 3, 3, 3, 3, 3, 3, 3, 3, 3, 3, 3, 3, 3, 3, 3, 3, 3, 3, 3, 3, 3, 3, 3, 3, 3, 3, 3, 3, 3, 3, 3, 3, 3, 3, 3, 3, 3, 3, 3, 3, 3, 3, 3, 3, 3, 3, 3, 3, 3, 3, 3, 3, 3, 3, 3, 3, 3, 3, 3, 3, 3, 3, 3, 3, 3, 3, 3, 3, 3, 3, 3, 3, 3, 3, 3, 3, 3, 3, 3, 3, 3, 3, 3, 3, 3, 3, 3, 3, 3, 3, 3, 3, 3, 3, 3, 3, 3, 3, 3, 3, 3, 3, 3, 3, 3, 3, 3, 3, 3, 3, 3, 3, 3, 3, 3, 3, 3, 3, 3, 3, 3, 3, 3, 3, 3, 3, 3, 3, 3, 3, 3, 3, 3, 3, 3, 3, 3, 3, 3, 3, 3, 3, 3, 3, 3, 3, 3, 3, 3, 3, 3, 3, 3, 3, 3, 3, 3, 3, 3, 3, 3, 3, 3, 3, 3, 3, 3, 3, 3, 3, 3, 3, 3, 3, 3, 3, 3, 3, 3, 3, 3, 3, 3, 3, 3, 3, 3, 3, 3, 3, 3, 3, 3, 3, 3, 3, 3, 3, 3, 3, 3, 3, 3, 3, 3, 3, 3, 3, 3, 3, 3, 3, 3, 3, 3, 3, 3, 3, 3, 3, 3, 3, 3, 3, 3, 3, 3, 3, 3, 3, 3, 3, 3, 3, 3, 3, 3, 3, 3, 3, 3, 3, 3, 3, 3, 3, 3, 3, 3, 3, 3, 3, 3, 3, 3, 3, 3, 3, 3, 3, 3, 3, 3, 3, 3, 3, 3, 3, 3, 3, 3, 3, 3, 3, 3, 3, 3, 3, 3, 3, 3, 3, 3, 3, 3, 3, 3, 3, 3, 3, 3, 3, 3, 3, 3, 3, 3, 3, 3, 3, 3, 3, 3, 3, 3, 3, 3, 3, 3, 3, 3, 3, 3, 3, 3, 3, 3, 3, 3, 3, 3, 3, 3, 3, 3, 3, 3, 3, 3, 3, 3, 3, 3, 3, 3, 3, 3, 3, 3, 3, 3, 3, 3, 3, 3, 3, 3, 3, 3, 3, 3, 3, 3, 3, 3, 3, 3, 3, 3, 3, 3, 3, 3, 3, 3, 3, 3, 3, 3, 3, 3, 3, 3, 3, 3, 3, 3, 3, 3, 3, 3, 3, 3, 3, 3, 3, 3, 3, 3, 3, 3, 3, 3, 3, 3, 3, 3, 3, 3, 3, 3, 3, 3, 3, 3, 3, 3, 3, 3, 3, 3, 3, 3, 3, 3, 3, 3, 3, 3, 3, 3, 3, 3, 3, 3, 3, 3, 3, 3, 3, 3, 3, 3, 3, 3, 3, 3, 3, 3, 3, 3, 3, 3, 3, 3, 3, 3, 3, 3, 3, 3, 3, 3, 3, 3, 3, 3, 3, 3, 3, 3, 3, 3, 3, 3, 3, 3, 3, 3, 3, 3, 3, 3, 3, 3, 3, 3, 3, 3, 3, 3, 3, 3, 3, 3, 3, 3, 3, 3, 3, 3, 3, 3, 3, 3, 3, 3, 3, 3, 3, 3, 3, 3, 3, 3, 3, 3, 3, 3, 3, 3, 3, 3, 3, 3, 3, 3, 3, 3, 3, 3, 3, 3, 3, 3, 3, 3, 3, 3, 3, 3, 3, 3, 3, 3, 3, 3, 3, 3, 3, 3, 3, 3, 3, 3, 3, 3, 3, 3, 3, 3, 3, 3, 3, 3, 3, 3, 3, 3, 3, 3, 3, 3, 3, 3, 3, 3, 3, 3, 3, 3, 3, 3, 3, 3, 3, 3, 3, 3, 3, 3, 3, 3, 3, 3, 3, 3, 3, 3, 3, 3, 3, 3, 3, 3, 3, 3, 3, 3, 3, 3, 3, 3, 3, 3, 3, 3, 3, 3, 3, 3, 3, 3, 3, 3, 3, 3, 3, 3, 3, 3, 3, 3, 3, 3, 3, 3, 3, 3, 3, 3, 3, 3, 3, 3, 3, 3, 3, 3, 3, 3, 3, 3, 3, 3, 3, 3, 3, 3, 3, 3, 3, 3, 3, 3, 3, 3, 3, 3, 3, 3, 3, 3, 3, 3, 3, 3, 3, 3, 3, 3, 3, 3, 3, 3, 3, 3, 3, 3, 3, 3, 3, 3, 3, 3, 3, 3, 3, 3, 3, 3, 3, 3, 3, 3, 3, 3, 3, 3, 3, 3, 3, 3, 3, 3, 3, 3, 3, 3, 3, 3, 3, 3, 3, 3, 3, 3, 3, 3, 3, 3, 3, 3, 3, 3, 3, 3, 3, 3, 3, 3, 3, 3, 3, 3, 3, 3, 3, 3, 3, 3, 3, 3, 3, 3, 3, 3, 3, 3, 3, 3, 3, 3, 3, 3, 3, 3, 3, 3, 3, 3, 3, 3, 3, 3, 3, 3, 3, 3, 3, 3, 3, 3, 3, 3, 3, 3, 3, 3, 3, 3, 3, 3, 3, 3, 3, 3, 3, 3, 3, 3, 3, 3, 3, 3, 3, 3, 3, 3, 3, 3, 3, 3, 3, 3, 3, 3, 3, 3, 3, 3, 3, 3, 3, 3, 3, 3, 3, 3, 3, 3, 3, 3, 3, 3, 3, 3, 3, 3, 3, 3, 3, 3, 3, 3, 3, 3, 3, 3, 3, 3, 3, 3, 3, 3, 3, 3, 3, 3, 3, 3, 3, 3, 3, 3, 3, 3, 3, 3, 3, 3, 3, 3, 3, 3, 3, 3, 3, 3, 3, 3, 3, 3, 3, 3, 3, 3, 3, 3, 3, 3, 3, 3, 3, 3, 3, 3, 3, 3, 3, 3, 3, 3, 3, 3, 3, 3, 3, 3, 3, 3, 3, 3, 3, 3, 3, 3, 3, 3, 3, 3, 3, 3, 3, 3, 3, 3, 3, 3, 3, 3, 3, 3, 3, 3, 3, 3, 3, 3, 3, 3, 3, 3, 3, 3, 3, 3, 3, 3, 3, 3, 3, 3, 3, 3, 3, 3, 3, 3, 3, 3, 3, 3, 3, 3, 3, 3, 3, 3, 3, 3, 3, 3, 3, 3, 3, 3, 3, 3, 3, 3, 3, 3, 3, 3, 3, 3, 3, 3, 3, 3, 3, 3, 3, 3, 3, 3, 3, 3, 3, 3, 3, 3, 3, 3, 3, 3, 3, 3, 3, 3, 3, 3, 3, 3, 3, 3, 3, 3, 3, 3, 3, 3, 3, 3, 3, 3, 3, 3, 3, 3, 3, 3, 3, 3, 3, 3, 3, 3, 3, 3, 3, 3, 3, 3, 3, 3, 3, 3, 3, 3, 3, 3, 3, 3, 3, 3, 3, 3, 3, 3, 3, 3, 3, 3, 3, 3, 3, 3, 3, 3, 3, 3, 3, 3, 3, 3, 3, 3, 3, 3, 3, 3, 3, 3, 3, 3, 3, 3, 3, 3, 3, 3, 3, 3, 3, 3, 3, 3, 3, 3, 3, 3, 3, 3, 3, 3, 3, 3, 3, 3, 3, 3, 3, 3, 3, 3, 3, 3, 3, 3, 3, 3, 3, 3, 3, 3, 3, 3, 3, 3, 3, 3, 3, 3, 3, 3, 3, 3, 3, 3, 3, 3, 3, 3, 3, 3, 3, 3, 3, 3, 3, 3, 3, 3, 3, 3, 3, 3, 3, 3, 3, 3, 3, 3, 3, 3, 3, 3, 3, 3, 3, 3, 3, 3, 3, 3, 3, 3, 3, 3, 3, 3, 3, 3, 3, 3, 3, 3, 3, 3, 3, 3, 3, 3, 3, 3, 3, 3, 3, 3, 3, 3, 3, 3, 3, 3, 3, 3, 3, 3, 3, 3, 3, 3, 3, 3, 3, 3, 3, 3, 3, 3, 3, 3, 3, 3, 3, 3, 3, 3, 3, 3, 3, 3, 3, 3, 3, 3, 3, 3, 3, 3, 3, 3, 3, 3, 3, 3, 3, 3, 3, 3, 3, 3, 3, 3, 3, 3, 3, 3, 3, 3, 3, 3, 3, 3, 3, 3, 3, 3, 3, 3, 3, 3, 3, 3, 3, 3, 3, 3, 3, 3, 3, 3, 3, 3, 3, 3, 3, 3, 3, 3, 3, 3, 3, 3, 3, 3, 3, 3, 3, 3, 3, 3, 3, 3, 3, 3, 3, 3, 3, 3, 3, 3, 3, 3, 3, 3, 3, 3, 3, 3, 3, 3, 3, 3, 3, 3, 3, 3, 3, 3, 3, 3, 3, 3, 3, 3, 3, 3, 3, 3, 3, 3, 3, 3, 3, 3, 3, 3, 3, 3, 3, 3, 3, 3, 3, 3, 3, 3, 3, 3, 3, 3, 3, 3, 3, 3, 3, 3, 3, 3, 3, 3, 3, 3, 3, 3, 3, 3, 3, 3, 3, 3, 3, 3, 3, 3, 3, 3, 3, 3, 3, 3, 3, 3, 3, 3, 3, 3, 3, 3, 3, 3, 3, 3, 3, 3, 3, 3, 3, 3, 3, 3, 3, 3, 3, 3, 3, 3, 3, 3, 3, 3, 3, 3, 3, 3, 3, 3, 3, 3, 3, 3, 3, 3, 3, 3, 3, 3, 3, 3, 3, 3, 3, 3, 3, 3, 3, 3, 3, 3, 3, 3, 3, 3, 3, 3, 3, 3, 3, 3, 3, 3, 3, 3, 3, 3, 3, 3, 3, 3, 3, 3, 3, 3, 3, 3, 3, 3, 3, 3, 3, 3, 3, 3, 3, 3, 3, 3, 3, 3, 3, 3, 3, 3, 3, 3, 3, 3, 3, 3, 3, 3, 3, 3, 3, 3, 3, 3, 3, 3, 3, 3, 3, 3, 3, 3, 3, 3, 3, 3, 3, 3, 3, 3, 3, 3, 3, 3, 3, 3, 3, 3, 3, 3, 3, 3, 3, 3, 3, 3, 3, 3, 3, 3, 3, 3, 3, 3, 3, 3, 3, 3, 3, 3, 3, 3, 3, 3, 3, 3, 3, 3, 3, 3, 3, 3, 3, 3, 3, 3, 3, 3, 3, 3, 3, 3, 3, 3, 3, 3, 3, 3, 3, 3, 3, 3, 3, 3, 3, 3, 3, 3, 3, 3, 3, 3, 3, 3, 3, 3, 3, 3, 3, 3, 3, 3, 3, 3, 3, 3, 3, 3, 3, 3, 3, 3, 3, 3, 3, 3, 3, 3, 3, 3, 3, 3, 3, 3, 3, 3, 3, 3, 3, 3, 3, 3, 3, 3, 3, 3, 3, 3, 3, 3, 3, 3, 3, 3, 3, 3, 3, 3, 3, 3, 3, 3, 3, 3, 3, 3, 3, 3, 3, 3, 3, 3, 3, 3, 3, 3, 3, 3, 3, 3, 3, 3, 3, 3, 3, 3, 3, 3, 3, 3, 3, 3, 3, 3, 3, 3, 3, 3, 3, 3, 3, 3, 3, 3, 3, 3, 3, 3, 3, 3, 3, 3, 3, 3, 3, 3, 3, 3, 3, 3, 3, 3, 3, 3, 3, 3, 3, 3, 3, 3, 3, 3, 3, 3, 3, 3, 3, 3, 3, 3, 3, 3, 3, 3, 3, 3, 3, 3, 3, 3, 3, 3, 3, 3, 3, 3, 3, 3, 3, 3, 3, 3, 3, 3, 3, 3, 3, 3, 3, 3, 3, 3, 3, 3, 3, 3, 3, 3, 3, 3, 3, 3, 3, 3, 3, 3, 3, 3, 3, 3, 3, 3, 3, 3, 3, 3, 3, 3, 3, 3, 3, 3, 3, 3, 3, 3, 3, 3, 3, 3, 3, 3, 3, 3, 3, 3, 3, 3, 3, 3, 3, 3, 3, 3, 3, 3, 3, 3, 3, 3, 3, 3, 3, 3, 3, 3, 3, 3, 3, 3, 3, 3, 3, 3, 3, 3, 3, 3, 3, 3, 3, 3, 3, 3, 3, 3, 3, 3, 3, 3, 3, 3, 3, 3, 3, 3, 3, 3, 3, 3, 3, 3, 3, 3, 3, 3, 3, 3, 3, 3, 3, 3, 3, 3, 3, 3, 3, 3, 3, 3, 3, 3, 3, 3, 3, 3, 3, 3, 3, 3, 3, 3, 3, 3, 3, 3, 3, 3, 3, 3, 3, 3, 3, 3, 3, 3, 3, 3, 3, 3, 3, 3, 3, 3, 3, 3, 3, 3, 3, 3, 3, 3, 3, 3, 3, 3, 3, 3, 3, 3, 3, 3, 3, 3, 3, 3, 3, 3, 3, 3, 3, 3, 3, 3, 3, 3, 3, 3, 3, 3, 3, 3, 3, 3, 3, 3, 3, 3, 3, 3, 3, 3, 3, 3, 3, 3, 3, 3, 3, 3, 3, 3, 3, 3, 3, 3, 3, 3, 3, 3, 3, 3, 3, 3, 3, 3, 3, 3, 3, 3, 3, 3, 3, 3, 3, 3, 3, 3, 3, 3, 3, 3, 3, 3, 3, 3, 3, 3, 3, 3, 3, 3, 3, 3, 3, 3, 3, 3, 3, 3, 3, 3, 3, 3, 3, 3, 3, 3, 3, 3, 3, 3, 3, 3, 3, 3, 3, 3, 3, 3, 3, 3, 3, 3, 3, 3, 3, 3, 3, 3, 3, 3, 3, 3, 3, 3, 3, 3, 3, 3, 3, 3, 3, 3, 3, 3, 3, 3, 3, 3, 3, 3, 3, 3, 3, 3, 3, 3, 3, 3, 3, 3, 3, 3, 3, 3, 3, 3, 3, 3, 3, 3, 3, 3, 3, 3, 3, 3, 3, 3, 3, 3, 3, 3, 3, 3, 3, 3, 3, 3, 3, 3, 3, 3, 3, 3, 3, 3, 3, 3, 3, 3, 3, 3, 3, 3, 3, 3, 3, 3, 3, 3, 3, 3, 3, 3, 3, 3, 3, 3, 3, 3, 3, 3, 3, 3, 3, 3, 3, 3, 3, 3, 3, 3, 3, 3, 3, 3, 3, 3, 3, 3, 3, 3, 3, 3, 3, 3, 3, 3, 3, 3, 3, 3, 3, 3, 3, 3, 3, 3, 3, 3, 3, 3, 3, 3, 3, 3, 3, 3, 3, 3, 3, 3, 3, 3, 3, 3, 3, 3, 3, 3, 3, 3, 3, 3, 3, 3, 3, 3, 3, 3, 3, 3, 3, 3, 3, 3, 3, 3, 3, 3, 3, 3, 3, 3, 3, 3, 3, 3, 3, 3, 3, 3, 3, 3, 3, 3, 3, 3, 3, 3, 3, 3, 3, 3, 3, 3, 3, 3, 3, 3, 3, 3, 3, 3, 3, 3, 3, 3, 3, 3, 3, 3, 3, 3, 3, 3, 3, 3, 3, 3, 3, 3, 3, 3, 3, 3, 3, 3, 3, 3, 3, 3, 3, 3, 3, 3, 3, 3, 3, 3, 3, 3, 3, 3, 3, 3, 3, 3, 3, 3, 3, 3, 3, 3, 3, 3, 3, 3, 3, 3, 3, 3, 3, 3, 3, 3, 3, 3, 3, 3, 3, 3, 3, 3, 3, 3, 3, 3, 3, 3, 3, 3, 3, 3, 3, 3, 3, 3, 3, 3, 3, 3, 3, 3, 3, 3, 3, 3, 3, 3, 3, 3, 3, 3, 3, 3, 3, 3, 3, 3, 3, 3, 3, 3, 3, 3, 3, 3, 3, 3, 3, 3, 3, 3, 3, 3, 3, 3, 3, 3, 3, 3, 3, 3, 3, 3, 3, 3, 3, 3, 3, 3, 3, 3, 3, 3, 3, 3, 3, 3, 3, 3, 3, 3, 3, 3, 3, 3, 3, 3, 3, 3, 3, 3, 3, 3, 3, 3, 3, 3, 3, 3, 3, 3, 3, 3, 3, 3, 3, 3, 3, 3, 3, 3, 3, 3, 3, 3, 3, 3, 3, 3, 3, 3, 3, 3, 3, 3, 3, 3, 3, 3, 3, 3, 3, 3, 3, 3, 3, 3, 3, 3, 3, 3, 3, 3, 3, 3, 3, 3, 3, 3, 3, 3, 3, 3, 3, 3, 3, 3, 3, 3, 3, 3, 3, 3, 3, 3, 3, 3, 3, 3, 3, 3, 3, 3, 3, 3, 3, 3, 3, 3, 3, 3, 3, 3, 3, 3, 3, 3, 3, 3, 3, 3, 3, 3, 3, 3, 3, 3, 3, 3, 3, 3, 3, 3, 3, 3, 3, 3, 3, 3, 3, 3, 3, 3, 3, 3, 3, 3, 3, 3, 3, 3, 3, 3, 3, 3, 3, 3, 3, 3, 3, 3, 3, 3, 3, 3, 3, 3, 3, 3, 3, 3, 3, 3, 3, 3, 3, 3, 3, 3, 3, 3, 3, 3, 3, 3, 3, 3, 3, 3, 3, 3, 3, 3, 3, 3, 3, 3, 3, 3, 3, 3, 3, 3, 3, 3, 3, 3, 3, 3, 3, 3, 3, 3, 3, 3, 3, 3, 3, 3, 3, 3, 3, 3, 3, 3, 3, 3, 3, 3, 3, 3, 3, 3, 3, 3, 3, 3, 3, 3, 3, 3, 3, 3, 3, 3, 3, 3, 3, 3, 3, 3, 3, 3, 3, 3, 3, 3, 3, 3, 3, 3, 3, 3, 3, 3, 3, 3, 3, 3, 3, 3, 3, 3, 3, 3, 3, 3, 3, 3, 3, 3, 3, 3, 3, 3, 3, 3, 3, 3, 3, 3, 3, 3, 3, 3, 3, 3, 3, 3, 3, 3, 3, 3, 3, 3, 3, 3, 3, 3, 3, 3, 3, 3, 3, 3, 3, 3, 3, 3, 3, 3, 3, 3, 3, 3, 3, 3, 3, 3, 3, 3, 3, 3, 3, 3, 3, 3, 3, 3, 3, 3, 3, 3, 3, 3, 3, 3, 3, 3, 3, 3, 3, 3, 3, 3, 3, 3, 3, 3, 3, 3, 3, 3, 3, 3, 3, 3, 3, 3, 3, 3, 3, 3, 3, 3, 3, 3, 3, 3, 3, 3, 3, 3, 3, 3, 3, 3, 3, 3, 3, 3, 3, 3, 3, 3, 3, 3, 3, 3, 3, 3, 3, 3, 3, 3, 3, 3, 3, 3, 3, 3, 3, 3, 3, 3, 3, 3, 3, 3, 3, 3, 3, 3, 3, 3, 3, 3, 3, 3, 3, 3, 3, 3, 3, 3, 3, 3, 3, 3, 3, 3, 3, 3, 3, 3, 3, 3, 3, 3, 3, 3, 3, 3, 3, 3, 3, 3, 3, 3, 3, 3, 3, 3, 3, 3, 3, 3, 3, 3, 3, 3, 3, 3, 3, 3, 3, 3, 3, 3, 3, 3, 3, 3, 3, 3, 3, 3, 3, 3, 3, 3, 3, 3, 3, 3, 3, 3, 3, 3, 3, 3, 3, 3, 3, 3, 3, 3, 3, 3, 3, 3, 3, 3, 3, 3, 3, 3, 3, 3, 3, 3, 3, 3, 3, 3, 3, 3, 3, 3, 3, 3, 3, 3, 3, 3, 3, 3, 3, 3, 3, 3, 3, 3, 3, 3, 3, 3, 3, 3, 3, 3, 3, 3, 3, 3, 3, 3, 3, 3, 3, 3, 3, 3, 3, 3, 3, 3, 3, 3, 3, 3, 3, 3, 3, 3, 3, 3, 3, 3, 3, 3, 3, 3, 3, 3, 3, 3, 3, 3, 3, 3, 3, 3, 3, 3, 3, 3, 3, 3, 3, 3, 3, 3, 3, 3, 3, 3, 3, 3, 3, 3, 3, 3, 3, 3, 3, 3, 3, 3, 3, 3, 3, 3, 3, 3, 3, 3, 3, 3, 3, 3, 3, 3, 3, 3, 3, 3, 3, 3, 3, 3, 3, 3, 3, 3, 3, 3, 3, 3, 3, 3, 3, 3, 3, 3, 3, 3, 3, 3, 3, 3, 3, 3, 3, 3, 3, 3, 3, 3, 3, 3]
        int[] faceVertexIndices = [47, 23, 0, 0, 24, 47, 36, 11, 12, 35, 11, 36, 30, 5, 6, 30, 29, 5, 25, 24, 0, 0, 1, 25, 25, 1, 2, 2, 26, 25, 18, 42, 41, 41, 17, 18, 28, 4, 5, 5, 29, 28, 7, 30, 6, 7, 31, 30, 22, 23, 46, 23, 47, 46, 37, 36, 12, 12, 13, 37, 37, 13, 14, 14, 38, 37, 27, 26, 2, 2, 3, 27, 27, 3, 4, 4, 28, 27, 34, 11, 35, 34, 10, 11, 34, 9, 10, 33, 9, 34, 31, 7, 32, 32, 7, 8, 8, 9, 32, 32, 9, 33, 42, 18, 43, 18, 19, 43, 15, 39, 38, 15, 38, 14, 40, 47, 24, 35, 36, 40, 41, 42, 40, 24, 25, 40, 26, 27, 40, 40, 46, 47, 29, 30, 40, 40, 28, 29, 40, 25, 26, 30, 31, 40, 44, 45, 40, 42, 43, 40, 36, 37, 40, 40, 34, 35, 31, 32, 40, 38, 39, 40, 40, 37, 38, 40, 27, 28, 33, 34, 40, 40, 32, 33, 40, 45, 46, 40, 43, 44, 40, 17, 41, 40, 16, 17, 40, 15, 16, 39, 15, 40, 20, 43, 19, 44, 43, 20, 0, 23, 21, 12, 11, 21, 17, 16, 21, 6, 5, 21, 11, 10, 21, 21, 23, 22, 21, 1, 0, 5, 4, 21, 21, 3, 2, 2, 1, 21, 21, 7, 6, 21, 15, 14, 21, 13, 12, 4, 3, 21, 21, 18, 17, 14, 13, 21, 21, 9, 8, 8, 7, 21, 21, 19, 18, 10, 9, 21, 16, 15, 21, 21, 20, 19, 22, 46, 21, 46, 45, 21, 21, 45, 44, 44, 20, 21, 78, 53, 54, 77, 53, 78, 95, 71, 48, 48, 72, 95, 90, 89, 65, 65, 66, 90, 55, 78, 54, 55, 79, 78, 94, 70, 71, 71, 95, 94, 69, 70, 94, 94, 93, 69, 66, 67, 91, 90, 66, 91, 76, 53, 77, 76, 52, 53, 51, 52, 76, 76, 75, 51, 92, 68, 69, 69, 93, 92, 67, 68, 92, 92, 91, 67, 73, 72, 48, 48, 49, 73, 63, 87, 86, 86, 62, 63, 81, 80, 56, 56, 57, 81, 79, 55, 56, 56, 80, 79, 60, 84, 83, 60, 83, 59, 57, 58, 82, 81, 57, 82, 82, 58, 59, 59, 83, 82, 64, 65, 89, 89, 88, 64, 64, 88, 87, 87, 63, 64, 48, 71, 50, 53, 52, 50, 54, 53, 50, 50, 55, 54, 71, 70, 50, 50, 67, 66, 66, 65, 50, 57, 56, 50, 50, 70, 69, 69, 68, 50, 50, 58, 57, 50, 49, 48, 50, 68, 67, 50, 52, 51, 50, 63, 62, 62, 61, 50, 59, 58, 50, 65, 64, 50, 50, 56, 55, 50, 60, 59, 50, 64, 63, 50, 61, 60, 51, 75, 50, 75, 74, 50, 50, 73, 49, 50, 74, 73, 85, 94, 95, 86, 87, 85, 85, 89, 90, 77, 78, 85, 90, 91, 85, 85, 88, 89, 85, 95, 72, 78, 79, 85, 85, 80, 81, 85, 92, 93, 85, 76, 77, 72, 73, 85, 93, 94, 85, 85, 74, 75, 75, 76, 85, 87, 88, 85, 79, 80, 85, 83, 84, 85, 91, 92, 85, 81, 82, 85, 85, 82, 83, 73, 74, 85, 85, 62, 86, 85, 61, 62, 84, 60, 85, 60, 61, 85, 132, 107, 108, 131, 107, 132, 125, 101, 102, 102, 126, 125, 119, 96, 143, 143, 96, 120, 138, 113, 114, 137, 113, 138, 101, 125, 100, 125, 124, 100, 127, 126, 102, 102, 103, 127, 127, 103, 104, 104, 128, 127, 104, 105, 129, 129, 128, 104, 133, 132, 108, 108, 109, 133, 133, 109, 110, 110, 134, 133, 119, 143, 118, 143, 142, 118, 115, 138, 114, 115, 139, 138, 140, 115, 116, 139, 115, 140, 96, 97, 121, 120, 96, 121, 97, 98, 121, 121, 98, 122, 123, 100, 124, 99, 100, 123, 123, 98, 99, 122, 98, 123, 130, 107, 131, 130, 106, 107, 105, 106, 130, 130, 129, 105, 111, 135, 134, 111, 134, 110, 132, 133, 136, 137, 138, 136, 131, 132, 136, 126, 127, 136, 136, 143, 120, 136, 125, 126, 136, 123, 124, 141, 142, 136, 136, 124, 125, 136, 140, 141, 136, 130, 131, 136, 142, 143, 138, 139, 136, 120, 121, 136, 136, 127, 128, 128, 129, 136, 134, 135, 136, 136, 133, 134, 139, 140, 136, 136, 121, 122, 122, 123, 136, 129, 130, 136, 136, 113, 137, 136, 112, 113, 136, 111, 112, 135, 111, 136, 119, 118, 117, 117, 115, 114, 102, 101, 117, 108, 107, 117, 114, 113, 117, 113, 112, 117, 107, 106, 117, 117, 103, 102, 117, 96, 119, 117, 105, 104, 104, 103, 117, 117, 109, 108, 117, 97, 96, 117, 100, 99, 117, 106, 105, 110, 109, 117, 99, 98, 117, 101, 100, 117, 117, 111, 110, 116, 115, 117, 117, 98, 97, 112, 111, 117, 141, 140, 117, 117, 140, 116, 117, 142, 141, 117, 118, 142, 186, 185, 162, 185, 161, 162, 174, 149, 150, 173, 149, 174, 179, 155, 156, 156, 180, 179, 168, 167, 144, 168, 191, 167, 157, 181, 180, 157, 180, 156, 182, 181, 157, 157, 158, 182, 190, 166, 167, 167, 191, 190, 165, 166, 190, 190, 189, 165, 185, 184, 160, 160, 161, 185, 155, 179, 154, 179, 178, 154, 154, 178, 177, 177, 153, 154, 169, 168, 144, 144, 145, 169, 169, 145, 146, 146, 170, 169, 165, 189, 164, 189, 188, 164, 182, 158, 159, 159, 183, 182, 184, 183, 159, 159, 160, 184, 175, 174, 150, 150, 151, 175, 146, 147, 171, 171, 170, 146, 176, 152, 153, 176, 153, 177, 176, 151, 152, 176, 175, 151, 177, 178, 172, 172, 185, 186, 173, 174, 172, 180, 181, 172, 172, 184, 185, 172, 179, 180, 172, 181, 182, 172, 190, 191, 168, 169, 172, 182, 183, 172, 191, 168, 172, 186, 187, 172, 172, 183, 184, 172, 178, 179, 172, 176, 177, 189, 190, 172, 172, 188, 189, 172, 169, 170, 174, 175, 172, 170, 171, 172, 172, 187, 188, 175, 176, 172, 172, 149, 173, 172, 148, 149, 172, 147, 148, 172, 171, 147, 163, 166, 165, 161, 160, 163, 144, 167, 163, 156, 155, 163, 150, 149, 163, 149, 148, 163, 163, 147, 146, 167, 166, 163, 163, 145, 144, 163, 162, 161, 163, 157, 156, 163, 151, 150, 158, 157, 163, 155, 154, 163, 153, 152, 163, 146, 145, 163, 165, 164, 163, 152, 151, 163, 163, 154, 153, 148, 147, 163, 163, 159, 158, 160, 159, 163, 186, 162, 163, 163, 187, 186, 163, 164, 188, 188, 187, 163, 239, 215, 192, 192, 216, 239, 234, 209, 210, 233, 209, 234, 197, 198, 222, 222, 221, 197, 227, 203, 204, 204, 228, 227, 217, 216, 192, 192, 193, 217, 217, 193, 194, 194, 218, 217, 232, 209, 233, 232, 208, 209, 201, 202, 226, 226, 225, 201, 226, 202, 203, 203, 227, 226, 211, 234, 210, 211, 235, 234, 212, 213, 236, 236, 213, 237, 236, 211, 212, 235, 211, 236, 198, 199, 223, 223, 222, 198, 220, 196, 197, 197, 221, 220, 231, 206, 207, 230, 206, 231, 207, 208, 231, 208, 232, 231, 215, 239, 214, 239, 238, 214, 214, 238, 237, 237, 213, 214, 224, 200, 201, 201, 225, 224, 199, 200, 224, 224, 223, 199, 233, 234, 219, 219, 236, 237, 219, 239, 216, 225, 226, 219, 216, 217, 219, 219, 232, 233, 237, 238, 219, 230, 231, 219, 221, 222, 219, 219, 220, 221, 219, 227, 228, 219, 238, 239, 234, 235, 219, 219, 217, 218, 228, 229, 219, 219, 226, 227, 235, 236, 219, 222, 223, 219, 219, 224, 225, 219, 229, 230, 219, 231, 232, 223, 224, 219, 219, 218, 194, 194, 195, 219, 219, 195, 196, 196, 220, 219, 192, 215, 205, 205, 195, 194, 205, 193, 192, 204, 203, 205, 210, 209, 205, 209, 208, 205, 205, 211, 210, 205, 202, 201, 205, 198, 197, 197, 196, 205, 215, 214, 205, 205, 208, 207, 194, 193, 205, 205, 199, 198, 201, 200, 205, 203, 202, 205, 205, 200, 199, 196, 195, 205, 207, 206, 205, 205, 213, 212, 212, 211, 205, 205, 214, 213, 205, 228, 204, 205, 229, 228, 230, 229, 205, 205, 206, 230, 246, 270, 269, 246, 269, 245, 276, 275, 251, 282, 281, 258, 258, 281, 257, 271, 270, 246, 276, 251, 252, 264, 263, 240, 287, 263, 264, 257, 281, 280, 272, 271, 247, 247, 271, 246, 286, 285, 261, 261, 285, 260, 258, 259, 283, 282, 258, 283, 243, 244, 267, 272, 247, 248, 249, 274, 273, 273, 248, 249, 272, 248, 273, 250, 274, 249, 275, 274, 250, 250, 251, 275, 276, 252, 253, 256, 280, 279, 257, 280, 256, 262, 286, 261, 287, 286, 262, 262, 263, 287, 259, 260, 284, 284, 283, 259, 284, 260, 285, 241, 264, 240, 268, 267, 244, 268, 244, 245, 268, 245, 269, 266, 242, 243, 243, 267, 266, 276, 253, 277, 277, 253, 254, 254, 278, 277, 255, 256, 279, 279, 278, 255, 255, 278, 254, 265, 241, 242, 242, 266, 265, 264, 241, 265, 246, 245, 255, 255, 253, 252, 261, 260, 255, 255, 258, 257, 245, 244, 255, 255, 247, 246, 240, 263, 255, 249, 248, 255, 255, 252, 251, 255, 259, 258, 257, 256, 255, 255, 244, 243, 255, 262, 261, 251, 250, 255, 255, 260, 259, 243, 242, 255, 255, 248, 247, 255, 250, 249, 254, 253, 255, 255, 241, 240, 263, 262, 255, 242, 241, 255, 272, 273, 265, 265, 281, 282, 265, 269, 270, 265, 275, 276, 270, 271, 265, 265, 280, 281, 265, 286, 287, 282, 283, 265, 265, 271, 272, 265, 274, 275, 287, 264, 265, 279, 280, 265, 265, 284, 285, 285, 286, 265, 276, 277, 265, 265, 268, 269, 265, 273, 274, 265, 278, 279, 283, 284, 265, 267, 268, 265, 265, 266, 267, 265, 277, 278, 293, 269, 270, 270, 294, 293, 276, 300, 299, 299, 275, 276, 288, 311, 264, 264, 311, 287, 304, 280, 281, 281, 305, 304, 306, 281, 282, 306, 305, 281, 271, 294, 270, 271, 295, 294, 296, 295, 271, 271, 272, 296, 302, 301, 277, 277, 278, 302, 277, 301, 300, 300, 276, 277, 278, 279, 303, 302, 278, 303, 303, 279, 280, 280, 304, 303, 296, 272, 297, 272, 273, 297, 299, 298, 274, 274, 275, 299, 298, 297, 274, 274, 297, 273, 285, 286, 310, 309, 285, 310, 287, 311, 310, 310, 286, 287, 288, 264, 289, 264, 265, 289, 309, 308, 284, 284, 285, 309, 269, 293, 268, 293, 292, 268, 292, 291, 268, 291, 267, 268, 290, 289, 266, 266, 289, 265, 266, 291, 290, 266, 267, 291, 287, 286, 283, 270, 269, 283, 282, 281, 283, 275, 274, 283, 283, 279, 278, 283, 266, 265, 281, 280, 283, 283, 271, 270, 283, 276, 275, 278, 277, 283, 283, 264, 287, 280, 279, 283, 272, 271, 283, 283, 273, 272, 283, 277, 276, 283, 286, 285, 283, 265, 264, 283, 274, 273, 269, 268, 283, 285, 284, 283, 283, 268, 267, 267, 266, 283, 307, 292, 293, 307, 298, 299, 309, 310, 307, 294, 295, 307, 307, 293, 294, 307, 301, 302, 299, 300, 307, 307, 311, 288, 307, 295, 296, 290, 291, 307, 300, 301, 307, 307, 308, 309, 296, 297, 307, 302, 303, 307, 307, 304, 305, 305, 306, 307, 307, 291, 292, 307, 303, 304, 288, 289, 307, 307, 297, 298, 307, 310, 311, 307, 289, 290, 307, 306, 282, 282, 283, 307, 307, 284, 308, 307, 283, 284, 318, 317, 294, 294, 317, 293, 324, 299, 300, 323, 299, 324, 330, 329, 306, 306, 329, 305, 315, 290, 291, 314, 290, 315, 312, 311, 288, 312, 335, 311, 289, 290, 313, 313, 290, 314, 288, 289, 313, 313, 312, 288, 320, 319, 295, 296, 320, 295, 318, 294, 295, 295, 319, 318, 321, 320, 296, 296, 297, 321, 301, 324, 300, 301, 325, 324, 326, 325, 301, 301, 302, 326, 305, 329, 304, 329, 328, 304, 327, 302, 303, 326, 302, 327, 303, 304, 327, 327, 304, 328, 308, 309, 332, 332, 309, 333, 293, 317, 292, 317, 316, 292, 292, 315, 291, 292, 316, 315, 322, 299, 323, 322, 298, 299, 322, 297, 298, 322, 321, 297, 331, 317, 318, 331, 316, 317, 331, 325, 326, 314, 315, 331, 331, 329, 330, 326, 327, 331, 323, 324, 331, 331, 313, 314, 318, 319, 331, 331, 334, 335, 331, 322, 323, 335, 312, 331, 324, 325, 331, 331, 319, 320, 331, 328, 329, 315, 316, 331, 312, 313, 331, 320, 321, 331, 331, 327, 328, 331, 332, 333, 333, 334, 331, 321, 322, 331, 330, 306, 331, 306, 307, 331, 331, 307, 308, 308, 332, 331, 310, 297, 296, 300, 299, 310, 288, 311, 310, 310, 289, 288, 310, 309, 308, 308, 307, 310, 296, 295, 310, 310, 294, 293, 305, 304, 310, 310, 290, 289, 310, 301, 300, 310, 306, 305, 291, 290, 310, 299, 298, 310, 303, 302, 310, 310, 307, 306, 293, 292, 310, 310, 295, 294, 298, 297, 310, 302, 301, 310, 310, 304, 303, 310, 292, 291, 311, 335, 310, 335, 334, 310, 333, 309, 310, 310, 334, 333, 317, 318, 342, 347, 323, 324, 354, 329, 330, 353, 329, 354, 342, 318, 319, 348, 347, 324, 341, 317, 342, 328, 329, 353, 343, 319, 320, 342, 319, 343, 340, 315, 316, 316, 341, 340, 317, 341, 316, 312, 336, 359, 359, 335, 312, 331, 354, 330, 344, 343, 320, 321, 322, 345, 345, 344, 321, 321, 344, 320, 345, 322, 346, 346, 322, 323, 323, 347, 346, 327, 328, 352, 352, 328, 353, 314, 315, 339, 339, 338, 314, 339, 315, 340, 336, 312, 337, 333, 356, 332, 355, 331, 332, 332, 356, 355, 354, 331, 355, 350, 325, 326, 349, 325, 350, 324, 325, 349, 349, 348, 324, 327, 352, 351, 351, 326, 327, 350, 326, 351, 313, 337, 312, 338, 337, 313, 314, 338, 313, 358, 335, 359, 356, 333, 357, 335, 358, 334, 358, 357, 334, 334, 357, 333, 342, 343, 357, 353, 354, 357, 359, 336, 357, 357, 341, 342, 357, 352, 353, 357, 344, 345, 347, 348, 357, 340, 341, 357, 357, 346, 347, 350, 351, 357, 354, 355, 357, 357, 339, 340, 336, 337, 357, 343, 344, 357, 345, 346, 357, 348, 349, 357, 338, 339, 357, 357, 337, 338, 357, 355, 356, 357, 349, 350, 357, 351, 352, 357, 358, 359, 334, 321, 320, 318, 317, 334, 324, 323, 334, 330, 329, 334, 334, 319, 318, 329, 328, 334, 327, 326, 334, 334, 315, 314, 317, 316, 334, 320, 319, 334, 323, 322, 334, 334, 328, 327, 334, 325, 324, 334, 331, 330, 334, 316, 315, 334, 312, 335, 332, 331, 334, 322, 321, 334, 314, 313, 334, 334, 333, 332, 334, 326, 325, 334, 313, 312, 366, 390, 389, 366, 389, 365, 396, 395, 371, 402, 401, 378, 378, 401, 377, 391, 390, 366, 396, 371, 372, 384, 383, 360, 407, 383, 384, 377, 401, 400, 392, 391, 367, 367, 391, 366, 380, 404, 379, 380, 405, 404, 381, 405, 380, 379, 404, 403, 378, 379, 403, 402, 378, 403, 382, 383, 407, 363, 364, 387, 392, 367, 368, 369, 394, 393, 393, 368, 369, 392, 368, 393, 370, 394, 369, 395, 394, 370, 370, 371, 395, 376, 400, 399, 377, 400, 376, 406, 382, 407, 381, 382, 406, 406, 405, 381, 361, 384, 360, 388, 387, 364, 388, 364, 365, 388, 365, 389, 386, 362, 363, 363, 387, 386, 398, 397, 374, 374, 397, 373, 373, 397, 396, 396, 372, 373, 375, 376, 399, 399, 398, 375, 375, 398, 374, 385, 361, 362, 362, 386, 385, 384, 361, 385, 366, 365, 375, 371, 370, 375, 375, 382, 381, 375, 378, 377, 365, 364, 375, 375, 367, 366, 360, 383, 375, 369, 368, 375, 375, 372, 371, 375, 379, 378, 381, 380, 375, 375, 364, 363, 377, 376, 375, 375, 361, 360, 375, 380, 379, 383, 382, 375, 363, 362, 375, 375, 368, 367, 375, 370, 369, 375, 373, 372, 362, 361, 375, 374, 373, 375, 392, 393, 385, 385, 401, 402, 385, 389, 390, 385, 395, 396, 390, 391, 385, 385, 400, 401, 396, 397, 385, 402, 403, 385, 385, 391, 392, 385, 394, 395, 407, 384, 385, 399, 400, 385, 385, 406, 407, 404, 405, 385, 385, 403, 404, 385, 388, 389, 385, 393, 394, 385, 398, 399, 405, 406, 385, 387, 388, 385, 385, 386, 387, 397, 398, 385, 413, 389, 390, 390, 414, 413, 407, 384, 431, 431, 384, 408, 420, 395, 396, 420, 419, 395, 415, 414, 390, 390, 391, 415, 401, 402, 426, 425, 401, 426, 407, 431, 406, 431, 430, 406, 406, 430, 429, 429, 405, 406, 424, 400, 401, 424, 401, 425, 399, 400, 424, 424, 423, 399, 395, 419, 394, 419, 418, 394, 416, 391, 392, 416, 415, 391, 408, 384, 409, 384, 385, 409, 389, 413, 412, 412, 388, 389, 387, 388, 412, 412, 411, 387, 428, 405, 429, 428, 404, 405, 397, 420, 396, 397, 421, 420, 422, 398, 399, 399, 423, 422, 422, 397, 398, 421, 397, 422, 393, 394, 417, 417, 394, 418, 392, 393, 417, 417, 416, 392, 386, 385, 384, 390, 389, 386, 386, 384, 407, 396, 395, 386, 386, 391, 390, 395, 394, 386, 389, 388, 386, 386, 397, 396, 392, 391, 386, 401, 400, 386, 386, 402, 401, 386, 400, 399, 407, 406, 386, 399, 398, 386, 386, 393, 392, 386, 403, 402, 386, 388, 387, 386, 406, 405, 405, 404, 386, 386, 394, 393, 398, 397, 386, 404, 403, 386, 386, 409, 385, 386, 410, 409, 411, 410, 386, 387, 411, 386, 425, 426, 427, 427, 422, 423, 427, 413, 414, 429, 430, 427, 427, 431, 408, 414, 415, 427, 419, 420, 427, 427, 418, 419, 408, 409, 427, 427, 424, 425, 427, 430, 431, 427, 412, 413, 420, 421, 427, 427, 428, 429, 423, 424, 427, 415, 416, 427, 427, 417, 418, 411, 412, 427, 427, 410, 411, 421, 422, 427, 416, 417, 427, 409, 410, 427, 427, 426, 402, 402, 403, 427, 404, 428, 427, 427, 403, 404, 438, 437, 414, 414, 437, 413, 444, 419, 420, 443, 419, 444, 450, 449, 426, 426, 449, 425, 435, 410, 411, 434, 410, 435, 432, 431, 408, 432, 455, 431, 409, 410, 433, 433, 410, 434, 408, 409, 433, 433, 432, 408, 440, 439, 415, 416, 440, 415, 438, 414, 415, 415, 439, 438, 441, 440, 416, 416, 417, 441, 421, 444, 420, 421, 445, 444, 446, 445, 421, 421, 422, 446, 425, 449, 424, 449, 448, 424, 447, 422, 423, 446, 422, 447, 423, 424, 447, 447, 424, 448, 428, 429, 452, 452, 429, 453, 413, 437, 412, 437, 436, 412, 412, 435, 411, 412, 436, 435, 442, 419, 443, 442, 418, 419, 442, 417, 418, 442, 441, 417, 451, 437, 438, 451, 436, 437, 451, 445, 446, 434, 435, 451, 451, 449, 450, 446, 447, 451, 443, 444, 451, 451, 433, 434, 438, 439, 451, 451, 454, 455, 451, 442, 443, 455, 432, 451, 444, 445, 451, 451, 439, 440, 451, 448, 449, 435, 436, 451, 432, 433, 451, 440, 441, 451, 451, 447, 448, 451, 452, 453, 453, 454, 451, 441, 442, 451, 450, 426, 451, 426, 427, 451, 451, 427, 428, 428, 452, 451, 430, 417, 416, 420, 419, 430, 408, 431, 430, 430, 409, 408, 430, 429, 428, 428, 427, 430, 416, 415, 430, 430, 414, 413, 425, 424, 430, 430, 410, 409, 430, 421, 420, 430, 426, 425, 411, 410, 430, 419, 418, 430, 423, 422, 430, 430, 427, 426, 413, 412, 430, 430, 415, 414, 418, 417, 430, 422, 421, 430, 430, 424, 423, 430, 412, 411, 431, 455, 430, 455, 454, 430, 453, 429, 430, 430, 454, 453, 479, 455, 432, 432, 456, 479, 462, 461, 437, 468, 467, 444, 444, 467, 443, 436, 437, 461, 462, 437, 438, 448, 449, 473, 474, 449, 450, 473, 449, 474, 457, 456, 432, 460, 436, 461, 459, 458, 434, 469, 468, 444, 447, 448, 472, 472, 448, 473, 464, 463, 440, 440, 463, 439, 439, 463, 462, 462, 438, 439, 441, 442, 465, 465, 464, 441, 441, 464, 440, 465, 442, 466, 466, 442, 443, 466, 443, 467, 451, 474, 450, 455, 479, 478, 459, 434, 435, 435, 460, 459, 436, 460, 435, 458, 457, 433, 433, 434, 458, 433, 457, 432, 445, 469, 444, 470, 469, 445, 445, 446, 470, 447, 472, 471, 471, 446, 447, 470, 446, 471, 452, 453, 476, 474, 451, 475, 451, 452, 475, 475, 452, 476, 476, 453, 477, 455, 478, 454, 478, 477, 454, 454, 477, 453, 473, 474, 477, 477, 461, 462, 477, 479, 456, 462, 463, 477, 468, 469, 477, 456, 457, 477, 467, 468, 477, 477, 464, 465, 477, 466, 467, 477, 458, 459, 477, 460, 461, 477, 472, 473, 470, 471, 477, 477, 457, 458, 459, 460, 477, 477, 469, 470, 477, 478, 479, 463, 464, 477, 465, 466, 477, 477, 475, 476, 477, 471, 472, 474, 475, 477, 436, 435, 454, 440, 439, 454, 450, 449, 454, 432, 455, 454, 444, 443, 454, 454, 441, 440, 454, 433, 432, 449, 448, 454, 437, 436, 454, 454, 438, 437, 454, 448, 447, 443, 442, 454, 453, 452, 454, 454, 451, 450, 447, 446, 454, 454, 439, 438, 442, 441, 454, 454, 445, 444, 454, 435, 434, 434, 433, 454, 446, 445, 454, 454, 452, 451, 522, 497, 498, 521, 497, 522, 515, 491, 492, 492, 516, 515, 504, 503, 480, 527, 503, 504, 485, 486, 509, 509, 486, 510, 505, 504, 481, 481, 504, 480, 496, 497, 521, 521, 520, 496, 519, 496, 520, 495, 496, 519, 519, 494, 495, 518, 494, 519, 517, 516, 492, 492, 493, 517, 493, 494, 517, 517, 494, 518, 523, 522, 498, 498, 499, 523, 523, 499, 500, 523, 500, 524, 506, 481, 482, 505, 481, 506, 482, 483, 506, 506, 483, 507, 485, 509, 508, 508, 484, 485, 508, 483, 484, 507, 483, 508, 510, 486, 511, 486, 487, 511, 511, 487, 488, 488, 512, 511, 491, 515, 490, 515, 514, 490, 502, 503, 527, 527, 526, 502, 513, 509, 510, 521, 522, 513, 527, 504, 513, 513, 520, 521, 513, 519, 520, 513, 515, 516, 516, 517, 513, 513, 504, 505, 513, 526, 527, 513, 508, 509, 524, 525, 513, 513, 514, 515, 522, 523, 513, 505, 506, 513, 510, 511, 513, 518, 519, 513, 513, 517, 518, 513, 523, 524, 513, 525, 526, 513, 506, 507, 507, 508, 513, 513, 511, 512, 524, 500, 501, 501, 525, 524, 526, 525, 501, 501, 502, 526, 489, 483, 482, 492, 491, 489, 498, 497, 489, 497, 496, 489, 489, 493, 492, 480, 503, 489, 489, 486, 485, 485, 484, 489, 489, 481, 480, 489, 499, 498, 489, 487, 486, 491, 490, 489, 482, 481, 489, 495, 494, 489, 489, 496, 495, 500, 499, 489, 488, 487, 489, 489, 494, 493, 484, 483, 489, 489, 501, 500, 503, 502, 489, 502, 501, 489, 489, 512, 488, 489, 513, 512, 489, 490, 514, 514, 513, 489, 570, 545, 546, 569, 545, 570, 564, 539, 540, 564, 563, 539, 558, 557, 533, 533, 534, 558, 553, 552, 528, 528, 529, 553, 528, 552, 575, 575, 551, 528, 539, 563, 562, 562, 538, 539, 537, 538, 562, 562, 561, 537, 558, 534, 559, 534, 535, 559, 568, 545, 569, 568, 544, 545, 543, 544, 568, 568, 567, 543, 560, 536, 537, 537, 561, 560, 560, 535, 536, 560, 559, 535, 565, 564, 540, 540, 541, 565, 550, 551, 575, 575, 574, 550, 571, 570, 546, 546, 547, 571, 571, 547, 548, 548, 572, 571, 543, 567, 566, 566, 542, 543, 541, 542, 566, 566, 565, 541, 553, 529, 554, 529, 530, 554, 554, 530, 531, 531, 555, 554, 556, 533, 557, 556, 532, 533, 531, 532, 556, 556, 555, 531, 573, 552, 553, 573, 557, 558, 573, 562, 563, 569, 570, 573, 573, 568, 569, 558, 559, 573, 563, 564, 573, 575, 552, 573, 573, 566, 567, 573, 560, 561, 564, 565, 573, 561, 562, 573, 573, 574, 575, 567, 568, 573, 553, 554, 573, 573, 556, 557, 559, 560, 573, 570, 571, 573, 573, 571, 572, 565, 566, 573, 573, 554, 555, 555, 556, 573, 546, 545, 549, 540, 539, 549, 549, 535, 534, 534, 533, 549, 545, 544, 549, 543, 542, 549, 539, 538, 549, 549, 547, 546, 537, 536, 549, 549, 538, 537, 549, 544, 543, 549, 541, 540, 533, 532, 549, 536, 535, 549, 529, 528, 549, 549, 530, 529, 549, 528, 551, 549, 542, 541, 548, 547, 549, 531, 530, 549, 549, 532, 531, 551, 550, 549, 549, 572, 548, 549, 573, 572, 549, 550, 574, 574, 573, 549, 612, 587, 588, 611, 587, 612, 606, 581, 582, 606, 605, 581, 623, 599, 576, 576, 600, 623, 623, 598, 599, 622, 598, 623, 576, 577, 601, 601, 600, 576, 601, 577, 578, 578, 602, 601, 594, 618, 617, 617, 593, 594, 604, 580, 581, 581, 605, 604, 583, 606, 582, 583, 607, 606, 597, 598, 621, 621, 598, 622, 613, 612, 588, 588, 589, 613, 613, 589, 590, 590, 614, 613, 603, 602, 578, 578, 579, 603, 603, 579, 580, 580, 604, 603, 610, 587, 611, 610, 586, 587, 585, 586, 610, 610, 609, 585, 618, 594, 619, 594, 595, 619, 596, 621, 620, 597, 621, 596, 620, 619, 596, 596, 619, 595, 576, 599, 591, 588, 587, 591, 593, 592, 591, 582, 581, 591, 591, 598, 597, 587, 586, 591, 591, 577, 576, 581, 580, 591, 591, 579, 578, 578, 577, 591, 591, 583, 582, 591, 586, 585, 599, 598, 591, 591, 589, 588, 580, 579, 591, 591, 594, 593, 590, 589, 591, 597, 596, 591, 585, 584, 591, 591, 595, 594, 591, 584, 583, 591, 596, 595, 591, 615, 614, 591, 614, 590, 616, 593, 617, 616, 592, 593, 616, 591, 592, 615, 591, 616, 600, 601, 608, 611, 612, 608, 617, 618, 608, 608, 623, 600, 602, 603, 608, 608, 621, 622, 605, 606, 608, 622, 623, 608, 608, 604, 605, 608, 601, 602, 606, 607, 608, 608, 610, 611, 618, 619, 608, 612, 613, 608, 608, 616, 617, 620, 621, 608, 614, 615, 608, 608, 613, 614, 608, 603, 604, 609, 610, 608, 608, 619, 620, 615, 616, 608, 607, 583, 608, 583, 584, 608, 585, 609, 608, 608, 584, 585, 660, 635, 636, 659, 635, 660, 654, 629, 630, 654, 653, 629, 671, 647, 624, 671, 624, 648, 671, 646, 647, 670, 646, 671, 624, 625, 649, 648, 624, 649, 642, 666, 665, 665, 641, 642, 631, 654, 630, 631, 655, 654, 645, 646, 669, 669, 646, 670, 661, 660, 636, 636, 637, 661, 661, 637, 638, 638, 662, 661, 629, 653, 652, 652, 628, 629, 627, 628, 652, 652, 651, 627, 650, 625, 626, 650, 649, 625, 626, 627, 650, 627, 651, 650, 658, 635, 659, 658, 634, 635, 658, 633, 634, 657, 633, 658, 655, 631, 656, 656, 631, 632, 632, 633, 656, 656, 633, 657, 666, 642, 667, 642, 643, 667, 644, 669, 668, 645, 669, 644, 668, 667, 644, 644, 667, 643, 624, 647, 639, 636, 635, 639, 641, 640, 639, 630, 629, 639, 639, 646, 645, 635, 634, 639, 639, 625, 624, 639, 631, 630, 629, 628, 639, 626, 625, 639, 639, 627, 626, 639, 633, 632, 647, 646, 639, 639, 637, 636, 639, 628, 627, 639, 642, 641, 638, 637, 639, 645, 644, 639, 632, 631, 639, 639, 643, 642, 634, 633, 639, 639, 644, 643, 639, 663, 662, 639, 662, 638, 648, 649, 664, 665, 666, 664, 659, 660, 664, 664, 671, 648, 649, 650, 664, 653, 654, 664, 670, 671, 664, 660, 661, 664, 664, 669, 670, 654, 655, 664, 655, 656, 664, 666, 667, 664, 664, 652, 653, 664, 658, 659, 668, 669, 664, 662, 663, 664, 664, 661, 662, 651, 652, 664, 664, 650, 651, 657, 658, 664, 664, 656, 657, 664, 667, 668, 664, 641, 665, 664, 640, 641, 664, 639, 640, 663, 639, 664, 719, 695, 672, 672, 696, 719, 714, 689, 690, 713, 689, 714, 677, 678, 702, 702, 701, 677, 682, 683, 707, 707, 706, 682, 707, 683, 684, 684, 708, 707, 694, 719, 718, 695, 719, 694, 697, 696, 672, 672, 673, 697, 697, 673, 674, 674, 698, 697, 685, 709, 708, 685, 708, 684, 691, 714, 690, 691, 715, 714, 700, 676, 677, 677, 701, 700, 682, 706, 705, 705, 681, 682, 680, 681, 705, 705, 704, 680, 703, 702, 678, 678, 679, 703, 703, 679, 680, 680, 704, 703, 672, 695, 687, 687, 679, 678, 687, 673, 672, 684, 683, 687, 690, 689, 687, 689, 688, 687, 687, 693, 692, 695, 694, 687, 687, 678, 677, 687, 683, 682, 677, 676, 687, 687, 691, 690, 674, 673, 687, 687, 675, 674, 682, 681, 687, 687, 685, 684, 687, 681, 680, 676, 675, 687, 680, 679, 687, 686, 685, 687, 694, 693, 687, 692, 691, 687, 712, 689, 713, 712, 688, 689, 712, 687, 688, 711, 687, 712, 709, 685, 710, 710, 685, 686, 686, 687, 710, 710, 687, 711, 715, 691, 716, 716, 691, 692, 699, 698, 674, 674, 675, 699, 699, 675, 676, 676, 700, 699, 713, 714, 717, 696, 697, 717, 717, 719, 696, 709, 710, 717, 717, 700, 701, 718, 719, 717, 706, 707, 717, 702, 703, 717, 701, 702, 717, 708, 709, 717, 717, 707, 708, 714, 715, 717, 717, 697, 698, 717, 705, 706, 717, 712, 713, 698, 699, 717, 704, 705, 717, 717, 703, 704, 711, 712, 717, 717, 710, 711, 715, 716, 717, 717, 699, 700, 717, 694, 718, 717, 693, 694, 692, 693, 717, 717, 716, 692, 750, 725, 726, 749, 725, 750, 767, 743, 720, 720, 744, 767, 762, 761, 737, 737, 738, 762, 766, 742, 743, 743, 767, 766, 727, 750, 726, 727, 751, 750, 741, 742, 765, 742, 766, 765, 748, 725, 749, 748, 724, 725, 723, 724, 748, 748, 747, 723, 738, 739, 763, 762, 738, 763, 735, 759, 758, 758, 734, 735, 753, 752, 728, 728, 729, 753, 751, 727, 728, 728, 752, 751, 732, 756, 755, 732, 755, 731, 730, 754, 753, 753, 729, 730, 755, 754, 730, 731, 755, 730, 764, 740, 741, 741, 765, 764, 739, 740, 764, 764, 763, 739, 723, 747, 746, 746, 722, 723, 736, 737, 761, 761, 760, 736, 736, 760, 759, 759, 735, 736, 720, 743, 733, 725, 724, 733, 726, 725, 733, 733, 727, 726, 743, 742, 733, 733, 739, 738, 738, 737, 733, 729, 728, 733, 733, 742, 741, 741, 740, 733, 733, 721, 720, 737, 736, 733, 733, 740, 739, 733, 724, 723, 733, 735, 734, 723, 722, 733, 722, 721, 733, 733, 730, 729, 733, 728, 727, 733, 732, 731, 731, 730, 733, 733, 736, 735, 745, 744, 720, 720, 721, 745, 745, 721, 722, 722, 746, 745, 757, 766, 767, 758, 759, 757, 757, 761, 762, 749, 750, 757, 757, 765, 766, 757, 760, 761, 757, 767, 744, 750, 751, 757, 757, 752, 753, 757, 764, 765, 757, 748, 749, 744, 745, 757, 753, 754, 757, 747, 748, 757, 759, 760, 757, 751, 752, 757, 755, 756, 757, 757, 754, 755, 762, 763, 757, 763, 764, 757, 757, 746, 747, 757, 745, 746, 757, 734, 758, 757, 733, 734, 756, 732, 757, 732, 733, 757, 804, 779, 780, 803, 779, 804, 797, 773, 774, 774, 798, 797, 791, 768, 815, 815, 768, 792, 810, 785, 786, 809, 785, 810, 773, 797, 772, 797, 796, 772, 799, 798, 774, 774, 775, 799, 799, 775, 776, 776, 800, 799, 776, 777, 801, 801, 800, 776, 805, 804, 780, 780, 781, 805, 805, 781, 782, 782, 806, 805, 791, 815, 790, 815, 814, 790, 787, 810, 786, 787, 811, 810, 812, 787, 788, 811, 787, 812, 768, 769, 793, 792, 768, 793, 769, 770, 793, 793, 770, 794, 795, 772, 796, 771, 772, 795, 795, 770, 771, 794, 770, 795, 802, 779, 803, 802, 778, 779, 777, 778, 802, 802, 801, 777, 783, 807, 806, 783, 806, 782, 804, 805, 808, 809, 810, 808, 803, 804, 808, 798, 799, 808, 808, 815, 792, 808, 797, 798, 808, 795, 796, 813, 814, 808, 808, 796, 797, 808, 812, 813, 808, 802, 803, 808, 814, 815, 810, 811, 808, 792, 793, 808, 808, 799, 800, 800, 801, 808, 806, 807, 808, 808, 805, 806, 811, 812, 808, 808, 793, 794, 794, 795, 808, 801, 802, 808, 808, 785, 809, 808, 784, 785, 808, 783, 784, 807, 783, 808, 791, 790, 789, 789, 787, 786, 774, 773, 789, 780, 779, 789, 786, 785, 789, 785, 784, 789, 779, 778, 789, 789, 775, 774, 789, 768, 791, 789, 777, 776, 776, 775, 789, 789, 781, 780, 789, 769, 768, 789, 772, 771, 789, 778, 777, 782, 781, 789, 771, 770, 789, 773, 772, 789, 789, 783, 782, 788, 787, 789, 789, 770, 769, 784, 783, 789, 813, 812, 789, 789, 812, 788, 789, 814, 813, 789, 790, 814, 858, 857, 834, 857, 833, 834, 846, 821, 822, 845, 821, 846, 851, 827, 828, 828, 852, 851, 840, 839, 816, 840, 863, 839, 862, 838, 839, 839, 863, 862, 829, 853, 852, 829, 852, 828, 854, 853, 829, 829, 830, 854, 857, 856, 832, 832, 833, 857, 827, 851, 826, 851, 850, 826, 826, 850, 849, 849, 825, 826, 841, 840, 816, 816, 817, 841, 841, 817, 818, 818, 842, 841, 854, 830, 831, 831, 855, 854, 856, 855, 831, 831, 832, 856, 836, 838, 837, 833, 832, 836, 816, 839, 836, 828, 827, 836, 822, 821, 836, 821, 820, 836, 836, 829, 828, 839, 838, 836, 836, 817, 816, 836, 834, 833, 836, 831, 830, 836, 823, 822, 830, 829, 836, 836, 835, 834, 827, 826, 836, 825, 824, 836, 818, 817, 836, 836, 819, 818, 824, 823, 836, 836, 826, 825, 820, 819, 836, 832, 831, 836, 837, 838, 861, 838, 862, 861, 861, 836, 837, 860, 836, 861, 858, 834, 859, 834, 835, 859, 835, 836, 859, 859, 836, 860, 847, 846, 822, 822, 823, 847, 818, 819, 843, 843, 842, 818, 848, 824, 825, 848, 825, 849, 848, 823, 824, 848, 847, 823, 849, 850, 844, 844, 857, 858, 845, 846, 844, 852, 853, 844, 844, 856, 857, 844, 851, 852, 844, 853, 854, 844, 862, 863, 858, 859, 844, 854, 855, 844, 863, 840, 844, 844, 848, 849, 844, 855, 856, 844, 850, 851, 844, 861, 862, 840, 841, 844, 844, 841, 842, 860, 861, 844, 844, 859, 860, 846, 847, 844, 842, 843, 844, 847, 848, 844, 844, 821, 845, 844, 820, 821, 844, 819, 820, 844, 843, 819, 911, 887, 864, 864, 888, 911, 906, 881, 882, 905, 881, 906, 869, 870, 894, 894, 893, 869, 899, 875, 876, 876, 900, 899, 889, 888, 864, 864, 865, 889, 889, 865, 866, 866, 890, 889, 904, 881, 905, 904, 880, 881, 873, 874, 898, 898, 897, 873, 898, 874, 875, 875, 899, 898, 887, 911, 886, 911, 910, 886, 883, 906, 882, 883, 907, 906, 908, 883, 884, 907, 883, 908, 870, 871, 895, 895, 894, 870, 892, 868, 869, 869, 893, 892, 903, 878, 879, 902, 878, 903, 879, 880, 903, 880, 904, 903, 909, 908, 885, 885, 908, 884, 885, 910, 909, 885, 886, 910, 896, 872, 873, 873, 897, 896, 871, 872, 896, 896, 895, 871, 905, 906, 891, 891, 908, 909, 891, 911, 888, 897, 898, 891, 888, 889, 891, 891, 904, 905, 909, 910, 891, 902, 903, 891, 893, 894, 891, 891, 892, 893, 891, 899, 900, 891, 910, 911, 906, 907, 891, 891, 889, 890, 900, 901, 891, 891, 898, 899, 907, 908, 891, 894, 895, 891, 891, 896, 897, 891, 901, 902, 891, 903, 904, 895, 896, 891, 891, 890, 866, 866, 867, 891, 891, 867, 868, 868, 892, 891, 864, 887, 877, 877, 867, 866, 877, 865, 864, 876, 875, 877, 882, 881, 877, 881, 880, 877, 887, 886, 877, 877, 874, 873, 877, 870, 869, 869, 868, 877, 877, 885, 884, 877, 880, 879, 866, 865, 877, 877, 871, 870, 873, 872, 877, 875, 874, 877, 877, 872, 871, 868, 867, 877, 879, 878, 877, 877, 883, 882, 884, 883, 877, 886, 885, 877, 877, 900, 876, 877, 901, 900, 902, 901, 877, 877, 878, 902, 918, 942, 941, 918, 941, 917, 948, 947, 923, 954, 953, 930, 930, 953, 929, 943, 942, 918, 922, 923, 947, 948, 923, 924, 936, 935, 912, 959, 935, 936, 929, 953, 952, 946, 922, 947, 956, 931, 932, 934, 935, 959, 915, 916, 939, 944, 920, 945, 919, 943, 918, 919, 944, 943, 920, 944, 919, 945, 920, 921, 921, 946, 945, 922, 946, 921, 931, 956, 955, 930, 931, 955, 954, 930, 955, 957, 932, 933, 957, 956, 932, 913, 936, 912, 940, 939, 916, 940, 916, 917, 940, 917, 941, 938, 914, 915, 915, 939, 938, 950, 949, 926, 926, 927, 950, 950, 927, 951, 926, 949, 925, 925, 949, 948, 948, 924, 925, 928, 952, 951, 951, 927, 928, 929, 952, 928, 933, 934, 958, 958, 957, 933, 958, 934, 959, 937, 913, 914, 914, 938, 937, 936, 913, 937, 918, 917, 928, 933, 932, 928, 928, 934, 933, 928, 930, 929, 917, 916, 928, 928, 925, 924, 912, 935, 928, 923, 922, 928, 928, 924, 923, 922, 921, 928, 928, 931, 930, 928, 916, 915, 928, 919, 918, 928, 913, 912, 932, 931, 928, 935, 934, 928, 915, 914, 928, 920, 919, 928, 928, 921, 920, 928, 927, 926, 914, 913, 928, 926, 925, 928, 937, 944, 945, 937, 953, 954, 937, 941, 942, 937, 947, 948, 937, 946, 947, 937, 952, 953, 942, 943, 937, 948, 949, 937, 937, 950, 951, 959, 936, 937, 951, 952, 937, 945, 946, 937, 954, 955, 937, 937, 940, 941, 943, 944, 937, 937, 958, 959, 937, 955, 956, 956, 957, 937, 939, 940, 937, 937, 938, 939, 949, 950, 937, 957, 958, 937, 965, 941, 942, 942, 966, 965, 948, 972, 971, 971, 947, 948, 960, 983, 936, 936, 983, 959, 978, 953, 954, 978, 977, 953, 943, 966, 942, 943, 967, 966, 974, 973, 949, 949, 950, 974, 949, 973, 972, 972, 948, 949, 950, 951, 975, 974, 950, 975, 946, 947, 971, 971, 970, 946, 970, 969, 946, 946, 969, 945, 944, 969, 968, 945, 969, 944, 968, 967, 944, 967, 943, 944, 982, 957, 958, 981, 957, 982, 959, 983, 982, 982, 958, 959, 960, 936, 961, 936, 937, 961, 976, 952, 953, 953, 977, 976, 951, 952, 976, 976, 975, 951, 956, 957, 980, 980, 957, 981, 941, 965, 940, 965, 964, 940, 964, 963, 940, 963, 939, 940, 938, 951, 950, 942, 941, 938, 954, 953, 938, 938, 943, 942, 953, 952, 938, 938, 957, 956, 959, 958, 938, 938, 955, 954, 938, 948, 947, 950, 949, 938, 938, 936, 959, 938, 952, 951, 947, 946, 938, 938, 949, 948, 945, 944, 938, 938, 937, 936, 956, 955, 938, 938, 946, 945, 938, 944, 943, 958, 957, 938, 941, 940, 938, 938, 940, 939, 962, 961, 938, 938, 961, 937, 938, 963, 962, 938, 939, 963, 962, 963, 979, 979, 973, 974, 981, 982, 979, 966, 967, 979, 979, 965, 966, 979, 976, 977, 971, 972, 979, 979, 983, 960, 979, 967, 968, 979, 964, 965, 972, 973, 979, 968, 969, 979, 979, 970, 971, 977, 978, 979, 974, 975, 979, 979, 963, 964, 960, 961, 979, 979, 969, 970, 979, 982, 983, 979, 961, 962, 975, 976, 979, 979, 980, 981, 979, 978, 954, 954, 955, 979, 979, 955, 956, 956, 980, 979, 990, 989, 966, 966, 989, 965, 996, 971, 972, 995, 971, 996, 1002, 1001, 978, 978, 1001, 977, 987, 962, 963, 986, 962, 987, 984, 983, 960, 984, 1007, 983, 973, 996, 972, 973, 997, 996, 961, 962, 985, 985, 962, 986, 960, 961, 985, 985, 984, 960, 992, 991, 967, 968, 992, 967, 990, 966, 967, 967, 991, 990, 998, 997, 974, 997, 973, 974, 977, 1001, 976, 1001, 1000, 976, 999, 974, 975, 998, 974, 999, 975, 976, 999, 999, 976, 1000, 965, 989, 964, 989, 988, 964, 964, 987, 963, 964, 988, 987, 1007, 1006, 982, 983, 1007, 982, 1002, 978, 1003, 978, 979, 1003, 1003, 979, 980, 980, 1004, 1003, 981, 982, 1005, 1005, 982, 1006, 980, 981, 1005, 1005, 1004, 980, 969, 973, 972, 972, 971, 969, 960, 983, 969, 969, 961, 960, 969, 981, 980, 980, 979, 969, 969, 962, 961, 969, 966, 965, 977, 976, 969, 968, 967, 969, 975, 974, 969, 969, 978, 977, 963, 962, 969, 983, 982, 969, 969, 979, 978, 965, 964, 969, 969, 967, 966, 971, 970, 969, 969, 974, 973, 969, 976, 975, 969, 964, 963, 969, 982, 981, 969, 993, 992, 969, 992, 968, 994, 989, 990, 998, 999, 994, 994, 997, 998, 986, 987, 994, 994, 1001, 1002, 994, 988, 989, 995, 996, 994, 990, 991, 994, 994, 1005, 1006, 994, 985, 986, 994, 1006, 1007, 1007, 984, 994, 996, 997, 994, 994, 991, 992, 992, 993, 994, 994, 1000, 1001, 987, 988, 994, 1002, 1003, 994, 984, 985, 994, 994, 999, 1000, 994, 1003, 1004, 1004, 1005, 994, 994, 971, 995, 994, 970, 971, 994, 969, 970, 993, 969, 994, 989, 990, 1014, 1019, 995, 996, 1026, 1001, 1002, 1025, 1001, 1026, 1014, 990, 991, 995, 1019, 1018, 1020, 1019, 996, 1013, 989, 1014, 1013, 988, 989, 1012, 988, 1013, 1000, 1001, 1025, 995, 1018, 994, 987, 988, 1012, 984, 1008, 1031, 1031, 1007, 984, 1003, 1026, 1002, 993, 1016, 992, 1014, 991, 1015, 991, 992, 1015, 1015, 992, 1016, 1017, 1016, 993, 993, 994, 1017, 1017, 994, 1018, 986, 987, 1011, 1011, 1010, 986, 1011, 987, 1012, 1008, 984, 1009, 1005, 1028, 1004, 1027, 1003, 1004, 1004, 1028, 1027, 1026, 1003, 1027, 1022, 997, 998, 998, 1023, 1022, 999, 1023, 998, 1021, 997, 1022, 996, 997, 1021, 1021, 1020, 996, 999, 1000, 1024, 1024, 1023, 999, 1024, 1000, 1025, 985, 1009, 984, 1010, 1009, 985, 986, 1010, 985, 1030, 1007, 1031, 1028, 1005, 1029, 1007, 1030, 1006, 1030, 1029, 1006, 1006, 1029, 1005, 1029, 1024, 1025, 1025, 1026, 1029, 1031, 1008, 1029, 1029, 1013, 1014, 1020, 1021, 1029, 1029, 1018, 1019, 1019, 1020, 1029, 1012, 1013, 1029, 1029, 1017, 1018, 1014, 1015, 1029, 1026, 1027, 1029, 1029, 1011, 1012, 1008, 1009, 1029, 1029, 1015, 1016, 1016, 1017, 1029, 1022, 1023, 1029, 1010, 1011, 1029, 1029, 1009, 1010, 1029, 1027, 1028, 1029, 1021, 1022, 1023, 1024, 1029, 1029, 1030, 1031, 993, 992, 1006, 990, 989, 1006, 996, 995, 1006, 1002, 1001, 1006, 1006, 991, 990, 1001, 1000, 1006, 999, 998, 1006, 995, 994, 1006, 1006, 987, 986, 1006, 1003, 1002, 989, 988, 1006, 1006, 1000, 999, 1006, 997, 996, 1006, 994, 993, 988, 987, 1006, 1006, 984, 1007, 1004, 1003, 1006, 1006, 992, 991, 986, 985, 1006, 1006, 1005, 1004, 1006, 998, 997, 1006, 985, 984, 1038, 1062, 1061, 1038, 1061, 1037, 1068, 1067, 1043, 1074, 1073, 1050, 1050, 1073, 1049, 1063, 1062, 1038, 1042, 1043, 1067, 1068, 1043, 1044, 1056, 1055, 1032, 1079, 1055, 1056, 1049, 1073, 1072, 1066, 1042, 1067, 1052, 1076, 1051, 1052, 1077, 1076, 1053, 1077, 1052, 1051, 1076, 1075, 1050, 1051, 1075, 1074, 1050, 1075, 1054, 1055, 1079, 1035, 1036, 1059, 1064, 1040, 1065, 1039, 1063, 1038, 1039, 1064, 1063, 1040, 1064, 1039, 1065, 1040, 1041, 1041, 1066, 1065, 1042, 1066, 1041, 1078, 1054, 1079, 1053, 1054, 1078, 1078, 1077, 1053, 1033, 1056, 1032, 1060, 1059, 1036, 1060, 1036, 1037, 1060, 1037, 1061, 1058, 1034, 1035, 1035, 1059, 1058, 1070, 1069, 1046, 1046, 1047, 1070, 1070, 1047, 1071, 1046, 1069, 1045, 1045, 1069, 1068, 1068, 1044, 1045, 1048, 1072, 1071, 1071, 1047, 1048, 1049, 1072, 1048, 1057, 1033, 1034, 1034, 1058, 1057, 1056, 1033, 1057, 1038, 1037, 1048, 1042, 1041, 1048, 1048, 1054, 1053, 1048, 1050, 1049, 1037, 1036, 1048, 1048, 1045, 1044, 1032, 1055, 1048, 1043, 1042, 1048, 1048, 1044, 1043, 1048, 1051, 1050, 1053, 1052, 1048, 1048, 1036, 1035, 1048, 1039, 1038, 1048, 1033, 1032, 1048, 1052, 1051, 1055, 1054, 1048, 1035, 1034, 1048, 1040, 1039, 1048, 1048, 1041, 1040, 1048, 1047, 1046, 1034, 1033, 1048, 1046, 1045, 1048, 1057, 1064, 1065, 1057, 1073, 1074, 1057, 1061, 1062, 1057, 1067, 1068, 1062, 1063, 1057, 1057, 1072, 1073, 1068, 1069, 1057, 1074, 1075, 1057, 1057, 1078, 1079, 1057, 1066, 1067, 1079, 1056, 1057, 1071, 1072, 1057, 1065, 1066, 1057, 1076, 1077, 1057, 1057, 1075, 1076, 1057, 1060, 1061, 1063, 1064, 1057, 1057, 1070, 1071, 1077, 1078, 1057, 1059, 1060, 1057, 1057, 1058, 1059, 1069, 1070, 1057, 1085, 1061, 1062, 1062, 1086, 1085, 1079, 1056, 1103, 1103, 1056, 1080, 1092, 1067, 1068, 1092, 1091, 1067, 1087, 1086, 1062, 1062, 1063, 1087, 1073, 1074, 1098, 1097, 1073, 1098, 1088, 1063, 1064, 1088, 1087, 1063, 1079, 1103, 1078, 1103, 1102, 1078, 1069, 1092, 1068, 1069, 1093, 1092, 1067, 1091, 1066, 1091, 1090, 1066, 1061, 1085, 1084, 1084, 1060, 1061, 1059, 1060, 1084, 1084, 1083, 1059, 1065, 1066, 1089, 1089, 1066, 1090, 1064, 1065, 1089, 1089, 1088, 1064, 1077, 1102, 1101, 1077, 1078, 1102, 1076, 1077, 1100, 1100, 1077, 1101, 1096, 1072, 1073, 1096, 1073, 1097, 1071, 1072, 1096, 1096, 1095, 1071, 1061, 1060, 1058, 1062, 1061, 1058, 1058, 1056, 1079, 1068, 1067, 1058, 1058, 1063, 1062, 1073, 1072, 1058, 1058, 1075, 1074, 1067, 1066, 1058, 1064, 1063, 1058, 1058, 1069, 1068, 1058, 1074, 1073, 1058, 1065, 1064, 1058, 1072, 1071, 1079, 1078, 1058, 1058, 1060, 1059, 1058, 1057, 1056, 1076, 1075, 1058, 1058, 1077, 1076, 1058, 1066, 1065, 1071, 1070, 1058, 1078, 1077, 1058, 1058, 1070, 1069, 1059, 1083, 1058, 1083, 1082, 1058, 1080, 1056, 1081, 1056, 1057, 1081, 1057, 1058, 1081, 1081, 1058, 1082, 1099, 1098, 1074, 1074, 1075, 1099, 1099, 1075, 1076, 1076, 1100, 1099, 1094, 1090, 1091, 1097, 1098, 1094, 1094, 1085, 1086, 1101, 1102, 1094, 1094, 1103, 1080, 1086, 1087, 1094, 1091, 1092, 1094, 1094, 1100, 1101, 1087, 1088, 1094, 1094, 1102, 1103, 1094, 1089, 1090, 1092, 1093, 1094, 1094, 1096, 1097, 1094, 1082, 1083, 1094, 1084, 1085, 1098, 1099, 1094, 1083, 1084, 1094, 1088, 1089, 1094, 1080, 1081, 1094, 1095, 1096, 1094, 1094, 1081, 1082, 1094, 1099, 1100, 1093, 1069, 1094, 1069, 1070, 1094, 1071, 1095, 1094, 1094, 1070, 1071, 1110, 1109, 1086, 1086, 1109, 1085, 1116, 1091, 1092, 1115, 1091, 1116, 1122, 1121, 1098, 1098, 1121, 1097, 1107, 1082, 1083, 1106, 1082, 1107, 1104, 1103, 1080, 1104, 1127, 1103, 1110, 1086, 1111, 1086, 1087, 1111, 1093, 1116, 1092, 1093, 1117, 1116, 1081, 1082, 1105, 1105, 1082, 1106, 1080, 1081, 1105, 1105, 1104, 1080, 1088, 1089, 1112, 1112, 1089, 1113, 1112, 1087, 1088, 1112, 1111, 1087, 1118, 1117, 1094, 1117, 1093, 1094, 1097, 1121, 1096, 1121, 1120, 1096, 1119, 1094, 1095, 1118, 1094, 1119, 1095, 1096, 1119, 1119, 1096, 1120, 1100, 1101, 1124, 1124, 1101, 1125, 1085, 1109, 1084, 1109, 1108, 1084, 1084, 1107, 1083, 1084, 1108, 1107, 1114, 1091, 1115, 1114, 1090, 1091, 1113, 1089, 1114, 1089, 1090, 1114, 1123, 1109, 1110, 1123, 1108, 1109, 1123, 1117, 1118, 1106, 1107, 1123, 1123, 1121, 1122, 1118, 1119, 1123, 1115, 1116, 1123, 1123, 1126, 1127, 1110, 1111, 1123, 1123, 1112, 1113, 1123, 1114, 1115, 1127, 1104, 1123, 1116, 1117, 1123, 1123, 1105, 1106, 1123, 1120, 1121, 1107, 1108, 1123, 1104, 1105, 1123, 1111, 1112, 1123, 1123, 1119, 1120, 1123, 1124, 1125, 1125, 1126, 1123, 1113, 1114, 1123, 1122, 1098, 1123, 1098, 1099, 1123, 1123, 1099, 1100, 1100, 1124, 1123, 1088, 1087, 1102, 1092, 1091, 1102, 1080, 1103, 1102, 1102, 1081, 1080, 1102, 1093, 1092, 1100, 1099, 1102, 1102, 1089, 1088, 1102, 1086, 1085, 1097, 1096, 1102, 1102, 1082, 1081, 1095, 1094, 1102, 1102, 1098, 1097, 1102, 1087, 1086, 1083, 1082, 1102, 1102, 1101, 1100, 1091, 1090, 1102, 1102, 1099, 1098, 1085, 1084, 1102, 1102, 1090, 1089, 1102, 1094, 1093, 1102, 1096, 1095, 1102, 1084, 1083, 1103, 1127, 1102, 1127, 1126, 1102, 1125, 1101, 1102, 1102, 1126, 1125, 1151, 1127, 1104, 1104, 1128, 1151, 1134, 1133, 1109, 1140, 1139, 1116, 1116, 1139, 1115, 1108, 1109, 1133, 1134, 1109, 1110, 1120, 1121, 1145, 1138, 1115, 1139, 1127, 1151, 1150, 1146, 1121, 1122, 1145, 1121, 1146, 1129, 1128, 1104, 1132, 1108, 1133, 1131, 1130, 1106, 1136, 1135, 1112, 1112, 1113, 1136, 1136, 1113, 1137, 1112, 1135, 1111, 1111, 1135, 1134, 1134, 1110, 1111, 1115, 1138, 1114, 1114, 1138, 1137, 1137, 1113, 1114, 1127, 1150, 1126, 1123, 1146, 1122, 1131, 1106, 1107, 1107, 1132, 1131, 1108, 1132, 1107, 1130, 1129, 1105, 1105, 1106, 1130, 1105, 1129, 1104, 1142, 1117, 1118, 1118, 1143, 1142, 1119, 1143, 1118, 1141, 1117, 1142, 1116, 1117, 1141, 1141, 1140, 1116, 1119, 1120, 1144, 1144, 1143, 1119, 1144, 1120, 1145, 1149, 1126, 1150, 1146, 1123, 1147, 1147, 1123, 1124, 1147, 1124, 1148, 1126, 1149, 1125, 1125, 1149, 1148, 1148, 1124, 1125, 1145, 1146, 1147, 1147, 1133, 1134, 1147, 1151, 1128, 1147, 1150, 1151, 1147, 1132, 1133, 1128, 1129, 1147, 1139, 1140, 1147, 1134, 1135, 1147, 1147, 1138, 1139, 1147, 1130, 1131, 1147, 1136, 1137, 1140, 1141, 1147, 1137, 1138, 1147, 1147, 1144, 1145, 1148, 1149, 1147, 1147, 1129, 1130, 1131, 1132, 1147, 1142, 1143, 1147, 1135, 1136, 1147, 1147, 1141, 1142, 1143, 1144, 1147, 1147, 1149, 1150, 1108, 1107, 1125, 1125, 1113, 1112, 1122, 1121, 1125, 1104, 1127, 1125, 1116, 1115, 1125, 1127, 1126, 1125, 1125, 1117, 1116, 1121, 1120, 1125, 1109, 1108, 1125, 1125, 1110, 1109, 1125, 1120, 1119, 1112, 1111, 1125, 1115, 1114, 1125, 1125, 1123, 1122, 1125, 1105, 1104, 1125, 1111, 1110, 1125, 1114, 1113, 1119, 1118, 1125, 1124, 1123, 1125, 1125, 1107, 1106, 1106, 1105, 1125, 1125, 1118, 1117, 1194, 1169, 1170, 1193, 1169, 1194, 1187, 1163, 1164, 1164, 1188, 1187, 1176, 1175, 1152, 1199, 1175, 1176, 1157, 1158, 1181, 1181, 1158, 1182, 1177, 1176, 1153, 1153, 1176, 1152, 1168, 1169, 1193, 1193, 1192, 1168, 1191, 1168, 1192, 1167, 1168, 1191, 1191, 1166, 1167, 1190, 1166, 1191, 1189, 1188, 1164, 1164, 1165, 1189, 1165, 1166, 1189, 1189, 1166, 1190, 1195, 1194, 1170, 1170, 1171, 1195, 1195, 1171, 1172, 1195, 1172, 1196, 1178, 1153, 1154, 1177, 1153, 1178, 1154, 1155, 1178, 1178, 1155, 1179, 1157, 1181, 1180, 1180, 1156, 1157, 1180, 1155, 1156, 1179, 1155, 1180, 1182, 1158, 1183, 1158, 1159, 1183, 1183, 1159, 1160, 1160, 1184, 1183, 1163, 1187, 1162, 1187, 1186, 1162, 1196, 1172, 1173, 1173, 1197, 1196, 1185, 1181, 1182, 1193, 1194, 1185, 1199, 1176, 1185, 1185, 1192, 1193, 1185, 1191, 1192, 1185, 1187, 1188, 1188, 1189, 1185, 1185, 1176, 1177, 1185, 1198, 1199, 1185, 1180, 1181, 1196, 1197, 1185, 1185, 1186, 1187, 1194, 1195, 1185, 1177, 1178, 1185, 1182, 1183, 1185, 1190, 1191, 1185, 1185, 1189, 1190, 1185, 1195, 1196, 1185, 1197, 1198, 1185, 1178, 1179, 1179, 1180, 1185, 1185, 1183, 1184, 1174, 1175, 1199, 1199, 1198, 1174, 1198, 1197, 1174, 1197, 1173, 1174, 1161, 1155, 1154, 1164, 1163, 1161, 1170, 1169, 1161, 1169, 1168, 1161, 1161, 1165, 1164, 1152, 1175, 1161, 1161, 1158, 1157, 1157, 1156, 1161, 1161, 1153, 1152, 1161, 1171, 1170, 1161, 1159, 1158, 1163, 1162, 1161, 1154, 1153, 1161, 1167, 1166, 1161, 1161, 1168, 1167, 1172, 1171, 1161, 1160, 1159, 1161, 1161, 1166, 1165, 1156, 1155, 1161, 1175, 1174, 1161, 1161, 1173, 1172, 1161, 1174, 1173, 1161, 1184, 1160, 1161, 1185, 1184, 1161, 1162, 1186, 1186, 1185, 1161, 1242, 1217, 1218, 1241, 1217, 1242, 1236, 1211, 1212, 1236, 1235, 1211, 1230, 1229, 1205, 1205, 1206, 1230, 1206, 1207, 1231, 1230, 1206, 1231, 1231, 1207, 1208, 1208, 1232, 1231, 1225, 1224, 1200, 1200, 1201, 1225, 1200, 1224, 1247, 1247, 1223, 1200, 1240, 1217, 1241, 1240, 1216, 1217, 1215, 1216, 1240, 1240, 1239, 1215, 1209, 1232, 1208, 1209, 1233, 1232, 1211, 1235, 1234, 1234, 1210, 1211, 1234, 1209, 1210, 1233, 1209, 1234, 1237, 1236, 1212, 1212, 1213, 1237, 1222, 1223, 1247, 1247, 1246, 1222, 1222, 1246, 1245, 1222, 1245, 1221, 1218, 1217, 1220, 1212, 1211, 1220, 1220, 1209, 1208, 1206, 1205, 1220, 1217, 1216, 1220, 1220, 1207, 1206, 1211, 1210, 1220, 1220, 1219, 1218, 1208, 1207, 1220, 1215, 1214, 1220, 1220, 1216, 1215, 1220, 1213, 1212, 1205, 1204, 1220, 1201, 1200, 1220, 1220, 1202, 1201, 1220, 1200, 1223, 1220, 1214, 1213, 1210, 1209, 1220, 1223, 1222, 1220, 1203, 1202, 1220, 1220, 1204, 1203, 1220, 1222, 1221, 1215, 1239, 1238, 1238, 1214, 1215, 1213, 1214, 1238, 1238, 1237, 1213, 1225, 1201, 1226, 1201, 1202, 1226, 1226, 1202, 1203, 1203, 1227, 1226, 1228, 1205, 1229, 1228, 1204, 1205, 1203, 1204, 1228, 1228, 1227, 1203, 1243, 1242, 1218, 1218, 1219, 1243, 1244, 1224, 1225, 1244, 1229, 1230, 1244, 1238, 1239, 1241, 1242, 1244, 1244, 1234, 1235, 1244, 1240, 1241, 1235, 1236, 1244, 1230, 1231, 1244, 1247, 1224, 1244, 1244, 1246, 1247, 1244, 1231, 1232, 1232, 1233, 1244, 1244, 1228, 1229, 1239, 1240, 1244, 1233, 1234, 1244, 1225, 1226, 1244, 1245, 1246, 1244, 1236, 1237, 1244, 1237, 1238, 1244, 1244, 1226, 1227, 1227, 1228, 1244, 1242, 1243, 1244, 1221, 1245, 1244, 1244, 1220, 1221, 1219, 1220, 1244, 1244, 1243, 1219, 1295, 1271, 1248, 1248, 1272, 1295, 1290, 1265, 1266, 1289, 1265, 1290, 1253, 1254, 1278, 1278, 1277, 1253, 1283, 1259, 1260, 1260, 1284, 1283, 1273, 1272, 1248, 1248, 1249, 1273, 1273, 1249, 1250, 1250, 1274, 1273, 1288, 1265, 1289, 1288, 1264, 1265, 1257, 1258, 1282, 1282, 1281, 1257, 1282, 1258, 1259, 1259, 1283, 1282, 1271, 1295, 1270, 1295, 1294, 1270, 1267, 1290, 1266, 1267, 1291, 1290, 1292, 1267, 1268, 1291, 1267, 1292, 1254, 1255, 1279, 1279, 1278, 1254, 1276, 1252, 1253, 1253, 1277, 1276, 1287, 1262, 1263, 1286, 1262, 1287, 1263, 1264, 1287, 1264, 1288, 1287, 1293, 1292, 1269, 1269, 1292, 1268, 1269, 1294, 1293, 1269, 1270, 1294, 1280, 1256, 1257, 1257, 1281, 1280, 1255, 1256, 1280, 1280, 1279, 1255, 1289, 1290, 1275, 1275, 1292, 1293, 1275, 1295, 1272, 1281, 1282, 1275, 1272, 1273, 1275, 1275, 1288, 1289, 1293, 1294, 1275, 1286, 1287, 1275, 1277, 1278, 1275, 1275, 1276, 1277, 1275, 1283, 1284, 1275, 1294, 1295, 1290, 1291, 1275, 1275, 1273, 1274, 1284, 1285, 1275, 1275, 1282, 1283, 1291, 1292, 1275, 1278, 1279, 1275, 1275, 1280, 1281, 1275, 1285, 1286, 1275, 1287, 1288, 1279, 1280, 1275, 1275, 1274, 1250, 1250, 1251, 1275, 1275, 1251, 1252, 1252, 1276, 1275, 1248, 1271, 1261, 1261, 1251, 1250, 1261, 1249, 1248, 1260, 1259, 1261, 1266, 1265, 1261, 1265, 1264, 1261, 1271, 1270, 1261, 1261, 1258, 1257, 1261, 1254, 1253, 1253, 1252, 1261, 1261, 1269, 1268, 1261, 1264, 1263, 1250, 1249, 1261, 1261, 1255, 1254, 1257, 1256, 1261, 1259, 1258, 1261, 1261, 1256, 1255, 1252, 1251, 1261, 1263, 1262, 1261, 1261, 1267, 1266, 1268, 1267, 1261, 1270, 1269, 1261, 1261, 1284, 1260, 1261, 1285, 1284, 1286, 1285, 1261, 1261, 1262, 1286, 1332, 1307, 1308, 1331, 1307, 1332, 1326, 1301, 1302, 1326, 1325, 1301, 1343, 1319, 1296, 1343, 1296, 1320, 1343, 1318, 1319, 1342, 1318, 1343, 1296, 1297, 1321, 1320, 1296, 1321, 1321, 1297, 1298, 1298, 1322, 1321, 1314, 1338, 1337, 1337, 1313, 1314, 1324, 1300, 1301, 1301, 1325, 1324, 1303, 1326, 1302, 1303, 1327, 1326, 1317, 1318, 1341, 1341, 1318, 1342, 1323, 1322, 1298, 1298, 1299, 1323, 1323, 1299, 1300, 1300, 1324, 1323, 1330, 1307, 1331, 1330, 1306, 1307, 1330, 1305, 1306, 1329, 1305, 1330, 1327, 1303, 1328, 1328, 1303, 1304, 1304, 1305, 1328, 1328, 1305, 1329, 1338, 1314, 1339, 1314, 1315, 1339, 1296, 1319, 1316, 1308, 1307, 1316, 1316, 1305, 1304, 1302, 1301, 1316, 1316, 1318, 1317, 1307, 1306, 1316, 1316, 1297, 1296, 1301, 1300, 1316, 1316, 1299, 1298, 1298, 1297, 1316, 1316, 1303, 1302, 1313, 1312, 1316, 1319, 1318, 1316, 1316, 1309, 1308, 1300, 1299, 1316, 1316, 1314, 1313, 1310, 1309, 1316, 1316, 1311, 1310, 1304, 1303, 1316, 1316, 1315, 1314, 1316, 1312, 1311, 1306, 1305, 1316, 1316, 1341, 1340, 1317, 1341, 1316, 1340, 1339, 1316, 1316, 1339, 1315, 1333, 1332, 1308, 1308, 1309, 1333, 1333, 1309, 1310, 1310, 1334, 1333, 1310, 1311, 1335, 1335, 1334, 1310, 1320, 1321, 1336, 1331, 1332, 1336, 1337, 1338, 1336, 1336, 1343, 1320, 1336, 1341, 1342, 1322, 1323, 1336, 1325, 1326, 1336, 1342, 1343, 1336, 1336, 1324, 1325, 1336, 1321, 1322, 1326, 1327, 1336, 1327, 1328, 1336, 1332, 1333, 1336, 1336, 1330, 1331, 1340, 1341, 1336, 1338, 1339, 1336, 1336, 1323, 1324, 1329, 1330, 1336, 1336, 1328, 1329, 1336, 1339, 1340, 1336, 1333, 1334, 1334, 1335, 1336, 1336, 1313, 1337, 1336, 1312, 1313, 1311, 1312, 1336, 1336, 1335, 1311, 1345, 1347, 1344, 1348, 1345, 1344, 1344, 1347, 1346, 1346, 1348, 1344, 1345, 1351, 1347, 1349, 1345, 1348, 1349, 1351, 1345, 1347, 1351, 1346, 1350, 1348, 1346, 1346, 1351, 1350, 1350, 1349, 1348, 1351, 1349, 1350, 1353, 1355, 1352, 1356, 1353, 1352, 1352, 1355, 1354, 1354, 1356, 1352, 1353, 1359, 1355, 1357, 1353, 1356, 1357, 1359, 1353, 1355, 1359, 1354, 1358, 1356, 1354, 1354, 1359, 1358, 1358, 1357, 1356, 1359, 1357, 1358, 1361, 1363, 1360, 1364, 1361, 1360, 1360, 1363, 1362, 1362, 1364, 1360, 1361, 1367, 1363, 1365, 1361, 1364, 1365, 1367, 1361, 1363, 1367, 1362, 1366, 1364, 1362, 1362, 1367, 1366, 1366, 1365, 1364, 1367, 1365, 1366, 1369, 1371, 1368, 1372, 1369, 1368, 1368, 1371, 1370, 1370, 1372, 1368, 1369, 1375, 1371, 1373, 1369, 1372, 1373, 1375, 1369, 1371, 1375, 1370, 1374, 1372, 1370, 1370, 1375, 1374, 1374, 1373, 1372, 1375, 1373, 1374, 1377, 1379, 1376, 1380, 1377, 1376, 1376, 1379, 1378, 1378, 1380, 1376, 1377, 1383, 1379, 1381, 1377, 1380, 1381, 1383, 1377, 1379, 1383, 1378, 1382, 1380, 1378, 1378, 1383, 1382, 1382, 1381, 1380, 1383, 1381, 1382, 1385, 1387, 1384, 1388, 1385, 1384, 1384, 1387, 1386, 1386, 1388, 1384, 1385, 1391, 1387, 1389, 1385, 1388, 1389, 1391, 1385, 1387, 1391, 1386, 1390, 1388, 1386, 1386, 1391, 1390, 1390, 1389, 1388, 1391, 1389, 1390, 1393, 1395, 1392, 1396, 1393, 1392, 1392, 1395, 1394, 1394, 1396, 1392, 1393, 1399, 1395, 1397, 1393, 1396, 1397, 1399, 1393, 1395, 1399, 1394, 1398, 1396, 1394, 1394, 1399, 1398, 1398, 1397, 1396, 1399, 1397, 1398, 1401, 1403, 1400, 1404, 1401, 1400, 1400, 1403, 1402, 1402, 1404, 1400, 1401, 1407, 1403, 1405, 1401, 1404, 1405, 1407, 1401, 1403, 1407, 1402, 1406, 1404, 1402, 1402, 1407, 1406, 1406, 1405, 1404, 1407, 1405, 1406, 1409, 1411, 1408, 1412, 1409, 1408, 1408, 1411, 1410, 1410, 1412, 1408, 1409, 1415, 1411, 1413, 1409, 1412, 1413, 1415, 1409, 1411, 1415, 1410, 1414, 1412, 1410, 1410, 1415, 1414, 1414, 1413, 1412, 1415, 1413, 1414, 1417, 1419, 1416, 1420, 1417, 1416, 1416, 1419, 1418, 1418, 1420, 1416, 1417, 1423, 1419, 1421, 1417, 1420, 1421, 1423, 1417, 1419, 1423, 1418, 1422, 1420, 1418, 1418, 1423, 1422, 1422, 1421, 1420, 1423, 1421, 1422, 1424, 1426, 1427, 1427, 1425, 1424, 1444, 1427, 1426, 1445, 1427, 1444, 1429, 1428, 1424, 1424, 1425, 1429, 1436, 1434, 1435, 1435, 1437, 1436, 1435, 1434, 1432, 1432, 1433, 1435, 1425, 1427, 1431, 1431, 1427, 1445, 1431, 1429, 1425, 1431, 1439, 1437, 1445, 1443, 1431, 1437, 1435, 1431, 1431, 1443, 1441, 1441, 1439, 1431, 1431, 1435, 1433, 1428, 1429, 1431, 1431, 1430, 1428, 1432, 1430, 1431, 1431, 1433, 1432, 1437, 1439, 1438, 1436, 1437, 1438, 1438, 1439, 1441, 1441, 1440, 1438, 1424, 1428, 1442, 1442, 1426, 1424, 1442, 1444, 1426, 1428, 1430, 1442, 1442, 1434, 1436, 1432, 1434, 1442, 1442, 1430, 1432, 1436, 1438, 1442, 1442, 1438, 1440, 1445, 1444, 1442, 1442, 1443, 1445, 1441, 1443, 1442, 1442, 1440, 1441, 1447, 1449, 1446, 1450, 1447, 1446, 1446, 1449, 1448, 1448, 1450, 1446, 1447, 1453, 1449, 1451, 1447, 1450, 1451, 1453, 1447, 1449, 1453, 1448, 1452, 1450, 1448, 1448, 1453, 1452, 1452, 1451, 1450, 1453, 1451, 1452, 1455, 1457, 1454, 1458, 1455, 1454, 1454, 1457, 1456, 1456, 1458, 1454, 1455, 1461, 1457, 1459, 1455, 1458, 1459, 1461, 1455, 1457, 1461, 1456, 1460, 1458, 1456, 1456, 1461, 1460, 1460, 1459, 1458, 1461, 1459, 1460, 1463, 1465, 1462, 1466, 1463, 1462, 1462, 1465, 1464, 1464, 1466, 1462, 1463, 1469, 1465, 1467, 1463, 1466, 1467, 1469, 1463, 1465, 1469, 1464, 1468, 1466, 1464, 1464, 1469, 1468, 1468, 1467, 1466, 1469, 1467, 1468, 1471, 1473, 1470, 1474, 1471, 1470, 1470, 1473, 1472, 1472, 1474, 1470, 1471, 1477, 1473, 1475, 1471, 1474, 1475, 1477, 1471, 1473, 1477, 1472, 1476, 1474, 1472, 1472, 1477, 1476, 1476, 1475, 1474, 1477, 1475, 1476]
        point3f[] points = [(-1.02, 0.875, 0.3235), (-1.02, 0.87443775, 0.3277705), (-1.02, 0.87278944, 0.33175), (-1.02, 0.87016726, 0.33516726), (-1.02, 0.86675, 0.33778942), (-1.02, 0.8627705, 0.33943778), (-1.02, 0.7815, 0.34), (-1.02, 0.7772295, 0.33943778), (-1.02, 0.77325, 0.33778942), (-1.02, 0.76983273, 0.33516726), (-1.02, 0.7672106, 0.33175), (-1.02, 0.76556224, 0.3277705), (-1.02, 0.765, 0.1365), (-1.02, 0.76556224, 0.13222949), (-1.02, 0.7672106, 0.12825), (-1.02, 0.76983273, 0.124832734), (-1.02, 0.77325, 0.12221058), (-1.02, 0.7772295, 0.120562226), (-1.02, 0.8585, 0.12), (-1.02, 0.8627705, 0.120562226), (-1.02, 0.86675, 0.12221058), (-1.02, 0.87016726, 0.124832734), (-1.02, 0.87278944, 0.12825), (-1.02, 0.87443775, 0.13222949), (1.02, 0.875, 0.3235), (1.02, 0.87443775, 0.3277705), (1.02, 0.87278944, 0.33175), (1.02, 0.87016726, 0.33516726), (1.02, 0.86675, 0.33778942), (1.02, 0.8627705, 0.33943778), (1.02, 0.7815, 0.34), (1.02, 0.7772295, 0.33943778), (1.02, 0.77325, 0.33778942), (1.02, 0.76983273, 0.33516726), (1.02, 0.7672106, 0.33175), (1.02, 0.76556224, 0.3277705), (1.02, 0.765, 0.1365), (1.02, 0.76556224, 0.13222949), (1.02, 0.7672106, 0.12825), (1.02, 0.76983273, 0.124832734), (1.02, 0.77325, 0.12221058), (1.02, 0.7772295, 0.120562226), (1.02, 0.8585, 0.12), (1.02, 0.8627705, 0.120562226), (1.02, 0.86675, 0.12221058), (1.02, 0.87016726, 0.124832734), (1.02, 0.87278944, 0.12825), (1.02, 0.87443775, 0.13222949), (0.95192826, 0.87, 0.42399043), (0.9486437, 0.8694889, 0.42606014), (0.9455829, 0.8679904, 0.42798883), (0.94295466, 0.8656066, 0.42964503), (0.9409379, 0.8625, 0.43091586), (0.9396701, 0.8588823, 0.43171474), (0.93923765, 0.785, 0.43198723), (0.9396701, 0.78111774, 0.43171474), (0.9409379, 0.7775, 0.43091586), (0.94295466, 0.7743934, 0.42964503), (0.9455829, 0.7720096, 0.42798883), (0.9486437, 0.7705111, 0.42606014), (1.0280718, 0.77, 0.37600958), (1.0313563, 0.7705111, 0.37393984), (1.034417, 0.7720096, 0.37201115), (1.0370454, 0.7743934, 0.37035498), (1.0390621, 0.7775, 0.36908412), (1.0403299, 0.78111774, 0.36828524), (1.0407623, 0.855, 0.36801276), (1.0403299, 0.8588823, 0.36828524), (1.0390621, 0.8625, 0.36908412), (1.0370454, 0.8656066, 0.37035498), (1.034417, 0.8679904, 0.37201115), (1.0313563, 0.8694889, 0.37393984), (1.4119282, 0.87, 1.1539904), (1.4086437, 0.8694889, 1.1560601), (1.4055829, 0.8679904, 1.1579888), (1.4029546, 0.8656066, 1.1596451), (1.4009379, 0.8625, 1.1609159), (1.3996701, 0.8588823, 1.1617148), (1.3992376, 0.785, 1.1619872), (1.3996701, 0.78111774, 1.1617148), (1.4009379, 0.7775, 1.1609159), (1.4029546, 0.7743934, 1.1596451), (1.4055829, 0.7720096, 1.1579888), (1.4086437, 0.7705111, 1.1560601), (1.4880718, 0.77, 1.1060096), (1.4913564, 0.7705111, 1.1039399), (1.4944171, 0.7720096, 1.1020112), (1.4970454, 0.7743934, 1.100355), (1.4990622, 0.7775, 1.0990841), (1.50033, 0.78111774, 1.0982852), (1.5007623, 0.855, 1.0980128), (1.50033, 0.8588823, 1.0982852), (1.4990622, 0.8625, 1.0990841), (1.4970454, 0.8656066, 1.100355), (1.4944171, 0.8679904, 1.1020112), (1.4913564, 0.8694889, 1.1039399), (0.0215, 0.88, 0.36), (0.017229486, 0.8794378, 0.36), (0.01325, 0.87778944, 0.36), (0.009832738, 0.87516725, 0.36), (0.0072105806, 0.87175, 0.36), (0.005562224, 0.8677705, 0.36), (0.005, 0.7765, 0.36), (0.005562224, 0.7722295, 0.36), (0.0072105806, 0.76825, 0.36), (0.009832738, 0.76483274, 0.36), (0.01325, 0.7622106, 0.36), (0.017229486, 0.76056224, 0.36), (0.0985, 0.76, 0.36), (0.102770515, 0.76056224, 0.36), (0.10675, 0.7622106, 0.36), (0.110167265, 0.76483274, 0.36), (0.11278942, 0.76825, 0.36), (0.114437774, 0.7722295, 0.36), (0.115, 0.8635, 0.36), (0.114437774, 0.8677705, 0.36), (0.11278942, 0.87175, 0.36), (0.110167265, 0.87516725, 0.36), (0.10675, 0.87778944, 0.36), (0.102770515, 0.8794378, 0.36), (0.0215, 0.88, 1.18), (0.017229486, 0.8794378, 1.18), (0.01325, 0.87778944, 1.18), (0.009832738, 0.87516725, 1.18), (0.0072105806, 0.87175, 1.18), (0.005562224, 0.8677705, 1.18), (0.005, 0.7765, 1.18), (0.005562224, 0.7722295, 1.18), (0.0072105806, 0.76825, 1.18), (0.009832738, 0.76483274, 1.18), (0.01325, 0.7622106, 1.18), (0.017229486, 0.76056224, 1.18), (0.0985, 0.76, 1.18), (0.102770515, 0.76056224, 1.18), (0.10675, 0.7622106, 1.18), (0.110167265, 0.76483274, 1.18), (0.11278942, 0.76825, 1.18), (0.114437774, 0.7722295, 1.18), (0.115, 0.8635, 1.18), (0.114437774, 0.8677705, 1.18), (0.11278942, 0.87175, 1.18), (0.110167265, 0.87516725, 1.18), (0.10675, 0.87778944, 1.18), (0.102770515, 0.8794378, 1.18), (-0.8663584, 0.875, 1.1050645), (-0.86339617, 0.87443775, 1.1019883), (-0.8606358, 0.87278944, 1.0991218), (-0.85826546, 0.87016726, 1.0966603), (-0.8564466, 0.86675, 1.0947715), (-0.8553033, 0.8627705, 1.0935842), (-0.8549133, 0.7815, 1.0931792), (-0.8553033, 0.7772295, 1.0935842), (-0.8564466, 0.77325, 1.0947715), (-0.85826546, 0.76983273, 1.0966603), (-0.8606358, 0.7672106, 1.0991218), (-0.86339617, 0.76556224, 1.1019883), (-0.9336416, 0.765, 1.1749356), (-0.93660384, 0.76556224, 1.1780117), (-0.9393642, 0.7672106, 1.1808782), (-0.9417345, 0.76983273, 1.1833397), (-0.9435534, 0.77325, 1.1852285), (-0.9446967, 0.7772295, 1.1864158), (-0.9450867, 0.8585, 1.1868209), (-0.9446967, 0.8627705, 1.1864158), (-0.9435534, 0.86675, 1.1852285), (-0.9417345, 0.87016726, 1.1833397), (-0.9393642, 0.87278944, 1.1808782), (-0.93660384, 0.87443775, 1.1780117), (-1.4063584, 0.875, 0.5850645), (-1.4033961, 0.87443775, 0.58198833), (-1.4006358, 0.87278944, 0.5791218), (-1.3982655, 0.87016726, 0.5766603), (-1.3964466, 0.86675, 0.5747715), (-1.3953032, 0.8627705, 0.57358414), (-1.3949133, 0.7815, 0.5731792), (-1.3953032, 0.7772295, 0.57358414), (-1.3964466, 0.77325, 0.5747715), (-1.3982655, 0.76983273, 0.5766603), (-1.4006358, 0.7672106, 0.5791218), (-1.4033961, 0.76556224, 0.58198833), (-1.4736416, 0.765, 0.65493554), (-1.4766039, 0.76556224, 0.6580117), (-1.4793642, 0.7672106, 0.6608782), (-1.4817345, 0.76983273, 0.6633397), (-1.4835534, 0.77325, 0.6652285), (-1.4846967, 0.7772295, 0.6664158), (-1.4850867, 0.8585, 0.6668208), (-1.4846967, 0.8627705, 0.6664158), (-1.4835534, 0.86675, 0.6652285), (-1.4817345, 0.87016726, 0.6633397), (-1.4793642, 0.87278944, 0.6608782), (-1.4766039, 0.87443775, 0.6580117), (-1.46, 0.87, 1.25), (-1.46, 0.8694889, 1.2538823), (-1.46, 0.8679904, 1.2575), (-1.46, 0.8656066, 1.2606066), (-1.46, 0.8625, 1.2629904), (-1.46, 0.8588823, 1.2644889), (-1.46, 0.785, 1.265), (-1.46, 0.78111774, 1.2644889), (-1.46, 0.7775, 1.2629904), (-1.46, 0.7743934, 1.2606066), (-1.46, 0.7720096, 1.2575), (-1.46, 0.7705111, 1.2538823), (-1.46, 0.77, 1.17), (-1.46, 0.7705111, 1.1661177), (-1.46, 0.7720096, 1.1625), (-1.46, 0.7743934, 1.1593934), (-1.46, 0.7775, 1.1570096), (-1.46, 0.78111774, 1.1555111), (-1.46, 0.855, 1.155), (-1.46, 0.8588823, 1.1555111), (-1.46, 0.8625, 1.1570096), (-1.46, 0.8656066, 1.1593934), (-1.46, 0.8679904, 1.1625), (-1.46, 0.8694889, 1.1661177), (1.46, 0.87, 1.25), (1.46, 0.8694889, 1.2538823), (1.46, 0.8679904, 1.2575), (1.46, 0.8656066, 1.2606066), (1.46, 0.8625, 1.2629904), (1.46, 0.8588823, 1.2644889), (1.46, 0.785, 1.265), (1.46, 0.78111774, 1.2644889), (1.46, 0.7775, 1.2629904), (1.46, 0.7743934, 1.2606066), (1.46, 0.7720096, 1.2575), (1.46, 0.7705111, 1.2538823), (1.46, 0.77, 1.17), (1.46, 0.7705111, 1.1661177), (1.46, 0.7720096, 1.1625), (1.46, 0.7743934, 1.1593934), (1.46, 0.7775, 1.1570096), (1.46, 0.78111774, 1.1555111), (1.46, 0.855, 1.155), (1.46, 0.8588823, 1.1555111), (1.46, 0.8625, 1.1570096), (1.46, 0.8656066, 1.1593934), (1.46, 0.8679904, 1.1625), (1.46, 0.8694889, 1.1661177), (0.87889856, 0.87, 0.3814521), (0.87558836, 0.8694889, 0.3834806), (0.87250376, 0.8679904, 0.38537085), (0.8698549, 0.8656066, 0.38699406), (0.8678224, 0.8625, 0.3882396), (0.8665447, 0.8588823, 0.38902256), (0.86610895, 0.785, 0.38928962), (0.8665447, 0.78111774, 0.38902256), (0.8678224, 0.7775, 0.3882396), (0.8698549, 0.7743934, 0.38699406), (0.87250376, 0.7720096, 0.38537085), (0.87558836, 0.7705111, 0.3834806), (0.9385834, 0.77, 0.3448772), (0.9418936, 0.7705111, 0.34284875), (0.9449782, 0.7720096, 0.34095848), (0.947627, 0.7743934, 0.3393353), (0.94965947, 0.7775, 0.33808976), (0.95093715, 0.78111774, 0.3373068), (0.951373, 0.855, 0.33703974), (0.95093715, 0.8588823, 0.3373068), (0.94965947, 0.8625, 0.33808976), (0.947627, 0.8656066, 0.3393353), (0.9449782, 0.8679904, 0.34095848), (0.9418936, 0.8694889, 0.34284875), (1.0262456, 0.87, 0.6180585), (1.0238024, 0.8694889, 0.6210756), (1.0215257, 0.8679904, 0.62388706), (1.0195707, 0.8656066, 0.62630135), (1.0180705, 0.8625, 0.6281539), (1.0171275, 0.8588823, 0.6293185), (1.0168058, 0.785, 0.6297157), (1.0171275, 0.78111774, 0.6293185), (1.0180705, 0.7775, 0.6281539), (1.0195707, 0.7743934, 0.62630135), (1.0215257, 0.7720096, 0.62388706), (1.0238024, 0.7705111, 0.6210756), (1.0702981, 0.77, 0.5636583), (1.0727413, 0.7705111, 0.56064117), (1.0750179, 0.7720096, 0.5578297), (1.076973, 0.7743934, 0.5554154), (1.0784732, 0.7775, 0.5535629), (1.0794162, 0.78111774, 0.5523983), (1.0797379, 0.855, 0.55200106), (1.0794162, 0.8588823, 0.5523983), (1.0784732, 0.8625, 0.5535629), (1.076973, 0.8656066, 0.5554154), (1.0750179, 0.8679904, 0.5578297), (1.0727413, 0.8694889, 0.56064117), (1.3, 0.87, 0.715), (1.3, 0.8694889, 0.71888226), (1.3, 0.8679904, 0.7225), (1.3, 0.8656066, 0.7256066), (1.3, 0.8625, 0.7279904), (1.3, 0.8588823, 0.7294889), (1.3, 0.785, 0.73), (1.3, 0.78111774, 0.7294889), (1.3, 0.7775, 0.7279904), (1.3, 0.7743934, 0.7256066), (1.3, 0.7720096, 0.7225), (1.3, 0.7705111, 0.71888226), (1.3, 0.77, 0.645), (1.3, 0.7705111, 0.6411177), (1.3, 0.7720096, 0.6375), (1.3, 0.7743934, 0.6343934), (1.3, 0.7775, 0.6320096), (1.3, 0.78111774, 0.6305111), (1.3, 0.855, 0.63), (1.3, 0.8588823, 0.6305111), (1.3, 0.8625, 0.6320096), (1.3, 0.8656066, 0.6343934), (1.3, 0.8679904, 0.6375), (1.3, 0.8694889, 0.6411177), (1.5737543, 0.87, 0.6180585), (1.5761976, 0.8694889, 0.6210756), (1.5784743, 0.8679904, 0.62388706), (1.5804293, 0.8656066, 0.62630135), (1.5819294, 0.8625, 0.6281539), (1.5828725, 0.8588823, 0.6293185), (1.5831941, 0.785, 0.6297157), (1.5828725, 0.78111774, 0.6293185), (1.5819294, 0.7775, 0.6281539), (1.5804293, 0.7743934, 0.62630135), (1.5784743, 0.7720096, 0.62388706), (1.5761976, 0.7705111, 0.6210756), (1.529702, 0.77, 0.5636583), (1.5272588, 0.7705111, 0.56064117), (1.5249821, 0.7720096, 0.5578297), (1.523027, 0.7743934, 0.5554154), (1.5215268, 0.7775, 0.5535629), (1.5205837, 0.78111774, 0.5523983), (1.5202621, 0.855, 0.55200106), (1.5205837, 0.8588823, 0.5523983), (1.5215268, 0.8625, 0.5535629), (1.523027, 0.8656066, 0.5554154), (1.5249821, 0.8679904, 0.5578297), (1.5272588, 0.8694889, 0.56064117), (1.7211014, 0.87, 0.3814521), (1.7244116, 0.8694889, 0.3834806), (1.7274963, 0.8679904, 0.38537085), (1.7301451, 0.8656066, 0.38699406), (1.7321776, 0.8625, 0.3882396), (1.7334553, 0.8588823, 0.38902256), (1.733891, 0.785, 0.38928962), (1.7334553, 0.78111774, 0.38902256), (1.7321776, 0.7775, 0.3882396), (1.7301451, 0.7743934, 0.38699406), (1.7274963, 0.7720096, 0.38537085), (1.7244116, 0.7705111, 0.3834806), (1.6614166, 0.77, 0.3448772), (1.6581064, 0.7705111, 0.34284875), (1.6550218, 0.7720096, 0.34095848), (1.6523731, 0.7743934, 0.3393353), (1.6503406, 0.7775, 0.33808976), (1.6490629, 0.78111774, 0.3373068), (1.648627, 0.855, 0.33703974), (1.6490629, 0.8588823, 0.3373068), (1.6503406, 0.8625, 0.33808976), (1.6523731, 0.8656066, 0.3393353), (1.6550218, 0.8679904, 0.34095848), (1.6581064, 0.8694889, 0.34284875), (-1.7211014, 0.87, 0.3814521), (-1.7244116, 0.8694889, 0.3834806), (-1.7274963, 0.8679904, 0.38537085), (-1.7301451, 0.8656066, 0.38699406), (-1.7321776, 0.8625, 0.3882396), (-1.7334553, 0.8588823, 0.38902256), (-1.733891, 0.785, 0.38928962), (-1.7334553, 0.78111774, 0.38902256), (-1.7321776, 0.7775, 0.3882396), (-1.7301451, 0.7743934, 0.38699406), (-1.7274963, 0.7720096, 0.38537085), (-1.7244116, 0.7705111, 0.3834806), (-1.6614166, 0.77, 0.3448772), (-1.6581064, 0.7705111, 0.34284875), (-1.6550218, 0.7720096, 0.34095848), (-1.6523731, 0.7743934, 0.3393353), (-1.6503406, 0.7775, 0.33808976), (-1.6490629, 0.78111774, 0.3373068), (-1.648627, 0.855, 0.33703974), (-1.6490629, 0.8588823, 0.3373068), (-1.6503406, 0.8625, 0.33808976), (-1.6523731, 0.8656066, 0.3393353), (-1.6550218, 0.8679904, 0.34095848), (-1.6581064, 0.8694889, 0.34284875), (-1.5737543, 0.87, 0.6180585), (-1.5761976, 0.8694889, 0.6210756), (-1.5784743, 0.8679904, 0.62388706), (-1.5804293, 0.8656066, 0.62630135), (-1.5819294, 0.8625, 0.6281539), (-1.5828725, 0.8588823, 0.6293185), (-1.5831941, 0.785, 0.6297157), (-1.5828725, 0.78111774, 0.6293185), (-1.5819294, 0.7775, 0.6281539), (-1.5804293, 0.7743934, 0.62630135), (-1.5784743, 0.7720096, 0.62388706), (-1.5761976, 0.7705111, 0.6210756), (-1.529702, 0.77, 0.5636583), (-1.5272588, 0.7705111, 0.56064117), (-1.5249821, 0.7720096, 0.5578297), (-1.523027, 0.7743934, 0.5554154), (-1.5215268, 0.7775, 0.5535629), (-1.5205837, 0.78111774, 0.5523983), (-1.5202621, 0.855, 0.55200106), (-1.5205837, 0.8588823, 0.5523983), (-1.5215268, 0.8625, 0.5535629), (-1.523027, 0.8656066, 0.5554154), (-1.5249821, 0.8679904, 0.5578297), (-1.5272588, 0.8694889, 0.56064117), (-1.3, 0.87, 0.715), (-1.3, 0.8694889, 0.71888226), (-1.3, 0.8679904, 0.7225), (-1.3, 0.8656066, 0.7256066), (-1.3, 0.8625, 0.7279904), (-1.3, 0.8588823, 0.7294889), (-1.3, 0.785, 0.73), (-1.3, 0.78111774, 0.7294889), (-1.3, 0.7775, 0.7279904), (-1.3, 0.7743934, 0.7256066), (-1.3, 0.7720096, 0.7225), (-1.3, 0.7705111, 0.71888226), (-1.3, 0.77, 0.645), (-1.3, 0.7705111, 0.6411177), (-1.3, 0.7720096, 0.6375), (-1.3, 0.7743934, 0.6343934), (-1.3, 0.7775, 0.6320096), (-1.3, 0.78111774, 0.6305111), (-1.3, 0.855, 0.63), (-1.3, 0.8588823, 0.6305111), (-1.3, 0.8625, 0.6320096), (-1.3, 0.8656066, 0.6343934), (-1.3, 0.8679904, 0.6375), (-1.3, 0.8694889, 0.6411177), (-1.0262456, 0.87, 0.6180585), (-1.0238024, 0.8694889, 0.6210756), (-1.0215257, 0.8679904, 0.62388706), (-1.0195707, 0.8656066, 0.62630135), (-1.0180705, 0.8625, 0.6281539), (-1.0171275, 0.8588823, 0.6293185), (-1.0168058, 0.785, 0.6297157), (-1.0171275, 0.78111774, 0.6293185), (-1.0180705, 0.7775, 0.6281539), (-1.0195707, 0.7743934, 0.62630135), (-1.0215257, 0.7720096, 0.62388706), (-1.0238024, 0.7705111, 0.6210756), (-1.0702981, 0.77, 0.5636583), (-1.0727413, 0.7705111, 0.56064117), (-1.0750179, 0.7720096, 0.5578297), (-1.076973, 0.7743934, 0.5554154), (-1.0784732, 0.7775, 0.5535629), (-1.0794162, 0.78111774, 0.5523983), (-1.0797379, 0.855, 0.55200106), (-1.0794162, 0.8588823, 0.5523983), (-1.0784732, 0.8625, 0.5535629), (-1.076973, 0.8656066, 0.5554154), (-1.0750179, 0.8679904, 0.5578297), (-1.0727413, 0.8694889, 0.56064117), (-0.87889856, 0.87, 0.3814521), (-0.87558836, 0.8694889, 0.3834806), (-0.87250376, 0.8679904, 0.38537085), (-0.8698549, 0.8656066, 0.38699406), (-0.8678224, 0.8625, 0.3882396), (-0.8665447, 0.8588823, 0.38902256), (-0.86610895, 0.785, 0.38928962), (-0.8665447, 0.78111774, 0.38902256), (-0.8678224, 0.7775, 0.3882396), (-0.8698549, 0.7743934, 0.38699406), (-0.87250376, 0.7720096, 0.38537085), (-0.87558836, 0.7705111, 0.3834806), (-0.9385834, 0.77, 0.3448772), (-0.9418936, 0.7705111, 0.34284875), (-0.9449782, 0.7720096, 0.34095848), (-0.947627, 0.7743934, 0.3393353), (-0.94965947, 0.7775, 0.33808976), (-0.95093715, 0.78111774, 0.3373068), (-0.951373, 0.855, 0.33703974), (-0.95093715, 0.8588823, 0.3373068), (-0.94965947, 0.8625, 0.33808976), (-0.947627, 0.8656066, 0.3393353), (-0.9449782, 0.8679904, 0.34095848), (-0.9418936, 0.8694889, 0.34284875), (-1.4664748, 0.88, 0.43812945), (-1.466661, 0.87938666, 0.43347442), (-1.4668345, 0.87758845, 0.42913663), (-1.4669836, 0.8747279, 0.4254117), (-1.4670979, 0.871, 0.42255345), (-1.4671698, 0.86665875, 0.42075667), (-1.4671942, 0.778, 0.4201438), (-1.4671698, 0.77334124, 0.42075667), (-1.4670979, 0.769, 0.42255345), (-1.4669836, 0.7652721, 0.4254117), (-1.4668345, 0.76241153, 0.42913663), (-1.466661, 0.7606133, 0.43347442), (-1.4535252, 0.76, 0.76187056), (-1.453339, 0.7606133, 0.76652557), (-1.4531654, 0.76241153, 0.77086335), (-1.4530165, 0.7652721, 0.7745883), (-1.4529021, 0.769, 0.77744657), (-1.4528303, 0.77334124, 0.77924335), (-1.4528058, 0.862, 0.77985615), (-1.4528303, 0.86665875, 0.77924335), (-1.4529021, 0.871, 0.77744657), (-1.4530165, 0.8747279, 0.7745883), (-1.4531654, 0.87758845, 0.77086335), (-1.453339, 0.87938666, 0.76652557), (-1.9664748, 0.88, 0.45812944), (-1.966661, 0.87938666, 0.45347443), (-1.9668345, 0.87758845, 0.44913664), (-1.9669836, 0.8747279, 0.44541168), (-1.9670979, 0.871, 0.44255343), (-1.9671698, 0.86665875, 0.44075668), (-1.9671942, 0.778, 0.44014382), (-1.9671698, 0.77334124, 0.44075668), (-1.9670979, 0.769, 0.44255343), (-1.9669836, 0.7652721, 0.44541168), (-1.9668345, 0.76241153, 0.44913664), (-1.966661, 0.7606133, 0.45347443), (-1.9535252, 0.76, 0.78187054), (-1.953339, 0.7606133, 0.78652555), (-1.9531654, 0.76241153, 0.79086334), (-1.9530165, 0.7652721, 0.7945883), (-1.9529021, 0.769, 0.79744655), (-1.9528303, 0.77334124, 0.79924333), (-1.9528058, 0.862, 0.7998562), (-1.9528303, 0.86665875, 0.79924333), (-1.9529021, 0.871, 0.79744655), (-1.9530165, 0.8747279, 0.7945883), (-1.9531654, 0.87758845, 0.79086334), (-1.953339, 0.87938666, 0.78652555), (1.7488577, 0.88, 0.76172346), (1.7491484, 0.87938666, 0.76637316), (1.7494191, 0.87758845, 0.77070594), (1.7496517, 0.8747279, 0.7744266), (1.7498301, 0.871, 0.7772816), (1.7499423, 0.86665875, 0.7790763), (1.7499806, 0.778, 0.7796884), (1.7499423, 0.77334124, 0.7790763), (1.7498301, 0.769, 0.7772816), (1.7496517, 0.7652721, 0.7744266), (1.7494191, 0.76241153, 0.77070594), (1.7491484, 0.7606133, 0.76637316), (1.7311423, 0.76, 0.47827652), (1.7308517, 0.7606133, 0.47362685), (1.7305809, 0.76241153, 0.46929407), (1.7303483, 0.7652721, 0.4655734), (1.7301699, 0.769, 0.46271843), (1.7300577, 0.77334124, 0.46092373), (1.7300195, 0.862, 0.4603116), (1.7300577, 0.86665875, 0.46092373), (1.7301699, 0.871, 0.46271843), (1.7303483, 0.8747279, 0.4655734), (1.7305809, 0.87758845, 0.46929407), (1.7308517, 0.87938666, 0.47362685), (2.0688577, 0.88, 0.7417235), (2.0691483, 0.87938666, 0.7463731), (2.0694191, 0.87758845, 0.75070596), (2.0696516, 0.8747279, 0.7544266), (2.0698302, 0.871, 0.75728154), (2.0699422, 0.86665875, 0.7590763), (2.0699806, 0.778, 0.75968844), (2.0699422, 0.77334124, 0.7590763), (2.0698302, 0.769, 0.75728154), (2.0696516, 0.7652721, 0.7544266), (2.0694191, 0.76241153, 0.75070596), (2.0691483, 0.7606133, 0.7463731), (2.0511422, 0.76, 0.45827654), (2.0508516, 0.7606133, 0.45362687), (2.050581, 0.76241153, 0.44929406), (2.0503483, 0.7652721, 0.4455734), (2.05017, 0.769, 0.44271845), (2.0500576, 0.77334124, 0.44092372), (2.0500195, 0.862, 0.44031158), (2.0500576, 0.86665875, 0.44092372), (2.05017, 0.871, 0.44271845), (2.0503483, 0.8747279, 0.4455734), (2.050581, 0.87758845, 0.44929406), (2.0508516, 0.87938666, 0.45362687), (1.28, 0.485, 0.2955), (1.28, 0.48433554, 0.30054697), (1.28, 0.48238748, 0.30525), (1.28, 0.47928858, 0.3092886), (1.28, 0.47525, 0.3123875), (1.28, 0.47054696, 0.31433555), (1.28, 0.3745, 0.315), (1.28, 0.36945304, 0.31433555), (1.28, 0.36475, 0.3123875), (1.28, 0.36071143, 0.3092886), (1.28, 0.3576125, 0.30525), (1.28, 0.35566443, 0.30054697), (1.28, 0.355, 0.1845), (1.28, 0.35566443, 0.17945303), (1.28, 0.3576125, 0.17475), (1.28, 0.36071143, 0.17071141), (1.28, 0.36475, 0.16761251), (1.28, 0.36945304, 0.16566445), (1.28, 0.4655, 0.165), (1.28, 0.47054696, 0.16566445), (1.28, 0.47525, 0.16761251), (1.28, 0.47928858, 0.17071141), (1.28, 0.48238748, 0.17475), (1.28, 0.48433554, 0.17945303), (2.04, 0.485, 0.2955), (2.04, 0.48433554, 0.30054697), (2.04, 0.48238748, 0.30525), (2.04, 0.47928858, 0.3092886), (2.04, 0.47525, 0.3123875), (2.04, 0.47054696, 0.31433555), (2.04, 0.3745, 0.315), (2.04, 0.36945304, 0.31433555), (2.04, 0.36475, 0.3123875), (2.04, 0.36071143, 0.3092886), (2.04, 0.3576125, 0.30525), (2.04, 0.35566443, 0.30054697), (2.04, 0.355, 0.1845), (2.04, 0.35566443, 0.17945303), (2.04, 0.3576125, 0.17475), (2.04, 0.36071143, 0.17071141), (2.04, 0.36475, 0.16761251), (2.04, 0.36945304, 0.16566445), (2.04, 0.4655, 0.165), (2.04, 0.47054696, 0.16566445), (2.04, 0.47525, 0.16761251), (2.04, 0.47928858, 0.17071141), (2.04, 0.48238748, 0.17475), (2.04, 0.48433554, 0.17945303), (-1.28, 0.525, 0.1845), (-1.28, 0.52433556, 0.17945303), (-1.28, 0.5223875, 0.17475), (-1.28, 0.5192886, 0.17071141), (-1.28, 0.51525, 0.16761251), (-1.28, 0.510547, 0.16566445), (-1.28, 0.4145, 0.165), (-1.28, 0.40945303, 0.16566445), (-1.28, 0.40475, 0.16761251), (-1.28, 0.40071142, 0.17071141), (-1.28, 0.3976125, 0.17475), (-1.28, 0.39566445, 0.17945303), (-1.28, 0.395, 0.2955), (-1.28, 0.39566445, 0.30054697), (-1.28, 0.3976125, 0.30525), (-1.28, 0.40071142, 0.3092886), (-1.28, 0.40475, 0.3123875), (-1.28, 0.40945303, 0.31433555), (-1.28, 0.5055, 0.315), (-1.28, 0.510547, 0.31433555), (-1.28, 0.51525, 0.3123875), (-1.28, 0.5192886, 0.3092886), (-1.28, 0.5223875, 0.30525), (-1.28, 0.52433556, 0.30054697), (-2.04, 0.525, 0.1845), (-2.04, 0.52433556, 0.17945303), (-2.04, 0.5223875, 0.17475), (-2.04, 0.5192886, 0.17071141), (-2.04, 0.51525, 0.16761251), (-2.04, 0.510547, 0.16566445), (-2.04, 0.4145, 0.165), (-2.04, 0.40945303, 0.16566445), (-2.04, 0.40475, 0.16761251), (-2.04, 0.40071142, 0.17071141), (-2.04, 0.3976125, 0.17475), (-2.04, 0.39566445, 0.17945303), (-2.04, 0.395, 0.2955), (-2.04, 0.39566445, 0.30054697), (-2.04, 0.3976125, 0.30525), (-2.04, 0.40071142, 0.3092886), (-2.04, 0.40475, 0.3123875), (-2.04, 0.40945303, 0.31433555), (-2.04, 0.5055, 0.315), (-2.04, 0.510547, 0.31433555), (-2.04, 0.51525, 0.3123875), (-2.04, 0.5192886, 0.3092886), (-2.04, 0.5223875, 0.30525), (-2.04, 0.52433556, 0.30054697), (-1.02, -0.765, 0.3235), (-1.02, -0.76556224, 0.3277705), (-1.02, -0.7672106, 0.33175), (-1.02, -0.76983273, 0.33516726), (-1.02, -0.77325, 0.33778942), (-1.02, -0.7772295, 0.33943778), (-1.02, -0.8585, 0.34), (-1.02, -0.8627705, 0.33943778), (-1.02, -0.86675, 0.33778942), (-1.02, -0.87016726, 0.33516726), (-1.02, -0.87278944, 0.33175), (-1.02, -0.87443775, 0.3277705), (-1.02, -0.875, 0.1365), (-1.02, -0.87443775, 0.13222949), (-1.02, -0.87278944, 0.12825), (-1.02, -0.87016726, 0.124832734), (-1.02, -0.86675, 0.12221058), (-1.02, -0.8627705, 0.120562226), (-1.02, -0.7815, 0.12), (-1.02, -0.7772295, 0.120562226), (-1.02, -0.77325, 0.12221058), (-1.02, -0.76983273, 0.124832734), (-1.02, -0.7672106, 0.12825), (-1.02, -0.76556224, 0.13222949), (1.02, -0.765, 0.3235), (1.02, -0.76556224, 0.3277705), (1.02, -0.7672106, 0.33175), (1.02, -0.76983273, 0.33516726), (1.02, -0.77325, 0.33778942), (1.02, -0.7772295, 0.33943778), (1.02, -0.8585, 0.34), (1.02, -0.8627705, 0.33943778), (1.02, -0.86675, 0.33778942), (1.02, -0.87016726, 0.33516726), (1.02, -0.87278944, 0.33175), (1.02, -0.87443775, 0.3277705), (1.02, -0.875, 0.1365), (1.02, -0.87443775, 0.13222949), (1.02, -0.87278944, 0.12825), (1.02, -0.87016726, 0.124832734), (1.02, -0.86675, 0.12221058), (1.02, -0.8627705, 0.120562226), (1.02, -0.7815, 0.12), (1.02, -0.7772295, 0.120562226), (1.02, -0.77325, 0.12221058), (1.02, -0.76983273, 0.124832734), (1.02, -0.7672106, 0.12825), (1.02, -0.76556224, 0.13222949), (0.95192826, -0.77, 0.42399043), (0.9486437, -0.7705111, 0.42606014), (0.9455829, -0.7720096, 0.42798883), (0.94295466, -0.7743934, 0.42964503), (0.9409379, -0.7775, 0.43091586), (0.9396701, -0.78111774, 0.43171474), (0.93923765, -0.855, 0.43198723), (0.9396701, -0.8588823, 0.43171474), (0.9409379, -0.8625, 0.43091586), (0.94295466, -0.8656066, 0.42964503), (0.9455829, -0.8679904, 0.42798883), (0.9486437, -0.8694889, 0.42606014), (1.0280718, -0.87, 0.37600958), (1.0313563, -0.8694889, 0.37393984), (1.034417, -0.8679904, 0.37201115), (1.0370454, -0.8656066, 0.37035498), (1.0390621, -0.8625, 0.36908412), (1.0403299, -0.8588823, 0.36828524), (1.0407623, -0.785, 0.36801276), (1.0403299, -0.78111774, 0.36828524), (1.0390621, -0.7775, 0.36908412), (1.0370454, -0.7743934, 0.37035498), (1.034417, -0.7720096, 0.37201115), (1.0313563, -0.7705111, 0.37393984), (1.4119282, -0.77, 1.1539904), (1.4086437, -0.7705111, 1.1560601), (1.4055829, -0.7720096, 1.1579888), (1.4029546, -0.7743934, 1.1596451), (1.4009379, -0.7775, 1.1609159), (1.3996701, -0.78111774, 1.1617148), (1.3992376, -0.855, 1.1619872), (1.3996701, -0.8588823, 1.1617148), (1.4009379, -0.8625, 1.1609159), (1.4029546, -0.8656066, 1.1596451), (1.4055829, -0.8679904, 1.1579888), (1.4086437, -0.8694889, 1.1560601), (1.4880718, -0.87, 1.1060096), (1.4913564, -0.8694889, 1.1039399), (1.4944171, -0.8679904, 1.1020112), (1.4970454, -0.8656066, 1.100355), (1.4990622, -0.8625, 1.0990841), (1.50033, -0.8588823, 1.0982852), (1.5007623, -0.785, 1.0980128), (1.50033, -0.78111774, 1.0982852), (1.4990622, -0.7775, 1.0990841), (1.4970454, -0.7743934, 1.100355), (1.4944171, -0.7720096, 1.1020112), (1.4913564, -0.7705111, 1.1039399), (0.0215, -0.76, 0.36), (0.017229486, -0.76056224, 0.36), (0.01325, -0.7622106, 0.36), (0.009832738, -0.76483274, 0.36), (0.0072105806, -0.76825, 0.36), (0.005562224, -0.7722295, 0.36), (0.005, -0.8635, 0.36), (0.005562224, -0.8677705, 0.36), (0.0072105806, -0.87175, 0.36), (0.009832738, -0.87516725, 0.36), (0.01325, -0.87778944, 0.36), (0.017229486, -0.8794378, 0.36), (0.0985, -0.88, 0.36), (0.102770515, -0.8794378, 0.36), (0.10675, -0.87778944, 0.36), (0.110167265, -0.87516725, 0.36), (0.11278942, -0.87175, 0.36), (0.114437774, -0.8677705, 0.36), (0.115, -0.7765, 0.36), (0.114437774, -0.7722295, 0.36), (0.11278942, -0.76825, 0.36), (0.110167265, -0.76483274, 0.36), (0.10675, -0.7622106, 0.36), (0.102770515, -0.76056224, 0.36), (0.0215, -0.76, 1.18), (0.017229486, -0.76056224, 1.18), (0.01325, -0.7622106, 1.18), (0.009832738, -0.76483274, 1.18), (0.0072105806, -0.76825, 1.18), (0.005562224, -0.7722295, 1.18), (0.005, -0.8635, 1.18), (0.005562224, -0.8677705, 1.18), (0.0072105806, -0.87175, 1.18), (0.009832738, -0.87516725, 1.18), (0.01325, -0.87778944, 1.18), (0.017229486, -0.8794378, 1.18), (0.0985, -0.88, 1.18), (0.102770515, -0.8794378, 1.18), (0.10675, -0.87778944, 1.18), (0.110167265, -0.87516725, 1.18), (0.11278942, -0.87175, 1.18), (0.114437774, -0.8677705, 1.18), (0.115, -0.7765, 1.18), (0.114437774, -0.7722295, 1.18), (0.11278942, -0.76825, 1.18), (0.110167265, -0.76483274, 1.18), (0.10675, -0.7622106, 1.18), (0.102770515, -0.76056224, 1.18), (-0.8663584, -0.765, 1.1050645), (-0.86339617, -0.76556224, 1.1019883), (-0.8606358, -0.7672106, 1.0991218), (-0.85826546, -0.76983273, 1.0966603), (-0.8564466, -0.77325, 1.0947715), (-0.8553033, -0.7772295, 1.0935842), (-0.8549133, -0.8585, 1.0931792), (-0.8553033, -0.8627705, 1.0935842), (-0.8564466, -0.86675, 1.0947715), (-0.85826546, -0.87016726, 1.0966603), (-0.8606358, -0.87278944, 1.0991218), (-0.86339617, -0.87443775, 1.1019883), (-0.9336416, -0.875, 1.1749356), (-0.93660384, -0.87443775, 1.1780117), (-0.9393642, -0.87278944, 1.1808782), (-0.9417345, -0.87016726, 1.1833397), (-0.9435534, -0.86675, 1.1852285), (-0.9446967, -0.8627705, 1.1864158), (-0.9450867, -0.7815, 1.1868209), (-0.9446967, -0.7772295, 1.1864158), (-0.9435534, -0.77325, 1.1852285), (-0.9417345, -0.76983273, 1.1833397), (-0.9393642, -0.7672106, 1.1808782), (-0.93660384, -0.76556224, 1.1780117), (-1.4063584, -0.765, 0.5850645), (-1.4033961, -0.76556224, 0.58198833), (-1.4006358, -0.7672106, 0.5791218), (-1.3982655, -0.76983273, 0.5766603), (-1.3964466, -0.77325, 0.5747715), (-1.3953032, -0.7772295, 0.57358414), (-1.3949133, -0.8585, 0.5731792), (-1.3953032, -0.8627705, 0.57358414), (-1.3964466, -0.86675, 0.5747715), (-1.3982655, -0.87016726, 0.5766603), (-1.4006358, -0.87278944, 0.5791218), (-1.4033961, -0.87443775, 0.58198833), (-1.4736416, -0.875, 0.65493554), (-1.4766039, -0.87443775, 0.6580117), (-1.4793642, -0.87278944, 0.6608782), (-1.4817345, -0.87016726, 0.6633397), (-1.4835534, -0.86675, 0.6652285), (-1.4846967, -0.8627705, 0.6664158), (-1.4850867, -0.7815, 0.6668208), (-1.4846967, -0.7772295, 0.6664158), (-1.4835534, -0.77325, 0.6652285), (-1.4817345, -0.76983273, 0.6633397), (-1.4793642, -0.7672106, 0.6608782), (-1.4766039, -0.76556224, 0.6580117), (-1.46, -0.77, 1.25), (-1.46, -0.7705111, 1.2538823), (-1.46, -0.7720096, 1.2575), (-1.46, -0.7743934, 1.2606066), (-1.46, -0.7775, 1.2629904), (-1.46, -0.78111774, 1.2644889), (-1.46, -0.855, 1.265), (-1.46, -0.8588823, 1.2644889), (-1.46, -0.8625, 1.2629904), (-1.46, -0.8656066, 1.2606066), (-1.46, -0.8679904, 1.2575), (-1.46, -0.8694889, 1.2538823), (-1.46, -0.87, 1.17), (-1.46, -0.8694889, 1.1661177), (-1.46, -0.8679904, 1.1625), (-1.46, -0.8656066, 1.1593934), (-1.46, -0.8625, 1.1570096), (-1.46, -0.8588823, 1.1555111), (-1.46, -0.785, 1.155), (-1.46, -0.78111774, 1.1555111), (-1.46, -0.7775, 1.1570096), (-1.46, -0.7743934, 1.1593934), (-1.46, -0.7720096, 1.1625), (-1.46, -0.7705111, 1.1661177), (1.46, -0.77, 1.25), (1.46, -0.7705111, 1.2538823), (1.46, -0.7720096, 1.2575), (1.46, -0.7743934, 1.2606066), (1.46, -0.7775, 1.2629904), (1.46, -0.78111774, 1.2644889), (1.46, -0.855, 1.265), (1.46, -0.8588823, 1.2644889), (1.46, -0.8625, 1.2629904), (1.46, -0.8656066, 1.2606066), (1.46, -0.8679904, 1.2575), (1.46, -0.8694889, 1.2538823), (1.46, -0.87, 1.17), (1.46, -0.8694889, 1.1661177), (1.46, -0.8679904, 1.1625), (1.46, -0.8656066, 1.1593934), (1.46, -0.8625, 1.1570096), (1.46, -0.8588823, 1.1555111), (1.46, -0.785, 1.155), (1.46, -0.78111774, 1.1555111), (1.46, -0.7775, 1.1570096), (1.46, -0.7743934, 1.1593934), (1.46, -0.7720096, 1.1625), (1.46, -0.7705111, 1.1661177), (0.87889856, -0.77, 0.3814521), (0.87558836, -0.7705111, 0.3834806), (0.87250376, -0.7720096, 0.38537085), (0.8698549, -0.7743934, 0.38699406), (0.8678224, -0.7775, 0.3882396), (0.8665447, -0.78111774, 0.38902256), (0.86610895, -0.855, 0.38928962), (0.8665447, -0.8588823, 0.38902256), (0.8678224, -0.8625, 0.3882396), (0.8698549, -0.8656066, 0.38699406), (0.87250376, -0.8679904, 0.38537085), (0.87558836, -0.8694889, 0.3834806), (0.9385834, -0.87, 0.3448772), (0.9418936, -0.8694889, 0.34284875), (0.9449782, -0.8679904, 0.34095848), (0.947627, -0.8656066, 0.3393353), (0.94965947, -0.8625, 0.33808976), (0.95093715, -0.8588823, 0.3373068), (0.951373, -0.785, 0.33703974), (0.95093715, -0.78111774, 0.3373068), (0.94965947, -0.7775, 0.33808976), (0.947627, -0.7743934, 0.3393353), (0.9449782, -0.7720096, 0.34095848), (0.9418936, -0.7705111, 0.34284875), (1.0262456, -0.77, 0.6180585), (1.0238024, -0.7705111, 0.6210756), (1.0215257, -0.7720096, 0.62388706), (1.0195707, -0.7743934, 0.62630135), (1.0180705, -0.7775, 0.6281539), (1.0171275, -0.78111774, 0.6293185), (1.0168058, -0.855, 0.6297157), (1.0171275, -0.8588823, 0.6293185), (1.0180705, -0.8625, 0.6281539), (1.0195707, -0.8656066, 0.62630135), (1.0215257, -0.8679904, 0.62388706), (1.0238024, -0.8694889, 0.6210756), (1.0702981, -0.87, 0.5636583), (1.0727413, -0.8694889, 0.56064117), (1.0750179, -0.8679904, 0.5578297), (1.076973, -0.8656066, 0.5554154), (1.0784732, -0.8625, 0.5535629), (1.0794162, -0.8588823, 0.5523983), (1.0797379, -0.785, 0.55200106), (1.0794162, -0.78111774, 0.5523983), (1.0784732, -0.7775, 0.5535629), (1.076973, -0.7743934, 0.5554154), (1.0750179, -0.7720096, 0.5578297), (1.0727413, -0.7705111, 0.56064117), (1.3, -0.77, 0.715), (1.3, -0.7705111, 0.71888226), (1.3, -0.7720096, 0.7225), (1.3, -0.7743934, 0.7256066), (1.3, -0.7775, 0.7279904), (1.3, -0.78111774, 0.7294889), (1.3, -0.855, 0.73), (1.3, -0.8588823, 0.7294889), (1.3, -0.8625, 0.7279904), (1.3, -0.8656066, 0.7256066), (1.3, -0.8679904, 0.7225), (1.3, -0.8694889, 0.71888226), (1.3, -0.87, 0.645), (1.3, -0.8694889, 0.6411177), (1.3, -0.8679904, 0.6375), (1.3, -0.8656066, 0.6343934), (1.3, -0.8625, 0.6320096), (1.3, -0.8588823, 0.6305111), (1.3, -0.785, 0.63), (1.3, -0.78111774, 0.6305111), (1.3, -0.7775, 0.6320096), (1.3, -0.7743934, 0.6343934), (1.3, -0.7720096, 0.6375), (1.3, -0.7705111, 0.6411177), (1.5737543, -0.77, 0.6180585), (1.5761976, -0.7705111, 0.6210756), (1.5784743, -0.7720096, 0.62388706), (1.5804293, -0.7743934, 0.62630135), (1.5819294, -0.7775, 0.6281539), (1.5828725, -0.78111774, 0.6293185), (1.5831941, -0.855, 0.6297157), (1.5828725, -0.8588823, 0.6293185), (1.5819294, -0.8625, 0.6281539), (1.5804293, -0.8656066, 0.62630135), (1.5784743, -0.8679904, 0.62388706), (1.5761976, -0.8694889, 0.6210756), (1.529702, -0.87, 0.5636583), (1.5272588, -0.8694889, 0.56064117), (1.5249821, -0.8679904, 0.5578297), (1.523027, -0.8656066, 0.5554154), (1.5215268, -0.8625, 0.5535629), (1.5205837, -0.8588823, 0.5523983), (1.5202621, -0.785, 0.55200106), (1.5205837, -0.78111774, 0.5523983), (1.5215268, -0.7775, 0.5535629), (1.523027, -0.7743934, 0.5554154), (1.5249821, -0.7720096, 0.5578297), (1.5272588, -0.7705111, 0.56064117), (1.7211014, -0.77, 0.3814521), (1.7244116, -0.7705111, 0.3834806), (1.7274963, -0.7720096, 0.38537085), (1.7301451, -0.7743934, 0.38699406), (1.7321776, -0.7775, 0.3882396), (1.7334553, -0.78111774, 0.38902256), (1.733891, -0.855, 0.38928962), (1.7334553, -0.8588823, 0.38902256), (1.7321776, -0.8625, 0.3882396), (1.7301451, -0.8656066, 0.38699406), (1.7274963, -0.8679904, 0.38537085), (1.7244116, -0.8694889, 0.3834806), (1.6614166, -0.87, 0.3448772), (1.6581064, -0.8694889, 0.34284875), (1.6550218, -0.8679904, 0.34095848), (1.6523731, -0.8656066, 0.3393353), (1.6503406, -0.8625, 0.33808976), (1.6490629, -0.8588823, 0.3373068), (1.648627, -0.785, 0.33703974), (1.6490629, -0.78111774, 0.3373068), (1.6503406, -0.7775, 0.33808976), (1.6523731, -0.7743934, 0.3393353), (1.6550218, -0.7720096, 0.34095848), (1.6581064, -0.7705111, 0.34284875), (-1.7211014, -0.77, 0.3814521), (-1.7244116, -0.7705111, 0.3834806), (-1.7274963, -0.7720096, 0.38537085), (-1.7301451, -0.7743934, 0.38699406), (-1.7321776, -0.7775, 0.3882396), (-1.7334553, -0.78111774, 0.38902256), (-1.733891, -0.855, 0.38928962), (-1.7334553, -0.8588823, 0.38902256), (-1.7321776, -0.8625, 0.3882396), (-1.7301451, -0.8656066, 0.38699406), (-1.7274963, -0.8679904, 0.38537085), (-1.7244116, -0.8694889, 0.3834806), (-1.6614166, -0.87, 0.3448772), (-1.6581064, -0.8694889, 0.34284875), (-1.6550218, -0.8679904, 0.34095848), (-1.6523731, -0.8656066, 0.3393353), (-1.6503406, -0.8625, 0.33808976), (-1.6490629, -0.8588823, 0.3373068), (-1.648627, -0.785, 0.33703974), (-1.6490629, -0.78111774, 0.3373068), (-1.6503406, -0.7775, 0.33808976), (-1.6523731, -0.7743934, 0.3393353), (-1.6550218, -0.7720096, 0.34095848), (-1.6581064, -0.7705111, 0.34284875), (-1.5737543, -0.77, 0.6180585), (-1.5761976, -0.7705111, 0.6210756), (-1.5784743, -0.7720096, 0.62388706), (-1.5804293, -0.7743934, 0.62630135), (-1.5819294, -0.7775, 0.6281539), (-1.5828725, -0.78111774, 0.6293185), (-1.5831941, -0.855, 0.6297157), (-1.5828725, -0.8588823, 0.6293185), (-1.5819294, -0.8625, 0.6281539), (-1.5804293, -0.8656066, 0.62630135), (-1.5784743, -0.8679904, 0.62388706), (-1.5761976, -0.8694889, 0.6210756), (-1.529702, -0.87, 0.5636583), (-1.5272588, -0.8694889, 0.56064117), (-1.5249821, -0.8679904, 0.5578297), (-1.523027, -0.8656066, 0.5554154), (-1.5215268, -0.8625, 0.5535629), (-1.5205837, -0.8588823, 0.5523983), (-1.5202621, -0.785, 0.55200106), (-1.5205837, -0.78111774, 0.5523983), (-1.5215268, -0.7775, 0.5535629), (-1.523027, -0.7743934, 0.5554154), (-1.5249821, -0.7720096, 0.5578297), (-1.5272588, -0.7705111, 0.56064117), (-1.3, -0.77, 0.715), (-1.3, -0.7705111, 0.71888226), (-1.3, -0.7720096, 0.7225), (-1.3, -0.7743934, 0.7256066), (-1.3, -0.7775, 0.7279904), (-1.3, -0.78111774, 0.7294889), (-1.3, -0.855, 0.73), (-1.3, -0.8588823, 0.7294889), (-1.3, -0.8625, 0.7279904), (-1.3, -0.8656066, 0.7256066), (-1.3, -0.8679904, 0.7225), (-1.3, -0.8694889, 0.71888226), (-1.3, -0.87, 0.645), (-1.3, -0.8694889, 0.6411177), (-1.3, -0.8679904, 0.6375), (-1.3, -0.8656066, 0.6343934), (-1.3, -0.8625, 0.6320096), (-1.3, -0.8588823, 0.6305111), (-1.3, -0.785, 0.63), (-1.3, -0.78111774, 0.6305111), (-1.3, -0.7775, 0.6320096), (-1.3, -0.7743934, 0.6343934), (-1.3, -0.7720096, 0.6375), (-1.3, -0.7705111, 0.6411177), (-1.0262456, -0.77, 0.6180585), (-1.0238024, -0.7705111, 0.6210756), (-1.0215257, -0.7720096, 0.62388706), (-1.0195707, -0.7743934, 0.62630135), (-1.0180705, -0.7775, 0.6281539), (-1.0171275, -0.78111774, 0.6293185), (-1.0168058, -0.855, 0.6297157), (-1.0171275, -0.8588823, 0.6293185), (-1.0180705, -0.8625, 0.6281539), (-1.0195707, -0.8656066, 0.62630135), (-1.0215257, -0.8679904, 0.62388706), (-1.0238024, -0.8694889, 0.6210756), (-1.0702981, -0.87, 0.5636583), (-1.0727413, -0.8694889, 0.56064117), (-1.0750179, -0.8679904, 0.5578297), (-1.076973, -0.8656066, 0.5554154), (-1.0784732, -0.8625, 0.5535629), (-1.0794162, -0.8588823, 0.5523983), (-1.0797379, -0.785, 0.55200106), (-1.0794162, -0.78111774, 0.5523983), (-1.0784732, -0.7775, 0.5535629), (-1.076973, -0.7743934, 0.5554154), (-1.0750179, -0.7720096, 0.5578297), (-1.0727413, -0.7705111, 0.56064117), (-0.87889856, -0.77, 0.3814521), (-0.87558836, -0.7705111, 0.3834806), (-0.87250376, -0.7720096, 0.38537085), (-0.8698549, -0.7743934, 0.38699406), (-0.8678224, -0.7775, 0.3882396), (-0.8665447, -0.78111774, 0.38902256), (-0.86610895, -0.855, 0.38928962), (-0.8665447, -0.8588823, 0.38902256), (-0.8678224, -0.8625, 0.3882396), (-0.8698549, -0.8656066, 0.38699406), (-0.87250376, -0.8679904, 0.38537085), (-0.87558836, -0.8694889, 0.3834806), (-0.9385834, -0.87, 0.3448772), (-0.9418936, -0.8694889, 0.34284875), (-0.9449782, -0.8679904, 0.34095848), (-0.947627, -0.8656066, 0.3393353), (-0.94965947, -0.8625, 0.33808976), (-0.95093715, -0.8588823, 0.3373068), (-0.951373, -0.785, 0.33703974), (-0.95093715, -0.78111774, 0.3373068), (-0.94965947, -0.7775, 0.33808976), (-0.947627, -0.7743934, 0.3393353), (-0.9449782, -0.7720096, 0.34095848), (-0.9418936, -0.7705111, 0.34284875), (-1.4664748, -0.76, 0.43812945), (-1.466661, -0.7606133, 0.43347442), (-1.4668345, -0.76241153, 0.42913663), (-1.4669836, -0.7652721, 0.4254117), (-1.4670979, -0.769, 0.42255345), (-1.4671698, -0.77334124, 0.42075667), (-1.4671942, -0.862, 0.4201438), (-1.4671698, -0.86665875, 0.42075667), (-1.4670979, -0.871, 0.42255345), (-1.4669836, -0.8747279, 0.4254117), (-1.4668345, -0.87758845, 0.42913663), (-1.466661, -0.87938666, 0.43347442), (-1.4535252, -0.88, 0.76187056), (-1.453339, -0.87938666, 0.76652557), (-1.4531654, -0.87758845, 0.77086335), (-1.4530165, -0.8747279, 0.7745883), (-1.4529021, -0.871, 0.77744657), (-1.4528303, -0.86665875, 0.77924335), (-1.4528058, -0.778, 0.77985615), (-1.4528303, -0.77334124, 0.77924335), (-1.4529021, -0.769, 0.77744657), (-1.4530165, -0.7652721, 0.7745883), (-1.4531654, -0.76241153, 0.77086335), (-1.453339, -0.7606133, 0.76652557), (-1.9664748, -0.76, 0.45812944), (-1.966661, -0.7606133, 0.45347443), (-1.9668345, -0.76241153, 0.44913664), (-1.9669836, -0.7652721, 0.44541168), (-1.9670979, -0.769, 0.44255343), (-1.9671698, -0.77334124, 0.44075668), (-1.9671942, -0.862, 0.44014382), (-1.9671698, -0.86665875, 0.44075668), (-1.9670979, -0.871, 0.44255343), (-1.9669836, -0.8747279, 0.44541168), (-1.9668345, -0.87758845, 0.44913664), (-1.966661, -0.87938666, 0.45347443), (-1.9535252, -0.88, 0.78187054), (-1.953339, -0.87938666, 0.78652555), (-1.9531654, -0.87758845, 0.79086334), (-1.9530165, -0.8747279, 0.7945883), (-1.9529021, -0.871, 0.79744655), (-1.9528303, -0.86665875, 0.79924333), (-1.9528058, -0.778, 0.7998562), (-1.9528303, -0.77334124, 0.79924333), (-1.9529021, -0.769, 0.79744655), (-1.9530165, -0.7652721, 0.7945883), (-1.9531654, -0.76241153, 0.79086334), (-1.953339, -0.7606133, 0.78652555), (1.7488577, -0.76, 0.76172346), (1.7491484, -0.7606133, 0.76637316), (1.7494191, -0.76241153, 0.77070594), (1.7496517, -0.7652721, 0.7744266), (1.7498301, -0.769, 0.7772816), (1.7499423, -0.77334124, 0.7790763), (1.7499806, -0.862, 0.7796884), (1.7499423, -0.86665875, 0.7790763), (1.7498301, -0.871, 0.7772816), (1.7496517, -0.8747279, 0.7744266), (1.7494191, -0.87758845, 0.77070594), (1.7491484, -0.87938666, 0.76637316), (1.7311423, -0.88, 0.47827652), (1.7308517, -0.87938666, 0.47362685), (1.7305809, -0.87758845, 0.46929407), (1.7303483, -0.8747279, 0.4655734), (1.7301699, -0.871, 0.46271843), (1.7300577, -0.86665875, 0.46092373), (1.7300195, -0.778, 0.4603116), (1.7300577, -0.77334124, 0.46092373), (1.7301699, -0.769, 0.46271843), (1.7303483, -0.7652721, 0.4655734), (1.7305809, -0.76241153, 0.46929407), (1.7308517, -0.7606133, 0.47362685), (2.0688577, -0.76, 0.7417235), (2.0691483, -0.7606133, 0.7463731), (2.0694191, -0.76241153, 0.75070596), (2.0696516, -0.7652721, 0.7544266), (2.0698302, -0.769, 0.75728154), (2.0699422, -0.77334124, 0.7590763), (2.0699806, -0.862, 0.75968844), (2.0699422, -0.86665875, 0.7590763), (2.0698302, -0.871, 0.75728154), (2.0696516, -0.8747279, 0.7544266), (2.0694191, -0.87758845, 0.75070596), (2.0691483, -0.87938666, 0.7463731), (2.0511422, -0.88, 0.45827654), (2.0508516, -0.87938666, 0.45362687), (2.050581, -0.87758845, 0.44929406), (2.0503483, -0.8747279, 0.4455734), (2.05017, -0.871, 0.44271845), (2.0500576, -0.86665875, 0.44092372), (2.0500195, -0.778, 0.44031158), (2.0500576, -0.77334124, 0.44092372), (2.05017, -0.769, 0.44271845), (2.0503483, -0.7652721, 0.4455734), (2.050581, -0.76241153, 0.44929406), (2.0508516, -0.7606133, 0.45362687), (1.28, -0.355, 0.2955), (1.28, -0.35566443, 0.30054697), (1.28, -0.3576125, 0.30525), (1.28, -0.36071143, 0.3092886), (1.28, -0.36475, 0.3123875), (1.28, -0.36945304, 0.31433555), (1.28, -0.4655, 0.315), (1.28, -0.47054696, 0.31433555), (1.28, -0.47525, 0.3123875), (1.28, -0.47928858, 0.3092886), (1.28, -0.48238748, 0.30525), (1.28, -0.48433554, 0.30054697), (1.28, -0.485, 0.1845), (1.28, -0.48433554, 0.17945303), (1.28, -0.48238748, 0.17475), (1.28, -0.47928858, 0.17071141), (1.28, -0.47525, 0.16761251), (1.28, -0.47054696, 0.16566445), (1.28, -0.3745, 0.165), (1.28, -0.36945304, 0.16566445), (1.28, -0.36475, 0.16761251), (1.28, -0.36071143, 0.17071141), (1.28, -0.3576125, 0.17475), (1.28, -0.35566443, 0.17945303), (2.04, -0.355, 0.2955), (2.04, -0.35566443, 0.30054697), (2.04, -0.3576125, 0.30525), (2.04, -0.36071143, 0.3092886), (2.04, -0.36475, 0.3123875), (2.04, -0.36945304, 0.31433555), (2.04, -0.4655, 0.315), (2.04, -0.47054696, 0.31433555), (2.04, -0.47525, 0.3123875), (2.04, -0.47928858, 0.3092886), (2.04, -0.48238748, 0.30525), (2.04, -0.48433554, 0.30054697), (2.04, -0.485, 0.1845), (2.04, -0.48433554, 0.17945303), (2.04, -0.48238748, 0.17475), (2.04, -0.47928858, 0.17071141), (2.04, -0.47525, 0.16761251), (2.04, -0.47054696, 0.16566445), (2.04, -0.3745, 0.165), (2.04, -0.36945304, 0.16566445), (2.04, -0.36475, 0.16761251), (2.04, -0.36071143, 0.17071141), (2.04, -0.3576125, 0.17475), (2.04, -0.35566443, 0.17945303), (-1.28, -0.395, 0.1845), (-1.28, -0.39566445, 0.17945303), (-1.28, -0.3976125, 0.17475), (-1.28, -0.40071142, 0.17071141), (-1.28, -0.40475, 0.16761251), (-1.28, -0.40945303, 0.16566445), (-1.28, -0.5055, 0.165), (-1.28, -0.510547, 0.16566445), (-1.28, -0.51525, 0.16761251), (-1.28, -0.5192886, 0.17071141), (-1.28, -0.5223875, 0.17475), (-1.28, -0.52433556, 0.17945303), (-1.28, -0.525, 0.2955), (-1.28, -0.52433556, 0.30054697), (-1.28, -0.5223875, 0.30525), (-1.28, -0.5192886, 0.3092886), (-1.28, -0.51525, 0.3123875), (-1.28, -0.510547, 0.31433555), (-1.28, -0.4145, 0.315), (-1.28, -0.40945303, 0.31433555), (-1.28, -0.40475, 0.3123875), (-1.28, -0.40071142, 0.3092886), (-1.28, -0.3976125, 0.30525), (-1.28, -0.39566445, 0.30054697), (-2.04, -0.395, 0.1845), (-2.04, -0.39566445, 0.17945303), (-2.04, -0.3976125, 0.17475), (-2.04, -0.40071142, 0.17071141), (-2.04, -0.40475, 0.16761251), (-2.04, -0.40945303, 0.16566445), (-2.04, -0.5055, 0.165), (-2.04, -0.510547, 0.16566445), (-2.04, -0.51525, 0.16761251), (-2.04, -0.5192886, 0.17071141), (-2.04, -0.5223875, 0.17475), (-2.04, -0.52433556, 0.17945303), (-2.04, -0.525, 0.2955), (-2.04, -0.52433556, 0.30054697), (-2.04, -0.5223875, 0.30525), (-2.04, -0.5192886, 0.3092886), (-2.04, -0.51525, 0.3123875), (-2.04, -0.510547, 0.31433555), (-2.04, -0.4145, 0.315), (-2.04, -0.40945303, 0.31433555), (-2.04, -0.40475, 0.3123875), (-2.04, -0.40071142, 0.3092886), (-2.04, -0.3976125, 0.30525), (-2.04, -0.39566445, 0.30054697), (-1.72, -0.78, 0.12), (-1.72, -0.78, 0.15), (-1.72, 0.78, 0.12), (-1.72, 0.78, 0.15), (1.72, -0.78, 0.12), (1.72, -0.78, 0.15), (1.72, 0.78, 0.12), (1.72, 0.78, 0.15), (-1.26, -0.17, 0.15), (-1.26, -0.17, 0.36), (-1.26, 0.17, 0.15), (-1.26, 0.17, 0.36), (1.3, -0.17, 0.15), (1.3, -0.17, 0.36), (1.3, 0.17, 0.15), (1.3, 0.17, 0.36), (0.92, -0.78, 0.15), (0.92, -0.78, 0.3), (0.92, 0.78, 0.15), (0.92, 0.78, 0.3), (1.04, -0.78, 0.15), (1.04, -0.78, 0.3), (1.04, 0.78, 0.15), (1.04, 0.78, 0.3), (0.04, -0.78, 0.15), (0.04, -0.78, 0.28), (0.04, 0.78, 0.15), (0.04, 0.78, 0.28), (0.16, -0.78, 0.15), (0.16, -0.78, 0.28), (0.16, 0.78, 0.15), (0.16, 0.78, 0.28), (-0.94, -0.78, 0.15), (-0.94, -0.78, 0.3), (-0.94, 0.78, 0.15), (-0.94, 0.78, 0.3), (-0.82, -0.78, 0.15), (-0.82, -0.78, 0.3), (-0.82, 0.78, 0.15), (-0.82, 0.78, 0.3), (1.66, -0.78, 0.15), (1.66, -0.78, 0.94), (1.66, 0.78, 0.15), (1.66, 0.78, 0.94), (1.76, -0.78, 0.15), (1.76, -0.78, 0.94), (1.76, 0.78, 0.15), (1.76, 0.78, 0.94), (-1.48, -0.78, 0.15), (-1.48, -0.78, 0.8), (-1.48, 0.78, 0.15), (-1.48, 0.78, 0.8), (-1.38, -0.78, 0.15), (-1.38, -0.78, 0.8), (-1.38, 0.78, 0.15), (-1.38, 0.78, 0.8), (1.52, -0.8, 0.86), (1.52, -0.8, 0.96), (1.52, 0.8, 0.86), (1.52, 0.8, 0.96), (1.66, -0.8, 0.86), (1.66, -0.8, 0.96), (1.66, 0.8, 0.86), (1.66, 0.8, 0.96), (1.4, -0.82, 1.14), (1.4, -0.82, 1.26), (1.4, 0.82, 1.14), (1.4, 0.82, 1.26), (1.52, -0.82, 1.14), (1.52, -0.82, 1.26), (1.52, 0.82, 1.14), (1.52, 0.82, 1.26), (-0.98, -0.82, 1.1), (-0.98, -0.82, 1.22), (-0.98, 0.82, 1.1), (-0.98, 0.82, 1.22), (-0.86, -0.82, 1.1), (-0.86, -0.82, 1.22), (-0.86, 0.82, 1.1), (-0.86, 0.82, 1.22), (-1.44, -0.84, 1.24), (1.44, -0.84, 1.24), (-1.44, 0.84, 1.24), (1.44, 0.84, 1.24), (-1.44, -0.84, 1.32), (1.44, -0.84, 1.32), (-1.44, -0.63, 1.355), (1.44, -0.63, 1.355), (-1.44, -0.42, 1.38), (1.44, -0.42, 1.38), (-1.44, -0.21, 1.395), (1.44, -0.21, 1.395), (-1.44, 0, 1.4), (1.44, 0, 1.4), (-1.44, 0.21, 1.395), (1.44, 0.21, 1.395), (-1.44, 0.42, 1.38), (1.44, 0.42, 1.38), (-1.44, 0.63, 1.355), (1.44, 0.63, 1.355), (-1.44, 0.84, 1.32), (1.44, 0.84, 1.32), (0.5, -0.82, 1.16), (0.5, -0.82, 1.25), (0.5, 0.82, 1.16), (0.5, 0.82, 1.25), (0.62, -0.82, 1.16), (0.62, -0.82, 1.25), (0.62, 0.82, 1.16), (0.62, 0.82, 1.25), (-0.5, -0.82, 1.16), (-0.5, -0.82, 1.25), (-0.5, 0.82, 1.16), (-0.5, 0.82, 1.25), (-0.38, -0.82, 1.16), (-0.38, -0.82, 1.25), (-0.38, 0.82, 1.16), (-0.38, 0.82, 1.25), (2, -0.62, 0.2), (2, -0.62, 0.62), (2, 0.62, 0.2), (2, 0.62, 0.62), (2.08, -0.62, 0.2), (2.08, -0.62, 0.62), (2.08, 0.62, 0.2), (2.08, 0.62, 0.62), (-2.08, -0.66, 0.18), (-2.08, -0.66, 0.62), (-2.08, 0.66, 0.18), (-2.08, 0.66, 0.62), (-2, -0.66, 0.18), (-2, -0.66, 0.62), (-2, 0.66, 0.18), (-2, 0.66, 0.62)]
        uniform token subdivisionScheme = "none"
    }

    def Mesh "collision_rocker_l" (
        prepend apiSchemas = ["PhysicsCollisionAPI", "PhysicsMeshCollisionAPI"]
    )
    {
        int[] faceVertexCounts = [3, 3, 3, 3, 3, 3, 3, 3, 3, 3, 3, 3, 3, 3, 3, 3, 3, 3, 3, 3, 3, 3, 3, 3, 3, 3, 3, 3, 3, 3, 3, 3, 3, 3, 3, 3, 3, 3, 3, 3, 3, 3, 3, 3, 3, 3, 3, 3, 3, 3, 3, 3, 3, 3, 3, 3, 3, 3, 3, 3, 3, 3, 3, 3, 3, 3, 3, 3, 3, 3, 3, 3, 3, 3, 3, 3, 3, 3, 3, 3, 3, 3, 3, 3, 3, 3, 3, 3, 3, 3, 3, 3]
        int[] faceVertexIndices = [47, 23, 0, 0, 24, 47, 36, 11, 12, 35, 11, 36, 30, 5, 6, 30, 29, 5, 25, 24, 0, 0, 1, 25, 25, 1, 2, 2, 26, 25, 18, 42, 41, 41, 17, 18, 28, 4, 5, 5, 29, 28, 7, 30, 6, 7, 31, 30, 22, 23, 46, 23, 47, 46, 37, 36, 12, 12, 13, 37, 37, 13, 14, 14, 38, 37, 27, 26, 2, 2, 3, 27, 27, 3, 4, 4, 28, 27, 34, 11, 35, 34, 10, 11, 34, 9, 10, 33, 9, 34, 31, 7, 32, 32, 7, 8, 8, 9, 32, 32, 9, 33, 42, 18, 43, 18, 19, 43, 15, 39, 38, 15, 38, 14, 40, 47, 24, 35, 36, 40, 41, 42, 40, 24, 25, 40, 26, 27, 40, 40, 46, 47, 29, 30, 40, 40, 28, 29, 40, 25, 26, 30, 31, 40, 44, 45, 40, 42, 43, 40, 36, 37, 40, 40, 34, 35, 31, 32, 40, 38, 39, 40, 40, 37, 38, 40, 27, 28, 33, 34, 40, 40, 32, 33, 40, 45, 46, 40, 43, 44, 40, 17, 41, 40, 16, 17, 40, 15, 16, 39, 15, 40, 20, 43, 19, 44, 43, 20, 0, 23, 21, 12, 11, 21, 17, 16, 21, 6, 5, 21, 11, 10, 21, 21, 23, 22, 21, 1, 0, 5, 4, 21, 21, 3, 2, 2, 1, 21, 21, 7, 6, 21, 15, 14, 21, 13, 12, 4, 3, 21, 21, 18, 17, 14, 13, 21, 21, 9, 8, 8, 7, 21, 21, 19, 18, 10, 9, 21, 16, 15, 21, 21, 20, 19, 22, 46, 21, 46, 45, 21, 21, 45, 44, 44, 20, 21]
        uniform token physics:approximation = "convexHull"
        point3f[] points = [(-1.02, 0.875, 0.3235), (-1.02, 0.87443775, 0.3277705), (-1.02, 0.87278944, 0.33175), (-1.02, 0.87016726, 0.33516726), (-1.02, 0.86675, 0.33778942), (-1.02, 0.8627705, 0.33943778), (-1.02, 0.7815, 0.34), (-1.02, 0.7772295, 0.33943778), (-1.02, 0.77325, 0.33778942), (-1.02, 0.76983273, 0.33516726), (-1.02, 0.7672106, 0.33175), (-1.02, 0.76556224, 0.3277705), (-1.02, 0.765, 0.1365), (-1.02, 0.76556224, 0.13222949), (-1.02, 0.7672106, 0.12825), (-1.02, 0.76983273, 0.124832734), (-1.02, 0.77325, 0.12221058), (-1.02, 0.7772295, 0.120562226), (-1.02, 0.8585, 0.12), (-1.02, 0.8627705, 0.120562226), (-1.02, 0.86675, 0.12221058), (-1.02, 0.87016726, 0.124832734), (-1.02, 0.87278944, 0.12825), (-1.02, 0.87443775, 0.13222949), (1.02, 0.875, 0.3235), (1.02, 0.87443775, 0.3277705), (1.02, 0.87278944, 0.33175), (1.02, 0.87016726, 0.33516726), (1.02, 0.86675, 0.33778942), (1.02, 0.8627705, 0.33943778), (1.02, 0.7815, 0.34), (1.02, 0.7772295, 0.33943778), (1.02, 0.77325, 0.33778942), (1.02, 0.76983273, 0.33516726), (1.02, 0.7672106, 0.33175), (1.02, 0.76556224, 0.3277705), (1.02, 0.765, 0.1365), (1.02, 0.76556224, 0.13222949), (1.02, 0.7672106, 0.12825), (1.02, 0.76983273, 0.124832734), (1.02, 0.77325, 0.12221058), (1.02, 0.7772295, 0.120562226), (1.02, 0.8585, 0.12), (1.02, 0.8627705, 0.120562226), (1.02, 0.86675, 0.12221058), (1.02, 0.87016726, 0.124832734), (1.02, 0.87278944, 0.12825), (1.02, 0.87443775, 0.13222949)]
        uniform token purpose = "guide"
        uniform token subdivisionScheme = "none"
    }

    def Mesh "collision_a_pillar_l" (
        prepend apiSchemas = ["PhysicsCollisionAPI", "PhysicsMeshCollisionAPI"]
    )
    {
        int[] faceVertexCounts = [3, 3, 3, 3, 3, 3, 3, 3, 3, 3, 3, 3, 3, 3, 3, 3, 3, 3, 3, 3, 3, 3, 3, 3, 3, 3, 3, 3, 3, 3, 3, 3, 3, 3, 3, 3, 3, 3, 3, 3, 3, 3, 3, 3, 3, 3, 3, 3, 3, 3, 3, 3, 3, 3, 3, 3, 3, 3, 3, 3, 3, 3, 3, 3, 3, 3, 3, 3, 3, 3, 3, 3, 3, 3, 3, 3, 3, 3, 3, 3, 3, 3, 3, 3, 3, 3, 3, 3, 3, 3, 3, 3]
        int[] faceVertexIndices = [30, 5, 6, 29, 5, 30, 47, 23, 0, 0, 24, 47, 42, 41, 17, 17, 18, 42, 7, 30, 6, 7, 31, 30, 46, 22, 23, 23, 47, 46, 21, 22, 46, 46, 45, 21, 18, 19, 43, 42, 18, 43, 28, 5, 29, 28, 4, 5, 3, 4, 28, 28, 27, 3, 44, 20, 21, 21, 45, 44, 19, 20, 44, 44, 43, 19, 25, 24, 0, 0, 1, 25, 15, 39, 38, 38, 14, 15, 33, 32, 8, 8, 9, 33, 31, 7, 8, 8, 32, 31, 12, 36, 35, 12, 35, 11, 9, 10, 34, 33, 9, 34, 34, 10, 11, 11, 35, 34, 16, 17, 41, 41, 40, 16, 16, 40, 39, 39, 15, 16, 0, 23, 2, 5, 4, 2, 6, 5, 2, 2, 7, 6, 23, 22, 2, 2, 19, 18, 18, 17, 2, 9, 8, 2, 2, 22, 21, 21, 20, 2, 2, 10, 9, 2, 1, 0, 2, 20, 19, 2, 4, 3, 2, 15, 14, 14, 13, 2, 11, 10, 2, 17, 16, 2, 2, 8, 7, 2, 12, 11, 2, 16, 15, 2, 13, 12, 3, 27, 2, 27, 26, 2, 2, 25, 1, 2, 26, 25, 37, 46, 47, 38, 39, 37, 37, 41, 42, 29, 30, 37, 42, 43, 37, 37, 40, 41, 37, 47, 24, 30, 31, 37, 37, 32, 33, 37, 44, 45, 37, 28, 29, 24, 25, 37, 45, 46, 37, 37, 26, 27, 27, 28, 37, 39, 40, 37, 31, 32, 37, 35, 36, 37, 43, 44, 37, 33, 34, 37, 37, 34, 35, 25, 26, 37, 37, 14, 38, 37, 13, 14, 36, 12, 37, 12, 13, 37]
        uniform token physics:approximation = "convexHull"
        point3f[] points = [(0.95192826, 0.87, 0.42399043), (0.9486437, 0.8694889, 0.42606014), (0.9455829, 0.8679904, 0.42798883), (0.94295466, 0.8656066, 0.42964503), (0.9409379, 0.8625, 0.43091586), (0.9396701, 0.8588823, 0.43171474), (0.93923765, 0.785, 0.43198723), (0.9396701, 0.78111774, 0.43171474), (0.9409379, 0.7775, 0.43091586), (0.94295466, 0.7743934, 0.42964503), (0.9455829, 0.7720096, 0.42798883), (0.9486437, 0.7705111, 0.42606014), (1.0280718, 0.77, 0.37600958), (1.0313563, 0.7705111, 0.37393984), (1.034417, 0.7720096, 0.37201115), (1.0370454, 0.7743934, 0.37035498), (1.0390621, 0.7775, 0.36908412), (1.0403299, 0.78111774, 0.36828524), (1.0407623, 0.855, 0.36801276), (1.0403299, 0.8588823, 0.36828524), (1.0390621, 0.8625, 0.36908412), (1.0370454, 0.8656066, 0.37035498), (1.034417, 0.8679904, 0.37201115), (1.0313563, 0.8694889, 0.37393984), (1.4119282, 0.87, 1.1539904), (1.4086437, 0.8694889, 1.1560601), (1.4055829, 0.8679904, 1.1579888), (1.4029546, 0.8656066, 1.1596451), (1.4009379, 0.8625, 1.1609159), (1.3996701, 0.8588823, 1.1617148), (1.3992376, 0.785, 1.1619872), (1.3996701, 0.78111774, 1.1617148), (1.4009379, 0.7775, 1.1609159), (1.4029546, 0.7743934, 1.1596451), (1.4055829, 0.7720096, 1.1579888), (1.4086437, 0.7705111, 1.1560601), (1.4880718, 0.77, 1.1060096), (1.4913564, 0.7705111, 1.1039399), (1.4944171, 0.7720096, 1.1020112), (1.4970454, 0.7743934, 1.100355), (1.4990622, 0.7775, 1.0990841), (1.50033, 0.78111774, 1.0982852), (1.5007623, 0.855, 1.0980128), (1.50033, 0.8588823, 1.0982852), (1.4990622, 0.8625, 1.0990841), (1.4970454, 0.8656066, 1.100355), (1.4944171, 0.8679904, 1.1020112), (1.4913564, 0.8694889, 1.1039399)]
        uniform token purpose = "guide"
        uniform token subdivisionScheme = "none"
    }

    def Mesh "collision_b_pillar_l" (
        prepend apiSchemas = ["PhysicsCollisionAPI", "PhysicsMeshCollisionAPI"]
    )
    {
        int[] faceVertexCounts = [3, 3, 3, 3, 3, 3, 3, 3, 3, 3, 3, 3, 3, 3, 3, 3, 3, 3, 3, 3, 3, 3, 3, 3, 3, 3, 3, 3, 3, 3, 3, 3, 3, 3, 3, 3, 3, 3, 3, 3, 3, 3, 3, 3, 3, 3, 3, 3, 3, 3, 3, 3, 3, 3, 3, 3, 3, 3, 3, 3, 3, 3, 3, 3, 3, 3, 3, 3, 3, 3, 3, 3, 3, 3, 3, 3, 3, 3, 3, 3, 3, 3, 3, 3, 3, 3, 3, 3, 3, 3, 3, 3]
        int[] faceVertexIndices = [36, 11, 12, 35, 11, 36, 29, 5, 6, 6, 30, 29, 23, 0, 47, 47, 0, 24, 42, 17, 18, 41, 17, 42, 5, 29, 4, 29, 28, 4, 31, 30, 6, 6, 7, 31, 31, 7, 8, 8, 32, 31, 8, 9, 33, 33, 32, 8, 37, 36, 12, 12, 13, 37, 37, 13, 14, 14, 38, 37, 23, 47, 22, 47, 46, 22, 19, 42, 18, 19, 43, 42, 44, 19, 20, 43, 19, 44, 0, 1, 25, 24, 0, 25, 1, 2, 25, 25, 2, 26, 27, 4, 28, 3, 4, 27, 27, 2, 3, 26, 2, 27, 34, 11, 35, 34, 10, 11, 9, 10, 34, 34, 33, 9, 15, 39, 38, 15, 38, 14, 36, 37, 40, 41, 42, 40, 35, 36, 40, 30, 31, 40, 40, 47, 24, 40, 29, 30, 40, 27, 28, 45, 46, 40, 40, 28, 29, 40, 44, 45, 40, 34, 35, 40, 46, 47, 42, 43, 40, 24, 25, 40, 40, 31, 32, 32, 33, 40, 38, 39, 40, 40, 37, 38, 43, 44, 40, 40, 25, 26, 26, 27, 40, 33, 34, 40, 40, 17, 41, 40, 16, 17, 40, 15, 16, 39, 15, 40, 23, 22, 21, 21, 19, 18, 6, 5, 21, 12, 11, 21, 18, 17, 21, 17, 16, 21, 11, 10, 21, 21, 7, 6, 21, 0, 23, 21, 9, 8, 8, 7, 21, 21, 13, 12, 21, 1, 0, 21, 4, 3, 21, 10, 9, 14, 13, 21, 3, 2, 21, 5, 4, 21, 21, 15, 14, 20, 19, 21, 21, 2, 1, 16, 15, 21, 45, 44, 21, 21, 44, 20, 21, 46, 45, 21, 22, 46]
        uniform token physics:approximation = "convexHull"
        point3f[] points = [(0.0215, 0.88, 0.36), (0.017229486, 0.8794378, 0.36), (0.01325, 0.87778944, 0.36), (0.009832738, 0.87516725, 0.36), (0.0072105806, 0.87175, 0.36), (0.005562224, 0.8677705, 0.36), (0.005, 0.7765, 0.36), (0.005562224, 0.7722295, 0.36), (0.0072105806, 0.76825, 0.36), (0.009832738, 0.76483274, 0.36), (0.01325, 0.7622106, 0.36), (0.017229486, 0.76056224, 0.36), (0.0985, 0.76, 0.36), (0.102770515, 0.76056224, 0.36), (0.10675, 0.7622106, 0.36), (0.110167265, 0.76483274, 0.36), (0.11278942, 0.76825, 0.36), (0.114437774, 0.7722295, 0.36), (0.115, 0.8635, 0.36), (0.114437774, 0.8677705, 0.36), (0.11278942, 0.87175, 0.36), (0.110167265, 0.87516725, 0.36), (0.10675, 0.87778944, 0.36), (0.102770515, 0.8794378, 0.36), (0.0215, 0.88, 1.18), (0.017229486, 0.8794378, 1.18), (0.01325, 0.87778944, 1.18), (0.009832738, 0.87516725, 1.18), (0.0072105806, 0.87175, 1.18), (0.005562224, 0.8677705, 1.18), (0.005, 0.7765, 1.18), (0.005562224, 0.7722295, 1.18), (0.0072105806, 0.76825, 1.18), (0.009832738, 0.76483274, 1.18), (0.01325, 0.7622106, 1.18), (0.017229486, 0.76056224, 1.18), (0.0985, 0.76, 1.18), (0.102770515, 0.76056224, 1.18), (0.10675, 0.7622106, 1.18), (0.110167265, 0.76483274, 1.18), (0.11278942, 0.76825, 1.18), (0.114437774, 0.7722295, 1.18), (0.115, 0.8635, 1.18), (0.114437774, 0.8677705, 1.18), (0.11278942, 0.87175, 1.18), (0.110167265, 0.87516725, 1.18), (0.10675, 0.87778944, 1.18), (0.102770515, 0.8794378, 1.18)]
        uniform token purpose = "guide"
        uniform token subdivisionScheme = "none"
    }

    def Mesh "collision_c_pillar_l" (
        prepend apiSchemas = ["PhysicsCollisionAPI", "PhysicsMeshCollisionAPI"]
    )
    {
        int[] faceVertexCounts = [3, 3, 3, 3, 3, 3, 3, 3, 3, 3, 3, 3, 3, 3, 3, 3, 3, 3, 3, 3, 3, 3, 3, 3, 3, 3, 3, 3, 3, 3, 3, 3, 3, 3, 3, 3, 3, 3, 3, 3, 3, 3, 3, 3, 3, 3, 3, 3, 3, 3, 3, 3, 3, 3, 3, 3, 3, 3, 3, 3, 3, 3, 3, 3, 3, 3, 3, 3, 3, 3, 3, 3, 3, 3, 3, 3, 3, 3, 3, 3, 3, 3, 3, 3, 3, 3, 3, 3, 3, 3, 3, 3]
        int[] faceVertexIndices = [42, 41, 18, 41, 17, 18, 30, 5, 6, 29, 5, 30, 35, 11, 12, 12, 36, 35, 24, 23, 0, 24, 47, 23, 13, 37, 36, 13, 36, 12, 38, 37, 13, 13, 14, 38, 46, 22, 23, 23, 47, 46, 21, 22, 46, 46, 45, 21, 41, 40, 16, 16, 17, 41, 11, 35, 10, 35, 34, 10, 10, 34, 33, 33, 9, 10, 25, 24, 0, 0, 1, 25, 25, 1, 2, 2, 26, 25, 21, 45, 20, 45, 44, 20, 38, 14, 15, 15, 39, 38, 40, 39, 15, 15, 16, 40, 31, 30, 6, 6, 7, 31, 2, 3, 27, 27, 26, 2, 32, 8, 9, 32, 9, 33, 32, 7, 8, 32, 31, 7, 33, 34, 28, 28, 41, 42, 29, 30, 28, 36, 37, 28, 28, 40, 41, 28, 35, 36, 28, 37, 38, 28, 46, 47, 24, 25, 28, 38, 39, 28, 47, 24, 28, 42, 43, 28, 28, 39, 40, 28, 34, 35, 28, 32, 33, 45, 46, 28, 28, 44, 45, 28, 25, 26, 30, 31, 28, 26, 27, 28, 28, 43, 44, 31, 32, 28, 28, 5, 29, 28, 4, 5, 28, 3, 4, 28, 27, 3, 19, 22, 21, 17, 16, 19, 0, 23, 19, 12, 11, 19, 6, 5, 19, 5, 4, 19, 19, 3, 2, 23, 22, 19, 19, 1, 0, 19, 18, 17, 19, 13, 12, 19, 7, 6, 14, 13, 19, 11, 10, 19, 9, 8, 19, 2, 1, 19, 21, 20, 19, 8, 7, 19, 19, 10, 9, 4, 3, 19, 19, 15, 14, 16, 15, 19, 42, 18, 19, 19, 43, 42, 19, 20, 44, 44, 43, 19]
        uniform token physics:approximation = "convexHull"
        point3f[] points = [(-0.8663584, 0.875, 1.1050645), (-0.86339617, 0.87443775, 1.1019883), (-0.8606358, 0.87278944, 1.0991218), (-0.85826546, 0.87016726, 1.0966603), (-0.8564466, 0.86675, 1.0947715), (-0.8553033, 0.8627705, 1.0935842), (-0.8549133, 0.7815, 1.0931792), (-0.8553033, 0.7772295, 1.0935842), (-0.8564466, 0.77325, 1.0947715), (-0.85826546, 0.76983273, 1.0966603), (-0.8606358, 0.7672106, 1.0991218), (-0.86339617, 0.76556224, 1.1019883), (-0.9336416, 0.765, 1.1749356), (-0.93660384, 0.76556224, 1.1780117), (-0.9393642, 0.7672106, 1.1808782), (-0.9417345, 0.76983273, 1.1833397), (-0.9435534, 0.77325, 1.1852285), (-0.9446967, 0.7772295, 1.1864158), (-0.9450867, 0.8585, 1.1868209), (-0.9446967, 0.8627705, 1.1864158), (-0.9435534, 0.86675, 1.1852285), (-0.9417345, 0.87016726, 1.1833397), (-0.9393642, 0.87278944, 1.1808782), (-0.93660384, 0.87443775, 1.1780117), (-1.4063584, 0.875, 0.5850645), (-1.4033961, 0.87443775, 0.58198833), (-1.4006358, 0.87278944, 0.5791218), (-1.3982655, 0.87016726, 0.5766603), (-1.3964466, 0.86675, 0.5747715), (-1.3953032, 0.8627705, 0.57358414), (-1.3949133, 0.7815, 0.5731792), (-1.3953032, 0.7772295, 0.57358414), (-1.3964466, 0.77325, 0.5747715), (-1.3982655, 0.76983273, 0.5766603), (-1.4006358, 0.7672106, 0.5791218), (-1.4033961, 0.76556224, 0.58198833), (-1.4736416, 0.765, 0.65493554), (-1.4766039, 0.76556224, 0.6580117), (-1.4793642, 0.7672106, 0.6608782), (-1.4817345, 0.76983273, 0.6633397), (-1.4835534, 0.77325, 0.6652285), (-1.4846967, 0.7772295, 0.6664158), (-1.4850867, 0.8585, 0.6668208), (-1.4846967, 0.8627705, 0.6664158), (-1.4835534, 0.86675, 0.6652285), (-1.4817345, 0.87016726, 0.6633397), (-1.4793642, 0.87278944, 0.6608782), (-1.4766039, 0.87443775, 0.6580117)]
        uniform token purpose = "guide"
        uniform token subdivisionScheme = "none"
    }

    def Mesh "collision_roof_rail_l" (
        prepend apiSchemas = ["PhysicsCollisionAPI", "PhysicsMeshCollisionAPI"]
    )
    {
        int[] faceVertexCounts = [3, 3, 3, 3, 3, 3, 3, 3, 3, 3, 3, 3, 3, 3, 3, 3, 3, 3, 3, 3, 3, 3, 3, 3, 3, 3, 3, 3, 3, 3, 3, 3, 3, 3, 3, 3, 3, 3, 3, 3, 3, 3, 3, 3, 3, 3, 3, 3, 3, 3, 3, 3, 3, 3, 3, 3, 3, 3, 3, 3, 3, 3, 3, 3, 3, 3, 3, 3, 3, 3, 3, 3, 3, 3, 3, 3, 3, 3, 3, 3, 3, 3, 3, 3, 3, 3, 3, 3, 3, 3, 3, 3]
        int[] faceVertexIndices = [47, 23, 0, 0, 24, 47, 42, 17, 18, 41, 17, 42, 5, 6, 30, 30, 29, 5, 35, 11, 12, 12, 36, 35, 25, 24, 0, 0, 1, 25, 25, 1, 2, 2, 26, 25, 40, 17, 41, 40, 16, 17, 9, 10, 34, 34, 33, 9, 34, 10, 11, 11, 35, 34, 19, 42, 18, 19, 43, 42, 20, 21, 44, 44, 21, 45, 44, 19, 20, 43, 19, 44, 6, 7, 31, 31, 30, 6, 28, 4, 5, 5, 29, 28, 39, 14, 15, 38, 14, 39, 15, 16, 39, 16, 40, 39, 23, 47, 22, 47, 46, 22, 22, 46, 45, 45, 21, 22, 32, 8, 9, 9, 33, 32, 7, 8, 32, 32, 31, 7, 41, 42, 27, 27, 44, 45, 27, 47, 24, 33, 34, 27, 24, 25, 27, 27, 40, 41, 45, 46, 27, 38, 39, 27, 29, 30, 27, 27, 28, 29, 27, 35, 36, 27, 46, 47, 42, 43, 27, 27, 25, 26, 36, 37, 27, 27, 34, 35, 43, 44, 27, 30, 31, 27, 27, 32, 33, 27, 37, 38, 27, 39, 40, 31, 32, 27, 27, 26, 2, 2, 3, 27, 27, 3, 4, 4, 28, 27, 0, 23, 13, 13, 3, 2, 13, 1, 0, 12, 11, 13, 18, 17, 13, 17, 16, 13, 13, 19, 18, 13, 10, 9, 13, 6, 5, 5, 4, 13, 23, 22, 13, 13, 16, 15, 2, 1, 13, 13, 7, 6, 9, 8, 13, 11, 10, 13, 13, 8, 7, 4, 3, 13, 15, 14, 13, 13, 21, 20, 20, 19, 13, 13, 22, 21, 13, 36, 12, 13, 37, 36, 38, 37, 13, 13, 14, 38]
        uniform token physics:approximation = "convexHull"
        point3f[] points = [(-1.46, 0.87, 1.25), (-1.46, 0.8694889, 1.2538823), (-1.46, 0.8679904, 1.2575), (-1.46, 0.8656066, 1.2606066), (-1.46, 0.8625, 1.2629904), (-1.46, 0.8588823, 1.2644889), (-1.46, 0.785, 1.265), (-1.46, 0.78111774, 1.2644889), (-1.46, 0.7775, 1.2629904), (-1.46, 0.7743934, 1.2606066), (-1.46, 0.7720096, 1.2575), (-1.46, 0.7705111, 1.2538823), (-1.46, 0.77, 1.17), (-1.46, 0.7705111, 1.1661177), (-1.46, 0.7720096, 1.1625), (-1.46, 0.7743934, 1.1593934), (-1.46, 0.7775, 1.1570096), (-1.46, 0.78111774, 1.1555111), (-1.46, 0.855, 1.155), (-1.46, 0.8588823, 1.1555111), (-1.46, 0.8625, 1.1570096), (-1.46, 0.8656066, 1.1593934), (-1.46, 0.8679904, 1.1625), (-1.46, 0.8694889, 1.1661177), (1.46, 0.87, 1.25), (1.46, 0.8694889, 1.2538823), (1.46, 0.8679904, 1.2575), (1.46, 0.8656066, 1.2606066), (1.46, 0.8625, 1.2629904), (1.46, 0.8588823, 1.2644889), (1.46, 0.785, 1.265), (1.46, 0.78111774, 1.2644889), (1.46, 0.7775, 1.2629904), (1.46, 0.7743934, 1.2606066), (1.46, 0.7720096, 1.2575), (1.46, 0.7705111, 1.2538823), (1.46, 0.77, 1.17), (1.46, 0.7705111, 1.1661177), (1.46, 0.7720096, 1.1625), (1.46, 0.7743934, 1.1593934), (1.46, 0.7775, 1.1570096), (1.46, 0.78111774, 1.1555111), (1.46, 0.855, 1.155), (1.46, 0.8588823, 1.1555111), (1.46, 0.8625, 1.1570096), (1.46, 0.8656066, 1.1593934), (1.46, 0.8679904, 1.1625), (1.46, 0.8694889, 1.1661177)]
        uniform token purpose = "guide"
        uniform token subdivisionScheme = "none"
    }

    def Mesh "collision_front_arch_l_1" (
        prepend apiSchemas = ["PhysicsCollisionAPI", "PhysicsMeshCollisionAPI"]
    )
    {
        int[] faceVertexCounts = [3, 3, 3, 3, 3, 3, 3, 3, 3, 3, 3, 3, 3, 3, 3, 3, 3, 3, 3, 3, 3, 3, 3, 3, 3, 3, 3, 3, 3, 3, 3, 3, 3, 3, 3, 3, 3, 3, 3, 3, 3, 3, 3, 3, 3, 3, 3, 3, 3, 3, 3, 3, 3, 3, 3, 3, 3, 3, 3, 3, 3, 3, 3, 3, 3, 3, 3, 3, 3, 3, 3, 3, 3, 3, 3, 3, 3, 3, 3, 3, 3, 3, 3, 3, 3, 3, 3, 3, 3, 3, 3, 3]
        int[] faceVertexIndices = [6, 30, 29, 6, 29, 5, 36, 35, 11, 42, 41, 18, 18, 41, 17, 31, 30, 6, 36, 11, 12, 24, 23, 0, 47, 23, 24, 17, 41, 40, 32, 31, 7, 7, 31, 6, 46, 45, 21, 21, 45, 20, 18, 19, 43, 42, 18, 43, 3, 4, 27, 32, 7, 8, 9, 34, 33, 33, 8, 9, 32, 8, 33, 10, 34, 9, 35, 34, 10, 10, 11, 35, 36, 12, 13, 16, 40, 39, 17, 40, 16, 22, 46, 21, 47, 46, 22, 22, 23, 47, 19, 20, 44, 44, 43, 19, 44, 20, 45, 1, 24, 0, 28, 27, 4, 28, 4, 5, 28, 5, 29, 26, 2, 3, 3, 27, 26, 36, 13, 37, 37, 13, 14, 14, 38, 37, 15, 16, 39, 39, 38, 15, 15, 38, 14, 25, 1, 2, 2, 26, 25, 24, 1, 25, 6, 5, 15, 15, 13, 12, 21, 20, 15, 15, 18, 17, 5, 4, 15, 15, 7, 6, 0, 23, 15, 9, 8, 15, 15, 12, 11, 15, 19, 18, 17, 16, 15, 15, 4, 3, 15, 22, 21, 11, 10, 15, 15, 20, 19, 3, 2, 15, 15, 8, 7, 15, 10, 9, 14, 13, 15, 15, 1, 0, 23, 22, 15, 2, 1, 15, 32, 33, 25, 25, 41, 42, 25, 29, 30, 25, 35, 36, 30, 31, 25, 25, 40, 41, 25, 46, 47, 42, 43, 25, 25, 31, 32, 25, 34, 35, 47, 24, 25, 39, 40, 25, 25, 44, 45, 45, 46, 25, 36, 37, 25, 25, 28, 29, 25, 33, 34, 25, 38, 39, 43, 44, 25, 27, 28, 25, 25, 26, 27, 25, 37, 38]
        uniform token physics:approximation = "convexHull"
        point3f[] points = [(0.87889856, 0.87, 0.3814521), (0.87558836, 0.8694889, 0.3834806), (0.87250376, 0.8679904, 0.38537085), (0.8698549, 0.8656066, 0.38699406), (0.8678224, 0.8625, 0.3882396), (0.8665447, 0.8588823, 0.38902256), (0.86610895, 0.785, 0.38928962), (0.8665447, 0.78111774, 0.38902256), (0.8678224, 0.7775, 0.3882396), (0.8698549, 0.7743934, 0.38699406), (0.87250376, 0.7720096, 0.38537085), (0.87558836, 0.7705111, 0.3834806), (0.9385834, 0.77, 0.3448772), (0.9418936, 0.7705111, 0.34284875), (0.9449782, 0.7720096, 0.34095848), (0.947627, 0.7743934, 0.3393353), (0.94965947, 0.7775, 0.33808976), (0.95093715, 0.78111774, 0.3373068), (0.951373, 0.855, 0.33703974), (0.95093715, 0.8588823, 0.3373068), (0.94965947, 0.8625, 0.33808976), (0.947627, 0.8656066, 0.3393353), (0.9449782, 0.8679904, 0.34095848), (0.9418936, 0.8694889, 0.34284875), (1.0262456, 0.87, 0.6180585), (1.0238024, 0.8694889, 0.6210756), (1.0215257, 0.8679904, 0.62388706), (1.0195707, 0.8656066, 0.62630135), (1.0180705, 0.8625, 0.6281539), (1.0171275, 0.8588823, 0.6293185), (1.0168058, 0.785, 0.6297157), (1.0171275, 0.78111774, 0.6293185), (1.0180705, 0.7775, 0.6281539), (1.0195707, 0.7743934, 0.62630135), (1.0215257, 0.7720096, 0.62388706), (1.0238024, 0.7705111, 0.6210756), (1.0702981, 0.77, 0.5636583), (1.0727413, 0.7705111, 0.56064117), (1.0750179, 0.7720096, 0.5578297), (1.076973, 0.7743934, 0.5554154), (1.0784732, 0.7775, 0.5535629), (1.0794162, 0.78111774, 0.5523983), (1.0797379, 0.855, 0.55200106), (1.0794162, 0.8588823, 0.5523983), (1.0784732, 0.8625, 0.5535629), (1.076973, 0.8656066, 0.5554154), (1.0750179, 0.8679904, 0.5578297), (1.0727413, 0.8694889, 0.56064117)]
        uniform token purpose = "guide"
        uniform token subdivisionScheme = "none"
    }

    def Mesh "collision_front_arch_l_2" (
        prepend apiSchemas = ["PhysicsCollisionAPI", "PhysicsMeshCollisionAPI"]
    )
    {
        int[] faceVertexCounts = [3, 3, 3, 3, 3, 3, 3, 3, 3, 3, 3, 3, 3, 3, 3, 3, 3, 3, 3, 3, 3, 3, 3, 3, 3, 3, 3, 3, 3, 3, 3, 3, 3, 3, 3, 3, 3, 3, 3, 3, 3, 3, 3, 3, 3, 3, 3, 3, 3, 3, 3, 3, 3, 3, 3, 3, 3, 3, 3, 3, 3, 3, 3, 3, 3, 3, 3, 3, 3, 3, 3, 3, 3, 3, 3, 3, 3, 3, 3, 3, 3, 3, 3, 3, 3, 3, 3, 3, 3, 3, 3, 3]
        int[] faceVertexIndices = [29, 5, 6, 6, 30, 29, 12, 36, 35, 35, 11, 12, 24, 47, 0, 0, 47, 23, 40, 16, 17, 17, 41, 40, 42, 17, 18, 42, 41, 17, 7, 30, 6, 7, 31, 30, 32, 31, 7, 7, 8, 32, 38, 37, 13, 13, 14, 38, 13, 37, 36, 36, 12, 13, 14, 15, 39, 38, 14, 39, 39, 15, 16, 16, 40, 39, 32, 8, 33, 8, 9, 33, 35, 34, 10, 10, 11, 35, 34, 33, 10, 10, 33, 9, 21, 22, 46, 45, 21, 46, 23, 47, 46, 46, 22, 23, 24, 0, 25, 0, 1, 25, 45, 44, 20, 20, 21, 45, 5, 29, 4, 29, 28, 4, 28, 27, 4, 27, 3, 4, 26, 25, 2, 2, 25, 1, 2, 27, 26, 2, 3, 27, 23, 22, 19, 6, 5, 19, 18, 17, 19, 11, 10, 19, 19, 15, 14, 19, 2, 1, 17, 16, 19, 19, 7, 6, 19, 12, 11, 14, 13, 19, 19, 0, 23, 16, 15, 19, 8, 7, 19, 19, 9, 8, 19, 13, 12, 19, 22, 21, 19, 1, 0, 19, 10, 9, 5, 4, 19, 21, 20, 19, 19, 4, 3, 3, 2, 19, 43, 28, 29, 43, 34, 35, 45, 46, 43, 30, 31, 43, 43, 29, 30, 43, 37, 38, 35, 36, 43, 43, 47, 24, 43, 31, 32, 26, 27, 43, 36, 37, 43, 43, 44, 45, 32, 33, 43, 38, 39, 43, 43, 40, 41, 41, 42, 43, 43, 27, 28, 43, 39, 40, 24, 25, 43, 43, 33, 34, 43, 46, 47, 43, 25, 26, 43, 42, 18, 18, 19, 43, 43, 20, 44, 43, 19, 20]
        uniform token physics:approximation = "convexHull"
        point3f[] points = [(1.0262456, 0.87, 0.6180585), (1.0238024, 0.8694889, 0.6210756), (1.0215257, 0.8679904, 0.62388706), (1.0195707, 0.8656066, 0.62630135), (1.0180705, 0.8625, 0.6281539), (1.0171275, 0.8588823, 0.6293185), (1.0168058, 0.785, 0.6297157), (1.0171275, 0.78111774, 0.6293185), (1.0180705, 0.7775, 0.6281539), (1.0195707, 0.7743934, 0.62630135), (1.0215257, 0.7720096, 0.62388706), (1.0238024, 0.7705111, 0.6210756), (1.0702981, 0.77, 0.5636583), (1.0727413, 0.7705111, 0.56064117), (1.0750179, 0.7720096, 0.5578297), (1.076973, 0.7743934, 0.5554154), (1.0784732, 0.7775, 0.5535629), (1.0794162, 0.78111774, 0.5523983), (1.0797379, 0.855, 0.55200106), (1.0794162, 0.8588823, 0.5523983), (1.0784732, 0.8625, 0.5535629), (1.076973, 0.8656066, 0.5554154), (1.0750179, 0.8679904, 0.5578297), (1.0727413, 0.8694889, 0.56064117), (1.3, 0.87, 0.715), (1.3, 0.8694889, 0.71888226), (1.3, 0.8679904, 0.7225), (1.3, 0.8656066, 0.7256066), (1.3, 0.8625, 0.7279904), (1.3, 0.8588823, 0.7294889), (1.3, 0.785, 0.73), (1.3, 0.78111774, 0.7294889), (1.3, 0.7775, 0.7279904), (1.3, 0.7743934, 0.7256066), (1.3, 0.7720096, 0.7225), (1.3, 0.7705111, 0.71888226), (1.3, 0.77, 0.645), (1.3, 0.7705111, 0.6411177), (1.3, 0.7720096, 0.6375), (1.3, 0.7743934, 0.6343934), (1.3, 0.7775, 0.6320096), (1.3, 0.78111774, 0.6305111), (1.3, 0.855, 0.63), (1.3, 0.8588823, 0.6305111), (1.3, 0.8625, 0.6320096), (1.3, 0.8656066, 0.6343934), (1.3, 0.8679904, 0.6375), (1.3, 0.8694889, 0.6411177)]
        uniform token purpose = "guide"
        uniform token subdivisionScheme = "none"
    }

    def Mesh "collision_front_arch_l_3" (
        prepend apiSchemas = ["PhysicsCollisionAPI", "PhysicsMeshCollisionAPI"]
    )
    {
        int[] faceVertexCounts = [3, 3, 3, 3, 3, 3, 3, 3, 3, 3, 3, 3, 3, 3, 3, 3, 3, 3, 3, 3, 3, 3, 3, 3, 3, 3, 3, 3, 3, 3, 3, 3, 3, 3, 3, 3, 3, 3, 3, 3, 3, 3, 3, 3, 3, 3, 3, 3, 3, 3, 3, 3, 3, 3, 3, 3, 3, 3, 3, 3, 3, 3, 3, 3, 3, 3, 3, 3, 3, 3, 3, 3, 3, 3, 3, 3, 3, 3, 3, 3, 3, 3, 3, 3, 3, 3, 3, 3, 3, 3, 3, 3]
        int[] faceVertexIndices = [30, 29, 6, 6, 29, 5, 36, 11, 12, 35, 11, 36, 42, 41, 18, 18, 41, 17, 27, 2, 3, 26, 2, 27, 24, 23, 0, 24, 47, 23, 1, 2, 25, 25, 2, 26, 0, 1, 25, 25, 24, 0, 32, 31, 7, 8, 32, 7, 30, 6, 7, 7, 31, 30, 33, 32, 8, 8, 9, 33, 13, 36, 12, 13, 37, 36, 38, 37, 13, 13, 14, 38, 17, 41, 16, 41, 40, 16, 39, 14, 15, 38, 14, 39, 15, 16, 39, 39, 16, 40, 20, 21, 44, 44, 21, 45, 5, 29, 4, 29, 28, 4, 4, 27, 3, 4, 28, 27, 34, 11, 35, 34, 10, 11, 34, 9, 10, 34, 33, 9, 43, 29, 30, 43, 28, 29, 43, 37, 38, 26, 27, 43, 43, 41, 42, 38, 39, 43, 35, 36, 43, 43, 25, 26, 30, 31, 43, 43, 46, 47, 43, 34, 35, 47, 24, 43, 36, 37, 43, 43, 31, 32, 43, 40, 41, 27, 28, 43, 24, 25, 43, 32, 33, 43, 43, 39, 40, 43, 44, 45, 45, 46, 43, 33, 34, 43, 42, 18, 43, 18, 19, 43, 43, 19, 20, 20, 44, 43, 22, 9, 8, 12, 11, 22, 0, 23, 22, 22, 1, 0, 22, 21, 20, 20, 19, 22, 8, 7, 22, 22, 6, 5, 17, 16, 22, 22, 2, 1, 22, 13, 12, 22, 18, 17, 3, 2, 22, 11, 10, 22, 15, 14, 22, 22, 19, 18, 5, 4, 22, 22, 7, 6, 10, 9, 22, 14, 13, 22, 22, 16, 15, 22, 4, 3, 23, 47, 22, 47, 46, 22, 45, 21, 22, 22, 46, 45]
        uniform token physics:approximation = "convexHull"
        point3f[] points = [(1.3, 0.87, 0.715), (1.3, 0.8694889, 0.71888226), (1.3, 0.8679904, 0.7225), (1.3, 0.8656066, 0.7256066), (1.3, 0.8625, 0.7279904), (1.3, 0.8588823, 0.7294889), (1.3, 0.785, 0.73), (1.3, 0.78111774, 0.7294889), (1.3, 0.7775, 0.7279904), (1.3, 0.7743934, 0.7256066), (1.3, 0.7720096, 0.7225), (1.3, 0.7705111, 0.71888226), (1.3, 0.77, 0.645), (1.3, 0.7705111, 0.6411177), (1.3, 0.7720096, 0.6375), (1.3, 0.7743934, 0.6343934), (1.3, 0.7775, 0.6320096), (1.3, 0.78111774, 0.6305111), (1.3, 0.855, 0.63), (1.3, 0.8588823, 0.6305111), (1.3, 0.8625, 0.6320096), (1.3, 0.8656066, 0.6343934), (1.3, 0.8679904, 0.6375), (1.3, 0.8694889, 0.6411177), (1.5737543, 0.87, 0.6180585), (1.5761976, 0.8694889, 0.6210756), (1.5784743, 0.8679904, 0.62388706), (1.5804293, 0.8656066, 0.62630135), (1.5819294, 0.8625, 0.6281539), (1.5828725, 0.8588823, 0.6293185), (1.5831941, 0.785, 0.6297157), (1.5828725, 0.78111774, 0.6293185), (1.5819294, 0.7775, 0.6281539), (1.5804293, 0.7743934, 0.62630135), (1.5784743, 0.7720096, 0.62388706), (1.5761976, 0.7705111, 0.6210756), (1.529702, 0.77, 0.5636583), (1.5272588, 0.7705111, 0.56064117), (1.5249821, 0.7720096, 0.5578297), (1.523027, 0.7743934, 0.5554154), (1.5215268, 0.7775, 0.5535629), (1.5205837, 0.78111774, 0.5523983), (1.5202621, 0.855, 0.55200106), (1.5205837, 0.8588823, 0.5523983), (1.5215268, 0.8625, 0.5535629), (1.523027, 0.8656066, 0.5554154), (1.5249821, 0.8679904, 0.5578297), (1.5272588, 0.8694889, 0.56064117)]
        uniform token purpose = "guide"
        uniform token subdivisionScheme = "none"
    }

    def Mesh "collision_front_arch_l_4" (
        prepend apiSchemas = ["PhysicsCollisionAPI", "PhysicsMeshCollisionAPI"]
    )
    {
        int[] faceVertexCounts = [3, 3, 3, 3, 3, 3, 3, 3, 3, 3, 3, 3, 3, 3, 3, 3, 3, 3, 3, 3, 3, 3, 3, 3, 3, 3, 3, 3, 3, 3, 3, 3, 3, 3, 3, 3, 3, 3, 3, 3, 3, 3, 3, 3, 3, 3, 3, 3, 3, 3, 3, 3, 3, 3, 3, 3, 3, 3, 3, 3, 3, 3, 3, 3, 3, 3, 3, 3, 3, 3, 3, 3, 3, 3, 3, 3, 3, 3, 3, 3, 3, 3, 3, 3, 3, 3, 3, 3, 3, 3, 3, 3]
        int[] faceVertexIndices = [5, 6, 30, 35, 11, 12, 42, 17, 18, 41, 17, 42, 30, 6, 7, 36, 35, 12, 29, 5, 30, 16, 17, 41, 31, 7, 8, 30, 7, 31, 28, 3, 4, 4, 29, 28, 5, 29, 4, 0, 24, 47, 47, 23, 0, 19, 42, 18, 32, 31, 8, 9, 10, 33, 33, 32, 9, 9, 32, 8, 33, 10, 34, 34, 10, 11, 11, 35, 34, 15, 16, 40, 40, 16, 41, 2, 3, 27, 27, 26, 2, 27, 3, 28, 24, 0, 25, 21, 44, 20, 43, 19, 20, 20, 44, 43, 42, 19, 43, 38, 13, 14, 37, 13, 38, 12, 13, 37, 37, 36, 12, 15, 40, 39, 39, 14, 15, 38, 14, 39, 1, 25, 0, 26, 25, 1, 2, 26, 1, 46, 23, 47, 44, 21, 45, 23, 46, 22, 46, 45, 22, 22, 45, 21, 30, 31, 45, 41, 42, 45, 47, 24, 45, 45, 29, 30, 45, 40, 41, 45, 32, 33, 35, 36, 45, 28, 29, 45, 45, 34, 35, 38, 39, 45, 42, 43, 45, 45, 27, 28, 24, 25, 45, 31, 32, 45, 33, 34, 45, 36, 37, 45, 26, 27, 45, 45, 25, 26, 45, 43, 44, 45, 37, 38, 45, 39, 40, 45, 46, 47, 22, 9, 8, 6, 5, 22, 12, 11, 22, 18, 17, 22, 22, 7, 6, 17, 16, 22, 15, 14, 22, 22, 3, 2, 5, 4, 22, 8, 7, 22, 11, 10, 22, 22, 16, 15, 22, 13, 12, 22, 19, 18, 22, 4, 3, 22, 0, 23, 20, 19, 22, 10, 9, 22, 2, 1, 22, 22, 21, 20, 22, 14, 13, 22, 1, 0]
        uniform token physics:approximation = "convexHull"
        point3f[] points = [(1.5737543, 0.87, 0.6180585), (1.5761976, 0.8694889, 0.6210756), (1.5784743, 0.8679904, 0.62388706), (1.5804293, 0.8656066, 0.62630135), (1.5819294, 0.8625, 0.6281539), (1.5828725, 0.8588823, 0.6293185), (1.5831941, 0.785, 0.6297157), (1.5828725, 0.78111774, 0.6293185), (1.5819294, 0.7775, 0.6281539), (1.5804293, 0.7743934, 0.62630135), (1.5784743, 0.7720096, 0.62388706), (1.5761976, 0.7705111, 0.6210756), (1.529702, 0.77, 0.5636583), (1.5272588, 0.7705111, 0.56064117), (1.5249821, 0.7720096, 0.5578297), (1.523027, 0.7743934, 0.5554154), (1.5215268, 0.7775, 0.5535629), (1.5205837, 0.78111774, 0.5523983), (1.5202621, 0.855, 0.55200106), (1.5205837, 0.8588823, 0.5523983), (1.5215268, 0.8625, 0.5535629), (1.523027, 0.8656066, 0.5554154), (1.5249821, 0.8679904, 0.5578297), (1.5272588, 0.8694889, 0.56064117), (1.7211014, 0.87, 0.3814521), (1.7244116, 0.8694889, 0.3834806), (1.7274963, 0.8679904, 0.38537085), (1.7301451, 0.8656066, 0.38699406), (1.7321776, 0.8625, 0.3882396), (1.7334553, 0.8588823, 0.38902256), (1.733891, 0.785, 0.38928962), (1.7334553, 0.78111774, 0.38902256), (1.7321776, 0.7775, 0.3882396), (1.7301451, 0.7743934, 0.38699406), (1.7274963, 0.7720096, 0.38537085), (1.7244116, 0.7705111, 0.3834806), (1.6614166, 0.77, 0.3448772), (1.6581064, 0.7705111, 0.34284875), (1.6550218, 0.7720096, 0.34095848), (1.6523731, 0.7743934, 0.3393353), (1.6503406, 0.7775, 0.33808976), (1.6490629, 0.78111774, 0.3373068), (1.648627, 0.855, 0.33703974), (1.6490629, 0.8588823, 0.3373068), (1.6503406, 0.8625, 0.33808976), (1.6523731, 0.8656066, 0.3393353), (1.6550218, 0.8679904, 0.34095848), (1.6581064, 0.8694889, 0.34284875)]
        uniform token purpose = "guide"
        uniform token subdivisionScheme = "none"
    }

    def Mesh "collision_rear_arch_l_1" (
        prepend apiSchemas = ["PhysicsCollisionAPI", "PhysicsMeshCollisionAPI"]
    )
    {
        int[] faceVertexCounts = [3, 3, 3, 3, 3, 3, 3, 3, 3, 3, 3, 3, 3, 3, 3, 3, 3, 3, 3, 3, 3, 3, 3, 3, 3, 3, 3, 3, 3, 3, 3, 3, 3, 3, 3, 3, 3, 3, 3, 3, 3, 3, 3, 3, 3, 3, 3, 3, 3, 3, 3, 3, 3, 3, 3, 3, 3, 3, 3, 3, 3, 3, 3, 3, 3, 3, 3, 3, 3, 3, 3, 3, 3, 3, 3, 3, 3, 3, 3, 3, 3, 3, 3, 3, 3, 3, 3, 3, 3, 3, 3, 3]
        int[] faceVertexIndices = [6, 30, 29, 6, 29, 5, 36, 35, 11, 42, 41, 18, 18, 41, 17, 31, 30, 6, 36, 11, 12, 24, 23, 0, 47, 23, 24, 17, 41, 40, 32, 31, 7, 7, 31, 6, 20, 44, 19, 20, 45, 44, 21, 45, 20, 19, 44, 43, 18, 19, 43, 42, 18, 43, 22, 23, 47, 3, 4, 27, 32, 7, 8, 9, 34, 33, 33, 8, 9, 32, 8, 33, 10, 34, 9, 35, 34, 10, 10, 11, 35, 16, 40, 39, 17, 40, 16, 46, 22, 47, 21, 22, 46, 46, 45, 21, 1, 24, 0, 28, 27, 4, 28, 4, 5, 28, 5, 29, 26, 2, 3, 3, 27, 26, 38, 37, 14, 14, 37, 13, 13, 37, 36, 36, 12, 13, 15, 16, 39, 39, 38, 15, 15, 38, 14, 25, 1, 2, 2, 26, 25, 24, 1, 25, 6, 5, 15, 11, 10, 15, 15, 22, 21, 15, 18, 17, 5, 4, 15, 15, 7, 6, 0, 23, 15, 9, 8, 15, 15, 12, 11, 15, 19, 18, 21, 20, 15, 15, 4, 3, 17, 16, 15, 15, 1, 0, 15, 20, 19, 23, 22, 15, 3, 2, 15, 15, 8, 7, 15, 10, 9, 15, 13, 12, 2, 1, 15, 14, 13, 15, 32, 33, 25, 25, 41, 42, 25, 29, 30, 25, 35, 36, 30, 31, 25, 25, 40, 41, 36, 37, 25, 42, 43, 25, 25, 31, 32, 25, 34, 35, 47, 24, 25, 39, 40, 25, 25, 46, 47, 44, 45, 25, 25, 43, 44, 25, 28, 29, 25, 33, 34, 25, 38, 39, 45, 46, 25, 27, 28, 25, 25, 26, 27, 37, 38, 25]
        uniform token physics:approximation = "convexHull"
        point3f[] points = [(-1.7211014, 0.87, 0.3814521), (-1.7244116, 0.8694889, 0.3834806), (-1.7274963, 0.8679904, 0.38537085), (-1.7301451, 0.8656066, 0.38699406), (-1.7321776, 0.8625, 0.3882396), (-1.7334553, 0.8588823, 0.38902256), (-1.733891, 0.785, 0.38928962), (-1.7334553, 0.78111774, 0.38902256), (-1.7321776, 0.7775, 0.3882396), (-1.7301451, 0.7743934, 0.38699406), (-1.7274963, 0.7720096, 0.38537085), (-1.7244116, 0.7705111, 0.3834806), (-1.6614166, 0.77, 0.3448772), (-1.6581064, 0.7705111, 0.34284875), (-1.6550218, 0.7720096, 0.34095848), (-1.6523731, 0.7743934, 0.3393353), (-1.6503406, 0.7775, 0.33808976), (-1.6490629, 0.78111774, 0.3373068), (-1.648627, 0.855, 0.33703974), (-1.6490629, 0.8588823, 0.3373068), (-1.6503406, 0.8625, 0.33808976), (-1.6523731, 0.8656066, 0.3393353), (-1.6550218, 0.8679904, 0.34095848), (-1.6581064, 0.8694889, 0.34284875), (-1.5737543, 0.87, 0.6180585), (-1.5761976, 0.8694889, 0.6210756), (-1.5784743, 0.8679904, 0.62388706), (-1.5804293, 0.8656066, 0.62630135), (-1.5819294, 0.8625, 0.6281539), (-1.5828725, 0.8588823, 0.6293185), (-1.5831941, 0.785, 0.6297157), (-1.5828725, 0.78111774, 0.6293185), (-1.5819294, 0.7775, 0.6281539), (-1.5804293, 0.7743934, 0.62630135), (-1.5784743, 0.7720096, 0.62388706), (-1.5761976, 0.7705111, 0.6210756), (-1.529702, 0.77, 0.5636583), (-1.5272588, 0.7705111, 0.56064117), (-1.5249821, 0.7720096, 0.5578297), (-1.523027, 0.7743934, 0.5554154), (-1.5215268, 0.7775, 0.5535629), (-1.5205837, 0.78111774, 0.5523983), (-1.5202621, 0.855, 0.55200106), (-1.5205837, 0.8588823, 0.5523983), (-1.5215268, 0.8625, 0.5535629), (-1.523027, 0.8656066, 0.5554154), (-1.5249821, 0.8679904, 0.5578297), (-1.5272588, 0.8694889, 0.56064117)]
        uniform token purpose = "guide"
        uniform token subdivisionScheme = "none"
    }

    def Mesh "collision_rear_arch_l_2" (
        prepend apiSchemas = ["PhysicsCollisionAPI", "PhysicsMeshCollisionAPI"]
    )
    {
        int[] faceVertexCounts = [3, 3, 3, 3, 3, 3, 3, 3, 3, 3, 3, 3, 3, 3, 3, 3, 3, 3, 3, 3, 3, 3, 3, 3, 3, 3, 3, 3, 3, 3, 3, 3, 3, 3, 3, 3, 3, 3, 3, 3, 3, 3, 3, 3, 3, 3, 3, 3, 3, 3, 3, 3, 3, 3, 3, 3, 3, 3, 3, 3, 3, 3, 3, 3, 3, 3, 3, 3, 3, 3, 3, 3, 3, 3, 3, 3, 3, 3, 3, 3, 3, 3, 3, 3, 3, 3, 3, 3, 3, 3, 3, 3]
        int[] faceVertexIndices = [29, 5, 6, 6, 30, 29, 23, 0, 47, 47, 0, 24, 36, 11, 12, 36, 35, 11, 31, 30, 6, 6, 7, 31, 17, 18, 42, 41, 17, 42, 23, 47, 22, 47, 46, 22, 22, 46, 45, 45, 21, 22, 40, 16, 17, 40, 17, 41, 15, 16, 40, 40, 39, 15, 11, 35, 10, 35, 34, 10, 32, 7, 8, 32, 31, 7, 24, 0, 25, 0, 1, 25, 5, 29, 28, 28, 4, 5, 3, 4, 28, 28, 27, 3, 44, 21, 45, 44, 20, 21, 13, 36, 12, 13, 37, 36, 38, 14, 15, 15, 39, 38, 38, 13, 14, 37, 13, 38, 9, 10, 33, 33, 10, 34, 8, 9, 33, 33, 32, 8, 2, 1, 0, 6, 5, 2, 2, 0, 23, 12, 11, 2, 2, 7, 6, 11, 10, 2, 5, 4, 2, 2, 13, 12, 8, 7, 2, 17, 16, 2, 2, 18, 17, 2, 16, 15, 23, 22, 2, 15, 14, 2, 2, 9, 8, 2, 19, 18, 2, 4, 3, 2, 22, 21, 21, 20, 2, 2, 10, 9, 14, 13, 2, 20, 19, 2, 2, 25, 1, 2, 26, 25, 27, 26, 2, 3, 27, 2, 41, 42, 43, 43, 38, 39, 43, 29, 30, 45, 46, 43, 43, 47, 24, 30, 31, 43, 35, 36, 43, 43, 34, 35, 24, 25, 43, 43, 40, 41, 43, 46, 47, 43, 28, 29, 36, 37, 43, 43, 44, 45, 39, 40, 43, 31, 32, 43, 43, 33, 34, 27, 28, 43, 43, 26, 27, 37, 38, 43, 32, 33, 43, 25, 26, 43, 43, 42, 18, 18, 19, 43, 20, 44, 43, 43, 19, 20]
        uniform token physics:approximation = "convexHull"
        point3f[] points = [(-1.5737543, 0.87, 0.6180585), (-1.5761976, 0.8694889, 0.6210756), (-1.5784743, 0.8679904, 0.62388706), (-1.5804293, 0.8656066, 0.62630135), (-1.5819294, 0.8625, 0.6281539), (-1.5828725, 0.8588823, 0.6293185), (-1.5831941, 0.785, 0.6297157), (-1.5828725, 0.78111774, 0.6293185), (-1.5819294, 0.7775, 0.6281539), (-1.5804293, 0.7743934, 0.62630135), (-1.5784743, 0.7720096, 0.62388706), (-1.5761976, 0.7705111, 0.6210756), (-1.529702, 0.77, 0.5636583), (-1.5272588, 0.7705111, 0.56064117), (-1.5249821, 0.7720096, 0.5578297), (-1.523027, 0.7743934, 0.5554154), (-1.5215268, 0.7775, 0.5535629), (-1.5205837, 0.78111774, 0.5523983), (-1.5202621, 0.855, 0.55200106), (-1.5205837, 0.8588823, 0.5523983), (-1.5215268, 0.8625, 0.5535629), (-1.523027, 0.8656066, 0.5554154), (-1.5249821, 0.8679904, 0.5578297), (-1.5272588, 0.8694889, 0.56064117), (-1.3, 0.87, 0.715), (-1.3, 0.8694889, 0.71888226), (-1.3, 0.8679904, 0.7225), (-1.3, 0.8656066, 0.7256066), (-1.3, 0.8625, 0.7279904), (-1.3, 0.8588823, 0.7294889), (-1.3, 0.785, 0.73), (-1.3, 0.78111774, 0.7294889), (-1.3, 0.7775, 0.7279904), (-1.3, 0.7743934, 0.7256066), (-1.3, 0.7720096, 0.7225), (-1.3, 0.7705111, 0.71888226), (-1.3, 0.77, 0.645), (-1.3, 0.7705111, 0.6411177), (-1.3, 0.7720096, 0.6375), (-1.3, 0.7743934, 0.6343934), (-1.3, 0.7775, 0.6320096), (-1.3, 0.78111774, 0.6305111), (-1.3, 0.855, 0.63), (-1.3, 0.8588823, 0.6305111), (-1.3, 0.8625, 0.6320096), (-1.3, 0.8656066, 0.6343934), (-1.3, 0.8679904, 0.6375), (-1.3, 0.8694889, 0.6411177)]
        uniform token purpose = "guide"
        uniform token subdivisionScheme = "none"
    }

    def Mesh "collision_rear_arch_l_3" (
        prepend apiSchemas = ["PhysicsCollisionAPI", "PhysicsMeshCollisionAPI"]
    )
    {
        int[] faceVertexCounts = [3, 3, 3, 3, 3, 3, 3, 3, 3, 3, 3, 3, 3, 3, 3, 3, 3, 3, 3, 3, 3, 3, 3, 3, 3, 3, 3, 3, 3, 3, 3, 3, 3, 3, 3, 3, 3, 3, 3, 3, 3, 3, 3, 3, 3, 3, 3, 3, 3, 3, 3, 3, 3, 3, 3, 3, 3, 3, 3, 3, 3, 3, 3, 3, 3, 3, 3, 3, 3, 3, 3, 3, 3, 3, 3, 3, 3, 3, 3, 3, 3, 3, 3, 3, 3, 3, 3, 3, 3, 3, 3, 3]
        int[] faceVertexIndices = [30, 29, 6, 6, 29, 5, 36, 11, 12, 35, 11, 36, 42, 41, 18, 18, 41, 17, 27, 2, 3, 26, 2, 27, 24, 23, 0, 24, 47, 23, 1, 2, 25, 25, 2, 26, 0, 1, 25, 25, 24, 0, 32, 31, 7, 8, 32, 7, 30, 6, 7, 7, 31, 30, 33, 32, 8, 8, 9, 33, 13, 36, 12, 13, 37, 36, 38, 37, 13, 13, 14, 38, 17, 41, 16, 41, 40, 16, 39, 14, 15, 38, 14, 39, 15, 16, 39, 39, 16, 40, 20, 21, 44, 44, 21, 45, 5, 29, 4, 29, 28, 4, 4, 27, 3, 4, 28, 27, 34, 11, 35, 34, 10, 11, 34, 9, 10, 34, 33, 9, 43, 29, 30, 43, 28, 29, 43, 37, 38, 26, 27, 43, 43, 41, 42, 38, 39, 43, 35, 36, 43, 43, 25, 26, 30, 31, 43, 43, 46, 47, 43, 34, 35, 47, 24, 43, 36, 37, 43, 43, 31, 32, 43, 40, 41, 27, 28, 43, 24, 25, 43, 32, 33, 43, 43, 39, 40, 43, 44, 45, 45, 46, 43, 33, 34, 43, 42, 18, 43, 18, 19, 43, 43, 19, 20, 20, 44, 43, 22, 9, 8, 12, 11, 22, 0, 23, 22, 22, 1, 0, 22, 21, 20, 20, 19, 22, 8, 7, 22, 22, 6, 5, 17, 16, 22, 22, 2, 1, 22, 13, 12, 22, 18, 17, 3, 2, 22, 11, 10, 22, 15, 14, 22, 22, 19, 18, 5, 4, 22, 22, 7, 6, 10, 9, 22, 14, 13, 22, 22, 16, 15, 22, 4, 3, 23, 47, 22, 47, 46, 22, 45, 21, 22, 22, 46, 45]
        uniform token physics:approximation = "convexHull"
        point3f[] points = [(-1.3, 0.87, 0.715), (-1.3, 0.8694889, 0.71888226), (-1.3, 0.8679904, 0.7225), (-1.3, 0.8656066, 0.7256066), (-1.3, 0.8625, 0.7279904), (-1.3, 0.8588823, 0.7294889), (-1.3, 0.785, 0.73), (-1.3, 0.78111774, 0.7294889), (-1.3, 0.7775, 0.7279904), (-1.3, 0.7743934, 0.7256066), (-1.3, 0.7720096, 0.7225), (-1.3, 0.7705111, 0.71888226), (-1.3, 0.77, 0.645), (-1.3, 0.7705111, 0.6411177), (-1.3, 0.7720096, 0.6375), (-1.3, 0.7743934, 0.6343934), (-1.3, 0.7775, 0.6320096), (-1.3, 0.78111774, 0.6305111), (-1.3, 0.855, 0.63), (-1.3, 0.8588823, 0.6305111), (-1.3, 0.8625, 0.6320096), (-1.3, 0.8656066, 0.6343934), (-1.3, 0.8679904, 0.6375), (-1.3, 0.8694889, 0.6411177), (-1.0262456, 0.87, 0.6180585), (-1.0238024, 0.8694889, 0.6210756), (-1.0215257, 0.8679904, 0.62388706), (-1.0195707, 0.8656066, 0.62630135), (-1.0180705, 0.8625, 0.6281539), (-1.0171275, 0.8588823, 0.6293185), (-1.0168058, 0.785, 0.6297157), (-1.0171275, 0.78111774, 0.6293185), (-1.0180705, 0.7775, 0.6281539), (-1.0195707, 0.7743934, 0.62630135), (-1.0215257, 0.7720096, 0.62388706), (-1.0238024, 0.7705111, 0.6210756), (-1.0702981, 0.77, 0.5636583), (-1.0727413, 0.7705111, 0.56064117), (-1.0750179, 0.7720096, 0.5578297), (-1.076973, 0.7743934, 0.5554154), (-1.0784732, 0.7775, 0.5535629), (-1.0794162, 0.78111774, 0.5523983), (-1.0797379, 0.855, 0.55200106), (-1.0794162, 0.8588823, 0.5523983), (-1.0784732, 0.8625, 0.5535629), (-1.076973, 0.8656066, 0.5554154), (-1.0750179, 0.8679904, 0.5578297), (-1.0727413, 0.8694889, 0.56064117)]
        uniform token purpose = "guide"
        uniform token subdivisionScheme = "none"
    }

    def Mesh "collision_rear_arch_l_4" (
        prepend apiSchemas = ["PhysicsCollisionAPI", "PhysicsMeshCollisionAPI"]
    )
    {
        int[] faceVertexCounts = [3, 3, 3, 3, 3, 3, 3, 3, 3, 3, 3, 3, 3, 3, 3, 3, 3, 3, 3, 3, 3, 3, 3, 3, 3, 3, 3, 3, 3, 3, 3, 3, 3, 3, 3, 3, 3, 3, 3, 3, 3, 3, 3, 3, 3, 3, 3, 3, 3, 3, 3, 3, 3, 3, 3, 3, 3, 3, 3, 3, 3, 3, 3, 3, 3, 3, 3, 3, 3, 3, 3, 3, 3, 3, 3, 3, 3, 3, 3, 3, 3, 3, 3, 3, 3, 3, 3, 3, 3, 3, 3, 3]
        int[] faceVertexIndices = [47, 23, 0, 0, 24, 47, 30, 29, 5, 36, 35, 12, 12, 35, 11, 4, 5, 29, 30, 5, 6, 16, 17, 41, 42, 17, 18, 41, 17, 42, 25, 24, 0, 28, 4, 29, 27, 26, 2, 37, 36, 12, 15, 16, 40, 40, 16, 41, 32, 31, 8, 8, 31, 7, 7, 31, 30, 30, 6, 7, 9, 10, 33, 33, 32, 9, 9, 32, 8, 33, 10, 34, 34, 10, 11, 34, 11, 35, 19, 42, 18, 23, 47, 46, 27, 2, 3, 3, 28, 27, 4, 28, 3, 26, 25, 1, 1, 2, 26, 1, 25, 0, 13, 37, 12, 38, 37, 13, 13, 14, 38, 15, 40, 39, 39, 14, 15, 38, 14, 39, 20, 21, 44, 42, 19, 43, 19, 20, 43, 43, 20, 44, 44, 21, 45, 23, 46, 22, 46, 45, 22, 22, 45, 21, 41, 42, 45, 45, 29, 30, 45, 47, 24, 30, 31, 45, 36, 37, 45, 24, 25, 45, 35, 36, 45, 45, 32, 33, 45, 34, 35, 45, 26, 27, 45, 28, 29, 45, 40, 41, 38, 39, 45, 45, 25, 26, 27, 28, 45, 45, 37, 38, 45, 46, 47, 31, 32, 45, 33, 34, 45, 45, 43, 44, 45, 39, 40, 42, 43, 45, 4, 3, 22, 8, 7, 22, 18, 17, 22, 0, 23, 22, 12, 11, 22, 22, 9, 8, 22, 1, 0, 17, 16, 22, 5, 4, 22, 22, 6, 5, 22, 16, 15, 11, 10, 22, 21, 20, 22, 22, 19, 18, 15, 14, 22, 22, 7, 6, 10, 9, 22, 22, 13, 12, 22, 3, 2, 2, 1, 22, 14, 13, 22, 22, 20, 19]
        uniform token physics:approximation = "convexHull"
        point3f[] points = [(-1.0262456, 0.87, 0.6180585), (-1.0238024, 0.8694889, 0.6210756), (-1.0215257, 0.8679904, 0.62388706), (-1.0195707, 0.8656066, 0.62630135), (-1.0180705, 0.8625, 0.6281539), (-1.0171275, 0.8588823, 0.6293185), (-1.0168058, 0.785, 0.6297157), (-1.0171275, 0.78111774, 0.6293185), (-1.0180705, 0.7775, 0.6281539), (-1.0195707, 0.7743934, 0.62630135), (-1.0215257, 0.7720096, 0.62388706), (-1.0238024, 0.7705111, 0.6210756), (-1.0702981, 0.77, 0.5636583), (-1.0727413, 0.7705111, 0.56064117), (-1.0750179, 0.7720096, 0.5578297), (-1.076973, 0.7743934, 0.5554154), (-1.0784732, 0.7775, 0.5535629), (-1.0794162, 0.78111774, 0.5523983), (-1.0797379, 0.855, 0.55200106), (-1.0794162, 0.8588823, 0.5523983), (-1.0784732, 0.8625, 0.5535629), (-1.076973, 0.8656066, 0.5554154), (-1.0750179, 0.8679904, 0.5578297), (-1.0727413, 0.8694889, 0.56064117), (-0.87889856, 0.87, 0.3814521), (-0.87558836, 0.8694889, 0.3834806), (-0.87250376, 0.8679904, 0.38537085), (-0.8698549, 0.8656066, 0.38699406), (-0.8678224, 0.8625, 0.3882396), (-0.8665447, 0.8588823, 0.38902256), (-0.86610895, 0.785, 0.38928962), (-0.8665447, 0.78111774, 0.38902256), (-0.8678224, 0.7775, 0.3882396), (-0.8698549, 0.7743934, 0.38699406), (-0.87250376, 0.7720096, 0.38537085), (-0.87558836, 0.7705111, 0.3834806), (-0.9385834, 0.77, 0.3448772), (-0.9418936, 0.7705111, 0.34284875), (-0.9449782, 0.7720096, 0.34095848), (-0.947627, 0.7743934, 0.3393353), (-0.94965947, 0.7775, 0.33808976), (-0.95093715, 0.78111774, 0.3373068), (-0.951373, 0.855, 0.33703974), (-0.95093715, 0.8588823, 0.3373068), (-0.94965947, 0.8625, 0.33808976), (-0.947627, 0.8656066, 0.3393353), (-0.9449782, 0.8679904, 0.34095848), (-0.9418936, 0.8694889, 0.34284875)]
        uniform token purpose = "guide"
        uniform token subdivisionScheme = "none"
    }

    def Mesh "collision_quarter_l" (
        prepend apiSchemas = ["PhysicsCollisionAPI", "PhysicsMeshCollisionAPI"]
    )
    {
        int[] faceVertexCounts = [3, 3, 3, 3, 3, 3, 3, 3, 3, 3, 3, 3, 3, 3, 3, 3, 3, 3, 3, 3, 3, 3, 3, 3, 3, 3, 3, 3, 3, 3, 3, 3, 3, 3, 3, 3, 3, 3, 3, 3, 3, 3, 3, 3, 3, 3, 3, 3, 3, 3, 3, 3, 3, 3, 3, 3, 3, 3, 3, 3, 3, 3, 3, 3, 3, 3, 3, 3, 3, 3, 3, 3, 3, 3, 3, 3, 3, 3, 3, 3, 3, 3, 3, 3, 3, 3, 3, 3, 3, 3, 3, 3]
        int[] faceVertexIndices = [42, 17, 18, 41, 17, 42, 35, 11, 12, 12, 36, 35, 24, 23, 0, 47, 23, 24, 5, 6, 29, 29, 6, 30, 25, 24, 1, 1, 24, 0, 16, 17, 41, 41, 40, 16, 39, 16, 40, 15, 16, 39, 39, 14, 15, 38, 14, 39, 37, 36, 12, 12, 13, 37, 13, 14, 37, 37, 14, 38, 43, 42, 18, 18, 19, 43, 43, 19, 20, 43, 20, 44, 26, 1, 2, 25, 1, 26, 2, 3, 26, 26, 3, 27, 5, 29, 28, 28, 4, 5, 28, 3, 4, 27, 3, 28, 30, 6, 31, 6, 7, 31, 31, 7, 8, 8, 32, 31, 11, 35, 10, 35, 34, 10, 22, 23, 47, 47, 46, 22, 33, 29, 30, 41, 42, 33, 47, 24, 33, 33, 40, 41, 33, 39, 40, 33, 35, 36, 36, 37, 33, 33, 24, 25, 33, 46, 47, 33, 28, 29, 44, 45, 33, 33, 34, 35, 42, 43, 33, 25, 26, 33, 30, 31, 33, 38, 39, 33, 33, 37, 38, 33, 43, 44, 33, 45, 46, 33, 26, 27, 27, 28, 33, 33, 31, 32, 44, 20, 21, 21, 45, 44, 46, 45, 21, 21, 22, 46, 9, 3, 2, 12, 11, 9, 18, 17, 9, 17, 16, 9, 9, 13, 12, 0, 23, 9, 9, 6, 5, 5, 4, 9, 9, 1, 0, 9, 19, 18, 9, 7, 6, 11, 10, 9, 2, 1, 9, 15, 14, 9, 9, 16, 15, 20, 19, 9, 8, 7, 9, 9, 14, 13, 4, 3, 9, 9, 21, 20, 23, 22, 9, 22, 21, 9, 9, 32, 8, 9, 33, 32, 9, 10, 34, 34, 33, 9]
        uniform token physics:approximation = "convexHull"
        point3f[] points = [(-1.4664748, 0.88, 0.43812945), (-1.466661, 0.87938666, 0.43347442), (-1.4668345, 0.87758845, 0.42913663), (-1.4669836, 0.8747279, 0.4254117), (-1.4670979, 0.871, 0.42255345), (-1.4671698, 0.86665875, 0.42075667), (-1.4671942, 0.778, 0.4201438), (-1.4671698, 0.77334124, 0.42075667), (-1.4670979, 0.769, 0.42255345), (-1.4669836, 0.7652721, 0.4254117), (-1.4668345, 0.76241153, 0.42913663), (-1.466661, 0.7606133, 0.43347442), (-1.4535252, 0.76, 0.76187056), (-1.453339, 0.7606133, 0.76652557), (-1.4531654, 0.76241153, 0.77086335), (-1.4530165, 0.7652721, 0.7745883), (-1.4529021, 0.769, 0.77744657), (-1.4528303, 0.77334124, 0.77924335), (-1.4528058, 0.862, 0.77985615), (-1.4528303, 0.86665875, 0.77924335), (-1.4529021, 0.871, 0.77744657), (-1.4530165, 0.8747279, 0.7745883), (-1.4531654, 0.87758845, 0.77086335), (-1.453339, 0.87938666, 0.76652557), (-1.9664748, 0.88, 0.45812944), (-1.966661, 0.87938666, 0.45347443), (-1.9668345, 0.87758845, 0.44913664), (-1.9669836, 0.8747279, 0.44541168), (-1.9670979, 0.871, 0.44255343), (-1.9671698, 0.86665875, 0.44075668), (-1.9671942, 0.778, 0.44014382), (-1.9671698, 0.77334124, 0.44075668), (-1.9670979, 0.769, 0.44255343), (-1.9669836, 0.7652721, 0.44541168), (-1.9668345, 0.76241153, 0.44913664), (-1.966661, 0.7606133, 0.45347443), (-1.9535252, 0.76, 0.78187054), (-1.953339, 0.7606133, 0.78652555), (-1.9531654, 0.76241153, 0.79086334), (-1.9530165, 0.7652721, 0.7945883), (-1.9529021, 0.769, 0.79744655), (-1.9528303, 0.77334124, 0.79924333), (-1.9528058, 0.862, 0.7998562), (-1.9528303, 0.86665875, 0.79924333), (-1.9529021, 0.871, 0.79744655), (-1.9530165, 0.8747279, 0.7945883), (-1.9531654, 0.87758845, 0.79086334), (-1.953339, 0.87938666, 0.78652555)]
        uniform token purpose = "guide"
        uniform token subdivisionScheme = "none"
    }

    def Mesh "collision_fender_l" (
        prepend apiSchemas = ["PhysicsCollisionAPI", "PhysicsMeshCollisionAPI"]
    )
    {
        int[] faceVertexCounts = [3, 3, 3, 3, 3, 3, 3, 3, 3, 3, 3, 3, 3, 3, 3, 3, 3, 3, 3, 3, 3, 3, 3, 3, 3, 3, 3, 3, 3, 3, 3, 3, 3, 3, 3, 3, 3, 3, 3, 3, 3, 3, 3, 3, 3, 3, 3, 3, 3, 3, 3, 3, 3, 3, 3, 3, 3, 3, 3, 3, 3, 3, 3, 3, 3, 3, 3, 3, 3, 3, 3, 3, 3, 3, 3, 3, 3, 3, 3, 3, 3, 3, 3, 3, 3, 3, 3, 3, 3, 3, 3, 3]
        int[] faceVertexIndices = [42, 17, 18, 41, 17, 42, 36, 11, 12, 36, 35, 11, 30, 29, 5, 5, 6, 30, 25, 24, 0, 0, 1, 25, 0, 24, 47, 47, 23, 0, 11, 35, 34, 34, 10, 11, 9, 10, 34, 34, 33, 9, 30, 6, 31, 6, 7, 31, 40, 17, 41, 40, 16, 17, 15, 16, 40, 40, 39, 15, 32, 8, 9, 9, 33, 32, 32, 7, 8, 32, 31, 7, 37, 36, 12, 12, 13, 37, 22, 23, 47, 47, 46, 22, 43, 42, 18, 18, 19, 43, 43, 19, 20, 20, 44, 43, 15, 39, 38, 38, 14, 15, 13, 14, 38, 38, 37, 13, 25, 1, 26, 1, 2, 26, 26, 2, 3, 3, 27, 26, 28, 5, 29, 28, 4, 5, 3, 4, 28, 28, 27, 3, 45, 24, 25, 45, 29, 30, 45, 34, 35, 41, 42, 45, 45, 40, 41, 30, 31, 45, 35, 36, 45, 47, 24, 45, 45, 38, 39, 45, 32, 33, 36, 37, 45, 33, 34, 45, 45, 46, 47, 39, 40, 45, 25, 26, 45, 45, 28, 29, 31, 32, 45, 42, 43, 45, 45, 43, 44, 37, 38, 45, 45, 26, 27, 27, 28, 45, 18, 17, 21, 12, 11, 21, 21, 7, 6, 6, 5, 21, 17, 16, 21, 15, 14, 21, 11, 10, 21, 21, 19, 18, 9, 8, 21, 21, 10, 9, 21, 16, 15, 21, 13, 12, 5, 4, 21, 8, 7, 21, 1, 0, 21, 21, 2, 1, 21, 0, 23, 21, 14, 13, 20, 19, 21, 3, 2, 21, 21, 4, 3, 23, 22, 21, 21, 44, 20, 21, 45, 44, 21, 22, 46, 46, 45, 21]
        uniform token physics:approximation = "convexHull"
        point3f[] points = [(1.7488577, 0.88, 0.76172346), (1.7491484, 0.87938666, 0.76637316), (1.7494191, 0.87758845, 0.77070594), (1.7496517, 0.8747279, 0.7744266), (1.7498301, 0.871, 0.7772816), (1.7499423, 0.86665875, 0.7790763), (1.7499806, 0.778, 0.7796884), (1.7499423, 0.77334124, 0.7790763), (1.7498301, 0.769, 0.7772816), (1.7496517, 0.7652721, 0.7744266), (1.7494191, 0.76241153, 0.77070594), (1.7491484, 0.7606133, 0.76637316), (1.7311423, 0.76, 0.47827652), (1.7308517, 0.7606133, 0.47362685), (1.7305809, 0.76241153, 0.46929407), (1.7303483, 0.7652721, 0.4655734), (1.7301699, 0.769, 0.46271843), (1.7300577, 0.77334124, 0.46092373), (1.7300195, 0.862, 0.4603116), (1.7300577, 0.86665875, 0.46092373), (1.7301699, 0.871, 0.46271843), (1.7303483, 0.8747279, 0.4655734), (1.7305809, 0.87758845, 0.46929407), (1.7308517, 0.87938666, 0.47362685), (2.0688577, 0.88, 0.7417235), (2.0691483, 0.87938666, 0.7463731), (2.0694191, 0.87758845, 0.75070596), (2.0696516, 0.8747279, 0.7544266), (2.0698302, 0.871, 0.75728154), (2.0699422, 0.86665875, 0.7590763), (2.0699806, 0.778, 0.75968844), (2.0699422, 0.77334124, 0.7590763), (2.0698302, 0.769, 0.75728154), (2.0696516, 0.7652721, 0.7544266), (2.0694191, 0.76241153, 0.75070596), (2.0691483, 0.7606133, 0.7463731), (2.0511422, 0.76, 0.45827654), (2.0508516, 0.7606133, 0.45362687), (2.050581, 0.76241153, 0.44929406), (2.0503483, 0.7652721, 0.4455734), (2.05017, 0.769, 0.44271845), (2.0500576, 0.77334124, 0.44092372), (2.0500195, 0.862, 0.44031158), (2.0500576, 0.86665875, 0.44092372), (2.05017, 0.871, 0.44271845), (2.0503483, 0.8747279, 0.4455734), (2.050581, 0.87758845, 0.44929406), (2.0508516, 0.87938666, 0.45362687)]
        uniform token purpose = "guide"
        uniform token subdivisionScheme = "none"
    }

    def Mesh "collision_front_rail_l" (
        prepend apiSchemas = ["PhysicsCollisionAPI", "PhysicsMeshCollisionAPI"]
    )
    {
        int[] faceVertexCounts = [3, 3, 3, 3, 3, 3, 3, 3, 3, 3, 3, 3, 3, 3, 3, 3, 3, 3, 3, 3, 3, 3, 3, 3, 3, 3, 3, 3, 3, 3, 3, 3, 3, 3, 3, 3, 3, 3, 3, 3, 3, 3, 3, 3, 3, 3, 3, 3, 3, 3, 3, 3, 3, 3, 3, 3, 3, 3, 3, 3, 3, 3, 3, 3, 3, 3, 3, 3, 3, 3, 3, 3, 3, 3, 3, 3, 3, 3, 3, 3, 3, 3, 3, 3, 3, 3, 3, 3, 3, 3, 3, 3]
        int[] faceVertexIndices = [36, 11, 12, 35, 11, 36, 30, 5, 6, 30, 29, 5, 47, 23, 0, 0, 24, 47, 47, 22, 23, 46, 22, 47, 0, 1, 25, 25, 24, 0, 25, 1, 2, 2, 26, 25, 18, 42, 41, 41, 17, 18, 28, 4, 5, 5, 29, 28, 7, 30, 6, 7, 31, 30, 21, 22, 45, 45, 22, 46, 37, 36, 12, 12, 13, 37, 37, 13, 14, 14, 38, 37, 27, 26, 2, 2, 3, 27, 27, 3, 4, 4, 28, 27, 34, 11, 35, 34, 10, 11, 9, 10, 34, 34, 33, 9, 42, 18, 43, 18, 19, 43, 20, 45, 44, 21, 45, 20, 44, 43, 20, 20, 43, 19, 0, 23, 15, 12, 11, 15, 17, 16, 15, 6, 5, 15, 15, 22, 21, 11, 10, 15, 15, 1, 0, 5, 4, 15, 15, 3, 2, 2, 1, 15, 15, 7, 6, 15, 10, 9, 23, 22, 15, 15, 13, 12, 4, 3, 15, 15, 18, 17, 14, 13, 15, 21, 20, 15, 9, 8, 15, 15, 19, 18, 15, 8, 7, 15, 20, 19, 15, 39, 38, 15, 38, 14, 40, 17, 41, 40, 16, 17, 40, 15, 16, 39, 15, 40, 24, 25, 32, 35, 36, 32, 41, 42, 32, 32, 47, 24, 26, 27, 32, 32, 45, 46, 29, 30, 32, 46, 47, 32, 32, 28, 29, 32, 25, 26, 30, 31, 32, 32, 34, 35, 42, 43, 32, 36, 37, 32, 32, 40, 41, 44, 45, 32, 38, 39, 32, 32, 37, 38, 32, 27, 28, 33, 34, 32, 32, 43, 44, 39, 40, 32, 31, 7, 32, 7, 8, 32, 9, 33, 32, 32, 8, 9]
        uniform token physics:approximation = "convexHull"
        point3f[] points = [(1.28, 0.485, 0.2955), (1.28, 0.48433554, 0.30054697), (1.28, 0.48238748, 0.30525), (1.28, 0.47928858, 0.3092886), (1.28, 0.47525, 0.3123875), (1.28, 0.47054696, 0.31433555), (1.28, 0.3745, 0.315), (1.28, 0.36945304, 0.31433555), (1.28, 0.36475, 0.3123875), (1.28, 0.36071143, 0.3092886), (1.28, 0.3576125, 0.30525), (1.28, 0.35566443, 0.30054697), (1.28, 0.355, 0.1845), (1.28, 0.35566443, 0.17945303), (1.28, 0.3576125, 0.17475), (1.28, 0.36071143, 0.17071141), (1.28, 0.36475, 0.16761251), (1.28, 0.36945304, 0.16566445), (1.28, 0.4655, 0.165), (1.28, 0.47054696, 0.16566445), (1.28, 0.47525, 0.16761251), (1.28, 0.47928858, 0.17071141), (1.28, 0.48238748, 0.17475), (1.28, 0.48433554, 0.17945303), (2.04, 0.485, 0.2955), (2.04, 0.48433554, 0.30054697), (2.04, 0.48238748, 0.30525), (2.04, 0.47928858, 0.3092886), (2.04, 0.47525, 0.3123875), (2.04, 0.47054696, 0.31433555), (2.04, 0.3745, 0.315), (2.04, 0.36945304, 0.31433555), (2.04, 0.36475, 0.3123875), (2.04, 0.36071143, 0.3092886), (2.04, 0.3576125, 0.30525), (2.04, 0.35566443, 0.30054697), (2.04, 0.355, 0.1845), (2.04, 0.35566443, 0.17945303), (2.04, 0.3576125, 0.17475), (2.04, 0.36071143, 0.17071141), (2.04, 0.36475, 0.16761251), (2.04, 0.36945304, 0.16566445), (2.04, 0.4655, 0.165), (2.04, 0.47054696, 0.16566445), (2.04, 0.47525, 0.16761251), (2.04, 0.47928858, 0.17071141), (2.04, 0.48238748, 0.17475), (2.04, 0.48433554, 0.17945303)]
        uniform token purpose = "guide"
        uniform token subdivisionScheme = "none"
    }

    def Mesh "collision_rear_rail_l" (
        prepend apiSchemas = ["PhysicsCollisionAPI", "PhysicsMeshCollisionAPI"]
    )
    {
        int[] faceVertexCounts = [3, 3, 3, 3, 3, 3, 3, 3, 3, 3, 3, 3, 3, 3, 3, 3, 3, 3, 3, 3, 3, 3, 3, 3, 3, 3, 3, 3, 3, 3, 3, 3, 3, 3, 3, 3, 3, 3, 3, 3, 3, 3, 3, 3, 3, 3, 3, 3, 3, 3, 3, 3, 3, 3, 3, 3, 3, 3, 3, 3, 3, 3, 3, 3, 3, 3, 3, 3, 3, 3, 3, 3, 3, 3, 3, 3, 3, 3, 3, 3, 3, 3, 3, 3, 3, 3, 3, 3, 3, 3, 3, 3]
        int[] faceVertexIndices = [36, 11, 12, 35, 11, 36, 30, 5, 6, 30, 29, 5, 47, 23, 0, 47, 0, 24, 47, 22, 23, 46, 22, 47, 0, 1, 25, 24, 0, 25, 18, 42, 41, 41, 17, 18, 7, 30, 6, 7, 31, 30, 21, 22, 45, 45, 22, 46, 37, 36, 12, 12, 13, 37, 37, 13, 14, 14, 38, 37, 5, 29, 28, 28, 4, 5, 3, 4, 28, 28, 27, 3, 26, 1, 2, 26, 25, 1, 2, 3, 26, 3, 27, 26, 34, 11, 35, 34, 10, 11, 34, 9, 10, 33, 9, 34, 31, 7, 32, 32, 7, 8, 8, 9, 32, 32, 9, 33, 42, 18, 43, 18, 19, 43, 20, 45, 44, 21, 45, 20, 44, 43, 20, 20, 43, 19, 0, 23, 15, 12, 11, 15, 17, 16, 15, 6, 5, 15, 15, 22, 21, 11, 10, 15, 15, 1, 0, 15, 7, 6, 5, 4, 15, 2, 1, 15, 15, 3, 2, 15, 9, 8, 23, 22, 15, 15, 13, 12, 15, 4, 3, 15, 18, 17, 14, 13, 15, 21, 20, 15, 8, 7, 15, 15, 19, 18, 10, 9, 15, 15, 20, 19, 15, 39, 38, 15, 38, 14, 24, 25, 40, 41, 42, 40, 35, 36, 40, 40, 47, 24, 25, 26, 40, 29, 30, 40, 46, 47, 40, 36, 37, 40, 40, 45, 46, 30, 31, 40, 31, 32, 40, 42, 43, 40, 40, 28, 29, 40, 34, 35, 44, 45, 40, 38, 39, 40, 40, 37, 38, 27, 28, 40, 40, 26, 27, 33, 34, 40, 40, 32, 33, 40, 43, 44, 40, 17, 41, 40, 16, 17, 40, 15, 16, 39, 15, 40]
        uniform token physics:approximation = "convexHull"
        point3f[] points = [(-1.28, 0.525, 0.1845), (-1.28, 0.52433556, 0.17945303), (-1.28, 0.5223875, 0.17475), (-1.28, 0.5192886, 0.17071141), (-1.28, 0.51525, 0.16761251), (-1.28, 0.510547, 0.16566445), (-1.28, 0.4145, 0.165), (-1.28, 0.40945303, 0.16566445), (-1.28, 0.40475, 0.16761251), (-1.28, 0.40071142, 0.17071141), (-1.28, 0.3976125, 0.17475), (-1.28, 0.39566445, 0.17945303), (-1.28, 0.395, 0.2955), (-1.28, 0.39566445, 0.30054697), (-1.28, 0.3976125, 0.30525), (-1.28, 0.40071142, 0.3092886), (-1.28, 0.40475, 0.3123875), (-1.28, 0.40945303, 0.31433555), (-1.28, 0.5055, 0.315), (-1.28, 0.510547, 0.31433555), (-1.28, 0.51525, 0.3123875), (-1.28, 0.5192886, 0.3092886), (-1.28, 0.5223875, 0.30525), (-1.28, 0.52433556, 0.30054697), (-2.04, 0.525, 0.1845), (-2.04, 0.52433556, 0.17945303), (-2.04, 0.5223875, 0.17475), (-2.04, 0.5192886, 0.17071141), (-2.04, 0.51525, 0.16761251), (-2.04, 0.510547, 0.16566445), (-2.04, 0.4145, 0.165), (-2.04, 0.40945303, 0.16566445), (-2.04, 0.40475, 0.16761251), (-2.04, 0.40071142, 0.17071141), (-2.04, 0.3976125, 0.17475), (-2.04, 0.39566445, 0.17945303), (-2.04, 0.395, 0.2955), (-2.04, 0.39566445, 0.30054697), (-2.04, 0.3976125, 0.30525), (-2.04, 0.40071142, 0.3092886), (-2.04, 0.40475, 0.3123875), (-2.04, 0.40945303, 0.31433555), (-2.04, 0.5055, 0.315), (-2.04, 0.510547, 0.31433555), (-2.04, 0.51525, 0.3123875), (-2.04, 0.5192886, 0.3092886), (-2.04, 0.5223875, 0.30525), (-2.04, 0.52433556, 0.30054697)]
        uniform token purpose = "guide"
        uniform token subdivisionScheme = "none"
    }

    def Mesh "collision_rocker_r" (
        prepend apiSchemas = ["PhysicsCollisionAPI", "PhysicsMeshCollisionAPI"]
    )
    {
        int[] faceVertexCounts = [3, 3, 3, 3, 3, 3, 3, 3, 3, 3, 3, 3, 3, 3, 3, 3, 3, 3, 3, 3, 3, 3, 3, 3, 3, 3, 3, 3, 3, 3, 3, 3, 3, 3, 3, 3, 3, 3, 3, 3, 3, 3, 3, 3, 3, 3, 3, 3, 3, 3, 3, 3, 3, 3, 3, 3, 3, 3, 3, 3, 3, 3, 3, 3, 3, 3, 3, 3, 3, 3, 3, 3, 3, 3, 3, 3, 3, 3, 3, 3, 3, 3, 3, 3, 3, 3, 3, 3, 3, 3, 3, 3]
        int[] faceVertexIndices = [47, 23, 0, 0, 24, 47, 42, 17, 18, 41, 17, 42, 5, 6, 30, 30, 29, 5, 10, 11, 35, 35, 34, 10, 35, 11, 12, 12, 36, 35, 22, 47, 46, 23, 47, 22, 25, 24, 0, 0, 1, 25, 25, 1, 2, 2, 26, 25, 13, 37, 36, 13, 36, 12, 19, 42, 18, 19, 43, 42, 28, 4, 5, 5, 29, 28, 10, 34, 33, 33, 9, 10, 8, 9, 33, 33, 32, 8, 31, 30, 6, 6, 7, 31, 31, 7, 8, 8, 32, 31, 0, 23, 15, 15, 7, 6, 15, 1, 0, 12, 11, 15, 18, 17, 15, 17, 16, 15, 15, 21, 20, 23, 22, 15, 15, 6, 5, 15, 11, 10, 5, 4, 15, 15, 19, 18, 2, 1, 15, 15, 3, 2, 10, 9, 15, 15, 13, 12, 15, 9, 8, 4, 3, 15, 8, 7, 15, 14, 13, 15, 22, 21, 15, 20, 19, 15, 40, 17, 41, 40, 16, 17, 40, 15, 16, 39, 15, 40, 37, 13, 38, 38, 13, 14, 14, 15, 38, 38, 15, 39, 43, 19, 44, 44, 19, 20, 27, 26, 2, 2, 3, 27, 27, 3, 4, 4, 28, 27, 41, 42, 45, 24, 25, 45, 45, 47, 24, 37, 38, 45, 45, 28, 29, 46, 47, 45, 34, 35, 45, 30, 31, 45, 29, 30, 45, 36, 37, 45, 45, 35, 36, 42, 43, 45, 45, 25, 26, 45, 33, 34, 45, 40, 41, 26, 27, 45, 32, 33, 45, 45, 31, 32, 39, 40, 45, 45, 38, 39, 43, 44, 45, 45, 27, 28, 45, 22, 46, 45, 21, 22, 20, 21, 45, 45, 44, 20]
        uniform token physics:approximation = "convexHull"
        point3f[] points = [(-1.02, -0.765, 0.3235), (-1.02, -0.76556224, 0.3277705), (-1.02, -0.7672106, 0.33175), (-1.02, -0.76983273, 0.33516726), (-1.02, -0.77325, 0.33778942), (-1.02, -0.7772295, 0.33943778), (-1.02, -0.8585, 0.34), (-1.02, -0.8627705, 0.33943778), (-1.02, -0.86675, 0.33778942), (-1.02, -0.87016726, 0.33516726), (-1.02, -0.87278944, 0.33175), (-1.02, -0.87443775, 0.3277705), (-1.02, -0.875, 0.1365), (-1.02, -0.87443775, 0.13222949), (-1.02, -0.87278944, 0.12825), (-1.02, -0.87016726, 0.124832734), (-1.02, -0.86675, 0.12221058), (-1.02, -0.8627705, 0.120562226), (-1.02, -0.7815, 0.12), (-1.02, -0.7772295, 0.120562226), (-1.02, -0.77325, 0.12221058), (-1.02, -0.76983273, 0.124832734), (-1.02, -0.7672106, 0.12825), (-1.02, -0.76556224, 0.13222949), (1.02, -0.765, 0.3235), (1.02, -0.76556224, 0.3277705), (1.02, -0.7672106, 0.33175), (1.02, -0.76983273, 0.33516726), (1.02, -0.77325, 0.33778942), (1.02, -0.7772295, 0.33943778), (1.02, -0.8585, 0.34), (1.02, -0.8627705, 0.33943778), (1.02, -0.86675, 0.33778942), (1.02, -0.87016726, 0.33516726), (1.02, -0.87278944, 0.33175), (1.02, -0.87443775, 0.3277705), (1.02, -0.875, 0.1365), (1.02, -0.87443775, 0.13222949), (1.02, -0.87278944, 0.12825), (1.02, -0.87016726, 0.124832734), (1.02, -0.86675, 0.12221058), (1.02, -0.8627705, 0.120562226), (1.02, -0.7815, 0.12), (1.02, -0.7772295, 0.120562226), (1.02, -0.77325, 0.12221058), (1.02, -0.76983273, 0.124832734), (1.02, -0.7672106, 0.12825), (1.02, -0.76556224, 0.13222949)]
        uniform token purpose = "guide"
        uniform token subdivisionScheme = "none"
    }

    def Mesh "collision_a_pillar_r" (
        prepend apiSchemas = ["PhysicsCollisionAPI", "PhysicsMeshCollisionAPI"]
    )
    {
        int[] faceVertexCounts = [3, 3, 3, 3, 3, 3, 3, 3, 3, 3, 3, 3, 3, 3, 3, 3, 3, 3, 3, 3, 3, 3, 3, 3, 3, 3, 3, 3, 3, 3, 3, 3, 3, 3, 3, 3, 3, 3, 3, 3, 3, 3, 3, 3, 3, 3, 3, 3, 3, 3, 3, 3, 3, 3, 3, 3, 3, 3, 3, 3, 3, 3, 3, 3, 3, 3, 3, 3, 3, 3, 3, 3, 3, 3, 3, 3, 3, 3, 3, 3, 3, 3, 3, 3, 3, 3, 3, 3, 3, 3, 3, 3]
        int[] faceVertexIndices = [30, 5, 6, 29, 5, 30, 47, 23, 0, 0, 24, 47, 42, 41, 17, 17, 18, 42, 46, 22, 23, 23, 47, 46, 7, 30, 6, 7, 31, 30, 21, 22, 45, 22, 46, 45, 28, 5, 29, 28, 4, 5, 3, 4, 28, 28, 27, 3, 18, 19, 43, 42, 18, 43, 15, 39, 38, 38, 14, 15, 33, 32, 8, 8, 9, 33, 31, 7, 8, 8, 32, 31, 12, 36, 35, 12, 35, 11, 10, 34, 33, 33, 9, 10, 35, 34, 10, 11, 35, 10, 44, 20, 21, 21, 45, 44, 19, 20, 44, 44, 43, 19, 3, 27, 26, 26, 2, 3, 16, 17, 41, 41, 40, 16, 16, 40, 39, 39, 15, 16, 0, 23, 13, 5, 4, 13, 6, 5, 13, 13, 7, 6, 23, 22, 13, 13, 19, 18, 18, 17, 13, 9, 8, 13, 13, 22, 21, 21, 20, 13, 13, 1, 0, 17, 16, 13, 13, 20, 19, 13, 4, 3, 13, 15, 14, 3, 2, 13, 2, 1, 13, 13, 10, 9, 13, 8, 7, 13, 12, 11, 11, 10, 13, 13, 16, 15, 25, 24, 0, 0, 1, 25, 25, 1, 2, 2, 26, 25, 37, 46, 47, 38, 39, 37, 37, 41, 42, 29, 30, 37, 37, 45, 46, 37, 40, 41, 37, 47, 24, 30, 31, 37, 37, 32, 33, 37, 44, 45, 37, 28, 29, 24, 25, 37, 33, 34, 37, 27, 28, 37, 39, 40, 37, 31, 32, 37, 35, 36, 37, 37, 34, 35, 42, 43, 37, 43, 44, 37, 37, 26, 27, 37, 25, 26, 37, 14, 38, 37, 13, 14, 36, 12, 37, 12, 13, 37]
        uniform token physics:approximation = "convexHull"
        point3f[] points = [(0.95192826, -0.77, 0.42399043), (0.9486437, -0.7705111, 0.42606014), (0.9455829, -0.7720096, 0.42798883), (0.94295466, -0.7743934, 0.42964503), (0.9409379, -0.7775, 0.43091586), (0.9396701, -0.78111774, 0.43171474), (0.93923765, -0.855, 0.43198723), (0.9396701, -0.8588823, 0.43171474), (0.9409379, -0.8625, 0.43091586), (0.94295466, -0.8656066, 0.42964503), (0.9455829, -0.8679904, 0.42798883), (0.9486437, -0.8694889, 0.42606014), (1.0280718, -0.87, 0.37600958), (1.0313563, -0.8694889, 0.37393984), (1.034417, -0.8679904, 0.37201115), (1.0370454, -0.8656066, 0.37035498), (1.0390621, -0.8625, 0.36908412), (1.0403299, -0.8588823, 0.36828524), (1.0407623, -0.785, 0.36801276), (1.0403299, -0.78111774, 0.36828524), (1.0390621, -0.7775, 0.36908412), (1.0370454, -0.7743934, 0.37035498), (1.034417, -0.7720096, 0.37201115), (1.0313563, -0.7705111, 0.37393984), (1.4119282, -0.77, 1.1539904), (1.4086437, -0.7705111, 1.1560601), (1.4055829, -0.7720096, 1.1579888), (1.4029546, -0.7743934, 1.1596451), (1.4009379, -0.7775, 1.1609159), (1.3996701, -0.78111774, 1.1617148), (1.3992376, -0.855, 1.1619872), (1.3996701, -0.8588823, 1.1617148), (1.4009379, -0.8625, 1.1609159), (1.4029546, -0.8656066, 1.1596451), (1.4055829, -0.8679904, 1.1579888), (1.4086437, -0.8694889, 1.1560601), (1.4880718, -0.87, 1.1060096), (1.4913564, -0.8694889, 1.1039399), (1.4944171, -0.8679904, 1.1020112), (1.4970454, -0.8656066, 1.100355), (1.4990622, -0.8625, 1.0990841), (1.50033, -0.8588823, 1.0982852), (1.5007623, -0.785, 1.0980128), (1.50033, -0.78111774, 1.0982852), (1.4990622, -0.7775, 1.0990841), (1.4970454, -0.7743934, 1.100355), (1.4944171, -0.7720096, 1.1020112), (1.4913564, -0.7705111, 1.1039399)]
        uniform token purpose = "guide"
        uniform token subdivisionScheme = "none"
    }

    def Mesh "collision_b_pillar_r" (
        prepend apiSchemas = ["PhysicsCollisionAPI", "PhysicsMeshCollisionAPI"]
    )
    {
        int[] faceVertexCounts = [3, 3, 3, 3, 3, 3, 3, 3, 3, 3, 3, 3, 3, 3, 3, 3, 3, 3, 3, 3, 3, 3, 3, 3, 3, 3, 3, 3, 3, 3, 3, 3, 3, 3, 3, 3, 3, 3, 3, 3, 3, 3, 3, 3, 3, 3, 3, 3, 3, 3, 3, 3, 3, 3, 3, 3, 3, 3, 3, 3, 3, 3, 3, 3, 3, 3, 3, 3, 3, 3, 3, 3, 3, 3, 3, 3, 3, 3, 3, 3, 3, 3, 3, 3, 3, 3, 3, 3, 3, 3, 3, 3]
        int[] faceVertexIndices = [36, 11, 12, 35, 11, 36, 29, 5, 6, 6, 30, 29, 23, 0, 47, 47, 0, 24, 42, 17, 18, 41, 17, 42, 5, 29, 4, 29, 28, 4, 31, 30, 6, 6, 7, 31, 31, 7, 8, 8, 32, 31, 8, 9, 33, 33, 32, 8, 37, 36, 12, 12, 13, 37, 37, 13, 14, 14, 38, 37, 23, 47, 22, 47, 46, 22, 19, 42, 18, 19, 43, 42, 44, 19, 20, 43, 19, 44, 0, 1, 25, 24, 0, 25, 1, 2, 25, 25, 2, 26, 27, 4, 28, 3, 4, 27, 27, 2, 3, 26, 2, 27, 34, 11, 35, 34, 10, 11, 9, 10, 34, 34, 33, 9, 15, 39, 38, 15, 38, 14, 36, 37, 40, 41, 42, 40, 35, 36, 40, 30, 31, 40, 40, 47, 24, 40, 29, 30, 40, 27, 28, 45, 46, 40, 40, 28, 29, 40, 44, 45, 40, 34, 35, 40, 46, 47, 42, 43, 40, 24, 25, 40, 40, 31, 32, 32, 33, 40, 38, 39, 40, 40, 37, 38, 43, 44, 40, 40, 25, 26, 26, 27, 40, 33, 34, 40, 40, 17, 41, 40, 16, 17, 40, 15, 16, 39, 15, 40, 23, 22, 21, 21, 19, 18, 6, 5, 21, 12, 11, 21, 18, 17, 21, 17, 16, 21, 11, 10, 21, 21, 7, 6, 21, 0, 23, 21, 9, 8, 8, 7, 21, 21, 13, 12, 21, 1, 0, 21, 4, 3, 21, 10, 9, 14, 13, 21, 3, 2, 21, 5, 4, 21, 21, 15, 14, 20, 19, 21, 21, 2, 1, 16, 15, 21, 45, 44, 21, 21, 44, 20, 21, 46, 45, 21, 22, 46]
        uniform token physics:approximation = "convexHull"
        point3f[] points = [(0.0215, -0.76, 0.36), (0.017229486, -0.76056224, 0.36), (0.01325, -0.7622106, 0.36), (0.009832738, -0.76483274, 0.36), (0.0072105806, -0.76825, 0.36), (0.005562224, -0.7722295, 0.36), (0.005, -0.8635, 0.36), (0.005562224, -0.8677705, 0.36), (0.0072105806, -0.87175, 0.36), (0.009832738, -0.87516725, 0.36), (0.01325, -0.87778944, 0.36), (0.017229486, -0.8794378, 0.36), (0.0985, -0.88, 0.36), (0.102770515, -0.8794378, 0.36), (0.10675, -0.87778944, 0.36), (0.110167265, -0.87516725, 0.36), (0.11278942, -0.87175, 0.36), (0.114437774, -0.8677705, 0.36), (0.115, -0.7765, 0.36), (0.114437774, -0.7722295, 0.36), (0.11278942, -0.76825, 0.36), (0.110167265, -0.76483274, 0.36), (0.10675, -0.7622106, 0.36), (0.102770515, -0.76056224, 0.36), (0.0215, -0.76, 1.18), (0.017229486, -0.76056224, 1.18), (0.01325, -0.7622106, 1.18), (0.009832738, -0.76483274, 1.18), (0.0072105806, -0.76825, 1.18), (0.005562224, -0.7722295, 1.18), (0.005, -0.8635, 1.18), (0.005562224, -0.8677705, 1.18), (0.0072105806, -0.87175, 1.18), (0.009832738, -0.87516725, 1.18), (0.01325, -0.87778944, 1.18), (0.017229486, -0.8794378, 1.18), (0.0985, -0.88, 1.18), (0.102770515, -0.8794378, 1.18), (0.10675, -0.87778944, 1.18), (0.110167265, -0.87516725, 1.18), (0.11278942, -0.87175, 1.18), (0.114437774, -0.8677705, 1.18), (0.115, -0.7765, 1.18), (0.114437774, -0.7722295, 1.18), (0.11278942, -0.76825, 1.18), (0.110167265, -0.76483274, 1.18), (0.10675, -0.7622106, 1.18), (0.102770515, -0.76056224, 1.18)]
        uniform token purpose = "guide"
        uniform token subdivisionScheme = "none"
    }

    def Mesh "collision_c_pillar_r" (
        prepend apiSchemas = ["PhysicsCollisionAPI", "PhysicsMeshCollisionAPI"]
    )
    {
        int[] faceVertexCounts = [3, 3, 3, 3, 3, 3, 3, 3, 3, 3, 3, 3, 3, 3, 3, 3, 3, 3, 3, 3, 3, 3, 3, 3, 3, 3, 3, 3, 3, 3, 3, 3, 3, 3, 3, 3, 3, 3, 3, 3, 3, 3, 3, 3, 3, 3, 3, 3, 3, 3, 3, 3, 3, 3, 3, 3, 3, 3, 3, 3, 3, 3, 3, 3, 3, 3, 3, 3, 3, 3, 3, 3, 3, 3, 3, 3, 3, 3, 3, 3, 3, 3, 3, 3, 3, 3, 3, 3, 3, 3, 3, 3]
        int[] faceVertexIndices = [42, 41, 18, 41, 17, 18, 30, 5, 6, 29, 5, 30, 35, 11, 12, 12, 36, 35, 24, 23, 0, 24, 47, 23, 46, 22, 23, 23, 47, 46, 13, 37, 36, 13, 36, 12, 38, 37, 13, 13, 14, 38, 41, 40, 16, 16, 17, 41, 11, 35, 10, 35, 34, 10, 10, 34, 33, 33, 9, 10, 25, 24, 0, 0, 1, 25, 25, 1, 2, 2, 26, 25, 38, 14, 15, 15, 39, 38, 40, 39, 15, 15, 16, 40, 20, 22, 21, 17, 16, 20, 0, 23, 20, 12, 11, 20, 6, 5, 20, 5, 4, 20, 20, 13, 12, 23, 22, 20, 20, 1, 0, 20, 18, 17, 20, 15, 14, 20, 7, 6, 14, 13, 20, 20, 19, 18, 11, 10, 20, 9, 8, 20, 2, 1, 20, 20, 3, 2, 8, 7, 20, 20, 10, 9, 4, 3, 20, 16, 15, 20, 21, 22, 45, 22, 46, 45, 45, 20, 21, 44, 20, 45, 42, 18, 43, 18, 19, 43, 19, 20, 43, 43, 20, 44, 31, 30, 6, 6, 7, 31, 2, 3, 27, 27, 26, 2, 32, 8, 9, 32, 9, 33, 32, 7, 8, 32, 31, 7, 33, 34, 28, 28, 41, 42, 29, 30, 28, 36, 37, 28, 28, 40, 41, 28, 35, 36, 28, 37, 38, 28, 46, 47, 42, 43, 28, 38, 39, 28, 47, 24, 28, 28, 32, 33, 28, 39, 40, 28, 34, 35, 28, 45, 46, 24, 25, 28, 28, 25, 26, 44, 45, 28, 28, 43, 44, 30, 31, 28, 26, 27, 28, 31, 32, 28, 28, 5, 29, 28, 4, 5, 28, 3, 4, 28, 27, 3]
        uniform token physics:approximation = "convexHull"
        point3f[] points = [(-0.8663584, -0.765, 1.1050645), (-0.86339617, -0.76556224, 1.1019883), (-0.8606358, -0.7672106, 1.0991218), (-0.85826546, -0.76983273, 1.0966603), (-0.8564466, -0.77325, 1.0947715), (-0.8553033, -0.7772295, 1.0935842), (-0.8549133, -0.8585, 1.0931792), (-0.8553033, -0.8627705, 1.0935842), (-0.8564466, -0.86675, 1.0947715), (-0.85826546, -0.87016726, 1.0966603), (-0.8606358, -0.87278944, 1.0991218), (-0.86339617, -0.87443775, 1.1019883), (-0.9336416, -0.875, 1.1749356), (-0.93660384, -0.87443775, 1.1780117), (-0.9393642, -0.87278944, 1.1808782), (-0.9417345, -0.87016726, 1.1833397), (-0.9435534, -0.86675, 1.1852285), (-0.9446967, -0.8627705, 1.1864158), (-0.9450867, -0.7815, 1.1868209), (-0.9446967, -0.7772295, 1.1864158), (-0.9435534, -0.77325, 1.1852285), (-0.9417345, -0.76983273, 1.1833397), (-0.9393642, -0.7672106, 1.1808782), (-0.93660384, -0.76556224, 1.1780117), (-1.4063584, -0.765, 0.5850645), (-1.4033961, -0.76556224, 0.58198833), (-1.4006358, -0.7672106, 0.5791218), (-1.3982655, -0.76983273, 0.5766603), (-1.3964466, -0.77325, 0.5747715), (-1.3953032, -0.7772295, 0.57358414), (-1.3949133, -0.8585, 0.5731792), (-1.3953032, -0.8627705, 0.57358414), (-1.3964466, -0.86675, 0.5747715), (-1.3982655, -0.87016726, 0.5766603), (-1.4006358, -0.87278944, 0.5791218), (-1.4033961, -0.87443775, 0.58198833), (-1.4736416, -0.875, 0.65493554), (-1.4766039, -0.87443775, 0.6580117), (-1.4793642, -0.87278944, 0.6608782), (-1.4817345, -0.87016726, 0.6633397), (-1.4835534, -0.86675, 0.6652285), (-1.4846967, -0.8627705, 0.6664158), (-1.4850867, -0.7815, 0.6668208), (-1.4846967, -0.7772295, 0.6664158), (-1.4835534, -0.77325, 0.6652285), (-1.4817345, -0.76983273, 0.6633397), (-1.4793642, -0.7672106, 0.6608782), (-1.4766039, -0.76556224, 0.6580117)]
        uniform token purpose = "guide"
        uniform token subdivisionScheme = "none"
    }

    def Mesh "collision_roof_rail_r" (
        prepend apiSchemas = ["PhysicsCollisionAPI", "PhysicsMeshCollisionAPI"]
    )
    {
        int[] faceVertexCounts = [3, 3, 3, 3, 3, 3, 3, 3, 3, 3, 3, 3, 3, 3, 3, 3, 3, 3, 3, 3, 3, 3, 3, 3, 3, 3, 3, 3, 3, 3, 3, 3, 3, 3, 3, 3, 3, 3, 3, 3, 3, 3, 3, 3, 3, 3, 3, 3, 3, 3, 3, 3, 3, 3, 3, 3, 3, 3, 3, 3, 3, 3, 3, 3, 3, 3, 3, 3, 3, 3, 3, 3, 3, 3, 3, 3, 3, 3, 3, 3, 3, 3, 3, 3, 3, 3, 3, 3, 3, 3, 3, 3]
        int[] faceVertexIndices = [47, 23, 0, 0, 24, 47, 42, 17, 18, 41, 17, 42, 5, 6, 30, 30, 29, 5, 35, 11, 12, 12, 36, 35, 25, 24, 0, 0, 1, 25, 25, 1, 2, 2, 26, 25, 40, 17, 41, 40, 16, 17, 9, 10, 34, 34, 33, 9, 34, 10, 11, 11, 35, 34, 23, 47, 22, 47, 46, 22, 19, 42, 18, 19, 43, 42, 44, 19, 20, 43, 19, 44, 6, 7, 31, 31, 30, 6, 28, 4, 5, 5, 29, 28, 39, 14, 15, 38, 14, 39, 15, 16, 39, 16, 40, 39, 45, 44, 21, 21, 44, 20, 21, 46, 45, 21, 22, 46, 32, 8, 9, 9, 33, 32, 7, 8, 32, 32, 31, 7, 41, 42, 27, 27, 44, 45, 27, 47, 24, 33, 34, 27, 24, 25, 27, 27, 40, 41, 45, 46, 27, 38, 39, 27, 29, 30, 27, 27, 28, 29, 27, 35, 36, 27, 46, 47, 42, 43, 27, 27, 25, 26, 36, 37, 27, 27, 34, 35, 43, 44, 27, 30, 31, 27, 27, 32, 33, 27, 37, 38, 27, 39, 40, 31, 32, 27, 27, 26, 2, 2, 3, 27, 27, 3, 4, 4, 28, 27, 0, 23, 13, 13, 3, 2, 13, 1, 0, 12, 11, 13, 18, 17, 13, 17, 16, 13, 23, 22, 13, 13, 10, 9, 13, 6, 5, 5, 4, 13, 13, 21, 20, 13, 16, 15, 2, 1, 13, 13, 7, 6, 9, 8, 13, 11, 10, 13, 13, 8, 7, 4, 3, 13, 15, 14, 13, 13, 19, 18, 20, 19, 13, 22, 21, 13, 13, 36, 12, 13, 37, 36, 38, 37, 13, 13, 14, 38]
        uniform token physics:approximation = "convexHull"
        point3f[] points = [(-1.46, -0.77, 1.25), (-1.46, -0.7705111, 1.2538823), (-1.46, -0.7720096, 1.2575), (-1.46, -0.7743934, 1.2606066), (-1.46, -0.7775, 1.2629904), (-1.46, -0.78111774, 1.2644889), (-1.46, -0.855, 1.265), (-1.46, -0.8588823, 1.2644889), (-1.46, -0.8625, 1.2629904), (-1.46, -0.8656066, 1.2606066), (-1.46, -0.8679904, 1.2575), (-1.46, -0.8694889, 1.2538823), (-1.46, -0.87, 1.17), (-1.46, -0.8694889, 1.1661177), (-1.46, -0.8679904, 1.1625), (-1.46, -0.8656066, 1.1593934), (-1.46, -0.8625, 1.1570096), (-1.46, -0.8588823, 1.1555111), (-1.46, -0.785, 1.155), (-1.46, -0.78111774, 1.1555111), (-1.46, -0.7775, 1.1570096), (-1.46, -0.7743934, 1.1593934), (-1.46, -0.7720096, 1.1625), (-1.46, -0.7705111, 1.1661177), (1.46, -0.77, 1.25), (1.46, -0.7705111, 1.2538823), (1.46, -0.7720096, 1.2575), (1.46, -0.7743934, 1.2606066), (1.46, -0.7775, 1.2629904), (1.46, -0.78111774, 1.2644889), (1.46, -0.855, 1.265), (1.46, -0.8588823, 1.2644889), (1.46, -0.8625, 1.2629904), (1.46, -0.8656066, 1.2606066), (1.46, -0.8679904, 1.2575), (1.46, -0.8694889, 1.2538823), (1.46, -0.87, 1.17), (1.46, -0.8694889, 1.1661177), (1.46, -0.8679904, 1.1625), (1.46, -0.8656066, 1.1593934), (1.46, -0.8625, 1.1570096), (1.46, -0.8588823, 1.1555111), (1.46, -0.785, 1.155), (1.46, -0.78111774, 1.1555111), (1.46, -0.7775, 1.1570096), (1.46, -0.7743934, 1.1593934), (1.46, -0.7720096, 1.1625), (1.46, -0.7705111, 1.1661177)]
        uniform token purpose = "guide"
        uniform token subdivisionScheme = "none"
    }

    def Mesh "collision_front_arch_r_1" (
        prepend apiSchemas = ["PhysicsCollisionAPI", "PhysicsMeshCollisionAPI"]
    )
    {
        int[] faceVertexCounts = [3, 3, 3, 3, 3, 3, 3, 3, 3, 3, 3, 3, 3, 3, 3, 3, 3, 3, 3, 3, 3, 3, 3, 3, 3, 3, 3, 3, 3, 3, 3, 3, 3, 3, 3, 3, 3, 3, 3, 3, 3, 3, 3, 3, 3, 3, 3, 3, 3, 3, 3, 3, 3, 3, 3, 3, 3, 3, 3, 3, 3, 3, 3, 3, 3, 3, 3, 3, 3, 3, 3, 3, 3, 3, 3, 3, 3, 3, 3, 3, 3, 3, 3, 3, 3, 3, 3, 3, 3, 3, 3, 3]
        int[] faceVertexIndices = [6, 30, 29, 6, 29, 5, 36, 35, 11, 42, 41, 18, 18, 41, 17, 31, 30, 6, 10, 11, 35, 36, 11, 12, 24, 23, 0, 47, 23, 24, 17, 41, 40, 34, 10, 35, 44, 19, 20, 22, 23, 47, 3, 4, 27, 32, 8, 33, 7, 31, 6, 7, 32, 31, 8, 32, 7, 33, 8, 9, 9, 34, 33, 10, 34, 9, 19, 44, 43, 18, 19, 43, 42, 18, 43, 45, 20, 21, 45, 44, 20, 1, 24, 0, 28, 27, 4, 28, 4, 5, 28, 5, 29, 26, 2, 3, 3, 27, 26, 38, 37, 14, 14, 15, 38, 38, 15, 39, 14, 37, 13, 13, 37, 36, 36, 12, 13, 16, 40, 39, 39, 15, 16, 17, 40, 16, 21, 22, 46, 46, 45, 21, 46, 22, 47, 25, 1, 2, 2, 26, 25, 24, 1, 25, 6, 5, 16, 21, 20, 16, 16, 22, 21, 16, 18, 17, 5, 4, 16, 16, 13, 12, 0, 23, 16, 11, 10, 16, 16, 12, 11, 10, 9, 16, 16, 19, 18, 16, 4, 3, 16, 7, 6, 16, 1, 0, 20, 19, 16, 23, 22, 16, 3, 2, 16, 8, 7, 16, 16, 9, 8, 16, 15, 14, 2, 1, 16, 14, 13, 16, 25, 32, 33, 25, 41, 42, 25, 29, 30, 25, 35, 36, 25, 34, 35, 25, 40, 41, 30, 31, 25, 36, 37, 25, 25, 38, 39, 47, 24, 25, 39, 40, 25, 33, 34, 25, 42, 43, 25, 25, 28, 29, 31, 32, 25, 25, 46, 47, 25, 43, 44, 44, 45, 25, 27, 28, 25, 25, 26, 27, 37, 38, 25, 45, 46, 25]
        uniform token physics:approximation = "convexHull"
        point3f[] points = [(0.87889856, -0.77, 0.3814521), (0.87558836, -0.7705111, 0.3834806), (0.87250376, -0.7720096, 0.38537085), (0.8698549, -0.7743934, 0.38699406), (0.8678224, -0.7775, 0.3882396), (0.8665447, -0.78111774, 0.38902256), (0.86610895, -0.855, 0.38928962), (0.8665447, -0.8588823, 0.38902256), (0.8678224, -0.8625, 0.3882396), (0.8698549, -0.8656066, 0.38699406), (0.87250376, -0.8679904, 0.38537085), (0.87558836, -0.8694889, 0.3834806), (0.9385834, -0.87, 0.3448772), (0.9418936, -0.8694889, 0.34284875), (0.9449782, -0.8679904, 0.34095848), (0.947627, -0.8656066, 0.3393353), (0.94965947, -0.8625, 0.33808976), (0.95093715, -0.8588823, 0.3373068), (0.951373, -0.785, 0.33703974), (0.95093715, -0.78111774, 0.3373068), (0.94965947, -0.7775, 0.33808976), (0.947627, -0.7743934, 0.3393353), (0.9449782, -0.7720096, 0.34095848), (0.9418936, -0.7705111, 0.34284875), (1.0262456, -0.77, 0.6180585), (1.0238024, -0.7705111, 0.6210756), (1.0215257, -0.7720096, 0.62388706), (1.0195707, -0.7743934, 0.62630135), (1.0180705, -0.7775, 0.6281539), (1.0171275, -0.78111774, 0.6293185), (1.0168058, -0.855, 0.6297157), (1.0171275, -0.8588823, 0.6293185), (1.0180705, -0.8625, 0.6281539), (1.0195707, -0.8656066, 0.62630135), (1.0215257, -0.8679904, 0.62388706), (1.0238024, -0.8694889, 0.6210756), (1.0702981, -0.87, 0.5636583), (1.0727413, -0.8694889, 0.56064117), (1.0750179, -0.8679904, 0.5578297), (1.076973, -0.8656066, 0.5554154), (1.0784732, -0.8625, 0.5535629), (1.0794162, -0.8588823, 0.5523983), (1.0797379, -0.785, 0.55200106), (1.0794162, -0.78111774, 0.5523983), (1.0784732, -0.7775, 0.5535629), (1.076973, -0.7743934, 0.5554154), (1.0750179, -0.7720096, 0.5578297), (1.0727413, -0.7705111, 0.56064117)]
        uniform token purpose = "guide"
        uniform token subdivisionScheme = "none"
    }

    def Mesh "collision_front_arch_r_2" (
        prepend apiSchemas = ["PhysicsCollisionAPI", "PhysicsMeshCollisionAPI"]
    )
    {
        int[] faceVertexCounts = [3, 3, 3, 3, 3, 3, 3, 3, 3, 3, 3, 3, 3, 3, 3, 3, 3, 3, 3, 3, 3, 3, 3, 3, 3, 3, 3, 3, 3, 3, 3, 3, 3, 3, 3, 3, 3, 3, 3, 3, 3, 3, 3, 3, 3, 3, 3, 3, 3, 3, 3, 3, 3, 3, 3, 3, 3, 3, 3, 3, 3, 3, 3, 3, 3, 3, 3, 3, 3, 3, 3, 3, 3, 3, 3, 3, 3, 3, 3, 3, 3, 3, 3, 3, 3, 3, 3, 3, 3, 3, 3, 3]
        int[] faceVertexIndices = [29, 5, 6, 6, 30, 29, 12, 36, 35, 35, 11, 12, 24, 47, 0, 0, 47, 23, 42, 17, 18, 42, 41, 17, 7, 30, 6, 7, 31, 30, 38, 37, 13, 13, 14, 38, 13, 37, 36, 36, 12, 13, 14, 15, 39, 38, 14, 39, 10, 11, 35, 35, 34, 10, 34, 33, 10, 10, 33, 9, 8, 33, 32, 9, 33, 8, 32, 31, 8, 31, 7, 8, 46, 21, 22, 45, 21, 46, 23, 47, 46, 46, 22, 23, 24, 0, 25, 0, 1, 25, 40, 16, 17, 17, 41, 40, 15, 16, 40, 40, 39, 15, 20, 21, 44, 44, 21, 45, 5, 29, 4, 29, 28, 4, 28, 27, 4, 27, 3, 4, 2, 15, 14, 6, 5, 2, 18, 17, 2, 2, 7, 6, 17, 16, 2, 2, 21, 20, 23, 22, 2, 2, 19, 18, 2, 12, 11, 14, 13, 2, 2, 0, 23, 2, 16, 15, 11, 10, 2, 2, 13, 12, 9, 8, 2, 2, 1, 0, 20, 19, 2, 2, 10, 9, 2, 8, 7, 22, 21, 2, 5, 4, 2, 2, 4, 3, 26, 25, 2, 2, 25, 1, 2, 27, 26, 2, 3, 27, 26, 27, 43, 43, 37, 38, 45, 46, 43, 30, 31, 43, 43, 29, 30, 43, 40, 41, 35, 36, 43, 43, 47, 24, 43, 31, 32, 43, 28, 29, 36, 37, 43, 32, 33, 43, 43, 34, 35, 41, 42, 43, 38, 39, 43, 43, 27, 28, 24, 25, 43, 43, 33, 34, 43, 46, 47, 43, 25, 26, 39, 40, 43, 43, 44, 45, 43, 42, 18, 18, 19, 43, 43, 19, 20, 20, 44, 43]
        uniform token physics:approximation = "convexHull"
        point3f[] points = [(1.0262456, -0.77, 0.6180585), (1.0238024, -0.7705111, 0.6210756), (1.0215257, -0.7720096, 0.62388706), (1.0195707, -0.7743934, 0.62630135), (1.0180705, -0.7775, 0.6281539), (1.0171275, -0.78111774, 0.6293185), (1.0168058, -0.855, 0.6297157), (1.0171275, -0.8588823, 0.6293185), (1.0180705, -0.8625, 0.6281539), (1.0195707, -0.8656066, 0.62630135), (1.0215257, -0.8679904, 0.62388706), (1.0238024, -0.8694889, 0.6210756), (1.0702981, -0.87, 0.5636583), (1.0727413, -0.8694889, 0.56064117), (1.0750179, -0.8679904, 0.5578297), (1.076973, -0.8656066, 0.5554154), (1.0784732, -0.8625, 0.5535629), (1.0794162, -0.8588823, 0.5523983), (1.0797379, -0.785, 0.55200106), (1.0794162, -0.78111774, 0.5523983), (1.0784732, -0.7775, 0.5535629), (1.076973, -0.7743934, 0.5554154), (1.0750179, -0.7720096, 0.5578297), (1.0727413, -0.7705111, 0.56064117), (1.3, -0.77, 0.715), (1.3, -0.7705111, 0.71888226), (1.3, -0.7720096, 0.7225), (1.3, -0.7743934, 0.7256066), (1.3, -0.7775, 0.7279904), (1.3, -0.78111774, 0.7294889), (1.3, -0.855, 0.73), (1.3, -0.8588823, 0.7294889), (1.3, -0.8625, 0.7279904), (1.3, -0.8656066, 0.7256066), (1.3, -0.8679904, 0.7225), (1.3, -0.8694889, 0.71888226), (1.3, -0.87, 0.645), (1.3, -0.8694889, 0.6411177), (1.3, -0.8679904, 0.6375), (1.3, -0.8656066, 0.6343934), (1.3, -0.8625, 0.6320096), (1.3, -0.8588823, 0.6305111), (1.3, -0.785, 0.63), (1.3, -0.78111774, 0.6305111), (1.3, -0.7775, 0.6320096), (1.3, -0.7743934, 0.6343934), (1.3, -0.7720096, 0.6375), (1.3, -0.7705111, 0.6411177)]
        uniform token purpose = "guide"
        uniform token subdivisionScheme = "none"
    }

    def Mesh "collision_front_arch_r_3" (
        prepend apiSchemas = ["PhysicsCollisionAPI", "PhysicsMeshCollisionAPI"]
    )
    {
        int[] faceVertexCounts = [3, 3, 3, 3, 3, 3, 3, 3, 3, 3, 3, 3, 3, 3, 3, 3, 3, 3, 3, 3, 3, 3, 3, 3, 3, 3, 3, 3, 3, 3, 3, 3, 3, 3, 3, 3, 3, 3, 3, 3, 3, 3, 3, 3, 3, 3, 3, 3, 3, 3, 3, 3, 3, 3, 3, 3, 3, 3, 3, 3, 3, 3, 3, 3, 3, 3, 3, 3, 3, 3, 3, 3, 3, 3, 3, 3, 3, 3, 3, 3, 3, 3, 3, 3, 3, 3, 3, 3, 3, 3, 3, 3]
        int[] faceVertexIndices = [30, 29, 6, 6, 29, 5, 36, 11, 12, 35, 11, 36, 42, 41, 18, 18, 41, 17, 27, 2, 3, 26, 2, 27, 24, 23, 0, 24, 47, 23, 13, 36, 12, 13, 37, 36, 1, 2, 25, 25, 2, 26, 0, 1, 25, 25, 24, 0, 32, 31, 7, 8, 32, 7, 30, 6, 7, 7, 31, 30, 38, 37, 14, 37, 13, 14, 17, 41, 16, 41, 40, 16, 39, 14, 15, 38, 14, 39, 15, 16, 39, 39, 16, 40, 5, 29, 4, 29, 28, 4, 4, 27, 3, 4, 28, 27, 47, 46, 22, 23, 47, 22, 42, 18, 43, 18, 19, 43, 43, 19, 20, 20, 44, 43, 21, 22, 45, 45, 22, 46, 20, 21, 45, 45, 44, 20, 9, 13, 12, 12, 11, 9, 0, 23, 9, 9, 1, 0, 9, 21, 20, 20, 19, 9, 9, 2, 1, 9, 6, 5, 17, 16, 9, 8, 7, 9, 15, 14, 9, 9, 18, 17, 3, 2, 9, 23, 22, 9, 9, 19, 18, 5, 4, 9, 9, 7, 6, 11, 10, 9, 9, 14, 13, 9, 16, 15, 9, 4, 3, 9, 22, 21, 9, 33, 32, 9, 32, 8, 34, 29, 30, 38, 39, 34, 34, 37, 38, 26, 27, 34, 34, 41, 42, 34, 28, 29, 35, 36, 34, 30, 31, 34, 34, 45, 46, 34, 25, 26, 34, 46, 47, 47, 24, 34, 36, 37, 34, 34, 31, 32, 32, 33, 34, 34, 40, 41, 27, 28, 34, 42, 43, 34, 24, 25, 34, 34, 39, 40, 34, 43, 44, 44, 45, 34, 34, 11, 35, 34, 10, 11, 34, 9, 10, 33, 9, 34]
        uniform token physics:approximation = "convexHull"
        point3f[] points = [(1.3, -0.77, 0.715), (1.3, -0.7705111, 0.71888226), (1.3, -0.7720096, 0.7225), (1.3, -0.7743934, 0.7256066), (1.3, -0.7775, 0.7279904), (1.3, -0.78111774, 0.7294889), (1.3, -0.855, 0.73), (1.3, -0.8588823, 0.7294889), (1.3, -0.8625, 0.7279904), (1.3, -0.8656066, 0.7256066), (1.3, -0.8679904, 0.7225), (1.3, -0.8694889, 0.71888226), (1.3, -0.87, 0.645), (1.3, -0.8694889, 0.6411177), (1.3, -0.8679904, 0.6375), (1.3, -0.8656066, 0.6343934), (1.3, -0.8625, 0.6320096), (1.3, -0.8588823, 0.6305111), (1.3, -0.785, 0.63), (1.3, -0.78111774, 0.6305111), (1.3, -0.7775, 0.6320096), (1.3, -0.7743934, 0.6343934), (1.3, -0.7720096, 0.6375), (1.3, -0.7705111, 0.6411177), (1.5737543, -0.77, 0.6180585), (1.5761976, -0.7705111, 0.6210756), (1.5784743, -0.7720096, 0.62388706), (1.5804293, -0.7743934, 0.62630135), (1.5819294, -0.7775, 0.6281539), (1.5828725, -0.78111774, 0.6293185), (1.5831941, -0.855, 0.6297157), (1.5828725, -0.8588823, 0.6293185), (1.5819294, -0.8625, 0.6281539), (1.5804293, -0.8656066, 0.62630135), (1.5784743, -0.8679904, 0.62388706), (1.5761976, -0.8694889, 0.6210756), (1.529702, -0.87, 0.5636583), (1.5272588, -0.8694889, 0.56064117), (1.5249821, -0.8679904, 0.5578297), (1.523027, -0.8656066, 0.5554154), (1.5215268, -0.8625, 0.5535629), (1.5205837, -0.8588823, 0.5523983), (1.5202621, -0.785, 0.55200106), (1.5205837, -0.78111774, 0.5523983), (1.5215268, -0.7775, 0.5535629), (1.523027, -0.7743934, 0.5554154), (1.5249821, -0.7720096, 0.5578297), (1.5272588, -0.7705111, 0.56064117)]
        uniform token purpose = "guide"
        uniform token subdivisionScheme = "none"
    }

    def Mesh "collision_front_arch_r_4" (
        prepend apiSchemas = ["PhysicsCollisionAPI", "PhysicsMeshCollisionAPI"]
    )
    {
        int[] faceVertexCounts = [3, 3, 3, 3, 3, 3, 3, 3, 3, 3, 3, 3, 3, 3, 3, 3, 3, 3, 3, 3, 3, 3, 3, 3, 3, 3, 3, 3, 3, 3, 3, 3, 3, 3, 3, 3, 3, 3, 3, 3, 3, 3, 3, 3, 3, 3, 3, 3, 3, 3, 3, 3, 3, 3, 3, 3, 3, 3, 3, 3, 3, 3, 3, 3, 3, 3, 3, 3, 3, 3, 3, 3, 3, 3, 3, 3, 3, 3, 3, 3, 3, 3, 3, 3, 3, 3, 3, 3, 3, 3, 3, 3]
        int[] faceVertexIndices = [5, 6, 30, 35, 11, 12, 42, 17, 18, 41, 17, 42, 30, 6, 7, 11, 35, 34, 36, 35, 12, 29, 5, 30, 29, 4, 5, 28, 4, 29, 16, 17, 41, 11, 34, 10, 3, 4, 28, 0, 24, 47, 47, 23, 0, 19, 42, 18, 9, 32, 8, 30, 7, 31, 7, 8, 31, 31, 8, 32, 33, 32, 9, 9, 10, 33, 33, 10, 34, 2, 3, 27, 27, 26, 2, 27, 3, 28, 24, 0, 25, 21, 44, 20, 43, 19, 20, 20, 44, 43, 42, 19, 43, 38, 13, 14, 14, 39, 38, 15, 39, 14, 37, 13, 38, 12, 13, 37, 37, 36, 12, 15, 16, 40, 40, 39, 15, 40, 16, 41, 1, 25, 0, 26, 25, 1, 2, 26, 1, 46, 23, 47, 44, 21, 45, 23, 46, 22, 46, 45, 22, 22, 45, 21, 45, 40, 41, 41, 42, 45, 47, 24, 45, 45, 29, 30, 36, 37, 45, 45, 34, 35, 35, 36, 45, 28, 29, 45, 45, 33, 34, 30, 31, 45, 42, 43, 45, 45, 27, 28, 24, 25, 45, 45, 31, 32, 32, 33, 45, 38, 39, 45, 26, 27, 45, 45, 25, 26, 45, 43, 44, 45, 37, 38, 39, 40, 45, 45, 46, 47, 9, 8, 22, 6, 5, 22, 12, 11, 22, 18, 17, 22, 22, 7, 6, 17, 16, 22, 15, 14, 22, 11, 10, 22, 22, 3, 2, 22, 19, 18, 5, 4, 22, 22, 16, 15, 22, 13, 12, 22, 10, 9, 4, 3, 22, 22, 0, 23, 20, 19, 22, 22, 8, 7, 2, 1, 22, 22, 21, 20, 22, 14, 13, 22, 1, 0]
        uniform token physics:approximation = "convexHull"
        point3f[] points = [(1.5737543, -0.77, 0.6180585), (1.5761976, -0.7705111, 0.6210756), (1.5784743, -0.7720096, 0.62388706), (1.5804293, -0.7743934, 0.62630135), (1.5819294, -0.7775, 0.6281539), (1.5828725, -0.78111774, 0.6293185), (1.5831941, -0.855, 0.6297157), (1.5828725, -0.8588823, 0.6293185), (1.5819294, -0.8625, 0.6281539), (1.5804293, -0.8656066, 0.62630135), (1.5784743, -0.8679904, 0.62388706), (1.5761976, -0.8694889, 0.6210756), (1.529702, -0.87, 0.5636583), (1.5272588, -0.8694889, 0.56064117), (1.5249821, -0.8679904, 0.5578297), (1.523027, -0.8656066, 0.5554154), (1.5215268, -0.8625, 0.5535629), (1.5205837, -0.8588823, 0.5523983), (1.5202621, -0.785, 0.55200106), (1.5205837, -0.78111774, 0.5523983), (1.5215268, -0.7775, 0.5535629), (1.523027, -0.7743934, 0.5554154), (1.5249821, -0.7720096, 0.5578297), (1.5272588, -0.7705111, 0.56064117), (1.7211014, -0.77, 0.3814521), (1.7244116, -0.7705111, 0.3834806), (1.7274963, -0.7720096, 0.38537085), (1.7301451, -0.7743934, 0.38699406), (1.7321776, -0.7775, 0.3882396), (1.7334553, -0.78111774, 0.38902256), (1.733891, -0.855, 0.38928962), (1.7334553, -0.8588823, 0.38902256), (1.7321776, -0.8625, 0.3882396), (1.7301451, -0.8656066, 0.38699406), (1.7274963, -0.8679904, 0.38537085), (1.7244116, -0.8694889, 0.3834806), (1.6614166, -0.87, 0.3448772), (1.6581064, -0.8694889, 0.34284875), (1.6550218, -0.8679904, 0.34095848), (1.6523731, -0.8656066, 0.3393353), (1.6503406, -0.8625, 0.33808976), (1.6490629, -0.8588823, 0.3373068), (1.648627, -0.785, 0.33703974), (1.6490629, -0.78111774, 0.3373068), (1.6503406, -0.7775, 0.33808976), (1.6523731, -0.7743934, 0.3393353), (1.6550218, -0.7720096, 0.34095848), (1.6581064, -0.7705111, 0.34284875)]
        uniform token purpose = "guide"
        uniform token subdivisionScheme = "none"
    }

    def Mesh "collision_rear_arch_r_1" (
        prepend apiSchemas = ["PhysicsCollisionAPI", "PhysicsMeshCollisionAPI"]
    )
    {
        int[] faceVertexCounts = [3, 3, 3, 3, 3, 3, 3, 3, 3, 3, 3, 3, 3, 3, 3, 3, 3, 3, 3, 3, 3, 3, 3, 3, 3, 3, 3, 3, 3, 3, 3, 3, 3, 3, 3, 3, 3, 3, 3, 3, 3, 3, 3, 3, 3, 3, 3, 3, 3, 3, 3, 3, 3, 3, 3, 3, 3, 3, 3, 3, 3, 3, 3, 3, 3, 3, 3, 3, 3, 3, 3, 3, 3, 3, 3, 3, 3, 3, 3, 3, 3, 3, 3, 3, 3, 3, 3, 3, 3, 3, 3, 3]
        int[] faceVertexIndices = [6, 30, 29, 6, 29, 5, 36, 35, 11, 42, 41, 18, 18, 41, 17, 31, 30, 6, 10, 11, 35, 36, 11, 12, 24, 23, 0, 47, 23, 24, 17, 41, 40, 34, 10, 35, 20, 44, 19, 20, 45, 44, 21, 45, 20, 19, 44, 43, 18, 19, 43, 42, 18, 43, 22, 23, 47, 3, 4, 27, 32, 8, 33, 7, 31, 6, 7, 32, 31, 8, 32, 7, 33, 8, 9, 9, 34, 33, 10, 34, 9, 46, 22, 47, 21, 22, 46, 46, 45, 21, 1, 24, 0, 28, 27, 4, 28, 4, 5, 28, 5, 29, 26, 2, 3, 3, 27, 26, 38, 37, 14, 14, 15, 38, 38, 15, 39, 14, 37, 13, 13, 37, 36, 36, 12, 13, 16, 40, 39, 39, 15, 16, 17, 40, 16, 25, 1, 2, 2, 26, 25, 24, 1, 25, 6, 5, 16, 10, 9, 16, 16, 22, 21, 16, 18, 17, 5, 4, 16, 16, 13, 12, 0, 23, 16, 11, 10, 16, 16, 12, 11, 16, 19, 18, 21, 20, 16, 16, 4, 3, 16, 7, 6, 16, 1, 0, 16, 20, 19, 23, 22, 16, 3, 2, 16, 8, 7, 16, 16, 9, 8, 16, 15, 14, 2, 1, 16, 14, 13, 16, 25, 32, 33, 25, 41, 42, 25, 29, 30, 25, 35, 36, 30, 31, 25, 25, 40, 41, 36, 37, 25, 42, 43, 25, 25, 46, 47, 25, 34, 35, 47, 24, 25, 39, 40, 25, 33, 34, 25, 44, 45, 25, 25, 43, 44, 25, 28, 29, 31, 32, 25, 25, 38, 39, 45, 46, 25, 27, 28, 25, 25, 26, 27, 37, 38, 25]
        uniform token physics:approximation = "convexHull"
        point3f[] points = [(-1.7211014, -0.77, 0.3814521), (-1.7244116, -0.7705111, 0.3834806), (-1.7274963, -0.7720096, 0.38537085), (-1.7301451, -0.7743934, 0.38699406), (-1.7321776, -0.7775, 0.3882396), (-1.7334553, -0.78111774, 0.38902256), (-1.733891, -0.855, 0.38928962), (-1.7334553, -0.8588823, 0.38902256), (-1.7321776, -0.8625, 0.3882396), (-1.7301451, -0.8656066, 0.38699406), (-1.7274963, -0.8679904, 0.38537085), (-1.7244116, -0.8694889, 0.3834806), (-1.6614166, -0.87, 0.3448772), (-1.6581064, -0.8694889, 0.34284875), (-1.6550218, -0.8679904, 0.34095848), (-1.6523731, -0.8656066, 0.3393353), (-1.6503406, -0.8625, 0.33808976), (-1.6490629, -0.8588823, 0.3373068), (-1.648627, -0.785, 0.33703974), (-1.6490629, -0.78111774, 0.3373068), (-1.6503406, -0.7775, 0.33808976), (-1.6523731, -0.7743934, 0.3393353), (-1.6550218, -0.7720096, 0.34095848), (-1.6581064, -0.7705111, 0.34284875), (-1.5737543, -0.77, 0.6180585), (-1.5761976, -0.7705111, 0.6210756), (-1.5784743, -0.7720096, 0.62388706), (-1.5804293, -0.7743934, 0.62630135), (-1.5819294, -0.7775, 0.6281539), (-1.5828725, -0.78111774, 0.6293185), (-1.5831941, -0.855, 0.6297157), (-1.5828725, -0.8588823, 0.6293185), (-1.5819294, -0.8625, 0.6281539), (-1.5804293, -0.8656066, 0.62630135), (-1.5784743, -0.8679904, 0.62388706), (-1.5761976, -0.8694889, 0.6210756), (-1.529702, -0.87, 0.5636583), (-1.5272588, -0.8694889, 0.56064117), (-1.5249821, -0.8679904, 0.5578297), (-1.523027, -0.8656066, 0.5554154), (-1.5215268, -0.8625, 0.5535629), (-1.5205837, -0.8588823, 0.5523983), (-1.5202621, -0.785, 0.55200106), (-1.5205837, -0.78111774, 0.5523983), (-1.5215268, -0.7775, 0.5535629), (-1.523027, -0.7743934, 0.5554154), (-1.5249821, -0.7720096, 0.5578297), (-1.5272588, -0.7705111, 0.56064117)]
        uniform token purpose = "guide"
        uniform token subdivisionScheme = "none"
    }

    def Mesh "collision_rear_arch_r_2" (
        prepend apiSchemas = ["PhysicsCollisionAPI", "PhysicsMeshCollisionAPI"]
    )
    {
        int[] faceVertexCounts = [3, 3, 3, 3, 3, 3, 3, 3, 3, 3, 3, 3, 3, 3, 3, 3, 3, 3, 3, 3, 3, 3, 3, 3, 3, 3, 3, 3, 3, 3, 3, 3, 3, 3, 3, 3, 3, 3, 3, 3, 3, 3, 3, 3, 3, 3, 3, 3, 3, 3, 3, 3, 3, 3, 3, 3, 3, 3, 3, 3, 3, 3, 3, 3, 3, 3, 3, 3, 3, 3, 3, 3, 3, 3, 3, 3, 3, 3, 3, 3, 3, 3, 3, 3, 3, 3, 3, 3, 3, 3, 3, 3]
        int[] faceVertexIndices = [29, 5, 6, 6, 30, 29, 23, 0, 47, 47, 0, 24, 36, 11, 12, 36, 35, 11, 31, 30, 6, 6, 7, 31, 17, 18, 42, 41, 17, 42, 32, 7, 8, 32, 31, 7, 23, 47, 22, 47, 46, 22, 13, 36, 12, 13, 37, 36, 11, 35, 10, 35, 34, 10, 5, 29, 28, 28, 4, 5, 3, 4, 28, 28, 27, 3, 9, 10, 33, 33, 10, 34, 8, 9, 33, 33, 32, 8, 21, 46, 45, 21, 22, 46, 20, 21, 44, 44, 21, 45, 40, 16, 17, 40, 17, 41, 15, 16, 40, 40, 39, 15, 5, 4, 2, 6, 5, 2, 2, 0, 23, 12, 11, 2, 2, 7, 6, 17, 16, 2, 2, 19, 18, 11, 10, 2, 8, 7, 2, 2, 13, 12, 2, 18, 17, 2, 9, 8, 2, 16, 15, 23, 22, 2, 2, 4, 3, 2, 1, 0, 20, 19, 2, 2, 21, 20, 2, 10, 9, 15, 14, 2, 22, 21, 2, 2, 14, 13, 3, 27, 2, 27, 26, 2, 24, 0, 25, 0, 1, 25, 1, 2, 25, 25, 2, 26, 43, 42, 18, 18, 19, 43, 43, 19, 20, 20, 44, 43, 38, 34, 35, 41, 42, 38, 38, 29, 30, 45, 46, 38, 38, 47, 24, 30, 31, 38, 35, 36, 38, 38, 44, 45, 31, 32, 38, 38, 46, 47, 38, 33, 34, 36, 37, 38, 38, 40, 41, 38, 26, 27, 38, 28, 29, 42, 43, 38, 27, 28, 38, 32, 33, 38, 24, 25, 38, 39, 40, 38, 38, 25, 26, 38, 43, 44, 37, 13, 38, 13, 14, 38, 15, 39, 38, 38, 14, 15]
        uniform token physics:approximation = "convexHull"
        point3f[] points = [(-1.5737543, -0.77, 0.6180585), (-1.5761976, -0.7705111, 0.6210756), (-1.5784743, -0.7720096, 0.62388706), (-1.5804293, -0.7743934, 0.62630135), (-1.5819294, -0.7775, 0.6281539), (-1.5828725, -0.78111774, 0.6293185), (-1.5831941, -0.855, 0.6297157), (-1.5828725, -0.8588823, 0.6293185), (-1.5819294, -0.8625, 0.6281539), (-1.5804293, -0.8656066, 0.62630135), (-1.5784743, -0.8679904, 0.62388706), (-1.5761976, -0.8694889, 0.6210756), (-1.529702, -0.87, 0.5636583), (-1.5272588, -0.8694889, 0.56064117), (-1.5249821, -0.8679904, 0.5578297), (-1.523027, -0.8656066, 0.5554154), (-1.5215268, -0.8625, 0.5535629), (-1.5205837, -0.8588823, 0.5523983), (-1.5202621, -0.785, 0.55200106), (-1.5205837, -0.78111774, 0.5523983), (-1.5215268, -0.7775, 0.5535629), (-1.523027, -0.7743934, 0.5554154), (-1.5249821, -0.7720096, 0.5578297), (-1.5272588, -0.7705111, 0.56064117), (-1.3, -0.77, 0.715), (-1.3, -0.7705111, 0.71888226), (-1.3, -0.7720096, 0.7225), (-1.3, -0.7743934, 0.7256066), (-1.3, -0.7775, 0.7279904), (-1.3, -0.78111774, 0.7294889), (-1.3, -0.855, 0.73), (-1.3, -0.8588823, 0.7294889), (-1.3, -0.8625, 0.7279904), (-1.3, -0.8656066, 0.7256066), (-1.3, -0.8679904, 0.7225), (-1.3, -0.8694889, 0.71888226), (-1.3, -0.87, 0.645), (-1.3, -0.8694889, 0.6411177), (-1.3, -0.8679904, 0.6375), (-1.3, -0.8656066, 0.6343934), (-1.3, -0.8625, 0.6320096), (-1.3, -0.8588823, 0.6305111), (-1.3, -0.785, 0.63), (-1.3, -0.78111774, 0.6305111), (-1.3, -0.7775, 0.6320096), (-1.3, -0.7743934, 0.6343934), (-1.3, -0.7720096, 0.6375), (-1.3, -0.7705111, 0.6411177)]
        uniform token purpose = "guide"
        uniform token subdivisionScheme = "none"
    }

    def Mesh "collision_rear_arch_r_3" (
        prepend apiSchemas = ["PhysicsCollisionAPI", "PhysicsMeshCollisionAPI"]
    )
    {
        int[] faceVertexCounts = [3, 3, 3, 3, 3, 3, 3, 3, 3, 3, 3, 3, 3, 3, 3, 3, 3, 3, 3, 3, 3, 3, 3, 3, 3, 3, 3, 3, 3, 3, 3, 3, 3, 3, 3, 3, 3, 3, 3, 3, 3, 3, 3, 3, 3, 3, 3, 3, 3, 3, 3, 3, 3, 3, 3, 3, 3, 3, 3, 3, 3, 3, 3, 3, 3, 3, 3, 3, 3, 3, 3, 3, 3, 3, 3, 3, 3, 3, 3, 3, 3, 3, 3, 3, 3, 3, 3, 3, 3, 3, 3, 3]
        int[] faceVertexIndices = [30, 29, 6, 6, 29, 5, 36, 11, 12, 35, 11, 36, 42, 41, 18, 18, 41, 17, 27, 2, 3, 26, 2, 27, 24, 23, 0, 24, 47, 23, 30, 6, 31, 6, 7, 31, 13, 36, 12, 13, 37, 36, 1, 2, 25, 25, 2, 26, 0, 1, 25, 25, 24, 0, 8, 9, 32, 32, 9, 33, 32, 7, 8, 32, 31, 7, 38, 37, 14, 37, 13, 14, 17, 41, 16, 41, 40, 16, 39, 14, 15, 38, 14, 39, 15, 16, 39, 39, 16, 40, 20, 21, 44, 44, 21, 45, 5, 29, 4, 29, 28, 4, 4, 27, 3, 4, 28, 27, 34, 11, 35, 34, 10, 11, 33, 9, 34, 9, 10, 34, 43, 29, 30, 43, 28, 29, 43, 37, 38, 26, 27, 43, 43, 41, 42, 38, 39, 43, 35, 36, 43, 43, 46, 47, 30, 31, 43, 43, 32, 33, 43, 34, 35, 47, 24, 43, 36, 37, 43, 43, 25, 26, 43, 40, 41, 27, 28, 43, 24, 25, 43, 31, 32, 43, 43, 39, 40, 43, 44, 45, 45, 46, 43, 33, 34, 43, 42, 18, 43, 18, 19, 43, 43, 19, 20, 20, 44, 43, 8, 7, 22, 12, 11, 22, 0, 23, 22, 22, 1, 0, 22, 13, 12, 20, 19, 22, 22, 9, 8, 22, 6, 5, 17, 16, 22, 22, 2, 1, 15, 14, 22, 22, 18, 17, 22, 7, 6, 3, 2, 22, 22, 21, 20, 11, 10, 22, 22, 19, 18, 5, 4, 22, 22, 10, 9, 22, 14, 13, 22, 16, 15, 22, 4, 3, 23, 47, 22, 47, 46, 22, 45, 21, 22, 22, 46, 45]
        uniform token physics:approximation = "convexHull"
        point3f[] points = [(-1.3, -0.77, 0.715), (-1.3, -0.7705111, 0.71888226), (-1.3, -0.7720096, 0.7225), (-1.3, -0.7743934, 0.7256066), (-1.3, -0.7775, 0.7279904), (-1.3, -0.78111774, 0.7294889), (-1.3, -0.855, 0.73), (-1.3, -0.8588823, 0.7294889), (-1.3, -0.8625, 0.7279904), (-1.3, -0.8656066, 0.7256066), (-1.3, -0.8679904, 0.7225), (-1.3, -0.8694889, 0.71888226), (-1.3, -0.87, 0.645), (-1.3, -0.8694889, 0.6411177), (-1.3, -0.8679904, 0.6375), (-1.3, -0.8656066, 0.6343934), (-1.3, -0.8625, 0.6320096), (-1.3, -0.8588823, 0.6305111), (-1.3, -0.785, 0.63), (-1.3, -0.78111774, 0.6305111), (-1.3, -0.7775, 0.6320096), (-1.3, -0.7743934, 0.6343934), (-1.3, -0.7720096, 0.6375), (-1.3, -0.7705111, 0.6411177), (-1.0262456, -0.77, 0.6180585), (-1.0238024, -0.7705111, 0.6210756), (-1.0215257, -0.7720096, 0.62388706), (-1.0195707, -0.7743934, 0.62630135), (-1.0180705, -0.7775, 0.6281539), (-1.0171275, -0.78111774, 0.6293185), (-1.0168058, -0.855, 0.6297157), (-1.0171275, -0.8588823, 0.6293185), (-1.0180705, -0.8625, 0.6281539), (-1.0195707, -0.8656066, 0.62630135), (-1.0215257, -0.8679904, 0.62388706), (-1.0238024, -0.8694889, 0.6210756), (-1.0702981, -0.87, 0.5636583), (-1.0727413, -0.8694889, 0.56064117), (-1.0750179, -0.8679904, 0.5578297), (-1.076973, -0.8656066, 0.5554154), (-1.0784732, -0.8625, 0.5535629), (-1.0794162, -0.8588823, 0.5523983), (-1.0797379, -0.785, 0.55200106), (-1.0794162, -0.78111774, 0.5523983), (-1.0784732, -0.7775, 0.5535629), (-1.076973, -0.7743934, 0.5554154), (-1.0750179, -0.7720096, 0.5578297), (-1.0727413, -0.7705111, 0.56064117)]
        uniform token purpose = "guide"
        uniform token subdivisionScheme = "none"
    }

    def Mesh "collision_rear_arch_r_4" (
        prepend apiSchemas = ["PhysicsCollisionAPI", "PhysicsMeshCollisionAPI"]
    )
    {
        int[] faceVertexCounts = [3, 3, 3, 3, 3, 3, 3, 3, 3, 3, 3, 3, 3, 3, 3, 3, 3, 3, 3, 3, 3, 3, 3, 3, 3, 3, 3, 3, 3, 3, 3, 3, 3, 3, 3, 3, 3, 3, 3, 3, 3, 3, 3, 3, 3, 3, 3, 3, 3, 3, 3, 3, 3, 3, 3, 3, 3, 3, 3, 3, 3, 3, 3, 3, 3, 3, 3, 3, 3, 3, 3, 3, 3, 3, 3, 3, 3, 3, 3, 3, 3, 3, 3, 3, 3, 3, 3, 3, 3, 3, 3, 3]
        int[] faceVertexIndices = [47, 23, 0, 0, 24, 47, 30, 29, 5, 36, 35, 12, 12, 35, 11, 4, 5, 29, 30, 5, 6, 16, 17, 41, 34, 11, 35, 23, 47, 46, 42, 17, 18, 41, 17, 42, 25, 24, 0, 28, 4, 29, 27, 26, 2, 32, 31, 8, 8, 9, 32, 32, 9, 33, 8, 31, 7, 7, 31, 30, 30, 6, 7, 11, 34, 10, 10, 34, 33, 33, 9, 10, 23, 46, 22, 19, 42, 18, 27, 2, 3, 3, 28, 27, 4, 28, 3, 26, 25, 1, 1, 2, 26, 1, 25, 0, 38, 13, 14, 14, 39, 38, 15, 39, 14, 37, 13, 38, 12, 13, 37, 37, 36, 12, 15, 16, 40, 40, 39, 15, 40, 16, 41, 45, 22, 46, 42, 19, 43, 43, 19, 20, 43, 20, 44, 22, 45, 21, 21, 45, 44, 44, 20, 21, 41, 42, 43, 43, 29, 30, 43, 47, 24, 43, 46, 47, 43, 28, 29, 24, 25, 43, 35, 36, 43, 30, 31, 43, 43, 34, 35, 43, 26, 27, 43, 32, 33, 36, 37, 43, 33, 34, 43, 43, 40, 41, 44, 45, 43, 43, 25, 26, 27, 28, 43, 38, 39, 43, 31, 32, 43, 43, 37, 38, 39, 40, 43, 43, 45, 46, 4, 3, 21, 21, 9, 8, 18, 17, 21, 0, 23, 21, 12, 11, 21, 23, 22, 21, 21, 13, 12, 17, 16, 21, 5, 4, 21, 21, 6, 5, 21, 16, 15, 8, 7, 21, 11, 10, 21, 21, 19, 18, 21, 1, 0, 21, 7, 6, 21, 10, 9, 15, 14, 21, 20, 19, 21, 21, 3, 2, 2, 1, 21, 21, 14, 13]
        uniform token physics:approximation = "convexHull"
        point3f[] points = [(-1.0262456, -0.77, 0.6180585), (-1.0238024, -0.7705111, 0.6210756), (-1.0215257, -0.7720096, 0.62388706), (-1.0195707, -0.7743934, 0.62630135), (-1.0180705, -0.7775, 0.6281539), (-1.0171275, -0.78111774, 0.6293185), (-1.0168058, -0.855, 0.6297157), (-1.0171275, -0.8588823, 0.6293185), (-1.0180705, -0.8625, 0.6281539), (-1.0195707, -0.8656066, 0.62630135), (-1.0215257, -0.8679904, 0.62388706), (-1.0238024, -0.8694889, 0.6210756), (-1.0702981, -0.87, 0.5636583), (-1.0727413, -0.8694889, 0.56064117), (-1.0750179, -0.8679904, 0.5578297), (-1.076973, -0.8656066, 0.5554154), (-1.0784732, -0.8625, 0.5535629), (-1.0794162, -0.8588823, 0.5523983), (-1.0797379, -0.785, 0.55200106), (-1.0794162, -0.78111774, 0.5523983), (-1.0784732, -0.7775, 0.5535629), (-1.076973, -0.7743934, 0.5554154), (-1.0750179, -0.7720096, 0.5578297), (-1.0727413, -0.7705111, 0.56064117), (-0.87889856, -0.77, 0.3814521), (-0.87558836, -0.7705111, 0.3834806), (-0.87250376, -0.7720096, 0.38537085), (-0.8698549, -0.7743934, 0.38699406), (-0.8678224, -0.7775, 0.3882396), (-0.8665447, -0.78111774, 0.38902256), (-0.86610895, -0.855, 0.38928962), (-0.8665447, -0.8588823, 0.38902256), (-0.8678224, -0.8625, 0.3882396), (-0.8698549, -0.8656066, 0.38699406), (-0.87250376, -0.8679904, 0.38537085), (-0.87558836, -0.8694889, 0.3834806), (-0.9385834, -0.87, 0.3448772), (-0.9418936, -0.8694889, 0.34284875), (-0.9449782, -0.8679904, 0.34095848), (-0.947627, -0.8656066, 0.3393353), (-0.94965947, -0.8625, 0.33808976), (-0.95093715, -0.8588823, 0.3373068), (-0.951373, -0.785, 0.33703974), (-0.95093715, -0.78111774, 0.3373068), (-0.94965947, -0.7775, 0.33808976), (-0.947627, -0.7743934, 0.3393353), (-0.9449782, -0.7720096, 0.34095848), (-0.9418936, -0.7705111, 0.34284875)]
        uniform token purpose = "guide"
        uniform token subdivisionScheme = "none"
    }

    def Mesh "collision_quarter_r" (
        prepend apiSchemas = ["PhysicsCollisionAPI", "PhysicsMeshCollisionAPI"]
    )
    {
        int[] faceVertexCounts = [3, 3, 3, 3, 3, 3, 3, 3, 3, 3, 3, 3, 3, 3, 3, 3, 3, 3, 3, 3, 3, 3, 3, 3, 3, 3, 3, 3, 3, 3, 3, 3, 3, 3, 3, 3, 3, 3, 3, 3, 3, 3, 3, 3, 3, 3, 3, 3, 3, 3, 3, 3, 3, 3, 3, 3, 3, 3, 3, 3, 3, 3, 3, 3, 3, 3, 3, 3, 3, 3, 3, 3, 3, 3, 3, 3, 3, 3, 3, 3, 3, 3, 3, 3, 3, 3, 3, 3, 3, 3, 3, 3]
        int[] faceVertexIndices = [42, 17, 18, 41, 17, 42, 35, 11, 12, 12, 36, 35, 24, 23, 0, 47, 23, 24, 5, 6, 29, 29, 6, 30, 25, 24, 1, 1, 24, 0, 16, 17, 41, 41, 40, 16, 39, 16, 40, 15, 16, 39, 39, 14, 15, 38, 14, 39, 37, 36, 12, 12, 13, 37, 13, 14, 37, 37, 14, 38, 43, 42, 18, 18, 19, 43, 43, 19, 20, 43, 20, 44, 26, 1, 2, 25, 1, 26, 2, 3, 26, 26, 3, 27, 5, 29, 28, 28, 4, 5, 28, 3, 4, 27, 3, 28, 30, 6, 31, 6, 7, 31, 31, 7, 8, 8, 32, 31, 11, 35, 10, 35, 34, 10, 44, 20, 21, 21, 45, 44, 33, 29, 30, 41, 42, 33, 47, 24, 33, 33, 40, 41, 33, 39, 40, 33, 35, 36, 36, 37, 33, 33, 24, 25, 33, 46, 47, 33, 28, 29, 44, 45, 33, 33, 34, 35, 42, 43, 33, 25, 26, 33, 30, 31, 33, 38, 39, 33, 33, 37, 38, 33, 43, 44, 33, 45, 46, 33, 26, 27, 27, 28, 33, 33, 31, 32, 22, 23, 47, 47, 46, 22, 46, 45, 22, 45, 21, 22, 9, 3, 2, 12, 11, 9, 18, 17, 9, 17, 16, 9, 9, 13, 12, 0, 23, 9, 9, 6, 5, 5, 4, 9, 9, 1, 0, 9, 19, 18, 9, 7, 6, 11, 10, 9, 2, 1, 9, 15, 14, 9, 9, 16, 15, 20, 19, 9, 8, 7, 9, 9, 14, 13, 4, 3, 9, 23, 22, 9, 9, 21, 20, 9, 22, 21, 9, 32, 8, 9, 33, 32, 9, 10, 34, 34, 33, 9]
        uniform token physics:approximation = "convexHull"
        point3f[] points = [(-1.4664748, -0.76, 0.43812945), (-1.466661, -0.7606133, 0.43347442), (-1.4668345, -0.76241153, 0.42913663), (-1.4669836, -0.7652721, 0.4254117), (-1.4670979, -0.769, 0.42255345), (-1.4671698, -0.77334124, 0.42075667), (-1.4671942, -0.862, 0.4201438), (-1.4671698, -0.86665875, 0.42075667), (-1.4670979, -0.871, 0.42255345), (-1.4669836, -0.8747279, 0.4254117), (-1.4668345, -0.87758845, 0.42913663), (-1.466661, -0.87938666, 0.43347442), (-1.4535252, -0.88, 0.76187056), (-1.453339, -0.87938666, 0.76652557), (-1.4531654, -0.87758845, 0.77086335), (-1.4530165, -0.8747279, 0.7745883), (-1.4529021, -0.871, 0.77744657), (-1.4528303, -0.86665875, 0.77924335), (-1.4528058, -0.778, 0.77985615), (-1.4528303, -0.77334124, 0.77924335), (-1.4529021, -0.769, 0.77744657), (-1.4530165, -0.7652721, 0.7745883), (-1.4531654, -0.76241153, 0.77086335), (-1.453339, -0.7606133, 0.76652557), (-1.9664748, -0.76, 0.45812944), (-1.966661, -0.7606133, 0.45347443), (-1.9668345, -0.76241153, 0.44913664), (-1.9669836, -0.7652721, 0.44541168), (-1.9670979, -0.769, 0.44255343), (-1.9671698, -0.77334124, 0.44075668), (-1.9671942, -0.862, 0.44014382), (-1.9671698, -0.86665875, 0.44075668), (-1.9670979, -0.871, 0.44255343), (-1.9669836, -0.8747279, 0.44541168), (-1.9668345, -0.87758845, 0.44913664), (-1.966661, -0.87938666, 0.45347443), (-1.9535252, -0.88, 0.78187054), (-1.953339, -0.87938666, 0.78652555), (-1.9531654, -0.87758845, 0.79086334), (-1.9530165, -0.8747279, 0.7945883), (-1.9529021, -0.871, 0.79744655), (-1.9528303, -0.86665875, 0.79924333), (-1.9528058, -0.778, 0.7998562), (-1.9528303, -0.77334124, 0.79924333), (-1.9529021, -0.769, 0.79744655), (-1.9530165, -0.7652721, 0.7945883), (-1.9531654, -0.76241153, 0.79086334), (-1.953339, -0.7606133, 0.78652555)]
        uniform token purpose = "guide"
        uniform token subdivisionScheme = "none"
    }

    def Mesh "collision_fender_r" (
        prepend apiSchemas = ["PhysicsCollisionAPI", "PhysicsMeshCollisionAPI"]
    )
    {
        int[] faceVertexCounts = [3, 3, 3, 3, 3, 3, 3, 3, 3, 3, 3, 3, 3, 3, 3, 3, 3, 3, 3, 3, 3, 3, 3, 3, 3, 3, 3, 3, 3, 3, 3, 3, 3, 3, 3, 3, 3, 3, 3, 3, 3, 3, 3, 3, 3, 3, 3, 3, 3, 3, 3, 3, 3, 3, 3, 3, 3, 3, 3, 3, 3, 3, 3, 3, 3, 3, 3, 3, 3, 3, 3, 3, 3, 3, 3, 3, 3, 3, 3, 3, 3, 3, 3, 3, 3, 3, 3, 3, 3, 3, 3, 3]
        int[] faceVertexIndices = [42, 17, 18, 41, 17, 42, 36, 11, 12, 36, 35, 11, 30, 29, 5, 5, 6, 30, 6, 7, 31, 30, 6, 31, 31, 7, 8, 8, 32, 31, 25, 24, 0, 0, 1, 25, 0, 24, 47, 47, 23, 0, 40, 17, 41, 40, 16, 17, 15, 16, 40, 40, 39, 15, 9, 32, 8, 9, 33, 32, 11, 35, 34, 34, 10, 11, 34, 9, 10, 33, 9, 34, 37, 36, 12, 12, 13, 37, 22, 23, 47, 47, 46, 22, 22, 46, 45, 22, 45, 21, 18, 17, 20, 12, 11, 20, 20, 9, 8, 6, 5, 20, 17, 16, 20, 20, 7, 6, 11, 10, 20, 20, 19, 18, 8, 7, 20, 15, 14, 20, 20, 16, 15, 20, 13, 12, 5, 4, 20, 1, 0, 20, 20, 2, 1, 20, 0, 23, 20, 14, 13, 10, 9, 20, 23, 22, 20, 3, 2, 20, 20, 4, 3, 20, 22, 21, 15, 39, 38, 38, 14, 15, 13, 14, 38, 38, 37, 13, 25, 1, 26, 1, 2, 26, 26, 2, 3, 3, 27, 26, 28, 5, 29, 28, 4, 5, 3, 4, 28, 28, 27, 3, 43, 42, 18, 18, 19, 43, 44, 24, 25, 44, 29, 30, 44, 38, 39, 41, 42, 44, 44, 34, 35, 44, 40, 41, 35, 36, 44, 30, 31, 44, 47, 24, 44, 44, 46, 47, 44, 31, 32, 32, 33, 44, 44, 28, 29, 39, 40, 44, 33, 34, 44, 25, 26, 44, 45, 46, 44, 36, 37, 44, 37, 38, 44, 44, 26, 27, 27, 28, 44, 42, 43, 44, 21, 45, 44, 44, 20, 21, 19, 20, 44, 44, 43, 19]
        uniform token physics:approximation = "convexHull"
        point3f[] points = [(1.7488577, -0.76, 0.76172346), (1.7491484, -0.7606133, 0.76637316), (1.7494191, -0.76241153, 0.77070594), (1.7496517, -0.7652721, 0.7744266), (1.7498301, -0.769, 0.7772816), (1.7499423, -0.77334124, 0.7790763), (1.7499806, -0.862, 0.7796884), (1.7499423, -0.86665875, 0.7790763), (1.7498301, -0.871, 0.7772816), (1.7496517, -0.8747279, 0.7744266), (1.7494191, -0.87758845, 0.77070594), (1.7491484, -0.87938666, 0.76637316), (1.7311423, -0.88, 0.47827652), (1.7308517, -0.87938666, 0.47362685), (1.7305809, -0.87758845, 0.46929407), (1.7303483, -0.8747279, 0.4655734), (1.7301699, -0.871, 0.46271843), (1.7300577, -0.86665875, 0.46092373), (1.7300195, -0.778, 0.4603116), (1.7300577, -0.77334124, 0.46092373), (1.7301699, -0.769, 0.46271843), (1.7303483, -0.7652721, 0.4655734), (1.7305809, -0.76241153, 0.46929407), (1.7308517, -0.7606133, 0.47362685), (2.0688577, -0.76, 0.7417235), (2.0691483, -0.7606133, 0.7463731), (2.0694191, -0.76241153, 0.75070596), (2.0696516, -0.7652721, 0.7544266), (2.0698302, -0.769, 0.75728154), (2.0699422, -0.77334124, 0.7590763), (2.0699806, -0.862, 0.75968844), (2.0699422, -0.86665875, 0.7590763), (2.0698302, -0.871, 0.75728154), (2.0696516, -0.8747279, 0.7544266), (2.0694191, -0.87758845, 0.75070596), (2.0691483, -0.87938666, 0.7463731), (2.0511422, -0.88, 0.45827654), (2.0508516, -0.87938666, 0.45362687), (2.050581, -0.87758845, 0.44929406), (2.0503483, -0.8747279, 0.4455734), (2.05017, -0.871, 0.44271845), (2.0500576, -0.86665875, 0.44092372), (2.0500195, -0.778, 0.44031158), (2.0500576, -0.77334124, 0.44092372), (2.05017, -0.769, 0.44271845), (2.0503483, -0.7652721, 0.4455734), (2.050581, -0.76241153, 0.44929406), (2.0508516, -0.7606133, 0.45362687)]
        uniform token purpose = "guide"
        uniform token subdivisionScheme = "none"
    }

    def Mesh "collision_front_rail_r" (
        prepend apiSchemas = ["PhysicsCollisionAPI", "PhysicsMeshCollisionAPI"]
    )
    {
        int[] faceVertexCounts = [3, 3, 3, 3, 3, 3, 3, 3, 3, 3, 3, 3, 3, 3, 3, 3, 3, 3, 3, 3, 3, 3, 3, 3, 3, 3, 3, 3, 3, 3, 3, 3, 3, 3, 3, 3, 3, 3, 3, 3, 3, 3, 3, 3, 3, 3, 3, 3, 3, 3, 3, 3, 3, 3, 3, 3, 3, 3, 3, 3, 3, 3, 3, 3, 3, 3, 3, 3, 3, 3, 3, 3, 3, 3, 3, 3, 3, 3, 3, 3, 3, 3, 3, 3, 3, 3, 3, 3, 3, 3, 3, 3]
        int[] faceVertexIndices = [47, 23, 0, 0, 24, 47, 42, 17, 18, 41, 17, 42, 5, 6, 30, 30, 29, 5, 35, 11, 12, 12, 36, 35, 25, 24, 0, 0, 1, 25, 25, 1, 2, 2, 26, 25, 40, 17, 41, 40, 16, 17, 9, 10, 34, 34, 33, 9, 34, 10, 11, 11, 35, 34, 23, 47, 22, 47, 46, 22, 19, 42, 18, 19, 43, 42, 44, 19, 20, 43, 19, 44, 6, 7, 31, 31, 30, 6, 28, 4, 5, 5, 29, 28, 39, 14, 15, 38, 14, 39, 15, 16, 39, 16, 40, 39, 45, 44, 21, 21, 44, 20, 21, 46, 45, 21, 22, 46, 32, 8, 9, 9, 33, 32, 7, 8, 32, 32, 31, 7, 41, 42, 27, 27, 44, 45, 27, 47, 24, 33, 34, 27, 24, 25, 27, 27, 40, 41, 45, 46, 27, 38, 39, 27, 29, 30, 27, 27, 28, 29, 27, 35, 36, 27, 46, 47, 42, 43, 27, 27, 25, 26, 36, 37, 27, 27, 34, 35, 43, 44, 27, 30, 31, 27, 27, 32, 33, 27, 37, 38, 27, 39, 40, 31, 32, 27, 27, 26, 2, 2, 3, 27, 27, 3, 4, 4, 28, 27, 0, 23, 13, 13, 3, 2, 13, 1, 0, 12, 11, 13, 18, 17, 13, 17, 16, 13, 23, 22, 13, 13, 10, 9, 13, 6, 5, 5, 4, 13, 13, 21, 20, 13, 16, 15, 2, 1, 13, 13, 7, 6, 9, 8, 13, 11, 10, 13, 13, 8, 7, 4, 3, 13, 15, 14, 13, 13, 19, 18, 20, 19, 13, 22, 21, 13, 13, 36, 12, 13, 37, 36, 38, 37, 13, 13, 14, 38]
        uniform token physics:approximation = "convexHull"
        point3f[] points = [(1.28, -0.355, 0.2955), (1.28, -0.35566443, 0.30054697), (1.28, -0.3576125, 0.30525), (1.28, -0.36071143, 0.3092886), (1.28, -0.36475, 0.3123875), (1.28, -0.36945304, 0.31433555), (1.28, -0.4655, 0.315), (1.28, -0.47054696, 0.31433555), (1.28, -0.47525, 0.3123875), (1.28, -0.47928858, 0.3092886), (1.28, -0.48238748, 0.30525), (1.28, -0.48433554, 0.30054697), (1.28, -0.485, 0.1845), (1.28, -0.48433554, 0.17945303), (1.28, -0.48238748, 0.17475), (1.28, -0.47928858, 0.17071141), (1.28, -0.47525, 0.16761251), (1.28, -0.47054696, 0.16566445), (1.28, -0.3745, 0.165), (1.28, -0.36945304, 0.16566445), (1.28, -0.36475, 0.16761251), (1.28, -0.36071143, 0.17071141), (1.28, -0.3576125, 0.17475), (1.28, -0.35566443, 0.17945303), (2.04, -0.355, 0.2955), (2.04, -0.35566443, 0.30054697), (2.04, -0.3576125, 0.30525), (2.04, -0.36071143, 0.3092886), (2.04, -0.36475, 0.3123875), (2.04, -0.36945304, 0.31433555), (2.04, -0.4655, 0.315), (2.04, -0.47054696, 0.31433555), (2.04, -0.47525, 0.3123875), (2.04, -0.47928858, 0.3092886), (2.04, -0.48238748, 0.30525), (2.04, -0.48433554, 0.30054697), (2.04, -0.485, 0.1845), (2.04, -0.48433554, 0.17945303), (2.04, -0.48238748, 0.17475), (2.04, -0.47928858, 0.17071141), (2.04, -0.47525, 0.16761251), (2.04, -0.47054696, 0.16566445), (2.04, -0.3745, 0.165), (2.04, -0.36945304, 0.16566445), (2.04, -0.36475, 0.16761251), (2.04, -0.36071143, 0.17071141), (2.04, -0.3576125, 0.17475), (2.04, -0.35566443, 0.17945303)]
        uniform token purpose = "guide"
        uniform token subdivisionScheme = "none"
    }

    def Mesh "collision_rear_rail_r" (
        prepend apiSchemas = ["PhysicsCollisionAPI", "PhysicsMeshCollisionAPI"]
    )
    {
        int[] faceVertexCounts = [3, 3, 3, 3, 3, 3, 3, 3, 3, 3, 3, 3, 3, 3, 3, 3, 3, 3, 3, 3, 3, 3, 3, 3, 3, 3, 3, 3, 3, 3, 3, 3, 3, 3, 3, 3, 3, 3, 3, 3, 3, 3, 3, 3, 3, 3, 3, 3, 3, 3, 3, 3, 3, 3, 3, 3, 3, 3, 3, 3, 3, 3, 3, 3, 3, 3, 3, 3, 3, 3, 3, 3, 3, 3, 3, 3, 3, 3, 3, 3, 3, 3, 3, 3, 3, 3, 3, 3, 3, 3, 3, 3]
        int[] faceVertexIndices = [36, 11, 12, 35, 11, 36, 30, 5, 6, 30, 29, 5, 47, 23, 0, 47, 0, 24, 47, 22, 23, 46, 22, 47, 0, 1, 25, 24, 0, 25, 25, 1, 2, 2, 26, 25, 18, 42, 41, 41, 17, 18, 28, 4, 5, 5, 29, 28, 7, 30, 6, 7, 31, 30, 21, 22, 45, 45, 22, 46, 27, 26, 2, 2, 3, 27, 27, 3, 4, 4, 28, 27, 34, 11, 35, 34, 10, 11, 34, 9, 10, 33, 9, 34, 31, 7, 32, 32, 7, 8, 8, 9, 32, 32, 9, 33, 42, 18, 43, 18, 19, 43, 0, 23, 20, 12, 11, 20, 20, 9, 8, 6, 5, 20, 20, 22, 21, 11, 10, 20, 20, 1, 0, 5, 4, 20, 20, 3, 2, 2, 1, 20, 20, 7, 6, 17, 16, 20, 23, 22, 20, 20, 13, 12, 4, 3, 20, 20, 18, 17, 14, 13, 20, 20, 15, 14, 8, 7, 20, 20, 19, 18, 20, 16, 15, 10, 9, 20, 20, 45, 44, 21, 45, 20, 44, 43, 20, 20, 43, 19, 37, 36, 12, 12, 13, 37, 37, 13, 14, 14, 38, 37, 14, 15, 39, 39, 38, 14, 24, 25, 40, 35, 36, 40, 41, 42, 40, 40, 47, 24, 40, 45, 46, 26, 27, 40, 29, 30, 40, 46, 47, 40, 40, 28, 29, 40, 25, 26, 30, 31, 40, 31, 32, 40, 36, 37, 40, 40, 34, 35, 44, 45, 40, 42, 43, 40, 40, 27, 28, 33, 34, 40, 40, 32, 33, 40, 43, 44, 40, 37, 38, 38, 39, 40, 40, 17, 41, 40, 16, 17, 15, 16, 40, 40, 39, 15]
        uniform token physics:approximation = "convexHull"
        point3f[] points = [(-1.28, -0.395, 0.1845), (-1.28, -0.39566445, 0.17945303), (-1.28, -0.3976125, 0.17475), (-1.28, -0.40071142, 0.17071141), (-1.28, -0.40475, 0.16761251), (-1.28, -0.40945303, 0.16566445), (-1.28, -0.5055, 0.165), (-1.28, -0.510547, 0.16566445), (-1.28, -0.51525, 0.16761251), (-1.28, -0.5192886, 0.17071141), (-1.28, -0.5223875, 0.17475), (-1.28, -0.52433556, 0.17945303), (-1.28, -0.525, 0.2955), (-1.28, -0.52433556, 0.30054697), (-1.28, -0.5223875, 0.30525), (-1.28, -0.5192886, 0.3092886), (-1.28, -0.51525, 0.3123875), (-1.28, -0.510547, 0.31433555), (-1.28, -0.4145, 0.315), (-1.28, -0.40945303, 0.31433555), (-1.28, -0.40475, 0.3123875), (-1.28, -0.40071142, 0.3092886), (-1.28, -0.3976125, 0.30525), (-1.28, -0.39566445, 0.30054697), (-2.04, -0.395, 0.1845), (-2.04, -0.39566445, 0.17945303), (-2.04, -0.3976125, 0.17475), (-2.04, -0.40071142, 0.17071141), (-2.04, -0.40475, 0.16761251), (-2.04, -0.40945303, 0.16566445), (-2.04, -0.5055, 0.165), (-2.04, -0.510547, 0.16566445), (-2.04, -0.51525, 0.16761251), (-2.04, -0.5192886, 0.17071141), (-2.04, -0.5223875, 0.17475), (-2.04, -0.52433556, 0.17945303), (-2.04, -0.525, 0.2955), (-2.04, -0.52433556, 0.30054697), (-2.04, -0.5223875, 0.30525), (-2.04, -0.5192886, 0.3092886), (-2.04, -0.51525, 0.3123875), (-2.04, -0.510547, 0.31433555), (-2.04, -0.4145, 0.315), (-2.04, -0.40945303, 0.31433555), (-2.04, -0.40475, 0.3123875), (-2.04, -0.40071142, 0.3092886), (-2.04, -0.3976125, 0.30525), (-2.04, -0.39566445, 0.30054697)]
        uniform token purpose = "guide"
        uniform token subdivisionScheme = "none"
    }

    def Mesh "collision_floor_pan" (
        prepend apiSchemas = ["PhysicsCollisionAPI", "PhysicsMeshCollisionAPI"]
    )
    {
        int[] faceVertexCounts = [3, 3, 3, 3, 3, 3, 3, 3, 3, 3, 3, 3]
        int[] faceVertexIndices = [1, 3, 0, 4, 1, 0, 0, 3, 2, 2, 4, 0, 1, 7, 3, 5, 1, 4, 5, 7, 1, 3, 7, 2, 6, 4, 2, 2, 7, 6, 6, 5, 4, 7, 5, 6]
        uniform token physics:approximation = "convexHull"
        point3f[] points = [(-1.72, -0.78, 0.12), (-1.72, -0.78, 0.15), (-1.72, 0.78, 0.12), (-1.72, 0.78, 0.15), (1.72, -0.78, 0.12), (1.72, -0.78, 0.15), (1.72, 0.78, 0.12), (1.72, 0.78, 0.15)]
        uniform token purpose = "guide"
        uniform token subdivisionScheme = "none"
    }

    def Mesh "collision_tunnel" (
        prepend apiSchemas = ["PhysicsCollisionAPI", "PhysicsMeshCollisionAPI"]
    )
    {
        int[] faceVertexCounts = [3, 3, 3, 3, 3, 3, 3, 3, 3, 3, 3, 3]
        int[] faceVertexIndices = [1, 3, 0, 4, 1, 0, 0, 3, 2, 2, 4, 0, 1, 7, 3, 5, 1, 4, 5, 7, 1, 3, 7, 2, 6, 4, 2, 2, 7, 6, 6, 5, 4, 7, 5, 6]
        uniform token physics:approximation = "convexHull"
        point3f[] points = [(-1.26, -0.17, 0.15), (-1.26, -0.17, 0.36), (-1.26, 0.17, 0.15), (-1.26, 0.17, 0.36), (1.3, -0.17, 0.15), (1.3, -0.17, 0.36), (1.3, 0.17, 0.15), (1.3, 0.17, 0.36)]
        uniform token purpose = "guide"
        uniform token subdivisionScheme = "none"
    }

    def Mesh "collision_cross_front" (
        prepend apiSchemas = ["PhysicsCollisionAPI", "PhysicsMeshCollisionAPI"]
    )
    {
        int[] faceVertexCounts = [3, 3, 3, 3, 3, 3, 3, 3, 3, 3, 3, 3]
        int[] faceVertexIndices = [1, 3, 0, 4, 1, 0, 0, 3, 2, 2, 4, 0, 1, 7, 3, 5, 1, 4, 5, 7, 1, 3, 7, 2, 6, 4, 2, 2, 7, 6, 6, 5, 4, 7, 5, 6]
        uniform token physics:approximation = "convexHull"
        point3f[] points = [(0.92, -0.78, 0.15), (0.92, -0.78, 0.3), (0.92, 0.78, 0.15), (0.92, 0.78, 0.3), (1.04, -0.78, 0.15), (1.04, -0.78, 0.3), (1.04, 0.78, 0.15), (1.04, 0.78, 0.3)]
        uniform token purpose = "guide"
        uniform token subdivisionScheme = "none"
    }

    def Mesh "collision_cross_seat" (
        prepend apiSchemas = ["PhysicsCollisionAPI", "PhysicsMeshCollisionAPI"]
    )
    {
        int[] faceVertexCounts = [3, 3, 3, 3, 3, 3, 3, 3, 3, 3, 3, 3]
        int[] faceVertexIndices = [1, 3, 0, 4, 1, 0, 0, 3, 2, 2, 4, 0, 1, 7, 3, 5, 1, 4, 5, 7, 1, 3, 7, 2, 6, 4, 2, 2, 7, 6, 6, 5, 4, 7, 5, 6]
        uniform token physics:approximation = "convexHull"
        point3f[] points = [(0.04, -0.78, 0.15), (0.04, -0.78, 0.28), (0.04, 0.78, 0.15), (0.04, 0.78, 0.28), (0.16, -0.78, 0.15), (0.16, -0.78, 0.28), (0.16, 0.78, 0.15), (0.16, 0.78, 0.28)]
        uniform token purpose = "guide"
        uniform token subdivisionScheme = "none"
    }

    def Mesh "collision_cross_rear" (
        prepend apiSchemas = ["PhysicsCollisionAPI", "PhysicsMeshCollisionAPI"]
    )
    {
        int[] faceVertexCounts = [3, 3, 3, 3, 3, 3, 3, 3, 3, 3, 3, 3]
        int[] faceVertexIndices = [1, 3, 0, 4, 1, 0, 0, 3, 2, 2, 4, 0, 1, 7, 3, 5, 1, 4, 5, 7, 1, 3, 7, 2, 6, 4, 2, 2, 7, 6, 6, 5, 4, 7, 5, 6]
        uniform token physics:approximation = "convexHull"
        point3f[] points = [(-0.94, -0.78, 0.15), (-0.94, -0.78, 0.3), (-0.94, 0.78, 0.15), (-0.94, 0.78, 0.3), (-0.82, -0.78, 0.15), (-0.82, -0.78, 0.3), (-0.82, 0.78, 0.15), (-0.82, 0.78, 0.3)]
        uniform token purpose = "guide"
        uniform token subdivisionScheme = "none"
    }

    def Mesh "collision_firewall" (
        prepend apiSchemas = ["PhysicsCollisionAPI", "PhysicsMeshCollisionAPI"]
    )
    {
        int[] faceVertexCounts = [3, 3, 3, 3, 3, 3, 3, 3, 3, 3, 3, 3]
        int[] faceVertexIndices = [1, 3, 0, 4, 1, 0, 0, 3, 2, 2, 4, 0, 1, 7, 3, 5, 1, 4, 5, 7, 1, 3, 7, 2, 6, 4, 2, 2, 7, 6, 6, 5, 4, 7, 5, 6]
        uniform token physics:approximation = "convexHull"
        point3f[] points = [(1.66, -0.78, 0.15), (1.66, -0.78, 0.94), (1.66, 0.78, 0.15), (1.66, 0.78, 0.94), (1.76, -0.78, 0.15), (1.76, -0.78, 0.94), (1.76, 0.78, 0.15), (1.76, 0.78, 0.94)]
        uniform token purpose = "guide"
        uniform token subdivisionScheme = "none"
    }

    def Mesh "collision_rear_bulkhead" (
        prepend apiSchemas = ["PhysicsCollisionAPI", "PhysicsMeshCollisionAPI"]
    )
    {
        int[] faceVertexCounts = [3, 3, 3, 3, 3, 3, 3, 3, 3, 3, 3, 3]
        int[] faceVertexIndices = [1, 3, 0, 4, 1, 0, 0, 3, 2, 2, 4, 0, 1, 7, 3, 5, 1, 4, 5, 7, 1, 3, 7, 2, 6, 4, 2, 2, 7, 6, 6, 5, 4, 7, 5, 6]
        uniform token physics:approximation = "convexHull"
        point3f[] points = [(-1.48, -0.78, 0.15), (-1.48, -0.78, 0.8), (-1.48, 0.78, 0.15), (-1.48, 0.78, 0.8), (-1.38, -0.78, 0.15), (-1.38, -0.78, 0.8), (-1.38, 0.78, 0.15), (-1.38, 0.78, 0.8)]
        uniform token purpose = "guide"
        uniform token subdivisionScheme = "none"
    }

    def Mesh "collision_cowl" (
        prepend apiSchemas = ["PhysicsCollisionAPI", "PhysicsMeshCollisionAPI"]
    )
    {
        int[] faceVertexCounts = [3, 3, 3, 3, 3, 3, 3, 3, 3, 3, 3, 3]
        int[] faceVertexIndices = [1, 3, 0, 4, 1, 0, 0, 3, 2, 2, 4, 0, 1, 7, 3, 5, 1, 4, 5, 7, 1, 3, 7, 2, 6, 4, 2, 2, 7, 6, 6, 5, 4, 7, 5, 6]
        uniform token physics:approximation = "convexHull"
        point3f[] points = [(1.52, -0.8, 0.86), (1.52, -0.8, 0.96), (1.52, 0.8, 0.86), (1.52, 0.8, 0.96), (1.66, -0.8, 0.86), (1.66, -0.8, 0.96), (1.66, 0.8, 0.86), (1.66, 0.8, 0.96)]
        uniform token purpose = "guide"
        uniform token subdivisionScheme = "none"
    }

    def Mesh "collision_header_front" (
        prepend apiSchemas = ["PhysicsCollisionAPI", "PhysicsMeshCollisionAPI"]
    )
    {
        int[] faceVertexCounts = [3, 3, 3, 3, 3, 3, 3, 3, 3, 3, 3, 3]
        int[] faceVertexIndices = [1, 3, 0, 4, 1, 0, 0, 3, 2, 2, 4, 0, 1, 7, 3, 5, 1, 4, 5, 7, 1, 3, 7, 2, 6, 4, 2, 2, 7, 6, 6, 5, 4, 7, 5, 6]
        uniform token physics:approximation = "convexHull"
        point3f[] points = [(1.4, -0.82, 1.14), (1.4, -0.82, 1.26), (1.4, 0.82, 1.14), (1.4, 0.82, 1.26), (1.52, -0.82, 1.14), (1.52, -0.82, 1.26), (1.52, 0.82, 1.14), (1.52, 0.82, 1.26)]
        uniform token purpose = "guide"
        uniform token subdivisionScheme = "none"
    }

    def Mesh "collision_header_rear" (
        prepend apiSchemas = ["PhysicsCollisionAPI", "PhysicsMeshCollisionAPI"]
    )
    {
        int[] faceVertexCounts = [3, 3, 3, 3, 3, 3, 3, 3, 3, 3, 3, 3]
        int[] faceVertexIndices = [1, 3, 0, 4, 1, 0, 0, 3, 2, 2, 4, 0, 1, 7, 3, 5, 1, 4, 5, 7, 1, 3, 7, 2, 6, 4, 2, 2, 7, 6, 6, 5, 4, 7, 5, 6]
        uniform token physics:approximation = "convexHull"
        point3f[] points = [(-0.98, -0.82, 1.1), (-0.98, -0.82, 1.22), (-0.98, 0.82, 1.1), (-0.98, 0.82, 1.22), (-0.86, -0.82, 1.1), (-0.86, -0.82, 1.22), (-0.86, 0.82, 1.1), (-0.86, 0.82, 1.22)]
        uniform token purpose = "guide"
        uniform token subdivisionScheme = "none"
    }

    def Mesh "collision_roof_panel" (
        prepend apiSchemas = ["PhysicsCollisionAPI", "PhysicsMeshCollisionAPI"]
    )
    {
        int[] faceVertexCounts = [3, 3, 3, 3, 3, 3, 3, 3, 3, 3, 3, 3, 3, 3, 3, 3, 3, 3, 3, 3, 3, 3, 3, 3, 3, 3, 3, 3, 3, 3, 3, 3, 3, 3, 3, 3, 3, 3, 3, 3]
        int[] faceVertexIndices = [0, 2, 3, 3, 1, 0, 20, 3, 2, 21, 3, 20, 5, 4, 0, 0, 1, 5, 12, 10, 11, 11, 13, 12, 11, 10, 8, 8, 9, 11, 1, 3, 7, 7, 3, 21, 7, 5, 1, 7, 15, 13, 21, 19, 7, 13, 11, 7, 7, 19, 17, 17, 15, 7, 7, 11, 9, 4, 5, 7, 7, 6, 4, 8, 6, 7, 7, 9, 8, 13, 15, 14, 12, 13, 14, 14, 15, 17, 17, 16, 14, 0, 4, 18, 18, 2, 0, 18, 20, 2, 4, 6, 18, 18, 10, 12, 8, 10, 18, 18, 6, 8, 12, 14, 18, 18, 14, 16, 21, 20, 18, 18, 19, 21, 17, 19, 18, 18, 16, 17]
        uniform token physics:approximation = "convexHull"
        point3f[] points = [(-1.44, -0.84, 1.24), (1.44, -0.84, 1.24), (-1.44, 0.84, 1.24), (1.44, 0.84, 1.24), (-1.44, -0.84, 1.32), (1.44, -0.84, 1.32), (-1.44, -0.63, 1.355), (1.44, -0.63, 1.355), (-1.44, -0.42, 1.38), (1.44, -0.42, 1.38), (-1.44, -0.21, 1.395), (1.44, -0.21, 1.395), (-1.44, 0, 1.4), (1.44, 0, 1.4), (-1.44, 0.21, 1.395), (1.44, 0.21, 1.395), (-1.44, 0.42, 1.38), (1.44, 0.42, 1.38), (-1.44, 0.63, 1.355), (1.44, 0.63, 1.355), (-1.44, 0.84, 1.32), (1.44, 0.84, 1.32)]
        uniform token purpose = "guide"
        uniform token subdivisionScheme = "none"
    }

    def Mesh "collision_roof_bow_front" (
        prepend apiSchemas = ["PhysicsCollisionAPI", "PhysicsMeshCollisionAPI"]
    )
    {
        int[] faceVertexCounts = [3, 3, 3, 3, 3, 3, 3, 3, 3, 3, 3, 3]
        int[] faceVertexIndices = [1, 3, 0, 4, 1, 0, 0, 3, 2, 2, 4, 0, 1, 7, 3, 5, 1, 4, 5, 7, 1, 3, 7, 2, 6, 4, 2, 2, 7, 6, 6, 5, 4, 7, 5, 6]
        uniform token physics:approximation = "convexHull"
        point3f[] points = [(0.5, -0.82, 1.16), (0.5, -0.82, 1.25), (0.5, 0.82, 1.16), (0.5, 0.82, 1.25), (0.62, -0.82, 1.16), (0.62, -0.82, 1.25), (0.62, 0.82, 1.16), (0.62, 0.82, 1.25)]
        uniform token purpose = "guide"
        uniform token subdivisionScheme = "none"
    }

    def Mesh "collision_roof_bow_rear" (
        prepend apiSchemas = ["PhysicsCollisionAPI", "PhysicsMeshCollisionAPI"]
    )
    {
        int[] faceVertexCounts = [3, 3, 3, 3, 3, 3, 3, 3, 3, 3, 3, 3]
        int[] faceVertexIndices = [1, 3, 0, 4, 1, 0, 0, 3, 2, 2, 4, 0, 1, 7, 3, 5, 1, 4, 5, 7, 1, 3, 7, 2, 6, 4, 2, 2, 7, 6, 6, 5, 4, 7, 5, 6]
        uniform token physics:approximation = "convexHull"
        point3f[] points = [(-0.5, -0.82, 1.16), (-0.5, -0.82, 1.25), (-0.5, 0.82, 1.16), (-0.5, 0.82, 1.25), (-0.38, -0.82, 1.16), (-0.38, -0.82, 1.25), (-0.38, 0.82, 1.16), (-0.38, 0.82, 1.25)]
        uniform token purpose = "guide"
        uniform token subdivisionScheme = "none"
    }

    def Mesh "collision_front_end_panel" (
        prepend apiSchemas = ["PhysicsCollisionAPI", "PhysicsMeshCollisionAPI"]
    )
    {
        int[] faceVertexCounts = [3, 3, 3, 3, 3, 3, 3, 3, 3, 3, 3, 3]
        int[] faceVertexIndices = [1, 3, 0, 4, 1, 0, 0, 3, 2, 2, 4, 0, 1, 7, 3, 5, 1, 4, 5, 7, 1, 3, 7, 2, 6, 4, 2, 2, 7, 6, 6, 5, 4, 7, 5, 6]
        uniform token physics:approximation = "convexHull"
        point3f[] points = [(2, -0.62, 0.2), (2, -0.62, 0.62), (2, 0.62, 0.2), (2, 0.62, 0.62), (2.08, -0.62, 0.2), (2.08, -0.62, 0.62), (2.08, 0.62, 0.2), (2.08, 0.62, 0.62)]
        uniform token purpose = "guide"
        uniform token subdivisionScheme = "none"
    }

    def Mesh "collision_rear_end_panel" (
        prepend apiSchemas = ["PhysicsCollisionAPI", "PhysicsMeshCollisionAPI"]
    )
    {
        int[] faceVertexCounts = [3, 3, 3, 3, 3, 3, 3, 3, 3, 3, 3, 3]
        int[] faceVertexIndices = [1, 3, 0, 4, 1, 0, 0, 3, 2, 2, 4, 0, 1, 7, 3, 5, 1, 4, 5, 7, 1, 3, 7, 2, 6, 4, 2, 2, 7, 6, 6, 5, 4, 7, 5, 6]
        uniform token physics:approximation = "convexHull"
        point3f[] points = [(-2.08, -0.66, 0.18), (-2.08, -0.66, 0.62), (-2.08, 0.66, 0.18), (-2.08, 0.66, 0.62), (-2, -0.66, 0.18), (-2, -0.66, 0.62), (-2, 0.66, 0.18), (-2, 0.66, 0.62)]
        uniform token purpose = "guide"
        uniform token subdivisionScheme = "none"
    }
}

