mtllib base_link_inertia.mtl
o foot
usemtl joint_graphite
v 0 -0.09799999743700027 0.02400000010430813
v 0.012791566550731659 -0.09716159850358963 0.02400000010430813
v 0.025364266708493233 -0.09466072916984558 0.02400000010430813
v 0.03750297799706459 -0.09054019302129745 0.02400000010430813
v 0.04899999871850014 -0.08487048745155334 0.02400000010430813
v 0.05965862050652504 -0.0777486264705658 0.02400000010430813
v 0.0692964643239975 -0.0692964643239975 0.02400000010430813
v 0.0777486264705658 -0.05965862050652504 0.02400000010430813
v 0.08487048745155334 -0.04899999871850014 0.02400000010430813
v 0.09054019302129745 -0.03750297799706459 0.02400000010430813
v 0.09466072916984558 -0.025364266708493233 0.02400000010430813
v 0.09716159850358963 -0.012791566550731659 0.02400000010430813
v 0.09799999743700027 -5.26598108561314e-18 0.02400000010430813
v 0.09716159850358963 0.012791566550731659 0.02400000010430813
v 0.09466072916984558 0.025364266708493233 0.02400000010430813
v 0.09054019302129745 0.03750297799706459 0.02400000010430813
v 0.08487048745155334 0.04899999871850014 0.02400000010430813
v 0.0777486264705658 0.05965862050652504 0.02400000010430813
v 0.0692964643239975 0.0692964643239975 0.02400000010430813
v 0.05965862050652504 0.0777486264705658 0.02400000010430813
v 0.04899999871850014 0.08487048745155334 0.02400000010430813
v 0.03750297799706459 0.09054019302129745 0.02400000010430813
v 0.025364266708493233 0.09466072916984558 0.02400000010430813
v 0.012791566550731659 0.09716159850358963 0.02400000010430813
v 1.2001538692113502e-17 0.09799999743700027 0.02400000010430813
v -0.012791566550731659 0.09716159850358963 0.02400000010430813
v -0.025364266708493233 0.09466072916984558 0.02400000010430813
v -0.03750297799706459 0.09054019302129745 0.02400000010430813
v -0.04899999871850014 0.08487048745155334 0.02400000010430813
v -0.05965862050652504 0.0777486264705658 0.02400000010430813
v -0.0692964643239975 0.0692964643239975 0.02400000010430813
v -0.0777486264705658 0.05965862050652504 0.02400000010430813
v -0.08487048745155334 0.04899999871850014 0.02400000010430813
v -0.09054019302129745 0.03750297799706459 0.02400000010430813
v -0.09466072916984558 0.025364266708493233 0.02400000010430813
v -0.09716159850358963 0.012791566550731659 0.02400000010430813
v -0.09799999743700027 1.8737095057842945e-17 0.02400000010430813
v -0.09716159850358963 -0.012791566550731659 0.02400000010430813
v -0.09466072916984558 -0.025364266708493233 0.02400000010430813
v -0.09054019302129745 -0.03750297799706459 0.02400000010430813
v -0.08487048745155334 -0.04899999871850014 0.02400000010430813
v -0.0777486264705658 -0.05965862050652504 0.02400000010430813
v -0.0692964643239975 -0.0692964643239975 0.02400000010430813
v -0.05965862050652504 -0.0777486264705658 0.02400000010430813
v -0.04899999871850014 -0.08487048745155334 0.02400000010430813
v -0.03750297799706459 -0.09054019302129745 0.02400000010430813
v -0.025364266708493233 -0.09466072916984558 0.02400000010430813
v -0.012791566550731659 -0.09716159850358963 0.02400000010430813
v -2.4003077384227004e-17 -0.09799999743700027 0.02400000010430813
v 0 -0.09799999743700027 -1.0430812810713341e-10
v 0.012791566550731659 -0.09716159850358963 -1.0430812810713341e-10
v 0.025364266708493233 -0.09466072916984558 -1.0430812810713341e-10
v 0.03750297799706459 -0.09054019302129745 -1.0430812810713341e-10
v 0.04899999871850014 -0.08487048745155334 -1.0430812810713341e-10
v 0.05965862050652504 -0.0777486264705658 -1.0430812810713341e-10
v 0.0692964643239975 -0.0692964643239975 -1.0430812810713341e-10
v 0.0777486264705658 -0.05965862050652504 -1.0430812810713341e-10
v 0.08487048745155334 -0.04899999871850014 -1.0430812810713341e-10
v 0.09054019302129745 -0.03750297799706459 -1.0430812810713341e-10
v 0.09466072916984558 -0.025364266708493233 -1.0430812810713341e-10
v 0.09716159850358963 -0.012791566550731659 -1.0430812810713341e-10
v 0.09799999743700027 -6.735557606500362e-18 -1.0430812810713341e-10
v 0.09716159850358963 0.012791566550731659 -1.0430812810713341e-10
v 0.09466072916984558 0.025364266708493233 -1.0430812810713341e-10
v 0.09054019302129745 0.03750297799706459 -1.0430812810713341e-10
v 0.08487048745155334 0.04899999871850014 -1.0430812810713341e-10
v 0.0777486264705658 0.05965862050652504 -1.0430812810713341e-10
v 0.0692964643239975 0.0692964643239975 -1.0430812810713341e-10
v 0.05965862050652504 0.0777486264705658 -1.0430812810713341e-10
v 0.04899999871850014 0.08487048745155334 -1.0430812810713341e-10
v 0.03750297799706459 0.09054019302129745 -1.0430812810713341e-10
v 0.025364266708493233 0.09466072916984558 -1.0430812810713341e-10
v 0.012791566550731659 0.09716159850358963 -1.0430812810713341e-10
v 1.2001538692113502e-17 0.09799999743700027 -1.0430812810713341e-10
v -0.012791566550731659 0.09716159850358963 -1.0430812810713341e-10
v -0.025364266708493233 0.09466072916984558 -1.0430812810713341e-10
v -0.03750297799706459 0.09054019302129745 -1.0430812810713341e-10
v -0.04899999871850014 0.08487048745155334 -1.0430812810713341e-10
v -0.05965862050652504 0.0777486264705658 -1.0430812810713341e-10
v -0.0692964643239975 0.0692964643239975 -1.0430812810713341e-10
v -0.0777486264705658 0.05965862050652504 -1.0430812810713341e-10
v -0.08487048745155334 0.04899999871850014 -1.0430812810713341e-10
v -0.09054019302129745 0.03750297799706459 -1.0430812810713341e-10
v -0.09466072916984558 0.025364266708493233 -1.0430812810713341e-10
v -0.09716159850358963 0.012791566550731659 -1.0430812810713341e-10
v -0.09799999743700027 1.7267519364136336e-17 -1.0430812810713341e-10
v -0.09716159850358963 -0.012791566550731659 -1.0430812810713341e-10
v -0.09466072916984558 -0.025364266708493233 -1.0430812810713341e-10
v -0.09054019302129745 -0.03750297799706459 -1.0430812810713341e-10
v -0.08487048745155334 -0.04899999871850014 -1.0430812810713341e-10
v -0.0777486264705658 -0.05965862050652504 -1.0430812810713341e-10
v -0.0692964643239975 -0.0692964643239975 -1.0430812810713341e-10
v -0.05965862050652504 -0.0777486264705658 -1.0430812810713341e-10
v -0.04899999871850014 -0.08487048745155334 -1.0430812810713341e-10
v -0.03750297799706459 -0.09054019302129745 -1.0430812810713341e-10
v -0.025364266708493233 -0.09466072916984558 -1.0430812810713341e-10
v -0.012791566550731659 -0.09716159850358963 -1.0430812810713341e-10
v -2.4003077384227004e-17 -0.09799999743700027 -1.0430812810713341e-10
v 0 7.347881053472461e-19 0.02400000010430813
v 0 7.347881053472461e-19 0.02400000010430813
v 0 7.347881053472461e-19 0.02400000010430813
v 0 7.347881053472461e-19 0.02400000010430813
v 0 7.347881053472461e-19 0.02400000010430813
v 0 7.347881053472461e-19 0.02400000010430813
v 0 7.347881053472461e-19 0.02400000010430813
v 0 7.347881053472461e-19 0.02400000010430813
v 0 7.347881053472461e-19 0.02400000010430813
v 0 7.347881053472461e-19 0.02400000010430813
v 0 7.347881053472461e-19 0.02400000010430813
v 0 7.347881053472461e-19 0.02400000010430813
v 0 7.347881053472461e-19 0.02400000010430813
v 0 7.347881053472461e-19 0.02400000010430813
v 0 7.347881053472461e-19 0.02400000010430813
v 0 7.347881053472461e-19 0.02400000010430813
v 0 7.347881053472461e-19 0.02400000010430813
v 0 7.347881053472461e-19 0.02400000010430813
v 0 7.347881053472461e-19 0.02400000010430813
v 0 7.347881053472461e-19 0.02400000010430813
v 0 7.347881053472461e-19 0.02400000010430813
v 0 7.347881053472461e-19 0.02400000010430813
v 0 7.347881053472461e-19 0.02400000010430813
v 0 7.347881053472461e-19 0.02400000010430813
v 0 7.347881053472461e-19 0.02400000010430813
v 0 7.347881053472461e-19 0.02400000010430813
v 0 7.347881053472461e-19 0.02400000010430813
v 0 7.347881053472461e-19 0.02400000010430813
v 0 7.347881053472461e-19 0.02400000010430813
v 0 7.347881053472461e-19 0.02400000010430813
v 0 7.347881053472461e-19 0.02400000010430813
v 0 7.347881053472461e-19 0.02400000010430813
v 0 7.347881053472461e-19 0.02400000010430813
v 0 7.347881053472461e-19 0.02400000010430813
v 0 7.347881053472461e-19 0.02400000010430813
v 0 7.347881053472461e-19 0.02400000010430813
v 0 7.347881053472461e-19 0.02400000010430813
v 0 7.347881053472461e-19 0.02400000010430813
v 0 7.347881053472461e-19 0.02400000010430813
v 0 7.347881053472461e-19 0.02400000010430813
v 0 7.347881053472461e-19 0.02400000010430813
v 0 7.347881053472461e-19 0.02400000010430813
v 0 7.347881053472461e-19 0.02400000010430813
v 0 7.347881053472461e-19 0.02400000010430813
v 0 7.347881053472461e-19 0.02400000010430813
v 0 7.347881053472461e-19 0.02400000010430813
v 0 7.347881053472461e-19 0.02400000010430813
v 0 7.347881053472461e-19 0.02400000010430813
v 0 -0.09799999743700027 0.02400000010430813
v 0.012791566550731659 -0.09716159850358963 0.02400000010430813
v 0.025364266708493233 -0.09466072916984558 0.02400000010430813
v 0.03750297799706459 -0.09054019302129745 0.02400000010430813
v 0.04899999871850014 -0.08487048745155334 0.02400000010430813
v 0.05965862050652504 -0.0777486264705658 0.02400000010430813
v 0.0692964643239975 -0.0692964643239975 0.02400000010430813
v 0.0777486264705658 -0.05965862050652504 0.02400000010430813
v 0.08487048745155334 -0.04899999871850014 0.02400000010430813
v 0.09054019302129745 -0.03750297799706459 0.02400000010430813
v 0.09466072916984558 -0.025364266708493233 0.02400000010430813
v 0.09716159850358963 -0.012791566550731659 0.02400000010430813
v 0.09799999743700027 -5.26598108561314e-18 0.02400000010430813
v 0.09716159850358963 0.012791566550731659 0.02400000010430813
v 0.09466072916984558 0.025364266708493233 0.02400000010430813
v 0.09054019302129745 0.03750297799706459 0.02400000010430813
v 0.08487048745155334 0.04899999871850014 0.02400000010430813
v 0.0777486264705658 0.05965862050652504 0.02400000010430813
v 0.0692964643239975 0.0692964643239975 0.02400000010430813
v 0.05965862050652504 0.0777486264705658 0.02400000010430813
v 0.04899999871850014 0.08487048745155334 0.02400000010430813
v 0.03750297799706459 0.09054019302129745 0.02400000010430813
v 0.025364266708493233 0.09466072916984558 0.02400000010430813
v 0.012791566550731659 0.09716159850358963 0.02400000010430813
v 1.2001538692113502e-17 0.09799999743700027 0.02400000010430813
v -0.012791566550731659 0.09716159850358963 0.02400000010430813
v -0.025364266708493233 0.09466072916984558 0.02400000010430813
v -0.03750297799706459 0.09054019302129745 0.02400000010430813
v -0.04899999871850014 0.08487048745155334 0.02400000010430813
v -0.05965862050652504 0.0777486264705658 0.02400000010430813
v -0.0692964643239975 0.0692964643239975 0.02400000010430813
v -0.0777486264705658 0.05965862050652504 0.02400000010430813
v -0.08487048745155334 0.04899999871850014 0.02400000010430813
v -0.09054019302129745 0.03750297799706459 0.02400000010430813
v -0.09466072916984558 0.025364266708493233 0.02400000010430813
v -0.09716159850358963 0.012791566550731659 0.02400000010430813
v -0.09799999743700027 1.8737095057842945e-17 0.02400000010430813
v -0.09716159850358963 -0.012791566550731659 0.02400000010430813
v -0.09466072916984558 -0.025364266708493233 0.02400000010430813
v -0.09054019302129745 -0.03750297799706459 0.02400000010430813
v -0.08487048745155334 -0.04899999871850014 0.02400000010430813
v -0.0777486264705658 -0.05965862050652504 0.02400000010430813
v -0.0692964643239975 -0.0692964643239975 0.02400000010430813
v -0.05965862050652504 -0.0777486264705658 0.02400000010430813
v -0.04899999871850014 -0.08487048745155334 0.02400000010430813
v -0.03750297799706459 -0.09054019302129745 0.02400000010430813
v -0.025364266708493233 -0.09466072916984558 0.02400000010430813
v -0.012791566550731659 -0.09716159850358963 0.02400000010430813
v -2.4003077384227004e-17 -0.09799999743700027 0.02400000010430813
v 0 -7.347881053472461e-19 -1.0430812810713341e-10
v 0 -7.347881053472461e-19 -1.0430812810713341e-10
v 0 -7.347881053472461e-19 -1.0430812810713341e-10
v 0 -7.347881053472461e-19 -1.0430812810713341e-10
v 0 -7.347881053472461e-19 -1.0430812810713341e-10
v 0 -7.347881053472461e-19 -1.0430812810713341e-10
v 0 -7.347881053472461e-19 -1.0430812810713341e-10
v 0 -7.347881053472461e-19 -1.0430812810713341e-10
v 0 -7.347881053472461e-19 -1.0430812810713341e-10
v 0 -7.347881053472461e-19 -1.0430812810713341e-10
v 0 -7.347881053472461e-19 -1.0430812810713341e-10
v 0 -7.347881053472461e-19 -1.0430812810713341e-10
v 0 -7.347881053472461e-19 -1.0430812810713341e-10
v 0 -7.347881053472461e-19 -1.0430812810713341e-10
v 0 -7.347881053472461e-19 -1.0430812810713341e-10
v 0 -7.347881053472461e-19 -1.0430812810713341e-10
v 0 -7.347881053472461e-19 -1.0430812810713341e-10
v 0 -7.347881053472461e-19 -1.0430812810713341e-10
v 0 -7.347881053472461e-19 -1.0430812810713341e-10
v 0 -7.347881053472461e-19 -1.0430812810713341e-10
v 0 -7.347881053472461e-19 -1.0430812810713341e-10
v 0 -7.347881053472461e-19 -1.0430812810713341e-10
v 0 -7.347881053472461e-19 -1.0430812810713341e-10
v 0 -7.347881053472461e-19 -1.0430812810713341e-10
v 0 -7.347881053472461e-19 -1.0430812810713341e-10
v 0 -7.347881053472461e-19 -1.0430812810713341e-10
v 0 -7.347881053472461e-19 -1.0430812810713341e-10
v 0 -7.347881053472461e-19 -1.0430812810713341e-10
v 0 -7.347881053472461e-19 -1.0430812810713341e-10
v 0 -7.347881053472461e-19 -1.0430812810713341e-10
v 0 -7.347881053472461e-19 -1.0430812810713341e-10
v 0 -7.347881053472461e-19 -1.0430812810713341e-10
v 0 -7.347881053472461e-19 -1.0430812810713341e-10
v 0 -7.347881053472461e-19 -1.0430812810713341e-10
v 0 -7.347881053472461e-19 -1.0430812810713341e-10
v 0 -7.347881053472461e-19 -1.0430812810713341e-10
v 0 -7.347881053472461e-19 -1.0430812810713341e-10
v 0 -7.347881053472461e-19 -1.0430812810713341e-10
v 0 -7.347881053472461e-19 -1.0430812810713341e-10
v 0 -7.347881053472461e-19 -1.0430812810713341e-10
v 0 -7.347881053472461e-19 -1.0430812810713341e-10
v 0 -7.347881053472461e-19 -1.0430812810713341e-10
v 0 -7.347881053472461e-19 -1.0430812810713341e-10
v 0 -7.347881053472461e-19 -1.0430812810713341e-10
v 0 -7.347881053472461e-19 -1.0430812810713341e-10
v 0 -7.347881053472461e-19 -1.0430812810713341e-10
v 0 -7.347881053472461e-19 -1.0430812810713341e-10
v 0 -7.347881053472461e-19 -1.0430812810713341e-10
v 0 -0.09799999743700027 -1.0430812810713341e-10
v 0.012791566550731659 -0.09716159850358963 -1.0430812810713341e-10
v 0.025364266708493233 -0.09466072916984558 -1.0430812810713341e-10
v 0.03750297799706459 -0.09054019302129745 -1.0430812810713341e-10
v 0.04899999871850014 -0.08487048745155334 -1.0430812810713341e-10
v 0.05965862050652504 -0.0777486264705658 -1.0430812810713341e-10
v 0.0692964643239975 -0.0692964643239975 -1.0430812810713341e-10
v 0.0777486264705658 -0.05965862050652504 -1.0430812810713341e-10
v 0.08487048745155334 -0.04899999871850014 -1.0430812810713341e-10
v 0.09054019302129745 -0.03750297799706459 -1.0430812810713341e-10
v 0.09466072916984558 -0.025364266708493233 -1.0430812810713341e-10
v 0.09716159850358963 -0.012791566550731659 -1.0430812810713341e-10
v 0.09799999743700027 -6.735557606500362e-18 -1.0430812810713341e-10
v 0.09716159850358963 0.012791566550731659 -1.0430812810713341e-10
v 0.09466072916984558 0.025364266708493233 -1.0430812810713341e-10
v 0.09054019302129745 0.03750297799706459 -1.0430812810713341e-10
v 0.08487048745155334 0.04899999871850014 -1.0430812810713341e-10
v 0.0777486264705658 0.05965862050652504 -1.0430812810713341e-10
v 0.0692964643239975 0.0692964643239975 -1.0430812810713341e-10
v 0.05965862050652504 0.0777486264705658 -1.0430812810713341e-10
v 0.04899999871850014 0.08487048745155334 -1.0430812810713341e-10
v 0.03750297799706459 0.09054019302129745 -1.0430812810713341e-10
v 0.025364266708493233 0.09466072916984558 -1.0430812810713341e-10
v 0.012791566550731659 0.09716159850358963 -1.0430812810713341e-10
v 1.2001538692113502e-17 0.09799999743700027 -1.0430812810713341e-10
v -0.012791566550731659 0.09716159850358963 -1.0430812810713341e-10
v -0.025364266708493233 0.09466072916984558 -1.0430812810713341e-10
v -0.03750297799706459 0.09054019302129745 -1.0430812810713341e-10
v -0.04899999871850014 0.08487048745155334 -1.0430812810713341e-10
v -0.05965862050652504 0.0777486264705658 -1.0430812810713341e-10
v -0.0692964643239975 0.0692964643239975 -1.0430812810713341e-10
v -0.0777486264705658 0.05965862050652504 -1.0430812810713341e-10
v -0.08487048745155334 0.04899999871850014 -1.0430812810713341e-10
v -0.09054019302129745 0.03750297799706459 -1.0430812810713341e-10
v -0.09466072916984558 0.025364266708493233 -1.0430812810713341e-10
v -0.09716159850358963 0.012791566550731659 -1.0430812810713341e-10
v -0.09799999743700027 1.7267519364136336e-17 -1.0430812810713341e-10
v -0.09716159850358963 -0.012791566550731659 -1.0430812810713341e-10
v -0.09466072916984558 -0.025364266708493233 -1.0430812810713341e-10
v -0.09054019302129745 -0.03750297799706459 -1.0430812810713341e-10
v -0.08487048745155334 -0.04899999871850014 -1.0430812810713341e-10
v -0.0777486264705658 -0.05965862050652504 -1.0430812810713341e-10
v -0.0692964643239975 -0.0692964643239975 -1.0430812810713341e-10
v -0.05965862050652504 -0.0777486264705658 -1.0430812810713341e-10
v -0.04899999871850014 -0.08487048745155334 -1.0430812810713341e-10
v -0.03750297799706459 -0.09054019302129745 -1.0430812810713341e-10
v -0.025364266708493233 -0.09466072916984558 -1.0430812810713341e-10
v -0.012791566550731659 -0.09716159850358963 -1.0430812810713341e-10
v -2.4003077384227004e-17 -0.09799999743700027 -1.0430812810713341e-10
vt 0 1
vt 0.02083333395421505 1
vt 0.0416666679084301 1
vt 0.0625 1
vt 0.0833333358168602 1
vt 0.1041666641831398 1
vt 0.125 1
vt 0.1458333283662796 1
vt 0.1666666716337204 1
vt 0.1875 1
vt 0.2083333283662796 1
vt 0.2291666716337204 1
vt 0.25 1
vt 0.2708333432674408 1
vt 0.2916666567325592 1
vt 0.3125 1
vt 0.3333333432674408 1
vt 0.3541666567325592 1
vt 0.375 1
vt 0.3958333432674408 1
vt 0.4166666567325592 1
vt 0.4375 1
vt 0.4583333432674408 1
vt 0.4791666567325592 1
vt 0.5 1
vt 0.5208333134651184 1
vt 0.5416666865348816 1
vt 0.5625 1
vt 0.5833333134651184 1
vt 0.6041666865348816 1
vt 0.625 1
vt 0.6458333134651184 1
vt 0.6666666865348816 1
vt 0.6875 1
vt 0.7083333134651184 1
vt 0.7291666865348816 1
vt 0.75 1
vt 0.7708333134651184 1
vt 0.7916666865348816 1
vt 0.8125 1
vt 0.8333333134651184 1
vt 0.8541666865348816 1
vt 0.875 1
vt 0.8958333134651184 1
vt 0.9166666865348816 1
vt 0.9375 1
vt 0.9583333134651184 1
vt 0.9791666865348816 1
vt 1 1
vt 0 0
vt 0.02083333395421505 0
vt 0.0416666679084301 0
vt 0.0625 0
vt 0.0833333358168602 0
vt 0.1041666641831398 0
vt 0.125 0
vt 0.1458333283662796 0
vt 0.1666666716337204 0
vt 0.1875 0
vt 0.2083333283662796 0
vt 0.2291666716337204 0
vt 0.25 0
vt 0.2708333432674408 0
vt 0.2916666567325592 0
vt 0.3125 0
vt 0.3333333432674408 0
vt 0.3541666567325592 0
vt 0.375 0
vt 0.3958333432674408 0
vt 0.4166666567325592 0
vt 0.4375 0
vt 0.4583333432674408 0
vt 0.4791666567325592 0
vt 0.5 0
vt 0.5208333134651184 0
vt 0.5416666865348816 0
vt 0.5625 0
vt 0.5833333134651184 0
vt 0.6041666865348816 0
vt 0.625 0
vt 0.6458333134651184 0
vt 0.6666666865348816 0
vt 0.6875 0
vt 0.7083333134651184 0
vt 0.7291666865348816 0
vt 0.75 0
vt 0.7708333134651184 0
vt 0.7916666865348816 0
vt 0.8125 0
vt 0.8333333134651184 0
vt 0.8541666865348816 0
vt 0.875 0
vt 0.8958333134651184 0
vt 0.9166666865348816 0
vt 0.9375 0
vt 0.9583333134651184 0
vt 0.9791666865348816 0
vt 1 0
vt 0.5 0.5
vt 0.5 0.5
vt 0.5 0.5
vt 0.5 0.5
vt 0.5 0.5
vt 0.5 0.5
vt 0.5 0.5
vt 0.5 0.5
vt 0.5 0.5
vt 0.5 0.5
vt 0.5 0.5
vt 0.5 0.5
vt 0.5 0.5
vt 0.5 0.5
vt 0.5 0.5
vt 0.5 0.5
vt 0.5 0.5
vt 0.5 0.5
vt 0.5 0.5
vt 0.5 0.5
vt 0.5 0.5
vt 0.5 0.5
vt 0.5 0.5
vt 0.5 0.5
vt 0.5 0.5
vt 0.5 0.5
vt 0.5 0.5
vt 0.5 0.5
vt 0.5 0.5
vt 0.5 0.5
vt 0.5 0.5
vt 0.5 0.5
vt 0.5 0.5
vt 0.5 0.5
vt 0.5 0.5
vt 0.5 0.5
vt 0.5 0.5
vt 0.5 0.5
vt 0.5 0.5
vt 0.5 0.5
vt 0.5 0.5
vt 0.5 0.5
vt 0.5 0.5
vt 0.5 0.5
vt 0.5 0.5
vt 0.5 0.5
vt 0.5 0.5
vt 0.5 0.5
vt 1 0.5
vt 0.9957224130630493 0.5652630925178528
vt 0.9829629063606262 0.6294095516204834
vt 0.9619397521018982 0.6913416981697083
vt 0.9330127239227295 0.75
vt 0.8966766595840454 0.8043807148933411
vt 0.8535534143447876 0.8535534143447876
vt 0.8043807148933411 0.8966766595840454
vt 0.75 0.9330127239227295
vt 0.6913416981697083 0.9619397521018982
vt 0.6294095516204834 0.9829629063606262
vt 0.5652630925178528 0.9957224130630493
vt 0.5 1
vt 0.4347369074821472 0.9957224130630493
vt 0.370590478181839 0.9829629063606262
vt 0.30865827202796936 0.9619397521018982
vt 0.25 0.9330127239227295
vt 0.19561928510665894 0.8966766595840454
vt 0.1464466154575348 0.8535534143447876
vt 0.10332333296537399 0.8043807148933411
vt 0.0669872984290123 0.75
vt 0.03806023299694061 0.6913416981697083
vt 0.017037086188793182 0.6294095516204834
vt 0.004277569241821766 0.5652630925178528
vt 0 0.5
vt 0.004277569241821766 0.4347369074821472
vt 0.017037086188793182 0.370590478181839
vt 0.03806023299694061 0.30865827202796936
vt 0.0669872984290123 0.25
vt 0.10332333296537399 0.19561928510665894
vt 0.1464466154575348 0.1464466154575348
vt 0.19561928510665894 0.10332333296537399
vt 0.25 0.0669872984290123
vt 0.30865827202796936 0.03806023299694061
vt 0.370590478181839 0.017037086188793182
vt 0.4347369074821472 0.004277569241821766
vt 0.5 0
vt 0.5652630925178528 0.004277569241821766
vt 0.6294095516204834 0.017037086188793182
vt 0.6913416981697083 0.03806023299694061
vt 0.75 0.0669872984290123
vt 0.8043807148933411 0.10332333296537399
vt 0.8535534143447876 0.1464466154575348
vt 0.8966766595840454 0.19561928510665894
vt 0.9330127239227295 0.25
vt 0.9619397521018982 0.30865827202796936
vt 0.9829629063606262 0.370590478181839
vt 0.9957224130630493 0.4347369074821472
vt 1 0.5
vt 0.5 0.5
vt 0.5 0.5
vt 0.5 0.5
vt 0.5 0.5
vt 0.5 0.5
vt 0.5 0.5
vt 0.5 0.5
vt 0.5 0.5
vt 0.5 0.5
vt 0.5 0.5
vt 0.5 0.5
vt 0.5 0.5
vt 0.5 0.5
vt 0.5 0.5
vt 0.5 0.5
vt 0.5 0.5
vt 0.5 0.5
vt 0.5 0.5
vt 0.5 0.5
vt 0.5 0.5
vt 0.5 0.5
vt 0.5 0.5
vt 0.5 0.5
vt 0.5 0.5
vt 0.5 0.5
vt 0.5 0.5
vt 0.5 0.5
vt 0.5 0.5
vt 0.5 0.5
vt 0.5 0.5
vt 0.5 0.5
vt 0.5 0.5
vt 0.5 0.5
vt 0.5 0.5
vt 0.5 0.5
vt 0.5 0.5
vt 0.5 0.5
vt 0.5 0.5
vt 0.5 0.5
vt 0.5 0.5
vt 0.5 0.5
vt 0.5 0.5
vt 0.5 0.5
vt 0.5 0.5
vt 0.5 0.5
vt 0.5 0.5
vt 0.5 0.5
vt 0.5 0.5
vt 1 0.5
vt 0.9957224130630493 0.4347369074821472
vt 0.9829629063606262 0.370590478181839
vt 0.9619397521018982 0.30865827202796936
vt 0.9330127239227295 0.25
vt 0.8966766595840454 0.19561928510665894
vt 0.8535534143447876 0.1464466154575348
vt 0.8043807148933411 0.10332333296537399
vt 0.75 0.0669872984290123
vt 0.6913416981697083 0.03806023299694061
vt 0.6294095516204834 0.017037086188793182
vt 0.5652630925178528 0.004277569241821766
vt 0.5 0
vt 0.4347369074821472 0.004277569241821766
vt 0.370590478181839 0.017037086188793182
vt 0.30865827202796936 0.03806023299694061
vt 0.25 0.0669872984290123
vt 0.19561928510665894 0.10332333296537399
vt 0.1464466154575348 0.1464466154575348
vt 0.10332333296537399 0.19561928510665894
vt 0.0669872984290123 0.25
vt 0.03806023299694061 0.30865827202796936
vt 0.017037086188793182 0.370590478181839
vt 0.004277569241821766 0.4347369074821472
vt 0 0.5
vt 0.004277569241821766 0.5652630925178528
vt 0.017037086188793182 0.6294095516204834
vt 0.03806023299694061 0.6913416981697083
vt 0.0669872984290123 0.75
vt 0.10332333296537399 0.8043807148933411
vt 0.1464466154575348 0.8535534143447876
vt 0.19561928510665894 0.8966766595840454
vt 0.25 0.9330127239227295
vt 0.30865827202796936 0.9619397521018982
vt 0.370590478181839 0.9829629063606262
vt 0.4347369074821472 0.9957224130630493
vt 0.5 1
vt 0.5652630925178528 0.9957224130630493
vt 0.6294095516204834 0.9829629063606262
vt 0.6913416981697083 0.9619397521018982
vt 0.75 0.9330127239227295
vt 0.8043807148933411 0.8966766595840454
vt 0.8535534143447876 0.8535534143447876
vt 0.8966766595840454 0.8043807148933411
vt 0.9330127239227295 0.75
vt 0.9619397521018982 0.6913416981697083
vt 0.9829629063606262 0.6294095516204834
vt 0.9957224130630493 0.5652630925178528
vt 1 0.5
vn 0 -1 6.123234262925839e-17
vn 0.13052618200608704 -0.9914448627185043 6.070848442951297e-17
vn 0.2588190471264927 -0.9659258257467466 5.914589613696059e-17
vn 0.3826834370613369 -0.9238795305660377 5.657130722319695e-17
vn 0.5000000067305869 -0.8660253998985324 5.302876307448087e-17
vn 0.6087614397000725 -0.7933533320874723 4.85788821807799e-17
vn 0.7071067811865476 -0.7071067811865476 4.329780375814312e-17
vn 0.7933533320874723 -0.6087614397000725 3.7275889060097443e-17
vn 0.8660253998985324 -0.5000000067305869 3.06161717267588e-17
vn 0.9238795305660377 -0.3826834370613369 2.3432603017245014e-17
vn 0.9659258257467466 -0.2588190471264927 1.5848095844680132e-17
vn 0.9914448627185043 -0.13052618200608704 7.992423206588031e-18
vn 1 -6.123234262925839e-17 3.74939976039497e-33
vn 0.9914448627185043 0.13052618200608704 -7.992423206588031e-18
vn 0.9659258257467466 0.2588190471264927 -1.5848095844680132e-17
vn 0.9238795305660377 0.3826834370613369 -2.3432603017245014e-17
vn 0.8660253998985324 0.5000000067305869 -3.06161717267588e-17
vn 0.7933533320874723 0.6087614397000725 -3.7275889060097443e-17
vn 0.7071067811865476 0.7071067811865476 -4.329780375814312e-17
vn 0.6087614397000725 0.7933533320874723 -4.85788821807799e-17
vn 0.5000000067305869 0.8660253998985324 -5.302876307448087e-17
vn 0.3826834370613369 0.9238795305660377 -5.657130722319695e-17
vn 0.2588190471264927 0.9659258257467466 -5.914589613696059e-17
vn 0.13052618200608704 0.9914448627185043 -6.070848442951297e-17
vn 1.2246468525851679e-16 1 -6.123234262925839e-17
vn -0.13052618200608704 0.9914448627185043 -6.070848442951297e-17
vn -0.2588190471264927 0.9659258257467466 -5.914589613696059e-17
vn -0.3826834370613369 0.9238795305660377 -5.657130722319695e-17
vn -0.5000000067305869 0.8660253998985324 -5.302876307448087e-17
vn -0.6087614397000725 0.7933533320874723 -4.85788821807799e-17
vn -0.7071067811865476 0.7071067811865476 -4.329780375814312e-17
vn -0.7933533320874723 0.6087614397000725 -3.7275889060097443e-17
vn -0.8660253998985324 0.5000000067305869 -3.06161717267588e-17
vn -0.9238795305660377 0.3826834370613369 -2.3432603017245014e-17
vn -0.9659258257467466 0.2588190471264927 -1.5848095844680132e-17
vn -0.9914448627185043 0.13052618200608704 -7.992423206588031e-18
vn -1 1.8369701465288538e-16 -1.1248198179158957e-32
vn -0.9914448627185043 -0.13052618200608704 7.992423206588031e-18
vn -0.9659258257467466 -0.2588190471264927 1.5848095844680132e-17
vn -0.9238795305660377 -0.3826834370613369 2.3432603017245014e-17
vn -0.8660253998985324 -0.5000000067305869 3.06161717267588e-17
vn -0.7933533320874723 -0.6087614397000725 3.7275889060097443e-17
vn -0.7071067811865476 -0.7071067811865476 4.329780375814312e-17
vn -0.6087614397000725 -0.7933533320874723 4.85788821807799e-17
vn -0.5000000067305869 -0.8660253998985324 5.302876307448087e-17
vn -0.3826834370613369 -0.9238795305660377 5.657130722319695e-17
vn -0.2588190471264927 -0.9659258257467466 5.914589613696059e-17
vn -0.13052618200608704 -0.9914448627185043 6.070848442951297e-17
vn -2.4492937051703357e-16 -1 6.123234262925839e-17
vn 0 -1 6.123234262925839e-17
vn 0.13052618200608704 -0.9914448627185043 6.070848442951297e-17
vn 0.2588190471264927 -0.9659258257467466 5.914589613696059e-17
vn 0.3826834370613369 -0.9238795305660377 5.657130722319695e-17
vn 0.5000000067305869 -0.8660253998985324 5.302876307448087e-17
vn 0.6087614397000725 -0.7933533320874723 4.85788821807799e-17
vn 0.7071067811865476 -0.7071067811865476 4.329780375814312e-17
vn 0.7933533320874723 -0.6087614397000725 3.7275889060097443e-17
vn 0.8660253998985324 -0.5000000067305869 3.06161717267588e-17
vn 0.9238795305660377 -0.3826834370613369 2.3432603017245014e-17
vn 0.9659258257467466 -0.2588190471264927 1.5848095844680132e-17
vn 0.9914448627185043 -0.13052618200608704 7.992423206588031e-18
vn 1 -6.123234262925839e-17 3.74939976039497e-33
vn 0.9914448627185043 0.13052618200608704 -7.992423206588031e-18
vn 0.9659258257467466 0.2588190471264927 -1.5848095844680132e-17
vn 0.9238795305660377 0.3826834370613369 -2.3432603017245014e-17
vn 0.8660253998985324 0.5000000067305869 -3.06161717267588e-17
vn 0.7933533320874723 0.6087614397000725 -3.7275889060097443e-17
vn 0.7071067811865476 0.7071067811865476 -4.329780375814312e-17
vn 0.6087614397000725 0.7933533320874723 -4.85788821807799e-17
vn 0.5000000067305869 0.8660253998985324 -5.302876307448087e-17
vn 0.3826834370613369 0.9238795305660377 -5.657130722319695e-17
vn 0.2588190471264927 0.9659258257467466 -5.914589613696059e-17
vn 0.13052618200608704 0.9914448627185043 -6.070848442951297e-17
vn 1.2246468525851679e-16 1 -6.123234262925839e-17
vn -0.13052618200608704 0.9914448627185043 -6.070848442951297e-17
vn -0.2588190471264927 0.9659258257467466 -5.914589613696059e-17
vn -0.3826834370613369 0.9238795305660377 -5.657130722319695e-17
vn -0.5000000067305869 0.8660253998985324 -5.302876307448087e-17
vn -0.6087614397000725 0.7933533320874723 -4.85788821807799e-17
vn -0.7071067811865476 0.7071067811865476 -4.329780375814312e-17
vn -0.7933533320874723 0.6087614397000725 -3.7275889060097443e-17
vn -0.8660253998985324 0.5000000067305869 -3.06161717267588e-17
vn -0.9238795305660377 0.3826834370613369 -2.3432603017245014e-17
vn -0.9659258257467466 0.2588190471264927 -1.5848095844680132e-17
vn -0.9914448627185043 0.13052618200608704 -7.992423206588031e-18
vn -1 1.8369701465288538e-16 -1.1248198179158957e-32
vn -0.9914448627185043 -0.13052618200608704 7.992423206588031e-18
vn -0.9659258257467466 -0.2588190471264927 1.5848095844680132e-17
vn -0.9238795305660377 -0.3826834370613369 2.3432603017245014e-17
vn -0.8660253998985324 -0.5000000067305869 3.06161717267588e-17
vn -0.7933533320874723 -0.6087614397000725 3.7275889060097443e-17
vn -0.7071067811865476 -0.7071067811865476 4.329780375814312e-17
vn -0.6087614397000725 -0.7933533320874723 4.85788821807799e-17
vn -0.5000000067305869 -0.8660253998985324 5.302876307448087e-17
vn -0.3826834370613369 -0.9238795305660377 5.657130722319695e-17
vn -0.2588190471264927 -0.9659258257467466 5.914589613696059e-17
vn -0.13052618200608704 -0.9914448627185043 6.070848442951297e-17
vn -2.4492937051703357e-16 -1 6.123234262925839e-17
vn 0 6.123234262925839e-17 1
vn 0 6.123234262925839e-17 1
vn 0 6.123234262925839e-17 1
vn 0 6.123234262925839e-17 1
vn 0 6.123234262925839e-17 1
vn 0 6.123234262925839e-17 1
vn 0 6.123234262925839e-17 1
vn 0 6.123234262925839e-17 1
vn 0 6.123234262925839e-17 1
vn 0 6.123234262925839e-17 1
vn 0 6.123234262925839e-17 1
vn 0 6.123234262925839e-17 1
vn 0 6.123234262925839e-17 1
vn 0 6.123234262925839e-17 1
vn 0 6.123234262925839e-17 1
vn 0 6.123234262925839e-17 1
vn 0 6.123234262925839e-17 1
vn 0 6.123234262925839e-17 1
vn 0 6.123234262925839e-17 1
vn 0 6.123234262925839e-17 1
vn 0 6.123234262925839e-17 1
vn 0 6.123234262925839e-17 1
vn 0 6.123234262925839e-17 1
vn 0 6.123234262925839e-17 1
vn 0 6.123234262925839e-17 1
vn 0 6.123234262925839e-17 1
vn 0 6.123234262925839e-17 1
vn 0 6.123234262925839e-17 1
vn 0 6.123234262925839e-17 1
vn 0 6.123234262925839e-17 1
vn 0 6.123234262925839e-17 1
vn 0 6.123234262925839e-17 1
vn 0 6.123234262925839e-17 1
vn 0 6.123234262925839e-17 1
vn 0 6.123234262925839e-17 1
vn 0 6.123234262925839e-17 1
vn 0 6.123234262925839e-17 1
vn 0 6.123234262925839e-17 1
vn 0 6.123234262925839e-17 1
vn 0 6.123234262925839e-17 1
vn 0 6.123234262925839e-17 1
vn 0 6.123234262925839e-17 1
vn 0 6.123234262925839e-17 1
vn 0 6.123234262925839e-17 1
vn 0 6.123234262925839e-17 1
vn 0 6.123234262925839e-17 1
vn 0 6.123234262925839e-17 1
vn 0 6.123234262925839e-17 1
vn 0 6.123234262925839e-17 1
vn 0 6.123234262925839e-17 1
vn 0 6.123234262925839e-17 1
vn 0 6.123234262925839e-17 1
vn 0 6.123234262925839e-17 1
vn 0 6.123234262925839e-17 1
vn 0 6.123234262925839e-17 1
vn 0 6.123234262925839e-17 1
vn 0 6.123234262925839e-17 1
vn 0 6.123234262925839e-17 1
vn 0 6.123234262925839e-17 1
vn 0 6.123234262925839e-17 1
vn 0 6.123234262925839e-17 1
vn 0 6.123234262925839e-17 1
vn 0 6.123234262925839e-17 1
vn 0 6.123234262925839e-17 1
vn 0 6.123234262925839e-17 1
vn 0 6.123234262925839e-17 1
vn 0 6.123234262925839e-17 1
vn 0 6.123234262925839e-17 1
vn 0 6.123234262925839e-17 1
vn 0 6.123234262925839e-17 1
vn 0 6.123234262925839e-17 1
vn 0 6.123234262925839e-17 1
vn 0 6.123234262925839e-17 1
vn 0 6.123234262925839e-17 1
vn 0 6.123234262925839e-17 1
vn 0 6.123234262925839e-17 1
vn 0 6.123234262925839e-17 1
vn 0 6.123234262925839e-17 1
vn 0 6.123234262925839e-17 1
vn 0 6.123234262925839e-17 1
vn 0 6.123234262925839e-17 1
vn 0 6.123234262925839e-17 1
vn 0 6.123234262925839e-17 1
vn 0 6.123234262925839e-17 1
vn 0 6.123234262925839e-17 1
vn 0 6.123234262925839e-17 1
vn 0 6.123234262925839e-17 1
vn 0 6.123234262925839e-17 1
vn 0 6.123234262925839e-17 1
vn 0 6.123234262925839e-17 1
vn 0 6.123234262925839e-17 1
vn 0 6.123234262925839e-17 1
vn 0 6.123234262925839e-17 1
vn 0 6.123234262925839e-17 1
vn 0 6.123234262925839e-17 1
vn 0 6.123234262925839e-17 1
vn 0 6.123234262925839e-17 1
vn 0 -6.123234262925839e-17 -1
vn 0 -6.123234262925839e-17 -1
vn 0 -6.123234262925839e-17 -1
vn 0 -6.123234262925839e-17 -1
vn 0 -6.123234262925839e-17 -1
vn 0 -6.123234262925839e-17 -1
vn 0 -6.123234262925839e-17 -1
vn 0 -6.123234262925839e-17 -1
vn 0 -6.123234262925839e-17 -1
vn 0 -6.123234262925839e-17 -1
vn 0 -6.123234262925839e-17 -1
vn 0 -6.123234262925839e-17 -1
vn 0 -6.123234262925839e-17 -1
vn 0 -6.123234262925839e-17 -1
vn 0 -6.123234262925839e-17 -1
vn 0 -6.123234262925839e-17 -1
vn 0 -6.123234262925839e-17 -1
vn 0 -6.123234262925839e-17 -1
vn 0 -6.123234262925839e-17 -1
vn 0 -6.123234262925839e-17 -1
vn 0 -6.123234262925839e-17 -1
vn 0 -6.123234262925839e-17 -1
vn 0 -6.123234262925839e-17 -1
vn 0 -6.123234262925839e-17 -1
vn 0 -6.123234262925839e-17 -1
vn 0 -6.123234262925839e-17 -1
vn 0 -6.123234262925839e-17 -1
vn 0 -6.123234262925839e-17 -1
vn 0 -6.123234262925839e-17 -1
vn 0 -6.123234262925839e-17 -1
vn 0 -6.123234262925839e-17 -1
vn 0 -6.123234262925839e-17 -1
vn 0 -6.123234262925839e-17 -1
vn 0 -6.123234262925839e-17 -1
vn 0 -6.123234262925839e-17 -1
vn 0 -6.123234262925839e-17 -1
vn 0 -6.123234262925839e-17 -1
vn 0 -6.123234262925839e-17 -1
vn 0 -6.123234262925839e-17 -1
vn 0 -6.123234262925839e-17 -1
vn 0 -6.123234262925839e-17 -1
vn 0 -6.123234262925839e-17 -1
vn 0 -6.123234262925839e-17 -1
vn 0 -6.123234262925839e-17 -1
vn 0 -6.123234262925839e-17 -1
vn 0 -6.123234262925839e-17 -1
vn 0 -6.123234262925839e-17 -1
vn 0 -6.123234262925839e-17 -1
vn 0 -6.123234262925839e-17 -1
vn 0 -6.123234262925839e-17 -1
vn 0 -6.123234262925839e-17 -1
vn 0 -6.123234262925839e-17 -1
vn 0 -6.123234262925839e-17 -1
vn 0 -6.123234262925839e-17 -1
vn 0 -6.123234262925839e-17 -1
vn 0 -6.123234262925839e-17 -1
vn 0 -6.123234262925839e-17 -1
vn 0 -6.123234262925839e-17 -1
vn 0 -6.123234262925839e-17 -1
vn 0 -6.123234262925839e-17 -1
vn 0 -6.123234262925839e-17 -1
vn 0 -6.123234262925839e-17 -1
vn 0 -6.123234262925839e-17 -1
vn 0 -6.123234262925839e-17 -1
vn 0 -6.123234262925839e-17 -1
vn 0 -6.123234262925839e-17 -1
vn 0 -6.123234262925839e-17 -1
vn 0 -6.123234262925839e-17 -1
vn 0 -6.123234262925839e-17 -1
vn 0 -6.123234262925839e-17 -1
vn 0 -6.123234262925839e-17 -1
vn 0 -6.123234262925839e-17 -1
vn 0 -6.123234262925839e-17 -1
vn 0 -6.123234262925839e-17 -1
vn 0 -6.123234262925839e-17 -1
vn 0 -6.123234262925839e-17 -1
vn 0 -6.123234262925839e-17 -1
vn 0 -6.123234262925839e-17 -1
vn 0 -6.123234262925839e-17 -1
vn 0 -6.123234262925839e-17 -1
vn 0 -6.123234262925839e-17 -1
vn 0 -6.123234262925839e-17 -1
vn 0 -6.123234262925839e-17 -1
vn 0 -6.123234262925839e-17 -1
vn 0 -6.123234262925839e-17 -1
vn 0 -6.123234262925839e-17 -1
vn 0 -6.123234262925839e-17 -1
vn 0 -6.123234262925839e-17 -1
vn 0 -6.123234262925839e-17 -1
vn 0 -6.123234262925839e-17 -1
vn 0 -6.123234262925839e-17 -1
vn 0 -6.123234262925839e-17 -1
vn 0 -6.123234262925839e-17 -1
vn 0 -6.123234262925839e-17 -1
vn 0 -6.123234262925839e-17 -1
vn 0 -6.123234262925839e-17 -1
vn 0 -6.123234262925839e-17 -1
f 1/1/1 50/50/50 2/2/2
f 50/50/50 51/51/51 2/2/2
f 2/2/2 51/51/51 3/3/3
f 51/51/51 52/52/52 3/3/3
f 3/3/3 52/52/52 4/4/4
f 52/52/52 53/53/53 4/4/4
f 4/4/4 53/53/53 5/5/5
f 53/53/53 54/54/54 5/5/5
f 5/5/5 54/54/54 6/6/6
f 54/54/54 55/55/55 6/6/6
f 6/6/6 55/55/55 7/7/7
f 55/55/55 56/56/56 7/7/7
f 7/7/7 56/56/56 8/8/8
f 56/56/56 57/57/57 8/8/8
f 8/8/8 57/57/57 9/9/9
f 57/57/57 58/58/58 9/9/9
f 9/9/9 58/58/58 10/10/10
f 58/58/58 59/59/59 10/10/10
f 10/10/10 59/59/59 11/11/11
f 59/59/59 60/60/60 11/11/11
f 11/11/11 60/60/60 12/12/12
f 60/60/60 61/61/61 12/12/12
f 12/12/12 61/61/61 13/13/13
f 61/61/61 62/62/62 13/13/13
f 13/13/13 62/62/62 14/14/14
f 62/62/62 63/63/63 14/14/14
f 14/14/14 63/63/63 15/15/15
f 63/63/63 64/64/64 15/15/15
f 15/15/15 64/64/64 16/16/16
f 64/64/64 65/65/65 16/16/16
f 16/16/16 65/65/65 17/17/17
f 65/65/65 66/66/66 17/17/17
f 17/17/17 66/66/66 18/18/18
f 66/66/66 67/67/67 18/18/18
f 18/18/18 67/67/67 19/19/19
f 67/67/67 68/68/68 19/19/19
f 19/19/19 68/68/68 20/20/20
f 68/68/68 69/69/69 20/20/20
f 20/20/20 69/69/69 21/21/21
f 69/69/69 70/70/70 21/21/21
f 21/21/21 70/70/70 22/22/22
f 70/70/70 71/71/71 22/22/22
f 22/22/22 71/71/71 23/23/23
f 71/71/71 72/72/72 23/23/23
f 23/23/23 72/72/72 24/24/24
f 72/72/72 73/73/73 24/24/24
f 24/24/24 73/73/73 25/25/25
f 73/73/73 74/74/74 25/25/25
f 25/25/25 74/74/74 26/26/26
f 74/74/74 75/75/75 26/26/26
f 26/26/26 75/75/75 27/27/27
f 75/75/75 76/76/76 27/27/27
f 27/27/27 76/76/76 28/28/28
f 76/76/76 77/77/77 28/28/28
f 28/28/28 77/77/77 29/29/29
f 77/77/77 78/78/78 29/29/29
f 29/29/29 78/78/78 30/30/30
f 78/78/78 79/79/79 30/30/30
f 30/30/30 79/79/79 31/31/31
f 79/79/79 80/80/80 31/31/31
f 31/31/31 80/80/80 32/32/32
f 80/80/80 81/81/81 32/32/32
f 32/32/32 81/81/81 33/33/33
f 81/81/81 82/82/82 33/33/33
f 33/33/33 82/82/82 34/34/34
f 82/82/82 83/83/83 34/34/34
f 34/34/34 83/83/83 35/35/35
f 83/83/83 84/84/84 35/35/35
f 35/35/35 84/84/84 36/36/36
f 84/84/84 85/85/85 36/36/36
f 36/36/36 85/85/85 37/37/37
f 85/85/85 86/86/86 37/37/37
f 37/37/37 86/86/86 38/38/38
f 86/86/86 87/87/87 38/38/38
f 38/38/38 87/87/87 39/39/39
f 87/87/87 88/88/88 39/39/39
f 39/39/39 88/88/88 40/40/40
f 88/88/88 89/89/89 40/40/40
f 40/40/40 89/89/89 41/41/41
f 89/89/89 90/90/90 41/41/41
f 41/41/41 90/90/90 42/42/42
f 90/90/90 91/91/91 42/42/42
f 42/42/42 91/91/91 43/43/43
f 91/91/91 92/92/92 43/43/43
f 43/43/43 92/92/92 44/44/44
f 92/92/92 93/93/93 44/44/44
f 44/44/44 93/93/93 45/45/45
f 93/93/93 94/94/94 45/45/45
f 45/45/45 94/94/94 46/46/46
f 94/94/94 95/95/95 46/46/46
f 46/46/46 95/95/95 47/47/47
f 95/95/95 96/96/96 47/47/47
f 47/47/47 96/96/96 48/48/48
f 96/96/96 97/97/97 48/48/48
f 48/48/48 97/97/97 49/49/49
f 97/97/97 98/98/98 49/49/49
f 147/147/147 148/148/148 99/99/99
f 148/148/148 149/149/149 100/100/100
f 149/149/149 150/150/150 101/101/101
f 150/150/150 151/151/151 102/102/102
f 151/151/151 152/152/152 103/103/103
f 152/152/152 153/153/153 104/104/104
f 153/153/153 154/154/154 105/105/105
f 154/154/154 155/155/155 106/106/106
f 155/155/155 156/156/156 107/107/107
f 156/156/156 157/157/157 108/108/108
f 157/157/157 158/158/158 109/109/109
f 158/158/158 159/159/159 110/110/110
f 159/159/159 160/160/160 111/111/111
f 160/160/160 161/161/161 112/112/112
f 161/161/161 162/162/162 113/113/113
f 162/162/162 163/163/163 114/114/114
f 163/163/163 164/164/164 115/115/115
f 164/164/164 165/165/165 116/116/116
f 165/165/165 166/166/166 117/117/117
f 166/166/166 167/167/167 118/118/118
f 167/167/167 168/168/168 119/119/119
f 168/168/168 169/169/169 120/120/120
f 169/169/169 170/170/170 121/121/121
f 170/170/170 171/171/171 122/122/122
f 171/171/171 172/172/172 123/123/123
f 172/172/172 173/173/173 124/124/124
f 173/173/173 174/174/174 125/125/125
f 174/174/174 175/175/175 126/126/126
f 175/175/175 176/176/176 127/127/127
f 176/176/176 177/177/177 128/128/128
f 177/177/177 178/178/178 129/129/129
f 178/178/178 179/179/179 130/130/130
f 179/179/179 180/180/180 131/131/131
f 180/180/180 181/181/181 132/132/132
f 181/181/181 182/182/182 133/133/133
f 182/182/182 183/183/183 134/134/134
f 183/183/183 184/184/184 135/135/135
f 184/184/184 185/185/185 136/136/136
f 185/185/185 186/186/186 137/137/137
f 186/186/186 187/187/187 138/138/138
f 187/187/187 188/188/188 139/139/139
f 188/188/188 189/189/189 140/140/140
f 189/189/189 190/190/190 141/141/141
f 190/190/190 191/191/191 142/142/142
f 191/191/191 192/192/192 143/143/143
f 192/192/192 193/193/193 144/144/144
f 193/193/193 194/194/194 145/145/145
f 194/194/194 195/195/195 146/146/146
f 245/245/245 244/244/244 196/196/196
f 246/246/246 245/245/245 197/197/197
f 247/247/247 246/246/246 198/198/198
f 248/248/248 247/247/247 199/199/199
f 249/249/249 248/248/248 200/200/200
f 250/250/250 249/249/249 201/201/201
f 251/251/251 250/250/250 202/202/202
f 252/252/252 251/251/251 203/203/203
f 253/253/253 252/252/252 204/204/204
f 254/254/254 253/253/253 205/205/205
f 255/255/255 254/254/254 206/206/206
f 256/256/256 255/255/255 207/207/207
f 257/257/257 256/256/256 208/208/208
f 258/258/258 257/257/257 209/209/209
f 259/259/259 258/258/258 210/210/210
f 260/260/260 259/259/259 211/211/211
f 261/261/261 260/260/260 212/212/212
f 262/262/262 261/261/261 213/213/213
f 263/263/263 262/262/262 214/214/214
f 264/264/264 263/263/263 215/215/215
f 265/265/265 264/264/264 216/216/216
f 266/266/266 265/265/265 217/217/217
f 267/267/267 266/266/266 218/218/218
f 268/268/268 267/267/267 219/219/219
f 269/269/269 268/268/268 220/220/220
f 270/270/270 269/269/269 221/221/221
f 271/271/271 270/270/270 222/222/222
f 272/272/272 271/271/271 223/223/223
f 273/273/273 272/272/272 224/224/224
f 274/274/274 273/273/273 225/225/225
f 275/275/275 274/274/274 226/226/226
f 276/276/276 275/275/275 227/227/227
f 277/277/277 276/276/276 228/228/228
f 278/278/278 277/277/277 229/229/229
f 279/279/279 278/278/278 230/230/230
f 280/280/280 279/279/279 231/231/231
f 281/281/281 280/280/280 232/232/232
f 282/282/282 281/281/281 233/233/233
f 283/283/283 282/282/282 234/234/234
f 284/284/284 283/283/283 235/235/235
f 285/285/285 284/284/284 236/236/236
f 286/286/286 285/285/285 237/237/237
f 287/287/287 286/286/286 238/238/238
f 288/288/288 287/287/287 239/239/239
f 289/289/289 288/288/288 240/240/240
f 290/290/290 289/289/289 241/241/241
f 291/291/291 290/290/290 242/242/242
f 292/292/292 291/291/291 243/243/243
o pedestal
usemtl satin_aluminium
v 0 -0.07400000095367432 0.12800000107288362
v 0.009658938273787498 -0.0733669176697731 0.12800000107288362
v 0.019152609631419182 -0.07147850841283798 0.12800000107288362
v 0.028318574652075768 -0.06836708635091782 0.12800000107288362
v 0.03700000047683716 -0.06408587843179703 0.12800000107288362
v 0.045048344880342484 -0.05870814621448517 0.12800000107288362
v 0.05232590064406395 -0.05232590064406395 0.12800000107288362
v 0.05870814621448517 -0.045048344880342484 0.12800000107288362
v 0.06408587843179703 -0.03700000047683716 0.12800000107288362
v 0.06836708635091782 -0.028318574652075768 0.12800000107288362
v 0.07147850841283798 -0.019152609631419182 0.12800000107288362
v 0.0733669176697731 -0.009658938273787498 0.12800000107288362
v 0.07400000095367432 -1.347111500620557e-18 0.12800000107288362
v 0.0733669176697731 0.009658938273787498 0.12800000107288362
v 0.07147850841283798 0.019152609631419182 0.12800000107288362
v 0.06836708635091782 0.028318574652075768 0.12800000107288362
v 0.06408587843179703 0.03700000047683716 0.12800000107288362
v 0.05870814621448517 0.045048344880342484 0.12800000107288362
v 0.05232590064406395 0.05232590064406395 0.12800000107288362
v 0.045048344880342484 0.05870814621448517 0.12800000107288362
v 0.03700000047683716 0.06408587843179703 0.12800000107288362
v 0.028318574652075768 0.06836708635091782 0.12800000107288362
v 0.019152609631419182 0.07147850841283798 0.12800000107288362
v 0.009658938273787498 0.0733669176697731 0.12800000107288362
v 9.06238647751967e-18 0.07400000095367432 0.12800000107288362
v -0.009658938273787498 0.0733669176697731 0.12800000107288362
v -0.019152609631419182 0.07147850841283798 0.12800000107288362
v -0.028318574652075768 0.06836708635091782 0.12800000107288362
v -0.03700000047683716 0.06408587843179703 0.12800000107288362
v -0.045048344880342484 0.05870814621448517 0.12800000107288362
v -0.05232590064406395 0.05232590064406395 0.12800000107288362
v -0.05870814621448517 0.045048344880342484 0.12800000107288362
v -0.06408587843179703 0.03700000047683716 0.12800000107288362
v -0.06836708635091782 0.028318574652075768 0.12800000107288362
v -0.07147850841283798 0.019152609631419182 0.12800000107288362
v -0.0733669176697731 0.009658938273787498 0.12800000107288362
v -0.07400000095367432 1.6777661351021208e-17 0.12800000107288362
v -0.0733669176697731 -0.009658938273787498 0.12800000107288362
v -0.07147850841283798 -0.019152609631419182 0.12800000107288362
v -0.06836708635091782 -0.028318574652075768 0.12800000107288362
v -0.06408587843179703 -0.03700000047683716 0.12800000107288362
v -0.05870814621448517 -0.045048344880342484 0.12800000107288362
v -0.05232590064406395 -0.05232590064406395 0.12800000107288362
v -0.045048344880342484 -0.05870814621448517 0.12800000107288362
v -0.03700000047683716 -0.06408587843179703 0.12800000107288362
v -0.028318574652075768 -0.06836708635091782 0.12800000107288362
v -0.019152609631419182 -0.07147850841283798 0.12800000107288362
v -0.009658938273787498 -0.0733669176697731 0.12800000107288362
v -1.812477295503934e-17 -0.07400000095367432 0.12800000107288362
v 0 -0.07400000095367432 0.023999998927116392
v 0.009658938273787498 -0.0733669176697731 0.023999998927116392
v 0.019152609631419182 -0.07147850841283798 0.023999998927116392
v 0.028318574652075768 -0.06836708635091782 0.023999998927116392
v 0.03700000047683716 -0.06408587843179703 0.023999998927116392
v 0.045048344880342484 -0.05870814621448517 0.023999998927116392
v 0.05232590064406395 -0.05232590064406395 0.023999998927116392
v 0.05870814621448517 -0.045048344880342484 0.023999998927116392
v 0.06408587843179703 -0.03700000047683716 0.023999998927116392
v 0.06836708635091782 -0.028318574652075768 0.023999998927116392
v 0.07147850841283798 -0.019152609631419182 0.023999998927116392
v 0.0733669176697731 -0.009658938273787498 0.023999998927116392
v 0.07400000095367432 -7.715274873501537e-18 0.023999998927116392
v 0.0733669176697731 0.009658938273787498 0.023999998927116392
v 0.07147850841283798 0.019152609631419182 0.023999998927116392
v 0.06836708635091782 0.028318574652075768 0.023999998927116392
v 0.06408587843179703 0.03700000047683716 0.023999998927116392
v 0.05870814621448517 0.045048344880342484 0.023999998927116392
v 0.05232590064406395 0.05232590064406395 0.023999998927116392
v 0.045048344880342484 0.05870814621448517 0.023999998927116392
v 0.03700000047683716 0.06408587843179703 0.023999998927116392
v 0.028318574652075768 0.06836708635091782 0.023999998927116392
v 0.019152609631419182 0.07147850841283798 0.023999998927116392
v 0.009658938273787498 0.0733669176697731 0.023999998927116392
v 9.06238647751967e-18 0.07400000095367432 0.023999998927116392
v -0.009658938273787498 0.0733669176697731 0.023999998927116392
v -0.019152609631419182 0.07147850841283798 0.023999998927116392
v -0.028318574652075768 0.06836708635091782 0.023999998927116392
v -0.03700000047683716 0.06408587843179703 0.023999998927116392
v -0.045048344880342484 0.05870814621448517 0.023999998927116392
v -0.05232590064406395 0.05232590064406395 0.023999998927116392
v -0.05870814621448517 0.045048344880342484 0.023999998927116392
v -0.06408587843179703 0.03700000047683716 0.023999998927116392
v -0.06836708635091782 0.028318574652075768 0.023999998927116392
v -0.07147850841283798 0.019152609631419182 0.023999998927116392
v -0.0733669176697731 0.009658938273787498 0.023999998927116392
v -0.07400000095367432 1.0409497254357192e-17 0.023999998927116392
v -0.0733669176697731 -0.009658938273787498 0.023999998927116392
v -0.07147850841283798 -0.019152609631419182 0.023999998927116392
v -0.06836708635091782 -0.028318574652075768 0.023999998927116392
v -0.06408587843179703 -0.03700000047683716 0.023999998927116392
v -0.05870814621448517 -0.045048344880342484 0.023999998927116392
v -0.05232590064406395 -0.05232590064406395 0.023999998927116392
v -0.045048344880342484 -0.05870814621448517 0.023999998927116392
v -0.03700000047683716 -0.06408587843179703 0.023999998927116392
v -0.028318574652075768 -0.06836708635091782 0.023999998927116392
v -0.019152609631419182 -0.07147850841283798 0.023999998927116392
v -0.009658938273787498 -0.0733669176697731 0.023999998927116392
v -1.812477295503934e-17 -0.07400000095367432 0.023999998927116392
v 0 3.1840818415368548e-18 0.12800000107288362
v 0 3.1840818415368548e-18 0.12800000107288362
v 0 3.1840818415368548e-18 0.12800000107288362
v 0 3.1840818415368548e-18 0.12800000107288362
v 0 3.1840818415368548e-18 0.12800000107288362
v 0 3.1840818415368548e-18 0.12800000107288362
v 0 3.1840818415368548e-18 0.12800000107288362
v 0 3.1840818415368548e-18 0.12800000107288362
v 0 3.1840818415368548e-18 0.12800000107288362
v 0 3.1840818415368548e-18 0.12800000107288362
v 0 3.1840818415368548e-18 0.12800000107288362
v 0 3.1840818415368548e-18 0.12800000107288362
v 0 3.1840818415368548e-18 0.12800000107288362
v 0 3.1840818415368548e-18 0.12800000107288362
v 0 3.1840818415368548e-18 0.12800000107288362
v 0 3.1840818415368548e-18 0.12800000107288362
v 0 3.1840818415368548e-18 0.12800000107288362
v 0 3.1840818415368548e-18 0.12800000107288362
v 0 3.1840818415368548e-18 0.12800000107288362
v 0 3.1840818415368548e-18 0.12800000107288362
v 0 3.1840818415368548e-18 0.12800000107288362
v 0 3.1840818415368548e-18 0.12800000107288362
v 0 3.1840818415368548e-18 0.12800000107288362
v 0 3.1840818415368548e-18 0.12800000107288362
v 0 3.1840818415368548e-18 0.12800000107288362
v 0 3.1840818415368548e-18 0.12800000107288362
v 0 3.1840818415368548e-18 0.12800000107288362
v 0 3.1840818415368548e-18 0.12800000107288362
v 0 3.1840818415368548e-18 0.12800000107288362
v 0 3.1840818415368548e-18 0.12800000107288362
v 0 3.1840818415368548e-18 0.12800000107288362
v 0 3.1840818415368548e-18 0.12800000107288362
v 0 3.1840818415368548e-18 0.12800000107288362
v 0 3.1840818415368548e-18 0.12800000107288362
v 0 3.1840818415368548e-18 0.12800000107288362
v 0 3.1840818415368548e-18 0.12800000107288362
v 0 3.1840818415368548e-18 0.12800000107288362
v 0 3.1840818415368548e-18 0.12800000107288362
v 0 3.1840818415368548e-18 0.12800000107288362
v 0 3.1840818415368548e-18 0.12800000107288362
v 0 3.1840818415368548e-18 0.12800000107288362
v 0 3.1840818415368548e-18 0.12800000107288362
v 0 3.1840818415368548e-18 0.12800000107288362
v 0 3.1840818415368548e-18 0.12800000107288362
v 0 3.1840818415368548e-18 0.12800000107288362
v 0 3.1840818415368548e-18 0.12800000107288362
v 0 3.1840818415368548e-18 0.12800000107288362
v 0 3.1840818415368548e-18 0.12800000107288362
v 0 -0.07400000095367432 0.12800000107288362
v 0.009658938273787498 -0.0733669176697731 0.12800000107288362
v 0.019152609631419182 -0.07147850841283798 0.12800000107288362
v 0.028318574652075768 -0.06836708635091782 0.12800000107288362
v 0.03700000047683716 -0.06408587843179703 0.12800000107288362
v 0.045048344880342484 -0.05870814621448517 0.12800000107288362
v 0.05232590064406395 -0.05232590064406395 0.12800000107288362
v 0.05870814621448517 -0.045048344880342484 0.12800000107288362
v 0.06408587843179703 -0.03700000047683716 0.12800000107288362
v 0.06836708635091782 -0.028318574652075768 0.12800000107288362
v 0.07147850841283798 -0.019152609631419182 0.12800000107288362
v 0.0733669176697731 -0.009658938273787498 0.12800000107288362
v 0.07400000095367432 -1.347111500620557e-18 0.12800000107288362
v 0.0733669176697731 0.009658938273787498 0.12800000107288362
v 0.07147850841283798 0.019152609631419182 0.12800000107288362
v 0.06836708635091782 0.028318574652075768 0.12800000107288362
v 0.06408587843179703 0.03700000047683716 0.12800000107288362
v 0.05870814621448517 0.045048344880342484 0.12800000107288362
v 0.05232590064406395 0.05232590064406395 0.12800000107288362
v 0.045048344880342484 0.05870814621448517 0.12800000107288362
v 0.03700000047683716 0.06408587843179703 0.12800000107288362
v 0.028318574652075768 0.06836708635091782 0.12800000107288362
v 0.019152609631419182 0.07147850841283798 0.12800000107288362
v 0.009658938273787498 0.0733669176697731 0.12800000107288362
v 9.06238647751967e-18 0.07400000095367432 0.12800000107288362
v -0.009658938273787498 0.0733669176697731 0.12800000107288362
v -0.019152609631419182 0.07147850841283798 0.12800000107288362
v -0.028318574652075768 0.06836708635091782 0.12800000107288362
v -0.03700000047683716 0.06408587843179703 0.12800000107288362
v -0.045048344880342484 0.05870814621448517 0.12800000107288362
v -0.05232590064406395 0.05232590064406395 0.12800000107288362
v -0.05870814621448517 0.045048344880342484 0.12800000107288362
v -0.06408587843179703 0.03700000047683716 0.12800000107288362
v -0.06836708635091782 0.028318574652075768 0.12800000107288362
v -0.07147850841283798 0.019152609631419182 0.12800000107288362
v -0.0733669176697731 0.009658938273787498 0.12800000107288362
v -0.07400000095367432 1.6777661351021208e-17 0.12800000107288362
v -0.0733669176697731 -0.009658938273787498 0.12800000107288362
v -0.07147850841283798 -0.019152609631419182 0.12800000107288362
v -0.06836708635091782 -0.028318574652075768 0.12800000107288362
v -0.06408587843179703 -0.03700000047683716 0.12800000107288362
v -0.05870814621448517 -0.045048344880342484 0.12800000107288362
v -0.05232590064406395 -0.05232590064406395 0.12800000107288362
v -0.045048344880342484 -0.05870814621448517 0.12800000107288362
v -0.03700000047683716 -0.06408587843179703 0.12800000107288362
v -0.028318574652075768 -0.06836708635091782 0.12800000107288362
v -0.019152609631419182 -0.07147850841283798 0.12800000107288362
v -0.009658938273787498 -0.0733669176697731 0.12800000107288362
v -1.812477295503934e-17 -0.07400000095367432 0.12800000107288362
v 0 -3.1840818415368548e-18 0.023999998927116392
v 0 -3.1840818415368548e-18 0.023999998927116392
v 0 -3.1840818415368548e-18 0.023999998927116392
v 0 -3.1840818415368548e-18 0.023999998927116392
v 0 -3.1840818415368548e-18 0.023999998927116392
v 0 -3.1840818415368548e-18 0.023999998927116392
v 0 -3.1840818415368548e-18 0.023999998927116392
v 0 -3.1840818415368548e-18 0.023999998927116392
v 0 -3.1840818415368548e-18 0.023999998927116392
v 0 -3.1840818415368548e-18 0.023999998927116392
v 0 -3.1840818415368548e-18 0.023999998927116392
v 0 -3.1840818415368548e-18 0.023999998927116392
v 0 -3.1840818415368548e-18 0.023999998927116392
v 0 -3.1840818415368548e-18 0.023999998927116392
v 0 -3.1840818415368548e-18 0.023999998927116392
v 0 -3.1840818415368548e-18 0.023999998927116392
v 0 -3.1840818415368548e-18 0.023999998927116392
v 0 -3.1840818415368548e-18 0.023999998927116392
v 0 -3.1840818415368548e-18 0.023999998927116392
v 0 -3.1840818415368548e-18 0.023999998927116392
v 0 -3.1840818415368548e-18 0.023999998927116392
v 0 -3.1840818415368548e-18 0.023999998927116392
v 0 -3.1840818415368548e-18 0.023999998927116392
v 0 -3.1840818415368548e-18 0.023999998927116392
v 0 -3.1840818415368548e-18 0.023999998927116392
v 0 -3.1840818415368548e-18 0.023999998927116392
v 0 -3.1840818415368548e-18 0.023999998927116392
v 0 -3.1840818415368548e-18 0.023999998927116392
v 0 -3.1840818415368548e-18 0.023999998927116392
v 0 -3.1840818415368548e-18 0.023999998927116392
v 0 -3.1840818415368548e-18 0.023999998927116392
v 0 -3.1840818415368548e-18 0.023999998927116392
v 0 -3.1840818415368548e-18 0.023999998927116392
v 0 -3.1840818415368548e-18 0.023999998927116392
v 0 -3.1840818415368548e-18 0.023999998927116392
v 0 -3.1840818415368548e-18 0.023999998927116392
v 0 -3.1840818415368548e-18 0.023999998927116392
v 0 -3.1840818415368548e-18 0.023999998927116392
v 0 -3.1840818415368548e-18 0.023999998927116392
v 0 -3.1840818415368548e-18 0.023999998927116392
v 0 -3.1840818415368548e-18 0.023999998927116392
v 0 -3.1840818415368548e-18 0.023999998927116392
v 0 -3.1840818415368548e-18 0.023999998927116392
v 0 -3.1840818415368548e-18 0.023999998927116392
v 0 -3.1840818415368548e-18 0.023999998927116392
v 0 -3.1840818415368548e-18 0.023999998927116392
v 0 -3.1840818415368548e-18 0.023999998927116392
v 0 -3.1840818415368548e-18 0.023999998927116392
v 0 -0.07400000095367432 0.023999998927116392
v 0.009658938273787498 -0.0733669176697731 0.023999998927116392
v 0.019152609631419182 -0.07147850841283798 0.023999998927116392
v 0.028318574652075768 -0.06836708635091782 0.023999998927116392
v 0.03700000047683716 -0.06408587843179703 0.023999998927116392
v 0.045048344880342484 -0.05870814621448517 0.023999998927116392
v 0.05232590064406395 -0.05232590064406395 0.023999998927116392
v 0.05870814621448517 -0.045048344880342484 0.023999998927116392
v 0.06408587843179703 -0.03700000047683716 0.023999998927116392
v 0.06836708635091782 -0.028318574652075768 0.023999998927116392
v 0.07147850841283798 -0.019152609631419182 0.023999998927116392
v 0.0733669176697731 -0.009658938273787498 0.023999998927116392
v 0.07400000095367432 -7.715274873501537e-18 0.023999998927116392
v 0.0733669176697731 0.009658938273787498 0.023999998927116392
v 0.07147850841283798 0.019152609631419182 0.023999998927116392
v 0.06836708635091782 0.028318574652075768 0.023999998927116392
v 0.06408587843179703 0.03700000047683716 0.023999998927116392
v 0.05870814621448517 0.045048344880342484 0.023999998927116392
v 0.05232590064406395 0.05232590064406395 0.023999998927116392
v 0.045048344880342484 0.05870814621448517 0.023999998927116392
v 0.03700000047683716 0.06408587843179703 0.023999998927116392
v 0.028318574652075768 0.06836708635091782 0.023999998927116392
v 0.019152609631419182 0.07147850841283798 0.023999998927116392
v 0.009658938273787498 0.0733669176697731 0.023999998927116392
v 9.06238647751967e-18 0.07400000095367432 0.023999998927116392
v -0.009658938273787498 0.0733669176697731 0.023999998927116392
v -0.019152609631419182 0.07147850841283798 0.023999998927116392
v -0.028318574652075768 0.06836708635091782 0.023999998927116392
v -0.03700000047683716 0.06408587843179703 0.023999998927116392
v -0.045048344880342484 0.05870814621448517 0.023999998927116392
v -0.05232590064406395 0.05232590064406395 0.023999998927116392
v -0.05870814621448517 0.045048344880342484 0.023999998927116392
v -0.06408587843179703 0.03700000047683716 0.023999998927116392
v -0.06836708635091782 0.028318574652075768 0.023999998927116392
v -0.07147850841283798 0.019152609631419182 0.023999998927116392
v -0.0733669176697731 0.009658938273787498 0.023999998927116392
v -0.07400000095367432 1.0409497254357192e-17 0.023999998927116392
v -0.0733669176697731 -0.009658938273787498 0.023999998927116392
v -0.07147850841283798 -0.019152609631419182 0.023999998927116392
v -0.06836708635091782 -0.028318574652075768 0.023999998927116392
v -0.06408587843179703 -0.03700000047683716 0.023999998927116392
v -0.05870814621448517 -0.045048344880342484 0.023999998927116392
v -0.05232590064406395 -0.05232590064406395 0.023999998927116392
v -0.045048344880342484 -0.05870814621448517 0.023999998927116392
v -0.03700000047683716 -0.06408587843179703 0.023999998927116392
v -0.028318574652075768 -0.06836708635091782 0.023999998927116392
v -0.019152609631419182 -0.07147850841283798 0.023999998927116392
v -0.009658938273787498 -0.0733669176697731 0.023999998927116392
v -1.812477295503934e-17 -0.07400000095367432 0.023999998927116392
vt 0 1
vt 0.02083333395421505 1
vt 0.0416666679084301 1
vt 0.0625 1
vt 0.0833333358168602 1
vt 0.1041666641831398 1
vt 0.125 1
vt 0.1458333283662796 1
vt 0.1666666716337204 1
vt 0.1875 1
vt 0.2083333283662796 1
vt 0.2291666716337204 1
vt 0.25 1
vt 0.2708333432674408 1
vt 0.2916666567325592 1
vt 0.3125 1
vt 0.3333333432674408 1
vt 0.3541666567325592 1
vt 0.375 1
vt 0.3958333432674408 1
vt 0.4166666567325592 1
vt 0.4375 1
vt 0.4583333432674408 1
vt 0.4791666567325592 1
vt 0.5 1
vt 0.5208333134651184 1
vt 0.5416666865348816 1
vt 0.5625 1
vt 0.5833333134651184 1
vt 0.6041666865348816 1
vt 0.625 1
vt 0.6458333134651184 1
vt 0.6666666865348816 1
vt 0.6875 1
vt 0.7083333134651184 1
vt 0.7291666865348816 1
vt 0.75 1
vt 0.7708333134651184 1
vt 0.7916666865348816 1
vt 0.8125 1
vt 0.8333333134651184 1
vt 0.8541666865348816 1
vt 0.875 1
vt 0.8958333134651184 1
vt 0.9166666865348816 1
vt 0.9375 1
vt 0.9583333134651184 1
vt 0.9791666865348816 1
vt 1 1
vt 0 0
vt 0.02083333395421505 0
vt 0.0416666679084301 0
vt 0.0625 0
vt 0.0833333358168602 0
vt 0.1041666641831398 0
vt 0.125 0
vt 0.1458333283662796 0
vt 0.1666666716337204 0
vt 0.1875 0
vt 0.2083333283662796 0
vt 0.2291666716337204 0
vt 0.25 0
vt 0.2708333432674408 0
vt 0.2916666567325592 0
vt 0.3125 0
vt 0.3333333432674408 0
vt 0.3541666567325592 0
vt 0.375 0
vt 0.3958333432674408 0
vt 0.4166666567325592 0
vt 0.4375 0
vt 0.4583333432674408 0
vt 0.4791666567325592 0
vt 0.5 0
vt 0.5208333134651184 0
vt 0.5416666865348816 0
vt 0.5625 0
vt 0.5833333134651184 0
vt 0.6041666865348816 0
vt 0.625 0
vt 0.6458333134651184 0
vt 0.6666666865348816 0
vt 0.6875 0
vt 0.7083333134651184 0
vt 0.7291666865348816 0
vt 0.75 0
vt 0.7708333134651184 0
vt 0.7916666865348816 0
vt 0.8125 0
vt 0.8333333134651184 0
vt 0.8541666865348816 0
vt 0.875 0
vt 0.8958333134651184 0
vt 0.9166666865348816 0
vt 0.9375 0
vt 0.9583333134651184 0
vt 0.9791666865348816 0
vt 1 0
vt 0.5 0.5
vt 0.5 0.5
vt 0.5 0.5
vt 0.5 0.5
vt 0.5 0.5
vt 0.5 0.5
vt 0.5 0.5
vt 0.5 0.5
vt 0.5 0.5
vt 0.5 0.5
vt 0.5 0.5
vt 0.5 0.5
vt 0.5 0.5
vt 0.5 0.5
vt 0.5 0.5
vt 0.5 0.5
vt 0.5 0.5
vt 0.5 0.5
vt 0.5 0.5
vt 0.5 0.5
vt 0.5 0.5
vt 0.5 0.5
vt 0.5 0.5
vt 0.5 0.5
vt 0.5 0.5
vt 0.5 0.5
vt 0.5 0.5
vt 0.5 0.5
vt 0.5 0.5
vt 0.5 0.5
vt 0.5 0.5
vt 0.5 0.5
vt 0.5 0.5
vt 0.5 0.5
vt 0.5 0.5
vt 0.5 0.5
vt 0.5 0.5
vt 0.5 0.5
vt 0.5 0.5
vt 0.5 0.5
vt 0.5 0.5
vt 0.5 0.5
vt 0.5 0.5
vt 0.5 0.5
vt 0.5 0.5
vt 0.5 0.5
vt 0.5 0.5
vt 0.5 0.5
vt 1 0.5
vt 0.9957224130630493 0.5652630925178528
vt 0.9829629063606262 0.6294095516204834
vt 0.9619397521018982 0.6913416981697083
vt 0.9330127239227295 0.75
vt 0.8966766595840454 0.8043807148933411
vt 0.8535534143447876 0.8535534143447876
vt 0.8043807148933411 0.8966766595840454
vt 0.75 0.9330127239227295
vt 0.6913416981697083 0.9619397521018982
vt 0.6294095516204834 0.9829629063606262
vt 0.5652630925178528 0.9957224130630493
vt 0.5 1
vt 0.4347369074821472 0.9957224130630493
vt 0.370590478181839 0.9829629063606262
vt 0.30865827202796936 0.9619397521018982
vt 0.25 0.9330127239227295
vt 0.19561928510665894 0.8966766595840454
vt 0.1464466154575348 0.8535534143447876
vt 0.10332333296537399 0.8043807148933411
vt 0.0669872984290123 0.75
vt 0.03806023299694061 0.6913416981697083
vt 0.017037086188793182 0.6294095516204834
vt 0.004277569241821766 0.5652630925178528
vt 0 0.5
vt 0.004277569241821766 0.4347369074821472
vt 0.017037086188793182 0.370590478181839
vt 0.03806023299694061 0.30865827202796936
vt 0.0669872984290123 0.25
vt 0.10332333296537399 0.19561928510665894
vt 0.1464466154575348 0.1464466154575348
vt 0.19561928510665894 0.10332333296537399
vt 0.25 0.0669872984290123
vt 0.30865827202796936 0.03806023299694061
vt 0.370590478181839 0.017037086188793182
vt 0.4347369074821472 0.004277569241821766
vt 0.5 0
vt 0.5652630925178528 0.004277569241821766
vt 0.6294095516204834 0.017037086188793182
vt 0.6913416981697083 0.03806023299694061
vt 0.75 0.0669872984290123
vt 0.8043807148933411 0.10332333296537399
vt 0.8535534143447876 0.1464466154575348
vt 0.8966766595840454 0.19561928510665894
vt 0.9330127239227295 0.25
vt 0.9619397521018982 0.30865827202796936
vt 0.9829629063606262 0.370590478181839
vt 0.9957224130630493 0.4347369074821472
vt 1 0.5
vt 0.5 0.5
vt 0.5 0.5
vt 0.5 0.5
vt 0.5 0.5
vt 0.5 0.5
vt 0.5 0.5
vt 0.5 0.5
vt 0.5 0.5
vt 0.5 0.5
vt 0.5 0.5
vt 0.5 0.5
vt 0.5 0.5
vt 0.5 0.5
vt 0.5 0.5
vt 0.5 0.5
vt 0.5 0.5
vt 0.5 0.5
vt 0.5 0.5
vt 0.5 0.5
vt 0.5 0.5
vt 0.5 0.5
vt 0.5 0.5
vt 0.5 0.5
vt 0.5 0.5
vt 0.5 0.5
vt 0.5 0.5
vt 0.5 0.5
vt 0.5 0.5
vt 0.5 0.5
vt 0.5 0.5
vt 0.5 0.5
vt 0.5 0.5
vt 0.5 0.5
vt 0.5 0.5
vt 0.5 0.5
vt 0.5 0.5
vt 0.5 0.5
vt 0.5 0.5
vt 0.5 0.5
vt 0.5 0.5
vt 0.5 0.5
vt 0.5 0.5
vt 0.5 0.5
vt 0.5 0.5
vt 0.5 0.5
vt 0.5 0.5
vt 0.5 0.5
vt 0.5 0.5
vt 1 0.5
vt 0.9957224130630493 0.4347369074821472
vt 0.9829629063606262 0.370590478181839
vt 0.9619397521018982 0.30865827202796936
vt 0.9330127239227295 0.25
vt 0.8966766595840454 0.19561928510665894
vt 0.8535534143447876 0.1464466154575348
vt 0.8043807148933411 0.10332333296537399
vt 0.75 0.0669872984290123
vt 0.6913416981697083 0.03806023299694061
vt 0.6294095516204834 0.017037086188793182
vt 0.5652630925178528 0.004277569241821766
vt 0.5 0
vt 0.4347369074821472 0.004277569241821766
vt 0.370590478181839 0.017037086188793182
vt 0.30865827202796936 0.03806023299694061
vt 0.25 0.0669872984290123
vt 0.19561928510665894 0.10332333296537399
vt 0.1464466154575348 0.1464466154575348
vt 0.10332333296537399 0.19561928510665894
vt 0.0669872984290123 0.25
vt 0.03806023299694061 0.30865827202796936
vt 0.017037086188793182 0.370590478181839
vt 0.004277569241821766 0.4347369074821472
vt 0 0.5
vt 0.004277569241821766 0.5652630925178528
vt 0.017037086188793182 0.6294095516204834
vt 0.03806023299694061 0.6913416981697083
vt 0.0669872984290123 0.75
vt 0.10332333296537399 0.8043807148933411
vt 0.1464466154575348 0.8535534143447876
vt 0.19561928510665894 0.8966766595840454
vt 0.25 0.9330127239227295
vt 0.30865827202796936 0.9619397521018982
vt 0.370590478181839 0.9829629063606262
vt 0.4347369074821472 0.9957224130630493
vt 0.5 1
vt 0.5652630925178528 0.9957224130630493
vt 0.6294095516204834 0.9829629063606262
vt 0.6913416981697083 0.9619397521018982
vt 0.75 0.9330127239227295
vt 0.8043807148933411 0.8966766595840454
vt 0.8535534143447876 0.8535534143447876
vt 0.8966766595840454 0.8043807148933411
vt 0.9330127239227295 0.75
vt 0.9619397521018982 0.6913416981697083
vt 0.9829629063606262 0.6294095516204834
vt 0.9957224130630493 0.5652630925178528
vt 1 0.5
vn 0 -1 6.123234262925839e-17
vn 0.13052618200608704 -0.9914448627185043 6.070848442951297e-17
vn 0.2588190471264927 -0.9659258257467466 5.914589613696059e-17
vn 0.3826834370613369 -0.9238795305660377 5.657130722319695e-17
vn 0.5000000067305869 -0.8660253998985324 5.302876307448087e-17
vn 0.6087614397000725 -0.7933533320874723 4.85788821807799e-17
vn 0.7071067811865476 -0.7071067811865476 4.329780375814312e-17
vn 0.7933533320874723 -0.6087614397000725 3.7275889060097443e-17
vn 0.8660253998985324 -0.5000000067305869 3.06161717267588e-17
vn 0.9238795305660377 -0.3826834370613369 2.3432603017245014e-17
vn 0.9659258257467466 -0.2588190471264927 1.5848095844680132e-17
vn 0.9914448627185043 -0.13052618200608704 7.992423206588031e-18
vn 1 -6.123234262925839e-17 3.74939976039497e-33
vn 0.9914448627185043 0.13052618200608704 -7.992423206588031e-18
vn 0.9659258257467466 0.2588190471264927 -1.5848095844680132e-17
vn 0.9238795305660377 0.3826834370613369 -2.3432603017245014e-17
vn 0.8660253998985324 0.5000000067305869 -3.06161717267588e-17
vn 0.7933533320874723 0.6087614397000725 -3.7275889060097443e-17
vn 0.7071067811865476 0.7071067811865476 -4.329780375814312e-17
vn 0.6087614397000725 0.7933533320874723 -4.85788821807799e-17
vn 0.5000000067305869 0.8660253998985324 -5.302876307448087e-17
vn 0.3826834370613369 0.9238795305660377 -5.657130722319695e-17
vn 0.2588190471264927 0.9659258257467466 -5.914589613696059e-17
vn 0.13052618200608704 0.9914448627185043 -6.070848442951297e-17
vn 1.2246468525851679e-16 1 -6.123234262925839e-17
vn -0.13052618200608704 0.9914448627185043 -6.070848442951297e-17
vn -0.2588190471264927 0.9659258257467466 -5.914589613696059e-17
vn -0.3826834370613369 0.9238795305660377 -5.657130722319695e-17
vn -0.5000000067305869 0.8660253998985324 -5.302876307448087e-17
vn -0.6087614397000725 0.7933533320874723 -4.85788821807799e-17
vn -0.7071067811865476 0.7071067811865476 -4.329780375814312e-17
vn -0.7933533320874723 0.6087614397000725 -3.7275889060097443e-17
vn -0.8660253998985324 0.5000000067305869 -3.06161717267588e-17
vn -0.9238795305660377 0.3826834370613369 -2.3432603017245014e-17
vn -0.9659258257467466 0.2588190471264927 -1.5848095844680132e-17
vn -0.9914448627185043 0.13052618200608704 -7.992423206588031e-18
vn -1 1.8369701465288538e-16 -1.1248198179158957e-32
vn -0.9914448627185043 -0.13052618200608704 7.992423206588031e-18
vn -0.9659258257467466 -0.2588190471264927 1.5848095844680132e-17
vn -0.9238795305660377 -0.3826834370613369 2.3432603017245014e-17
vn -0.8660253998985324 -0.5000000067305869 3.06161717267588e-17
vn -0.7933533320874723 -0.6087614397000725 3.7275889060097443e-17
vn -0.7071067811865476 -0.7071067811865476 4.329780375814312e-17
vn -0.6087614397000725 -0.7933533320874723 4.85788821807799e-17
vn -0.5000000067305869 -0.8660253998985324 5.302876307448087e-17
vn -0.3826834370613369 -0.9238795305660377 5.657130722319695e-17
vn -0.2588190471264927 -0.9659258257467466 5.914589613696059e-17
vn -0.13052618200608704 -0.9914448627185043 6.070848442951297e-17
vn -2.4492937051703357e-16 -1 6.123234262925839e-17
vn 0 -1 6.123234262925839e-17
vn 0.13052618200608704 -0.9914448627185043 6.070848442951297e-17
vn 0.2588190471264927 -0.9659258257467466 5.914589613696059e-17
vn 0.3826834370613369 -0.9238795305660377 5.657130722319695e-17
vn 0.5000000067305869 -0.8660253998985324 5.302876307448087e-17
vn 0.6087614397000725 -0.7933533320874723 4.85788821807799e-17
vn 0.7071067811865476 -0.7071067811865476 4.329780375814312e-17
vn 0.7933533320874723 -0.6087614397000725 3.7275889060097443e-17
vn 0.8660253998985324 -0.5000000067305869 3.06161717267588e-17
vn 0.9238795305660377 -0.3826834370613369 2.3432603017245014e-17
vn 0.9659258257467466 -0.2588190471264927 1.5848095844680132e-17
vn 0.9914448627185043 -0.13052618200608704 7.992423206588031e-18
vn 1 -6.123234262925839e-17 3.74939976039497e-33
vn 0.9914448627185043 0.13052618200608704 -7.992423206588031e-18
vn 0.9659258257467466 0.2588190471264927 -1.5848095844680132e-17
vn 0.9238795305660377 0.3826834370613369 -2.3432603017245014e-17
vn 0.8660253998985324 0.5000000067305869 -3.06161717267588e-17
vn 0.7933533320874723 0.6087614397000725 -3.7275889060097443e-17
vn 0.7071067811865476 0.7071067811865476 -4.329780375814312e-17
vn 0.6087614397000725 0.7933533320874723 -4.85788821807799e-17
vn 0.5000000067305869 0.8660253998985324 -5.302876307448087e-17
vn 0.3826834370613369 0.9238795305660377 -5.657130722319695e-17
vn 0.2588190471264927 0.9659258257467466 -5.914589613696059e-17
vn 0.13052618200608704 0.9914448627185043 -6.070848442951297e-17
vn 1.2246468525851679e-16 1 -6.123234262925839e-17
vn -0.13052618200608704 0.9914448627185043 -6.070848442951297e-17
vn -0.2588190471264927 0.9659258257467466 -5.914589613696059e-17
vn -0.3826834370613369 0.9238795305660377 -5.657130722319695e-17
vn -0.5000000067305869 0.8660253998985324 -5.302876307448087e-17
vn -0.6087614397000725 0.7933533320874723 -4.85788821807799e-17
vn -0.7071067811865476 0.7071067811865476 -4.329780375814312e-17
vn -0.7933533320874723 0.6087614397000725 -3.7275889060097443e-17
vn -0.8660253998985324 0.5000000067305869 -3.06161717267588e-17
vn -0.9238795305660377 0.3826834370613369 -2.3432603017245014e-17
vn -0.9659258257467466 0.2588190471264927 -1.5848095844680132e-17
vn -0.9914448627185043 0.13052618200608704 -7.992423206588031e-18
vn -1 1.8369701465288538e-16 -1.1248198179158957e-32
vn -0.9914448627185043 -0.13052618200608704 7.992423206588031e-18
vn -0.9659258257467466 -0.2588190471264927 1.5848095844680132e-17
vn -0.9238795305660377 -0.3826834370613369 2.3432603017245014e-17
vn -0.8660253998985324 -0.5000000067305869 3.06161717267588e-17
vn -0.7933533320874723 -0.6087614397000725 3.7275889060097443e-17
vn -0.7071067811865476 -0.7071067811865476 4.329780375814312e-17
vn -0.6087614397000725 -0.7933533320874723 4.85788821807799e-17
vn -0.5000000067305869 -0.8660253998985324 5.302876307448087e-17
vn -0.3826834370613369 -0.9238795305660377 5.657130722319695e-17
vn -0.2588190471264927 -0.9659258257467466 5.914589613696059e-17
vn -0.13052618200608704 -0.9914448627185043 6.070848442951297e-17
vn -2.4492937051703357e-16 -1 6.123234262925839e-17
vn 0 6.123234262925839e-17 1
vn 0 6.123234262925839e-17 1
vn 0 6.123234262925839e-17 1
vn 0 6.123234262925839e-17 1
vn 0 6.123234262925839e-17 1
vn 0 6.123234262925839e-17 1
vn 0 6.123234262925839e-17 1
vn 0 6.123234262925839e-17 1
vn 0 6.123234262925839e-17 1
vn 0 6.123234262925839e-17 1
vn 0 6.123234262925839e-17 1
vn 0 6.123234262925839e-17 1
vn 0 6.123234262925839e-17 1
vn 0 6.123234262925839e-17 1
vn 0 6.123234262925839e-17 1
vn 0 6.123234262925839e-17 1
vn 0 6.123234262925839e-17 1
vn 0 6.123234262925839e-17 1
vn 0 6.123234262925839e-17 1
vn 0 6.123234262925839e-17 1
vn 0 6.123234262925839e-17 1
vn 0 6.123234262925839e-17 1
vn 0 6.123234262925839e-17 1
vn 0 6.123234262925839e-17 1
vn 0 6.123234262925839e-17 1
vn 0 6.123234262925839e-17 1
vn 0 6.123234262925839e-17 1
vn 0 6.123234262925839e-17 1
vn 0 6.123234262925839e-17 1
vn 0 6.123234262925839e-17 1
vn 0 6.123234262925839e-17 1
vn 0 6.123234262925839e-17 1
vn 0 6.123234262925839e-17 1
vn 0 6.123234262925839e-17 1
vn 0 6.123234262925839e-17 1
vn 0 6.123234262925839e-17 1
vn 0 6.123234262925839e-17 1
vn 0 6.123234262925839e-17 1
vn 0 6.123234262925839e-17 1
vn 0 6.123234262925839e-17 1
vn 0 6.123234262925839e-17 1
vn 0 6.123234262925839e-17 1
vn 0 6.123234262925839e-17 1
vn 0 6.123234262925839e-17 1
vn 0 6.123234262925839e-17 1
vn 0 6.123234262925839e-17 1
vn 0 6.123234262925839e-17 1
vn 0 6.123234262925839e-17 1
vn 0 6.123234262925839e-17 1
vn 0 6.123234262925839e-17 1
vn 0 6.123234262925839e-17 1
vn 0 6.123234262925839e-17 1
vn 0 6.123234262925839e-17 1
vn 0 6.123234262925839e-17 1
vn 0 6.123234262925839e-17 1
vn 0 6.123234262925839e-17 1
vn 0 6.123234262925839e-17 1
vn 0 6.123234262925839e-17 1
vn 0 6.123234262925839e-17 1
vn 0 6.123234262925839e-17 1
vn 0 6.123234262925839e-17 1
vn 0 6.123234262925839e-17 1
vn 0 6.123234262925839e-17 1
vn 0 6.123234262925839e-17 1
vn 0 6.123234262925839e-17 1
vn 0 6.123234262925839e-17 1
vn 0 6.123234262925839e-17 1
vn 0 6.123234262925839e-17 1
vn 0 6.123234262925839e-17 1
vn 0 6.123234262925839e-17 1
vn 0 6.123234262925839e-17 1
vn 0 6.123234262925839e-17 1
vn 0 6.123234262925839e-17 1
vn 0 6.123234262925839e-17 1
vn 0 6.123234262925839e-17 1
vn 0 6.123234262925839e-17 1
vn 0 6.123234262925839e-17 1
vn 0 6.123234262925839e-17 1
vn 0 6.123234262925839e-17 1
vn 0 6.123234262925839e-17 1
vn 0 6.123234262925839e-17 1
vn 0 6.123234262925839e-17 1
vn 0 6.123234262925839e-17 1
vn 0 6.123234262925839e-17 1
vn 0 6.123234262925839e-17 1
vn 0 6.123234262925839e-17 1
vn 0 6.123234262925839e-17 1
vn 0 6.123234262925839e-17 1
vn 0 6.123234262925839e-17 1
vn 0 6.123234262925839e-17 1
vn 0 6.123234262925839e-17 1
vn 0 6.123234262925839e-17 1
vn 0 6.123234262925839e-17 1
vn 0 6.123234262925839e-17 1
vn 0 6.123234262925839e-17 1
vn 0 6.123234262925839e-17 1
vn 0 6.123234262925839e-17 1
vn 0 -6.123234262925839e-17 -1
vn 0 -6.123234262925839e-17 -1
vn 0 -6.123234262925839e-17 -1
vn 0 -6.123234262925839e-17 -1
vn 0 -6.123234262925839e-17 -1
vn 0 -6.123234262925839e-17 -1
vn 0 -6.123234262925839e-17 -1
vn 0 -6.123234262925839e-17 -1
vn 0 -6.123234262925839e-17 -1
vn 0 -6.123234262925839e-17 -1
vn 0 -6.123234262925839e-17 -1
vn 0 -6.123234262925839e-17 -1
vn 0 -6.123234262925839e-17 -1
vn 0 -6.123234262925839e-17 -1
vn 0 -6.123234262925839e-17 -1
vn 0 -6.123234262925839e-17 -1
vn 0 -6.123234262925839e-17 -1
vn 0 -6.123234262925839e-17 -1
vn 0 -6.123234262925839e-17 -1
vn 0 -6.123234262925839e-17 -1
vn 0 -6.123234262925839e-17 -1
vn 0 -6.123234262925839e-17 -1
vn 0 -6.123234262925839e-17 -1
vn 0 -6.123234262925839e-17 -1
vn 0 -6.123234262925839e-17 -1
vn 0 -6.123234262925839e-17 -1
vn 0 -6.123234262925839e-17 -1
vn 0 -6.123234262925839e-17 -1
vn 0 -6.123234262925839e-17 -1
vn 0 -6.123234262925839e-17 -1
vn 0 -6.123234262925839e-17 -1
vn 0 -6.123234262925839e-17 -1
vn 0 -6.123234262925839e-17 -1
vn 0 -6.123234262925839e-17 -1
vn 0 -6.123234262925839e-17 -1
vn 0 -6.123234262925839e-17 -1
vn 0 -6.123234262925839e-17 -1
vn 0 -6.123234262925839e-17 -1
vn 0 -6.123234262925839e-17 -1
vn 0 -6.123234262925839e-17 -1
vn 0 -6.123234262925839e-17 -1
vn 0 -6.123234262925839e-17 -1
vn 0 -6.123234262925839e-17 -1
vn 0 -6.123234262925839e-17 -1
vn 0 -6.123234262925839e-17 -1
vn 0 -6.123234262925839e-17 -1
vn 0 -6.123234262925839e-17 -1
vn 0 -6.123234262925839e-17 -1
vn 0 -6.123234262925839e-17 -1
vn 0 -6.123234262925839e-17 -1
vn 0 -6.123234262925839e-17 -1
vn 0 -6.123234262925839e-17 -1
vn 0 -6.123234262925839e-17 -1
vn 0 -6.123234262925839e-17 -1
vn 0 -6.123234262925839e-17 -1
vn 0 -6.123234262925839e-17 -1
vn 0 -6.123234262925839e-17 -1
vn 0 -6.123234262925839e-17 -1
vn 0 -6.123234262925839e-17 -1
vn 0 -6.123234262925839e-17 -1
vn 0 -6.123234262925839e-17 -1
vn 0 -6.123234262925839e-17 -1
vn 0 -6.123234262925839e-17 -1
vn 0 -6.123234262925839e-17 -1
vn 0 -6.123234262925839e-17 -1
vn 0 -6.123234262925839e-17 -1
vn 0 -6.123234262925839e-17 -1
vn 0 -6.123234262925839e-17 -1
vn 0 -6.123234262925839e-17 -1
vn 0 -6.123234262925839e-17 -1
vn 0 -6.123234262925839e-17 -1
vn 0 -6.123234262925839e-17 -1
vn 0 -6.123234262925839e-17 -1
vn 0 -6.123234262925839e-17 -1
vn 0 -6.123234262925839e-17 -1
vn 0 -6.123234262925839e-17 -1
vn 0 -6.123234262925839e-17 -1
vn 0 -6.123234262925839e-17 -1
vn 0 -6.123234262925839e-17 -1
vn 0 -6.123234262925839e-17 -1
vn 0 -6.123234262925839e-17 -1
vn 0 -6.123234262925839e-17 -1
vn 0 -6.123234262925839e-17 -1
vn 0 -6.123234262925839e-17 -1
vn 0 -6.123234262925839e-17 -1
vn 0 -6.123234262925839e-17 -1
vn 0 -6.123234262925839e-17 -1
vn 0 -6.123234262925839e-17 -1
vn 0 -6.123234262925839e-17 -1
vn 0 -6.123234262925839e-17 -1
vn 0 -6.123234262925839e-17 -1
vn 0 -6.123234262925839e-17 -1
vn 0 -6.123234262925839e-17 -1
vn 0 -6.123234262925839e-17 -1
vn 0 -6.123234262925839e-17 -1
vn 0 -6.123234262925839e-17 -1
vn 0 -6.123234262925839e-17 -1
f 293/293/293 342/342/342 294/294/294
f 342/342/342 343/343/343 294/294/294
f 294/294/294 343/343/343 295/295/295
f 343/343/343 344/344/344 295/295/295
f 295/295/295 344/344/344 296/296/296
f 344/344/344 345/345/345 296/296/296
f 296/296/296 345/345/345 297/297/297
f 345/345/345 346/346/346 297/297/297
f 297/297/297 346/346/346 298/298/298
f 346/346/346 347/347/347 298/298/298
f 298/298/298 347/347/347 299/299/299
f 347/347/347 348/348/348 299/299/299
f 299/299/299 348/348/348 300/300/300
f 348/348/348 349/349/349 300/300/300
f 300/300/300 349/349/349 301/301/301
f 349/349/349 350/350/350 301/301/301
f 301/301/301 350/350/350 302/302/302
f 350/350/350 351/351/351 302/302/302
f 302/302/302 351/351/351 303/303/303
f 351/351/351 352/352/352 303/303/303
f 303/303/303 352/352/352 304/304/304
f 352/352/352 353/353/353 304/304/304
f 304/304/304 353/353/353 305/305/305
f 353/353/353 354/354/354 305/305/305
f 305/305/305 354/354/354 306/306/306
f 354/354/354 355/355/355 306/306/306
f 306/306/306 355/355/355 307/307/307
f 355/355/355 356/356/356 307/307/307
f 307/307/307 356/356/356 308/308/308
f 356/356/356 357/357/357 308/308/308
f 308/308/308 357/357/357 309/309/309
f 357/357/357 358/358/358 309/309/309
f 309/309/309 358/358/358 310/310/310
f 358/358/358 359/359/359 310/310/310
f 310/310/310 359/359/359 311/311/311
f 359/359/359 360/360/360 311/311/311
f 311/311/311 360/360/360 312/312/312
f 360/360/360 361/361/361 312/312/312
f 312/312/312 361/361/361 313/313/313
f 361/361/361 362/362/362 313/313/313
f 313/313/313 362/362/362 314/314/314
f 362/362/362 363/363/363 314/314/314
f 314/314/314 363/363/363 315/315/315
f 363/363/363 364/364/364 315/315/315
f 315/315/315 364/364/364 316/316/316
f 364/364/364 365/365/365 316/316/316
f 316/316/316 365/365/365 317/317/317
f 365/365/365 366/366/366 317/317/317
f 317/317/317 366/366/366 318/318/318
f 366/366/366 367/367/367 318/318/318
f 318/318/318 367/367/367 319/319/319
f 367/367/367 368/368/368 319/319/319
f 319/319/319 368/368/368 320/320/320
f 368/368/368 369/369/369 320/320/320
f 320/320/320 369/369/369 321/321/321
f 369/369/369 370/370/370 321/321/321
f 321/321/321 370/370/370 322/322/322
f 370/370/370 371/371/371 322/322/322
f 322/322/322 371/371/371 323/323/323
f 371/371/371 372/372/372 323/323/323
f 323/323/323 372/372/372 324/324/324
f 372/372/372 373/373/373 324/324/324
f 324/324/324 373/373/373 325/325/325
f 373/373/373 374/374/374 325/325/325
f 325/325/325 374/374/374 326/326/326
f 374/374/374 375/375/375 326/326/326
f 326/326/326 375/375/375 327/327/327
f 375/375/375 376/376/376 327/327/327
f 327/327/327 376/376/376 328/328/328
f 376/376/376 377/377/377 328/328/328
f 328/328/328 377/377/377 329/329/329
f 377/377/377 378/378/378 329/329/329
f 329/329/329 378/378/378 330/330/330
f 378/378/378 379/379/379 330/330/330
f 330/330/330 379/379/379 331/331/331
f 379/379/379 380/380/380 331/331/331
f 331/331/331 380/380/380 332/332/332
f 380/380/380 381/381/381 332/332/332
f 332/332/332 381/381/381 333/333/333
f 381/381/381 382/382/382 333/333/333
f 333/333/333 382/382/382 334/334/334
f 382/382/382 383/383/383 334/334/334
f 334/334/334 383/383/383 335/335/335
f 383/383/383 384/384/384 335/335/335
f 335/335/335 384/384/384 336/336/336
f 384/384/384 385/385/385 336/336/336
f 336/336/336 385/385/385 337/337/337
f 385/385/385 386/386/386 337/337/337
f 337/337/337 386/386/386 338/338/338
f 386/386/386 387/387/387 338/338/338
f 338/338/338 387/387/387 339/339/339
f 387/387/387 388/388/388 339/339/339
f 339/339/339 388/388/388 340/340/340
f 388/388/388 389/389/389 340/340/340
f 340/340/340 389/389/389 341/341/341
f 389/389/389 390/390/390 341/341/341
f 439/439/439 440/440/440 391/391/391
f 440/440/440 441/441/441 392/392/392
f 441/441/441 442/442/442 393/393/393
f 442/442/442 443/443/443 394/394/394
f 443/443/443 444/444/444 395/395/395
f 444/444/444 445/445/445 396/396/396
f 445/445/445 446/446/446 397/397/397
f 446/446/446 447/447/447 398/398/398
f 447/447/447 448/448/448 399/399/399
f 448/448/448 449/449/449 400/400/400
f 449/449/449 450/450/450 401/401/401
f 450/450/450 451/451/451 402/402/402
f 451/451/451 452/452/452 403/403/403
f 452/452/452 453/453/453 404/404/404
f 453/453/453 454/454/454 405/405/405
f 454/454/454 455/455/455 406/406/406
f 455/455/455 456/456/456 407/407/407
f 456/456/456 457/457/457 408/408/408
f 457/457/457 458/458/458 409/409/409
f 458/458/458 459/459/459 410/410/410
f 459/459/459 460/460/460 411/411/411
f 460/460/460 461/461/461 412/412/412
f 461/461/461 462/462/462 413/413/413
f 462/462/462 463/463/463 414/414/414
f 463/463/463 464/464/464 415/415/415
f 464/464/464 465/465/465 416/416/416
f 465/465/465 466/466/466 417/417/417
f 466/466/466 467/467/467 418/418/418
f 467/467/467 468/468/468 419/419/419
f 468/468/468 469/469/469 420/420/420
f 469/469/469 470/470/470 421/421/421
f 470/470/470 471/471/471 422/422/422
f 471/471/471 472/472/472 423/423/423
f 472/472/472 473/473/473 424/424/424
f 473/473/473 474/474/474 425/425/425
f 474/474/474 475/475/475 426/426/426
f 475/475/475 476/476/476 427/427/427
f 476/476/476 477/477/477 428/428/428
f 477/477/477 478/478/478 429/429/429
f 478/478/478 479/479/479 430/430/430
f 479/479/479 480/480/480 431/431/431
f 480/480/480 481/481/481 432/432/432
f 481/481/481 482/482/482 433/433/433
f 482/482/482 483/483/483 434/434/434
f 483/483/483 484/484/484 435/435/435
f 484/484/484 485/485/485 436/436/436
f 485/485/485 486/486/486 437/437/437
f 486/486/486 487/487/487 438/438/438
f 537/537/537 536/536/536 488/488/488
f 538/538/538 537/537/537 489/489/489
f 539/539/539 538/538/538 490/490/490
f 540/540/540 539/539/539 491/491/491
f 541/541/541 540/540/540 492/492/492
f 542/542/542 541/541/541 493/493/493
f 543/543/543 542/542/542 494/494/494
f 544/544/544 543/543/543 495/495/495
f 545/545/545 544/544/544 496/496/496
f 546/546/546 545/545/545 497/497/497
f 547/547/547 546/546/546 498/498/498
f 548/548/548 547/547/547 499/499/499
f 549/549/549 548/548/548 500/500/500
f 550/550/550 549/549/549 501/501/501
f 551/551/551 550/550/550 502/502/502
f 552/552/552 551/551/551 503/503/503
f 553/553/553 552/552/552 504/504/504
f 554/554/554 553/553/553 505/505/505
f 555/555/555 554/554/554 506/506/506
f 556/556/556 555/555/555 507/507/507
f 557/557/557 556/556/556 508/508/508
f 558/558/558 557/557/557 509/509/509
f 559/559/559 558/558/558 510/510/510
f 560/560/560 559/559/559 511/511/511
f 561/561/561 560/560/560 512/512/512
f 562/562/562 561/561/561 513/513/513
f 563/563/563 562/562/562 514/514/514
f 564/564/564 563/563/563 515/515/515
f 565/565/565 564/564/564 516/516/516
f 566/566/566 565/565/565 517/517/517
f 567/567/567 566/566/566 518/518/518
f 568/568/568 567/567/567 519/519/519
f 569/569/569 568/568/568 520/520/520
f 570/570/570 569/569/569 521/521/521
f 571/571/571 570/570/570 522/522/522
f 572/572/572 571/571/571 523/523/523
f 573/573/573 572/572/572 524/524/524
f 574/574/574 573/573/573 525/525/525
f 575/575/575 574/574/574 526/526/526
f 576/576/576 575/575/575 527/527/527
f 577/577/577 576/576/576 528/528/528
f 578/578/578 577/577/577 529/529/529
f 579/579/579 578/578/578 530/530/530
f 580/580/580 579/579/579 531/531/531
f 581/581/581 580/580/580 532/532/532
f 582/582/582 581/581/581 533/533/533
f 583/583/583 582/582/582 534/534/534
f 584/584/584 583/583/583 535/535/535
o yaw_seal
usemtl joint_graphite
v 0 -0.07599999755620956 0.13850000013411046
v 0.009919990785419941 -0.07534980773925781 0.13850000013411046
v 0.01967024803161621 -0.07341036200523376 0.13850000013411046
v 0.029083941131830215 -0.07021484524011612 0.13850000013411046
v 0.03799999877810478 -0.0658179298043251 0.13850000013411046
v 0.046265870332717896 -0.06029485538601875 0.13850000013411046
v 0.053740113973617554 -0.053740113973617554 0.13850000013411046
v 0.06029485538601875 -0.046265870332717896 0.13850000013411046
v 0.0658179298043251 -0.03799999877810478 0.13850000013411046
v 0.07021484524011612 -0.029083941131830215 0.13850000013411046
v 0.07341036200523376 -0.01967024803161621 0.13850000013411046
v 0.07534980773925781 -0.009919990785419941 0.13850000013411046
v 0.07599999755620956 -4.25564738259954e-18 0.13850000013411046
v 0.07534980773925781 0.009919990785419941 0.13850000013411046
v 0.07341036200523376 0.01967024803161621 0.13850000013411046
v 0.07021484524011612 0.029083941131830215 0.13850000013411046
v 0.0658179298043251 0.03799999877810478 0.13850000013411046
v 0.06029485538601875 0.046265870332717896 0.13850000013411046
v 0.053740113973617554 0.053740113973617554 0.13850000013411046
v 0.046265870332717896 0.06029485538601875 0.13850000013411046
v 0.03799999877810478 0.0658179298043251 0.13850000013411046
v 0.029083941131830215 0.07021484524011612 0.13850000013411046
v 0.01967024803161621 0.07341036200523376 0.13850000013411046
v 0.009919990785419941 0.07534980773925781 0.13850000013411046
v 9.307315484077235e-18 0.07599999755620956 0.13850000013411046
v -0.009919990785419941 0.07534980773925781 0.13850000013411046
v -0.01967024803161621 0.07341036200523376 0.13850000013411046
v -0.029083941131830215 0.07021484524011612 0.13850000013411046
v -0.03799999877810478 0.0658179298043251 0.13850000013411046
v -0.046265870332717896 0.06029485538601875 0.13850000013411046
v -0.053740113973617554 0.053740113973617554 0.13850000013411046
v -0.06029485538601875 0.046265870332717896 0.13850000013411046
v -0.0658179298043251 0.03799999877810478 0.13850000013411046
v -0.07021484524011612 0.029083941131830215 0.13850000013411046
v -0.07341036200523376 0.01967024803161621 0.13850000013411046
v -0.07534980773925781 0.009919990785419941 0.13850000013411046
v -0.07599999755620956 1.435898358555493e-17 0.13850000013411046
v -0.07534980773925781 -0.009919990785419941 0.13850000013411046
v -0.07341036200523376 -0.01967024803161621 0.13850000013411046
v -0.07021484524011612 -0.029083941131830215 0.13850000013411046
v -0.0658179298043251 -0.03799999877810478 0.13850000013411046
v -0.06029485538601875 -0.046265870332717896 0.13850000013411046
v -0.053740113973617554 -0.053740113973617554 0.13850000013411046
v -0.046265870332717896 -0.06029485538601875 0.13850000013411046
v -0.03799999877810478 -0.0658179298043251 0.13850000013411046
v -0.029083941131830215 -0.07021484524011612 0.13850000013411046
v -0.01967024803161621 -0.07341036200523376 0.13850000013411046
v -0.009919990785419941 -0.07534980773925781 0.13850000013411046
v -1.861463096815447e-17 -0.07599999755620956 0.13850000013411046
v 0 -0.07599999755620956 0.12549999986588956
v 0.009919990785419941 -0.07534980773925781 0.12549999986588956
v 0.01967024803161621 -0.07341036200523376 0.12549999986588956
v 0.029083941131830215 -0.07021484524011612 0.12549999986588956
v 0.03799999877810478 -0.0658179298043251 0.12549999986588956
v 0.046265870332717896 -0.06029485538601875 0.12549999986588956
v 0.053740113973617554 -0.053740113973617554 0.12549999986588956
v 0.06029485538601875 -0.046265870332717896 0.12549999986588956
v 0.0658179298043251 -0.03799999877810478 0.12549999986588956
v 0.07021484524011612 -0.029083941131830215 0.12549999986588956
v 0.07341036200523376 -0.01967024803161621 0.12549999986588956
v 0.07534980773925781 -0.009919990785419941 0.12549999986588956
v 0.07599999755620956 -5.051668101477695e-18 0.12549999986588956
v 0.07534980773925781 0.009919990785419941 0.12549999986588956
v 0.07341036200523376 0.01967024803161621 0.12549999986588956
v 0.07021484524011612 0.029083941131830215 0.12549999986588956
v 0.0658179298043251 0.03799999877810478 0.12549999986588956
v 0.06029485538601875 0.046265870332717896 0.12549999986588956
v 0.053740113973617554 0.053740113973617554 0.12549999986588956
v 0.046265870332717896 0.06029485538601875 0.12549999986588956
v 0.03799999877810478 0.0658179298043251 0.12549999986588956
v 0.029083941131830215 0.07021484524011612 0.12549999986588956
v 0.01967024803161621 0.07341036200523376 0.12549999986588956
v 0.009919990785419941 0.07534980773925781 0.12549999986588956
v 9.307315484077235e-18 0.07599999755620956 0.12549999986588956
v -0.009919990785419941 0.07534980773925781 0.12549999986588956
v -0.01967024803161621 0.07341036200523376 0.12549999986588956
v -0.029083941131830215 0.07021484524011612 0.12549999986588956
v -0.03799999877810478 0.0658179298043251 0.12549999986588956
v -0.046265870332717896 0.06029485538601875 0.12549999986588956
v -0.053740113973617554 0.053740113973617554 0.12549999986588956
v -0.06029485538601875 0.046265870332717896 0.12549999986588956
v -0.0658179298043251 0.03799999877810478 0.12549999986588956
v -0.07021484524011612 0.029083941131830215 0.12549999986588956
v -0.07341036200523376 0.01967024803161621 0.12549999986588956
v -0.07534980773925781 0.009919990785419941 0.12549999986588956
v -0.07599999755620956 1.3562963693857387e-17 0.12549999986588956
v -0.07534980773925781 -0.009919990785419941 0.12549999986588956
v -0.07341036200523376 -0.01967024803161621 0.12549999986588956
v -0.07021484524011612 -0.029083941131830215 0.12549999986588956
v -0.0658179298043251 -0.03799999877810478 0.12549999986588956
v -0.06029485538601875 -0.046265870332717896 0.12549999986588956
v -0.053740113973617554 -0.053740113973617554 0.12549999986588956
v -0.046265870332717896 -0.06029485538601875 0.12549999986588956
v -0.03799999877810478 -0.0658179298043251 0.12549999986588956
v -0.029083941131830215 -0.07021484524011612 0.12549999986588956
v -0.01967024803161621 -0.07341036200523376 0.12549999986588956
v -0.009919990785419941 -0.07534980773925781 0.12549999986588956
v -1.861463096815447e-17 -0.07599999755620956 0.12549999986588956
v 0 3.9801023019210685e-19 0.13850000013411046
v 0 3.9801023019210685e-19 0.13850000013411046
v 0 3.9801023019210685e-19 0.13850000013411046
v 0 3.9801023019210685e-19 0.13850000013411046
v 0 3.9801023019210685e-19 0.13850000013411046
v 0 3.9801023019210685e-19 0.13850000013411046
v 0 3.9801023019210685e-19 0.13850000013411046
v 0 3.9801023019210685e-19 0.13850000013411046
v 0 3.9801023019210685e-19 0.13850000013411046
v 0 3.9801023019210685e-19 0.13850000013411046
v 0 3.9801023019210685e-19 0.13850000013411046
v 0 3.9801023019210685e-19 0.13850000013411046
v 0 3.9801023019210685e-19 0.13850000013411046
v 0 3.9801023019210685e-19 0.13850000013411046
v 0 3.9801023019210685e-19 0.13850000013411046
v 0 3.9801023019210685e-19 0.13850000013411046
v 0 3.9801023019210685e-19 0.13850000013411046
v 0 3.9801023019210685e-19 0.13850000013411046
v 0 3.9801023019210685e-19 0.13850000013411046
v 0 3.9801023019210685e-19 0.13850000013411046
v 0 3.9801023019210685e-19 0.13850000013411046
v 0 3.9801023019210685e-19 0.13850000013411046
v 0 3.9801023019210685e-19 0.13850000013411046
v 0 3.9801023019210685e-19 0.13850000013411046
v 0 3.9801023019210685e-19 0.13850000013411046
v 0 3.9801023019210685e-19 0.13850000013411046
v 0 3.9801023019210685e-19 0.13850000013411046
v 0 3.9801023019210685e-19 0.13850000013411046
v 0 3.9801023019210685e-19 0.13850000013411046
v 0 3.9801023019210685e-19 0.13850000013411046
v 0 3.9801023019210685e-19 0.13850000013411046
v 0 3.9801023019210685e-19 0.13850000013411046
v 0 3.9801023019210685e-19 0.13850000013411046
v 0 3.9801023019210685e-19 0.13850000013411046
v 0 3.9801023019210685e-19 0.13850000013411046
v 0 3.9801023019210685e-19 0.13850000013411046
v 0 3.9801023019210685e-19 0.13850000013411046
v 0 3.9801023019210685e-19 0.13850000013411046
v 0 3.9801023019210685e-19 0.13850000013411046
v 0 3.9801023019210685e-19 0.13850000013411046
v 0 3.9801023019210685e-19 0.13850000013411046
v 0 3.9801023019210685e-19 0.13850000013411046
v 0 3.9801023019210685e-19 0.13850000013411046
v 0 3.9801023019210685e-19 0.13850000013411046
v 0 3.9801023019210685e-19 0.13850000013411046
v 0 3.9801023019210685e-19 0.13850000013411046
v 0 3.9801023019210685e-19 0.13850000013411046
v 0 3.9801023019210685e-19 0.13850000013411046
v 0 -0.07599999755620956 0.13850000013411046
v 0.009919990785419941 -0.07534980773925781 0.13850000013411046
v 0.01967024803161621 -0.07341036200523376 0.13850000013411046
v 0.029083941131830215 -0.07021484524011612 0.13850000013411046
v 0.03799999877810478 -0.0658179298043251 0.13850000013411046
v 0.046265870332717896 -0.06029485538601875 0.13850000013411046
v 0.053740113973617554 -0.053740113973617554 0.13850000013411046
v 0.06029485538601875 -0.046265870332717896 0.13850000013411046
v 0.0658179298043251 -0.03799999877810478 0.13850000013411046
v 0.07021484524011612 -0.029083941131830215 0.13850000013411046
v 0.07341036200523376 -0.01967024803161621 0.13850000013411046
v 0.07534980773925781 -0.009919990785419941 0.13850000013411046
v 0.07599999755620956 -4.25564738259954e-18 0.13850000013411046
v 0.07534980773925781 0.009919990785419941 0.13850000013411046
v 0.07341036200523376 0.01967024803161621 0.13850000013411046
v 0.07021484524011612 0.029083941131830215 0.13850000013411046
v 0.0658179298043251 0.03799999877810478 0.13850000013411046
v 0.06029485538601875 0.046265870332717896 0.13850000013411046
v 0.053740113973617554 0.053740113973617554 0.13850000013411046
v 0.046265870332717896 0.06029485538601875 0.13850000013411046
v 0.03799999877810478 0.0658179298043251 0.13850000013411046
v 0.029083941131830215 0.07021484524011612 0.13850000013411046
v 0.01967024803161621 0.07341036200523376 0.13850000013411046
v 0.009919990785419941 0.07534980773925781 0.13850000013411046
v 9.307315484077235e-18 0.07599999755620956 0.13850000013411046
v -0.009919990785419941 0.07534980773925781 0.13850000013411046
v -0.01967024803161621 0.07341036200523376 0.13850000013411046
v -0.029083941131830215 0.07021484524011612 0.13850000013411046
v -0.03799999877810478 0.0658179298043251 0.13850000013411046
v -0.046265870332717896 0.06029485538601875 0.13850000013411046
v -0.053740113973617554 0.053740113973617554 0.13850000013411046
v -0.06029485538601875 0.046265870332717896 0.13850000013411046
v -0.0658179298043251 0.03799999877810478 0.13850000013411046
v -0.07021484524011612 0.029083941131830215 0.13850000013411046
v -0.07341036200523376 0.01967024803161621 0.13850000013411046
v -0.07534980773925781 0.009919990785419941 0.13850000013411046
v -0.07599999755620956 1.435898358555493e-17 0.13850000013411046
v -0.07534980773925781 -0.009919990785419941 0.13850000013411046
v -0.07341036200523376 -0.01967024803161621 0.13850000013411046
v -0.07021484524011612 -0.029083941131830215 0.13850000013411046
v -0.0658179298043251 -0.03799999877810478 0.13850000013411046
v -0.06029485538601875 -0.046265870332717896 0.13850000013411046
v -0.053740113973617554 -0.053740113973617554 0.13850000013411046
v -0.046265870332717896 -0.06029485538601875 0.13850000013411046
v -0.03799999877810478 -0.0658179298043251 0.13850000013411046
v -0.029083941131830215 -0.07021484524011612 0.13850000013411046
v -0.01967024803161621 -0.07341036200523376 0.13850000013411046
v -0.009919990785419941 -0.07534980773925781 0.13850000013411046
v -1.861463096815447e-17 -0.07599999755620956 0.13850000013411046
v 0 -3.9801023019210685e-19 0.12549999986588956
v 0 -3.9801023019210685e-19 0.12549999986588956
v 0 -3.9801023019210685e-19 0.12549999986588956
v 0 -3.9801023019210685e-19 0.12549999986588956
v 0 -3.9801023019210685e-19 0.12549999986588956
v 0 -3.9801023019210685e-19 0.12549999986588956
v 0 -3.9801023019210685e-19 0.12549999986588956
v 0 -3.9801023019210685e-19 0.12549999986588956
v 0 -3.9801023019210685e-19 0.12549999986588956
v 0 -3.9801023019210685e-19 0.12549999986588956
v 0 -3.9801023019210685e-19 0.12549999986588956
v 0 -3.9801023019210685e-19 0.12549999986588956
v 0 -3.9801023019210685e-19 0.12549999986588956
v 0 -3.9801023019210685e-19 0.12549999986588956
v 0 -3.9801023019210685e-19 0.12549999986588956
v 0 -3.9801023019210685e-19 0.12549999986588956
v 0 -3.9801023019210685e-19 0.12549999986588956
v 0 -3.9801023019210685e-19 0.12549999986588956
v 0 -3.9801023019210685e-19 0.12549999986588956
v 0 -3.9801023019210685e-19 0.12549999986588956
v 0 -3.9801023019210685e-19 0.12549999986588956
v 0 -3.9801023019210685e-19 0.12549999986588956
v 0 -3.9801023019210685e-19 0.12549999986588956
v 0 -3.9801023019210685e-19 0.12549999986588956
v 0 -3.9801023019210685e-19 0.12549999986588956
v 0 -3.9801023019210685e-19 0.12549999986588956
v 0 -3.9801023019210685e-19 0.12549999986588956
v 0 -3.9801023019210685e-19 0.12549999986588956
v 0 -3.9801023019210685e-19 0.12549999986588956
v 0 -3.9801023019210685e-19 0.12549999986588956
v 0 -3.9801023019210685e-19 0.12549999986588956
v 0 -3.9801023019210685e-19 0.12549999986588956
v 0 -3.9801023019210685e-19 0.12549999986588956
v 0 -3.9801023019210685e-19 0.12549999986588956
v 0 -3.9801023019210685e-19 0.12549999986588956
v 0 -3.9801023019210685e-19 0.12549999986588956
v 0 -3.9801023019210685e-19 0.12549999986588956
v 0 -3.9801023019210685e-19 0.12549999986588956
v 0 -3.9801023019210685e-19 0.12549999986588956
v 0 -3.9801023019210685e-19 0.12549999986588956
v 0 -3.9801023019210685e-19 0.12549999986588956
v 0 -3.9801023019210685e-19 0.12549999986588956
v 0 -3.9801023019210685e-19 0.12549999986588956
v 0 -3.9801023019210685e-19 0.12549999986588956
v 0 -3.9801023019210685e-19 0.12549999986588956
v 0 -3.9801023019210685e-19 0.12549999986588956
v 0 -3.9801023019210685e-19 0.12549999986588956
v 0 -3.9801023019210685e-19 0.12549999986588956
v 0 -0.07599999755620956 0.12549999986588956
v 0.009919990785419941 -0.07534980773925781 0.12549999986588956
v 0.01967024803161621 -0.07341036200523376 0.12549999986588956
v 0.029083941131830215 -0.07021484524011612 0.12549999986588956
v 0.03799999877810478 -0.0658179298043251 0.12549999986588956
v 0.046265870332717896 -0.06029485538601875 0.12549999986588956
v 0.053740113973617554 -0.053740113973617554 0.12549999986588956
v 0.06029485538601875 -0.046265870332717896 0.12549999986588956
v 0.0658179298043251 -0.03799999877810478 0.12549999986588956
v 0.07021484524011612 -0.029083941131830215 0.12549999986588956
v 0.07341036200523376 -0.01967024803161621 0.12549999986588956
v 0.07534980773925781 -0.009919990785419941 0.12549999986588956
v 0.07599999755620956 -5.051668101477695e-18 0.12549999986588956
v 0.07534980773925781 0.009919990785419941 0.12549999986588956
v 0.07341036200523376 0.01967024803161621 0.12549999986588956
v 0.07021484524011612 0.029083941131830215 0.12549999986588956
v 0.0658179298043251 0.03799999877810478 0.12549999986588956
v 0.06029485538601875 0.046265870332717896 0.12549999986588956
v 0.053740113973617554 0.053740113973617554 0.12549999986588956
v 0.046265870332717896 0.06029485538601875 0.12549999986588956
v 0.03799999877810478 0.0658179298043251 0.12549999986588956
v 0.029083941131830215 0.07021484524011612 0.12549999986588956
v 0.01967024803161621 0.07341036200523376 0.12549999986588956
v 0.009919990785419941 0.07534980773925781 0.12549999986588956
v 9.307315484077235e-18 0.07599999755620956 0.12549999986588956
v -0.009919990785419941 0.07534980773925781 0.12549999986588956
v -0.01967024803161621 0.07341036200523376 0.12549999986588956
v -0.029083941131830215 0.07021484524011612 0.12549999986588956
v -0.03799999877810478 0.0658179298043251 0.12549999986588956
v -0.046265870332717896 0.06029485538601875 0.12549999986588956
v -0.053740113973617554 0.053740113973617554 0.12549999986588956
v -0.06029485538601875 0.046265870332717896 0.12549999986588956
v -0.0658179298043251 0.03799999877810478 0.12549999986588956
v -0.07021484524011612 0.029083941131830215 0.12549999986588956
v -0.07341036200523376 0.01967024803161621 0.12549999986588956
v -0.07534980773925781 0.009919990785419941 0.12549999986588956
v -0.07599999755620956 1.3562963693857387e-17 0.12549999986588956
v -0.07534980773925781 -0.009919990785419941 0.12549999986588956
v -0.07341036200523376 -0.01967024803161621 0.12549999986588956
v -0.07021484524011612 -0.029083941131830215 0.12549999986588956
v -0.0658179298043251 -0.03799999877810478 0.12549999986588956
v -0.06029485538601875 -0.046265870332717896 0.12549999986588956
v -0.053740113973617554 -0.053740113973617554 0.12549999986588956
v -0.046265870332717896 -0.06029485538601875 0.12549999986588956
v -0.03799999877810478 -0.0658179298043251 0.12549999986588956
v -0.029083941131830215 -0.07021484524011612 0.12549999986588956
v -0.01967024803161621 -0.07341036200523376 0.12549999986588956
v -0.009919990785419941 -0.07534980773925781 0.12549999986588956
v -1.861463096815447e-17 -0.07599999755620956 0.12549999986588956
vt 0 1
vt 0.02083333395421505 1
vt 0.0416666679084301 1
vt 0.0625 1
vt 0.0833333358168602 1
vt 0.1041666641831398 1
vt 0.125 1
vt 0.1458333283662796 1
vt 0.1666666716337204 1
vt 0.1875 1
vt 0.2083333283662796 1
vt 0.2291666716337204 1
vt 0.25 1
vt 0.2708333432674408 1
vt 0.2916666567325592 1
vt 0.3125 1
vt 0.3333333432674408 1
vt 0.3541666567325592 1
vt 0.375 1
vt 0.3958333432674408 1
vt 0.4166666567325592 1
vt 0.4375 1
vt 0.4583333432674408 1
vt 0.4791666567325592 1
vt 0.5 1
vt 0.5208333134651184 1
vt 0.5416666865348816 1
vt 0.5625 1
vt 0.5833333134651184 1
vt 0.6041666865348816 1
vt 0.625 1
vt 0.6458333134651184 1
vt 0.6666666865348816 1
vt 0.6875 1
vt 0.7083333134651184 1
vt 0.7291666865348816 1
vt 0.75 1
vt 0.7708333134651184 1
vt 0.7916666865348816 1
vt 0.8125 1
vt 0.8333333134651184 1
vt 0.8541666865348816 1
vt 0.875 1
vt 0.8958333134651184 1
vt 0.9166666865348816 1
vt 0.9375 1
vt 0.9583333134651184 1
vt 0.9791666865348816 1
vt 1 1
vt 0 0
vt 0.02083333395421505 0
vt 0.0416666679084301 0
vt 0.0625 0
vt 0.0833333358168602 0
vt 0.1041666641831398 0
vt 0.125 0
vt 0.1458333283662796 0
vt 0.1666666716337204 0
vt 0.1875 0
vt 0.2083333283662796 0
vt 0.2291666716337204 0
vt 0.25 0
vt 0.2708333432674408 0
vt 0.2916666567325592 0
vt 0.3125 0
vt 0.3333333432674408 0
vt 0.3541666567325592 0
vt 0.375 0
vt 0.3958333432674408 0
vt 0.4166666567325592 0
vt 0.4375 0
vt 0.4583333432674408 0
vt 0.4791666567325592 0
vt 0.5 0
vt 0.5208333134651184 0
vt 0.5416666865348816 0
vt 0.5625 0
vt 0.5833333134651184 0
vt 0.6041666865348816 0
vt 0.625 0
vt 0.6458333134651184 0
vt 0.6666666865348816 0
vt 0.6875 0
vt 0.7083333134651184 0
vt 0.7291666865348816 0
vt 0.75 0
vt 0.7708333134651184 0
vt 0.7916666865348816 0
vt 0.8125 0
vt 0.8333333134651184 0
vt 0.8541666865348816 0
vt 0.875 0
vt 0.8958333134651184 0
vt 0.9166666865348816 0
vt 0.9375 0
vt 0.9583333134651184 0
vt 0.9791666865348816 0
vt 1 0
vt 0.5 0.5
vt 0.5 0.5
vt 0.5 0.5
vt 0.5 0.5
vt 0.5 0.5
vt 0.5 0.5
vt 0.5 0.5
vt 0.5 0.5
vt 0.5 0.5
vt 0.5 0.5
vt 0.5 0.5
vt 0.5 0.5
vt 0.5 0.5
vt 0.5 0.5
vt 0.5 0.5
vt 0.5 0.5
vt 0.5 0.5
vt 0.5 0.5
vt 0.5 0.5
vt 0.5 0.5
vt 0.5 0.5
vt 0.5 0.5
vt 0.5 0.5
vt 0.5 0.5
vt 0.5 0.5
vt 0.5 0.5
vt 0.5 0.5
vt 0.5 0.5
vt 0.5 0.5
vt 0.5 0.5
vt 0.5 0.5
vt 0.5 0.5
vt 0.5 0.5
vt 0.5 0.5
vt 0.5 0.5
vt 0.5 0.5
vt 0.5 0.5
vt 0.5 0.5
vt 0.5 0.5
vt 0.5 0.5
vt 0.5 0.5
vt 0.5 0.5
vt 0.5 0.5
vt 0.5 0.5
vt 0.5 0.5
vt 0.5 0.5
vt 0.5 0.5
vt 0.5 0.5
vt 1 0.5
vt 0.9957224130630493 0.5652630925178528
vt 0.9829629063606262 0.6294095516204834
vt 0.9619397521018982 0.6913416981697083
vt 0.9330127239227295 0.75
vt 0.8966766595840454 0.8043807148933411
vt 0.8535534143447876 0.8535534143447876
vt 0.8043807148933411 0.8966766595840454
vt 0.75 0.9330127239227295
vt 0.6913416981697083 0.9619397521018982
vt 0.6294095516204834 0.9829629063606262
vt 0.5652630925178528 0.9957224130630493
vt 0.5 1
vt 0.4347369074821472 0.9957224130630493
vt 0.370590478181839 0.9829629063606262
vt 0.30865827202796936 0.9619397521018982
vt 0.25 0.9330127239227295
vt 0.19561928510665894 0.8966766595840454
vt 0.1464466154575348 0.8535534143447876
vt 0.10332333296537399 0.8043807148933411
vt 0.0669872984290123 0.75
vt 0.03806023299694061 0.6913416981697083
vt 0.017037086188793182 0.6294095516204834
vt 0.004277569241821766 0.5652630925178528
vt 0 0.5
vt 0.004277569241821766 0.4347369074821472
vt 0.017037086188793182 0.370590478181839
vt 0.03806023299694061 0.30865827202796936
vt 0.0669872984290123 0.25
vt 0.10332333296537399 0.19561928510665894
vt 0.1464466154575348 0.1464466154575348
vt 0.19561928510665894 0.10332333296537399
vt 0.25 0.0669872984290123
vt 0.30865827202796936 0.03806023299694061
vt 0.370590478181839 0.017037086188793182
vt 0.4347369074821472 0.004277569241821766
vt 0.5 0
vt 0.5652630925178528 0.004277569241821766
vt 0.6294095516204834 0.017037086188793182
vt 0.6913416981697083 0.03806023299694061
vt 0.75 0.0669872984290123
vt 0.8043807148933411 0.10332333296537399
vt 0.8535534143447876 0.1464466154575348
vt 0.8966766595840454 0.19561928510665894
vt 0.9330127239227295 0.25
vt 0.9619397521018982 0.30865827202796936
vt 0.9829629063606262 0.370590478181839
vt 0.9957224130630493 0.4347369074821472
vt 1 0.5
vt 0.5 0.5
vt 0.5 0.5
vt 0.5 0.5
vt 0.5 0.5
vt 0.5 0.5
vt 0.5 0.5
vt 0.5 0.5
vt 0.5 0.5
vt 0.5 0.5
vt 0.5 0.5
vt 0.5 0.5
vt 0.5 0.5
vt 0.5 0.5
vt 0.5 0.5
vt 0.5 0.5
vt 0.5 0.5
vt 0.5 0.5
vt 0.5 0.5
vt 0.5 0.5
vt 0.5 0.5
vt 0.5 0.5
vt 0.5 0.5
vt 0.5 0.5
vt 0.5 0.5
vt 0.5 0.5
vt 0.5 0.5
vt 0.5 0.5
vt 0.5 0.5
vt 0.5 0.5
vt 0.5 0.5
vt 0.5 0.5
vt 0.5 0.5
vt 0.5 0.5
vt 0.5 0.5
vt 0.5 0.5
vt 0.5 0.5
vt 0.5 0.5
vt 0.5 0.5
vt 0.5 0.5
vt 0.5 0.5
vt 0.5 0.5
vt 0.5 0.5
vt 0.5 0.5
vt 0.5 0.5
vt 0.5 0.5
vt 0.5 0.5
vt 0.5 0.5
vt 0.5 0.5
vt 1 0.5
vt 0.9957224130630493 0.4347369074821472
vt 0.9829629063606262 0.370590478181839
vt 0.9619397521018982 0.30865827202796936
vt 0.9330127239227295 0.25
vt 0.8966766595840454 0.19561928510665894
vt 0.8535534143447876 0.1464466154575348
vt 0.8043807148933411 0.10332333296537399
vt 0.75 0.0669872984290123
vt 0.6913416981697083 0.03806023299694061
vt 0.6294095516204834 0.017037086188793182
vt 0.5652630925178528 0.004277569241821766
vt 0.5 0
vt 0.4347369074821472 0.004277569241821766
vt 0.370590478181839 0.017037086188793182
vt 0.30865827202796936 0.03806023299694061
vt 0.25 0.0669872984290123
vt 0.19561928510665894 0.10332333296537399
vt 0.1464466154575348 0.1464466154575348
vt 0.10332333296537399 0.19561928510665894
vt 0.0669872984290123 0.25
vt 0.03806023299694061 0.30865827202796936
vt 0.017037086188793182 0.370590478181839
vt 0.004277569241821766 0.4347369074821472
vt 0 0.5
vt 0.004277569241821766 0.5652630925178528
vt 0.017037086188793182 0.6294095516204834
vt 0.03806023299694061 0.6913416981697083
vt 0.0669872984290123 0.75
vt 0.10332333296537399 0.8043807148933411
vt 0.1464466154575348 0.8535534143447876
vt 0.19561928510665894 0.8966766595840454
vt 0.25 0.9330127239227295
vt 0.30865827202796936 0.9619397521018982
vt 0.370590478181839 0.9829629063606262
vt 0.4347369074821472 0.9957224130630493
vt 0.5 1
vt 0.5652630925178528 0.9957224130630493
vt 0.6294095516204834 0.9829629063606262
vt 0.6913416981697083 0.9619397521018982
vt 0.75 0.9330127239227295
vt 0.8043807148933411 0.8966766595840454
vt 0.8535534143447876 0.8535534143447876
vt 0.8966766595840454 0.8043807148933411
vt 0.9330127239227295 0.75
vt 0.9619397521018982 0.6913416981697083
vt 0.9829629063606262 0.6294095516204834
vt 0.9957224130630493 0.5652630925178528
vt 1 0.5
vn 0 -1 6.123234262925839e-17
vn 0.13052618200608704 -0.9914448627185043 6.070848442951297e-17
vn 0.2588190471264927 -0.9659258257467466 5.914589613696059e-17
vn 0.3826834370613369 -0.9238795305660377 5.657130722319695e-17
vn 0.5000000067305869 -0.8660253998985324 5.302876307448087e-17
vn 0.6087614397000725 -0.7933533320874723 4.85788821807799e-17
vn 0.7071067811865476 -0.7071067811865476 4.329780375814312e-17
vn 0.7933533320874723 -0.6087614397000725 3.7275889060097443e-17
vn 0.8660253998985324 -0.5000000067305869 3.06161717267588e-17
vn 0.9238795305660377 -0.3826834370613369 2.3432603017245014e-17
vn 0.9659258257467466 -0.2588190471264927 1.5848095844680132e-17
vn 0.9914448627185043 -0.13052618200608704 7.992423206588031e-18
vn 1 -6.123234262925839e-17 3.74939976039497e-33
vn 0.9914448627185043 0.13052618200608704 -7.992423206588031e-18
vn 0.9659258257467466 0.2588190471264927 -1.5848095844680132e-17
vn 0.9238795305660377 0.3826834370613369 -2.3432603017245014e-17
vn 0.8660253998985324 0.5000000067305869 -3.06161717267588e-17
vn 0.7933533320874723 0.6087614397000725 -3.7275889060097443e-17
vn 0.7071067811865476 0.7071067811865476 -4.329780375814312e-17
vn 0.6087614397000725 0.7933533320874723 -4.85788821807799e-17
vn 0.5000000067305869 0.8660253998985324 -5.302876307448087e-17
vn 0.3826834370613369 0.9238795305660377 -5.657130722319695e-17
vn 0.2588190471264927 0.9659258257467466 -5.914589613696059e-17
vn 0.13052618200608704 0.9914448627185043 -6.070848442951297e-17
vn 1.2246468525851679e-16 1 -6.123234262925839e-17
vn -0.13052618200608704 0.9914448627185043 -6.070848442951297e-17
vn -0.2588190471264927 0.9659258257467466 -5.914589613696059e-17
vn -0.3826834370613369 0.9238795305660377 -5.657130722319695e-17
vn -0.5000000067305869 0.8660253998985324 -5.302876307448087e-17
vn -0.6087614397000725 0.7933533320874723 -4.85788821807799e-17
vn -0.7071067811865476 0.7071067811865476 -4.329780375814312e-17
vn -0.7933533320874723 0.6087614397000725 -3.7275889060097443e-17
vn -0.8660253998985324 0.5000000067305869 -3.06161717267588e-17
vn -0.9238795305660377 0.3826834370613369 -2.3432603017245014e-17
vn -0.9659258257467466 0.2588190471264927 -1.5848095844680132e-17
vn -0.9914448627185043 0.13052618200608704 -7.992423206588031e-18
vn -1 1.8369701465288538e-16 -1.1248198179158957e-32
vn -0.9914448627185043 -0.13052618200608704 7.992423206588031e-18
vn -0.9659258257467466 -0.2588190471264927 1.5848095844680132e-17
vn -0.9238795305660377 -0.3826834370613369 2.3432603017245014e-17
vn -0.8660253998985324 -0.5000000067305869 3.06161717267588e-17
vn -0.7933533320874723 -0.6087614397000725 3.7275889060097443e-17
vn -0.7071067811865476 -0.7071067811865476 4.329780375814312e-17
vn -0.6087614397000725 -0.7933533320874723 4.85788821807799e-17
vn -0.5000000067305869 -0.8660253998985324 5.302876307448087e-17
vn -0.3826834370613369 -0.9238795305660377 5.657130722319695e-17
vn -0.2588190471264927 -0.9659258257467466 5.914589613696059e-17
vn -0.13052618200608704 -0.9914448627185043 6.070848442951297e-17
vn -2.4492937051703357e-16 -1 6.123234262925839e-17
vn 0 -1 6.123234262925839e-17
vn 0.13052618200608704 -0.9914448627185043 6.070848442951297e-17
vn 0.2588190471264927 -0.9659258257467466 5.914589613696059e-17
vn 0.3826834370613369 -0.9238795305660377 5.657130722319695e-17
vn 0.5000000067305869 -0.8660253998985324 5.302876307448087e-17
vn 0.6087614397000725 -0.7933533320874723 4.85788821807799e-17
vn 0.7071067811865476 -0.7071067811865476 4.329780375814312e-17
vn 0.7933533320874723 -0.6087614397000725 3.7275889060097443e-17
vn 0.8660253998985324 -0.5000000067305869 3.06161717267588e-17
vn 0.9238795305660377 -0.3826834370613369 2.3432603017245014e-17
vn 0.9659258257467466 -0.2588190471264927 1.5848095844680132e-17
vn 0.9914448627185043 -0.13052618200608704 7.992423206588031e-18
vn 1 -6.123234262925839e-17 3.74939976039497e-33
vn 0.9914448627185043 0.13052618200608704 -7.992423206588031e-18
vn 0.9659258257467466 0.2588190471264927 -1.5848095844680132e-17
vn 0.9238795305660377 0.3826834370613369 -2.3432603017245014e-17
vn 0.8660253998985324 0.5000000067305869 -3.06161717267588e-17
vn 0.7933533320874723 0.6087614397000725 -3.7275889060097443e-17
vn 0.7071067811865476 0.7071067811865476 -4.329780375814312e-17
vn 0.6087614397000725 0.7933533320874723 -4.85788821807799e-17
vn 0.5000000067305869 0.8660253998985324 -5.302876307448087e-17
vn 0.3826834370613369 0.9238795305660377 -5.657130722319695e-17
vn 0.2588190471264927 0.9659258257467466 -5.914589613696059e-17
vn 0.13052618200608704 0.9914448627185043 -6.070848442951297e-17
vn 1.2246468525851679e-16 1 -6.123234262925839e-17
vn -0.13052618200608704 0.9914448627185043 -6.070848442951297e-17
vn -0.2588190471264927 0.9659258257467466 -5.914589613696059e-17
vn -0.3826834370613369 0.9238795305660377 -5.657130722319695e-17
vn -0.5000000067305869 0.8660253998985324 -5.302876307448087e-17
vn -0.6087614397000725 0.7933533320874723 -4.85788821807799e-17
vn -0.7071067811865476 0.7071067811865476 -4.329780375814312e-17
vn -0.7933533320874723 0.6087614397000725 -3.7275889060097443e-17
vn -0.8660253998985324 0.5000000067305869 -3.06161717267588e-17
vn -0.9238795305660377 0.3826834370613369 -2.3432603017245014e-17
vn -0.9659258257467466 0.2588190471264927 -1.5848095844680132e-17
vn -0.9914448627185043 0.13052618200608704 -7.992423206588031e-18
vn -1 1.8369701465288538e-16 -1.1248198179158957e-32
vn -0.9914448627185043 -0.13052618200608704 7.992423206588031e-18
vn -0.9659258257467466 -0.2588190471264927 1.5848095844680132e-17
vn -0.9238795305660377 -0.3826834370613369 2.3432603017245014e-17
vn -0.8660253998985324 -0.5000000067305869 3.06161717267588e-17
vn -0.7933533320874723 -0.6087614397000725 3.7275889060097443e-17
vn -0.7071067811865476 -0.7071067811865476 4.329780375814312e-17
vn -0.6087614397000725 -0.7933533320874723 4.85788821807799e-17
vn -0.5000000067305869 -0.8660253998985324 5.302876307448087e-17
vn -0.3826834370613369 -0.9238795305660377 5.657130722319695e-17
vn -0.2588190471264927 -0.9659258257467466 5.914589613696059e-17
vn -0.13052618200608704 -0.9914448627185043 6.070848442951297e-17
vn -2.4492937051703357e-16 -1 6.123234262925839e-17
vn 0 6.123234262925839e-17 1
vn 0 6.123234262925839e-17 1
vn 0 6.123234262925839e-17 1
vn 0 6.123234262925839e-17 1
vn 0 6.123234262925839e-17 1
vn 0 6.123234262925839e-17 1
vn 0 6.123234262925839e-17 1
vn 0 6.123234262925839e-17 1
vn 0 6.123234262925839e-17 1
vn 0 6.123234262925839e-17 1
vn 0 6.123234262925839e-17 1
vn 0 6.123234262925839e-17 1
vn 0 6.123234262925839e-17 1
vn 0 6.123234262925839e-17 1
vn 0 6.123234262925839e-17 1
vn 0 6.123234262925839e-17 1
vn 0 6.123234262925839e-17 1
vn 0 6.123234262925839e-17 1
vn 0 6.123234262925839e-17 1
vn 0 6.123234262925839e-17 1
vn 0 6.123234262925839e-17 1
vn 0 6.123234262925839e-17 1
vn 0 6.123234262925839e-17 1
vn 0 6.123234262925839e-17 1
vn 0 6.123234262925839e-17 1
vn 0 6.123234262925839e-17 1
vn 0 6.123234262925839e-17 1
vn 0 6.123234262925839e-17 1
vn 0 6.123234262925839e-17 1
vn 0 6.123234262925839e-17 1
vn 0 6.123234262925839e-17 1
vn 0 6.123234262925839e-17 1
vn 0 6.123234262925839e-17 1
vn 0 6.123234262925839e-17 1
vn 0 6.123234262925839e-17 1
vn 0 6.123234262925839e-17 1
vn 0 6.123234262925839e-17 1
vn 0 6.123234262925839e-17 1
vn 0 6.123234262925839e-17 1
vn 0 6.123234262925839e-17 1
vn 0 6.123234262925839e-17 1
vn 0 6.123234262925839e-17 1
vn 0 6.123234262925839e-17 1
vn 0 6.123234262925839e-17 1
vn 0 6.123234262925839e-17 1
vn 0 6.123234262925839e-17 1
vn 0 6.123234262925839e-17 1
vn 0 6.123234262925839e-17 1
vn 0 6.123234262925839e-17 1
vn 0 6.123234262925839e-17 1
vn 0 6.123234262925839e-17 1
vn 0 6.123234262925839e-17 1
vn 0 6.123234262925839e-17 1
vn 0 6.123234262925839e-17 1
vn 0 6.123234262925839e-17 1
vn 0 6.123234262925839e-17 1
vn 0 6.123234262925839e-17 1
vn 0 6.123234262925839e-17 1
vn 0 6.123234262925839e-17 1
vn 0 6.123234262925839e-17 1
vn 0 6.123234262925839e-17 1
vn 0 6.123234262925839e-17 1
vn 0 6.123234262925839e-17 1
vn 0 6.123234262925839e-17 1
vn 0 6.123234262925839e-17 1
vn 0 6.123234262925839e-17 1
vn 0 6.123234262925839e-17 1
vn 0 6.123234262925839e-17 1
vn 0 6.123234262925839e-17 1
vn 0 6.123234262925839e-17 1
vn 0 6.123234262925839e-17 1
vn 0 6.123234262925839e-17 1
vn 0 6.123234262925839e-17 1
vn 0 6.123234262925839e-17 1
vn 0 6.123234262925839e-17 1
vn 0 6.123234262925839e-17 1
vn 0 6.123234262925839e-17 1
vn 0 6.123234262925839e-17 1
vn 0 6.123234262925839e-17 1
vn 0 6.123234262925839e-17 1
vn 0 6.123234262925839e-17 1
vn 0 6.123234262925839e-17 1
vn 0 6.123234262925839e-17 1
vn 0 6.123234262925839e-17 1
vn 0 6.123234262925839e-17 1
vn 0 6.123234262925839e-17 1
vn 0 6.123234262925839e-17 1
vn 0 6.123234262925839e-17 1
vn 0 6.123234262925839e-17 1
vn 0 6.123234262925839e-17 1
vn 0 6.123234262925839e-17 1
vn 0 6.123234262925839e-17 1
vn 0 6.123234262925839e-17 1
vn 0 6.123234262925839e-17 1
vn 0 6.123234262925839e-17 1
vn 0 6.123234262925839e-17 1
vn 0 6.123234262925839e-17 1
vn 0 -6.123234262925839e-17 -1
vn 0 -6.123234262925839e-17 -1
vn 0 -6.123234262925839e-17 -1
vn 0 -6.123234262925839e-17 -1
vn 0 -6.123234262925839e-17 -1
vn 0 -6.123234262925839e-17 -1
vn 0 -6.123234262925839e-17 -1
vn 0 -6.123234262925839e-17 -1
vn 0 -6.123234262925839e-17 -1
vn 0 -6.123234262925839e-17 -1
vn 0 -6.123234262925839e-17 -1
vn 0 -6.123234262925839e-17 -1
vn 0 -6.123234262925839e-17 -1
vn 0 -6.123234262925839e-17 -1
vn 0 -6.123234262925839e-17 -1
vn 0 -6.123234262925839e-17 -1
vn 0 -6.123234262925839e-17 -1
vn 0 -6.123234262925839e-17 -1
vn 0 -6.123234262925839e-17 -1
vn 0 -6.123234262925839e-17 -1
vn 0 -6.123234262925839e-17 -1
vn 0 -6.123234262925839e-17 -1
vn 0 -6.123234262925839e-17 -1
vn 0 -6.123234262925839e-17 -1
vn 0 -6.123234262925839e-17 -1
vn 0 -6.123234262925839e-17 -1
vn 0 -6.123234262925839e-17 -1
vn 0 -6.123234262925839e-17 -1
vn 0 -6.123234262925839e-17 -1
vn 0 -6.123234262925839e-17 -1
vn 0 -6.123234262925839e-17 -1
vn 0 -6.123234262925839e-17 -1
vn 0 -6.123234262925839e-17 -1
vn 0 -6.123234262925839e-17 -1
vn 0 -6.123234262925839e-17 -1
vn 0 -6.123234262925839e-17 -1
vn 0 -6.123234262925839e-17 -1
vn 0 -6.123234262925839e-17 -1
vn 0 -6.123234262925839e-17 -1
vn 0 -6.123234262925839e-17 -1
vn 0 -6.123234262925839e-17 -1
vn 0 -6.123234262925839e-17 -1
vn 0 -6.123234262925839e-17 -1
vn 0 -6.123234262925839e-17 -1
vn 0 -6.123234262925839e-17 -1
vn 0 -6.123234262925839e-17 -1
vn 0 -6.123234262925839e-17 -1
vn 0 -6.123234262925839e-17 -1
vn 0 -6.123234262925839e-17 -1
vn 0 -6.123234262925839e-17 -1
vn 0 -6.123234262925839e-17 -1
vn 0 -6.123234262925839e-17 -1
vn 0 -6.123234262925839e-17 -1
vn 0 -6.123234262925839e-17 -1
vn 0 -6.123234262925839e-17 -1
vn 0 -6.123234262925839e-17 -1
vn 0 -6.123234262925839e-17 -1
vn 0 -6.123234262925839e-17 -1
vn 0 -6.123234262925839e-17 -1
vn 0 -6.123234262925839e-17 -1
vn 0 -6.123234262925839e-17 -1
vn 0 -6.123234262925839e-17 -1
vn 0 -6.123234262925839e-17 -1
vn 0 -6.123234262925839e-17 -1
vn 0 -6.123234262925839e-17 -1
vn 0 -6.123234262925839e-17 -1
vn 0 -6.123234262925839e-17 -1
vn 0 -6.123234262925839e-17 -1
vn 0 -6.123234262925839e-17 -1
vn 0 -6.123234262925839e-17 -1
vn 0 -6.123234262925839e-17 -1
vn 0 -6.123234262925839e-17 -1
vn 0 -6.123234262925839e-17 -1
vn 0 -6.123234262925839e-17 -1
vn 0 -6.123234262925839e-17 -1
vn 0 -6.123234262925839e-17 -1
vn 0 -6.123234262925839e-17 -1
vn 0 -6.123234262925839e-17 -1
vn 0 -6.123234262925839e-17 -1
vn 0 -6.123234262925839e-17 -1
vn 0 -6.123234262925839e-17 -1
vn 0 -6.123234262925839e-17 -1
vn 0 -6.123234262925839e-17 -1
vn 0 -6.123234262925839e-17 -1
vn 0 -6.123234262925839e-17 -1
vn 0 -6.123234262925839e-17 -1
vn 0 -6.123234262925839e-17 -1
vn 0 -6.123234262925839e-17 -1
vn 0 -6.123234262925839e-17 -1
vn 0 -6.123234262925839e-17 -1
vn 0 -6.123234262925839e-17 -1
vn 0 -6.123234262925839e-17 -1
vn 0 -6.123234262925839e-17 -1
vn 0 -6.123234262925839e-17 -1
vn 0 -6.123234262925839e-17 -1
vn 0 -6.123234262925839e-17 -1
vn 0 -6.123234262925839e-17 -1
f 585/585/585 634/634/634 586/586/586
f 634/634/634 635/635/635 586/586/586
f 586/586/586 635/635/635 587/587/587
f 635/635/635 636/636/636 587/587/587
f 587/587/587 636/636/636 588/588/588
f 636/636/636 637/637/637 588/588/588
f 588/588/588 637/637/637 589/589/589
f 637/637/637 638/638/638 589/589/589
f 589/589/589 638/638/638 590/590/590
f 638/638/638 639/639/639 590/590/590
f 590/590/590 639/639/639 591/591/591
f 639/639/639 640/640/640 591/591/591
f 591/591/591 640/640/640 592/592/592
f 640/640/640 641/641/641 592/592/592
f 592/592/592 641/641/641 593/593/593
f 641/641/641 642/642/642 593/593/593
f 593/593/593 642/642/642 594/594/594
f 642/642/642 643/643/643 594/594/594
f 594/594/594 643/643/643 595/595/595
f 643/643/643 644/644/644 595/595/595
f 595/595/595 644/644/644 596/596/596
f 644/644/644 645/645/645 596/596/596
f 596/596/596 645/645/645 597/597/597
f 645/645/645 646/646/646 597/597/597
f 597/597/597 646/646/646 598/598/598
f 646/646/646 647/647/647 598/598/598
f 598/598/598 647/647/647 599/599/599
f 647/647/647 648/648/648 599/599/599
f 599/599/599 648/648/648 600/600/600
f 648/648/648 649/649/649 600/600/600
f 600/600/600 649/649/649 601/601/601
f 649/649/649 650/650/650 601/601/601
f 601/601/601 650/650/650 602/602/602
f 650/650/650 651/651/651 602/602/602
f 602/602/602 651/651/651 603/603/603
f 651/651/651 652/652/652 603/603/603
f 603/603/603 652/652/652 604/604/604
f 652/652/652 653/653/653 604/604/604
f 604/604/604 653/653/653 605/605/605
f 653/653/653 654/654/654 605/605/605
f 605/605/605 654/654/654 606/606/606
f 654/654/654 655/655/655 606/606/606
f 606/606/606 655/655/655 607/607/607
f 655/655/655 656/656/656 607/607/607
f 607/607/607 656/656/656 608/608/608
f 656/656/656 657/657/657 608/608/608
f 608/608/608 657/657/657 609/609/609
f 657/657/657 658/658/658 609/609/609
f 609/609/609 658/658/658 610/610/610
f 658/658/658 659/659/659 610/610/610
f 610/610/610 659/659/659 611/611/611
f 659/659/659 660/660/660 611/611/611
f 611/611/611 660/660/660 612/612/612
f 660/660/660 661/661/661 612/612/612
f 612/612/612 661/661/661 613/613/613
f 661/661/661 662/662/662 613/613/613
f 613/613/613 662/662/662 614/614/614
f 662/662/662 663/663/663 614/614/614
f 614/614/614 663/663/663 615/615/615
f 663/663/663 664/664/664 615/615/615
f 615/615/615 664/664/664 616/616/616
f 664/664/664 665/665/665 616/616/616
f 616/616/616 665/665/665 617/617/617
f 665/665/665 666/666/666 617/617/617
f 617/617/617 666/666/666 618/618/618
f 666/666/666 667/667/667 618/618/618
f 618/618/618 667/667/667 619/619/619
f 667/667/667 668/668/668 619/619/619
f 619/619/619 668/668/668 620/620/620
f 668/668/668 669/669/669 620/620/620
f 620/620/620 669/669/669 621/621/621
f 669/669/669 670/670/670 621/621/621
f 621/621/621 670/670/670 622/622/622
f 670/670/670 671/671/671 622/622/622
f 622/622/622 671/671/671 623/623/623
f 671/671/671 672/672/672 623/623/623
f 623/623/623 672/672/672 624/624/624
f 672/672/672 673/673/673 624/624/624
f 624/624/624 673/673/673 625/625/625
f 673/673/673 674/674/674 625/625/625
f 625/625/625 674/674/674 626/626/626
f 674/674/674 675/675/675 626/626/626
f 626/626/626 675/675/675 627/627/627
f 675/675/675 676/676/676 627/627/627
f 627/627/627 676/676/676 628/628/628
f 676/676/676 677/677/677 628/628/628
f 628/628/628 677/677/677 629/629/629
f 677/677/677 678/678/678 629/629/629
f 629/629/629 678/678/678 630/630/630
f 678/678/678 679/679/679 630/630/630
f 630/630/630 679/679/679 631/631/631
f 679/679/679 680/680/680 631/631/631
f 631/631/631 680/680/680 632/632/632
f 680/680/680 681/681/681 632/632/632
f 632/632/632 681/681/681 633/633/633
f 681/681/681 682/682/682 633/633/633
f 731/731/731 732/732/732 683/683/683
f 732/732/732 733/733/733 684/684/684
f 733/733/733 734/734/734 685/685/685
f 734/734/734 735/735/735 686/686/686
f 735/735/735 736/736/736 687/687/687
f 736/736/736 737/737/737 688/688/688
f 737/737/737 738/738/738 689/689/689
f 738/738/738 739/739/739 690/690/690
f 739/739/739 740/740/740 691/691/691
f 740/740/740 741/741/741 692/692/692
f 741/741/741 742/742/742 693/693/693
f 742/742/742 743/743/743 694/694/694
f 743/743/743 744/744/744 695/695/695
f 744/744/744 745/745/745 696/696/696
f 745/745/745 746/746/746 697/697/697
f 746/746/746 747/747/747 698/698/698
f 747/747/747 748/748/748 699/699/699
f 748/748/748 749/749/749 700/700/700
f 749/749/749 750/750/750 701/701/701
f 750/750/750 751/751/751 702/702/702
f 751/751/751 752/752/752 703/703/703
f 752/752/752 753/753/753 704/704/704
f 753/753/753 754/754/754 705/705/705
f 754/754/754 755/755/755 706/706/706
f 755/755/755 756/756/756 707/707/707
f 756/756/756 757/757/757 708/708/708
f 757/757/757 758/758/758 709/709/709
f 758/758/758 759/759/759 710/710/710
f 759/759/759 760/760/760 711/711/711
f 760/760/760 761/761/761 712/712/712
f 761/761/761 762/762/762 713/713/713
f 762/762/762 763/763/763 714/714/714
f 763/763/763 764/764/764 715/715/715
f 764/764/764 765/765/765 716/716/716
f 765/765/765 766/766/766 717/717/717
f 766/766/766 767/767/767 718/718/718
f 767/767/767 768/768/768 719/719/719
f 768/768/768 769/769/769 720/720/720
f 769/769/769 770/770/770 721/721/721
f 770/770/770 771/771/771 722/722/722
f 771/771/771 772/772/772 723/723/723
f 772/772/772 773/773/773 724/724/724
f 773/773/773 774/774/774 725/725/725
f 774/774/774 775/775/775 726/726/726
f 775/775/775 776/776/776 727/727/727
f 776/776/776 777/777/777 728/728/728
f 777/777/777 778/778/778 729/729/729
f 778/778/778 779/779/779 730/730/730
f 829/829/829 828/828/828 780/780/780
f 830/830/830 829/829/829 781/781/781
f 831/831/831 830/830/830 782/782/782
f 832/832/832 831/831/831 783/783/783
f 833/833/833 832/832/832 784/784/784
f 834/834/834 833/833/833 785/785/785
f 835/835/835 834/834/834 786/786/786
f 836/836/836 835/835/835 787/787/787
f 837/837/837 836/836/836 788/788/788
f 838/838/838 837/837/837 789/789/789
f 839/839/839 838/838/838 790/790/790
f 840/840/840 839/839/839 791/791/791
f 841/841/841 840/840/840 792/792/792
f 842/842/842 841/841/841 793/793/793
f 843/843/843 842/842/842 794/794/794
f 844/844/844 843/843/843 795/795/795
f 845/845/845 844/844/844 796/796/796
f 846/846/846 845/845/845 797/797/797
f 847/847/847 846/846/846 798/798/798
f 848/848/848 847/847/847 799/799/799
f 849/849/849 848/848/848 800/800/800
f 850/850/850 849/849/849 801/801/801
f 851/851/851 850/850/850 802/802/802
f 852/852/852 851/851/851 803/803/803
f 853/853/853 852/852/852 804/804/804
f 854/854/854 853/853/853 805/805/805
f 855/855/855 854/854/854 806/806/806
f 856/856/856 855/855/855 807/807/807
f 857/857/857 856/856/856 808/808/808
f 858/858/858 857/857/857 809/809/809
f 859/859/859 858/858/858 810/810/810
f 860/860/860 859/859/859 811/811/811
f 861/861/861 860/860/860 812/812/812
f 862/862/862 861/861/861 813/813/813
f 863/863/863 862/862/862 814/814/814
f 864/864/864 863/863/863 815/815/815
f 865/865/865 864/864/864 816/816/816
f 866/866/866 865/865/865 817/817/817
f 867/867/867 866/866/866 818/818/818
f 868/868/868 867/867/867 819/819/819
f 869/869/869 868/868/868 820/820/820
f 870/870/870 869/869/869 821/821/821
f 871/871/871 870/870/870 822/822/822
f 872/872/872 871/871/871 823/823/823
f 873/873/873 872/872/872 824/824/824
f 874/874/874 873/873/873 825/825/825
f 875/875/875 874/874/874 826/826/826
f 876/876/876 875/875/875 827/827/827
