mtllib mount.mtl
o housing
usemtl housing_white
v 0 -0.029999999329447732 0.07000000014901162
v 0.003915785811841488 -0.0297433454543352 0.07000000014901162
v 0.007764571346342564 -0.028977774083614335 0.07000000014901162
v 0.011480502784252167 -0.027716385200619684 0.07000000014901162
v 0.014999999664723873 -0.025980761274695383 0.07000000014901162
v 0.018262842670083046 -0.02380060032010077 0.07000000014901162
v 0.02121320366859436 -0.02121320366859435 0.07000000014901162
v 0.023800600320100784 -0.018262842670083036 0.07000000014901162
v 0.025980761274695396 -0.014999999664723863 0.0700000001490116
v 0.027716385200619698 -0.011480502784252158 0.0700000001490116
v 0.02897777408361435 -0.007764571346342554 0.0700000001490116
v 0.029743345454335213 -0.003915785811841479 0.0700000001490116
v 0.029999999329447746 5.934590967944599e-18 0.0700000001490116
v 0.029743345454335213 0.003915785811841495 0.0700000001490116
v 0.02897777408361435 0.00776457134634257 0.0700000001490116
v 0.027716385200619698 0.011480502784252172 0.0700000001490116
v 0.025980761274695396 0.014999999664723877 0.0700000001490116
v 0.023800600320100784 0.01826284267008305 0.07000000014901159
v 0.02121320366859436 0.021213203668594364 0.07000000014901159
v 0.018262842670083046 0.023800600320100784 0.07000000014901159
v 0.014999999664723873 0.025980761274695396 0.07000000014901159
v 0.011480502784252167 0.027716385200619698 0.07000000014901159
v 0.007764571346342564 0.02897777408361435 0.07000000014901159
v 0.003915785811841488 0.029743345454335213 0.07000000014901159
v 3.673940475037442e-18 0.029999999329447746 0.07000000014901159
v -0.003915785811841488 0.029743345454335213 0.07000000014901159
v -0.007764571346342564 0.02897777408361435 0.07000000014901159
v -0.011480502784252167 0.027716385200619698 0.07000000014901159
v -0.014999999664723873 0.025980761274695396 0.07000000014901159
v -0.018262842670083046 0.023800600320100784 0.07000000014901159
v -0.02121320366859436 0.021213203668594364 0.07000000014901159
v -0.023800600320100784 0.01826284267008305 0.07000000014901159
v -0.025980761274695396 0.014999999664723877 0.0700000001490116
v -0.027716385200619698 0.011480502784252172 0.0700000001490116
v -0.02897777408361435 0.00776457134634257 0.0700000001490116
v -0.029743345454335213 0.003915785811841495 0.0700000001490116
v -0.029999999329447746 1.3282471711224329e-17 0.0700000001490116
v -0.029743345454335213 -0.003915785811841479 0.0700000001490116
v -0.02897777408361435 -0.007764571346342554 0.0700000001490116
v -0.027716385200619698 -0.011480502784252158 0.0700000001490116
v -0.025980761274695396 -0.014999999664723863 0.0700000001490116
v -0.023800600320100784 -0.018262842670083036 0.07000000014901162
v -0.02121320366859436 -0.02121320366859435 0.07000000014901162
v -0.018262842670083046 -0.02380060032010077 0.07000000014901162
v -0.014999999664723873 -0.025980761274695383 0.07000000014901162
v -0.011480502784252167 -0.027716385200619684 0.07000000014901162
v -0.007764571346342564 -0.028977774083614335 0.07000000014901162
v -0.003915785811841488 -0.0297433454543352 0.07000000014901162
v -7.347880950074885e-18 -0.029999999329447732 0.07000000014901162
v 0 -0.029999999329447746 -1.4901160166891358e-10
v 0.003915785811841488 -0.029743345454335213 -1.4901160166891358e-10
v 0.007764571346342564 -0.02897777408361435 -1.4901160166891358e-10
v 0.011480502784252167 -0.027716385200619698 -1.4901160166891358e-10
v 0.014999999664723873 -0.025980761274695396 -1.4901160166891358e-10
v 0.018262842670083046 -0.023800600320100784 -1.4901160166891358e-10
v 0.02121320366859436 -0.021213203668594364 -1.4901160166891358e-10
v 0.023800600320100784 -0.01826284267008305 -1.4901160166891358e-10
v 0.025980761274695396 -0.014999999664723877 -1.490116086078075e-10
v 0.027716385200619698 -0.011480502784252172 -1.490116086078075e-10
v 0.02897777408361435 -0.00776457134634257 -1.490116086078075e-10
v 0.029743345454335213 -0.003915785811841495 -1.490116086078075e-10
v 0.029999999329447746 -9.608531442982041e-18 -1.490116086078075e-10
v 0.029743345454335213 0.003915785811841479 -1.490116086078075e-10
v 0.02897777408361435 0.007764571346342554 -1.490116086078075e-10
v 0.027716385200619698 0.011480502784252158 -1.490116086078075e-10
v 0.025980761274695396 0.014999999664723863 -1.490116086078075e-10
v 0.023800600320100784 0.018262842670083036 -1.490116155467014e-10
v 0.02121320366859436 0.02121320366859435 -1.490116155467014e-10
v 0.018262842670083046 0.02380060032010077 -1.490116155467014e-10
v 0.014999999664723873 0.025980761274695383 -1.490116155467014e-10
v 0.011480502784252167 0.027716385200619684 -1.490116155467014e-10
v 0.007764571346342564 0.028977774083614335 -1.490116155467014e-10
v 0.003915785811841488 0.0297433454543352 -1.490116155467014e-10
v 3.673940475037442e-18 0.029999999329447732 -1.490116155467014e-10
v -0.003915785811841488 0.0297433454543352 -1.490116155467014e-10
v -0.007764571346342564 0.028977774083614335 -1.490116155467014e-10
v -0.011480502784252167 0.027716385200619684 -1.490116155467014e-10
v -0.014999999664723873 0.025980761274695383 -1.490116155467014e-10
v -0.018262842670083046 0.02380060032010077 -1.490116155467014e-10
v -0.02121320366859436 0.02121320366859435 -1.490116155467014e-10
v -0.023800600320100784 0.018262842670083036 -1.490116155467014e-10
v -0.025980761274695396 0.014999999664723863 -1.490116086078075e-10
v -0.027716385200619698 0.011480502784252158 -1.490116086078075e-10
v -0.02897777408361435 0.007764571346342554 -1.490116086078075e-10
v -0.029743345454335213 0.003915785811841479 -1.490116086078075e-10
v -0.029999999329447746 -2.2606506997023115e-18 -1.490116086078075e-10
v -0.029743345454335213 -0.003915785811841495 -1.490116086078075e-10
v -0.02897777408361435 -0.00776457134634257 -1.490116086078075e-10
v -0.027716385200619698 -0.011480502784252172 -1.490116086078075e-10
v -0.025980761274695396 -0.014999999664723877 -1.490116086078075e-10
v -0.023800600320100784 -0.01826284267008305 -1.4901160166891358e-10
v -0.02121320366859436 -0.021213203668594364 -1.4901160166891358e-10
v -0.018262842670083046 -0.023800600320100784 -1.4901160166891358e-10
v -0.014999999664723873 -0.025980761274695396 -1.4901160166891358e-10
v -0.011480502784252167 -0.027716385200619698 -1.4901160166891358e-10
v -0.007764571346342564 -0.02897777408361435 -1.4901160166891358e-10
v -0.003915785811841488 -0.029743345454335213 -1.4901160166891358e-10
v -7.347880950074885e-18 -0.029999999329447746 -1.4901160166891358e-10
v 0 7.77156120546332e-18 0.0700000001490116
v 0 7.77156120546332e-18 0.0700000001490116
v 0 7.77156120546332e-18 0.0700000001490116
v 0 7.77156120546332e-18 0.0700000001490116
v 0 7.77156120546332e-18 0.0700000001490116
v 0 7.77156120546332e-18 0.0700000001490116
v 0 7.77156120546332e-18 0.0700000001490116
v 0 7.77156120546332e-18 0.0700000001490116
v 0 7.77156120546332e-18 0.0700000001490116
v 0 7.77156120546332e-18 0.0700000001490116
v 0 7.77156120546332e-18 0.0700000001490116
v 0 7.77156120546332e-18 0.0700000001490116
v 0 7.77156120546332e-18 0.0700000001490116
v 0 7.77156120546332e-18 0.0700000001490116
v 0 7.77156120546332e-18 0.0700000001490116
v 0 7.77156120546332e-18 0.0700000001490116
v 0 7.77156120546332e-18 0.0700000001490116
v 0 7.77156120546332e-18 0.0700000001490116
v 0 7.77156120546332e-18 0.0700000001490116
v 0 7.77156120546332e-18 0.0700000001490116
v 0 7.77156120546332e-18 0.0700000001490116
v 0 7.77156120546332e-18 0.0700000001490116
v 0 7.77156120546332e-18 0.0700000001490116
v 0 7.77156120546332e-18 0.0700000001490116
v 0 7.77156120546332e-18 0.0700000001490116
v 0 7.77156120546332e-18 0.0700000001490116
v 0 7.77156120546332e-18 0.0700000001490116
v 0 7.77156120546332e-18 0.0700000001490116
v 0 7.77156120546332e-18 0.0700000001490116
v 0 7.77156120546332e-18 0.0700000001490116
v 0 7.77156120546332e-18 0.0700000001490116
v 0 7.77156120546332e-18 0.0700000001490116
v 0 7.77156120546332e-18 0.0700000001490116
v 0 7.77156120546332e-18 0.0700000001490116
v 0 7.77156120546332e-18 0.0700000001490116
v 0 7.77156120546332e-18 0.0700000001490116
v 0 7.77156120546332e-18 0.0700000001490116
v 0 7.77156120546332e-18 0.0700000001490116
v 0 7.77156120546332e-18 0.0700000001490116
v 0 7.77156120546332e-18 0.0700000001490116
v 0 7.77156120546332e-18 0.0700000001490116
v 0 7.77156120546332e-18 0.0700000001490116
v 0 7.77156120546332e-18 0.0700000001490116
v 0 7.77156120546332e-18 0.0700000001490116
v 0 7.77156120546332e-18 0.0700000001490116
v 0 7.77156120546332e-18 0.0700000001490116
v 0 7.77156120546332e-18 0.0700000001490116
v 0 7.77156120546332e-18 0.0700000001490116
v 0 -0.029999999329447732 0.07000000014901162
v 0.003915785811841488 -0.0297433454543352 0.07000000014901162
v 0.007764571346342564 -0.028977774083614335 0.07000000014901162
v 0.011480502784252167 -0.027716385200619684 0.07000000014901162
v 0.014999999664723873 -0.025980761274695383 0.07000000014901162
v 0.018262842670083046 -0.02380060032010077 0.07000000014901162
v 0.02121320366859436 -0.02121320366859435 0.07000000014901162
v 0.023800600320100784 -0.018262842670083036 0.07000000014901162
v 0.025980761274695396 -0.014999999664723863 0.0700000001490116
v 0.027716385200619698 -0.011480502784252158 0.0700000001490116
v 0.02897777408361435 -0.007764571346342554 0.0700000001490116
v 0.029743345454335213 -0.003915785811841479 0.0700000001490116
v 0.029999999329447746 5.934590967944599e-18 0.0700000001490116
v 0.029743345454335213 0.003915785811841495 0.0700000001490116
v 0.02897777408361435 0.00776457134634257 0.0700000001490116
v 0.027716385200619698 0.011480502784252172 0.0700000001490116
v 0.025980761274695396 0.014999999664723877 0.0700000001490116
v 0.023800600320100784 0.01826284267008305 0.07000000014901159
v 0.02121320366859436 0.021213203668594364 0.07000000014901159
v 0.018262842670083046 0.023800600320100784 0.07000000014901159
v 0.014999999664723873 0.025980761274695396 0.07000000014901159
v 0.011480502784252167 0.027716385200619698 0.07000000014901159
v 0.007764571346342564 0.02897777408361435 0.07000000014901159
v 0.003915785811841488 0.029743345454335213 0.07000000014901159
v 3.673940475037442e-18 0.029999999329447746 0.07000000014901159
v -0.003915785811841488 0.029743345454335213 0.07000000014901159
v -0.007764571346342564 0.02897777408361435 0.07000000014901159
v -0.011480502784252167 0.027716385200619698 0.07000000014901159
v -0.014999999664723873 0.025980761274695396 0.07000000014901159
v -0.018262842670083046 0.023800600320100784 0.07000000014901159
v -0.02121320366859436 0.021213203668594364 0.07000000014901159
v -0.023800600320100784 0.01826284267008305 0.07000000014901159
v -0.025980761274695396 0.014999999664723877 0.0700000001490116
v -0.027716385200619698 0.011480502784252172 0.0700000001490116
v -0.02897777408361435 0.00776457134634257 0.0700000001490116
v -0.029743345454335213 0.003915785811841495 0.0700000001490116
v -0.029999999329447746 1.3282471711224329e-17 0.0700000001490116
v -0.029743345454335213 -0.003915785811841479 0.0700000001490116
v -0.02897777408361435 -0.007764571346342554 0.0700000001490116
v -0.027716385200619698 -0.011480502784252158 0.0700000001490116
v -0.025980761274695396 -0.014999999664723863 0.0700000001490116
v -0.023800600320100784 -0.018262842670083036 0.07000000014901162
v -0.02121320366859436 -0.02121320366859435 0.07000000014901162
v -0.018262842670083046 -0.02380060032010077 0.07000000014901162
v -0.014999999664723873 -0.025980761274695383 0.07000000014901162
v -0.011480502784252167 -0.027716385200619684 0.07000000014901162
v -0.007764571346342564 -0.028977774083614335 0.07000000014901162
v -0.003915785811841488 -0.0297433454543352 0.07000000014901162
v -7.347880950074885e-18 -0.029999999329447732 0.07000000014901162
v 0 -7.77156120546332e-18 -1.490116086078075e-10
v 0 -7.77156120546332e-18 -1.490116086078075e-10
v 0 -7.77156120546332e-18 -1.490116086078075e-10
v 0 -7.77156120546332e-18 -1.490116086078075e-10
v 0 -7.77156120546332e-18 -1.490116086078075e-10
v 0 -7.77156120546332e-18 -1.490116086078075e-10
v 0 -7.77156120546332e-18 -1.490116086078075e-10
v 0 -7.77156120546332e-18 -1.490116086078075e-10
v 0 -7.77156120546332e-18 -1.490116086078075e-10
v 0 -7.77156120546332e-18 -1.490116086078075e-10
v 0 -7.77156120546332e-18 -1.490116086078075e-10
v 0 -7.77156120546332e-18 -1.490116086078075e-10
v 0 -7.77156120546332e-18 -1.490116086078075e-10
v 0 -7.77156120546332e-18 -1.490116086078075e-10
v 0 -7.77156120546332e-18 -1.490116086078075e-10
v 0 -7.77156120546332e-18 -1.490116086078075e-10
v 0 -7.77156120546332e-18 -1.490116086078075e-10
v 0 -7.77156120546332e-18 -1.490116086078075e-10
v 0 -7.77156120546332e-18 -1.490116086078075e-10
v 0 -7.77156120546332e-18 -1.490116086078075e-10
v 0 -7.77156120546332e-18 -1.490116086078075e-10
v 0 -7.77156120546332e-18 -1.490116086078075e-10
v 0 -7.77156120546332e-18 -1.490116086078075e-10
v 0 -7.77156120546332e-18 -1.490116086078075e-10
v 0 -7.77156120546332e-18 -1.490116086078075e-10
v 0 -7.77156120546332e-18 -1.490116086078075e-10
v 0 -7.77156120546332e-18 -1.490116086078075e-10
v 0 -7.77156120546332e-18 -1.490116086078075e-10
v 0 -7.77156120546332e-18 -1.490116086078075e-10
v 0 -7.77156120546332e-18 -1.490116086078075e-10
v 0 -7.77156120546332e-18 -1.490116086078075e-10
v 0 -7.77156120546332e-18 -1.490116086078075e-10
v 0 -7.77156120546332e-18 -1.490116086078075e-10
v 0 -7.77156120546332e-18 -1.490116086078075e-10
v 0 -7.77156120546332e-18 -1.490116086078075e-10
v 0 -7.77156120546332e-18 -1.490116086078075e-10
v 0 -7.77156120546332e-18 -1.490116086078075e-10
v 0 -7.77156120546332e-18 -1.490116086078075e-10
v 0 -7.77156120546332e-18 -1.490116086078075e-10
v 0 -7.77156120546332e-18 -1.490116086078075e-10
v 0 -7.77156120546332e-18 -1.490116086078075e-10
v 0 -7.77156120546332e-18 -1.490116086078075e-10
v 0 -7.77156120546332e-18 -1.490116086078075e-10
v 0 -7.77156120546332e-18 -1.490116086078075e-10
v 0 -7.77156120546332e-18 -1.490116086078075e-10
v 0 -7.77156120546332e-18 -1.490116086078075e-10
v 0 -7.77156120546332e-18 -1.490116086078075e-10
v 0 -7.77156120546332e-18 -1.490116086078075e-10
v 0 -0.029999999329447746 -1.4901160166891358e-10
v 0.003915785811841488 -0.029743345454335213 -1.4901160166891358e-10
v 0.007764571346342564 -0.02897777408361435 -1.4901160166891358e-10
v 0.011480502784252167 -0.027716385200619698 -1.4901160166891358e-10
v 0.014999999664723873 -0.025980761274695396 -1.4901160166891358e-10
v 0.018262842670083046 -0.023800600320100784 -1.4901160166891358e-10
v 0.02121320366859436 -0.021213203668594364 -1.4901160166891358e-10
v 0.023800600320100784 -0.01826284267008305 -1.4901160166891358e-10
v 0.025980761274695396 -0.014999999664723877 -1.490116086078075e-10
v 0.027716385200619698 -0.011480502784252172 -1.490116086078075e-10
v 0.02897777408361435 -0.00776457134634257 -1.490116086078075e-10
v 0.029743345454335213 -0.003915785811841495 -1.490116086078075e-10
v 0.029999999329447746 -9.608531442982041e-18 -1.490116086078075e-10
v 0.029743345454335213 0.003915785811841479 -1.490116086078075e-10
v 0.02897777408361435 0.007764571346342554 -1.490116086078075e-10
v 0.027716385200619698 0.011480502784252158 -1.490116086078075e-10
v 0.025980761274695396 0.014999999664723863 -1.490116086078075e-10
v 0.023800600320100784 0.018262842670083036 -1.490116155467014e-10
v 0.02121320366859436 0.02121320366859435 -1.490116155467014e-10
v 0.018262842670083046 0.02380060032010077 -1.490116155467014e-10
v 0.014999999664723873 0.025980761274695383 -1.490116155467014e-10
v 0.011480502784252167 0.027716385200619684 -1.490116155467014e-10
v 0.007764571346342564 0.028977774083614335 -1.490116155467014e-10
v 0.003915785811841488 0.0297433454543352 -1.490116155467014e-10
v 3.673940475037442e-18 0.029999999329447732 -1.490116155467014e-10
v -0.003915785811841488 0.0297433454543352 -1.490116155467014e-10
v -0.007764571346342564 0.028977774083614335 -1.490116155467014e-10
v -0.011480502784252167 0.027716385200619684 -1.490116155467014e-10
v -0.014999999664723873 0.025980761274695383 -1.490116155467014e-10
v -0.018262842670083046 0.02380060032010077 -1.490116155467014e-10
v -0.02121320366859436 0.02121320366859435 -1.490116155467014e-10
v -0.023800600320100784 0.018262842670083036 -1.490116155467014e-10
v -0.025980761274695396 0.014999999664723863 -1.490116086078075e-10
v -0.027716385200619698 0.011480502784252158 -1.490116086078075e-10
v -0.02897777408361435 0.007764571346342554 -1.490116086078075e-10
v -0.029743345454335213 0.003915785811841479 -1.490116086078075e-10
v -0.029999999329447746 -2.2606506997023115e-18 -1.490116086078075e-10
v -0.029743345454335213 -0.003915785811841495 -1.490116086078075e-10
v -0.02897777408361435 -0.00776457134634257 -1.490116086078075e-10
v -0.027716385200619698 -0.011480502784252172 -1.490116086078075e-10
v -0.025980761274695396 -0.014999999664723877 -1.490116086078075e-10
v -0.023800600320100784 -0.01826284267008305 -1.4901160166891358e-10
v -0.02121320366859436 -0.021213203668594364 -1.4901160166891358e-10
v -0.018262842670083046 -0.023800600320100784 -1.4901160166891358e-10
v -0.014999999664723873 -0.025980761274695396 -1.4901160166891358e-10
v -0.011480502784252167 -0.027716385200619698 -1.4901160166891358e-10
v -0.007764571346342564 -0.02897777408361435 -1.4901160166891358e-10
v -0.003915785811841488 -0.029743345454335213 -1.4901160166891358e-10
v -7.347880950074885e-18 -0.029999999329447746 -1.4901160166891358e-10
vt 0 1
vt 0.02083333395421505 1
vt 0.0416666679084301 1
vt 0.0625 1
vt 0.0833333358168602 1
vt 0.1041666641831398 1
vt 0.125 1
vt 0.1458333283662796 1
vt 0.1666666716337204 1
vt 0.1875 1
vt 0.2083333283662796 1
vt 0.2291666716337204 1
vt 0.25 1
vt 0.2708333432674408 1
vt 0.2916666567325592 1
vt 0.3125 1
vt 0.3333333432674408 1
vt 0.3541666567325592 1
vt 0.375 1
vt 0.3958333432674408 1
vt 0.4166666567325592 1
vt 0.4375 1
vt 0.4583333432674408 1
vt 0.4791666567325592 1
vt 0.5 1
vt 0.5208333134651184 1
vt 0.5416666865348816 1
vt 0.5625 1
vt 0.5833333134651184 1
vt 0.6041666865348816 1
vt 0.625 1
vt 0.6458333134651184 1
vt 0.6666666865348816 1
vt 0.6875 1
vt 0.7083333134651184 1
vt 0.7291666865348816 1
vt 0.75 1
vt 0.7708333134651184 1
vt 0.7916666865348816 1
vt 0.8125 1
vt 0.8333333134651184 1
vt 0.8541666865348816 1
vt 0.875 1
vt 0.8958333134651184 1
vt 0.9166666865348816 1
vt 0.9375 1
vt 0.9583333134651184 1
vt 0.9791666865348816 1
vt 1 1
vt 0 0
vt 0.02083333395421505 0
vt 0.0416666679084301 0
vt 0.0625 0
vt 0.0833333358168602 0
vt 0.1041666641831398 0
vt 0.125 0
vt 0.1458333283662796 0
vt 0.1666666716337204 0
vt 0.1875 0
vt 0.2083333283662796 0
vt 0.2291666716337204 0
vt 0.25 0
vt 0.2708333432674408 0
vt 0.2916666567325592 0
vt 0.3125 0
vt 0.3333333432674408 0
vt 0.3541666567325592 0
vt 0.375 0
vt 0.3958333432674408 0
vt 0.4166666567325592 0
vt 0.4375 0
vt 0.4583333432674408 0
vt 0.4791666567325592 0
vt 0.5 0
vt 0.5208333134651184 0
vt 0.5416666865348816 0
vt 0.5625 0
vt 0.5833333134651184 0
vt 0.6041666865348816 0
vt 0.625 0
vt 0.6458333134651184 0
vt 0.6666666865348816 0
vt 0.6875 0
vt 0.7083333134651184 0
vt 0.7291666865348816 0
vt 0.75 0
vt 0.7708333134651184 0
vt 0.7916666865348816 0
vt 0.8125 0
vt 0.8333333134651184 0
vt 0.8541666865348816 0
vt 0.875 0
vt 0.8958333134651184 0
vt 0.9166666865348816 0
vt 0.9375 0
vt 0.9583333134651184 0
vt 0.9791666865348816 0
vt 1 0
vt 0.5 0.5
vt 0.5 0.5
vt 0.5 0.5
vt 0.5 0.5
vt 0.5 0.5
vt 0.5 0.5
vt 0.5 0.5
vt 0.5 0.5
vt 0.5 0.5
vt 0.5 0.5
vt 0.5 0.5
vt 0.5 0.5
vt 0.5 0.5
vt 0.5 0.5
vt 0.5 0.5
vt 0.5 0.5
vt 0.5 0.5
vt 0.5 0.5
vt 0.5 0.5
vt 0.5 0.5
vt 0.5 0.5
vt 0.5 0.5
vt 0.5 0.5
vt 0.5 0.5
vt 0.5 0.5
vt 0.5 0.5
vt 0.5 0.5
vt 0.5 0.5
vt 0.5 0.5
vt 0.5 0.5
vt 0.5 0.5
vt 0.5 0.5
vt 0.5 0.5
vt 0.5 0.5
vt 0.5 0.5
vt 0.5 0.5
vt 0.5 0.5
vt 0.5 0.5
vt 0.5 0.5
vt 0.5 0.5
vt 0.5 0.5
vt 0.5 0.5
vt 0.5 0.5
vt 0.5 0.5
vt 0.5 0.5
vt 0.5 0.5
vt 0.5 0.5
vt 0.5 0.5
vt 1 0.5
vt 0.9957224130630493 0.5652630925178528
vt 0.9829629063606262 0.6294095516204834
vt 0.9619397521018982 0.6913416981697083
vt 0.9330127239227295 0.75
vt 0.8966766595840454 0.8043807148933411
vt 0.8535534143447876 0.8535534143447876
vt 0.8043807148933411 0.8966766595840454
vt 0.75 0.9330127239227295
vt 0.6913416981697083 0.9619397521018982
vt 0.6294095516204834 0.9829629063606262
vt 0.5652630925178528 0.9957224130630493
vt 0.5 1
vt 0.4347369074821472 0.9957224130630493
vt 0.370590478181839 0.9829629063606262
vt 0.30865827202796936 0.9619397521018982
vt 0.25 0.9330127239227295
vt 0.19561928510665894 0.8966766595840454
vt 0.1464466154575348 0.8535534143447876
vt 0.10332333296537399 0.8043807148933411
vt 0.0669872984290123 0.75
vt 0.03806023299694061 0.6913416981697083
vt 0.017037086188793182 0.6294095516204834
vt 0.004277569241821766 0.5652630925178528
vt 0 0.5
vt 0.004277569241821766 0.4347369074821472
vt 0.017037086188793182 0.370590478181839
vt 0.03806023299694061 0.30865827202796936
vt 0.0669872984290123 0.25
vt 0.10332333296537399 0.19561928510665894
vt 0.1464466154575348 0.1464466154575348
vt 0.19561928510665894 0.10332333296537399
vt 0.25 0.0669872984290123
vt 0.30865827202796936 0.03806023299694061
vt 0.370590478181839 0.017037086188793182
vt 0.4347369074821472 0.004277569241821766
vt 0.5 0
vt 0.5652630925178528 0.004277569241821766
vt 0.6294095516204834 0.017037086188793182
vt 0.6913416981697083 0.03806023299694061
vt 0.75 0.0669872984290123
vt 0.8043807148933411 0.10332333296537399
vt 0.8535534143447876 0.1464466154575348
vt 0.8966766595840454 0.19561928510665894
vt 0.9330127239227295 0.25
vt 0.9619397521018982 0.30865827202796936
vt 0.9829629063606262 0.370590478181839
vt 0.9957224130630493 0.4347369074821472
vt 1 0.5
vt 0.5 0.5
vt 0.5 0.5
vt 0.5 0.5
vt 0.5 0.5
vt 0.5 0.5
vt 0.5 0.5
vt 0.5 0.5
vt 0.5 0.5
vt 0.5 0.5
vt 0.5 0.5
vt 0.5 0.5
vt 0.5 0.5
vt 0.5 0.5
vt 0.5 0.5
vt 0.5 0.5
vt 0.5 0.5
vt 0.5 0.5
vt 0.5 0.5
vt 0.5 0.5
vt 0.5 0.5
vt 0.5 0.5
vt 0.5 0.5
vt 0.5 0.5
vt 0.5 0.5
vt 0.5 0.5
vt 0.5 0.5
vt 0.5 0.5
vt 0.5 0.5
vt 0.5 0.5
vt 0.5 0.5
vt 0.5 0.5
vt 0.5 0.5
vt 0.5 0.5
vt 0.5 0.5
vt 0.5 0.5
vt 0.5 0.5
vt 0.5 0.5
vt 0.5 0.5
vt 0.5 0.5
vt 0.5 0.5
vt 0.5 0.5
vt 0.5 0.5
vt 0.5 0.5
vt 0.5 0.5
vt 0.5 0.5
vt 0.5 0.5
vt 0.5 0.5
vt 0.5 0.5
vt 1 0.5
vt 0.9957224130630493 0.4347369074821472
vt 0.9829629063606262 0.370590478181839
vt 0.9619397521018982 0.30865827202796936
vt 0.9330127239227295 0.25
vt 0.8966766595840454 0.19561928510665894
vt 0.8535534143447876 0.1464466154575348
vt 0.8043807148933411 0.10332333296537399
vt 0.75 0.0669872984290123
vt 0.6913416981697083 0.03806023299694061
vt 0.6294095516204834 0.017037086188793182
vt 0.5652630925178528 0.004277569241821766
vt 0.5 0
vt 0.4347369074821472 0.004277569241821766
vt 0.370590478181839 0.017037086188793182
vt 0.30865827202796936 0.03806023299694061
vt 0.25 0.0669872984290123
vt 0.19561928510665894 0.10332333296537399
vt 0.1464466154575348 0.1464466154575348
vt 0.10332333296537399 0.19561928510665894
vt 0.0669872984290123 0.25
vt 0.03806023299694061 0.30865827202796936
vt 0.017037086188793182 0.370590478181839
vt 0.004277569241821766 0.4347369074821472
vt 0 0.5
vt 0.004277569241821766 0.5652630925178528
vt 0.017037086188793182 0.6294095516204834
vt 0.03806023299694061 0.6913416981697083
vt 0.0669872984290123 0.75
vt 0.10332333296537399 0.8043807148933411
vt 0.1464466154575348 0.8535534143447876
vt 0.19561928510665894 0.8966766595840454
vt 0.25 0.9330127239227295
vt 0.30865827202796936 0.9619397521018982
vt 0.370590478181839 0.9829629063606262
vt 0.4347369074821472 0.9957224130630493
vt 0.5 1
vt 0.5652630925178528 0.9957224130630493
vt 0.6294095516204834 0.9829629063606262
vt 0.6913416981697083 0.9619397521018982
vt 0.75 0.9330127239227295
vt 0.8043807148933411 0.8966766595840454
vt 0.8535534143447876 0.8535534143447876
vt 0.8966766595840454 0.8043807148933411
vt 0.9330127239227295 0.75
vt 0.9619397521018982 0.6913416981697083
vt 0.9829629063606262 0.6294095516204834
vt 0.9957224130630493 0.5652630925178528
vt 1 0.5
vn 0 -1 2.2204460492503136e-16
vn 0.130526182006087 -0.9914448627185043 2.2014498284728224e-16
vn 0.2588190471264926 -0.9659258257467466 2.1447861836482103e-16
vn 0.38268343706133684 -0.9238795305660377 2.0514246536285927e-16
vn 0.5000000067305868 -0.8660253998985324 1.922962677755119e-16
vn 0.6087614397000723 -0.7933533320874724 1.7615982718932e-16
vn 0.7071067811865474 -0.7071067811865475 1.5700924586837754e-16
vn 0.7933533320874723 -0.6087614397000726 1.351721933717959e-16
vn 0.8660253998985324 -0.500000006730587 1.110223039570062e-16
vn 0.9238795305660374 -0.38268343706133695 8.497279259363766e-17
vn 0.9659258257467466 -0.25881904712649273 5.746937306627515e-17
vn 0.9914448627185043 -0.13052618200608707 2.898263451591434e-17
vn 1 -6.12323426292584e-17 1.3596311327747838e-32
vn 0.9914448627185043 0.13052618200608707 -2.898263451591434e-17
vn 0.9659258257467466 0.25881904712649273 -5.746937306627515e-17
vn 0.9238795305660374 0.38268343706133695 -8.497279259363766e-17
vn 0.8660253998985324 0.500000006730587 -1.110223039570062e-16
vn 0.7933533320874723 0.6087614397000726 -1.351721933717959e-16
vn 0.7071067811865474 0.7071067811865475 -1.5700924586837754e-16
vn 0.6087614397000723 0.7933533320874724 -1.7615982718932e-16
vn 0.5000000067305868 0.8660253998985324 -1.922962677755119e-16
vn 0.38268343706133684 0.9238795305660377 -2.0514246536285927e-16
vn 0.2588190471264926 0.9659258257467466 -2.1447861836482103e-16
vn 0.130526182006087 0.9914448627185043 -2.2014498284728224e-16
vn 1.2246468525851676e-16 1 -2.2204460492503136e-16
vn -0.130526182006087 0.9914448627185043 -2.2014498284728224e-16
vn -0.2588190471264926 0.9659258257467466 -2.1447861836482103e-16
vn -0.38268343706133684 0.9238795305660377 -2.0514246536285927e-16
vn -0.5000000067305868 0.8660253998985324 -1.922962677755119e-16
vn -0.6087614397000723 0.7933533320874724 -1.7615982718932e-16
vn -0.7071067811865474 0.7071067811865475 -1.5700924586837754e-16
vn -0.7933533320874723 0.6087614397000726 -1.351721933717959e-16
vn -0.8660253998985324 0.500000006730587 -1.110223039570062e-16
vn -0.9238795305660374 0.38268343706133695 -8.497279259363766e-17
vn -0.9659258257467466 0.25881904712649273 -5.746937306627515e-17
vn -0.9914448627185043 0.13052618200608707 -2.898263451591434e-17
vn -1 1.8369701465288543e-16 -4.0788931044507637e-32
vn -0.9914448627185043 -0.13052618200608707 2.898263451591434e-17
vn -0.9659258257467466 -0.25881904712649273 5.746937306627515e-17
vn -0.9238795305660374 -0.38268343706133695 8.497279259363766e-17
vn -0.8660253998985324 -0.500000006730587 1.110223039570062e-16
vn -0.7933533320874723 -0.6087614397000726 1.351721933717959e-16
vn -0.7071067811865474 -0.7071067811865475 1.5700924586837754e-16
vn -0.6087614397000723 -0.7933533320874724 1.7615982718932e-16
vn -0.5000000067305868 -0.8660253998985324 1.922962677755119e-16
vn -0.38268343706133684 -0.9238795305660377 2.0514246536285927e-16
vn -0.2588190471264926 -0.9659258257467466 2.1447861836482103e-16
vn -0.130526182006087 -0.9914448627185043 2.2014498284728224e-16
vn -2.449293705170335e-16 -1 2.2204460492503136e-16
vn 0 -1 2.2204460492503136e-16
vn 0.130526182006087 -0.9914448627185043 2.2014498284728224e-16
vn 0.2588190471264926 -0.9659258257467466 2.1447861836482103e-16
vn 0.38268343706133684 -0.9238795305660377 2.0514246536285927e-16
vn 0.5000000067305868 -0.8660253998985324 1.922962677755119e-16
vn 0.6087614397000723 -0.7933533320874724 1.7615982718932e-16
vn 0.7071067811865474 -0.7071067811865475 1.5700924586837754e-16
vn 0.7933533320874723 -0.6087614397000726 1.351721933717959e-16
vn 0.8660253998985324 -0.500000006730587 1.110223039570062e-16
vn 0.9238795305660374 -0.38268343706133695 8.497279259363766e-17
vn 0.9659258257467466 -0.25881904712649273 5.746937306627515e-17
vn 0.9914448627185043 -0.13052618200608707 2.898263451591434e-17
vn 1 -6.12323426292584e-17 1.3596311327747838e-32
vn 0.9914448627185043 0.13052618200608707 -2.898263451591434e-17
vn 0.9659258257467466 0.25881904712649273 -5.746937306627515e-17
vn 0.9238795305660374 0.38268343706133695 -8.497279259363766e-17
vn 0.8660253998985324 0.500000006730587 -1.110223039570062e-16
vn 0.7933533320874723 0.6087614397000726 -1.351721933717959e-16
vn 0.7071067811865474 0.7071067811865475 -1.5700924586837754e-16
vn 0.6087614397000723 0.7933533320874724 -1.7615982718932e-16
vn 0.5000000067305868 0.8660253998985324 -1.922962677755119e-16
vn 0.38268343706133684 0.9238795305660377 -2.0514246536285927e-16
vn 0.2588190471264926 0.9659258257467466 -2.1447861836482103e-16
vn 0.130526182006087 0.9914448627185043 -2.2014498284728224e-16
vn 1.2246468525851676e-16 1 -2.2204460492503136e-16
vn -0.130526182006087 0.9914448627185043 -2.2014498284728224e-16
vn -0.2588190471264926 0.9659258257467466 -2.1447861836482103e-16
vn -0.38268343706133684 0.9238795305660377 -2.0514246536285927e-16
vn -0.5000000067305868 0.8660253998985324 -1.922962677755119e-16
vn -0.6087614397000723 0.7933533320874724 -1.7615982718932e-16
vn -0.7071067811865474 0.7071067811865475 -1.5700924586837754e-16
vn -0.7933533320874723 0.6087614397000726 -1.351721933717959e-16
vn -0.8660253998985324 0.500000006730587 -1.110223039570062e-16
vn -0.9238795305660374 0.38268343706133695 -8.497279259363766e-17
vn -0.9659258257467466 0.25881904712649273 -5.746937306627515e-17
vn -0.9914448627185043 0.13052618200608707 -2.898263451591434e-17
vn -1 1.8369701465288543e-16 -4.0788931044507637e-32
vn -0.9914448627185043 -0.13052618200608707 2.898263451591434e-17
vn -0.9659258257467466 -0.25881904712649273 5.746937306627515e-17
vn -0.9238795305660374 -0.38268343706133695 8.497279259363766e-17
vn -0.8660253998985324 -0.500000006730587 1.110223039570062e-16
vn -0.7933533320874723 -0.6087614397000726 1.351721933717959e-16
vn -0.7071067811865474 -0.7071067811865475 1.5700924586837754e-16
vn -0.6087614397000723 -0.7933533320874724 1.7615982718932e-16
vn -0.5000000067305868 -0.8660253998985324 1.922962677755119e-16
vn -0.38268343706133684 -0.9238795305660377 2.0514246536285927e-16
vn -0.2588190471264926 -0.9659258257467466 2.1447861836482103e-16
vn -0.130526182006087 -0.9914448627185043 2.2014498284728224e-16
vn -2.449293705170335e-16 -1 2.2204460492503136e-16
vn 0 2.2204460492503136e-16 1
vn 0 2.2204460492503136e-16 1
vn 0 2.2204460492503136e-16 1
vn 0 2.2204460492503136e-16 1
vn 0 2.2204460492503136e-16 1
vn 0 2.2204460492503136e-16 1
vn 0 2.2204460492503136e-16 1
vn 0 2.2204460492503136e-16 1
vn 0 2.2204460492503136e-16 1
vn 0 2.2204460492503136e-16 1
vn 0 2.2204460492503136e-16 1
vn 0 2.2204460492503136e-16 1
vn 0 2.2204460492503136e-16 1
vn 0 2.2204460492503136e-16 1
vn 0 2.2204460492503136e-16 1
vn 0 2.2204460492503136e-16 1
vn 0 2.2204460492503136e-16 1
vn 0 2.2204460492503136e-16 1
vn 0 2.2204460492503136e-16 1
vn 0 2.2204460492503136e-16 1
vn 0 2.2204460492503136e-16 1
vn 0 2.2204460492503136e-16 1
vn 0 2.2204460492503136e-16 1
vn 0 2.2204460492503136e-16 1
vn 0 2.2204460492503136e-16 1
vn 0 2.2204460492503136e-16 1
vn 0 2.2204460492503136e-16 1
vn 0 2.2204460492503136e-16 1
vn 0 2.2204460492503136e-16 1
vn 0 2.2204460492503136e-16 1
vn 0 2.2204460492503136e-16 1
vn 0 2.2204460492503136e-16 1
vn 0 2.2204460492503136e-16 1
vn 0 2.2204460492503136e-16 1
vn 0 2.2204460492503136e-16 1
vn 0 2.2204460492503136e-16 1
vn 0 2.2204460492503136e-16 1
vn 0 2.2204460492503136e-16 1
vn 0 2.2204460492503136e-16 1
vn 0 2.2204460492503136e-16 1
vn 0 2.2204460492503136e-16 1
vn 0 2.2204460492503136e-16 1
vn 0 2.2204460492503136e-16 1
vn 0 2.2204460492503136e-16 1
vn 0 2.2204460492503136e-16 1
vn 0 2.2204460492503136e-16 1
vn 0 2.2204460492503136e-16 1
vn 0 2.2204460492503136e-16 1
vn 0 2.2204460492503136e-16 1
vn 0 2.2204460492503136e-16 1
vn 0 2.2204460492503136e-16 1
vn 0 2.2204460492503136e-16 1
vn 0 2.2204460492503136e-16 1
vn 0 2.2204460492503136e-16 1
vn 0 2.2204460492503136e-16 1
vn 0 2.2204460492503136e-16 1
vn 0 2.2204460492503136e-16 1
vn 0 2.2204460492503136e-16 1
vn 0 2.2204460492503136e-16 1
vn 0 2.2204460492503136e-16 1
vn 0 2.2204460492503136e-16 1
vn 0 2.2204460492503136e-16 1
vn 0 2.2204460492503136e-16 1
vn 0 2.2204460492503136e-16 1
vn 0 2.2204460492503136e-16 1
vn 0 2.2204460492503136e-16 1
vn 0 2.2204460492503136e-16 1
vn 0 2.2204460492503136e-16 1
vn 0 2.2204460492503136e-16 1
vn 0 2.2204460492503136e-16 1
vn 0 2.2204460492503136e-16 1
vn 0 2.2204460492503136e-16 1
vn 0 2.2204460492503136e-16 1
vn 0 2.2204460492503136e-16 1
vn 0 2.2204460492503136e-16 1
vn 0 2.2204460492503136e-16 1
vn 0 2.2204460492503136e-16 1
vn 0 2.2204460492503136e-16 1
vn 0 2.2204460492503136e-16 1
vn 0 2.2204460492503136e-16 1
vn 0 2.2204460492503136e-16 1
vn 0 2.2204460492503136e-16 1
vn 0 2.2204460492503136e-16 1
vn 0 2.2204460492503136e-16 1
vn 0 2.2204460492503136e-16 1
vn 0 2.2204460492503136e-16 1
vn 0 2.2204460492503136e-16 1
vn 0 2.2204460492503136e-16 1
vn 0 2.2204460492503136e-16 1
vn 0 2.2204460492503136e-16 1
vn 0 2.2204460492503136e-16 1
vn 0 2.2204460492503136e-16 1
vn 0 2.2204460492503136e-16 1
vn 0 2.2204460492503136e-16 1
vn 0 2.2204460492503136e-16 1
vn 0 2.2204460492503136e-16 1
vn 0 2.2204460492503136e-16 1
vn 0 -2.2204460492503136e-16 -1
vn 0 -2.2204460492503136e-16 -1
vn 0 -2.2204460492503136e-16 -1
vn 0 -2.2204460492503136e-16 -1
vn 0 -2.2204460492503136e-16 -1
vn 0 -2.2204460492503136e-16 -1
vn 0 -2.2204460492503136e-16 -1
vn 0 -2.2204460492503136e-16 -1
vn 0 -2.2204460492503136e-16 -1
vn 0 -2.2204460492503136e-16 -1
vn 0 -2.2204460492503136e-16 -1
vn 0 -2.2204460492503136e-16 -1
vn 0 -2.2204460492503136e-16 -1
vn 0 -2.2204460492503136e-16 -1
vn 0 -2.2204460492503136e-16 -1
vn 0 -2.2204460492503136e-16 -1
vn 0 -2.2204460492503136e-16 -1
vn 0 -2.2204460492503136e-16 -1
vn 0 -2.2204460492503136e-16 -1
vn 0 -2.2204460492503136e-16 -1
vn 0 -2.2204460492503136e-16 -1
vn 0 -2.2204460492503136e-16 -1
vn 0 -2.2204460492503136e-16 -1
vn 0 -2.2204460492503136e-16 -1
vn 0 -2.2204460492503136e-16 -1
vn 0 -2.2204460492503136e-16 -1
vn 0 -2.2204460492503136e-16 -1
vn 0 -2.2204460492503136e-16 -1
vn 0 -2.2204460492503136e-16 -1
vn 0 -2.2204460492503136e-16 -1
vn 0 -2.2204460492503136e-16 -1
vn 0 -2.2204460492503136e-16 -1
vn 0 -2.2204460492503136e-16 -1
vn 0 -2.2204460492503136e-16 -1
vn 0 -2.2204460492503136e-16 -1
vn 0 -2.2204460492503136e-16 -1
vn 0 -2.2204460492503136e-16 -1
vn 0 -2.2204460492503136e-16 -1
vn 0 -2.2204460492503136e-16 -1
vn 0 -2.2204460492503136e-16 -1
vn 0 -2.2204460492503136e-16 -1
vn 0 -2.2204460492503136e-16 -1
vn 0 -2.2204460492503136e-16 -1
vn 0 -2.2204460492503136e-16 -1
vn 0 -2.2204460492503136e-16 -1
vn 0 -2.2204460492503136e-16 -1
vn 0 -2.2204460492503136e-16 -1
vn 0 -2.2204460492503136e-16 -1
vn 0 -2.2204460492503136e-16 -1
vn 0 -2.2204460492503136e-16 -1
vn 0 -2.2204460492503136e-16 -1
vn 0 -2.2204460492503136e-16 -1
vn 0 -2.2204460492503136e-16 -1
vn 0 -2.2204460492503136e-16 -1
vn 0 -2.2204460492503136e-16 -1
vn 0 -2.2204460492503136e-16 -1
vn 0 -2.2204460492503136e-16 -1
vn 0 -2.2204460492503136e-16 -1
vn 0 -2.2204460492503136e-16 -1
vn 0 -2.2204460492503136e-16 -1
vn 0 -2.2204460492503136e-16 -1
vn 0 -2.2204460492503136e-16 -1
vn 0 -2.2204460492503136e-16 -1
vn 0 -2.2204460492503136e-16 -1
vn 0 -2.2204460492503136e-16 -1
vn 0 -2.2204460492503136e-16 -1
vn 0 -2.2204460492503136e-16 -1
vn 0 -2.2204460492503136e-16 -1
vn 0 -2.2204460492503136e-16 -1
vn 0 -2.2204460492503136e-16 -1
vn 0 -2.2204460492503136e-16 -1
vn 0 -2.2204460492503136e-16 -1
vn 0 -2.2204460492503136e-16 -1
vn 0 -2.2204460492503136e-16 -1
vn 0 -2.2204460492503136e-16 -1
vn 0 -2.2204460492503136e-16 -1
vn 0 -2.2204460492503136e-16 -1
vn 0 -2.2204460492503136e-16 -1
vn 0 -2.2204460492503136e-16 -1
vn 0 -2.2204460492503136e-16 -1
vn 0 -2.2204460492503136e-16 -1
vn 0 -2.2204460492503136e-16 -1
vn 0 -2.2204460492503136e-16 -1
vn 0 -2.2204460492503136e-16 -1
vn 0 -2.2204460492503136e-16 -1
vn 0 -2.2204460492503136e-16 -1
vn 0 -2.2204460492503136e-16 -1
vn 0 -2.2204460492503136e-16 -1
vn 0 -2.2204460492503136e-16 -1
vn 0 -2.2204460492503136e-16 -1
vn 0 -2.2204460492503136e-16 -1
vn 0 -2.2204460492503136e-16 -1
vn 0 -2.2204460492503136e-16 -1
vn 0 -2.2204460492503136e-16 -1
vn 0 -2.2204460492503136e-16 -1
vn 0 -2.2204460492503136e-16 -1
vn 0 -2.2204460492503136e-16 -1
f 1/1/1 50/50/50 2/2/2
f 50/50/50 51/51/51 2/2/2
f 2/2/2 51/51/51 3/3/3
f 51/51/51 52/52/52 3/3/3
f 3/3/3 52/52/52 4/4/4
f 52/52/52 53/53/53 4/4/4
f 4/4/4 53/53/53 5/5/5
f 53/53/53 54/54/54 5/5/5
f 5/5/5 54/54/54 6/6/6
f 54/54/54 55/55/55 6/6/6
f 6/6/6 55/55/55 7/7/7
f 55/55/55 56/56/56 7/7/7
f 7/7/7 56/56/56 8/8/8
f 56/56/56 57/57/57 8/8/8
f 8/8/8 57/57/57 9/9/9
f 57/57/57 58/58/58 9/9/9
f 9/9/9 58/58/58 10/10/10
f 58/58/58 59/59/59 10/10/10
f 10/10/10 59/59/59 11/11/11
f 59/59/59 60/60/60 11/11/11
f 11/11/11 60/60/60 12/12/12
f 60/60/60 61/61/61 12/12/12
f 12/12/12 61/61/61 13/13/13
f 61/61/61 62/62/62 13/13/13
f 13/13/13 62/62/62 14/14/14
f 62/62/62 63/63/63 14/14/14
f 14/14/14 63/63/63 15/15/15
f 63/63/63 64/64/64 15/15/15
f 15/15/15 64/64/64 16/16/16
f 64/64/64 65/65/65 16/16/16
f 16/16/16 65/65/65 17/17/17
f 65/65/65 66/66/66 17/17/17
f 17/17/17 66/66/66 18/18/18
f 66/66/66 67/67/67 18/18/18
f 18/18/18 67/67/67 19/19/19
f 67/67/67 68/68/68 19/19/19
f 19/19/19 68/68/68 20/20/20
f 68/68/68 69/69/69 20/20/20
f 20/20/20 69/69/69 21/21/21
f 69/69/69 70/70/70 21/21/21
f 21/21/21 70/70/70 22/22/22
f 70/70/70 71/71/71 22/22/22
f 22/22/22 71/71/71 23/23/23
f 71/71/71 72/72/72 23/23/23
f 23/23/23 72/72/72 24/24/24
f 72/72/72 73/73/73 24/24/24
f 24/24/24 73/73/73 25/25/25
f 73/73/73 74/74/74 25/25/25
f 25/25/25 74/74/74 26/26/26
f 74/74/74 75/75/75 26/26/26
f 26/26/26 75/75/75 27/27/27
f 75/75/75 76/76/76 27/27/27
f 27/27/27 76/76/76 28/28/28
f 76/76/76 77/77/77 28/28/28
f 28/28/28 77/77/77 29/29/29
f 77/77/77 78/78/78 29/29/29
f 29/29/29 78/78/78 30/30/30
f 78/78/78 79/79/79 30/30/30
f 30/30/30 79/79/79 31/31/31
f 79/79/79 80/80/80 31/31/31
f 31/31/31 80/80/80 32/32/32
f 80/80/80 81/81/81 32/32/32
f 32/32/32 81/81/81 33/33/33
f 81/81/81 82/82/82 33/33/33
f 33/33/33 82/82/82 34/34/34
f 82/82/82 83/83/83 34/34/34
f 34/34/34 83/83/83 35/35/35
f 83/83/83 84/84/84 35/35/35
f 35/35/35 84/84/84 36/36/36
f 84/84/84 85/85/85 36/36/36
f 36/36/36 85/85/85 37/37/37
f 85/85/85 86/86/86 37/37/37
f 37/37/37 86/86/86 38/38/38
f 86/86/86 87/87/87 38/38/38
f 38/38/38 87/87/87 39/39/39
f 87/87/87 88/88/88 39/39/39
f 39/39/39 88/88/88 40/40/40
f 88/88/88 89/89/89 40/40/40
f 40/40/40 89/89/89 41/41/41
f 89/89/89 90/90/90 41/41/41
f 41/41/41 90/90/90 42/42/42
f 90/90/90 91/91/91 42/42/42
f 42/42/42 91/91/91 43/43/43
f 91/91/91 92/92/92 43/43/43
f 43/43/43 92/92/92 44/44/44
f 92/92/92 93/93/93 44/44/44
f 44/44/44 93/93/93 45/45/45
f 93/93/93 94/94/94 45/45/45
f 45/45/45 94/94/94 46/46/46
f 94/94/94 95/95/95 46/46/46
f 46/46/46 95/95/95 47/47/47
f 95/95/95 96/96/96 47/47/47
f 47/47/47 96/96/96 48/48/48
f 96/96/96 97/97/97 48/48/48
f 48/48/48 97/97/97 49/49/49
f 97/97/97 98/98/98 49/49/49
f 147/147/147 148/148/148 99/99/99
f 148/148/148 149/149/149 100/100/100
f 149/149/149 150/150/150 101/101/101
f 150/150/150 151/151/151 102/102/102
f 151/151/151 152/152/152 103/103/103
f 152/152/152 153/153/153 104/104/104
f 153/153/153 154/154/154 105/105/105
f 154/154/154 155/155/155 106/106/106
f 155/155/155 156/156/156 107/107/107
f 156/156/156 157/157/157 108/108/108
f 157/157/157 158/158/158 109/109/109
f 158/158/158 159/159/159 110/110/110
f 159/159/159 160/160/160 111/111/111
f 160/160/160 161/161/161 112/112/112
f 161/161/161 162/162/162 113/113/113
f 162/162/162 163/163/163 114/114/114
f 163/163/163 164/164/164 115/115/115
f 164/164/164 165/165/165 116/116/116
f 165/165/165 166/166/166 117/117/117
f 166/166/166 167/167/167 118/118/118
f 167/167/167 168/168/168 119/119/119
f 168/168/168 169/169/169 120/120/120
f 169/169/169 170/170/170 121/121/121
f 170/170/170 171/171/171 122/122/122
f 171/171/171 172/172/172 123/123/123
f 172/172/172 173/173/173 124/124/124
f 173/173/173 174/174/174 125/125/125
f 174/174/174 175/175/175 126/126/126
f 175/175/175 176/176/176 127/127/127
f 176/176/176 177/177/177 128/128/128
f 177/177/177 178/178/178 129/129/129
f 178/178/178 179/179/179 130/130/130
f 179/179/179 180/180/180 131/131/131
f 180/180/180 181/181/181 132/132/132
f 181/181/181 182/182/182 133/133/133
f 182/182/182 183/183/183 134/134/134
f 183/183/183 184/184/184 135/135/135
f 184/184/184 185/185/185 136/136/136
f 185/185/185 186/186/186 137/137/137
f 186/186/186 187/187/187 138/138/138
f 187/187/187 188/188/188 139/139/139
f 188/188/188 189/189/189 140/140/140
f 189/189/189 190/190/190 141/141/141
f 190/190/190 191/191/191 142/142/142
f 191/191/191 192/192/192 143/143/143
f 192/192/192 193/193/193 144/144/144
f 193/193/193 194/194/194 145/145/145
f 194/194/194 195/195/195 146/146/146
f 245/245/245 244/244/244 196/196/196
f 246/246/246 245/245/245 197/197/197
f 247/247/247 246/246/246 198/198/198
f 248/248/248 247/247/247 199/199/199
f 249/249/249 248/248/248 200/200/200
f 250/250/250 249/249/249 201/201/201
f 251/251/251 250/250/250 202/202/202
f 252/252/252 251/251/251 203/203/203
f 253/253/253 252/252/252 204/204/204
f 254/254/254 253/253/253 205/205/205
f 255/255/255 254/254/254 206/206/206
f 256/256/256 255/255/255 207/207/207
f 257/257/257 256/256/256 208/208/208
f 258/258/258 257/257/257 209/209/209
f 259/259/259 258/258/258 210/210/210
f 260/260/260 259/259/259 211/211/211
f 261/261/261 260/260/260 212/212/212
f 262/262/262 261/261/261 213/213/213
f 263/263/263 262/262/262 214/214/214
f 264/264/264 263/263/263 215/215/215
f 265/265/265 264/264/264 216/216/216
f 266/266/266 265/265/265 217/217/217
f 267/267/267 266/266/266 218/218/218
f 268/268/268 267/267/267 219/219/219
f 269/269/269 268/268/268 220/220/220
f 270/270/270 269/269/269 221/221/221
f 271/271/271 270/270/270 222/222/222
f 272/272/272 271/271/271 223/223/223
f 273/273/273 272/272/272 224/224/224
f 274/274/274 273/273/273 225/225/225
f 275/275/275 274/274/274 226/226/226
f 276/276/276 275/275/275 227/227/227
f 277/277/277 276/276/276 228/228/228
f 278/278/278 277/277/277 229/229/229
f 279/279/279 278/278/278 230/230/230
f 280/280/280 279/279/279 231/231/231
f 281/281/281 280/280/280 232/232/232
f 282/282/282 281/281/281 233/233/233
f 283/283/283 282/282/282 234/234/234
f 284/284/284 283/283/283 235/235/235
f 285/285/285 284/284/284 236/236/236
f 286/286/286 285/285/285 237/237/237
f 287/287/287 286/286/286 238/238/238
f 288/288/288 287/287/287 239/239/239
f 289/289/289 288/288/288 240/240/240
f 290/290/290 289/289/289 241/241/241
f 291/291/291 290/290/290 242/242/242
f 292/292/292 291/291/291 243/243/243
o base_ring
usemtl anodized_aluminium
v 0 -0.02999999932944774 0.07600000002607703
v 0.003915785811841488 -0.029743345454335206 0.07600000002607703
v 0.007764571346342564 -0.028977774083614342 0.07600000002607703
v 0.011480502784252167 -0.02771638520061969 0.07600000002607703
v 0.014999999664723873 -0.02598076127469539 0.07600000002607703
v 0.018262842670083046 -0.023800600320100777 0.07600000002607703
v 0.02121320366859436 -0.021213203668594357 0.07600000002607703
v 0.023800600320100784 -0.018262842670083042 0.07600000002607703
v 0.025980761274695396 -0.01499999966472387 0.07600000002607703
v 0.027716385200619698 -0.011480502784252165 0.07600000002607703
v 0.02897777408361435 -0.007764571346342561 0.07600000002607703
v 0.029743345454335213 -0.003915785811841486 0.07600000002607703
v 0.029999999329447746 -1.1708364169533626e-18 0.07600000002607703
v 0.029743345454335213 0.003915785811841488 0.07600000002607703
v 0.02897777408361435 0.007764571346342563 0.07600000002607703
v 0.027716385200619698 0.011480502784252165 0.07600000002607703
v 0.025980761274695396 0.01499999966472387 0.07600000002607703
v 0.023800600320100784 0.018262842670083042 0.07600000002607703
v 0.02121320366859436 0.021213203668594357 0.07600000002607703
v 0.018262842670083046 0.023800600320100777 0.07600000002607703
v 0.014999999664723873 0.02598076127469539 0.07600000002607703
v 0.011480502784252167 0.02771638520061969 0.07600000002607701
v 0.007764571346342564 0.028977774083614342 0.07600000002607701
v 0.003915785811841488 0.029743345454335206 0.07600000002607701
v 3.673940475037442e-18 0.02999999932944774 0.07600000002607701
v -0.003915785811841488 0.029743345454335206 0.07600000002607701
v -0.007764571346342564 0.028977774083614342 0.07600000002607701
v -0.011480502784252167 0.02771638520061969 0.07600000002607701
v -0.014999999664723873 0.02598076127469539 0.07600000002607703
v -0.018262842670083046 0.023800600320100777 0.07600000002607703
v -0.02121320366859436 0.021213203668594357 0.07600000002607703
v -0.023800600320100784 0.018262842670083042 0.07600000002607703
v -0.025980761274695396 0.01499999966472387 0.07600000002607703
v -0.027716385200619698 0.011480502784252165 0.07600000002607703
v -0.02897777408361435 0.007764571346342563 0.07600000002607703
v -0.029743345454335213 0.003915785811841488 0.07600000002607703
v -0.029999999329447746 6.177044326326367e-18 0.07600000002607703
v -0.029743345454335213 -0.003915785811841486 0.07600000002607703
v -0.02897777408361435 -0.007764571346342561 0.07600000002607703
v -0.027716385200619698 -0.011480502784252165 0.07600000002607703
v -0.025980761274695396 -0.01499999966472387 0.07600000002607703
v -0.023800600320100784 -0.018262842670083042 0.07600000002607703
v -0.02121320366859436 -0.021213203668594357 0.07600000002607703
v -0.018262842670083046 -0.023800600320100777 0.07600000002607703
v -0.014999999664723873 -0.02598076127469539 0.07600000002607703
v -0.011480502784252167 -0.02771638520061969 0.07600000002607703
v -0.007764571346342564 -0.028977774083614342 0.07600000002607703
v -0.003915785811841488 -0.029743345454335206 0.07600000002607703
v -7.347880950074885e-18 -0.02999999932944774 0.07600000002607703
v 0 -0.02999999932944774 0.06999999997392298
v 0.003915785811841488 -0.029743345454335206 0.06999999997392298
v 0.007764571346342564 -0.028977774083614342 0.06999999997392298
v 0.011480502784252167 -0.02771638520061969 0.06999999997392298
v 0.014999999664723873 -0.02598076127469539 0.06999999997392296
v 0.018262842670083046 -0.023800600320100777 0.06999999997392296
v 0.02121320366859436 -0.021213203668594357 0.06999999997392296
v 0.023800600320100784 -0.018262842670083042 0.06999999997392296
v 0.025980761274695396 -0.01499999966472387 0.06999999997392296
v 0.027716385200619698 -0.011480502784252165 0.06999999997392296
v 0.02897777408361435 -0.007764571346342563 0.06999999997392296
v 0.029743345454335213 -0.003915785811841488 0.06999999997392296
v 0.029999999329447746 -2.503104058084079e-18 0.06999999997392296
v 0.029743345454335213 0.003915785811841486 0.06999999997392296
v 0.02897777408361435 0.007764571346342561 0.06999999997392296
v 0.027716385200619698 0.011480502784252165 0.06999999997392296
v 0.025980761274695396 0.01499999966472387 0.06999999997392296
v 0.023800600320100784 0.018262842670083042 0.06999999997392296
v 0.02121320366859436 0.021213203668594357 0.06999999997392296
v 0.018262842670083046 0.023800600320100777 0.06999999997392296
v 0.014999999664723873 0.02598076127469539 0.06999999997392296
v 0.011480502784252167 0.02771638520061969 0.06999999997392296
v 0.007764571346342564 0.028977774083614342 0.06999999997392296
v 0.003915785811841488 0.029743345454335206 0.06999999997392296
v 3.673940475037442e-18 0.02999999932944774 0.06999999997392296
v -0.003915785811841488 0.029743345454335206 0.06999999997392296
v -0.007764571346342564 0.028977774083614342 0.06999999997392296
v -0.011480502784252167 0.02771638520061969 0.06999999997392296
v -0.014999999664723873 0.02598076127469539 0.06999999997392296
v -0.018262842670083046 0.023800600320100777 0.06999999997392296
v -0.02121320366859436 0.021213203668594357 0.06999999997392296
v -0.023800600320100784 0.018262842670083042 0.06999999997392296
v -0.025980761274695396 0.01499999966472387 0.06999999997392296
v -0.027716385200619698 0.011480502784252165 0.06999999997392296
v -0.02897777408361435 0.007764571346342561 0.06999999997392296
v -0.029743345454335213 0.003915785811841486 0.06999999997392296
v -0.029999999329447746 4.8447766851956506e-18 0.06999999997392296
v -0.029743345454335213 -0.003915785811841488 0.06999999997392296
v -0.02897777408361435 -0.007764571346342563 0.06999999997392296
v -0.027716385200619698 -0.011480502784252165 0.06999999997392296
v -0.025980761274695396 -0.01499999966472387 0.06999999997392296
v -0.023800600320100784 -0.018262842670083042 0.06999999997392296
v -0.02121320366859436 -0.021213203668594357 0.06999999997392296
v -0.018262842670083046 -0.023800600320100777 0.06999999997392296
v -0.014999999664723873 -0.02598076127469539 0.06999999997392296
v -0.011480502784252167 -0.02771638520061969 0.06999999997392298
v -0.007764571346342564 -0.028977774083614342 0.06999999997392298
v -0.003915785811841488 -0.029743345454335206 0.06999999997392298
v -7.347880950074885e-18 -0.02999999932944774 0.06999999997392298
v 0 6.661338205653582e-19 0.07600000002607703
v 0 6.661338205653582e-19 0.07600000002607703
v 0 6.661338205653582e-19 0.07600000002607703
v 0 6.661338205653582e-19 0.07600000002607703
v 0 6.661338205653582e-19 0.07600000002607703
v 0 6.661338205653582e-19 0.07600000002607703
v 0 6.661338205653582e-19 0.07600000002607703
v 0 6.661338205653582e-19 0.07600000002607703
v 0 6.661338205653582e-19 0.07600000002607703
v 0 6.661338205653582e-19 0.07600000002607703
v 0 6.661338205653582e-19 0.07600000002607703
v 0 6.661338205653582e-19 0.07600000002607703
v 0 6.661338205653582e-19 0.07600000002607703
v 0 6.661338205653582e-19 0.07600000002607703
v 0 6.661338205653582e-19 0.07600000002607703
v 0 6.661338205653582e-19 0.07600000002607703
v 0 6.661338205653582e-19 0.07600000002607703
v 0 6.661338205653582e-19 0.07600000002607703
v 0 6.661338205653582e-19 0.07600000002607703
v 0 6.661338205653582e-19 0.07600000002607703
v 0 6.661338205653582e-19 0.07600000002607703
v 0 6.661338205653582e-19 0.07600000002607703
v 0 6.661338205653582e-19 0.07600000002607703
v 0 6.661338205653582e-19 0.07600000002607703
v 0 6.661338205653582e-19 0.07600000002607703
v 0 6.661338205653582e-19 0.07600000002607703
v 0 6.661338205653582e-19 0.07600000002607703
v 0 6.661338205653582e-19 0.07600000002607703
v 0 6.661338205653582e-19 0.07600000002607703
v 0 6.661338205653582e-19 0.07600000002607703
v 0 6.661338205653582e-19 0.07600000002607703
v 0 6.661338205653582e-19 0.07600000002607703
v 0 6.661338205653582e-19 0.07600000002607703
v 0 6.661338205653582e-19 0.07600000002607703
v 0 6.661338205653582e-19 0.07600000002607703
v 0 6.661338205653582e-19 0.07600000002607703
v 0 6.661338205653582e-19 0.07600000002607703
v 0 6.661338205653582e-19 0.07600000002607703
v 0 6.661338205653582e-19 0.07600000002607703
v 0 6.661338205653582e-19 0.07600000002607703
v 0 6.661338205653582e-19 0.07600000002607703
v 0 6.661338205653582e-19 0.07600000002607703
v 0 6.661338205653582e-19 0.07600000002607703
v 0 6.661338205653582e-19 0.07600000002607703
v 0 6.661338205653582e-19 0.07600000002607703
v 0 6.661338205653582e-19 0.07600000002607703
v 0 6.661338205653582e-19 0.07600000002607703
v 0 6.661338205653582e-19 0.07600000002607703
v 0 -0.02999999932944774 0.07600000002607703
v 0.003915785811841488 -0.029743345454335206 0.07600000002607703
v 0.007764571346342564 -0.028977774083614342 0.07600000002607703
v 0.011480502784252167 -0.02771638520061969 0.07600000002607703
v 0.014999999664723873 -0.02598076127469539 0.07600000002607703
v 0.018262842670083046 -0.023800600320100777 0.07600000002607703
v 0.02121320366859436 -0.021213203668594357 0.07600000002607703
v 0.023800600320100784 -0.018262842670083042 0.07600000002607703
v 0.025980761274695396 -0.01499999966472387 0.07600000002607703
v 0.027716385200619698 -0.011480502784252165 0.07600000002607703
v 0.02897777408361435 -0.007764571346342561 0.07600000002607703
v 0.029743345454335213 -0.003915785811841486 0.07600000002607703
v 0.029999999329447746 -1.1708364169533626e-18 0.07600000002607703
v 0.029743345454335213 0.003915785811841488 0.07600000002607703
v 0.02897777408361435 0.007764571346342563 0.07600000002607703
v 0.027716385200619698 0.011480502784252165 0.07600000002607703
v 0.025980761274695396 0.01499999966472387 0.07600000002607703
v 0.023800600320100784 0.018262842670083042 0.07600000002607703
v 0.02121320366859436 0.021213203668594357 0.07600000002607703
v 0.018262842670083046 0.023800600320100777 0.07600000002607703
v 0.014999999664723873 0.02598076127469539 0.07600000002607703
v 0.011480502784252167 0.02771638520061969 0.07600000002607701
v 0.007764571346342564 0.028977774083614342 0.07600000002607701
v 0.003915785811841488 0.029743345454335206 0.07600000002607701
v 3.673940475037442e-18 0.02999999932944774 0.07600000002607701
v -0.003915785811841488 0.029743345454335206 0.07600000002607701
v -0.007764571346342564 0.028977774083614342 0.07600000002607701
v -0.011480502784252167 0.02771638520061969 0.07600000002607701
v -0.014999999664723873 0.02598076127469539 0.07600000002607703
v -0.018262842670083046 0.023800600320100777 0.07600000002607703
v -0.02121320366859436 0.021213203668594357 0.07600000002607703
v -0.023800600320100784 0.018262842670083042 0.07600000002607703
v -0.025980761274695396 0.01499999966472387 0.07600000002607703
v -0.027716385200619698 0.011480502784252165 0.07600000002607703
v -0.02897777408361435 0.007764571346342563 0.07600000002607703
v -0.029743345454335213 0.003915785811841488 0.07600000002607703
v -0.029999999329447746 6.177044326326367e-18 0.07600000002607703
v -0.029743345454335213 -0.003915785811841486 0.07600000002607703
v -0.02897777408361435 -0.007764571346342561 0.07600000002607703
v -0.027716385200619698 -0.011480502784252165 0.07600000002607703
v -0.025980761274695396 -0.01499999966472387 0.07600000002607703
v -0.023800600320100784 -0.018262842670083042 0.07600000002607703
v -0.02121320366859436 -0.021213203668594357 0.07600000002607703
v -0.018262842670083046 -0.023800600320100777 0.07600000002607703
v -0.014999999664723873 -0.02598076127469539 0.07600000002607703
v -0.011480502784252167 -0.02771638520061969 0.07600000002607703
v -0.007764571346342564 -0.028977774083614342 0.07600000002607703
v -0.003915785811841488 -0.029743345454335206 0.07600000002607703
v -7.347880950074885e-18 -0.02999999932944774 0.07600000002607703
v 0 -6.661338205653582e-19 0.06999999997392296
v 0 -6.661338205653582e-19 0.06999999997392296
v 0 -6.661338205653582e-19 0.06999999997392296
v 0 -6.661338205653582e-19 0.06999999997392296
v 0 -6.661338205653582e-19 0.06999999997392296
v 0 -6.661338205653582e-19 0.06999999997392296
v 0 -6.661338205653582e-19 0.06999999997392296
v 0 -6.661338205653582e-19 0.06999999997392296
v 0 -6.661338205653582e-19 0.06999999997392296
v 0 -6.661338205653582e-19 0.06999999997392296
v 0 -6.661338205653582e-19 0.06999999997392296
v 0 -6.661338205653582e-19 0.06999999997392296
v 0 -6.661338205653582e-19 0.06999999997392296
v 0 -6.661338205653582e-19 0.06999999997392296
v 0 -6.661338205653582e-19 0.06999999997392296
v 0 -6.661338205653582e-19 0.06999999997392296
v 0 -6.661338205653582e-19 0.06999999997392296
v 0 -6.661338205653582e-19 0.06999999997392296
v 0 -6.661338205653582e-19 0.06999999997392296
v 0 -6.661338205653582e-19 0.06999999997392296
v 0 -6.661338205653582e-19 0.06999999997392296
v 0 -6.661338205653582e-19 0.06999999997392296
v 0 -6.661338205653582e-19 0.06999999997392296
v 0 -6.661338205653582e-19 0.06999999997392296
v 0 -6.661338205653582e-19 0.06999999997392296
v 0 -6.661338205653582e-19 0.06999999997392296
v 0 -6.661338205653582e-19 0.06999999997392296
v 0 -6.661338205653582e-19 0.06999999997392296
v 0 -6.661338205653582e-19 0.06999999997392296
v 0 -6.661338205653582e-19 0.06999999997392296
v 0 -6.661338205653582e-19 0.06999999997392296
v 0 -6.661338205653582e-19 0.06999999997392296
v 0 -6.661338205653582e-19 0.06999999997392296
v 0 -6.661338205653582e-19 0.06999999997392296
v 0 -6.661338205653582e-19 0.06999999997392296
v 0 -6.661338205653582e-19 0.06999999997392296
v 0 -6.661338205653582e-19 0.06999999997392296
v 0 -6.661338205653582e-19 0.06999999997392296
v 0 -6.661338205653582e-19 0.06999999997392296
v 0 -6.661338205653582e-19 0.06999999997392296
v 0 -6.661338205653582e-19 0.06999999997392296
v 0 -6.661338205653582e-19 0.06999999997392296
v 0 -6.661338205653582e-19 0.06999999997392296
v 0 -6.661338205653582e-19 0.06999999997392296
v 0 -6.661338205653582e-19 0.06999999997392296
v 0 -6.661338205653582e-19 0.06999999997392296
v 0 -6.661338205653582e-19 0.06999999997392296
v 0 -6.661338205653582e-19 0.06999999997392296
v 0 -0.02999999932944774 0.06999999997392298
v 0.003915785811841488 -0.029743345454335206 0.06999999997392298
v 0.007764571346342564 -0.028977774083614342 0.06999999997392298
v 0.011480502784252167 -0.02771638520061969 0.06999999997392298
v 0.014999999664723873 -0.02598076127469539 0.06999999997392296
v 0.018262842670083046 -0.023800600320100777 0.06999999997392296
v 0.02121320366859436 -0.021213203668594357 0.06999999997392296
v 0.023800600320100784 -0.018262842670083042 0.06999999997392296
v 0.025980761274695396 -0.01499999966472387 0.06999999997392296
v 0.027716385200619698 -0.011480502784252165 0.06999999997392296
v 0.02897777408361435 -0.007764571346342563 0.06999999997392296
v 0.029743345454335213 -0.003915785811841488 0.06999999997392296
v 0.029999999329447746 -2.503104058084079e-18 0.06999999997392296
v 0.029743345454335213 0.003915785811841486 0.06999999997392296
v 0.02897777408361435 0.007764571346342561 0.06999999997392296
v 0.027716385200619698 0.011480502784252165 0.06999999997392296
v 0.025980761274695396 0.01499999966472387 0.06999999997392296
v 0.023800600320100784 0.018262842670083042 0.06999999997392296
v 0.02121320366859436 0.021213203668594357 0.06999999997392296
v 0.018262842670083046 0.023800600320100777 0.06999999997392296
v 0.014999999664723873 0.02598076127469539 0.06999999997392296
v 0.011480502784252167 0.02771638520061969 0.06999999997392296
v 0.007764571346342564 0.028977774083614342 0.06999999997392296
v 0.003915785811841488 0.029743345454335206 0.06999999997392296
v 3.673940475037442e-18 0.02999999932944774 0.06999999997392296
v -0.003915785811841488 0.029743345454335206 0.06999999997392296
v -0.007764571346342564 0.028977774083614342 0.06999999997392296
v -0.011480502784252167 0.02771638520061969 0.06999999997392296
v -0.014999999664723873 0.02598076127469539 0.06999999997392296
v -0.018262842670083046 0.023800600320100777 0.06999999997392296
v -0.02121320366859436 0.021213203668594357 0.06999999997392296
v -0.023800600320100784 0.018262842670083042 0.06999999997392296
v -0.025980761274695396 0.01499999966472387 0.06999999997392296
v -0.027716385200619698 0.011480502784252165 0.06999999997392296
v -0.02897777408361435 0.007764571346342561 0.06999999997392296
v -0.029743345454335213 0.003915785811841486 0.06999999997392296
v -0.029999999329447746 4.8447766851956506e-18 0.06999999997392296
v -0.029743345454335213 -0.003915785811841488 0.06999999997392296
v -0.02897777408361435 -0.007764571346342563 0.06999999997392296
v -0.027716385200619698 -0.011480502784252165 0.06999999997392296
v -0.025980761274695396 -0.01499999966472387 0.06999999997392296
v -0.023800600320100784 -0.018262842670083042 0.06999999997392296
v -0.02121320366859436 -0.021213203668594357 0.06999999997392296
v -0.018262842670083046 -0.023800600320100777 0.06999999997392296
v -0.014999999664723873 -0.02598076127469539 0.06999999997392296
v -0.011480502784252167 -0.02771638520061969 0.06999999997392298
v -0.007764571346342564 -0.028977774083614342 0.06999999997392298
v -0.003915785811841488 -0.029743345454335206 0.06999999997392298
v -7.347880950074885e-18 -0.02999999932944774 0.06999999997392298
vt 0 1
vt 0.02083333395421505 1
vt 0.0416666679084301 1
vt 0.0625 1
vt 0.0833333358168602 1
vt 0.1041666641831398 1
vt 0.125 1
vt 0.1458333283662796 1
vt 0.1666666716337204 1
vt 0.1875 1
vt 0.2083333283662796 1
vt 0.2291666716337204 1
vt 0.25 1
vt 0.2708333432674408 1
vt 0.2916666567325592 1
vt 0.3125 1
vt 0.3333333432674408 1
vt 0.3541666567325592 1
vt 0.375 1
vt 0.3958333432674408 1
vt 0.4166666567325592 1
vt 0.4375 1
vt 0.4583333432674408 1
vt 0.4791666567325592 1
vt 0.5 1
vt 0.5208333134651184 1
vt 0.5416666865348816 1
vt 0.5625 1
vt 0.5833333134651184 1
vt 0.6041666865348816 1
vt 0.625 1
vt 0.6458333134651184 1
vt 0.6666666865348816 1
vt 0.6875 1
vt 0.7083333134651184 1
vt 0.7291666865348816 1
vt 0.75 1
vt 0.7708333134651184 1
vt 0.7916666865348816 1
vt 0.8125 1
vt 0.8333333134651184 1
vt 0.8541666865348816 1
vt 0.875 1
vt 0.8958333134651184 1
vt 0.9166666865348816 1
vt 0.9375 1
vt 0.9583333134651184 1
vt 0.9791666865348816 1
vt 1 1
vt 0 0
vt 0.02083333395421505 0
vt 0.0416666679084301 0
vt 0.0625 0
vt 0.0833333358168602 0
vt 0.1041666641831398 0
vt 0.125 0
vt 0.1458333283662796 0
vt 0.1666666716337204 0
vt 0.1875 0
vt 0.2083333283662796 0
vt 0.2291666716337204 0
vt 0.25 0
vt 0.2708333432674408 0
vt 0.2916666567325592 0
vt 0.3125 0
vt 0.3333333432674408 0
vt 0.3541666567325592 0
vt 0.375 0
vt 0.3958333432674408 0
vt 0.4166666567325592 0
vt 0.4375 0
vt 0.4583333432674408 0
vt 0.4791666567325592 0
vt 0.5 0
vt 0.5208333134651184 0
vt 0.5416666865348816 0
vt 0.5625 0
vt 0.5833333134651184 0
vt 0.6041666865348816 0
vt 0.625 0
vt 0.6458333134651184 0
vt 0.6666666865348816 0
vt 0.6875 0
vt 0.7083333134651184 0
vt 0.7291666865348816 0
vt 0.75 0
vt 0.7708333134651184 0
vt 0.7916666865348816 0
vt 0.8125 0
vt 0.8333333134651184 0
vt 0.8541666865348816 0
vt 0.875 0
vt 0.8958333134651184 0
vt 0.9166666865348816 0
vt 0.9375 0
vt 0.9583333134651184 0
vt 0.9791666865348816 0
vt 1 0
vt 0.5 0.5
vt 0.5 0.5
vt 0.5 0.5
vt 0.5 0.5
vt 0.5 0.5
vt 0.5 0.5
vt 0.5 0.5
vt 0.5 0.5
vt 0.5 0.5
vt 0.5 0.5
vt 0.5 0.5
vt 0.5 0.5
vt 0.5 0.5
vt 0.5 0.5
vt 0.5 0.5
vt 0.5 0.5
vt 0.5 0.5
vt 0.5 0.5
vt 0.5 0.5
vt 0.5 0.5
vt 0.5 0.5
vt 0.5 0.5
vt 0.5 0.5
vt 0.5 0.5
vt 0.5 0.5
vt 0.5 0.5
vt 0.5 0.5
vt 0.5 0.5
vt 0.5 0.5
vt 0.5 0.5
vt 0.5 0.5
vt 0.5 0.5
vt 0.5 0.5
vt 0.5 0.5
vt 0.5 0.5
vt 0.5 0.5
vt 0.5 0.5
vt 0.5 0.5
vt 0.5 0.5
vt 0.5 0.5
vt 0.5 0.5
vt 0.5 0.5
vt 0.5 0.5
vt 0.5 0.5
vt 0.5 0.5
vt 0.5 0.5
vt 0.5 0.5
vt 0.5 0.5
vt 1 0.5
vt 0.9957224130630493 0.5652630925178528
vt 0.9829629063606262 0.6294095516204834
vt 0.9619397521018982 0.6913416981697083
vt 0.9330127239227295 0.75
vt 0.8966766595840454 0.8043807148933411
vt 0.8535534143447876 0.8535534143447876
vt 0.8043807148933411 0.8966766595840454
vt 0.75 0.9330127239227295
vt 0.6913416981697083 0.9619397521018982
vt 0.6294095516204834 0.9829629063606262
vt 0.5652630925178528 0.9957224130630493
vt 0.5 1
vt 0.4347369074821472 0.9957224130630493
vt 0.370590478181839 0.9829629063606262
vt 0.30865827202796936 0.9619397521018982
vt 0.25 0.9330127239227295
vt 0.19561928510665894 0.8966766595840454
vt 0.1464466154575348 0.8535534143447876
vt 0.10332333296537399 0.8043807148933411
vt 0.0669872984290123 0.75
vt 0.03806023299694061 0.6913416981697083
vt 0.017037086188793182 0.6294095516204834
vt 0.004277569241821766 0.5652630925178528
vt 0 0.5
vt 0.004277569241821766 0.4347369074821472
vt 0.017037086188793182 0.370590478181839
vt 0.03806023299694061 0.30865827202796936
vt 0.0669872984290123 0.25
vt 0.10332333296537399 0.19561928510665894
vt 0.1464466154575348 0.1464466154575348
vt 0.19561928510665894 0.10332333296537399
vt 0.25 0.0669872984290123
vt 0.30865827202796936 0.03806023299694061
vt 0.370590478181839 0.017037086188793182
vt 0.4347369074821472 0.004277569241821766
vt 0.5 0
vt 0.5652630925178528 0.004277569241821766
vt 0.6294095516204834 0.017037086188793182
vt 0.6913416981697083 0.03806023299694061
vt 0.75 0.0669872984290123
vt 0.8043807148933411 0.10332333296537399
vt 0.8535534143447876 0.1464466154575348
vt 0.8966766595840454 0.19561928510665894
vt 0.9330127239227295 0.25
vt 0.9619397521018982 0.30865827202796936
vt 0.9829629063606262 0.370590478181839
vt 0.9957224130630493 0.4347369074821472
vt 1 0.5
vt 0.5 0.5
vt 0.5 0.5
vt 0.5 0.5
vt 0.5 0.5
vt 0.5 0.5
vt 0.5 0.5
vt 0.5 0.5
vt 0.5 0.5
vt 0.5 0.5
vt 0.5 0.5
vt 0.5 0.5
vt 0.5 0.5
vt 0.5 0.5
vt 0.5 0.5
vt 0.5 0.5
vt 0.5 0.5
vt 0.5 0.5
vt 0.5 0.5
vt 0.5 0.5
vt 0.5 0.5
vt 0.5 0.5
vt 0.5 0.5
vt 0.5 0.5
vt 0.5 0.5
vt 0.5 0.5
vt 0.5 0.5
vt 0.5 0.5
vt 0.5 0.5
vt 0.5 0.5
vt 0.5 0.5
vt 0.5 0.5
vt 0.5 0.5
vt 0.5 0.5
vt 0.5 0.5
vt 0.5 0.5
vt 0.5 0.5
vt 0.5 0.5
vt 0.5 0.5
vt 0.5 0.5
vt 0.5 0.5
vt 0.5 0.5
vt 0.5 0.5
vt 0.5 0.5
vt 0.5 0.5
vt 0.5 0.5
vt 0.5 0.5
vt 0.5 0.5
vt 0.5 0.5
vt 1 0.5
vt 0.9957224130630493 0.4347369074821472
vt 0.9829629063606262 0.370590478181839
vt 0.9619397521018982 0.30865827202796936
vt 0.9330127239227295 0.25
vt 0.8966766595840454 0.19561928510665894
vt 0.8535534143447876 0.1464466154575348
vt 0.8043807148933411 0.10332333296537399
vt 0.75 0.0669872984290123
vt 0.6913416981697083 0.03806023299694061
vt 0.6294095516204834 0.017037086188793182
vt 0.5652630925178528 0.004277569241821766
vt 0.5 0
vt 0.4347369074821472 0.004277569241821766
vt 0.370590478181839 0.017037086188793182
vt 0.30865827202796936 0.03806023299694061
vt 0.25 0.0669872984290123
vt 0.19561928510665894 0.10332333296537399
vt 0.1464466154575348 0.1464466154575348
vt 0.10332333296537399 0.19561928510665894
vt 0.0669872984290123 0.25
vt 0.03806023299694061 0.30865827202796936
vt 0.017037086188793182 0.370590478181839
vt 0.004277569241821766 0.4347369074821472
vt 0 0.5
vt 0.004277569241821766 0.5652630925178528
vt 0.017037086188793182 0.6294095516204834
vt 0.03806023299694061 0.6913416981697083
vt 0.0669872984290123 0.75
vt 0.10332333296537399 0.8043807148933411
vt 0.1464466154575348 0.8535534143447876
vt 0.19561928510665894 0.8966766595840454
vt 0.25 0.9330127239227295
vt 0.30865827202796936 0.9619397521018982
vt 0.370590478181839 0.9829629063606262
vt 0.4347369074821472 0.9957224130630493
vt 0.5 1
vt 0.5652630925178528 0.9957224130630493
vt 0.6294095516204834 0.9829629063606262
vt 0.6913416981697083 0.9619397521018982
vt 0.75 0.9330127239227295
vt 0.8043807148933411 0.8966766595840454
vt 0.8535534143447876 0.8535534143447876
vt 0.8966766595840454 0.8043807148933411
vt 0.9330127239227295 0.75
vt 0.9619397521018982 0.6913416981697083
vt 0.9829629063606262 0.6294095516204834
vt 0.9957224130630493 0.5652630925178528
vt 1 0.5
vn 0 -1 2.2204460492503136e-16
vn 0.130526182006087 -0.9914448627185043 2.2014498284728224e-16
vn 0.2588190471264926 -0.9659258257467466 2.1447861836482103e-16
vn 0.38268343706133684 -0.9238795305660377 2.0514246536285927e-16
vn 0.5000000067305868 -0.8660253998985324 1.922962677755119e-16
vn 0.6087614397000723 -0.7933533320874724 1.7615982718932e-16
vn 0.7071067811865474 -0.7071067811865475 1.5700924586837754e-16
vn 0.7933533320874723 -0.6087614397000726 1.351721933717959e-16
vn 0.8660253998985324 -0.500000006730587 1.110223039570062e-16
vn 0.9238795305660374 -0.38268343706133695 8.497279259363766e-17
vn 0.9659258257467466 -0.25881904712649273 5.746937306627515e-17
vn 0.9914448627185043 -0.13052618200608707 2.898263451591434e-17
vn 1 -6.12323426292584e-17 1.3596311327747838e-32
vn 0.9914448627185043 0.13052618200608707 -2.898263451591434e-17
vn 0.9659258257467466 0.25881904712649273 -5.746937306627515e-17
vn 0.9238795305660374 0.38268343706133695 -8.497279259363766e-17
vn 0.8660253998985324 0.500000006730587 -1.110223039570062e-16
vn 0.7933533320874723 0.6087614397000726 -1.351721933717959e-16
vn 0.7071067811865474 0.7071067811865475 -1.5700924586837754e-16
vn 0.6087614397000723 0.7933533320874724 -1.7615982718932e-16
vn 0.5000000067305868 0.8660253998985324 -1.922962677755119e-16
vn 0.38268343706133684 0.9238795305660377 -2.0514246536285927e-16
vn 0.2588190471264926 0.9659258257467466 -2.1447861836482103e-16
vn 0.130526182006087 0.9914448627185043 -2.2014498284728224e-16
vn 1.2246468525851676e-16 1 -2.2204460492503136e-16
vn -0.130526182006087 0.9914448627185043 -2.2014498284728224e-16
vn -0.2588190471264926 0.9659258257467466 -2.1447861836482103e-16
vn -0.38268343706133684 0.9238795305660377 -2.0514246536285927e-16
vn -0.5000000067305868 0.8660253998985324 -1.922962677755119e-16
vn -0.6087614397000723 0.7933533320874724 -1.7615982718932e-16
vn -0.7071067811865474 0.7071067811865475 -1.5700924586837754e-16
vn -0.7933533320874723 0.6087614397000726 -1.351721933717959e-16
vn -0.8660253998985324 0.500000006730587 -1.110223039570062e-16
vn -0.9238795305660374 0.38268343706133695 -8.497279259363766e-17
vn -0.9659258257467466 0.25881904712649273 -5.746937306627515e-17
vn -0.9914448627185043 0.13052618200608707 -2.898263451591434e-17
vn -1 1.8369701465288543e-16 -4.0788931044507637e-32
vn -0.9914448627185043 -0.13052618200608707 2.898263451591434e-17
vn -0.9659258257467466 -0.25881904712649273 5.746937306627515e-17
vn -0.9238795305660374 -0.38268343706133695 8.497279259363766e-17
vn -0.8660253998985324 -0.500000006730587 1.110223039570062e-16
vn -0.7933533320874723 -0.6087614397000726 1.351721933717959e-16
vn -0.7071067811865474 -0.7071067811865475 1.5700924586837754e-16
vn -0.6087614397000723 -0.7933533320874724 1.7615982718932e-16
vn -0.5000000067305868 -0.8660253998985324 1.922962677755119e-16
vn -0.38268343706133684 -0.9238795305660377 2.0514246536285927e-16
vn -0.2588190471264926 -0.9659258257467466 2.1447861836482103e-16
vn -0.130526182006087 -0.9914448627185043 2.2014498284728224e-16
vn -2.449293705170335e-16 -1 2.2204460492503136e-16
vn 0 -1 2.2204460492503136e-16
vn 0.130526182006087 -0.9914448627185043 2.2014498284728224e-16
vn 0.2588190471264926 -0.9659258257467466 2.1447861836482103e-16
vn 0.38268343706133684 -0.9238795305660377 2.0514246536285927e-16
vn 0.5000000067305868 -0.8660253998985324 1.922962677755119e-16
vn 0.6087614397000723 -0.7933533320874724 1.7615982718932e-16
vn 0.7071067811865474 -0.7071067811865475 1.5700924586837754e-16
vn 0.7933533320874723 -0.6087614397000726 1.351721933717959e-16
vn 0.8660253998985324 -0.500000006730587 1.110223039570062e-16
vn 0.9238795305660374 -0.38268343706133695 8.497279259363766e-17
vn 0.9659258257467466 -0.25881904712649273 5.746937306627515e-17
vn 0.9914448627185043 -0.13052618200608707 2.898263451591434e-17
vn 1 -6.12323426292584e-17 1.3596311327747838e-32
vn 0.9914448627185043 0.13052618200608707 -2.898263451591434e-17
vn 0.9659258257467466 0.25881904712649273 -5.746937306627515e-17
vn 0.9238795305660374 0.38268343706133695 -8.497279259363766e-17
vn 0.8660253998985324 0.500000006730587 -1.110223039570062e-16
vn 0.7933533320874723 0.6087614397000726 -1.351721933717959e-16
vn 0.7071067811865474 0.7071067811865475 -1.5700924586837754e-16
vn 0.6087614397000723 0.7933533320874724 -1.7615982718932e-16
vn 0.5000000067305868 0.8660253998985324 -1.922962677755119e-16
vn 0.38268343706133684 0.9238795305660377 -2.0514246536285927e-16
vn 0.2588190471264926 0.9659258257467466 -2.1447861836482103e-16
vn 0.130526182006087 0.9914448627185043 -2.2014498284728224e-16
vn 1.2246468525851676e-16 1 -2.2204460492503136e-16
vn -0.130526182006087 0.9914448627185043 -2.2014498284728224e-16
vn -0.2588190471264926 0.9659258257467466 -2.1447861836482103e-16
vn -0.38268343706133684 0.9238795305660377 -2.0514246536285927e-16
vn -0.5000000067305868 0.8660253998985324 -1.922962677755119e-16
vn -0.6087614397000723 0.7933533320874724 -1.7615982718932e-16
vn -0.7071067811865474 0.7071067811865475 -1.5700924586837754e-16
vn -0.7933533320874723 0.6087614397000726 -1.351721933717959e-16
vn -0.8660253998985324 0.500000006730587 -1.110223039570062e-16
vn -0.9238795305660374 0.38268343706133695 -8.497279259363766e-17
vn -0.9659258257467466 0.25881904712649273 -5.746937306627515e-17
vn -0.9914448627185043 0.13052618200608707 -2.898263451591434e-17
vn -1 1.8369701465288543e-16 -4.0788931044507637e-32
vn -0.9914448627185043 -0.13052618200608707 2.898263451591434e-17
vn -0.9659258257467466 -0.25881904712649273 5.746937306627515e-17
vn -0.9238795305660374 -0.38268343706133695 8.497279259363766e-17
vn -0.8660253998985324 -0.500000006730587 1.110223039570062e-16
vn -0.7933533320874723 -0.6087614397000726 1.351721933717959e-16
vn -0.7071067811865474 -0.7071067811865475 1.5700924586837754e-16
vn -0.6087614397000723 -0.7933533320874724 1.7615982718932e-16
vn -0.5000000067305868 -0.8660253998985324 1.922962677755119e-16
vn -0.38268343706133684 -0.9238795305660377 2.0514246536285927e-16
vn -0.2588190471264926 -0.9659258257467466 2.1447861836482103e-16
vn -0.130526182006087 -0.9914448627185043 2.2014498284728224e-16
vn -2.449293705170335e-16 -1 2.2204460492503136e-16
vn 0 2.2204460492503136e-16 1
vn 0 2.2204460492503136e-16 1
vn 0 2.2204460492503136e-16 1
vn 0 2.2204460492503136e-16 1
vn 0 2.2204460492503136e-16 1
vn 0 2.2204460492503136e-16 1
vn 0 2.2204460492503136e-16 1
vn 0 2.2204460492503136e-16 1
vn 0 2.2204460492503136e-16 1
vn 0 2.2204460492503136e-16 1
vn 0 2.2204460492503136e-16 1
vn 0 2.2204460492503136e-16 1
vn 0 2.2204460492503136e-16 1
vn 0 2.2204460492503136e-16 1
vn 0 2.2204460492503136e-16 1
vn 0 2.2204460492503136e-16 1
vn 0 2.2204460492503136e-16 1
vn 0 2.2204460492503136e-16 1
vn 0 2.2204460492503136e-16 1
vn 0 2.2204460492503136e-16 1
vn 0 2.2204460492503136e-16 1
vn 0 2.2204460492503136e-16 1
vn 0 2.2204460492503136e-16 1
vn 0 2.2204460492503136e-16 1
vn 0 2.2204460492503136e-16 1
vn 0 2.2204460492503136e-16 1
vn 0 2.2204460492503136e-16 1
vn 0 2.2204460492503136e-16 1
vn 0 2.2204460492503136e-16 1
vn 0 2.2204460492503136e-16 1
vn 0 2.2204460492503136e-16 1
vn 0 2.2204460492503136e-16 1
vn 0 2.2204460492503136e-16 1
vn 0 2.2204460492503136e-16 1
vn 0 2.2204460492503136e-16 1
vn 0 2.2204460492503136e-16 1
vn 0 2.2204460492503136e-16 1
vn 0 2.2204460492503136e-16 1
vn 0 2.2204460492503136e-16 1
vn 0 2.2204460492503136e-16 1
vn 0 2.2204460492503136e-16 1
vn 0 2.2204460492503136e-16 1
vn 0 2.2204460492503136e-16 1
vn 0 2.2204460492503136e-16 1
vn 0 2.2204460492503136e-16 1
vn 0 2.2204460492503136e-16 1
vn 0 2.2204460492503136e-16 1
vn 0 2.2204460492503136e-16 1
vn 0 2.2204460492503136e-16 1
vn 0 2.2204460492503136e-16 1
vn 0 2.2204460492503136e-16 1
vn 0 2.2204460492503136e-16 1
vn 0 2.2204460492503136e-16 1
vn 0 2.2204460492503136e-16 1
vn 0 2.2204460492503136e-16 1
vn 0 2.2204460492503136e-16 1
vn 0 2.2204460492503136e-16 1
vn 0 2.2204460492503136e-16 1
vn 0 2.2204460492503136e-16 1
vn 0 2.2204460492503136e-16 1
vn 0 2.2204460492503136e-16 1
vn 0 2.2204460492503136e-16 1
vn 0 2.2204460492503136e-16 1
vn 0 2.2204460492503136e-16 1
vn 0 2.2204460492503136e-16 1
vn 0 2.2204460492503136e-16 1
vn 0 2.2204460492503136e-16 1
vn 0 2.2204460492503136e-16 1
vn 0 2.2204460492503136e-16 1
vn 0 2.2204460492503136e-16 1
vn 0 2.2204460492503136e-16 1
vn 0 2.2204460492503136e-16 1
vn 0 2.2204460492503136e-16 1
vn 0 2.2204460492503136e-16 1
vn 0 2.2204460492503136e-16 1
vn 0 2.2204460492503136e-16 1
vn 0 2.2204460492503136e-16 1
vn 0 2.2204460492503136e-16 1
vn 0 2.2204460492503136e-16 1
vn 0 2.2204460492503136e-16 1
vn 0 2.2204460492503136e-16 1
vn 0 2.2204460492503136e-16 1
vn 0 2.2204460492503136e-16 1
vn 0 2.2204460492503136e-16 1
vn 0 2.2204460492503136e-16 1
vn 0 2.2204460492503136e-16 1
vn 0 2.2204460492503136e-16 1
vn 0 2.2204460492503136e-16 1
vn 0 2.2204460492503136e-16 1
vn 0 2.2204460492503136e-16 1
vn 0 2.2204460492503136e-16 1
vn 0 2.2204460492503136e-16 1
vn 0 2.2204460492503136e-16 1
vn 0 2.2204460492503136e-16 1
vn 0 2.2204460492503136e-16 1
vn 0 2.2204460492503136e-16 1
vn 0 2.2204460492503136e-16 1
vn 0 -2.2204460492503136e-16 -1
vn 0 -2.2204460492503136e-16 -1
vn 0 -2.2204460492503136e-16 -1
vn 0 -2.2204460492503136e-16 -1
vn 0 -2.2204460492503136e-16 -1
vn 0 -2.2204460492503136e-16 -1
vn 0 -2.2204460492503136e-16 -1
vn 0 -2.2204460492503136e-16 -1
vn 0 -2.2204460492503136e-16 -1
vn 0 -2.2204460492503136e-16 -1
vn 0 -2.2204460492503136e-16 -1
vn 0 -2.2204460492503136e-16 -1
vn 0 -2.2204460492503136e-16 -1
vn 0 -2.2204460492503136e-16 -1
vn 0 -2.2204460492503136e-16 -1
vn 0 -2.2204460492503136e-16 -1
vn 0 -2.2204460492503136e-16 -1
vn 0 -2.2204460492503136e-16 -1
vn 0 -2.2204460492503136e-16 -1
vn 0 -2.2204460492503136e-16 -1
vn 0 -2.2204460492503136e-16 -1
vn 0 -2.2204460492503136e-16 -1
vn 0 -2.2204460492503136e-16 -1
vn 0 -2.2204460492503136e-16 -1
vn 0 -2.2204460492503136e-16 -1
vn 0 -2.2204460492503136e-16 -1
vn 0 -2.2204460492503136e-16 -1
vn 0 -2.2204460492503136e-16 -1
vn 0 -2.2204460492503136e-16 -1
vn 0 -2.2204460492503136e-16 -1
vn 0 -2.2204460492503136e-16 -1
vn 0 -2.2204460492503136e-16 -1
vn 0 -2.2204460492503136e-16 -1
vn 0 -2.2204460492503136e-16 -1
vn 0 -2.2204460492503136e-16 -1
vn 0 -2.2204460492503136e-16 -1
vn 0 -2.2204460492503136e-16 -1
vn 0 -2.2204460492503136e-16 -1
vn 0 -2.2204460492503136e-16 -1
vn 0 -2.2204460492503136e-16 -1
vn 0 -2.2204460492503136e-16 -1
vn 0 -2.2204460492503136e-16 -1
vn 0 -2.2204460492503136e-16 -1
vn 0 -2.2204460492503136e-16 -1
vn 0 -2.2204460492503136e-16 -1
vn 0 -2.2204460492503136e-16 -1
vn 0 -2.2204460492503136e-16 -1
vn 0 -2.2204460492503136e-16 -1
vn 0 -2.2204460492503136e-16 -1
vn 0 -2.2204460492503136e-16 -1
vn 0 -2.2204460492503136e-16 -1
vn 0 -2.2204460492503136e-16 -1
vn 0 -2.2204460492503136e-16 -1
vn 0 -2.2204460492503136e-16 -1
vn 0 -2.2204460492503136e-16 -1
vn 0 -2.2204460492503136e-16 -1
vn 0 -2.2204460492503136e-16 -1
vn 0 -2.2204460492503136e-16 -1
vn 0 -2.2204460492503136e-16 -1
vn 0 -2.2204460492503136e-16 -1
vn 0 -2.2204460492503136e-16 -1
vn 0 -2.2204460492503136e-16 -1
vn 0 -2.2204460492503136e-16 -1
vn 0 -2.2204460492503136e-16 -1
vn 0 -2.2204460492503136e-16 -1
vn 0 -2.2204460492503136e-16 -1
vn 0 -2.2204460492503136e-16 -1
vn 0 -2.2204460492503136e-16 -1
vn 0 -2.2204460492503136e-16 -1
vn 0 -2.2204460492503136e-16 -1
vn 0 -2.2204460492503136e-16 -1
vn 0 -2.2204460492503136e-16 -1
vn 0 -2.2204460492503136e-16 -1
vn 0 -2.2204460492503136e-16 -1
vn 0 -2.2204460492503136e-16 -1
vn 0 -2.2204460492503136e-16 -1
vn 0 -2.2204460492503136e-16 -1
vn 0 -2.2204460492503136e-16 -1
vn 0 -2.2204460492503136e-16 -1
vn 0 -2.2204460492503136e-16 -1
vn 0 -2.2204460492503136e-16 -1
vn 0 -2.2204460492503136e-16 -1
vn 0 -2.2204460492503136e-16 -1
vn 0 -2.2204460492503136e-16 -1
vn 0 -2.2204460492503136e-16 -1
vn 0 -2.2204460492503136e-16 -1
vn 0 -2.2204460492503136e-16 -1
vn 0 -2.2204460492503136e-16 -1
vn 0 -2.2204460492503136e-16 -1
vn 0 -2.2204460492503136e-16 -1
vn 0 -2.2204460492503136e-16 -1
vn 0 -2.2204460492503136e-16 -1
vn 0 -2.2204460492503136e-16 -1
vn 0 -2.2204460492503136e-16 -1
vn 0 -2.2204460492503136e-16 -1
vn 0 -2.2204460492503136e-16 -1
vn 0 -2.2204460492503136e-16 -1
f 293/293/293 342/342/342 294/294/294
f 342/342/342 343/343/343 294/294/294
f 294/294/294 343/343/343 295/295/295
f 343/343/343 344/344/344 295/295/295
f 295/295/295 344/344/344 296/296/296
f 344/344/344 345/345/345 296/296/296
f 296/296/296 345/345/345 297/297/297
f 345/345/345 346/346/346 297/297/297
f 297/297/297 346/346/346 298/298/298
f 346/346/346 347/347/347 298/298/298
f 298/298/298 347/347/347 299/299/299
f 347/347/347 348/348/348 299/299/299
f 299/299/299 348/348/348 300/300/300
f 348/348/348 349/349/349 300/300/300
f 300/300/300 349/349/349 301/301/301
f 349/349/349 350/350/350 301/301/301
f 301/301/301 350/350/350 302/302/302
f 350/350/350 351/351/351 302/302/302
f 302/302/302 351/351/351 303/303/303
f 351/351/351 352/352/352 303/303/303
f 303/303/303 352/352/352 304/304/304
f 352/352/352 353/353/353 304/304/304
f 304/304/304 353/353/353 305/305/305
f 353/353/353 354/354/354 305/305/305
f 305/305/305 354/354/354 306/306/306
f 354/354/354 355/355/355 306/306/306
f 306/306/306 355/355/355 307/307/307
f 355/355/355 356/356/356 307/307/307
f 307/307/307 356/356/356 308/308/308
f 356/356/356 357/357/357 308/308/308
f 308/308/308 357/357/357 309/309/309
f 357/357/357 358/358/358 309/309/309
f 309/309/309 358/358/358 310/310/310
f 358/358/358 359/359/359 310/310/310
f 310/310/310 359/359/359 311/311/311
f 359/359/359 360/360/360 311/311/311
f 311/311/311 360/360/360 312/312/312
f 360/360/360 361/361/361 312/312/312
f 312/312/312 361/361/361 313/313/313
f 361/361/361 362/362/362 313/313/313
f 313/313/313 362/362/362 314/314/314
f 362/362/362 363/363/363 314/314/314
f 314/314/314 363/363/363 315/315/315
f 363/363/363 364/364/364 315/315/315
f 315/315/315 364/364/364 316/316/316
f 364/364/364 365/365/365 316/316/316
f 316/316/316 365/365/365 317/317/317
f 365/365/365 366/366/366 317/317/317
f 317/317/317 366/366/366 318/318/318
f 366/366/366 367/367/367 318/318/318
f 318/318/318 367/367/367 319/319/319
f 367/367/367 368/368/368 319/319/319
f 319/319/319 368/368/368 320/320/320
f 368/368/368 369/369/369 320/320/320
f 320/320/320 369/369/369 321/321/321
f 369/369/369 370/370/370 321/321/321
f 321/321/321 370/370/370 322/322/322
f 370/370/370 371/371/371 322/322/322
f 322/322/322 371/371/371 323/323/323
f 371/371/371 372/372/372 323/323/323
f 323/323/323 372/372/372 324/324/324
f 372/372/372 373/373/373 324/324/324
f 324/324/324 373/373/373 325/325/325
f 373/373/373 374/374/374 325/325/325
f 325/325/325 374/374/374 326/326/326
f 374/374/374 375/375/375 326/326/326
f 326/326/326 375/375/375 327/327/327
f 375/375/375 376/376/376 327/327/327
f 327/327/327 376/376/376 328/328/328
f 376/376/376 377/377/377 328/328/328
f 328/328/328 377/377/377 329/329/329
f 377/377/377 378/378/378 329/329/329
f 329/329/329 378/378/378 330/330/330
f 378/378/378 379/379/379 330/330/330
f 330/330/330 379/379/379 331/331/331
f 379/379/379 380/380/380 331/331/331
f 331/331/331 380/380/380 332/332/332
f 380/380/380 381/381/381 332/332/332
f 332/332/332 381/381/381 333/333/333
f 381/381/381 382/382/382 333/333/333
f 333/333/333 382/382/382 334/334/334
f 382/382/382 383/383/383 334/334/334
f 334/334/334 383/383/383 335/335/335
f 383/383/383 384/384/384 335/335/335
f 335/335/335 384/384/384 336/336/336
f 384/384/384 385/385/385 336/336/336
f 336/336/336 385/385/385 337/337/337
f 385/385/385 386/386/386 337/337/337
f 337/337/337 386/386/386 338/338/338
f 386/386/386 387/387/387 338/338/338
f 338/338/338 387/387/387 339/339/339
f 387/387/387 388/388/388 339/339/339
f 339/339/339 388/388/388 340/340/340
f 388/388/388 389/389/389 340/340/340
f 340/340/340 389/389/389 341/341/341
f 389/389/389 390/390/390 341/341/341
f 439/439/439 440/440/440 391/391/391
f 440/440/440 441/441/441 392/392/392
f 441/441/441 442/442/442 393/393/393
f 442/442/442 443/443/443 394/394/394
f 443/443/443 444/444/444 395/395/395
f 444/444/444 445/445/445 396/396/396
f 445/445/445 446/446/446 397/397/397
f 446/446/446 447/447/447 398/398/398
f 447/447/447 448/448/448 399/399/399
f 448/448/448 449/449/449 400/400/400
f 449/449/449 450/450/450 401/401/401
f 450/450/450 451/451/451 402/402/402
f 451/451/451 452/452/452 403/403/403
f 452/452/452 453/453/453 404/404/404
f 453/453/453 454/454/454 405/405/405
f 454/454/454 455/455/455 406/406/406
f 455/455/455 456/456/456 407/407/407
f 456/456/456 457/457/457 408/408/408
f 457/457/457 458/458/458 409/409/409
f 458/458/458 459/459/459 410/410/410
f 459/459/459 460/460/460 411/411/411
f 460/460/460 461/461/461 412/412/412
f 461/461/461 462/462/462 413/413/413
f 462/462/462 463/463/463 414/414/414
f 463/463/463 464/464/464 415/415/415
f 464/464/464 465/465/465 416/416/416
f 465/465/465 466/466/466 417/417/417
f 466/466/466 467/467/467 418/418/418
f 467/467/467 468/468/468 419/419/419
f 468/468/468 469/469/469 420/420/420
f 469/469/469 470/470/470 421/421/421
f 470/470/470 471/471/471 422/422/422
f 471/471/471 472/472/472 423/423/423
f 472/472/472 473/473/473 424/424/424
f 473/473/473 474/474/474 425/425/425
f 474/474/474 475/475/475 426/426/426
f 475/475/475 476/476/476 427/427/427
f 476/476/476 477/477/477 428/428/428
f 477/477/477 478/478/478 429/429/429
f 478/478/478 479/479/479 430/430/430
f 479/479/479 480/480/480 431/431/431
f 480/480/480 481/481/481 432/432/432
f 481/481/481 482/482/482 433/433/433
f 482/482/482 483/483/483 434/434/434
f 483/483/483 484/484/484 435/435/435
f 484/484/484 485/485/485 436/436/436
f 485/485/485 486/486/486 437/437/437
f 486/486/486 487/487/487 438/438/438
f 537/537/537 536/536/536 488/488/488
f 538/538/538 537/537/537 489/489/489
f 539/539/539 538/538/538 490/490/490
f 540/540/540 539/539/539 491/491/491
f 541/541/541 540/540/540 492/492/492
f 542/542/542 541/541/541 493/493/493
f 543/543/543 542/542/542 494/494/494
f 544/544/544 543/543/543 495/495/495
f 545/545/545 544/544/544 496/496/496
f 546/546/546 545/545/545 497/497/497
f 547/547/547 546/546/546 498/498/498
f 548/548/548 547/547/547 499/499/499
f 549/549/549 548/548/548 500/500/500
f 550/550/550 549/549/549 501/501/501
f 551/551/551 550/550/550 502/502/502
f 552/552/552 551/551/551 503/503/503
f 553/553/553 552/552/552 504/504/504
f 554/554/554 553/553/553 505/505/505
f 555/555/555 554/554/554 506/506/506
f 556/556/556 555/555/555 507/507/507
f 557/557/557 556/556/556 508/508/508
f 558/558/558 557/557/557 509/509/509
f 559/559/559 558/558/558 510/510/510
f 560/560/560 559/559/559 511/511/511
f 561/561/561 560/560/560 512/512/512
f 562/562/562 561/561/561 513/513/513
f 563/563/563 562/562/562 514/514/514
f 564/564/564 563/563/563 515/515/515
f 565/565/565 564/564/564 516/516/516
f 566/566/566 565/565/565 517/517/517
f 567/567/567 566/566/566 518/518/518
f 568/568/568 567/567/567 519/519/519
f 569/569/569 568/568/568 520/520/520
f 570/570/570 569/569/569 521/521/521
f 571/571/571 570/570/570 522/522/522
f 572/572/572 571/571/571 523/523/523
f 573/573/573 572/572/572 524/524/524
f 574/574/574 573/573/573 525/525/525
f 575/575/575 574/574/574 526/526/526
f 576/576/576 575/575/575 527/527/527
f 577/577/577 576/576/576 528/528/528
f 578/578/578 577/577/577 529/529/529
f 579/579/579 578/578/578 530/530/530
f 580/580/580 579/579/579 531/531/531
f 581/581/581 580/580/580 532/532/532
f 582/582/582 581/581/581 533/533/533
f 583/583/583 582/582/582 534/534/534
f 584/584/584 583/583/583 535/535/535
o hollow_shaft
usemtl graphite_housing
v 0 -0.008000000379979609 0.0760000000949949
v 0.0010442095808684826 -0.007931559346616266 0.0760000000949949
v 0.002070552436634898 -0.007727406453341243 0.0760000000949949
v 0.0030614675488322973 -0.007391036488115785 0.0760000000949949
v 0.004000000189989805 -0.0069282031618058655 0.0760000000949949
v 0.004870091564953327 -0.006346826907247302 0.0760000000949949
v 0.005656854249536991 -0.005656854249536989 0.0760000000949949
v 0.006346826907247305 -0.0048700915649533254 0.0760000000949949
v 0.006928203161805868 -0.0040000001899898035 0.0760000000949949
v 0.0073910364881157875 -0.003061467548832296 0.0760000000949949
v 0.007727406453341246 -0.0020705524366348973 0.0760000000949949
v 0.007931559346616268 -0.001044209580868482 0.0760000000949949
v 0.00800000037997961 -4.5769505954995746e-20 0.0760000000949949
v 0.007931559346616268 0.0010442095808684828 0.0760000000949949
v 0.007727406453341246 0.002070552436634898 0.0760000000949949
v 0.0073910364881157875 0.003061467548832297 0.0760000000949949
v 0.006928203161805868 0.004000000189989805 0.0760000000949949
v 0.006346826907247305 0.004870091564953327 0.0760000000949949
v 0.005656854249536991 0.005656854249536991 0.0760000000949949
v 0.004870091564953327 0.006346826907247304 0.0760000000949949
v 0.004000000189989805 0.006928203161805867 0.0760000000949949
v 0.0030614675488322973 0.007391036488115787 0.0760000000949949
v 0.002070552436634898 0.007727406453341245 0.0760000000949949
v 0.0010442095808684826 0.007931559346616266 0.0760000000949949
v 9.797174737963282e-19 0.008000000379979609 0.0760000000949949
v -0.0010442095808684826 0.007931559346616266 0.0760000000949949
v -0.002070552436634898 0.007727406453341245 0.0760000000949949
v -0.0030614675488322973 0.007391036488115787 0.0760000000949949
v -0.004000000189989805 0.006928203161805867 0.0760000000949949
v -0.004870091564953327 0.006346826907247304 0.0760000000949949
v -0.005656854249536991 0.005656854249536991 0.0760000000949949
v -0.006346826907247305 0.004870091564953327 0.0760000000949949
v -0.006928203161805868 0.004000000189989805 0.0760000000949949
v -0.0073910364881157875 0.003061467548832297 0.0760000000949949
v -0.007727406453341246 0.002070552436634898 0.0760000000949949
v -0.007931559346616268 0.0010442095808684828 0.0760000000949949
v -0.00800000037997961 1.9136653382400835e-18 0.0760000000949949
v -0.007931559346616268 -0.001044209580868482 0.0760000000949949
v -0.007727406453341246 -0.0020705524366348973 0.0760000000949949
v -0.0073910364881157875 -0.003061467548832296 0.0760000000949949
v -0.006928203161805868 -0.0040000001899898035 0.0760000000949949
v -0.006346826907247305 -0.0048700915649533254 0.0760000000949949
v -0.005656854249536991 -0.005656854249536989 0.0760000000949949
v -0.004870091564953327 -0.006346826907247302 0.0760000000949949
v -0.004000000189989805 -0.0069282031618058655 0.0760000000949949
v -0.0030614675488322973 -0.007391036488115785 0.0760000000949949
v -0.002070552436634898 -0.007727406453341243 0.0760000000949949
v -0.0010442095808684826 -0.007931559346616266 0.0760000000949949
v -1.9594349475926563e-18 -0.008000000379979609 0.0760000000949949
v 0 -0.008000000379979609 0.0719999999050051
v 0.0010442095808684826 -0.007931559346616266 0.0719999999050051
v 0.002070552436634898 -0.007727406453341245 0.0719999999050051
v 0.0030614675488322973 -0.007391036488115787 0.0719999999050051
v 0.004000000189989805 -0.006928203161805867 0.0719999999050051
v 0.004870091564953327 -0.006346826907247304 0.0719999999050051
v 0.005656854249536991 -0.005656854249536991 0.0719999999050051
v 0.006346826907247305 -0.004870091564953327 0.0719999999050051
v 0.006928203161805868 -0.004000000189989805 0.0719999999050051
v 0.0073910364881157875 -0.003061467548832297 0.0719999999050051
v 0.007727406453341246 -0.002070552436634898 0.0719999999050051
v 0.007931559346616268 -0.0010442095808684828 0.0719999999050051
v 0.00800000037997961 -9.339479678413323e-19 0.0719999999050051
v 0.007931559346616268 0.001044209580868482 0.0719999999050051
v 0.007727406453341246 0.0020705524366348973 0.0719999999050051
v 0.0073910364881157875 0.003061467548832296 0.0719999999050051
v 0.006928203161805868 0.0040000001899898035 0.0719999999050051
v 0.006346826907247305 0.0048700915649533254 0.0719999999050051
v 0.005656854249536991 0.005656854249536989 0.0719999999050051
v 0.004870091564953327 0.006346826907247302 0.0719999999050051
v 0.004000000189989805 0.0069282031618058655 0.0719999999050051
v 0.0030614675488322973 0.007391036488115785 0.0719999999050051
v 0.002070552436634898 0.007727406453341243 0.0719999999050051
v 0.0010442095808684826 0.007931559346616266 0.0719999999050051
v 9.797174737963282e-19 0.008000000379979609 0.0719999999050051
v -0.0010442095808684826 0.007931559346616266 0.0719999999050051
v -0.002070552436634898 0.007727406453341243 0.0719999999050051
v -0.0030614675488322973 0.007391036488115785 0.0719999999050051
v -0.004000000189989805 0.0069282031618058655 0.0719999999050051
v -0.004870091564953327 0.006346826907247302 0.0719999999050051
v -0.005656854249536991 0.005656854249536989 0.0719999999050051
v -0.006346826907247305 0.0048700915649533254 0.0719999999050051
v -0.006928203161805868 0.0040000001899898035 0.0719999999050051
v -0.0073910364881157875 0.003061467548832296 0.0719999999050051
v -0.007727406453341246 0.0020705524366348973 0.0719999999050051
v -0.007931559346616268 0.001044209580868482 0.0719999999050051
v -0.00800000037997961 1.025486876353747e-18 0.0719999999050051
v -0.007931559346616268 -0.0010442095808684828 0.0719999999050051
v -0.007727406453341246 -0.002070552436634898 0.0719999999050051
v -0.0073910364881157875 -0.003061467548832297 0.0719999999050051
v -0.006928203161805868 -0.004000000189989805 0.0719999999050051
v -0.006346826907247305 -0.004870091564953327 0.0719999999050051
v -0.005656854249536991 -0.005656854249536991 0.0719999999050051
v -0.004870091564953327 -0.006346826907247304 0.0719999999050051
v -0.004000000189989805 -0.006928203161805867 0.0719999999050051
v -0.0030614675488322973 -0.007391036488115787 0.0719999999050051
v -0.002070552436634898 -0.007727406453341245 0.0719999999050051
v -0.0010442095808684826 -0.007931559346616266 0.0719999999050051
v -1.9594349475926563e-18 -0.008000000379979609 0.0719999999050051
v 0 4.440892309431682e-19 0.0760000000949949
v 0 4.440892309431682e-19 0.0760000000949949
v 0 4.440892309431682e-19 0.0760000000949949
v 0 4.440892309431682e-19 0.0760000000949949
v 0 4.440892309431682e-19 0.0760000000949949
v 0 4.440892309431682e-19 0.0760000000949949
v 0 4.440892309431682e-19 0.0760000000949949
v 0 4.440892309431682e-19 0.0760000000949949
v 0 4.440892309431682e-19 0.0760000000949949
v 0 4.440892309431682e-19 0.0760000000949949
v 0 4.440892309431682e-19 0.0760000000949949
v 0 4.440892309431682e-19 0.0760000000949949
v 0 4.440892309431682e-19 0.0760000000949949
v 0 4.440892309431682e-19 0.0760000000949949
v 0 4.440892309431682e-19 0.0760000000949949
v 0 4.440892309431682e-19 0.0760000000949949
v 0 4.440892309431682e-19 0.0760000000949949
v 0 4.440892309431682e-19 0.0760000000949949
v 0 4.440892309431682e-19 0.0760000000949949
v 0 4.440892309431682e-19 0.0760000000949949
v 0 4.440892309431682e-19 0.0760000000949949
v 0 4.440892309431682e-19 0.0760000000949949
v 0 4.440892309431682e-19 0.0760000000949949
v 0 4.440892309431682e-19 0.0760000000949949
v 0 4.440892309431682e-19 0.0760000000949949
v 0 4.440892309431682e-19 0.0760000000949949
v 0 4.440892309431682e-19 0.0760000000949949
v 0 4.440892309431682e-19 0.0760000000949949
v 0 4.440892309431682e-19 0.0760000000949949
v 0 4.440892309431682e-19 0.0760000000949949
v 0 4.440892309431682e-19 0.0760000000949949
v 0 4.440892309431682e-19 0.0760000000949949
v 0 4.440892309431682e-19 0.0760000000949949
v 0 4.440892309431682e-19 0.0760000000949949
v 0 4.440892309431682e-19 0.0760000000949949
v 0 4.440892309431682e-19 0.0760000000949949
v 0 4.440892309431682e-19 0.0760000000949949
v 0 4.440892309431682e-19 0.0760000000949949
v 0 4.440892309431682e-19 0.0760000000949949
v 0 4.440892309431682e-19 0.0760000000949949
v 0 4.440892309431682e-19 0.0760000000949949
v 0 4.440892309431682e-19 0.0760000000949949
v 0 4.440892309431682e-19 0.0760000000949949
v 0 4.440892309431682e-19 0.0760000000949949
v 0 4.440892309431682e-19 0.0760000000949949
v 0 4.440892309431682e-19 0.0760000000949949
v 0 4.440892309431682e-19 0.0760000000949949
v 0 4.440892309431682e-19 0.0760000000949949
v 0 -0.008000000379979609 0.0760000000949949
v 0.0010442095808684826 -0.007931559346616266 0.0760000000949949
v 0.002070552436634898 -0.007727406453341243 0.0760000000949949
v 0.0030614675488322973 -0.007391036488115785 0.0760000000949949
v 0.004000000189989805 -0.0069282031618058655 0.0760000000949949
v 0.004870091564953327 -0.006346826907247302 0.0760000000949949
v 0.005656854249536991 -0.005656854249536989 0.0760000000949949
v 0.006346826907247305 -0.0048700915649533254 0.0760000000949949
v 0.006928203161805868 -0.0040000001899898035 0.0760000000949949
v 0.0073910364881157875 -0.003061467548832296 0.0760000000949949
v 0.007727406453341246 -0.0020705524366348973 0.0760000000949949
v 0.007931559346616268 -0.001044209580868482 0.0760000000949949
v 0.00800000037997961 -4.5769505954995746e-20 0.0760000000949949
v 0.007931559346616268 0.0010442095808684828 0.0760000000949949
v 0.007727406453341246 0.002070552436634898 0.0760000000949949
v 0.0073910364881157875 0.003061467548832297 0.0760000000949949
v 0.006928203161805868 0.004000000189989805 0.0760000000949949
v 0.006346826907247305 0.004870091564953327 0.0760000000949949
v 0.005656854249536991 0.005656854249536991 0.0760000000949949
v 0.004870091564953327 0.006346826907247304 0.0760000000949949
v 0.004000000189989805 0.006928203161805867 0.0760000000949949
v 0.0030614675488322973 0.007391036488115787 0.0760000000949949
v 0.002070552436634898 0.007727406453341245 0.0760000000949949
v 0.0010442095808684826 0.007931559346616266 0.0760000000949949
v 9.797174737963282e-19 0.008000000379979609 0.0760000000949949
v -0.0010442095808684826 0.007931559346616266 0.0760000000949949
v -0.002070552436634898 0.007727406453341245 0.0760000000949949
v -0.0030614675488322973 0.007391036488115787 0.0760000000949949
v -0.004000000189989805 0.006928203161805867 0.0760000000949949
v -0.004870091564953327 0.006346826907247304 0.0760000000949949
v -0.005656854249536991 0.005656854249536991 0.0760000000949949
v -0.006346826907247305 0.004870091564953327 0.0760000000949949
v -0.006928203161805868 0.004000000189989805 0.0760000000949949
v -0.0073910364881157875 0.003061467548832297 0.0760000000949949
v -0.007727406453341246 0.002070552436634898 0.0760000000949949
v -0.007931559346616268 0.0010442095808684828 0.0760000000949949
v -0.00800000037997961 1.9136653382400835e-18 0.0760000000949949
v -0.007931559346616268 -0.001044209580868482 0.0760000000949949
v -0.007727406453341246 -0.0020705524366348973 0.0760000000949949
v -0.0073910364881157875 -0.003061467548832296 0.0760000000949949
v -0.006928203161805868 -0.0040000001899898035 0.0760000000949949
v -0.006346826907247305 -0.0048700915649533254 0.0760000000949949
v -0.005656854249536991 -0.005656854249536989 0.0760000000949949
v -0.004870091564953327 -0.006346826907247302 0.0760000000949949
v -0.004000000189989805 -0.0069282031618058655 0.0760000000949949
v -0.0030614675488322973 -0.007391036488115785 0.0760000000949949
v -0.002070552436634898 -0.007727406453341243 0.0760000000949949
v -0.0010442095808684826 -0.007931559346616266 0.0760000000949949
v -1.9594349475926563e-18 -0.008000000379979609 0.0760000000949949
v 0 -4.440892309431682e-19 0.0719999999050051
v 0 -4.440892309431682e-19 0.0719999999050051
v 0 -4.440892309431682e-19 0.0719999999050051
v 0 -4.440892309431682e-19 0.0719999999050051
v 0 -4.440892309431682e-19 0.0719999999050051
v 0 -4.440892309431682e-19 0.0719999999050051
v 0 -4.440892309431682e-19 0.0719999999050051
v 0 -4.440892309431682e-19 0.0719999999050051
v 0 -4.440892309431682e-19 0.0719999999050051
v 0 -4.440892309431682e-19 0.0719999999050051
v 0 -4.440892309431682e-19 0.0719999999050051
v 0 -4.440892309431682e-19 0.0719999999050051
v 0 -4.440892309431682e-19 0.0719999999050051
v 0 -4.440892309431682e-19 0.0719999999050051
v 0 -4.440892309431682e-19 0.0719999999050051
v 0 -4.440892309431682e-19 0.0719999999050051
v 0 -4.440892309431682e-19 0.0719999999050051
v 0 -4.440892309431682e-19 0.0719999999050051
v 0 -4.440892309431682e-19 0.0719999999050051
v 0 -4.440892309431682e-19 0.0719999999050051
v 0 -4.440892309431682e-19 0.0719999999050051
v 0 -4.440892309431682e-19 0.0719999999050051
v 0 -4.440892309431682e-19 0.0719999999050051
v 0 -4.440892309431682e-19 0.0719999999050051
v 0 -4.440892309431682e-19 0.0719999999050051
v 0 -4.440892309431682e-19 0.0719999999050051
v 0 -4.440892309431682e-19 0.0719999999050051
v 0 -4.440892309431682e-19 0.0719999999050051
v 0 -4.440892309431682e-19 0.0719999999050051
v 0 -4.440892309431682e-19 0.0719999999050051
v 0 -4.440892309431682e-19 0.0719999999050051
v 0 -4.440892309431682e-19 0.0719999999050051
v 0 -4.440892309431682e-19 0.0719999999050051
v 0 -4.440892309431682e-19 0.0719999999050051
v 0 -4.440892309431682e-19 0.0719999999050051
v 0 -4.440892309431682e-19 0.0719999999050051
v 0 -4.440892309431682e-19 0.0719999999050051
v 0 -4.440892309431682e-19 0.0719999999050051
v 0 -4.440892309431682e-19 0.0719999999050051
v 0 -4.440892309431682e-19 0.0719999999050051
v 0 -4.440892309431682e-19 0.0719999999050051
v 0 -4.440892309431682e-19 0.0719999999050051
v 0 -4.440892309431682e-19 0.0719999999050051
v 0 -4.440892309431682e-19 0.0719999999050051
v 0 -4.440892309431682e-19 0.0719999999050051
v 0 -4.440892309431682e-19 0.0719999999050051
v 0 -4.440892309431682e-19 0.0719999999050051
v 0 -4.440892309431682e-19 0.0719999999050051
v 0 -0.008000000379979609 0.0719999999050051
v 0.0010442095808684826 -0.007931559346616266 0.0719999999050051
v 0.002070552436634898 -0.007727406453341245 0.0719999999050051
v 0.0030614675488322973 -0.007391036488115787 0.0719999999050051
v 0.004000000189989805 -0.006928203161805867 0.0719999999050051
v 0.004870091564953327 -0.006346826907247304 0.0719999999050051
v 0.005656854249536991 -0.005656854249536991 0.0719999999050051
v 0.006346826907247305 -0.004870091564953327 0.0719999999050051
v 0.006928203161805868 -0.004000000189989805 0.0719999999050051
v 0.0073910364881157875 -0.003061467548832297 0.0719999999050051
v 0.007727406453341246 -0.002070552436634898 0.0719999999050051
v 0.007931559346616268 -0.0010442095808684828 0.0719999999050051
v 0.00800000037997961 -9.339479678413323e-19 0.0719999999050051
v 0.007931559346616268 0.001044209580868482 0.0719999999050051
v 0.007727406453341246 0.0020705524366348973 0.0719999999050051
v 0.0073910364881157875 0.003061467548832296 0.0719999999050051
v 0.006928203161805868 0.0040000001899898035 0.0719999999050051
v 0.006346826907247305 0.0048700915649533254 0.0719999999050051
v 0.005656854249536991 0.005656854249536989 0.0719999999050051
v 0.004870091564953327 0.006346826907247302 0.0719999999050051
v 0.004000000189989805 0.0069282031618058655 0.0719999999050051
v 0.0030614675488322973 0.007391036488115785 0.0719999999050051
v 0.002070552436634898 0.007727406453341243 0.0719999999050051
v 0.0010442095808684826 0.007931559346616266 0.0719999999050051
v 9.797174737963282e-19 0.008000000379979609 0.0719999999050051
v -0.0010442095808684826 0.007931559346616266 0.0719999999050051
v -0.002070552436634898 0.007727406453341243 0.0719999999050051
v -0.0030614675488322973 0.007391036488115785 0.0719999999050051
v -0.004000000189989805 0.0069282031618058655 0.0719999999050051
v -0.004870091564953327 0.006346826907247302 0.0719999999050051
v -0.005656854249536991 0.005656854249536989 0.0719999999050051
v -0.006346826907247305 0.0048700915649533254 0.0719999999050051
v -0.006928203161805868 0.0040000001899898035 0.0719999999050051
v -0.0073910364881157875 0.003061467548832296 0.0719999999050051
v -0.007727406453341246 0.0020705524366348973 0.0719999999050051
v -0.007931559346616268 0.001044209580868482 0.0719999999050051
v -0.00800000037997961 1.025486876353747e-18 0.0719999999050051
v -0.007931559346616268 -0.0010442095808684828 0.0719999999050051
v -0.007727406453341246 -0.002070552436634898 0.0719999999050051
v -0.0073910364881157875 -0.003061467548832297 0.0719999999050051
v -0.006928203161805868 -0.004000000189989805 0.0719999999050051
v -0.006346826907247305 -0.004870091564953327 0.0719999999050051
v -0.005656854249536991 -0.005656854249536991 0.0719999999050051
v -0.004870091564953327 -0.006346826907247304 0.0719999999050051
v -0.004000000189989805 -0.006928203161805867 0.0719999999050051
v -0.0030614675488322973 -0.007391036488115787 0.0719999999050051
v -0.002070552436634898 -0.007727406453341245 0.0719999999050051
v -0.0010442095808684826 -0.007931559346616266 0.0719999999050051
v -1.9594349475926563e-18 -0.008000000379979609 0.0719999999050051
vt 0 1
vt 0.02083333395421505 1
vt 0.0416666679084301 1
vt 0.0625 1
vt 0.0833333358168602 1
vt 0.1041666641831398 1
vt 0.125 1
vt 0.1458333283662796 1
vt 0.1666666716337204 1
vt 0.1875 1
vt 0.2083333283662796 1
vt 0.2291666716337204 1
vt 0.25 1
vt 0.2708333432674408 1
vt 0.2916666567325592 1
vt 0.3125 1
vt 0.3333333432674408 1
vt 0.3541666567325592 1
vt 0.375 1
vt 0.3958333432674408 1
vt 0.4166666567325592 1
vt 0.4375 1
vt 0.4583333432674408 1
vt 0.4791666567325592 1
vt 0.5 1
vt 0.5208333134651184 1
vt 0.5416666865348816 1
vt 0.5625 1
vt 0.5833333134651184 1
vt 0.6041666865348816 1
vt 0.625 1
vt 0.6458333134651184 1
vt 0.6666666865348816 1
vt 0.6875 1
vt 0.7083333134651184 1
vt 0.7291666865348816 1
vt 0.75 1
vt 0.7708333134651184 1
vt 0.7916666865348816 1
vt 0.8125 1
vt 0.8333333134651184 1
vt 0.8541666865348816 1
vt 0.875 1
vt 0.8958333134651184 1
vt 0.9166666865348816 1
vt 0.9375 1
vt 0.9583333134651184 1
vt 0.9791666865348816 1
vt 1 1
vt 0 0
vt 0.02083333395421505 0
vt 0.0416666679084301 0
vt 0.0625 0
vt 0.0833333358168602 0
vt 0.1041666641831398 0
vt 0.125 0
vt 0.1458333283662796 0
vt 0.1666666716337204 0
vt 0.1875 0
vt 0.2083333283662796 0
vt 0.2291666716337204 0
vt 0.25 0
vt 0.2708333432674408 0
vt 0.2916666567325592 0
vt 0.3125 0
vt 0.3333333432674408 0
vt 0.3541666567325592 0
vt 0.375 0
vt 0.3958333432674408 0
vt 0.4166666567325592 0
vt 0.4375 0
vt 0.4583333432674408 0
vt 0.4791666567325592 0
vt 0.5 0
vt 0.5208333134651184 0
vt 0.5416666865348816 0
vt 0.5625 0
vt 0.5833333134651184 0
vt 0.6041666865348816 0
vt 0.625 0
vt 0.6458333134651184 0
vt 0.6666666865348816 0
vt 0.6875 0
vt 0.7083333134651184 0
vt 0.7291666865348816 0
vt 0.75 0
vt 0.7708333134651184 0
vt 0.7916666865348816 0
vt 0.8125 0
vt 0.8333333134651184 0
vt 0.8541666865348816 0
vt 0.875 0
vt 0.8958333134651184 0
vt 0.9166666865348816 0
vt 0.9375 0
vt 0.9583333134651184 0
vt 0.9791666865348816 0
vt 1 0
vt 0.5 0.5
vt 0.5 0.5
vt 0.5 0.5
vt 0.5 0.5
vt 0.5 0.5
vt 0.5 0.5
vt 0.5 0.5
vt 0.5 0.5
vt 0.5 0.5
vt 0.5 0.5
vt 0.5 0.5
vt 0.5 0.5
vt 0.5 0.5
vt 0.5 0.5
vt 0.5 0.5
vt 0.5 0.5
vt 0.5 0.5
vt 0.5 0.5
vt 0.5 0.5
vt 0.5 0.5
vt 0.5 0.5
vt 0.5 0.5
vt 0.5 0.5
vt 0.5 0.5
vt 0.5 0.5
vt 0.5 0.5
vt 0.5 0.5
vt 0.5 0.5
vt 0.5 0.5
vt 0.5 0.5
vt 0.5 0.5
vt 0.5 0.5
vt 0.5 0.5
vt 0.5 0.5
vt 0.5 0.5
vt 0.5 0.5
vt 0.5 0.5
vt 0.5 0.5
vt 0.5 0.5
vt 0.5 0.5
vt 0.5 0.5
vt 0.5 0.5
vt 0.5 0.5
vt 0.5 0.5
vt 0.5 0.5
vt 0.5 0.5
vt 0.5 0.5
vt 0.5 0.5
vt 1 0.5
vt 0.9957224130630493 0.5652630925178528
vt 0.9829629063606262 0.6294095516204834
vt 0.9619397521018982 0.6913416981697083
vt 0.9330127239227295 0.75
vt 0.8966766595840454 0.8043807148933411
vt 0.8535534143447876 0.8535534143447876
vt 0.8043807148933411 0.8966766595840454
vt 0.75 0.9330127239227295
vt 0.6913416981697083 0.9619397521018982
vt 0.6294095516204834 0.9829629063606262
vt 0.5652630925178528 0.9957224130630493
vt 0.5 1
vt 0.4347369074821472 0.9957224130630493
vt 0.370590478181839 0.9829629063606262
vt 0.30865827202796936 0.9619397521018982
vt 0.25 0.9330127239227295
vt 0.19561928510665894 0.8966766595840454
vt 0.1464466154575348 0.8535534143447876
vt 0.10332333296537399 0.8043807148933411
vt 0.0669872984290123 0.75
vt 0.03806023299694061 0.6913416981697083
vt 0.017037086188793182 0.6294095516204834
vt 0.004277569241821766 0.5652630925178528
vt 0 0.5
vt 0.004277569241821766 0.4347369074821472
vt 0.017037086188793182 0.370590478181839
vt 0.03806023299694061 0.30865827202796936
vt 0.0669872984290123 0.25
vt 0.10332333296537399 0.19561928510665894
vt 0.1464466154575348 0.1464466154575348
vt 0.19561928510665894 0.10332333296537399
vt 0.25 0.0669872984290123
vt 0.30865827202796936 0.03806023299694061
vt 0.370590478181839 0.017037086188793182
vt 0.4347369074821472 0.004277569241821766
vt 0.5 0
vt 0.5652630925178528 0.004277569241821766
vt 0.6294095516204834 0.017037086188793182
vt 0.6913416981697083 0.03806023299694061
vt 0.75 0.0669872984290123
vt 0.8043807148933411 0.10332333296537399
vt 0.8535534143447876 0.1464466154575348
vt 0.8966766595840454 0.19561928510665894
vt 0.9330127239227295 0.25
vt 0.9619397521018982 0.30865827202796936
vt 0.9829629063606262 0.370590478181839
vt 0.9957224130630493 0.4347369074821472
vt 1 0.5
vt 0.5 0.5
vt 0.5 0.5
vt 0.5 0.5
vt 0.5 0.5
vt 0.5 0.5
vt 0.5 0.5
vt 0.5 0.5
vt 0.5 0.5
vt 0.5 0.5
vt 0.5 0.5
vt 0.5 0.5
vt 0.5 0.5
vt 0.5 0.5
vt 0.5 0.5
vt 0.5 0.5
vt 0.5 0.5
vt 0.5 0.5
vt 0.5 0.5
vt 0.5 0.5
vt 0.5 0.5
vt 0.5 0.5
vt 0.5 0.5
vt 0.5 0.5
vt 0.5 0.5
vt 0.5 0.5
vt 0.5 0.5
vt 0.5 0.5
vt 0.5 0.5
vt 0.5 0.5
vt 0.5 0.5
vt 0.5 0.5
vt 0.5 0.5
vt 0.5 0.5
vt 0.5 0.5
vt 0.5 0.5
vt 0.5 0.5
vt 0.5 0.5
vt 0.5 0.5
vt 0.5 0.5
vt 0.5 0.5
vt 0.5 0.5
vt 0.5 0.5
vt 0.5 0.5
vt 0.5 0.5
vt 0.5 0.5
vt 0.5 0.5
vt 0.5 0.5
vt 0.5 0.5
vt 1 0.5
vt 0.9957224130630493 0.4347369074821472
vt 0.9829629063606262 0.370590478181839
vt 0.9619397521018982 0.30865827202796936
vt 0.9330127239227295 0.25
vt 0.8966766595840454 0.19561928510665894
vt 0.8535534143447876 0.1464466154575348
vt 0.8043807148933411 0.10332333296537399
vt 0.75 0.0669872984290123
vt 0.6913416981697083 0.03806023299694061
vt 0.6294095516204834 0.017037086188793182
vt 0.5652630925178528 0.004277569241821766
vt 0.5 0
vt 0.4347369074821472 0.004277569241821766
vt 0.370590478181839 0.017037086188793182
vt 0.30865827202796936 0.03806023299694061
vt 0.25 0.0669872984290123
vt 0.19561928510665894 0.10332333296537399
vt 0.1464466154575348 0.1464466154575348
vt 0.10332333296537399 0.19561928510665894
vt 0.0669872984290123 0.25
vt 0.03806023299694061 0.30865827202796936
vt 0.017037086188793182 0.370590478181839
vt 0.004277569241821766 0.4347369074821472
vt 0 0.5
vt 0.004277569241821766 0.5652630925178528
vt 0.017037086188793182 0.6294095516204834
vt 0.03806023299694061 0.6913416981697083
vt 0.0669872984290123 0.75
vt 0.10332333296537399 0.8043807148933411
vt 0.1464466154575348 0.8535534143447876
vt 0.19561928510665894 0.8966766595840454
vt 0.25 0.9330127239227295
vt 0.30865827202796936 0.9619397521018982
vt 0.370590478181839 0.9829629063606262
vt 0.4347369074821472 0.9957224130630493
vt 0.5 1
vt 0.5652630925178528 0.9957224130630493
vt 0.6294095516204834 0.9829629063606262
vt 0.6913416981697083 0.9619397521018982
vt 0.75 0.9330127239227295
vt 0.8043807148933411 0.8966766595840454
vt 0.8535534143447876 0.8535534143447876
vt 0.8966766595840454 0.8043807148933411
vt 0.9330127239227295 0.75
vt 0.9619397521018982 0.6913416981697083
vt 0.9829629063606262 0.6294095516204834
vt 0.9957224130630493 0.5652630925178528
vt 1 0.5
vn 0 -1 2.2204460492503136e-16
vn 0.130526182006087 -0.9914448627185043 2.2014498284728224e-16
vn 0.2588190471264926 -0.9659258257467466 2.1447861836482103e-16
vn 0.38268343706133684 -0.9238795305660377 2.0514246536285927e-16
vn 0.5000000067305868 -0.8660253998985324 1.922962677755119e-16
vn 0.6087614397000723 -0.7933533320874724 1.7615982718932e-16
vn 0.7071067811865474 -0.7071067811865475 1.5700924586837754e-16
vn 0.7933533320874723 -0.6087614397000726 1.351721933717959e-16
vn 0.8660253998985324 -0.500000006730587 1.110223039570062e-16
vn 0.9238795305660374 -0.38268343706133695 8.497279259363766e-17
vn 0.9659258257467466 -0.25881904712649273 5.746937306627515e-17
vn 0.9914448627185043 -0.13052618200608707 2.898263451591434e-17
vn 1 -6.12323426292584e-17 1.3596311327747838e-32
vn 0.9914448627185043 0.13052618200608707 -2.898263451591434e-17
vn 0.9659258257467466 0.25881904712649273 -5.746937306627515e-17
vn 0.9238795305660374 0.38268343706133695 -8.497279259363766e-17
vn 0.8660253998985324 0.500000006730587 -1.110223039570062e-16
vn 0.7933533320874723 0.6087614397000726 -1.351721933717959e-16
vn 0.7071067811865474 0.7071067811865475 -1.5700924586837754e-16
vn 0.6087614397000723 0.7933533320874724 -1.7615982718932e-16
vn 0.5000000067305868 0.8660253998985324 -1.922962677755119e-16
vn 0.38268343706133684 0.9238795305660377 -2.0514246536285927e-16
vn 0.2588190471264926 0.9659258257467466 -2.1447861836482103e-16
vn 0.130526182006087 0.9914448627185043 -2.2014498284728224e-16
vn 1.2246468525851676e-16 1 -2.2204460492503136e-16
vn -0.130526182006087 0.9914448627185043 -2.2014498284728224e-16
vn -0.2588190471264926 0.9659258257467466 -2.1447861836482103e-16
vn -0.38268343706133684 0.9238795305660377 -2.0514246536285927e-16
vn -0.5000000067305868 0.8660253998985324 -1.922962677755119e-16
vn -0.6087614397000723 0.7933533320874724 -1.7615982718932e-16
vn -0.7071067811865474 0.7071067811865475 -1.5700924586837754e-16
vn -0.7933533320874723 0.6087614397000726 -1.351721933717959e-16
vn -0.8660253998985324 0.500000006730587 -1.110223039570062e-16
vn -0.9238795305660374 0.38268343706133695 -8.497279259363766e-17
vn -0.9659258257467466 0.25881904712649273 -5.746937306627515e-17
vn -0.9914448627185043 0.13052618200608707 -2.898263451591434e-17
vn -1 1.8369701465288543e-16 -4.0788931044507637e-32
vn -0.9914448627185043 -0.13052618200608707 2.898263451591434e-17
vn -0.9659258257467466 -0.25881904712649273 5.746937306627515e-17
vn -0.9238795305660374 -0.38268343706133695 8.497279259363766e-17
vn -0.8660253998985324 -0.500000006730587 1.110223039570062e-16
vn -0.7933533320874723 -0.6087614397000726 1.351721933717959e-16
vn -0.7071067811865474 -0.7071067811865475 1.5700924586837754e-16
vn -0.6087614397000723 -0.7933533320874724 1.7615982718932e-16
vn -0.5000000067305868 -0.8660253998985324 1.922962677755119e-16
vn -0.38268343706133684 -0.9238795305660377 2.0514246536285927e-16
vn -0.2588190471264926 -0.9659258257467466 2.1447861836482103e-16
vn -0.130526182006087 -0.9914448627185043 2.2014498284728224e-16
vn -2.449293705170335e-16 -1 2.2204460492503136e-16
vn 0 -1 2.2204460492503136e-16
vn 0.130526182006087 -0.9914448627185043 2.2014498284728224e-16
vn 0.2588190471264926 -0.9659258257467466 2.1447861836482103e-16
vn 0.38268343706133684 -0.9238795305660377 2.0514246536285927e-16
vn 0.5000000067305868 -0.8660253998985324 1.922962677755119e-16
vn 0.6087614397000723 -0.7933533320874724 1.7615982718932e-16
vn 0.7071067811865474 -0.7071067811865475 1.5700924586837754e-16
vn 0.7933533320874723 -0.6087614397000726 1.351721933717959e-16
vn 0.8660253998985324 -0.500000006730587 1.110223039570062e-16
vn 0.9238795305660374 -0.38268343706133695 8.497279259363766e-17
vn 0.9659258257467466 -0.25881904712649273 5.746937306627515e-17
vn 0.9914448627185043 -0.13052618200608707 2.898263451591434e-17
vn 1 -6.12323426292584e-17 1.3596311327747838e-32
vn 0.9914448627185043 0.13052618200608707 -2.898263451591434e-17
vn 0.9659258257467466 0.25881904712649273 -5.746937306627515e-17
vn 0.9238795305660374 0.38268343706133695 -8.497279259363766e-17
vn 0.8660253998985324 0.500000006730587 -1.110223039570062e-16
vn 0.7933533320874723 0.6087614397000726 -1.351721933717959e-16
vn 0.7071067811865474 0.7071067811865475 -1.5700924586837754e-16
vn 0.6087614397000723 0.7933533320874724 -1.7615982718932e-16
vn 0.5000000067305868 0.8660253998985324 -1.922962677755119e-16
vn 0.38268343706133684 0.9238795305660377 -2.0514246536285927e-16
vn 0.2588190471264926 0.9659258257467466 -2.1447861836482103e-16
vn 0.130526182006087 0.9914448627185043 -2.2014498284728224e-16
vn 1.2246468525851676e-16 1 -2.2204460492503136e-16
vn -0.130526182006087 0.9914448627185043 -2.2014498284728224e-16
vn -0.2588190471264926 0.9659258257467466 -2.1447861836482103e-16
vn -0.38268343706133684 0.9238795305660377 -2.0514246536285927e-16
vn -0.5000000067305868 0.8660253998985324 -1.922962677755119e-16
vn -0.6087614397000723 0.7933533320874724 -1.7615982718932e-16
vn -0.7071067811865474 0.7071067811865475 -1.5700924586837754e-16
vn -0.7933533320874723 0.6087614397000726 -1.351721933717959e-16
vn -0.8660253998985324 0.500000006730587 -1.110223039570062e-16
vn -0.9238795305660374 0.38268343706133695 -8.497279259363766e-17
vn -0.9659258257467466 0.25881904712649273 -5.746937306627515e-17
vn -0.9914448627185043 0.13052618200608707 -2.898263451591434e-17
vn -1 1.8369701465288543e-16 -4.0788931044507637e-32
vn -0.9914448627185043 -0.13052618200608707 2.898263451591434e-17
vn -0.9659258257467466 -0.25881904712649273 5.746937306627515e-17
vn -0.9238795305660374 -0.38268343706133695 8.497279259363766e-17
vn -0.8660253998985324 -0.500000006730587 1.110223039570062e-16
vn -0.7933533320874723 -0.6087614397000726 1.351721933717959e-16
vn -0.7071067811865474 -0.7071067811865475 1.5700924586837754e-16
vn -0.6087614397000723 -0.7933533320874724 1.7615982718932e-16
vn -0.5000000067305868 -0.8660253998985324 1.922962677755119e-16
vn -0.38268343706133684 -0.9238795305660377 2.0514246536285927e-16
vn -0.2588190471264926 -0.9659258257467466 2.1447861836482103e-16
vn -0.130526182006087 -0.9914448627185043 2.2014498284728224e-16
vn -2.449293705170335e-16 -1 2.2204460492503136e-16
vn 0 2.2204460492503136e-16 1
vn 0 2.2204460492503136e-16 1
vn 0 2.2204460492503136e-16 1
vn 0 2.2204460492503136e-16 1
vn 0 2.2204460492503136e-16 1
vn 0 2.2204460492503136e-16 1
vn 0 2.2204460492503136e-16 1
vn 0 2.2204460492503136e-16 1
vn 0 2.2204460492503136e-16 1
vn 0 2.2204460492503136e-16 1
vn 0 2.2204460492503136e-16 1
vn 0 2.2204460492503136e-16 1
vn 0 2.2204460492503136e-16 1
vn 0 2.2204460492503136e-16 1
vn 0 2.2204460492503136e-16 1
vn 0 2.2204460492503136e-16 1
vn 0 2.2204460492503136e-16 1
vn 0 2.2204460492503136e-16 1
vn 0 2.2204460492503136e-16 1
vn 0 2.2204460492503136e-16 1
vn 0 2.2204460492503136e-16 1
vn 0 2.2204460492503136e-16 1
vn 0 2.2204460492503136e-16 1
vn 0 2.2204460492503136e-16 1
vn 0 2.2204460492503136e-16 1
vn 0 2.2204460492503136e-16 1
vn 0 2.2204460492503136e-16 1
vn 0 2.2204460492503136e-16 1
vn 0 2.2204460492503136e-16 1
vn 0 2.2204460492503136e-16 1
vn 0 2.2204460492503136e-16 1
vn 0 2.2204460492503136e-16 1
vn 0 2.2204460492503136e-16 1
vn 0 2.2204460492503136e-16 1
vn 0 2.2204460492503136e-16 1
vn 0 2.2204460492503136e-16 1
vn 0 2.2204460492503136e-16 1
vn 0 2.2204460492503136e-16 1
vn 0 2.2204460492503136e-16 1
vn 0 2.2204460492503136e-16 1
vn 0 2.2204460492503136e-16 1
vn 0 2.2204460492503136e-16 1
vn 0 2.2204460492503136e-16 1
vn 0 2.2204460492503136e-16 1
vn 0 2.2204460492503136e-16 1
vn 0 2.2204460492503136e-16 1
vn 0 2.2204460492503136e-16 1
vn 0 2.2204460492503136e-16 1
vn 0 2.2204460492503136e-16 1
vn 0 2.2204460492503136e-16 1
vn 0 2.2204460492503136e-16 1
vn 0 2.2204460492503136e-16 1
vn 0 2.2204460492503136e-16 1
vn 0 2.2204460492503136e-16 1
vn 0 2.2204460492503136e-16 1
vn 0 2.2204460492503136e-16 1
vn 0 2.2204460492503136e-16 1
vn 0 2.2204460492503136e-16 1
vn 0 2.2204460492503136e-16 1
vn 0 2.2204460492503136e-16 1
vn 0 2.2204460492503136e-16 1
vn 0 2.2204460492503136e-16 1
vn 0 2.2204460492503136e-16 1
vn 0 2.2204460492503136e-16 1
vn 0 2.2204460492503136e-16 1
vn 0 2.2204460492503136e-16 1
vn 0 2.2204460492503136e-16 1
vn 0 2.2204460492503136e-16 1
vn 0 2.2204460492503136e-16 1
vn 0 2.2204460492503136e-16 1
vn 0 2.2204460492503136e-16 1
vn 0 2.2204460492503136e-16 1
vn 0 2.2204460492503136e-16 1
vn 0 2.2204460492503136e-16 1
vn 0 2.2204460492503136e-16 1
vn 0 2.2204460492503136e-16 1
vn 0 2.2204460492503136e-16 1
vn 0 2.2204460492503136e-16 1
vn 0 2.2204460492503136e-16 1
vn 0 2.2204460492503136e-16 1
vn 0 2.2204460492503136e-16 1
vn 0 2.2204460492503136e-16 1
vn 0 2.2204460492503136e-16 1
vn 0 2.2204460492503136e-16 1
vn 0 2.2204460492503136e-16 1
vn 0 2.2204460492503136e-16 1
vn 0 2.2204460492503136e-16 1
vn 0 2.2204460492503136e-16 1
vn 0 2.2204460492503136e-16 1
vn 0 2.2204460492503136e-16 1
vn 0 2.2204460492503136e-16 1
vn 0 2.2204460492503136e-16 1
vn 0 2.2204460492503136e-16 1
vn 0 2.2204460492503136e-16 1
vn 0 2.2204460492503136e-16 1
vn 0 2.2204460492503136e-16 1
vn 0 2.2204460492503136e-16 1
vn 0 -2.2204460492503136e-16 -1
vn 0 -2.2204460492503136e-16 -1
vn 0 -2.2204460492503136e-16 -1
vn 0 -2.2204460492503136e-16 -1
vn 0 -2.2204460492503136e-16 -1
vn 0 -2.2204460492503136e-16 -1
vn 0 -2.2204460492503136e-16 -1
vn 0 -2.2204460492503136e-16 -1
vn 0 -2.2204460492503136e-16 -1
vn 0 -2.2204460492503136e-16 -1
vn 0 -2.2204460492503136e-16 -1
vn 0 -2.2204460492503136e-16 -1
vn 0 -2.2204460492503136e-16 -1
vn 0 -2.2204460492503136e-16 -1
vn 0 -2.2204460492503136e-16 -1
vn 0 -2.2204460492503136e-16 -1
vn 0 -2.2204460492503136e-16 -1
vn 0 -2.2204460492503136e-16 -1
vn 0 -2.2204460492503136e-16 -1
vn 0 -2.2204460492503136e-16 -1
vn 0 -2.2204460492503136e-16 -1
vn 0 -2.2204460492503136e-16 -1
vn 0 -2.2204460492503136e-16 -1
vn 0 -2.2204460492503136e-16 -1
vn 0 -2.2204460492503136e-16 -1
vn 0 -2.2204460492503136e-16 -1
vn 0 -2.2204460492503136e-16 -1
vn 0 -2.2204460492503136e-16 -1
vn 0 -2.2204460492503136e-16 -1
vn 0 -2.2204460492503136e-16 -1
vn 0 -2.2204460492503136e-16 -1
vn 0 -2.2204460492503136e-16 -1
vn 0 -2.2204460492503136e-16 -1
vn 0 -2.2204460492503136e-16 -1
vn 0 -2.2204460492503136e-16 -1
vn 0 -2.2204460492503136e-16 -1
vn 0 -2.2204460492503136e-16 -1
vn 0 -2.2204460492503136e-16 -1
vn 0 -2.2204460492503136e-16 -1
vn 0 -2.2204460492503136e-16 -1
vn 0 -2.2204460492503136e-16 -1
vn 0 -2.2204460492503136e-16 -1
vn 0 -2.2204460492503136e-16 -1
vn 0 -2.2204460492503136e-16 -1
vn 0 -2.2204460492503136e-16 -1
vn 0 -2.2204460492503136e-16 -1
vn 0 -2.2204460492503136e-16 -1
vn 0 -2.2204460492503136e-16 -1
vn 0 -2.2204460492503136e-16 -1
vn 0 -2.2204460492503136e-16 -1
vn 0 -2.2204460492503136e-16 -1
vn 0 -2.2204460492503136e-16 -1
vn 0 -2.2204460492503136e-16 -1
vn 0 -2.2204460492503136e-16 -1
vn 0 -2.2204460492503136e-16 -1
vn 0 -2.2204460492503136e-16 -1
vn 0 -2.2204460492503136e-16 -1
vn 0 -2.2204460492503136e-16 -1
vn 0 -2.2204460492503136e-16 -1
vn 0 -2.2204460492503136e-16 -1
vn 0 -2.2204460492503136e-16 -1
vn 0 -2.2204460492503136e-16 -1
vn 0 -2.2204460492503136e-16 -1
vn 0 -2.2204460492503136e-16 -1
vn 0 -2.2204460492503136e-16 -1
vn 0 -2.2204460492503136e-16 -1
vn 0 -2.2204460492503136e-16 -1
vn 0 -2.2204460492503136e-16 -1
vn 0 -2.2204460492503136e-16 -1
vn 0 -2.2204460492503136e-16 -1
vn 0 -2.2204460492503136e-16 -1
vn 0 -2.2204460492503136e-16 -1
vn 0 -2.2204460492503136e-16 -1
vn 0 -2.2204460492503136e-16 -1
vn 0 -2.2204460492503136e-16 -1
vn 0 -2.2204460492503136e-16 -1
vn 0 -2.2204460492503136e-16 -1
vn 0 -2.2204460492503136e-16 -1
vn 0 -2.2204460492503136e-16 -1
vn 0 -2.2204460492503136e-16 -1
vn 0 -2.2204460492503136e-16 -1
vn 0 -2.2204460492503136e-16 -1
vn 0 -2.2204460492503136e-16 -1
vn 0 -2.2204460492503136e-16 -1
vn 0 -2.2204460492503136e-16 -1
vn 0 -2.2204460492503136e-16 -1
vn 0 -2.2204460492503136e-16 -1
vn 0 -2.2204460492503136e-16 -1
vn 0 -2.2204460492503136e-16 -1
vn 0 -2.2204460492503136e-16 -1
vn 0 -2.2204460492503136e-16 -1
vn 0 -2.2204460492503136e-16 -1
vn 0 -2.2204460492503136e-16 -1
vn 0 -2.2204460492503136e-16 -1
vn 0 -2.2204460492503136e-16 -1
vn 0 -2.2204460492503136e-16 -1
vn 0 -2.2204460492503136e-16 -1
f 585/585/585 634/634/634 586/586/586
f 634/634/634 635/635/635 586/586/586
f 586/586/586 635/635/635 587/587/587
f 635/635/635 636/636/636 587/587/587
f 587/587/587 636/636/636 588/588/588
f 636/636/636 637/637/637 588/588/588
f 588/588/588 637/637/637 589/589/589
f 637/637/637 638/638/638 589/589/589
f 589/589/589 638/638/638 590/590/590
f 638/638/638 639/639/639 590/590/590
f 590/590/590 639/639/639 591/591/591
f 639/639/639 640/640/640 591/591/591
f 591/591/591 640/640/640 592/592/592
f 640/640/640 641/641/641 592/592/592
f 592/592/592 641/641/641 593/593/593
f 641/641/641 642/642/642 593/593/593
f 593/593/593 642/642/642 594/594/594
f 642/642/642 643/643/643 594/594/594
f 594/594/594 643/643/643 595/595/595
f 643/643/643 644/644/644 595/595/595
f 595/595/595 644/644/644 596/596/596
f 644/644/644 645/645/645 596/596/596
f 596/596/596 645/645/645 597/597/597
f 645/645/645 646/646/646 597/597/597
f 597/597/597 646/646/646 598/598/598
f 646/646/646 647/647/647 598/598/598
f 598/598/598 647/647/647 599/599/599
f 647/647/647 648/648/648 599/599/599
f 599/599/599 648/648/648 600/600/600
f 648/648/648 649/649/649 600/600/600
f 600/600/600 649/649/649 601/601/601
f 649/649/649 650/650/650 601/601/601
f 601/601/601 650/650/650 602/602/602
f 650/650/650 651/651/651 602/602/602
f 602/602/602 651/651/651 603/603/603
f 651/651/651 652/652/652 603/603/603
f 603/603/603 652/652/652 604/604/604
f 652/652/652 653/653/653 604/604/604
f 604/604/604 653/653/653 605/605/605
f 653/653/653 654/654/654 605/605/605
f 605/605/605 654/654/654 606/606/606
f 654/654/654 655/655/655 606/606/606
f 606/606/606 655/655/655 607/607/607
f 655/655/655 656/656/656 607/607/607
f 607/607/607 656/656/656 608/608/608
f 656/656/656 657/657/657 608/608/608
f 608/608/608 657/657/657 609/609/609
f 657/657/657 658/658/658 609/609/609
f 609/609/609 658/658/658 610/610/610
f 658/658/658 659/659/659 610/610/610
f 610/610/610 659/659/659 611/611/611
f 659/659/659 660/660/660 611/611/611
f 611/611/611 660/660/660 612/612/612
f 660/660/660 661/661/661 612/612/612
f 612/612/612 661/661/661 613/613/613
f 661/661/661 662/662/662 613/613/613
f 613/613/613 662/662/662 614/614/614
f 662/662/662 663/663/663 614/614/614
f 614/614/614 663/663/663 615/615/615
f 663/663/663 664/664/664 615/615/615
f 615/615/615 664/664/664 616/616/616
f 664/664/664 665/665/665 616/616/616
f 616/616/616 665/665/665 617/617/617
f 665/665/665 666/666/666 617/617/617
f 617/617/617 666/666/666 618/618/618
f 666/666/666 667/667/667 618/618/618
f 618/618/618 667/667/667 619/619/619
f 667/667/667 668/668/668 619/619/619
f 619/619/619 668/668/668 620/620/620
f 668/668/668 669/669/669 620/620/620
f 620/620/620 669/669/669 621/621/621
f 669/669/669 670/670/670 621/621/621
f 621/621/621 670/670/670 622/622/622
f 670/670/670 671/671/671 622/622/622
f 622/622/622 671/671/671 623/623/623
f 671/671/671 672/672/672 623/623/623
f 623/623/623 672/672/672 624/624/624
f 672/672/672 673/673/673 624/624/624
f 624/624/624 673/673/673 625/625/625
f 673/673/673 674/674/674 625/625/625
f 625/625/625 674/674/674 626/626/626
f 674/674/674 675/675/675 626/626/626
f 626/626/626 675/675/675 627/627/627
f 675/675/675 676/676/676 627/627/627
f 627/627/627 676/676/676 628/628/628
f 676/676/676 677/677/677 628/628/628
f 628/628/628 677/677/677 629/629/629
f 677/677/677 678/678/678 629/629/629
f 629/629/629 678/678/678 630/630/630
f 678/678/678 679/679/679 630/630/630
f 630/630/630 679/679/679 631/631/631
f 679/679/679 680/680/680 631/631/631
f 631/631/631 680/680/680 632/632/632
f 680/680/680 681/681/681 632/632/632
f 632/632/632 681/681/681 633/633/633
f 681/681/681 682/682/682 633/633/633
f 731/731/731 732/732/732 683/683/683
f 732/732/732 733/733/733 684/684/684
f 733/733/733 734/734/734 685/685/685
f 734/734/734 735/735/735 686/686/686
f 735/735/735 736/736/736 687/687/687
f 736/736/736 737/737/737 688/688/688
f 737/737/737 738/738/738 689/689/689
f 738/738/738 739/739/739 690/690/690
f 739/739/739 740/740/740 691/691/691
f 740/740/740 741/741/741 692/692/692
f 741/741/741 742/742/742 693/693/693
f 742/742/742 743/743/743 694/694/694
f 743/743/743 744/744/744 695/695/695
f 744/744/744 745/745/745 696/696/696
f 745/745/745 746/746/746 697/697/697
f 746/746/746 747/747/747 698/698/698
f 747/747/747 748/748/748 699/699/699
f 748/748/748 749/749/749 700/700/700
f 749/749/749 750/750/750 701/701/701
f 750/750/750 751/751/751 702/702/702
f 751/751/751 752/752/752 703/703/703
f 752/752/752 753/753/753 704/704/704
f 753/753/753 754/754/754 705/705/705
f 754/754/754 755/755/755 706/706/706
f 755/755/755 756/756/756 707/707/707
f 756/756/756 757/757/757 708/708/708
f 757/757/757 758/758/758 709/709/709
f 758/758/758 759/759/759 710/710/710
f 759/759/759 760/760/760 711/711/711
f 760/760/760 761/761/761 712/712/712
f 761/761/761 762/762/762 713/713/713
f 762/762/762 763/763/763 714/714/714
f 763/763/763 764/764/764 715/715/715
f 764/764/764 765/765/765 716/716/716
f 765/765/765 766/766/766 717/717/717
f 766/766/766 767/767/767 718/718/718
f 767/767/767 768/768/768 719/719/719
f 768/768/768 769/769/769 720/720/720
f 769/769/769 770/770/770 721/721/721
f 770/770/770 771/771/771 722/722/722
f 771/771/771 772/772/772 723/723/723
f 772/772/772 773/773/773 724/724/724
f 773/773/773 774/774/774 725/725/725
f 774/774/774 775/775/775 726/726/726
f 775/775/775 776/776/776 727/727/727
f 776/776/776 777/777/777 728/728/728
f 777/777/777 778/778/778 729/729/729
f 778/778/778 779/779/779 730/730/730
f 829/829/829 828/828/828 780/780/780
f 830/830/830 829/829/829 781/781/781
f 831/831/831 830/830/830 782/782/782
f 832/832/832 831/831/831 783/783/783
f 833/833/833 832/832/832 784/784/784
f 834/834/834 833/833/833 785/785/785
f 835/835/835 834/834/834 786/786/786
f 836/836/836 835/835/835 787/787/787
f 837/837/837 836/836/836 788/788/788
f 838/838/838 837/837/837 789/789/789
f 839/839/839 838/838/838 790/790/790
f 840/840/840 839/839/839 791/791/791
f 841/841/841 840/840/840 792/792/792
f 842/842/842 841/841/841 793/793/793
f 843/843/843 842/842/842 794/794/794
f 844/844/844 843/843/843 795/795/795
f 845/845/845 844/844/844 796/796/796
f 846/846/846 845/845/845 797/797/797
f 847/847/847 846/846/846 798/798/798
f 848/848/848 847/847/847 799/799/799
f 849/849/849 848/848/848 800/800/800
f 850/850/850 849/849/849 801/801/801
f 851/851/851 850/850/850 802/802/802
f 852/852/852 851/851/851 803/803/803
f 853/853/853 852/852/852 804/804/804
f 854/854/854 853/853/853 805/805/805
f 855/855/855 854/854/854 806/806/806
f 856/856/856 855/855/855 807/807/807
f 857/857/857 856/856/856 808/808/808
f 858/858/858 857/857/857 809/809/809
f 859/859/859 858/858/858 810/810/810
f 860/860/860 859/859/859 811/811/811
f 861/861/861 860/860/860 812/812/812
f 862/862/862 861/861/861 813/813/813
f 863/863/863 862/862/862 814/814/814
f 864/864/864 863/863/863 815/815/815
f 865/865/865 864/864/864 816/816/816
f 866/866/866 865/865/865 817/817/817
f 867/867/867 866/866/866 818/818/818
f 868/868/868 867/867/867 819/819/819
f 869/869/869 868/868/868 820/820/820
f 870/870/870 869/869/869 821/821/821
f 871/871/871 870/870/870 822/822/822
f 872/872/872 871/871/871 823/823/823
f 873/873/873 872/872/872 824/824/824
f 874/874/874 873/873/873 825/825/825
f 875/875/875 874/874/874 826/826/826
f 876/876/876 875/875/875 827/827/827
o status_led
usemtl blue_polymer
v 0.003940829075872898 -0.02955917097395286 0.02144082901533693
v 0.00394954439252615 -0.02958030378911644 0.021449544331990183
v 0.00394954439252615 -0.029550455686403437 0.02141969625838101
v 0.00394954439252615 -0.02958030378911644 0.021449544331990183
v 0.003961864858865738 -0.02957209001877345 0.02142790994141251
v 0.00394954439252615 -0.029550455686403437 0.02141969625838101
v 0.00394954439252615 -0.029550455686403437 0.02141969625838101
v 0.003961864858865738 -0.02957209001877345 0.02142790994141251
v 0.0039563546888530254 -0.02954364539007656 0.02139211816713214
v 0.003961864858865738 -0.02957209001877345 0.02142790994141251
v 0.003972249571233988 -0.029565166857792063 0.02139741657767445
v 0.0039563546888530254 -0.02954364539007656 0.02139211816713214
v 0.0039563546888530254 -0.02954364539007656 0.02139211816713214
v 0.003972249571233988 -0.029565166857792063 0.02139741657767445
v 0.00395899498835206 -0.029541005061473696 0.02135999999474734
v 0.003972249571233988 -0.029565166857792063 0.02139741657767445
v 0.003976487088948488 -0.029562341981800272 0.02135999999474734
v 0.00395899498835206 -0.029541005061473696 0.02135999999474734
v 0.00395899498835206 -0.029541005061473696 0.02135999999474734
v 0.003976487088948488 -0.029562341981800272 0.02135999999474734
v 0.00395899498835206 -0.029541005061473696 0.01864000000525266
v 0.003976487088948488 -0.029562341981800272 0.02135999999474734
v 0.003976487088948488 -0.029562341981800272 0.01864000000525266
v 0.00395899498835206 -0.029541005061473696 0.01864000000525266
v 0.00395899498835206 -0.029541005061473696 0.01864000000525266
v 0.003976487088948488 -0.029562341981800272 0.01864000000525266
v 0.0039563546888530254 -0.02954364539007656 0.01860788183286786
v 0.003976487088948488 -0.029562341981800272 0.01864000000525266
v 0.003972249571233988 -0.029565166857792063 0.018602583422325552
v 0.0039563546888530254 -0.02954364539007656 0.01860788183286786
v 0.0039563546888530254 -0.02954364539007656 0.01860788183286786
v 0.003972249571233988 -0.029565166857792063 0.018602583422325552
v 0.00394954439252615 -0.029550455686403437 0.01858030374161899
v 0.003972249571233988 -0.029565166857792063 0.018602583422325552
v 0.003961864858865738 -0.02957209001877345 0.018572090058587492
v 0.00394954439252615 -0.029550455686403437 0.01858030374161899
v 0.00394954439252615 -0.029550455686403437 0.01858030374161899
v 0.003961864858865738 -0.02957209001877345 0.018572090058587492
v 0.003940829075872898 -0.02955917097395286 0.01855917098466307
v 0.003961864858865738 -0.02957209001877345 0.018572090058587492
v 0.00394954439252615 -0.02958030378911644 0.018550455668009818
v 0.003940829075872898 -0.02955917097395286 0.01855917098466307
v 0.00394954439252615 -0.02958030378911644 0.021449544331990183
v 0.0039563546888530254 -0.02960788179305382 0.02145635462831706
v 0.003961864858865738 -0.02957209001877345 0.02142790994141251
v 0.0039563546888530254 -0.02960788179305382 0.02145635462831706
v 0.003972249571233988 -0.02960258341161534 0.021434833160601557
v 0.003961864858865738 -0.02957209001877345 0.02142790994141251
v 0.003961864858865738 -0.02957209001877345 0.02142790994141251
v 0.003972249571233988 -0.02960258341161534 0.021434833160601557
v 0.003972249571233988 -0.029565166857792063 0.02139741657767445
v 0.003972249571233988 -0.02960258341161534 0.021434833160601557
v 0.0039866347797214985 -0.02959778841002844 0.02140221160836518
v 0.003972249571233988 -0.029565166857792063 0.02139741657767445
v 0.003972249571233988 -0.029565166857792063 0.02139741657767445
v 0.0039866347797214985 -0.02959778841002844 0.02140221160836518
v 0.003976487088948488 -0.029562341981800272 0.02135999999474734
v 0.0039866347797214985 -0.02959778841002844 0.02140221160836518
v 0.003992815501987934 -0.02959572812076658 0.02135999999474734
v 0.003976487088948488 -0.029562341981800272 0.02135999999474734
v 0.003976487088948488 -0.029562341981800272 0.02135999999474734
v 0.003992815501987934 -0.02959572812076658 0.02135999999474734
v 0.003976487088948488 -0.029562341981800272 0.01864000000525266
v 0.003992815501987934 -0.02959572812076658 0.02135999999474734
v 0.003992815501987934 -0.02959572812076658 0.01864000000525266
v 0.003976487088948488 -0.029562341981800272 0.01864000000525266
v 0.003976487088948488 -0.029562341981800272 0.01864000000525266
v 0.003992815501987934 -0.02959572812076658 0.01864000000525266
v 0.003972249571233988 -0.029565166857792063 0.018602583422325552
v 0.003992815501987934 -0.02959572812076658 0.01864000000525266
v 0.0039866347797214985 -0.02959778841002844 0.018597788391634822
v 0.003972249571233988 -0.029565166857792063 0.018602583422325552
v 0.003972249571233988 -0.029565166857792063 0.018602583422325552
v 0.0039866347797214985 -0.02959778841002844 0.018597788391634822
v 0.003961864858865738 -0.02957209001877345 0.018572090058587492
v 0.0039866347797214985 -0.02959778841002844 0.018597788391634822
v 0.003972249571233988 -0.02960258341161534 0.018565166839398444
v 0.003961864858865738 -0.02957209001877345 0.018572090058587492
v 0.003961864858865738 -0.02957209001877345 0.018572090058587492
v 0.003972249571233988 -0.02960258341161534 0.018565166839398444
v 0.00394954439252615 -0.02958030378911644 0.018550455668009818
v 0.003972249571233988 -0.02960258341161534 0.018565166839398444
v 0.0039563546888530254 -0.02960788179305382 0.018543645371682942
v 0.00394954439252615 -0.02958030378911644 0.018550455668009818
v 0.0039563546888530254 -0.02960788179305382 0.02145635462831706
v 0.00395899498835206 -0.02963999999454245 0.021458994927816093
v 0.003972249571233988 -0.02960258341161534 0.021434833160601557
v 0.00395899498835206 -0.02963999999454245 0.021458994927816093
v 0.003976487088948488 -0.02963999999454245 0.021437657978385687
v 0.003972249571233988 -0.02960258341161534 0.021434833160601557
v 0.003972249571233988 -0.02960258341161534 0.021434833160601557
v 0.003976487088948488 -0.02963999999454245 0.021437657978385687
v 0.0039866347797214985 -0.02959778841002844 0.02140221160836518
v 0.003976487088948488 -0.02963999999454245 0.021437657978385687
v 0.003992815501987934 -0.02963999999454245 0.02140427192673087
v 0.0039866347797214985 -0.02959778841002844 0.02140221160836518
v 0.0039866347797214985 -0.02959778841002844 0.02140221160836518
v 0.003992815501987934 -0.02963999999454245 0.02140427192673087
v 0.003992815501987934 -0.02959572812076658 0.02135999999474734
v 0.003992815501987934 -0.02963999999454245 0.02140427192673087
v 0.004000000189989805 -0.02963999999454245 0.02135999999474734
v 0.003992815501987934 -0.02959572812076658 0.02135999999474734
v 0.003992815501987934 -0.02959572812076658 0.02135999999474734
v 0.004000000189989805 -0.02963999999454245 0.02135999999474734
v 0.003992815501987934 -0.02959572812076658 0.01864000000525266
v 0.004000000189989805 -0.02963999999454245 0.02135999999474734
v 0.004000000189989805 -0.02963999999454245 0.01864000000525266
v 0.003992815501987934 -0.02959572812076658 0.01864000000525266
v 0.003992815501987934 -0.02959572812076658 0.01864000000525266
v 0.004000000189989805 -0.02963999999454245 0.01864000000525266
v 0.0039866347797214985 -0.02959778841002844 0.018597788391634822
v 0.004000000189989805 -0.02963999999454245 0.01864000000525266
v 0.003992815501987934 -0.02963999999454245 0.01859572807326913
v 0.0039866347797214985 -0.02959778841002844 0.018597788391634822
v 0.0039866347797214985 -0.02959778841002844 0.018597788391634822
v 0.003992815501987934 -0.02963999999454245 0.01859572807326913
v 0.003972249571233988 -0.02960258341161534 0.018565166839398444
v 0.003992815501987934 -0.02963999999454245 0.01859572807326913
v 0.003976487088948488 -0.02963999999454245 0.018562342021614314
v 0.003972249571233988 -0.02960258341161534 0.018565166839398444
v 0.003972249571233988 -0.02960258341161534 0.018565166839398444
v 0.003976487088948488 -0.02963999999454245 0.018562342021614314
v 0.0039563546888530254 -0.02960788179305382 0.018543645371682942
v 0.003976487088948488 -0.02963999999454245 0.018562342021614314
v 0.00395899498835206 -0.02963999999454245 0.018541005072183907
v 0.0039563546888530254 -0.02960788179305382 0.018543645371682942
v 0.00395899498835206 -0.02963999999454245 0.021458994927816093
v 0.00395899498835206 -0.03036000000545755 0.021458994927816093
v 0.003976487088948488 -0.02963999999454245 0.021437657978385687
v 0.00395899498835206 -0.03036000000545755 0.021458994927816093
v 0.003976487088948488 -0.03036000000545755 0.021437657978385687
v 0.003976487088948488 -0.02963999999454245 0.021437657978385687
v 0.003976487088948488 -0.02963999999454245 0.021437657978385687
v 0.003976487088948488 -0.03036000000545755 0.021437657978385687
v 0.003992815501987934 -0.02963999999454245 0.02140427192673087
v 0.003976487088948488 -0.03036000000545755 0.021437657978385687
v 0.003992815501987934 -0.03036000000545755 0.02140427192673087
v 0.003992815501987934 -0.02963999999454245 0.02140427192673087
v 0.003992815501987934 -0.02963999999454245 0.02140427192673087
v 0.003992815501987934 -0.03036000000545755 0.02140427192673087
v 0.004000000189989805 -0.02963999999454245 0.02135999999474734
v 0.003992815501987934 -0.03036000000545755 0.02140427192673087
v 0.004000000189989805 -0.03036000000545755 0.02135999999474734
v 0.004000000189989805 -0.02963999999454245 0.02135999999474734
v 0.004000000189989805 -0.02963999999454245 0.02135999999474734
v 0.004000000189989805 -0.03036000000545755 0.02135999999474734
v 0.004000000189989805 -0.02963999999454245 0.01864000000525266
v 0.004000000189989805 -0.03036000000545755 0.02135999999474734
v 0.004000000189989805 -0.03036000000545755 0.01864000000525266
v 0.004000000189989805 -0.02963999999454245 0.01864000000525266
v 0.004000000189989805 -0.02963999999454245 0.01864000000525266
v 0.004000000189989805 -0.03036000000545755 0.01864000000525266
v 0.003992815501987934 -0.02963999999454245 0.01859572807326913
v 0.004000000189989805 -0.03036000000545755 0.01864000000525266
v 0.003992815501987934 -0.03036000000545755 0.01859572807326913
v 0.003992815501987934 -0.02963999999454245 0.01859572807326913
v 0.003992815501987934 -0.02963999999454245 0.01859572807326913
v 0.003992815501987934 -0.03036000000545755 0.01859572807326913
v 0.003976487088948488 -0.02963999999454245 0.018562342021614314
v 0.003992815501987934 -0.03036000000545755 0.01859572807326913
v 0.003976487088948488 -0.03036000000545755 0.018562342021614314
v 0.003976487088948488 -0.02963999999454245 0.018562342021614314
v 0.003976487088948488 -0.02963999999454245 0.018562342021614314
v 0.003976487088948488 -0.03036000000545755 0.018562342021614314
v 0.00395899498835206 -0.02963999999454245 0.018541005072183907
v 0.003976487088948488 -0.03036000000545755 0.018562342021614314
v 0.00395899498835206 -0.03036000000545755 0.018541005072183907
v 0.00395899498835206 -0.02963999999454245 0.018541005072183907
v 0.00395899498835206 -0.03036000000545755 0.021458994927816093
v 0.0039563546888530254 -0.030392118206946178 0.02145635462831706
v 0.003976487088948488 -0.03036000000545755 0.021437657978385687
v 0.0039563546888530254 -0.030392118206946178 0.02145635462831706
v 0.003972249571233988 -0.030397416588384657 0.021434833160601557
v 0.003976487088948488 -0.03036000000545755 0.021437657978385687
v 0.003976487088948488 -0.03036000000545755 0.021437657978385687
v 0.003972249571233988 -0.030397416588384657 0.021434833160601557
v 0.003992815501987934 -0.03036000000545755 0.02140427192673087
v 0.003972249571233988 -0.030397416588384657 0.021434833160601557
v 0.0039866347797214985 -0.030402211589971556 0.02140221160836518
v 0.003992815501987934 -0.03036000000545755 0.02140427192673087
v 0.003992815501987934 -0.03036000000545755 0.02140427192673087
v 0.0039866347797214985 -0.030402211589971556 0.02140221160836518
v 0.004000000189989805 -0.03036000000545755 0.02135999999474734
v 0.0039866347797214985 -0.030402211589971556 0.02140221160836518
v 0.003992815501987934 -0.03040427187923342 0.02135999999474734
v 0.004000000189989805 -0.03036000000545755 0.02135999999474734
v 0.004000000189989805 -0.03036000000545755 0.02135999999474734
v 0.003992815501987934 -0.03040427187923342 0.02135999999474734
v 0.004000000189989805 -0.03036000000545755 0.01864000000525266
v 0.003992815501987934 -0.03040427187923342 0.02135999999474734
v 0.003992815501987934 -0.03040427187923342 0.01864000000525266
v 0.004000000189989805 -0.03036000000545755 0.01864000000525266
v 0.004000000189989805 -0.03036000000545755 0.01864000000525266
v 0.003992815501987934 -0.03040427187923342 0.01864000000525266
v 0.003992815501987934 -0.03036000000545755 0.01859572807326913
v 0.003992815501987934 -0.03040427187923342 0.01864000000525266
v 0.0039866347797214985 -0.030402211589971556 0.018597788391634822
v 0.003992815501987934 -0.03036000000545755 0.01859572807326913
v 0.003992815501987934 -0.03036000000545755 0.01859572807326913
v 0.0039866347797214985 -0.030402211589971556 0.018597788391634822
v 0.003976487088948488 -0.03036000000545755 0.018562342021614314
v 0.0039866347797214985 -0.030402211589971556 0.018597788391634822
v 0.003972249571233988 -0.030397416588384657 0.018565166839398444
v 0.003976487088948488 -0.03036000000545755 0.018562342021614314
v 0.003976487088948488 -0.03036000000545755 0.018562342021614314
v 0.003972249571233988 -0.030397416588384657 0.018565166839398444
v 0.00395899498835206 -0.03036000000545755 0.018541005072183907
v 0.003972249571233988 -0.030397416588384657 0.018565166839398444
v 0.0039563546888530254 -0.030392118206946178 0.018543645371682942
v 0.00395899498835206 -0.03036000000545755 0.018541005072183907
v 0.0039563546888530254 -0.030392118206946178 0.02145635462831706
v 0.00394954439252615 -0.030419696210883557 0.021449544331990183
v 0.003972249571233988 -0.030397416588384657 0.021434833160601557
v 0.00394954439252615 -0.030419696210883557 0.021449544331990183
v 0.003961864858865738 -0.030427909981226547 0.02142790994141251
v 0.003972249571233988 -0.030397416588384657 0.021434833160601557
v 0.003972249571233988 -0.030397416588384657 0.021434833160601557
v 0.003961864858865738 -0.030427909981226547 0.02142790994141251
v 0.0039866347797214985 -0.030402211589971556 0.02140221160836518
v 0.003961864858865738 -0.030427909981226547 0.02142790994141251
v 0.003972249571233988 -0.030434833142207934 0.02139741657767445
v 0.0039866347797214985 -0.030402211589971556 0.02140221160836518
v 0.0039866347797214985 -0.030402211589971556 0.02140221160836518
v 0.003972249571233988 -0.030434833142207934 0.02139741657767445
v 0.003992815501987934 -0.03040427187923342 0.02135999999474734
v 0.003972249571233988 -0.030434833142207934 0.02139741657767445
v 0.003976487088948488 -0.030437658018199726 0.02135999999474734
v 0.003992815501987934 -0.03040427187923342 0.02135999999474734
v 0.003992815501987934 -0.03040427187923342 0.02135999999474734
v 0.003976487088948488 -0.030437658018199726 0.02135999999474734
v 0.003992815501987934 -0.03040427187923342 0.01864000000525266
v 0.003976487088948488 -0.030437658018199726 0.02135999999474734
v 0.003976487088948488 -0.030437658018199726 0.01864000000525266
v 0.003992815501987934 -0.03040427187923342 0.01864000000525266
v 0.003992815501987934 -0.03040427187923342 0.01864000000525266
v 0.003976487088948488 -0.030437658018199726 0.01864000000525266
v 0.0039866347797214985 -0.030402211589971556 0.018597788391634822
v 0.003976487088948488 -0.030437658018199726 0.01864000000525266
v 0.003972249571233988 -0.030434833142207934 0.018602583422325552
v 0.0039866347797214985 -0.030402211589971556 0.018597788391634822
v 0.0039866347797214985 -0.030402211589971556 0.018597788391634822
v 0.003972249571233988 -0.030434833142207934 0.018602583422325552
v 0.003972249571233988 -0.030397416588384657 0.018565166839398444
v 0.003972249571233988 -0.030434833142207934 0.018602583422325552
v 0.003961864858865738 -0.030427909981226547 0.018572090058587492
v 0.003972249571233988 -0.030397416588384657 0.018565166839398444
v 0.003972249571233988 -0.030397416588384657 0.018565166839398444
v 0.003961864858865738 -0.030427909981226547 0.018572090058587492
v 0.0039563546888530254 -0.030392118206946178 0.018543645371682942
v 0.003961864858865738 -0.030427909981226547 0.018572090058587492
v 0.00394954439252615 -0.030419696210883557 0.018550455668009818
v 0.0039563546888530254 -0.030392118206946178 0.018543645371682942
v 0.00394954439252615 -0.030419696210883557 0.021449544331990183
v 0.003940829075872898 -0.03044082902604714 0.02144082901533693
v 0.003961864858865738 -0.030427909981226547 0.02142790994141251
v 0.003940829075872898 -0.03044082902604714 0.02144082901533693
v 0.00394954439252615 -0.03044954431359656 0.02141969625838101
v 0.003961864858865738 -0.030427909981226547 0.02142790994141251
v 0.003961864858865738 -0.030427909981226547 0.02142790994141251
v 0.00394954439252615 -0.03044954431359656 0.02141969625838101
v 0.003972249571233988 -0.030434833142207934 0.02139741657767445
v 0.00394954439252615 -0.03044954431359656 0.02141969625838101
v 0.0039563546888530254 -0.030456354609923436 0.02139211816713214
v 0.003972249571233988 -0.030434833142207934 0.02139741657767445
v 0.003972249571233988 -0.030434833142207934 0.02139741657767445
v 0.0039563546888530254 -0.030456354609923436 0.02139211816713214
v 0.003976487088948488 -0.030437658018199726 0.02135999999474734
v 0.0039563546888530254 -0.030456354609923436 0.02139211816713214
v 0.00395899498835206 -0.0304589949385263 0.02135999999474734
v 0.003976487088948488 -0.030437658018199726 0.02135999999474734
v 0.003976487088948488 -0.030437658018199726 0.02135999999474734
v 0.00395899498835206 -0.0304589949385263 0.02135999999474734
v 0.003976487088948488 -0.030437658018199726 0.01864000000525266
v 0.00395899498835206 -0.0304589949385263 0.02135999999474734
v 0.00395899498835206 -0.0304589949385263 0.01864000000525266
v 0.003976487088948488 -0.030437658018199726 0.01864000000525266
v 0.003976487088948488 -0.030437658018199726 0.01864000000525266
v 0.00395899498835206 -0.0304589949385263 0.01864000000525266
v 0.003972249571233988 -0.030434833142207934 0.018602583422325552
v 0.00395899498835206 -0.0304589949385263 0.01864000000525266
v 0.0039563546888530254 -0.030456354609923436 0.01860788183286786
v 0.003972249571233988 -0.030434833142207934 0.018602583422325552
v 0.003972249571233988 -0.030434833142207934 0.018602583422325552
v 0.0039563546888530254 -0.030456354609923436 0.01860788183286786
v 0.003961864858865738 -0.030427909981226547 0.018572090058587492
v 0.0039563546888530254 -0.030456354609923436 0.01860788183286786
v 0.00394954439252615 -0.03044954431359656 0.01858030374161899
v 0.003961864858865738 -0.030427909981226547 0.018572090058587492
v 0.003961864858865738 -0.030427909981226547 0.018572090058587492
v 0.00394954439252615 -0.03044954431359656 0.01858030374161899
v 0.00394954439252615 -0.030419696210883557 0.018550455668009818
v 0.00394954439252615 -0.03044954431359656 0.01858030374161899
v 0.003940829075872898 -0.03044082902604714 0.01855917098466307
v 0.00394954439252615 -0.030419696210883557 0.018550455668009818
v -0.003940829075872898 -0.02955917097395286 0.01855917098466307
v -0.00394954439252615 -0.02958030378911644 0.018550455668009818
v -0.00394954439252615 -0.029550455686403437 0.01858030374161899
v -0.00394954439252615 -0.02958030378911644 0.018550455668009818
v -0.003961864858865738 -0.02957209001877345 0.018572090058587492
v -0.00394954439252615 -0.029550455686403437 0.01858030374161899
v -0.00394954439252615 -0.029550455686403437 0.01858030374161899
v -0.003961864858865738 -0.02957209001877345 0.018572090058587492
v -0.0039563546888530254 -0.02954364539007656 0.01860788183286786
v -0.003961864858865738 -0.02957209001877345 0.018572090058587492
v -0.003972249571233988 -0.029565166857792063 0.018602583422325552
v -0.0039563546888530254 -0.02954364539007656 0.01860788183286786
v -0.0039563546888530254 -0.02954364539007656 0.01860788183286786
v -0.003972249571233988 -0.029565166857792063 0.018602583422325552
v -0.00395899498835206 -0.029541005061473696 0.01864000000525266
v -0.003972249571233988 -0.029565166857792063 0.018602583422325552
v -0.003976487088948488 -0.029562341981800272 0.01864000000525266
v -0.00395899498835206 -0.029541005061473696 0.01864000000525266
v -0.00395899498835206 -0.029541005061473696 0.01864000000525266
v -0.003976487088948488 -0.029562341981800272 0.01864000000525266
v -0.00395899498835206 -0.029541005061473696 0.02135999999474734
v -0.003976487088948488 -0.029562341981800272 0.01864000000525266
v -0.003976487088948488 -0.029562341981800272 0.02135999999474734
v -0.00395899498835206 -0.029541005061473696 0.02135999999474734
v -0.00395899498835206 -0.029541005061473696 0.02135999999474734
v -0.003976487088948488 -0.029562341981800272 0.02135999999474734
v -0.0039563546888530254 -0.02954364539007656 0.02139211816713214
v -0.003976487088948488 -0.029562341981800272 0.02135999999474734
v -0.003972249571233988 -0.029565166857792063 0.02139741657767445
v -0.0039563546888530254 -0.02954364539007656 0.02139211816713214
v -0.0039563546888530254 -0.02954364539007656 0.02139211816713214
v -0.003972249571233988 -0.029565166857792063 0.02139741657767445
v -0.00394954439252615 -0.029550455686403437 0.02141969625838101
v -0.003972249571233988 -0.029565166857792063 0.02139741657767445
v -0.003961864858865738 -0.02957209001877345 0.02142790994141251
v -0.00394954439252615 -0.029550455686403437 0.02141969625838101
v -0.00394954439252615 -0.029550455686403437 0.02141969625838101
v -0.003961864858865738 -0.02957209001877345 0.02142790994141251
v -0.003940829075872898 -0.02955917097395286 0.02144082901533693
v -0.003961864858865738 -0.02957209001877345 0.02142790994141251
v -0.00394954439252615 -0.02958030378911644 0.021449544331990183
v -0.003940829075872898 -0.02955917097395286 0.02144082901533693
v -0.00394954439252615 -0.02958030378911644 0.018550455668009818
v -0.0039563546888530254 -0.02960788179305382 0.018543645371682942
v -0.003961864858865738 -0.02957209001877345 0.018572090058587492
v -0.0039563546888530254 -0.02960788179305382 0.018543645371682942
v -0.003972249571233988 -0.02960258341161534 0.018565166839398444
v -0.003961864858865738 -0.02957209001877345 0.018572090058587492
v -0.003961864858865738 -0.02957209001877345 0.018572090058587492
v -0.003972249571233988 -0.02960258341161534 0.018565166839398444
v -0.003972249571233988 -0.029565166857792063 0.018602583422325552
v -0.003972249571233988 -0.02960258341161534 0.018565166839398444
v -0.0039866347797214985 -0.02959778841002844 0.018597788391634822
v -0.003972249571233988 -0.029565166857792063 0.018602583422325552
v -0.003972249571233988 -0.029565166857792063 0.018602583422325552
v -0.0039866347797214985 -0.02959778841002844 0.018597788391634822
v -0.003976487088948488 -0.029562341981800272 0.01864000000525266
v -0.0039866347797214985 -0.02959778841002844 0.018597788391634822
v -0.003992815501987934 -0.02959572812076658 0.01864000000525266
v -0.003976487088948488 -0.029562341981800272 0.01864000000525266
v -0.003976487088948488 -0.029562341981800272 0.01864000000525266
v -0.003992815501987934 -0.02959572812076658 0.01864000000525266
v -0.003976487088948488 -0.029562341981800272 0.02135999999474734
v -0.003992815501987934 -0.02959572812076658 0.01864000000525266
v -0.003992815501987934 -0.02959572812076658 0.02135999999474734
v -0.003976487088948488 -0.029562341981800272 0.02135999999474734
v -0.003976487088948488 -0.029562341981800272 0.02135999999474734
v -0.003992815501987934 -0.02959572812076658 0.02135999999474734
v -0.003972249571233988 -0.029565166857792063 0.02139741657767445
v -0.003992815501987934 -0.02959572812076658 0.02135999999474734
v -0.0039866347797214985 -0.02959778841002844 0.02140221160836518
v -0.003972249571233988 -0.029565166857792063 0.02139741657767445
v -0.003972249571233988 -0.029565166857792063 0.02139741657767445
v -0.0039866347797214985 -0.02959778841002844 0.02140221160836518
v -0.003961864858865738 -0.02957209001877345 0.02142790994141251
v -0.0039866347797214985 -0.02959778841002844 0.02140221160836518
v -0.003972249571233988 -0.02960258341161534 0.021434833160601557
v -0.003961864858865738 -0.02957209001877345 0.02142790994141251
v -0.003961864858865738 -0.02957209001877345 0.02142790994141251
v -0.003972249571233988 -0.02960258341161534 0.021434833160601557
v -0.00394954439252615 -0.02958030378911644 0.021449544331990183
v -0.003972249571233988 -0.02960258341161534 0.021434833160601557
v -0.0039563546888530254 -0.02960788179305382 0.02145635462831706
v -0.00394954439252615 -0.02958030378911644 0.021449544331990183
v -0.0039563546888530254 -0.02960788179305382 0.018543645371682942
v -0.00395899498835206 -0.02963999999454245 0.018541005072183907
v -0.003972249571233988 -0.02960258341161534 0.018565166839398444
v -0.00395899498835206 -0.02963999999454245 0.018541005072183907
v -0.003976487088948488 -0.02963999999454245 0.018562342021614314
v -0.003972249571233988 -0.02960258341161534 0.018565166839398444
v -0.003972249571233988 -0.02960258341161534 0.018565166839398444
v -0.003976487088948488 -0.02963999999454245 0.018562342021614314
v -0.0039866347797214985 -0.02959778841002844 0.018597788391634822
v -0.003976487088948488 -0.02963999999454245 0.018562342021614314
v -0.003992815501987934 -0.02963999999454245 0.01859572807326913
v -0.0039866347797214985 -0.02959778841002844 0.018597788391634822
v -0.0039866347797214985 -0.02959778841002844 0.018597788391634822
v -0.003992815501987934 -0.02963999999454245 0.01859572807326913
v -0.003992815501987934 -0.02959572812076658 0.01864000000525266
v -0.003992815501987934 -0.02963999999454245 0.01859572807326913
v -0.004000000189989805 -0.02963999999454245 0.01864000000525266
v -0.003992815501987934 -0.02959572812076658 0.01864000000525266
v -0.003992815501987934 -0.02959572812076658 0.01864000000525266
v -0.004000000189989805 -0.02963999999454245 0.01864000000525266
v -0.003992815501987934 -0.02959572812076658 0.02135999999474734
v -0.004000000189989805 -0.02963999999454245 0.01864000000525266
v -0.004000000189989805 -0.02963999999454245 0.02135999999474734
v -0.003992815501987934 -0.02959572812076658 0.02135999999474734
v -0.003992815501987934 -0.02959572812076658 0.02135999999474734
v -0.004000000189989805 -0.02963999999454245 0.02135999999474734
v -0.0039866347797214985 -0.02959778841002844 0.02140221160836518
v -0.004000000189989805 -0.02963999999454245 0.02135999999474734
v -0.003992815501987934 -0.02963999999454245 0.02140427192673087
v -0.0039866347797214985 -0.02959778841002844 0.02140221160836518
v -0.0039866347797214985 -0.02959778841002844 0.02140221160836518
v -0.003992815501987934 -0.02963999999454245 0.02140427192673087
v -0.003972249571233988 -0.02960258341161534 0.021434833160601557
v -0.003992815501987934 -0.02963999999454245 0.02140427192673087
v -0.003976487088948488 -0.02963999999454245 0.021437657978385687
v -0.003972249571233988 -0.02960258341161534 0.021434833160601557
v -0.003972249571233988 -0.02960258341161534 0.021434833160601557
v -0.003976487088948488 -0.02963999999454245 0.021437657978385687
v -0.0039563546888530254 -0.02960788179305382 0.02145635462831706
v -0.003976487088948488 -0.02963999999454245 0.021437657978385687
v -0.00395899498835206 -0.02963999999454245 0.021458994927816093
v -0.0039563546888530254 -0.02960788179305382 0.02145635462831706
v -0.00395899498835206 -0.02963999999454245 0.018541005072183907
v -0.00395899498835206 -0.03036000000545755 0.018541005072183907
v -0.003976487088948488 -0.02963999999454245 0.018562342021614314
v -0.00395899498835206 -0.03036000000545755 0.018541005072183907
v -0.003976487088948488 -0.03036000000545755 0.018562342021614314
v -0.003976487088948488 -0.02963999999454245 0.018562342021614314
v -0.003976487088948488 -0.02963999999454245 0.018562342021614314
v -0.003976487088948488 -0.03036000000545755 0.018562342021614314
v -0.003992815501987934 -0.02963999999454245 0.01859572807326913
v -0.003976487088948488 -0.03036000000545755 0.018562342021614314
v -0.003992815501987934 -0.03036000000545755 0.01859572807326913
v -0.003992815501987934 -0.02963999999454245 0.01859572807326913
v -0.003992815501987934 -0.02963999999454245 0.01859572807326913
v -0.003992815501987934 -0.03036000000545755 0.01859572807326913
v -0.004000000189989805 -0.02963999999454245 0.01864000000525266
v -0.003992815501987934 -0.03036000000545755 0.01859572807326913
v -0.004000000189989805 -0.03036000000545755 0.01864000000525266
v -0.004000000189989805 -0.02963999999454245 0.01864000000525266
v -0.004000000189989805 -0.02963999999454245 0.01864000000525266
v -0.004000000189989805 -0.03036000000545755 0.01864000000525266
v -0.004000000189989805 -0.02963999999454245 0.02135999999474734
v -0.004000000189989805 -0.03036000000545755 0.01864000000525266
v -0.004000000189989805 -0.03036000000545755 0.02135999999474734
v -0.004000000189989805 -0.02963999999454245 0.02135999999474734
v -0.004000000189989805 -0.02963999999454245 0.02135999999474734
v -0.004000000189989805 -0.03036000000545755 0.02135999999474734
v -0.003992815501987934 -0.02963999999454245 0.02140427192673087
v -0.004000000189989805 -0.03036000000545755 0.02135999999474734
v -0.003992815501987934 -0.03036000000545755 0.02140427192673087
v -0.003992815501987934 -0.02963999999454245 0.02140427192673087
v -0.003992815501987934 -0.02963999999454245 0.02140427192673087
v -0.003992815501987934 -0.03036000000545755 0.02140427192673087
v -0.003976487088948488 -0.02963999999454245 0.021437657978385687
v -0.003992815501987934 -0.03036000000545755 0.02140427192673087
v -0.003976487088948488 -0.03036000000545755 0.021437657978385687
v -0.003976487088948488 -0.02963999999454245 0.021437657978385687
v -0.003976487088948488 -0.02963999999454245 0.021437657978385687
v -0.003976487088948488 -0.03036000000545755 0.021437657978385687
v -0.00395899498835206 -0.02963999999454245 0.021458994927816093
v -0.003976487088948488 -0.03036000000545755 0.021437657978385687
v -0.00395899498835206 -0.03036000000545755 0.021458994927816093
v -0.00395899498835206 -0.02963999999454245 0.021458994927816093
v -0.00395899498835206 -0.03036000000545755 0.018541005072183907
v -0.0039563546888530254 -0.030392118206946178 0.018543645371682942
v -0.003976487088948488 -0.03036000000545755 0.018562342021614314
v -0.0039563546888530254 -0.030392118206946178 0.018543645371682942
v -0.003972249571233988 -0.030397416588384657 0.018565166839398444
v -0.003976487088948488 -0.03036000000545755 0.018562342021614314
v -0.003976487088948488 -0.03036000000545755 0.018562342021614314
v -0.003972249571233988 -0.030397416588384657 0.018565166839398444
v -0.003992815501987934 -0.03036000000545755 0.01859572807326913
v -0.003972249571233988 -0.030397416588384657 0.018565166839398444
v -0.0039866347797214985 -0.030402211589971556 0.018597788391634822
v -0.003992815501987934 -0.03036000000545755 0.01859572807326913
v -0.003992815501987934 -0.03036000000545755 0.01859572807326913
v -0.0039866347797214985 -0.030402211589971556 0.018597788391634822
v -0.004000000189989805 -0.03036000000545755 0.01864000000525266
v -0.0039866347797214985 -0.030402211589971556 0.018597788391634822
v -0.003992815501987934 -0.03040427187923342 0.01864000000525266
v -0.004000000189989805 -0.03036000000545755 0.01864000000525266
v -0.004000000189989805 -0.03036000000545755 0.01864000000525266
v -0.003992815501987934 -0.03040427187923342 0.01864000000525266
v -0.004000000189989805 -0.03036000000545755 0.02135999999474734
v -0.003992815501987934 -0.03040427187923342 0.01864000000525266
v -0.003992815501987934 -0.03040427187923342 0.02135999999474734
v -0.004000000189989805 -0.03036000000545755 0.02135999999474734
v -0.004000000189989805 -0.03036000000545755 0.02135999999474734
v -0.003992815501987934 -0.03040427187923342 0.02135999999474734
v -0.003992815501987934 -0.03036000000545755 0.02140427192673087
v -0.003992815501987934 -0.03040427187923342 0.02135999999474734
v -0.0039866347797214985 -0.030402211589971556 0.02140221160836518
v -0.003992815501987934 -0.03036000000545755 0.02140427192673087
v -0.003992815501987934 -0.03036000000545755 0.02140427192673087
v -0.0039866347797214985 -0.030402211589971556 0.02140221160836518
v -0.003976487088948488 -0.03036000000545755 0.021437657978385687
v -0.0039866347797214985 -0.030402211589971556 0.02140221160836518
v -0.003972249571233988 -0.030397416588384657 0.021434833160601557
v -0.003976487088948488 -0.03036000000545755 0.021437657978385687
v -0.003976487088948488 -0.03036000000545755 0.021437657978385687
v -0.003972249571233988 -0.030397416588384657 0.021434833160601557
v -0.00395899498835206 -0.03036000000545755 0.021458994927816093
v -0.003972249571233988 -0.030397416588384657 0.021434833160601557
v -0.0039563546888530254 -0.030392118206946178 0.02145635462831706
v -0.00395899498835206 -0.03036000000545755 0.021458994927816093
v -0.0039563546888530254 -0.030392118206946178 0.018543645371682942
v -0.00394954439252615 -0.030419696210883557 0.018550455668009818
v -0.003972249571233988 -0.030397416588384657 0.018565166839398444
v -0.00394954439252615 -0.030419696210883557 0.018550455668009818
v -0.003961864858865738 -0.030427909981226547 0.018572090058587492
v -0.003972249571233988 -0.030397416588384657 0.018565166839398444
v -0.003972249571233988 -0.030397416588384657 0.018565166839398444
v -0.003961864858865738 -0.030427909981226547 0.018572090058587492
v -0.0039866347797214985 -0.030402211589971556 0.018597788391634822
v -0.003961864858865738 -0.030427909981226547 0.018572090058587492
v -0.003972249571233988 -0.030434833142207934 0.018602583422325552
v -0.0039866347797214985 -0.030402211589971556 0.018597788391634822
v -0.0039866347797214985 -0.030402211589971556 0.018597788391634822
v -0.003972249571233988 -0.030434833142207934 0.018602583422325552
v -0.003992815501987934 -0.03040427187923342 0.01864000000525266
v -0.003972249571233988 -0.030434833142207934 0.018602583422325552
v -0.003976487088948488 -0.030437658018199726 0.01864000000525266
v -0.003992815501987934 -0.03040427187923342 0.01864000000525266
v -0.003992815501987934 -0.03040427187923342 0.01864000000525266
v -0.003976487088948488 -0.030437658018199726 0.01864000000525266
v -0.003992815501987934 -0.03040427187923342 0.02135999999474734
v -0.003976487088948488 -0.030437658018199726 0.01864000000525266
v -0.003976487088948488 -0.030437658018199726 0.02135999999474734
v -0.003992815501987934 -0.03040427187923342 0.02135999999474734
v -0.003992815501987934 -0.03040427187923342 0.02135999999474734
v -0.003976487088948488 -0.030437658018199726 0.02135999999474734
v -0.0039866347797214985 -0.030402211589971556 0.02140221160836518
v -0.003976487088948488 -0.030437658018199726 0.02135999999474734
v -0.003972249571233988 -0.030434833142207934 0.02139741657767445
v -0.0039866347797214985 -0.030402211589971556 0.02140221160836518
v -0.0039866347797214985 -0.030402211589971556 0.02140221160836518
v -0.003972249571233988 -0.030434833142207934 0.02139741657767445
v -0.003972249571233988 -0.030397416588384657 0.021434833160601557
v -0.003972249571233988 -0.030434833142207934 0.02139741657767445
v -0.003961864858865738 -0.030427909981226547 0.02142790994141251
v -0.003972249571233988 -0.030397416588384657 0.021434833160601557
v -0.003972249571233988 -0.030397416588384657 0.021434833160601557
v -0.003961864858865738 -0.030427909981226547 0.02142790994141251
v -0.0039563546888530254 -0.030392118206946178 0.02145635462831706
v -0.003961864858865738 -0.030427909981226547 0.02142790994141251
v -0.00394954439252615 -0.030419696210883557 0.021449544331990183
v -0.0039563546888530254 -0.030392118206946178 0.02145635462831706
v -0.00394954439252615 -0.030419696210883557 0.018550455668009818
v -0.003940829075872898 -0.03044082902604714 0.01855917098466307
v -0.003961864858865738 -0.030427909981226547 0.018572090058587492
v -0.003940829075872898 -0.03044082902604714 0.01855917098466307
v -0.00394954439252615 -0.03044954431359656 0.01858030374161899
v -0.003961864858865738 -0.030427909981226547 0.018572090058587492
v -0.003961864858865738 -0.030427909981226547 0.018572090058587492
v -0.00394954439252615 -0.03044954431359656 0.01858030374161899
v -0.003972249571233988 -0.030434833142207934 0.018602583422325552
v -0.00394954439252615 -0.03044954431359656 0.01858030374161899
v -0.0039563546888530254 -0.030456354609923436 0.01860788183286786
v -0.003972249571233988 -0.030434833142207934 0.018602583422325552
v -0.003972249571233988 -0.030434833142207934 0.018602583422325552
v -0.0039563546888530254 -0.030456354609923436 0.01860788183286786
v -0.003976487088948488 -0.030437658018199726 0.01864000000525266
v -0.0039563546888530254 -0.030456354609923436 0.01860788183286786
v -0.00395899498835206 -0.0304589949385263 0.01864000000525266
v -0.003976487088948488 -0.030437658018199726 0.01864000000525266
v -0.003976487088948488 -0.030437658018199726 0.01864000000525266
v -0.00395899498835206 -0.0304589949385263 0.01864000000525266
v -0.003976487088948488 -0.030437658018199726 0.02135999999474734
v -0.00395899498835206 -0.0304589949385263 0.01864000000525266
v -0.00395899498835206 -0.0304589949385263 0.02135999999474734
v -0.003976487088948488 -0.030437658018199726 0.02135999999474734
v -0.003976487088948488 -0.030437658018199726 0.02135999999474734
v -0.00395899498835206 -0.0304589949385263 0.02135999999474734
v -0.003972249571233988 -0.030434833142207934 0.02139741657767445
v -0.00395899498835206 -0.0304589949385263 0.02135999999474734
v -0.0039563546888530254 -0.030456354609923436 0.02139211816713214
v -0.003972249571233988 -0.030434833142207934 0.02139741657767445
v -0.003972249571233988 -0.030434833142207934 0.02139741657767445
v -0.0039563546888530254 -0.030456354609923436 0.02139211816713214
v -0.003961864858865738 -0.030427909981226547 0.02142790994141251
v -0.0039563546888530254 -0.030456354609923436 0.02139211816713214
v -0.00394954439252615 -0.03044954431359656 0.02141969625838101
v -0.003961864858865738 -0.030427909981226547 0.02142790994141251
v -0.003961864858865738 -0.030427909981226547 0.02142790994141251
v -0.00394954439252615 -0.03044954431359656 0.02141969625838101
v -0.00394954439252615 -0.030419696210883557 0.021449544331990183
v -0.00394954439252615 -0.03044954431359656 0.02141969625838101
v -0.003940829075872898 -0.03044082902604714 0.02144082901533693
v -0.00394954439252615 -0.030419696210883557 0.021449544331990183
v -0.003940829075872898 -0.02955917097395286 0.01855917098466307
v -0.00394954439252615 -0.029550455686403437 0.01858030374161899
v -0.003919695969671011 -0.029550455686403437 0.018550455668009818
v -0.00394954439252615 -0.029550455686403437 0.01858030374161899
v -0.003927909769117832 -0.029538135045440866 0.018572090058587492
v -0.003919695969671011 -0.029550455686403437 0.018550455668009818
v -0.003919695969671011 -0.029550455686403437 0.018550455668009818
v -0.003927909769117832 -0.029538135045440866 0.018572090058587492
v -0.0038921181112527847 -0.02954364539007656 0.018543645371682942
v -0.003927909769117832 -0.029538135045440866 0.018572090058587492
v -0.003897416638210416 -0.029527750274864956 0.018565166839398444
v -0.0038921181112527847 -0.02954364539007656 0.018543645371682942
v -0.0038921181112527847 -0.02954364539007656 0.018543645371682942
v -0.003897416638210416 -0.029527750274864956 0.018565166839398444
v -0.003860000055283308 -0.029541005061473696 0.018541005072183907
v -0.003897416638210416 -0.029527750274864956 0.018565166839398444
v -0.003860000055283308 -0.02952351296087727 0.018562342021614314
v -0.003860000055283308 -0.029541005061473696 0.018541005072183907
v -0.003860000055283308 -0.029541005061473696 0.018541005072183907
v -0.003860000055283308 -0.02952351296087727 0.018562342021614314
v 0.003860000055283308 -0.029541005061473696 0.018541005072183907
v -0.003860000055283308 -0.02952351296087727 0.018562342021614314
v 0.003860000055283308 -0.02952351296087727 0.018562342021614314
v 0.003860000055283308 -0.029541005061473696 0.018541005072183907
v 0.003860000055283308 -0.029541005061473696 0.018541005072183907
v 0.003860000055283308 -0.02952351296087727 0.018562342021614314
v 0.0038921181112527847 -0.02954364539007656 0.018543645371682942
v 0.003860000055283308 -0.02952351296087727 0.018562342021614314
v 0.003897416638210416 -0.029527750274864956 0.018565166839398444
v 0.0038921181112527847 -0.02954364539007656 0.018543645371682942
v 0.0038921181112527847 -0.02954364539007656 0.018543645371682942
v 0.003897416638210416 -0.029527750274864956 0.018565166839398444
v 0.003919695969671011 -0.029550455686403437 0.018550455668009818
v 0.003897416638210416 -0.029527750274864956 0.018565166839398444
v 0.003927909769117832 -0.029538135045440866 0.018572090058587492
v 0.003919695969671011 -0.029550455686403437 0.018550455668009818
v 0.003919695969671011 -0.029550455686403437 0.018550455668009818
v 0.003927909769117832 -0.029538135045440866 0.018572090058587492
v 0.003940829075872898 -0.02955917097395286 0.01855917098466307
v 0.003927909769117832 -0.029538135045440866 0.018572090058587492
v 0.00394954439252615 -0.029550455686403437 0.01858030374161899
v 0.003940829075872898 -0.02955917097395286 0.01855917098466307
v -0.00394954439252615 -0.029550455686403437 0.01858030374161899
v -0.0039563546888530254 -0.02954364539007656 0.01860788183286786
v -0.003927909769117832 -0.029538135045440866 0.018572090058587492
v -0.0039563546888530254 -0.02954364539007656 0.01860788183286786
v -0.003934833221137524 -0.029527750274864956 0.018602583422325552
v -0.003927909769117832 -0.029538135045440866 0.018572090058587492
v -0.003927909769117832 -0.029538135045440866 0.018572090058587492
v -0.003934833221137524 -0.029527750274864956 0.018602583422325552
v -0.003897416638210416 -0.029527750274864956 0.018565166839398444
v -0.003934833221137524 -0.029527750274864956 0.018602583422325552
v -0.0039022115524858236 -0.029513365241000428 0.018597788391634822
v -0.003897416638210416 -0.029527750274864956 0.018565166839398444
v -0.003897416638210416 -0.029527750274864956 0.018565166839398444
v -0.0039022115524858236 -0.029513365241000428 0.018597788391634822
v -0.003860000055283308 -0.02952351296087727 0.018562342021614314
v -0.0039022115524858236 -0.029513365241000428 0.018597788391634822
v -0.003860000055283308 -0.02950718431500718 0.01859572807326913
v -0.003860000055283308 -0.02952351296087727 0.018562342021614314
v -0.003860000055283308 -0.02952351296087727 0.018562342021614314
v -0.003860000055283308 -0.02950718431500718 0.01859572807326913
v 0.003860000055283308 -0.02952351296087727 0.018562342021614314
v -0.003860000055283308 -0.02950718431500718 0.01859572807326913
v 0.003860000055283308 -0.02950718431500718 0.01859572807326913
v 0.003860000055283308 -0.02952351296087727 0.018562342021614314
v 0.003860000055283308 -0.02952351296087727 0.018562342021614314
v 0.003860000055283308 -0.02950718431500718 0.01859572807326913
v 0.003897416638210416 -0.029527750274864956 0.018565166839398444
v 0.003860000055283308 -0.02950718431500718 0.01859572807326913
v 0.0039022115524858236 -0.029513365241000428 0.018597788391634822
v 0.003897416638210416 -0.029527750274864956 0.018565166839398444
v 0.003897416638210416 -0.029527750274864956 0.018565166839398444
v 0.0039022115524858236 -0.029513365241000428 0.018597788391634822
v 0.003927909769117832 -0.029538135045440866 0.018572090058587492
v 0.0039022115524858236 -0.029513365241000428 0.018597788391634822
v 0.003934833221137524 -0.029527750274864956 0.018602583422325552
v 0.003927909769117832 -0.029538135045440866 0.018572090058587492
v 0.003927909769117832 -0.029538135045440866 0.018572090058587492
v 0.003934833221137524 -0.029527750274864956 0.018602583422325552
v 0.00394954439252615 -0.029550455686403437 0.01858030374161899
v 0.003934833221137524 -0.029527750274864956 0.018602583422325552
v 0.0039563546888530254 -0.02954364539007656 0.01860788183286786
v 0.00394954439252615 -0.029550455686403437 0.01858030374161899
v -0.0039563546888530254 -0.02954364539007656 0.01860788183286786
v -0.00395899498835206 -0.029541005061473696 0.01864000000525266
v -0.003934833221137524 -0.029527750274864956 0.018602583422325552
v -0.00395899498835206 -0.029541005061473696 0.01864000000525266
v -0.003937657922506332 -0.02952351296087727 0.01864000000525266
v -0.003934833221137524 -0.029527750274864956 0.018602583422325552
v -0.003934833221137524 -0.029527750274864956 0.018602583422325552
v -0.003937657922506332 -0.02952351296087727 0.01864000000525266
v -0.0039022115524858236 -0.029513365241000428 0.018597788391634822
v -0.003937657922506332 -0.02952351296087727 0.01864000000525266
v -0.0039042718708515167 -0.02950718431500718 0.01864000000525266
v -0.0039022115524858236 -0.029513365241000428 0.018597788391634822
v -0.0039022115524858236 -0.029513365241000428 0.018597788391634822
v -0.0039042718708515167 -0.02950718431500718 0.01864000000525266
v -0.003860000055283308 -0.02950718431500718 0.01859572807326913
v -0.0039042718708515167 -0.02950718431500718 0.01864000000525266
v -0.003860000055283308 -0.029499999976251273 0.01864000000525266
v -0.003860000055283308 -0.02950718431500718 0.01859572807326913
v -0.003860000055283308 -0.02950718431500718 0.01859572807326913
v -0.003860000055283308 -0.029499999976251273 0.01864000000525266
v 0.003860000055283308 -0.02950718431500718 0.01859572807326913
v -0.003860000055283308 -0.029499999976251273 0.01864000000525266
v 0.003860000055283308 -0.029499999976251273 0.01864000000525266
v 0.003860000055283308 -0.02950718431500718 0.01859572807326913
v 0.003860000055283308 -0.02950718431500718 0.01859572807326913
v 0.003860000055283308 -0.029499999976251273 0.01864000000525266
v 0.0039022115524858236 -0.029513365241000428 0.018597788391634822
v 0.003860000055283308 -0.029499999976251273 0.01864000000525266
v 0.0039042718708515167 -0.02950718431500718 0.01864000000525266
v 0.0039022115524858236 -0.029513365241000428 0.018597788391634822
v 0.0039022115524858236 -0.029513365241000428 0.018597788391634822
v 0.0039042718708515167 -0.02950718431500718 0.01864000000525266
v 0.003934833221137524 -0.029527750274864956 0.018602583422325552
v 0.0039042718708515167 -0.02950718431500718 0.01864000000525266
v 0.003937657922506332 -0.02952351296087727 0.01864000000525266
v 0.003934833221137524 -0.029527750274864956 0.018602583422325552
v 0.003934833221137524 -0.029527750274864956 0.018602583422325552
v 0.003937657922506332 -0.02952351296087727 0.01864000000525266
v 0.0039563546888530254 -0.02954364539007656 0.01860788183286786
v 0.003937657922506332 -0.02952351296087727 0.01864000000525266
v 0.00395899498835206 -0.029541005061473696 0.01864000000525266
v 0.0039563546888530254 -0.02954364539007656 0.01860788183286786
v -0.00395899498835206 -0.029541005061473696 0.01864000000525266
v -0.00395899498835206 -0.029541005061473696 0.02135999999474734
v -0.003937657922506332 -0.02952351296087727 0.01864000000525266
v -0.00395899498835206 -0.029541005061473696 0.02135999999474734
v -0.003937657922506332 -0.02952351296087727 0.02135999999474734
v -0.003937657922506332 -0.02952351296087727 0.01864000000525266
v -0.003937657922506332 -0.02952351296087727 0.01864000000525266
v -0.003937657922506332 -0.02952351296087727 0.02135999999474734
v -0.0039042718708515167 -0.02950718431500718 0.01864000000525266
v -0.003937657922506332 -0.02952351296087727 0.02135999999474734
v -0.0039042718708515167 -0.02950718431500718 0.02135999999474734
v -0.0039042718708515167 -0.02950718431500718 0.01864000000525266
v -0.0039042718708515167 -0.02950718431500718 0.01864000000525266
v -0.0039042718708515167 -0.02950718431500718 0.02135999999474734
v -0.003860000055283308 -0.029499999976251273 0.01864000000525266
v -0.0039042718708515167 -0.02950718431500718 0.02135999999474734
v -0.003860000055283308 -0.029499999976251273 0.02135999999474734
v -0.003860000055283308 -0.029499999976251273 0.01864000000525266
v -0.003860000055283308 -0.029499999976251273 0.01864000000525266
v -0.003860000055283308 -0.029499999976251273 0.02135999999474734
v 0.003860000055283308 -0.029499999976251273 0.01864000000525266
v -0.003860000055283308 -0.029499999976251273 0.02135999999474734
v 0.003860000055283308 -0.029499999976251273 0.02135999999474734
v 0.003860000055283308 -0.029499999976251273 0.01864000000525266
v 0.003860000055283308 -0.029499999976251273 0.01864000000525266
v 0.003860000055283308 -0.029499999976251273 0.02135999999474734
v 0.0039042718708515167 -0.02950718431500718 0.01864000000525266
v 0.003860000055283308 -0.029499999976251273 0.02135999999474734
v 0.0039042718708515167 -0.02950718431500718 0.02135999999474734
v 0.0039042718708515167 -0.02950718431500718 0.01864000000525266
v 0.0039042718708515167 -0.02950718431500718 0.01864000000525266
v 0.0039042718708515167 -0.02950718431500718 0.02135999999474734
v 0.003937657922506332 -0.02952351296087727 0.01864000000525266
v 0.0039042718708515167 -0.02950718431500718 0.02135999999474734
v 0.003937657922506332 -0.02952351296087727 0.02135999999474734
v 0.003937657922506332 -0.02952351296087727 0.01864000000525266
v 0.003937657922506332 -0.02952351296087727 0.01864000000525266
v 0.003937657922506332 -0.02952351296087727 0.02135999999474734
v 0.00395899498835206 -0.029541005061473696 0.01864000000525266
v 0.003937657922506332 -0.02952351296087727 0.02135999999474734
v 0.00395899498835206 -0.029541005061473696 0.02135999999474734
v 0.00395899498835206 -0.029541005061473696 0.01864000000525266
v -0.00395899498835206 -0.029541005061473696 0.02135999999474734
v -0.0039563546888530254 -0.02954364539007656 0.02139211816713214
v -0.003937657922506332 -0.02952351296087727 0.02135999999474734
v -0.0039563546888530254 -0.02954364539007656 0.02139211816713214
v -0.003934833221137524 -0.029527750274864956 0.02139741657767445
v -0.003937657922506332 -0.02952351296087727 0.02135999999474734
v -0.003937657922506332 -0.02952351296087727 0.02135999999474734
v -0.003934833221137524 -0.029527750274864956 0.02139741657767445
v -0.0039042718708515167 -0.02950718431500718 0.02135999999474734
v -0.003934833221137524 -0.029527750274864956 0.02139741657767445
v -0.0039022115524858236 -0.029513365241000428 0.02140221160836518
v -0.0039042718708515167 -0.02950718431500718 0.02135999999474734
v -0.0039042718708515167 -0.02950718431500718 0.02135999999474734
v -0.0039022115524858236 -0.029513365241000428 0.02140221160836518
v -0.003860000055283308 -0.029499999976251273 0.02135999999474734
v -0.0039022115524858236 -0.029513365241000428 0.02140221160836518
v -0.003860000055283308 -0.02950718431500718 0.02140427192673087
v -0.003860000055283308 -0.029499999976251273 0.02135999999474734
v -0.003860000055283308 -0.029499999976251273 0.02135999999474734
v -0.003860000055283308 -0.02950718431500718 0.02140427192673087
v 0.003860000055283308 -0.029499999976251273 0.02135999999474734
v -0.003860000055283308 -0.02950718431500718 0.02140427192673087
v 0.003860000055283308 -0.02950718431500718 0.02140427192673087
v 0.003860000055283308 -0.029499999976251273 0.02135999999474734
v 0.003860000055283308 -0.029499999976251273 0.02135999999474734
v 0.003860000055283308 -0.02950718431500718 0.02140427192673087
v 0.0039042718708515167 -0.02950718431500718 0.02135999999474734
v 0.003860000055283308 -0.02950718431500718 0.02140427192673087
v 0.0039022115524858236 -0.029513365241000428 0.02140221160836518
v 0.0039042718708515167 -0.02950718431500718 0.02135999999474734
v 0.0039042718708515167 -0.02950718431500718 0.02135999999474734
v 0.0039022115524858236 -0.029513365241000428 0.02140221160836518
v 0.003937657922506332 -0.02952351296087727 0.02135999999474734
v 0.0039022115524858236 -0.029513365241000428 0.02140221160836518
v 0.003934833221137524 -0.029527750274864956 0.02139741657767445
v 0.003937657922506332 -0.02952351296087727 0.02135999999474734
v 0.003937657922506332 -0.02952351296087727 0.02135999999474734
v 0.003934833221137524 -0.029527750274864956 0.02139741657767445
v 0.00395899498835206 -0.029541005061473696 0.02135999999474734
v 0.003934833221137524 -0.029527750274864956 0.02139741657767445
v 0.0039563546888530254 -0.02954364539007656 0.02139211816713214
v 0.00395899498835206 -0.029541005061473696 0.02135999999474734
v -0.0039563546888530254 -0.02954364539007656 0.02139211816713214
v -0.00394954439252615 -0.029550455686403437 0.02141969625838101
v -0.003934833221137524 -0.029527750274864956 0.02139741657767445
v -0.00394954439252615 -0.029550455686403437 0.02141969625838101
v -0.003927909769117832 -0.029538135045440866 0.02142790994141251
v -0.003934833221137524 -0.029527750274864956 0.02139741657767445
v -0.003934833221137524 -0.029527750274864956 0.02139741657767445
v -0.003927909769117832 -0.029538135045440866 0.02142790994141251
v -0.0039022115524858236 -0.029513365241000428 0.02140221160836518
v -0.003927909769117832 -0.029538135045440866 0.02142790994141251
v -0.003897416638210416 -0.029527750274864956 0.021434833160601557
v -0.0039022115524858236 -0.029513365241000428 0.02140221160836518
v -0.0039022115524858236 -0.029513365241000428 0.02140221160836518
v -0.003897416638210416 -0.029527750274864956 0.021434833160601557
v -0.003860000055283308 -0.02950718431500718 0.02140427192673087
v -0.003897416638210416 -0.029527750274864956 0.021434833160601557
v -0.003860000055283308 -0.02952351296087727 0.021437657978385687
v -0.003860000055283308 -0.02950718431500718 0.02140427192673087
v -0.003860000055283308 -0.02950718431500718 0.02140427192673087
v -0.003860000055283308 -0.02952351296087727 0.021437657978385687
v 0.003860000055283308 -0.02950718431500718 0.02140427192673087
v -0.003860000055283308 -0.02952351296087727 0.021437657978385687
v 0.003860000055283308 -0.02952351296087727 0.021437657978385687
v 0.003860000055283308 -0.02950718431500718 0.02140427192673087
v 0.003860000055283308 -0.02950718431500718 0.02140427192673087
v 0.003860000055283308 -0.02952351296087727 0.021437657978385687
v 0.0039022115524858236 -0.029513365241000428 0.02140221160836518
v 0.003860000055283308 -0.02952351296087727 0.021437657978385687
v 0.003897416638210416 -0.029527750274864956 0.021434833160601557
v 0.0039022115524858236 -0.029513365241000428 0.02140221160836518
v 0.0039022115524858236 -0.029513365241000428 0.02140221160836518
v 0.003897416638210416 -0.029527750274864956 0.021434833160601557
v 0.003934833221137524 -0.029527750274864956 0.02139741657767445
v 0.003897416638210416 -0.029527750274864956 0.021434833160601557
v 0.003927909769117832 -0.029538135045440866 0.02142790994141251
v 0.003934833221137524 -0.029527750274864956 0.02139741657767445
v 0.003934833221137524 -0.029527750274864956 0.02139741657767445
v 0.003927909769117832 -0.029538135045440866 0.02142790994141251
v 0.0039563546888530254 -0.02954364539007656 0.02139211816713214
v 0.003927909769117832 -0.029538135045440866 0.02142790994141251
v 0.00394954439252615 -0.029550455686403437 0.02141969625838101
v 0.0039563546888530254 -0.02954364539007656 0.02139211816713214
v -0.00394954439252615 -0.029550455686403437 0.02141969625838101
v -0.003940829075872898 -0.02955917097395286 0.02144082901533693
v -0.003927909769117832 -0.029538135045440866 0.02142790994141251
v -0.003940829075872898 -0.02955917097395286 0.02144082901533693
v -0.003919695969671011 -0.029550455686403437 0.021449544331990183
v -0.003927909769117832 -0.029538135045440866 0.02142790994141251
v -0.003927909769117832 -0.029538135045440866 0.02142790994141251
v -0.003919695969671011 -0.029550455686403437 0.021449544331990183
v -0.003897416638210416 -0.029527750274864956 0.021434833160601557
v -0.003919695969671011 -0.029550455686403437 0.021449544331990183
v -0.0038921181112527847 -0.02954364539007656 0.02145635462831706
v -0.003897416638210416 -0.029527750274864956 0.021434833160601557
v -0.003897416638210416 -0.029527750274864956 0.021434833160601557
v -0.0038921181112527847 -0.02954364539007656 0.02145635462831706
v -0.003860000055283308 -0.02952351296087727 0.021437657978385687
v -0.0038921181112527847 -0.02954364539007656 0.02145635462831706
v -0.003860000055283308 -0.029541005061473696 0.021458994927816093
v -0.003860000055283308 -0.02952351296087727 0.021437657978385687
v -0.003860000055283308 -0.02952351296087727 0.021437657978385687
v -0.003860000055283308 -0.029541005061473696 0.021458994927816093
v 0.003860000055283308 -0.02952351296087727 0.021437657978385687
v -0.003860000055283308 -0.029541005061473696 0.021458994927816093
v 0.003860000055283308 -0.029541005061473696 0.021458994927816093
v 0.003860000055283308 -0.02952351296087727 0.021437657978385687
v 0.003860000055283308 -0.02952351296087727 0.021437657978385687
v 0.003860000055283308 -0.029541005061473696 0.021458994927816093
v 0.003897416638210416 -0.029527750274864956 0.021434833160601557
v 0.003860000055283308 -0.029541005061473696 0.021458994927816093
v 0.0038921181112527847 -0.02954364539007656 0.02145635462831706
v 0.003897416638210416 -0.029527750274864956 0.021434833160601557
v 0.003897416638210416 -0.029527750274864956 0.021434833160601557
v 0.0038921181112527847 -0.02954364539007656 0.02145635462831706
v 0.003927909769117832 -0.029538135045440866 0.02142790994141251
v 0.0038921181112527847 -0.02954364539007656 0.02145635462831706
v 0.003919695969671011 -0.029550455686403437 0.021449544331990183
v 0.003927909769117832 -0.029538135045440866 0.02142790994141251
v 0.003927909769117832 -0.029538135045440866 0.02142790994141251
v 0.003919695969671011 -0.029550455686403437 0.021449544331990183
v 0.00394954439252615 -0.029550455686403437 0.02141969625838101
v 0.003919695969671011 -0.029550455686403437 0.021449544331990183
v 0.003940829075872898 -0.02955917097395286 0.02144082901533693
v 0.00394954439252615 -0.029550455686403437 0.02141969625838101
v -0.003940829075872898 -0.03044082902604714 0.02144082901533693
v -0.00394954439252615 -0.03044954431359656 0.02141969625838101
v -0.003919695969671011 -0.03044954431359656 0.021449544331990183
v -0.00394954439252615 -0.03044954431359656 0.02141969625838101
v -0.003927909769117832 -0.03046186495455913 0.02142790994141251
v -0.003919695969671011 -0.03044954431359656 0.021449544331990183
v -0.003919695969671011 -0.03044954431359656 0.021449544331990183
v -0.003927909769117832 -0.03046186495455913 0.02142790994141251
v -0.0038921181112527847 -0.030456354609923436 0.02145635462831706
v -0.003927909769117832 -0.03046186495455913 0.02142790994141251
v -0.003897416638210416 -0.030472249725135042 0.021434833160601557
v -0.0038921181112527847 -0.030456354609923436 0.02145635462831706
v -0.0038921181112527847 -0.030456354609923436 0.02145635462831706
v -0.003897416638210416 -0.030472249725135042 0.021434833160601557
v -0.003860000055283308 -0.0304589949385263 0.021458994927816093
v -0.003897416638210416 -0.030472249725135042 0.021434833160601557
v -0.003860000055283308 -0.03047648703912273 0.021437657978385687
v -0.003860000055283308 -0.0304589949385263 0.021458994927816093
v -0.003860000055283308 -0.0304589949385263 0.021458994927816093
v -0.003860000055283308 -0.03047648703912273 0.021437657978385687
v 0.003860000055283308 -0.0304589949385263 0.021458994927816093
v -0.003860000055283308 -0.03047648703912273 0.021437657978385687
v 0.003860000055283308 -0.03047648703912273 0.021437657978385687
v 0.003860000055283308 -0.0304589949385263 0.021458994927816093
v 0.003860000055283308 -0.0304589949385263 0.021458994927816093
v 0.003860000055283308 -0.03047648703912273 0.021437657978385687
v 0.0038921181112527847 -0.030456354609923436 0.02145635462831706
v 0.003860000055283308 -0.03047648703912273 0.021437657978385687
v 0.003897416638210416 -0.030472249725135042 0.021434833160601557
v 0.0038921181112527847 -0.030456354609923436 0.02145635462831706
v 0.0038921181112527847 -0.030456354609923436 0.02145635462831706
v 0.003897416638210416 -0.030472249725135042 0.021434833160601557
v 0.003919695969671011 -0.03044954431359656 0.021449544331990183
v 0.003897416638210416 -0.030472249725135042 0.021434833160601557
v 0.003927909769117832 -0.03046186495455913 0.02142790994141251
v 0.003919695969671011 -0.03044954431359656 0.021449544331990183
v 0.003919695969671011 -0.03044954431359656 0.021449544331990183
v 0.003927909769117832 -0.03046186495455913 0.02142790994141251
v 0.003940829075872898 -0.03044082902604714 0.02144082901533693
v 0.003927909769117832 -0.03046186495455913 0.02142790994141251
v 0.00394954439252615 -0.03044954431359656 0.02141969625838101
v 0.003940829075872898 -0.03044082902604714 0.02144082901533693
v -0.00394954439252615 -0.03044954431359656 0.02141969625838101
v -0.0039563546888530254 -0.030456354609923436 0.02139211816713214
v -0.003927909769117832 -0.03046186495455913 0.02142790994141251
v -0.0039563546888530254 -0.030456354609923436 0.02139211816713214
v -0.003934833221137524 -0.030472249725135042 0.02139741657767445
v -0.003927909769117832 -0.03046186495455913 0.02142790994141251
v -0.003927909769117832 -0.03046186495455913 0.02142790994141251
v -0.003934833221137524 -0.030472249725135042 0.02139741657767445
v -0.003897416638210416 -0.030472249725135042 0.021434833160601557
v -0.003934833221137524 -0.030472249725135042 0.02139741657767445
v -0.0039022115524858236 -0.03048663475899957 0.02140221160836518
v -0.003897416638210416 -0.030472249725135042 0.021434833160601557
v -0.003897416638210416 -0.030472249725135042 0.021434833160601557
v -0.0039022115524858236 -0.03048663475899957 0.02140221160836518
v -0.003860000055283308 -0.03047648703912273 0.021437657978385687
v -0.0039022115524858236 -0.03048663475899957 0.02140221160836518
v -0.003860000055283308 -0.03049281568499282 0.02140427192673087
v -0.003860000055283308 -0.03047648703912273 0.021437657978385687
v -0.003860000055283308 -0.03047648703912273 0.021437657978385687
v -0.003860000055283308 -0.03049281568499282 0.02140427192673087
v 0.003860000055283308 -0.03047648703912273 0.021437657978385687
v -0.003860000055283308 -0.03049281568499282 0.02140427192673087
v 0.003860000055283308 -0.03049281568499282 0.02140427192673087
v 0.003860000055283308 -0.03047648703912273 0.021437657978385687
v 0.003860000055283308 -0.03047648703912273 0.021437657978385687
v 0.003860000055283308 -0.03049281568499282 0.02140427192673087
v 0.003897416638210416 -0.030472249725135042 0.021434833160601557
v 0.003860000055283308 -0.03049281568499282 0.02140427192673087
v 0.0039022115524858236 -0.03048663475899957 0.02140221160836518
v 0.003897416638210416 -0.030472249725135042 0.021434833160601557
v 0.003897416638210416 -0.030472249725135042 0.021434833160601557
v 0.0039022115524858236 -0.03048663475899957 0.02140221160836518
v 0.003927909769117832 -0.03046186495455913 0.02142790994141251
v 0.0039022115524858236 -0.03048663475899957 0.02140221160836518
v 0.003934833221137524 -0.030472249725135042 0.02139741657767445
v 0.003927909769117832 -0.03046186495455913 0.02142790994141251
v 0.003927909769117832 -0.03046186495455913 0.02142790994141251
v 0.003934833221137524 -0.030472249725135042 0.02139741657767445
v 0.00394954439252615 -0.03044954431359656 0.02141969625838101
v 0.003934833221137524 -0.030472249725135042 0.02139741657767445
v 0.0039563546888530254 -0.030456354609923436 0.02139211816713214
v 0.00394954439252615 -0.03044954431359656 0.02141969625838101
v -0.0039563546888530254 -0.030456354609923436 0.02139211816713214
v -0.00395899498835206 -0.0304589949385263 0.02135999999474734
v -0.003934833221137524 -0.030472249725135042 0.02139741657767445
v -0.00395899498835206 -0.0304589949385263 0.02135999999474734
v -0.003937657922506332 -0.03047648703912273 0.02135999999474734
v -0.003934833221137524 -0.030472249725135042 0.02139741657767445
v -0.003934833221137524 -0.030472249725135042 0.02139741657767445
v -0.003937657922506332 -0.03047648703912273 0.02135999999474734
v -0.0039022115524858236 -0.03048663475899957 0.02140221160836518
v -0.003937657922506332 -0.03047648703912273 0.02135999999474734
v -0.0039042718708515167 -0.03049281568499282 0.02135999999474734
v -0.0039022115524858236 -0.03048663475899957 0.02140221160836518
v -0.0039022115524858236 -0.03048663475899957 0.02140221160836518
v -0.0039042718708515167 -0.03049281568499282 0.02135999999474734
v -0.003860000055283308 -0.03049281568499282 0.02140427192673087
v -0.0039042718708515167 -0.03049281568499282 0.02135999999474734
v -0.003860000055283308 -0.030500000023748725 0.02135999999474734
v -0.003860000055283308 -0.03049281568499282 0.02140427192673087
v -0.003860000055283308 -0.03049281568499282 0.02140427192673087
v -0.003860000055283308 -0.030500000023748725 0.02135999999474734
v 0.003860000055283308 -0.03049281568499282 0.02140427192673087
v -0.003860000055283308 -0.030500000023748725 0.02135999999474734
v 0.003860000055283308 -0.030500000023748725 0.02135999999474734
v 0.003860000055283308 -0.03049281568499282 0.02140427192673087
v 0.003860000055283308 -0.03049281568499282 0.02140427192673087
v 0.003860000055283308 -0.030500000023748725 0.02135999999474734
v 0.0039022115524858236 -0.03048663475899957 0.02140221160836518
v 0.003860000055283308 -0.030500000023748725 0.02135999999474734
v 0.0039042718708515167 -0.03049281568499282 0.02135999999474734
v 0.0039022115524858236 -0.03048663475899957 0.02140221160836518
v 0.0039022115524858236 -0.03048663475899957 0.02140221160836518
v 0.0039042718708515167 -0.03049281568499282 0.02135999999474734
v 0.003934833221137524 -0.030472249725135042 0.02139741657767445
v 0.0039042718708515167 -0.03049281568499282 0.02135999999474734
v 0.003937657922506332 -0.03047648703912273 0.02135999999474734
v 0.003934833221137524 -0.030472249725135042 0.02139741657767445
v 0.003934833221137524 -0.030472249725135042 0.02139741657767445
v 0.003937657922506332 -0.03047648703912273 0.02135999999474734
v 0.0039563546888530254 -0.030456354609923436 0.02139211816713214
v 0.003937657922506332 -0.03047648703912273 0.02135999999474734
v 0.00395899498835206 -0.0304589949385263 0.02135999999474734
v 0.0039563546888530254 -0.030456354609923436 0.02139211816713214
v -0.00395899498835206 -0.0304589949385263 0.02135999999474734
v -0.00395899498835206 -0.0304589949385263 0.01864000000525266
v -0.003937657922506332 -0.03047648703912273 0.02135999999474734
v -0.00395899498835206 -0.0304589949385263 0.01864000000525266
v -0.003937657922506332 -0.03047648703912273 0.01864000000525266
v -0.003937657922506332 -0.03047648703912273 0.02135999999474734
v -0.003937657922506332 -0.03047648703912273 0.02135999999474734
v -0.003937657922506332 -0.03047648703912273 0.01864000000525266
v -0.0039042718708515167 -0.03049281568499282 0.02135999999474734
v -0.003937657922506332 -0.03047648703912273 0.01864000000525266
v -0.0039042718708515167 -0.03049281568499282 0.01864000000525266
v -0.0039042718708515167 -0.03049281568499282 0.02135999999474734
v -0.0039042718708515167 -0.03049281568499282 0.02135999999474734
v -0.0039042718708515167 -0.03049281568499282 0.01864000000525266
v -0.003860000055283308 -0.030500000023748725 0.02135999999474734
v -0.0039042718708515167 -0.03049281568499282 0.01864000000525266
v -0.003860000055283308 -0.030500000023748725 0.01864000000525266
v -0.003860000055283308 -0.030500000023748725 0.02135999999474734
v -0.003860000055283308 -0.030500000023748725 0.02135999999474734
v -0.003860000055283308 -0.030500000023748725 0.01864000000525266
v 0.003860000055283308 -0.030500000023748725 0.02135999999474734
v -0.003860000055283308 -0.030500000023748725 0.01864000000525266
v 0.003860000055283308 -0.030500000023748725 0.01864000000525266
v 0.003860000055283308 -0.030500000023748725 0.02135999999474734
v 0.003860000055283308 -0.030500000023748725 0.02135999999474734
v 0.003860000055283308 -0.030500000023748725 0.01864000000525266
v 0.0039042718708515167 -0.03049281568499282 0.02135999999474734
v 0.003860000055283308 -0.030500000023748725 0.01864000000525266
v 0.0039042718708515167 -0.03049281568499282 0.01864000000525266
v 0.0039042718708515167 -0.03049281568499282 0.02135999999474734
v 0.0039042718708515167 -0.03049281568499282 0.02135999999474734
v 0.0039042718708515167 -0.03049281568499282 0.01864000000525266
v 0.003937657922506332 -0.03047648703912273 0.02135999999474734
v 0.0039042718708515167 -0.03049281568499282 0.01864000000525266
v 0.003937657922506332 -0.03047648703912273 0.01864000000525266
v 0.003937657922506332 -0.03047648703912273 0.02135999999474734
v 0.003937657922506332 -0.03047648703912273 0.02135999999474734
v 0.003937657922506332 -0.03047648703912273 0.01864000000525266
v 0.00395899498835206 -0.0304589949385263 0.02135999999474734
v 0.003937657922506332 -0.03047648703912273 0.01864000000525266
v 0.00395899498835206 -0.0304589949385263 0.01864000000525266
v 0.00395899498835206 -0.0304589949385263 0.02135999999474734
v -0.00395899498835206 -0.0304589949385263 0.01864000000525266
v -0.0039563546888530254 -0.030456354609923436 0.01860788183286786
v -0.003937657922506332 -0.03047648703912273 0.01864000000525266
v -0.0039563546888530254 -0.030456354609923436 0.01860788183286786
v -0.003934833221137524 -0.030472249725135042 0.018602583422325552
v -0.003937657922506332 -0.03047648703912273 0.01864000000525266
v -0.003937657922506332 -0.03047648703912273 0.01864000000525266
v -0.003934833221137524 -0.030472249725135042 0.018602583422325552
v -0.0039042718708515167 -0.03049281568499282 0.01864000000525266
v -0.003934833221137524 -0.030472249725135042 0.018602583422325552
v -0.0039022115524858236 -0.03048663475899957 0.018597788391634822
v -0.0039042718708515167 -0.03049281568499282 0.01864000000525266
v -0.0039042718708515167 -0.03049281568499282 0.01864000000525266
v -0.0039022115524858236 -0.03048663475899957 0.018597788391634822
v -0.003860000055283308 -0.030500000023748725 0.01864000000525266
v -0.0039022115524858236 -0.03048663475899957 0.018597788391634822
v -0.003860000055283308 -0.03049281568499282 0.01859572807326913
v -0.003860000055283308 -0.030500000023748725 0.01864000000525266
v -0.003860000055283308 -0.030500000023748725 0.01864000000525266
v -0.003860000055283308 -0.03049281568499282 0.01859572807326913
v 0.003860000055283308 -0.030500000023748725 0.01864000000525266
v -0.003860000055283308 -0.03049281568499282 0.01859572807326913
v 0.003860000055283308 -0.03049281568499282 0.01859572807326913
v 0.003860000055283308 -0.030500000023748725 0.01864000000525266
v 0.003860000055283308 -0.030500000023748725 0.01864000000525266
v 0.003860000055283308 -0.03049281568499282 0.01859572807326913
v 0.0039042718708515167 -0.03049281568499282 0.01864000000525266
v 0.003860000055283308 -0.03049281568499282 0.01859572807326913
v 0.0039022115524858236 -0.03048663475899957 0.018597788391634822
v 0.0039042718708515167 -0.03049281568499282 0.01864000000525266
v 0.0039042718708515167 -0.03049281568499282 0.01864000000525266
v 0.0039022115524858236 -0.03048663475899957 0.018597788391634822
v 0.003937657922506332 -0.03047648703912273 0.01864000000525266
v 0.0039022115524858236 -0.03048663475899957 0.018597788391634822
v 0.003934833221137524 -0.030472249725135042 0.018602583422325552
v 0.003937657922506332 -0.03047648703912273 0.01864000000525266
v 0.003937657922506332 -0.03047648703912273 0.01864000000525266
v 0.003934833221137524 -0.030472249725135042 0.018602583422325552
v 0.00395899498835206 -0.0304589949385263 0.01864000000525266
v 0.003934833221137524 -0.030472249725135042 0.018602583422325552
v 0.0039563546888530254 -0.030456354609923436 0.01860788183286786
v 0.00395899498835206 -0.0304589949385263 0.01864000000525266
v -0.0039563546888530254 -0.030456354609923436 0.01860788183286786
v -0.00394954439252615 -0.03044954431359656 0.01858030374161899
v -0.003934833221137524 -0.030472249725135042 0.018602583422325552
v -0.00394954439252615 -0.03044954431359656 0.01858030374161899
v -0.003927909769117832 -0.03046186495455913 0.018572090058587492
v -0.003934833221137524 -0.030472249725135042 0.018602583422325552
v -0.003934833221137524 -0.030472249725135042 0.018602583422325552
v -0.003927909769117832 -0.03046186495455913 0.018572090058587492
v -0.0039022115524858236 -0.03048663475899957 0.018597788391634822
v -0.003927909769117832 -0.03046186495455913 0.018572090058587492
v -0.003897416638210416 -0.030472249725135042 0.018565166839398444
v -0.0039022115524858236 -0.03048663475899957 0.018597788391634822
v -0.0039022115524858236 -0.03048663475899957 0.018597788391634822
v -0.003897416638210416 -0.030472249725135042 0.018565166839398444
v -0.003860000055283308 -0.03049281568499282 0.01859572807326913
v -0.003897416638210416 -0.030472249725135042 0.018565166839398444
v -0.003860000055283308 -0.03047648703912273 0.018562342021614314
v -0.003860000055283308 -0.03049281568499282 0.01859572807326913
v -0.003860000055283308 -0.03049281568499282 0.01859572807326913
v -0.003860000055283308 -0.03047648703912273 0.018562342021614314
v 0.003860000055283308 -0.03049281568499282 0.01859572807326913
v -0.003860000055283308 -0.03047648703912273 0.018562342021614314
v 0.003860000055283308 -0.03047648703912273 0.018562342021614314
v 0.003860000055283308 -0.03049281568499282 0.01859572807326913
v 0.003860000055283308 -0.03049281568499282 0.01859572807326913
v 0.003860000055283308 -0.03047648703912273 0.018562342021614314
v 0.0039022115524858236 -0.03048663475899957 0.018597788391634822
v 0.003860000055283308 -0.03047648703912273 0.018562342021614314
v 0.003897416638210416 -0.030472249725135042 0.018565166839398444
v 0.0039022115524858236 -0.03048663475899957 0.018597788391634822
v 0.0039022115524858236 -0.03048663475899957 0.018597788391634822
v 0.003897416638210416 -0.030472249725135042 0.018565166839398444
v 0.003934833221137524 -0.030472249725135042 0.018602583422325552
v 0.003897416638210416 -0.030472249725135042 0.018565166839398444
v 0.003927909769117832 -0.03046186495455913 0.018572090058587492
v 0.003934833221137524 -0.030472249725135042 0.018602583422325552
v 0.003934833221137524 -0.030472249725135042 0.018602583422325552
v 0.003927909769117832 -0.03046186495455913 0.018572090058587492
v 0.0039563546888530254 -0.030456354609923436 0.01860788183286786
v 0.003927909769117832 -0.03046186495455913 0.018572090058587492
v 0.00394954439252615 -0.03044954431359656 0.01858030374161899
v 0.0039563546888530254 -0.030456354609923436 0.01860788183286786
v -0.00394954439252615 -0.03044954431359656 0.01858030374161899
v -0.003940829075872898 -0.03044082902604714 0.01855917098466307
v -0.003927909769117832 -0.03046186495455913 0.018572090058587492
v -0.003940829075872898 -0.03044082902604714 0.01855917098466307
v -0.003919695969671011 -0.03044954431359656 0.018550455668009818
v -0.003927909769117832 -0.03046186495455913 0.018572090058587492
v -0.003927909769117832 -0.03046186495455913 0.018572090058587492
v -0.003919695969671011 -0.03044954431359656 0.018550455668009818
v -0.003897416638210416 -0.030472249725135042 0.018565166839398444
v -0.003919695969671011 -0.03044954431359656 0.018550455668009818
v -0.0038921181112527847 -0.030456354609923436 0.018543645371682942
v -0.003897416638210416 -0.030472249725135042 0.018565166839398444
v -0.003897416638210416 -0.030472249725135042 0.018565166839398444
v -0.0038921181112527847 -0.030456354609923436 0.018543645371682942
v -0.003860000055283308 -0.03047648703912273 0.018562342021614314
v -0.0038921181112527847 -0.030456354609923436 0.018543645371682942
v -0.003860000055283308 -0.0304589949385263 0.018541005072183907
v -0.003860000055283308 -0.03047648703912273 0.018562342021614314
v -0.003860000055283308 -0.03047648703912273 0.018562342021614314
v -0.003860000055283308 -0.0304589949385263 0.018541005072183907
v 0.003860000055283308 -0.03047648703912273 0.018562342021614314
v -0.003860000055283308 -0.0304589949385263 0.018541005072183907
v 0.003860000055283308 -0.0304589949385263 0.018541005072183907
v 0.003860000055283308 -0.03047648703912273 0.018562342021614314
v 0.003860000055283308 -0.03047648703912273 0.018562342021614314
v 0.003860000055283308 -0.0304589949385263 0.018541005072183907
v 0.003897416638210416 -0.030472249725135042 0.018565166839398444
v 0.003860000055283308 -0.0304589949385263 0.018541005072183907
v 0.0038921181112527847 -0.030456354609923436 0.018543645371682942
v 0.003897416638210416 -0.030472249725135042 0.018565166839398444
v 0.003897416638210416 -0.030472249725135042 0.018565166839398444
v 0.0038921181112527847 -0.030456354609923436 0.018543645371682942
v 0.003927909769117832 -0.03046186495455913 0.018572090058587492
v 0.0038921181112527847 -0.030456354609923436 0.018543645371682942
v 0.003919695969671011 -0.03044954431359656 0.018550455668009818
v 0.003927909769117832 -0.03046186495455913 0.018572090058587492
v 0.003927909769117832 -0.03046186495455913 0.018572090058587492
v 0.003919695969671011 -0.03044954431359656 0.018550455668009818
v 0.00394954439252615 -0.03044954431359656 0.01858030374161899
v 0.003919695969671011 -0.03044954431359656 0.018550455668009818
v 0.003940829075872898 -0.03044082902604714 0.01855917098466307
v 0.00394954439252615 -0.03044954431359656 0.01858030374161899
v -0.003940829075872898 -0.02955917097395286 0.02144082901533693
v -0.00394954439252615 -0.02958030378911644 0.021449544331990183
v -0.003919695969671011 -0.029550455686403437 0.021449544331990183
v -0.00394954439252615 -0.02958030378911644 0.021449544331990183
v -0.003927909769117832 -0.02957209001877345 0.021461864914745093
v -0.003919695969671011 -0.029550455686403437 0.021449544331990183
v -0.003919695969671011 -0.029550455686403437 0.021449544331990183
v -0.003927909769117832 -0.02957209001877345 0.021461864914745093
v -0.0038921181112527847 -0.02954364539007656 0.02145635462831706
v -0.003927909769117832 -0.02957209001877345 0.021461864914745093
v -0.003897416638210416 -0.029565166857792063 0.021472249743528665
v -0.0038921181112527847 -0.02954364539007656 0.02145635462831706
v -0.0038921181112527847 -0.02954364539007656 0.02145635462831706
v -0.003897416638210416 -0.029565166857792063 0.021472249743528665
v -0.003860000055283308 -0.029541005061473696 0.021458994927816093
v -0.003897416638210416 -0.029565166857792063 0.021472249743528665
v -0.003860000055283308 -0.029562341981800272 0.02147648702841252
v -0.003860000055283308 -0.029541005061473696 0.021458994927816093
v -0.003860000055283308 -0.029541005061473696 0.021458994927816093
v -0.003860000055283308 -0.029562341981800272 0.02147648702841252
v 0.003860000055283308 -0.029541005061473696 0.021458994927816093
v -0.003860000055283308 -0.029562341981800272 0.02147648702841252
v 0.003860000055283308 -0.029562341981800272 0.02147648702841252
v 0.003860000055283308 -0.029541005061473696 0.021458994927816093
v 0.003860000055283308 -0.029541005061473696 0.021458994927816093
v 0.003860000055283308 -0.029562341981800272 0.02147648702841252
v 0.0038921181112527847 -0.02954364539007656 0.02145635462831706
v 0.003860000055283308 -0.029562341981800272 0.02147648702841252
v 0.003897416638210416 -0.029565166857792063 0.021472249743528665
v 0.0038921181112527847 -0.02954364539007656 0.02145635462831706
v 0.0038921181112527847 -0.02954364539007656 0.02145635462831706
v 0.003897416638210416 -0.029565166857792063 0.021472249743528665
v 0.003919695969671011 -0.029550455686403437 0.021449544331990183
v 0.003897416638210416 -0.029565166857792063 0.021472249743528665
v 0.003927909769117832 -0.02957209001877345 0.021461864914745093
v 0.003919695969671011 -0.029550455686403437 0.021449544331990183
v 0.003919695969671011 -0.029550455686403437 0.021449544331990183
v 0.003927909769117832 -0.02957209001877345 0.021461864914745093
v 0.003940829075872898 -0.02955917097395286 0.02144082901533693
v 0.003927909769117832 -0.02957209001877345 0.021461864914745093
v 0.00394954439252615 -0.02958030378911644 0.021449544331990183
v 0.003940829075872898 -0.02955917097395286 0.02144082901533693
v -0.00394954439252615 -0.02958030378911644 0.021449544331990183
v -0.0039563546888530254 -0.02960788179305382 0.02145635462831706
v -0.003927909769117832 -0.02957209001877345 0.021461864914745093
v -0.0039563546888530254 -0.02960788179305382 0.02145635462831706
v -0.003934833221137524 -0.02960258341161534 0.021472249743528665
v -0.003927909769117832 -0.02957209001877345 0.021461864914745093
v -0.003927909769117832 -0.02957209001877345 0.021461864914745093
v -0.003934833221137524 -0.02960258341161534 0.021472249743528665
v -0.003897416638210416 -0.029565166857792063 0.021472249743528665
v -0.003934833221137524 -0.02960258341161534 0.021472249743528665
v -0.0039022115524858236 -0.02959778841002844 0.02148663471918553
v -0.003897416638210416 -0.029565166857792063 0.021472249743528665
v -0.003897416638210416 -0.029565166857792063 0.021472249743528665
v -0.0039022115524858236 -0.02959778841002844 0.02148663471918553
v -0.003860000055283308 -0.029562341981800272 0.02147648702841252
v -0.0039022115524858236 -0.02959778841002844 0.02148663471918553
v -0.003860000055283308 -0.02959572812076658 0.02149281567428261
v -0.003860000055283308 -0.029562341981800272 0.02147648702841252
v -0.003860000055283308 -0.029562341981800272 0.02147648702841252
v -0.003860000055283308 -0.02959572812076658 0.02149281567428261
v 0.003860000055283308 -0.029562341981800272 0.02147648702841252
v -0.003860000055283308 -0.02959572812076658 0.02149281567428261
v 0.003860000055283308 -0.02959572812076658 0.02149281567428261
v 0.003860000055283308 -0.029562341981800272 0.02147648702841252
v 0.003860000055283308 -0.029562341981800272 0.02147648702841252
v 0.003860000055283308 -0.02959572812076658 0.02149281567428261
v 0.003897416638210416 -0.029565166857792063 0.021472249743528665
v 0.003860000055283308 -0.02959572812076658 0.02149281567428261
v 0.0039022115524858236 -0.02959778841002844 0.02148663471918553
v 0.003897416638210416 -0.029565166857792063 0.021472249743528665
v 0.003897416638210416 -0.029565166857792063 0.021472249743528665
v 0.0039022115524858236 -0.02959778841002844 0.02148663471918553
v 0.003927909769117832 -0.02957209001877345 0.021461864914745093
v 0.0039022115524858236 -0.02959778841002844 0.02148663471918553
v 0.003934833221137524 -0.02960258341161534 0.021472249743528665
v 0.003927909769117832 -0.02957209001877345 0.021461864914745093
v 0.003927909769117832 -0.02957209001877345 0.021461864914745093
v 0.003934833221137524 -0.02960258341161534 0.021472249743528665
v 0.00394954439252615 -0.02958030378911644 0.021449544331990183
v 0.003934833221137524 -0.02960258341161534 0.021472249743528665
v 0.0039563546888530254 -0.02960788179305382 0.02145635462831706
v 0.00394954439252615 -0.02958030378911644 0.021449544331990183
v -0.0039563546888530254 -0.02960788179305382 0.02145635462831706
v -0.00395899498835206 -0.02963999999454245 0.021458994927816093
v -0.003934833221137524 -0.02960258341161534 0.021472249743528665
v -0.00395899498835206 -0.02963999999454245 0.021458994927816093
v -0.003937657922506332 -0.02963999999454245 0.02147648702841252
v -0.003934833221137524 -0.02960258341161534 0.021472249743528665
v -0.003934833221137524 -0.02960258341161534 0.021472249743528665
v -0.003937657922506332 -0.02963999999454245 0.02147648702841252
v -0.0039022115524858236 -0.02959778841002844 0.02148663471918553
v -0.003937657922506332 -0.02963999999454245 0.02147648702841252
v -0.0039042718708515167 -0.02963999999454245 0.02149281567428261
v -0.0039022115524858236 -0.02959778841002844 0.02148663471918553
v -0.0039022115524858236 -0.02959778841002844 0.02148663471918553
v -0.0039042718708515167 -0.02963999999454245 0.02149281567428261
v -0.003860000055283308 -0.02959572812076658 0.02149281567428261
v -0.0039042718708515167 -0.02963999999454245 0.02149281567428261
v -0.003860000055283308 -0.02963999999454245 0.021500000013038516
v -0.003860000055283308 -0.02959572812076658 0.02149281567428261
v -0.003860000055283308 -0.02959572812076658 0.02149281567428261
v -0.003860000055283308 -0.02963999999454245 0.021500000013038516
v 0.003860000055283308 -0.02959572812076658 0.02149281567428261
v -0.003860000055283308 -0.02963999999454245 0.021500000013038516
v 0.003860000055283308 -0.02963999999454245 0.021500000013038516
v 0.003860000055283308 -0.02959572812076658 0.02149281567428261
v 0.003860000055283308 -0.02959572812076658 0.02149281567428261
v 0.003860000055283308 -0.02963999999454245 0.021500000013038516
v 0.0039022115524858236 -0.02959778841002844 0.02148663471918553
v 0.003860000055283308 -0.02963999999454245 0.021500000013038516
v 0.0039042718708515167 -0.02963999999454245 0.02149281567428261
v 0.0039022115524858236 -0.02959778841002844 0.02148663471918553
v 0.0039022115524858236 -0.02959778841002844 0.02148663471918553
v 0.0039042718708515167 -0.02963999999454245 0.02149281567428261
v 0.003934833221137524 -0.02960258341161534 0.021472249743528665
v 0.0039042718708515167 -0.02963999999454245 0.02149281567428261
v 0.003937657922506332 -0.02963999999454245 0.02147648702841252
v 0.003934833221137524 -0.02960258341161534 0.021472249743528665
v 0.003934833221137524 -0.02960258341161534 0.021472249743528665
v 0.003937657922506332 -0.02963999999454245 0.02147648702841252
v 0.0039563546888530254 -0.02960788179305382 0.02145635462831706
v 0.003937657922506332 -0.02963999999454245 0.02147648702841252
v 0.00395899498835206 -0.02963999999454245 0.021458994927816093
v 0.0039563546888530254 -0.02960788179305382 0.02145635462831706
v -0.00395899498835206 -0.02963999999454245 0.021458994927816093
v -0.00395899498835206 -0.03036000000545755 0.021458994927816093
v -0.003937657922506332 -0.02963999999454245 0.02147648702841252
v -0.00395899498835206 -0.03036000000545755 0.021458994927816093
v -0.003937657922506332 -0.03036000000545755 0.02147648702841252
v -0.003937657922506332 -0.02963999999454245 0.02147648702841252
v -0.003937657922506332 -0.02963999999454245 0.02147648702841252
v -0.003937657922506332 -0.03036000000545755 0.02147648702841252
v -0.0039042718708515167 -0.02963999999454245 0.02149281567428261
v -0.003937657922506332 -0.03036000000545755 0.02147648702841252
v -0.0039042718708515167 -0.03036000000545755 0.02149281567428261
v -0.0039042718708515167 -0.02963999999454245 0.02149281567428261
v -0.0039042718708515167 -0.02963999999454245 0.02149281567428261
v -0.0039042718708515167 -0.03036000000545755 0.02149281567428261
v -0.003860000055283308 -0.02963999999454245 0.021500000013038516
v -0.0039042718708515167 -0.03036000000545755 0.02149281567428261
v -0.003860000055283308 -0.03036000000545755 0.021500000013038516
v -0.003860000055283308 -0.02963999999454245 0.021500000013038516
v -0.003860000055283308 -0.02963999999454245 0.021500000013038516
v -0.003860000055283308 -0.03036000000545755 0.021500000013038516
v 0.003860000055283308 -0.02963999999454245 0.021500000013038516
v -0.003860000055283308 -0.03036000000545755 0.021500000013038516
v 0.003860000055283308 -0.03036000000545755 0.021500000013038516
v 0.003860000055283308 -0.02963999999454245 0.021500000013038516
v 0.003860000055283308 -0.02963999999454245 0.021500000013038516
v 0.003860000055283308 -0.03036000000545755 0.021500000013038516
v 0.0039042718708515167 -0.02963999999454245 0.02149281567428261
v 0.003860000055283308 -0.03036000000545755 0.021500000013038516
v 0.0039042718708515167 -0.03036000000545755 0.02149281567428261
v 0.0039042718708515167 -0.02963999999454245 0.02149281567428261
v 0.0039042718708515167 -0.02963999999454245 0.02149281567428261
v 0.0039042718708515167 -0.03036000000545755 0.02149281567428261
v 0.003937657922506332 -0.02963999999454245 0.02147648702841252
v 0.0039042718708515167 -0.03036000000545755 0.02149281567428261
v 0.003937657922506332 -0.03036000000545755 0.02147648702841252
v 0.003937657922506332 -0.02963999999454245 0.02147648702841252
v 0.003937657922506332 -0.02963999999454245 0.02147648702841252
v 0.003937657922506332 -0.03036000000545755 0.02147648702841252
v 0.00395899498835206 -0.02963999999454245 0.021458994927816093
v 0.003937657922506332 -0.03036000000545755 0.02147648702841252
v 0.00395899498835206 -0.03036000000545755 0.021458994927816093
v 0.00395899498835206 -0.02963999999454245 0.021458994927816093
v -0.00395899498835206 -0.03036000000545755 0.021458994927816093
v -0.0039563546888530254 -0.030392118206946178 0.02145635462831706
v -0.003937657922506332 -0.03036000000545755 0.02147648702841252
v -0.0039563546888530254 -0.030392118206946178 0.02145635462831706
v -0.003934833221137524 -0.030397416588384657 0.021472249743528665
v -0.003937657922506332 -0.03036000000545755 0.02147648702841252
v -0.003937657922506332 -0.03036000000545755 0.02147648702841252
v -0.003934833221137524 -0.030397416588384657 0.021472249743528665
v -0.0039042718708515167 -0.03036000000545755 0.02149281567428261
v -0.003934833221137524 -0.030397416588384657 0.021472249743528665
v -0.0039022115524858236 -0.030402211589971556 0.02148663471918553
v -0.0039042718708515167 -0.03036000000545755 0.02149281567428261
v -0.0039042718708515167 -0.03036000000545755 0.02149281567428261
v -0.0039022115524858236 -0.030402211589971556 0.02148663471918553
v -0.003860000055283308 -0.03036000000545755 0.021500000013038516
v -0.0039022115524858236 -0.030402211589971556 0.02148663471918553
v -0.003860000055283308 -0.03040427187923342 0.02149281567428261
v -0.003860000055283308 -0.03036000000545755 0.021500000013038516
v -0.003860000055283308 -0.03036000000545755 0.021500000013038516
v -0.003860000055283308 -0.03040427187923342 0.02149281567428261
v 0.003860000055283308 -0.03036000000545755 0.021500000013038516
v -0.003860000055283308 -0.03040427187923342 0.02149281567428261
v 0.003860000055283308 -0.03040427187923342 0.02149281567428261
v 0.003860000055283308 -0.03036000000545755 0.021500000013038516
v 0.003860000055283308 -0.03036000000545755 0.021500000013038516
v 0.003860000055283308 -0.03040427187923342 0.02149281567428261
v 0.0039042718708515167 -0.03036000000545755 0.02149281567428261
v 0.003860000055283308 -0.03040427187923342 0.02149281567428261
v 0.0039022115524858236 -0.030402211589971556 0.02148663471918553
v 0.0039042718708515167 -0.03036000000545755 0.02149281567428261
v 0.0039042718708515167 -0.03036000000545755 0.02149281567428261
v 0.0039022115524858236 -0.030402211589971556 0.02148663471918553
v 0.003937657922506332 -0.03036000000545755 0.02147648702841252
v 0.0039022115524858236 -0.030402211589971556 0.02148663471918553
v 0.003934833221137524 -0.030397416588384657 0.021472249743528665
v 0.003937657922506332 -0.03036000000545755 0.02147648702841252
v 0.003937657922506332 -0.03036000000545755 0.02147648702841252
v 0.003934833221137524 -0.030397416588384657 0.021472249743528665
v 0.00395899498835206 -0.03036000000545755 0.021458994927816093
v 0.003934833221137524 -0.030397416588384657 0.021472249743528665
v 0.0039563546888530254 -0.030392118206946178 0.02145635462831706
v 0.00395899498835206 -0.03036000000545755 0.021458994927816093
v -0.0039563546888530254 -0.030392118206946178 0.02145635462831706
v -0.00394954439252615 -0.030419696210883557 0.021449544331990183
v -0.003934833221137524 -0.030397416588384657 0.021472249743528665
v -0.00394954439252615 -0.030419696210883557 0.021449544331990183
v -0.003927909769117832 -0.030427909981226547 0.021461864914745093
v -0.003934833221137524 -0.030397416588384657 0.021472249743528665
v -0.003934833221137524 -0.030397416588384657 0.021472249743528665
v -0.003927909769117832 -0.030427909981226547 0.021461864914745093
v -0.0039022115524858236 -0.030402211589971556 0.02148663471918553
v -0.003927909769117832 -0.030427909981226547 0.021461864914745093
v -0.003897416638210416 -0.030434833142207934 0.021472249743528665
v -0.0039022115524858236 -0.030402211589971556 0.02148663471918553
v -0.0039022115524858236 -0.030402211589971556 0.02148663471918553
v -0.003897416638210416 -0.030434833142207934 0.021472249743528665
v -0.003860000055283308 -0.03040427187923342 0.02149281567428261
v -0.003897416638210416 -0.030434833142207934 0.021472249743528665
v -0.003860000055283308 -0.030437658018199726 0.02147648702841252
v -0.003860000055283308 -0.03040427187923342 0.02149281567428261
v -0.003860000055283308 -0.03040427187923342 0.02149281567428261
v -0.003860000055283308 -0.030437658018199726 0.02147648702841252
v 0.003860000055283308 -0.03040427187923342 0.02149281567428261
v -0.003860000055283308 -0.030437658018199726 0.02147648702841252
v 0.003860000055283308 -0.030437658018199726 0.02147648702841252
v 0.003860000055283308 -0.03040427187923342 0.02149281567428261
v 0.003860000055283308 -0.03040427187923342 0.02149281567428261
v 0.003860000055283308 -0.030437658018199726 0.02147648702841252
v 0.0039022115524858236 -0.030402211589971556 0.02148663471918553
v 0.003860000055283308 -0.030437658018199726 0.02147648702841252
v 0.003897416638210416 -0.030434833142207934 0.021472249743528665
v 0.0039022115524858236 -0.030402211589971556 0.02148663471918553
v 0.0039022115524858236 -0.030402211589971556 0.02148663471918553
v 0.003897416638210416 -0.030434833142207934 0.021472249743528665
v 0.003934833221137524 -0.030397416588384657 0.021472249743528665
v 0.003897416638210416 -0.030434833142207934 0.021472249743528665
v 0.003927909769117832 -0.030427909981226547 0.021461864914745093
v 0.003934833221137524 -0.030397416588384657 0.021472249743528665
v 0.003934833221137524 -0.030397416588384657 0.021472249743528665
v 0.003927909769117832 -0.030427909981226547 0.021461864914745093
v 0.0039563546888530254 -0.030392118206946178 0.02145635462831706
v 0.003927909769117832 -0.030427909981226547 0.021461864914745093
v 0.00394954439252615 -0.030419696210883557 0.021449544331990183
v 0.0039563546888530254 -0.030392118206946178 0.02145635462831706
v -0.00394954439252615 -0.030419696210883557 0.021449544331990183
v -0.003940829075872898 -0.03044082902604714 0.02144082901533693
v -0.003927909769117832 -0.030427909981226547 0.021461864914745093
v -0.003940829075872898 -0.03044082902604714 0.02144082901533693
v -0.003919695969671011 -0.03044954431359656 0.021449544331990183
v -0.003927909769117832 -0.030427909981226547 0.021461864914745093
v -0.003927909769117832 -0.030427909981226547 0.021461864914745093
v -0.003919695969671011 -0.03044954431359656 0.021449544331990183
v -0.003897416638210416 -0.030434833142207934 0.021472249743528665
v -0.003919695969671011 -0.03044954431359656 0.021449544331990183
v -0.0038921181112527847 -0.030456354609923436 0.02145635462831706
v -0.003897416638210416 -0.030434833142207934 0.021472249743528665
v -0.003897416638210416 -0.030434833142207934 0.021472249743528665
v -0.0038921181112527847 -0.030456354609923436 0.02145635462831706
v -0.003860000055283308 -0.030437658018199726 0.02147648702841252
v -0.0038921181112527847 -0.030456354609923436 0.02145635462831706
v -0.003860000055283308 -0.0304589949385263 0.021458994927816093
v -0.003860000055283308 -0.030437658018199726 0.02147648702841252
v -0.003860000055283308 -0.030437658018199726 0.02147648702841252
v -0.003860000055283308 -0.0304589949385263 0.021458994927816093
v 0.003860000055283308 -0.030437658018199726 0.02147648702841252
v -0.003860000055283308 -0.0304589949385263 0.021458994927816093
v 0.003860000055283308 -0.0304589949385263 0.021458994927816093
v 0.003860000055283308 -0.030437658018199726 0.02147648702841252
v 0.003860000055283308 -0.030437658018199726 0.02147648702841252
v 0.003860000055283308 -0.0304589949385263 0.021458994927816093
v 0.003897416638210416 -0.030434833142207934 0.021472249743528665
v 0.003860000055283308 -0.0304589949385263 0.021458994927816093
v 0.0038921181112527847 -0.030456354609923436 0.02145635462831706
v 0.003897416638210416 -0.030434833142207934 0.021472249743528665
v 0.003897416638210416 -0.030434833142207934 0.021472249743528665
v 0.0038921181112527847 -0.030456354609923436 0.02145635462831706
v 0.003927909769117832 -0.030427909981226547 0.021461864914745093
v 0.0038921181112527847 -0.030456354609923436 0.02145635462831706
v 0.003919695969671011 -0.03044954431359656 0.021449544331990183
v 0.003927909769117832 -0.030427909981226547 0.021461864914745093
v 0.003927909769117832 -0.030427909981226547 0.021461864914745093
v 0.003919695969671011 -0.03044954431359656 0.021449544331990183
v 0.00394954439252615 -0.030419696210883557 0.021449544331990183
v 0.003919695969671011 -0.03044954431359656 0.021449544331990183
v 0.003940829075872898 -0.03044082902604714 0.02144082901533693
v 0.00394954439252615 -0.030419696210883557 0.021449544331990183
v 0.003940829075872898 -0.02955917097395286 0.01855917098466307
v 0.00394954439252615 -0.02958030378911644 0.018550455668009818
v 0.003919695969671011 -0.029550455686403437 0.018550455668009818
v 0.00394954439252615 -0.02958030378911644 0.018550455668009818
v 0.003927909769117832 -0.02957209001877345 0.018538135085254908
v 0.003919695969671011 -0.029550455686403437 0.018550455668009818
v 0.003919695969671011 -0.029550455686403437 0.018550455668009818
v 0.003927909769117832 -0.02957209001877345 0.018538135085254908
v 0.0038921181112527847 -0.02954364539007656 0.018543645371682942
v 0.003927909769117832 -0.02957209001877345 0.018538135085254908
v 0.003897416638210416 -0.029565166857792063 0.018527750256471336
v 0.0038921181112527847 -0.02954364539007656 0.018543645371682942
v 0.0038921181112527847 -0.02954364539007656 0.018543645371682942
v 0.003897416638210416 -0.029565166857792063 0.018527750256471336
v 0.003860000055283308 -0.029541005061473696 0.018541005072183907
v 0.003897416638210416 -0.029565166857792063 0.018527750256471336
v 0.003860000055283308 -0.029562341981800272 0.01852351297158748
v 0.003860000055283308 -0.029541005061473696 0.018541005072183907
v 0.003860000055283308 -0.029541005061473696 0.018541005072183907
v 0.003860000055283308 -0.029562341981800272 0.01852351297158748
v -0.003860000055283308 -0.029541005061473696 0.018541005072183907
v 0.003860000055283308 -0.029562341981800272 0.01852351297158748
v -0.003860000055283308 -0.029562341981800272 0.01852351297158748
v -0.003860000055283308 -0.029541005061473696 0.018541005072183907
v -0.003860000055283308 -0.029541005061473696 0.018541005072183907
v -0.003860000055283308 -0.029562341981800272 0.01852351297158748
v -0.0038921181112527847 -0.02954364539007656 0.018543645371682942
v -0.003860000055283308 -0.029562341981800272 0.01852351297158748
v -0.003897416638210416 -0.029565166857792063 0.018527750256471336
v -0.0038921181112527847 -0.02954364539007656 0.018543645371682942
v -0.0038921181112527847 -0.02954364539007656 0.018543645371682942
v -0.003897416638210416 -0.029565166857792063 0.018527750256471336
v -0.003919695969671011 -0.029550455686403437 0.018550455668009818
v -0.003897416638210416 -0.029565166857792063 0.018527750256471336
v -0.003927909769117832 -0.02957209001877345 0.018538135085254908
v -0.003919695969671011 -0.029550455686403437 0.018550455668009818
v -0.003919695969671011 -0.029550455686403437 0.018550455668009818
v -0.003927909769117832 -0.02957209001877345 0.018538135085254908
v -0.003940829075872898 -0.02955917097395286 0.01855917098466307
v -0.003927909769117832 -0.02957209001877345 0.018538135085254908
v -0.00394954439252615 -0.02958030378911644 0.018550455668009818
v -0.003940829075872898 -0.02955917097395286 0.01855917098466307
v 0.00394954439252615 -0.02958030378911644 0.018550455668009818
v 0.0039563546888530254 -0.02960788179305382 0.018543645371682942
v 0.003927909769117832 -0.02957209001877345 0.018538135085254908
v 0.0039563546888530254 -0.02960788179305382 0.018543645371682942
v 0.003934833221137524 -0.02960258341161534 0.018527750256471336
v 0.003927909769117832 -0.02957209001877345 0.018538135085254908
v 0.003927909769117832 -0.02957209001877345 0.018538135085254908
v 0.003934833221137524 -0.02960258341161534 0.018527750256471336
v 0.003897416638210416 -0.029565166857792063 0.018527750256471336
v 0.003934833221137524 -0.02960258341161534 0.018527750256471336
v 0.0039022115524858236 -0.02959778841002844 0.01851336528081447
v 0.003897416638210416 -0.029565166857792063 0.018527750256471336
v 0.003897416638210416 -0.029565166857792063 0.018527750256471336
v 0.0039022115524858236 -0.02959778841002844 0.01851336528081447
v 0.003860000055283308 -0.029562341981800272 0.01852351297158748
v 0.0039022115524858236 -0.02959778841002844 0.01851336528081447
v 0.003860000055283308 -0.02959572812076658 0.01850718432571739
v 0.003860000055283308 -0.029562341981800272 0.01852351297158748
v 0.003860000055283308 -0.029562341981800272 0.01852351297158748
v 0.003860000055283308 -0.02959572812076658 0.01850718432571739
v -0.003860000055283308 -0.029562341981800272 0.01852351297158748
v 0.003860000055283308 -0.02959572812076658 0.01850718432571739
v -0.003860000055283308 -0.02959572812076658 0.01850718432571739
v -0.003860000055283308 -0.029562341981800272 0.01852351297158748
v -0.003860000055283308 -0.029562341981800272 0.01852351297158748
v -0.003860000055283308 -0.02959572812076658 0.01850718432571739
v -0.003897416638210416 -0.029565166857792063 0.018527750256471336
v -0.003860000055283308 -0.02959572812076658 0.01850718432571739
v -0.0039022115524858236 -0.02959778841002844 0.01851336528081447
v -0.003897416638210416 -0.029565166857792063 0.018527750256471336
v -0.003897416638210416 -0.029565166857792063 0.018527750256471336
v -0.0039022115524858236 -0.02959778841002844 0.01851336528081447
v -0.003927909769117832 -0.02957209001877345 0.018538135085254908
v -0.0039022115524858236 -0.02959778841002844 0.01851336528081447
v -0.003934833221137524 -0.02960258341161534 0.018527750256471336
v -0.003927909769117832 -0.02957209001877345 0.018538135085254908
v -0.003927909769117832 -0.02957209001877345 0.018538135085254908
v -0.003934833221137524 -0.02960258341161534 0.018527750256471336
v -0.00394954439252615 -0.02958030378911644 0.018550455668009818
v -0.003934833221137524 -0.02960258341161534 0.018527750256471336
v -0.0039563546888530254 -0.02960788179305382 0.018543645371682942
v -0.00394954439252615 -0.02958030378911644 0.018550455668009818
v 0.0039563546888530254 -0.02960788179305382 0.018543645371682942
v 0.00395899498835206 -0.02963999999454245 0.018541005072183907
v 0.003934833221137524 -0.02960258341161534 0.018527750256471336
v 0.00395899498835206 -0.02963999999454245 0.018541005072183907
v 0.003937657922506332 -0.02963999999454245 0.01852351297158748
v 0.003934833221137524 -0.02960258341161534 0.018527750256471336
v 0.003934833221137524 -0.02960258341161534 0.018527750256471336
v 0.003937657922506332 -0.02963999999454245 0.01852351297158748
v 0.0039022115524858236 -0.02959778841002844 0.01851336528081447
v 0.003937657922506332 -0.02963999999454245 0.01852351297158748
v 0.0039042718708515167 -0.02963999999454245 0.01850718432571739
v 0.0039022115524858236 -0.02959778841002844 0.01851336528081447
v 0.0039022115524858236 -0.02959778841002844 0.01851336528081447
v 0.0039042718708515167 -0.02963999999454245 0.01850718432571739
v 0.003860000055283308 -0.02959572812076658 0.01850718432571739
v 0.0039042718708515167 -0.02963999999454245 0.01850718432571739
v 0.003860000055283308 -0.02963999999454245 0.018499999986961484
v 0.003860000055283308 -0.02959572812076658 0.01850718432571739
v 0.003860000055283308 -0.02959572812076658 0.01850718432571739
v 0.003860000055283308 -0.02963999999454245 0.018499999986961484
v -0.003860000055283308 -0.02959572812076658 0.01850718432571739
v 0.003860000055283308 -0.02963999999454245 0.018499999986961484
v -0.003860000055283308 -0.02963999999454245 0.018499999986961484
v -0.003860000055283308 -0.02959572812076658 0.01850718432571739
v -0.003860000055283308 -0.02959572812076658 0.01850718432571739
v -0.003860000055283308 -0.02963999999454245 0.018499999986961484
v -0.0039022115524858236 -0.02959778841002844 0.01851336528081447
v -0.003860000055283308 -0.02963999999454245 0.018499999986961484
v -0.0039042718708515167 -0.02963999999454245 0.01850718432571739
v -0.0039022115524858236 -0.02959778841002844 0.01851336528081447
v -0.0039022115524858236 -0.02959778841002844 0.01851336528081447
v -0.0039042718708515167 -0.02963999999454245 0.01850718432571739
v -0.003934833221137524 -0.02960258341161534 0.018527750256471336
v -0.0039042718708515167 -0.02963999999454245 0.01850718432571739
v -0.003937657922506332 -0.02963999999454245 0.01852351297158748
v -0.003934833221137524 -0.02960258341161534 0.018527750256471336
v -0.003934833221137524 -0.02960258341161534 0.018527750256471336
v -0.003937657922506332 -0.02963999999454245 0.01852351297158748
v -0.0039563546888530254 -0.02960788179305382 0.018543645371682942
v -0.003937657922506332 -0.02963999999454245 0.01852351297158748
v -0.00395899498835206 -0.02963999999454245 0.018541005072183907
v -0.0039563546888530254 -0.02960788179305382 0.018543645371682942
v 0.00395899498835206 -0.02963999999454245 0.018541005072183907
v 0.00395899498835206 -0.03036000000545755 0.018541005072183907
v 0.003937657922506332 -0.02963999999454245 0.01852351297158748
v 0.00395899498835206 -0.03036000000545755 0.018541005072183907
v 0.003937657922506332 -0.03036000000545755 0.01852351297158748
v 0.003937657922506332 -0.02963999999454245 0.01852351297158748
v 0.003937657922506332 -0.02963999999454245 0.01852351297158748
v 0.003937657922506332 -0.03036000000545755 0.01852351297158748
v 0.0039042718708515167 -0.02963999999454245 0.01850718432571739
v 0.003937657922506332 -0.03036000000545755 0.01852351297158748
v 0.0039042718708515167 -0.03036000000545755 0.01850718432571739
v 0.0039042718708515167 -0.02963999999454245 0.01850718432571739
v 0.0039042718708515167 -0.02963999999454245 0.01850718432571739
v 0.0039042718708515167 -0.03036000000545755 0.01850718432571739
v 0.003860000055283308 -0.02963999999454245 0.018499999986961484
v 0.0039042718708515167 -0.03036000000545755 0.01850718432571739
v 0.003860000055283308 -0.03036000000545755 0.018499999986961484
v 0.003860000055283308 -0.02963999999454245 0.018499999986961484
v 0.003860000055283308 -0.02963999999454245 0.018499999986961484
v 0.003860000055283308 -0.03036000000545755 0.018499999986961484
v -0.003860000055283308 -0.02963999999454245 0.018499999986961484
v 0.003860000055283308 -0.03036000000545755 0.018499999986961484
v -0.003860000055283308 -0.03036000000545755 0.018499999986961484
v -0.003860000055283308 -0.02963999999454245 0.018499999986961484
v -0.003860000055283308 -0.02963999999454245 0.018499999986961484
v -0.003860000055283308 -0.03036000000545755 0.018499999986961484
v -0.0039042718708515167 -0.02963999999454245 0.01850718432571739
v -0.003860000055283308 -0.03036000000545755 0.018499999986961484
v -0.0039042718708515167 -0.03036000000545755 0.01850718432571739
v -0.0039042718708515167 -0.02963999999454245 0.01850718432571739
v -0.0039042718708515167 -0.02963999999454245 0.01850718432571739
v -0.0039042718708515167 -0.03036000000545755 0.01850718432571739
v -0.003937657922506332 -0.02963999999454245 0.01852351297158748
v -0.0039042718708515167 -0.03036000000545755 0.01850718432571739
v -0.003937657922506332 -0.03036000000545755 0.01852351297158748
v -0.003937657922506332 -0.02963999999454245 0.01852351297158748
v -0.003937657922506332 -0.02963999999454245 0.01852351297158748
v -0.003937657922506332 -0.03036000000545755 0.01852351297158748
v -0.00395899498835206 -0.02963999999454245 0.018541005072183907
v -0.003937657922506332 -0.03036000000545755 0.01852351297158748
v -0.00395899498835206 -0.03036000000545755 0.018541005072183907
v -0.00395899498835206 -0.02963999999454245 0.018541005072183907
v 0.00395899498835206 -0.03036000000545755 0.018541005072183907
v 0.0039563546888530254 -0.030392118206946178 0.018543645371682942
v 0.003937657922506332 -0.03036000000545755 0.01852351297158748
v 0.0039563546888530254 -0.030392118206946178 0.018543645371682942
v 0.003934833221137524 -0.030397416588384657 0.018527750256471336
v 0.003937657922506332 -0.03036000000545755 0.01852351297158748
v 0.003937657922506332 -0.03036000000545755 0.01852351297158748
v 0.003934833221137524 -0.030397416588384657 0.018527750256471336
v 0.0039042718708515167 -0.03036000000545755 0.01850718432571739
v 0.003934833221137524 -0.030397416588384657 0.018527750256471336
v 0.0039022115524858236 -0.030402211589971556 0.01851336528081447
v 0.0039042718708515167 -0.03036000000545755 0.01850718432571739
v 0.0039042718708515167 -0.03036000000545755 0.01850718432571739
v 0.0039022115524858236 -0.030402211589971556 0.01851336528081447
v 0.003860000055283308 -0.03036000000545755 0.018499999986961484
v 0.0039022115524858236 -0.030402211589971556 0.01851336528081447
v 0.003860000055283308 -0.03040427187923342 0.01850718432571739
v 0.003860000055283308 -0.03036000000545755 0.018499999986961484
v 0.003860000055283308 -0.03036000000545755 0.018499999986961484
v 0.003860000055283308 -0.03040427187923342 0.01850718432571739
v -0.003860000055283308 -0.03036000000545755 0.018499999986961484
v 0.003860000055283308 -0.03040427187923342 0.01850718432571739
v -0.003860000055283308 -0.03040427187923342 0.01850718432571739
v -0.003860000055283308 -0.03036000000545755 0.018499999986961484
v -0.003860000055283308 -0.03036000000545755 0.018499999986961484
v -0.003860000055283308 -0.03040427187923342 0.01850718432571739
v -0.0039042718708515167 -0.03036000000545755 0.01850718432571739
v -0.003860000055283308 -0.03040427187923342 0.01850718432571739
v -0.0039022115524858236 -0.030402211589971556 0.01851336528081447
v -0.0039042718708515167 -0.03036000000545755 0.01850718432571739
v -0.0039042718708515167 -0.03036000000545755 0.01850718432571739
v -0.0039022115524858236 -0.030402211589971556 0.01851336528081447
v -0.003937657922506332 -0.03036000000545755 0.01852351297158748
v -0.0039022115524858236 -0.030402211589971556 0.01851336528081447
v -0.003934833221137524 -0.030397416588384657 0.018527750256471336
v -0.003937657922506332 -0.03036000000545755 0.01852351297158748
v -0.003937657922506332 -0.03036000000545755 0.01852351297158748
v -0.003934833221137524 -0.030397416588384657 0.018527750256471336
v -0.00395899498835206 -0.03036000000545755 0.018541005072183907
v -0.003934833221137524 -0.030397416588384657 0.018527750256471336
v -0.0039563546888530254 -0.030392118206946178 0.018543645371682942
v -0.00395899498835206 -0.03036000000545755 0.018541005072183907
v 0.0039563546888530254 -0.030392118206946178 0.018543645371682942
v 0.00394954439252615 -0.030419696210883557 0.018550455668009818
v 0.003934833221137524 -0.030397416588384657 0.018527750256471336
v 0.00394954439252615 -0.030419696210883557 0.018550455668009818
v 0.003927909769117832 -0.030427909981226547 0.018538135085254908
v 0.003934833221137524 -0.030397416588384657 0.018527750256471336
v 0.003934833221137524 -0.030397416588384657 0.018527750256471336
v 0.003927909769117832 -0.030427909981226547 0.018538135085254908
v 0.0039022115524858236 -0.030402211589971556 0.01851336528081447
v 0.003927909769117832 -0.030427909981226547 0.018538135085254908
v 0.003897416638210416 -0.030434833142207934 0.018527750256471336
v 0.0039022115524858236 -0.030402211589971556 0.01851336528081447
v 0.0039022115524858236 -0.030402211589971556 0.01851336528081447
v 0.003897416638210416 -0.030434833142207934 0.018527750256471336
v 0.003860000055283308 -0.03040427187923342 0.01850718432571739
v 0.003897416638210416 -0.030434833142207934 0.018527750256471336
v 0.003860000055283308 -0.030437658018199726 0.01852351297158748
v 0.003860000055283308 -0.03040427187923342 0.01850718432571739
v 0.003860000055283308 -0.03040427187923342 0.01850718432571739
v 0.003860000055283308 -0.030437658018199726 0.01852351297158748
v -0.003860000055283308 -0.03040427187923342 0.01850718432571739
v 0.003860000055283308 -0.030437658018199726 0.01852351297158748
v -0.003860000055283308 -0.030437658018199726 0.01852351297158748
v -0.003860000055283308 -0.03040427187923342 0.01850718432571739
v -0.003860000055283308 -0.03040427187923342 0.01850718432571739
v -0.003860000055283308 -0.030437658018199726 0.01852351297158748
v -0.0039022115524858236 -0.030402211589971556 0.01851336528081447
v -0.003860000055283308 -0.030437658018199726 0.01852351297158748
v -0.003897416638210416 -0.030434833142207934 0.018527750256471336
v -0.0039022115524858236 -0.030402211589971556 0.01851336528081447
v -0.0039022115524858236 -0.030402211589971556 0.01851336528081447
v -0.003897416638210416 -0.030434833142207934 0.018527750256471336
v -0.003934833221137524 -0.030397416588384657 0.018527750256471336
v -0.003897416638210416 -0.030434833142207934 0.018527750256471336
v -0.003927909769117832 -0.030427909981226547 0.018538135085254908
v -0.003934833221137524 -0.030397416588384657 0.018527750256471336
v -0.003934833221137524 -0.030397416588384657 0.018527750256471336
v -0.003927909769117832 -0.030427909981226547 0.018538135085254908
v -0.0039563546888530254 -0.030392118206946178 0.018543645371682942
v -0.003927909769117832 -0.030427909981226547 0.018538135085254908
v -0.00394954439252615 -0.030419696210883557 0.018550455668009818
v -0.0039563546888530254 -0.030392118206946178 0.018543645371682942
v 0.00394954439252615 -0.030419696210883557 0.018550455668009818
v 0.003940829075872898 -0.03044082902604714 0.01855917098466307
v 0.003927909769117832 -0.030427909981226547 0.018538135085254908
v 0.003940829075872898 -0.03044082902604714 0.01855917098466307
v 0.003919695969671011 -0.03044954431359656 0.018550455668009818
v 0.003927909769117832 -0.030427909981226547 0.018538135085254908
v 0.003927909769117832 -0.030427909981226547 0.018538135085254908
v 0.003919695969671011 -0.03044954431359656 0.018550455668009818
v 0.003897416638210416 -0.030434833142207934 0.018527750256471336
v 0.003919695969671011 -0.03044954431359656 0.018550455668009818
v 0.0038921181112527847 -0.030456354609923436 0.018543645371682942
v 0.003897416638210416 -0.030434833142207934 0.018527750256471336
v 0.003897416638210416 -0.030434833142207934 0.018527750256471336
v 0.0038921181112527847 -0.030456354609923436 0.018543645371682942
v 0.003860000055283308 -0.030437658018199726 0.01852351297158748
v 0.0038921181112527847 -0.030456354609923436 0.018543645371682942
v 0.003860000055283308 -0.0304589949385263 0.018541005072183907
v 0.003860000055283308 -0.030437658018199726 0.01852351297158748
v 0.003860000055283308 -0.030437658018199726 0.01852351297158748
v 0.003860000055283308 -0.0304589949385263 0.018541005072183907
v -0.003860000055283308 -0.030437658018199726 0.01852351297158748
v 0.003860000055283308 -0.0304589949385263 0.018541005072183907
v -0.003860000055283308 -0.0304589949385263 0.018541005072183907
v -0.003860000055283308 -0.030437658018199726 0.01852351297158748
v -0.003860000055283308 -0.030437658018199726 0.01852351297158748
v -0.003860000055283308 -0.0304589949385263 0.018541005072183907
v -0.003897416638210416 -0.030434833142207934 0.018527750256471336
v -0.003860000055283308 -0.0304589949385263 0.018541005072183907
v -0.0038921181112527847 -0.030456354609923436 0.018543645371682942
v -0.003897416638210416 -0.030434833142207934 0.018527750256471336
v -0.003897416638210416 -0.030434833142207934 0.018527750256471336
v -0.0038921181112527847 -0.030456354609923436 0.018543645371682942
v -0.003927909769117832 -0.030427909981226547 0.018538135085254908
v -0.0038921181112527847 -0.030456354609923436 0.018543645371682942
v -0.003919695969671011 -0.03044954431359656 0.018550455668009818
v -0.003927909769117832 -0.030427909981226547 0.018538135085254908
v -0.003927909769117832 -0.030427909981226547 0.018538135085254908
v -0.003919695969671011 -0.03044954431359656 0.018550455668009818
v -0.00394954439252615 -0.030419696210883557 0.018550455668009818
v -0.003919695969671011 -0.03044954431359656 0.018550455668009818
v -0.003940829075872898 -0.03044082902604714 0.01855917098466307
v -0.00394954439252615 -0.030419696210883557 0.018550455668009818
vt 0 1
vt 0 0.9705979228019714
vt 0.009400070644915104 1
vt 0 0.9705979228019714
vt 0.009400070644915104 0.9705979228019714
vt 0.009400070644915104 1
vt 0.009400070644915104 1
vt 0.009400070644915104 0.9705979228019714
vt 0.022079121321439743 1
vt 0.009400070644915104 0.9705979228019714
vt 0.022079121321439743 0.9705979228019714
vt 0.022079121321439743 1
vt 0.022079121321439743 1
vt 0.022079121321439743 0.9705979228019714
vt 0.03740103915333748 1
vt 0.022079121321439743 0.9705979228019714
vt 0.03740103915333748 0.9705979228019714
vt 0.03740103915333748 1
vt 0.03740103915333748 1
vt 0.03740103915333748 0.9705979228019714
vt 0.962598979473114 1
vt 0.03740103915333748 0.9705979228019714
vt 0.962598979473114 0.9705979228019714
vt 0.962598979473114 1
vt 0.962598979473114 1
vt 0.962598979473114 0.9705979228019714
vt 0.9779208898544312 1
vt 0.962598979473114 0.9705979228019714
vt 0.9779208898544312 0.9705979228019714
vt 0.9779208898544312 1
vt 0.9779208898544312 1
vt 0.9779208898544312 0.9705979228019714
vt 0.9905999302864075 1
vt 0.9779208898544312 0.9705979228019714
vt 0.9905999302864075 0.9705979228019714
vt 0.9905999302864075 1
vt 0.9905999302864075 1
vt 0.9905999302864075 0.9705979228019714
vt 1 1
vt 0.9905999302864075 0.9705979228019714
vt 1 0.9705979228019714
vt 1 1
vt 0 0.9705979228019714
vt 0 0.9309396147727966
vt 0.009400070644915104 0.9705979228019714
vt 0 0.9309396147727966
vt 0.009400070644915104 0.9309396147727966
vt 0.009400070644915104 0.9705979228019714
vt 0.009400070644915104 0.9705979228019714
vt 0.009400070644915104 0.9309396147727966
vt 0.022079121321439743 0.9705979228019714
vt 0.009400070644915104 0.9309396147727966
vt 0.022079121321439743 0.9309396147727966
vt 0.022079121321439743 0.9705979228019714
vt 0.022079121321439743 0.9705979228019714
vt 0.022079121321439743 0.9309396147727966
vt 0.03740103915333748 0.9705979228019714
vt 0.022079121321439743 0.9309396147727966
vt 0.03740103915333748 0.9309396147727966
vt 0.03740103915333748 0.9705979228019714
vt 0.03740103915333748 0.9705979228019714
vt 0.03740103915333748 0.9309396147727966
vt 0.962598979473114 0.9705979228019714
vt 0.03740103915333748 0.9309396147727966
vt 0.962598979473114 0.9309396147727966
vt 0.962598979473114 0.9705979228019714
vt 0.962598979473114 0.9705979228019714
vt 0.962598979473114 0.9309396147727966
vt 0.9779208898544312 0.9705979228019714
vt 0.962598979473114 0.9309396147727966
vt 0.9779208898544312 0.9309396147727966
vt 0.9779208898544312 0.9705979228019714
vt 0.9779208898544312 0.9705979228019714
vt 0.9779208898544312 0.9309396147727966
vt 0.9905999302864075 0.9705979228019714
vt 0.9779208898544312 0.9309396147727966
vt 0.9905999302864075 0.9309396147727966
vt 0.9905999302864075 0.9705979228019714
vt 0.9905999302864075 0.9705979228019714
vt 0.9905999302864075 0.9309396147727966
vt 1 0.9705979228019714
vt 0.9905999302864075 0.9309396147727966
vt 1 0.9309396147727966
vt 1 0.9705979228019714
vt 0 0.9309396147727966
vt 0 0.8830147981643677
vt 0.009400070644915104 0.9309396147727966
vt 0 0.8830147981643677
vt 0.009400070644915104 0.8830147981643677
vt 0.009400070644915104 0.9309396147727966
vt 0.009400070644915104 0.9309396147727966
vt 0.009400070644915104 0.8830147981643677
vt 0.022079121321439743 0.9309396147727966
vt 0.009400070644915104 0.8830147981643677
vt 0.022079121321439743 0.8830147981643677
vt 0.022079121321439743 0.9309396147727966
vt 0.022079121321439743 0.9309396147727966
vt 0.022079121321439743 0.8830147981643677
vt 0.03740103915333748 0.9309396147727966
vt 0.022079121321439743 0.8830147981643677
vt 0.03740103915333748 0.8830147981643677
vt 0.03740103915333748 0.9309396147727966
vt 0.03740103915333748 0.9309396147727966
vt 0.03740103915333748 0.8830147981643677
vt 0.962598979473114 0.9309396147727966
vt 0.03740103915333748 0.8830147981643677
vt 0.962598979473114 0.8830147981643677
vt 0.962598979473114 0.9309396147727966
vt 0.962598979473114 0.9309396147727966
vt 0.962598979473114 0.8830147981643677
vt 0.9779208898544312 0.9309396147727966
vt 0.962598979473114 0.8830147981643677
vt 0.9779208898544312 0.8830147981643677
vt 0.9779208898544312 0.9309396147727966
vt 0.9779208898544312 0.9309396147727966
vt 0.9779208898544312 0.8830147981643677
vt 0.9905999302864075 0.9309396147727966
vt 0.9779208898544312 0.8830147981643677
vt 0.9905999302864075 0.8830147981643677
vt 0.9905999302864075 0.9309396147727966
vt 0.9905999302864075 0.9309396147727966
vt 0.9905999302864075 0.8830147981643677
vt 1 0.9309396147727966
vt 0.9905999302864075 0.8830147981643677
vt 1 0.8830147981643677
vt 1 0.9309396147727966
vt 0 0.8830147981643677
vt 0 0.11698520928621292
vt 0.009400070644915104 0.8830147981643677
vt 0 0.11698520928621292
vt 0.009400070644915104 0.11698520928621292
vt 0.009400070644915104 0.8830147981643677
vt 0.009400070644915104 0.8830147981643677
vt 0.009400070644915104 0.11698520928621292
vt 0.022079121321439743 0.8830147981643677
vt 0.009400070644915104 0.11698520928621292
vt 0.022079121321439743 0.11698520928621292
vt 0.022079121321439743 0.8830147981643677
vt 0.022079121321439743 0.8830147981643677
vt 0.022079121321439743 0.11698520928621292
vt 0.03740103915333748 0.8830147981643677
vt 0.022079121321439743 0.11698520928621292
vt 0.03740103915333748 0.11698520928621292
vt 0.03740103915333748 0.8830147981643677
vt 0.03740103915333748 0.8830147981643677
vt 0.03740103915333748 0.11698520928621292
vt 0.962598979473114 0.8830147981643677
vt 0.03740103915333748 0.11698520928621292
vt 0.962598979473114 0.11698520928621292
vt 0.962598979473114 0.8830147981643677
vt 0.962598979473114 0.8830147981643677
vt 0.962598979473114 0.11698520928621292
vt 0.9779208898544312 0.8830147981643677
vt 0.962598979473114 0.11698520928621292
vt 0.9779208898544312 0.11698520928621292
vt 0.9779208898544312 0.8830147981643677
vt 0.9779208898544312 0.8830147981643677
vt 0.9779208898544312 0.11698520928621292
vt 0.9905999302864075 0.8830147981643677
vt 0.9779208898544312 0.11698520928621292
vt 0.9905999302864075 0.11698520928621292
vt 0.9905999302864075 0.8830147981643677
vt 0.9905999302864075 0.8830147981643677
vt 0.9905999302864075 0.11698520928621292
vt 1 0.8830147981643677
vt 0.9905999302864075 0.11698520928621292
vt 1 0.11698520928621292
vt 1 0.8830147981643677
vt 0 0.11698520928621292
vt 0 0.06906040012836456
vt 0.009400070644915104 0.11698520928621292
vt 0 0.06906040012836456
vt 0.009400070644915104 0.06906040012836456
vt 0.009400070644915104 0.11698520928621292
vt 0.009400070644915104 0.11698520928621292
vt 0.009400070644915104 0.06906040012836456
vt 0.022079121321439743 0.11698520928621292
vt 0.009400070644915104 0.06906040012836456
vt 0.022079121321439743 0.06906040012836456
vt 0.022079121321439743 0.11698520928621292
vt 0.022079121321439743 0.11698520928621292
vt 0.022079121321439743 0.06906040012836456
vt 0.03740103915333748 0.11698520928621292
vt 0.022079121321439743 0.06906040012836456
vt 0.03740103915333748 0.06906040012836456
vt 0.03740103915333748 0.11698520928621292
vt 0.03740103915333748 0.11698520928621292
vt 0.03740103915333748 0.06906040012836456
vt 0.962598979473114 0.11698520928621292
vt 0.03740103915333748 0.06906040012836456
vt 0.962598979473114 0.06906040012836456
vt 0.962598979473114 0.11698520928621292
vt 0.962598979473114 0.11698520928621292
vt 0.962598979473114 0.06906040012836456
vt 0.9779208898544312 0.11698520928621292
vt 0.962598979473114 0.06906040012836456
vt 0.9779208898544312 0.06906040012836456
vt 0.9779208898544312 0.11698520928621292
vt 0.9779208898544312 0.11698520928621292
vt 0.9779208898544312 0.06906040012836456
vt 0.9905999302864075 0.11698520928621292
vt 0.9779208898544312 0.06906040012836456
vt 0.9905999302864075 0.06906040012836456
vt 0.9905999302864075 0.11698520928621292
vt 0.9905999302864075 0.11698520928621292
vt 0.9905999302864075 0.06906040012836456
vt 1 0.11698520928621292
vt 0.9905999302864075 0.06906040012836456
vt 1 0.06906040012836456
vt 1 0.11698520928621292
vt 0 0.06906040012836456
vt 0 0.029402105137705803
vt 0.009400070644915104 0.06906040012836456
vt 0 0.029402105137705803
vt 0.009400070644915104 0.029402105137705803
vt 0.009400070644915104 0.06906040012836456
vt 0.009400070644915104 0.06906040012836456
vt 0.009400070644915104 0.029402105137705803
vt 0.022079121321439743 0.06906040012836456
vt 0.009400070644915104 0.029402105137705803
vt 0.022079121321439743 0.029402105137705803
vt 0.022079121321439743 0.06906040012836456
vt 0.022079121321439743 0.06906040012836456
vt 0.022079121321439743 0.029402105137705803
vt 0.03740103915333748 0.06906040012836456
vt 0.022079121321439743 0.029402105137705803
vt 0.03740103915333748 0.029402105137705803
vt 0.03740103915333748 0.06906040012836456
vt 0.03740103915333748 0.06906040012836456
vt 0.03740103915333748 0.029402105137705803
vt 0.962598979473114 0.06906040012836456
vt 0.03740103915333748 0.029402105137705803
vt 0.962598979473114 0.029402105137705803
vt 0.962598979473114 0.06906040012836456
vt 0.962598979473114 0.06906040012836456
vt 0.962598979473114 0.029402105137705803
vt 0.9779208898544312 0.06906040012836456
vt 0.962598979473114 0.029402105137705803
vt 0.9779208898544312 0.029402105137705803
vt 0.9779208898544312 0.06906040012836456
vt 0.9779208898544312 0.06906040012836456
vt 0.9779208898544312 0.029402105137705803
vt 0.9905999302864075 0.06906040012836456
vt 0.9779208898544312 0.029402105137705803
vt 0.9905999302864075 0.029402105137705803
vt 0.9905999302864075 0.06906040012836456
vt 0.9905999302864075 0.06906040012836456
vt 0.9905999302864075 0.029402105137705803
vt 1 0.06906040012836456
vt 0.9905999302864075 0.029402105137705803
vt 1 0.029402105137705803
vt 1 0.06906040012836456
vt 0 0.029402105137705803
vt 0 0
vt 0.009400070644915104 0.029402105137705803
vt 0 0
vt 0.009400070644915104 0
vt 0.009400070644915104 0.029402105137705803
vt 0.009400070644915104 0.029402105137705803
vt 0.009400070644915104 0
vt 0.022079121321439743 0.029402105137705803
vt 0.009400070644915104 0
vt 0.022079121321439743 0
vt 0.022079121321439743 0.029402105137705803
vt 0.022079121321439743 0.029402105137705803
vt 0.022079121321439743 0
vt 0.03740103915333748 0.029402105137705803
vt 0.022079121321439743 0
vt 0.03740103915333748 0
vt 0.03740103915333748 0.029402105137705803
vt 0.03740103915333748 0.029402105137705803
vt 0.03740103915333748 0
vt 0.962598979473114 0.029402105137705803
vt 0.03740103915333748 0
vt 0.962598979473114 0
vt 0.962598979473114 0.029402105137705803
vt 0.962598979473114 0.029402105137705803
vt 0.962598979473114 0
vt 0.9779208898544312 0.029402105137705803
vt 0.962598979473114 0
vt 0.9779208898544312 0
vt 0.9779208898544312 0.029402105137705803
vt 0.9779208898544312 0.029402105137705803
vt 0.9779208898544312 0
vt 0.9905999302864075 0.029402105137705803
vt 0.9779208898544312 0
vt 0.9905999302864075 0
vt 0.9905999302864075 0.029402105137705803
vt 0.9905999302864075 0.029402105137705803
vt 0.9905999302864075 0
vt 1 0.029402105137705803
vt 0.9905999302864075 0
vt 1 0
vt 1 0.029402105137705803
vt 0 1
vt 0 0.9705979228019714
vt 0.009400070644915104 1
vt 0 0.9705979228019714
vt 0.009400070644915104 0.9705979228019714
vt 0.009400070644915104 1
vt 0.009400070644915104 1
vt 0.009400070644915104 0.9705979228019714
vt 0.022079121321439743 1
vt 0.009400070644915104 0.9705979228019714
vt 0.022079121321439743 0.9705979228019714
vt 0.022079121321439743 1
vt 0.022079121321439743 1
vt 0.022079121321439743 0.9705979228019714
vt 0.03740103915333748 1
vt 0.022079121321439743 0.9705979228019714
vt 0.03740103915333748 0.9705979228019714
vt 0.03740103915333748 1
vt 0.03740103915333748 1
vt 0.03740103915333748 0.9705979228019714
vt 0.962598979473114 1
vt 0.03740103915333748 0.9705979228019714
vt 0.962598979473114 0.9705979228019714
vt 0.962598979473114 1
vt 0.962598979473114 1
vt 0.962598979473114 0.9705979228019714
vt 0.9779208898544312 1
vt 0.962598979473114 0.9705979228019714
vt 0.9779208898544312 0.9705979228019714
vt 0.9779208898544312 1
vt 0.9779208898544312 1
vt 0.9779208898544312 0.9705979228019714
vt 0.9905999302864075 1
vt 0.9779208898544312 0.9705979228019714
vt 0.9905999302864075 0.9705979228019714
vt 0.9905999302864075 1
vt 0.9905999302864075 1
vt 0.9905999302864075 0.9705979228019714
vt 1 1
vt 0.9905999302864075 0.9705979228019714
vt 1 0.9705979228019714
vt 1 1
vt 0 0.9705979228019714
vt 0 0.9309396147727966
vt 0.009400070644915104 0.9705979228019714
vt 0 0.9309396147727966
vt 0.009400070644915104 0.9309396147727966
vt 0.009400070644915104 0.9705979228019714
vt 0.009400070644915104 0.9705979228019714
vt 0.009400070644915104 0.9309396147727966
vt 0.022079121321439743 0.9705979228019714
vt 0.009400070644915104 0.9309396147727966
vt 0.022079121321439743 0.9309396147727966
vt 0.022079121321439743 0.9705979228019714
vt 0.022079121321439743 0.9705979228019714
vt 0.022079121321439743 0.9309396147727966
vt 0.03740103915333748 0.9705979228019714
vt 0.022079121321439743 0.9309396147727966
vt 0.03740103915333748 0.9309396147727966
vt 0.03740103915333748 0.9705979228019714
vt 0.03740103915333748 0.9705979228019714
vt 0.03740103915333748 0.9309396147727966
vt 0.962598979473114 0.9705979228019714
vt 0.03740103915333748 0.9309396147727966
vt 0.962598979473114 0.9309396147727966
vt 0.962598979473114 0.9705979228019714
vt 0.962598979473114 0.9705979228019714
vt 0.962598979473114 0.9309396147727966
vt 0.9779208898544312 0.9705979228019714
vt 0.962598979473114 0.9309396147727966
vt 0.9779208898544312 0.9309396147727966
vt 0.9779208898544312 0.9705979228019714
vt 0.9779208898544312 0.9705979228019714
vt 0.9779208898544312 0.9309396147727966
vt 0.9905999302864075 0.9705979228019714
vt 0.9779208898544312 0.9309396147727966
vt 0.9905999302864075 0.9309396147727966
vt 0.9905999302864075 0.9705979228019714
vt 0.9905999302864075 0.9705979228019714
vt 0.9905999302864075 0.9309396147727966
vt 1 0.9705979228019714
vt 0.9905999302864075 0.9309396147727966
vt 1 0.9309396147727966
vt 1 0.9705979228019714
vt 0 0.9309396147727966
vt 0 0.8830147981643677
vt 0.009400070644915104 0.9309396147727966
vt 0 0.8830147981643677
vt 0.009400070644915104 0.8830147981643677
vt 0.009400070644915104 0.9309396147727966
vt 0.009400070644915104 0.9309396147727966
vt 0.009400070644915104 0.8830147981643677
vt 0.022079121321439743 0.9309396147727966
vt 0.009400070644915104 0.8830147981643677
vt 0.022079121321439743 0.8830147981643677
vt 0.022079121321439743 0.9309396147727966
vt 0.022079121321439743 0.9309396147727966
vt 0.022079121321439743 0.8830147981643677
vt 0.03740103915333748 0.9309396147727966
vt 0.022079121321439743 0.8830147981643677
vt 0.03740103915333748 0.8830147981643677
vt 0.03740103915333748 0.9309396147727966
vt 0.03740103915333748 0.9309396147727966
vt 0.03740103915333748 0.8830147981643677
vt 0.962598979473114 0.9309396147727966
vt 0.03740103915333748 0.8830147981643677
vt 0.962598979473114 0.8830147981643677
vt 0.962598979473114 0.9309396147727966
vt 0.962598979473114 0.9309396147727966
vt 0.962598979473114 0.8830147981643677
vt 0.9779208898544312 0.9309396147727966
vt 0.962598979473114 0.8830147981643677
vt 0.9779208898544312 0.8830147981643677
vt 0.9779208898544312 0.9309396147727966
vt 0.9779208898544312 0.9309396147727966
vt 0.9779208898544312 0.8830147981643677
vt 0.9905999302864075 0.9309396147727966
vt 0.9779208898544312 0.8830147981643677
vt 0.9905999302864075 0.8830147981643677
vt 0.9905999302864075 0.9309396147727966
vt 0.9905999302864075 0.9309396147727966
vt 0.9905999302864075 0.8830147981643677
vt 1 0.9309396147727966
vt 0.9905999302864075 0.8830147981643677
vt 1 0.8830147981643677
vt 1 0.9309396147727966
vt 0 0.8830147981643677
vt 0 0.11698520928621292
vt 0.009400070644915104 0.8830147981643677
vt 0 0.11698520928621292
vt 0.009400070644915104 0.11698520928621292
vt 0.009400070644915104 0.8830147981643677
vt 0.009400070644915104 0.8830147981643677
vt 0.009400070644915104 0.11698520928621292
vt 0.022079121321439743 0.8830147981643677
vt 0.009400070644915104 0.11698520928621292
vt 0.022079121321439743 0.11698520928621292
vt 0.022079121321439743 0.8830147981643677
vt 0.022079121321439743 0.8830147981643677
vt 0.022079121321439743 0.11698520928621292
vt 0.03740103915333748 0.8830147981643677
vt 0.022079121321439743 0.11698520928621292
vt 0.03740103915333748 0.11698520928621292
vt 0.03740103915333748 0.8830147981643677
vt 0.03740103915333748 0.8830147981643677
vt 0.03740103915333748 0.11698520928621292
vt 0.962598979473114 0.8830147981643677
vt 0.03740103915333748 0.11698520928621292
vt 0.962598979473114 0.11698520928621292
vt 0.962598979473114 0.8830147981643677
vt 0.962598979473114 0.8830147981643677
vt 0.962598979473114 0.11698520928621292
vt 0.9779208898544312 0.8830147981643677
vt 0.962598979473114 0.11698520928621292
vt 0.9779208898544312 0.11698520928621292
vt 0.9779208898544312 0.8830147981643677
vt 0.9779208898544312 0.8830147981643677
vt 0.9779208898544312 0.11698520928621292
vt 0.9905999302864075 0.8830147981643677
vt 0.9779208898544312 0.11698520928621292
vt 0.9905999302864075 0.11698520928621292
vt 0.9905999302864075 0.8830147981643677
vt 0.9905999302864075 0.8830147981643677
vt 0.9905999302864075 0.11698520928621292
vt 1 0.8830147981643677
vt 0.9905999302864075 0.11698520928621292
vt 1 0.11698520928621292
vt 1 0.8830147981643677
vt 0 0.11698520928621292
vt 0 0.06906040012836456
vt 0.009400070644915104 0.11698520928621292
vt 0 0.06906040012836456
vt 0.009400070644915104 0.06906040012836456
vt 0.009400070644915104 0.11698520928621292
vt 0.009400070644915104 0.11698520928621292
vt 0.009400070644915104 0.06906040012836456
vt 0.022079121321439743 0.11698520928621292
vt 0.009400070644915104 0.06906040012836456
vt 0.022079121321439743 0.06906040012836456
vt 0.022079121321439743 0.11698520928621292
vt 0.022079121321439743 0.11698520928621292
vt 0.022079121321439743 0.06906040012836456
vt 0.03740103915333748 0.11698520928621292
vt 0.022079121321439743 0.06906040012836456
vt 0.03740103915333748 0.06906040012836456
vt 0.03740103915333748 0.11698520928621292
vt 0.03740103915333748 0.11698520928621292
vt 0.03740103915333748 0.06906040012836456
vt 0.962598979473114 0.11698520928621292
vt 0.03740103915333748 0.06906040012836456
vt 0.962598979473114 0.06906040012836456
vt 0.962598979473114 0.11698520928621292
vt 0.962598979473114 0.11698520928621292
vt 0.962598979473114 0.06906040012836456
vt 0.9779208898544312 0.11698520928621292
vt 0.962598979473114 0.06906040012836456
vt 0.9779208898544312 0.06906040012836456
vt 0.9779208898544312 0.11698520928621292
vt 0.9779208898544312 0.11698520928621292
vt 0.9779208898544312 0.06906040012836456
vt 0.9905999302864075 0.11698520928621292
vt 0.9779208898544312 0.06906040012836456
vt 0.9905999302864075 0.06906040012836456
vt 0.9905999302864075 0.11698520928621292
vt 0.9905999302864075 0.11698520928621292
vt 0.9905999302864075 0.06906040012836456
vt 1 0.11698520928621292
vt 0.9905999302864075 0.06906040012836456
vt 1 0.06906040012836456
vt 1 0.11698520928621292
vt 0 0.06906040012836456
vt 0 0.029402105137705803
vt 0.009400070644915104 0.06906040012836456
vt 0 0.029402105137705803
vt 0.009400070644915104 0.029402105137705803
vt 0.009400070644915104 0.06906040012836456
vt 0.009400070644915104 0.06906040012836456
vt 0.009400070644915104 0.029402105137705803
vt 0.022079121321439743 0.06906040012836456
vt 0.009400070644915104 0.029402105137705803
vt 0.022079121321439743 0.029402105137705803
vt 0.022079121321439743 0.06906040012836456
vt 0.022079121321439743 0.06906040012836456
vt 0.022079121321439743 0.029402105137705803
vt 0.03740103915333748 0.06906040012836456
vt 0.022079121321439743 0.029402105137705803
vt 0.03740103915333748 0.029402105137705803
vt 0.03740103915333748 0.06906040012836456
vt 0.03740103915333748 0.06906040012836456
vt 0.03740103915333748 0.029402105137705803
vt 0.962598979473114 0.06906040012836456
vt 0.03740103915333748 0.029402105137705803
vt 0.962598979473114 0.029402105137705803
vt 0.962598979473114 0.06906040012836456
vt 0.962598979473114 0.06906040012836456
vt 0.962598979473114 0.029402105137705803
vt 0.9779208898544312 0.06906040012836456
vt 0.962598979473114 0.029402105137705803
vt 0.9779208898544312 0.029402105137705803
vt 0.9779208898544312 0.06906040012836456
vt 0.9779208898544312 0.06906040012836456
vt 0.9779208898544312 0.029402105137705803
vt 0.9905999302864075 0.06906040012836456
vt 0.9779208898544312 0.029402105137705803
vt 0.9905999302864075 0.029402105137705803
vt 0.9905999302864075 0.06906040012836456
vt 0.9905999302864075 0.06906040012836456
vt 0.9905999302864075 0.029402105137705803
vt 1 0.06906040012836456
vt 0.9905999302864075 0.029402105137705803
vt 1 0.029402105137705803
vt 1 0.06906040012836456
vt 0 0.029402105137705803
vt 0 0
vt 0.009400070644915104 0.029402105137705803
vt 0 0
vt 0.009400070644915104 0
vt 0.009400070644915104 0.029402105137705803
vt 0.009400070644915104 0.029402105137705803
vt 0.009400070644915104 0
vt 0.022079121321439743 0.029402105137705803
vt 0.009400070644915104 0
vt 0.022079121321439743 0
vt 0.022079121321439743 0.029402105137705803
vt 0.022079121321439743 0.029402105137705803
vt 0.022079121321439743 0
vt 0.03740103915333748 0.029402105137705803
vt 0.022079121321439743 0
vt 0.03740103915333748 0
vt 0.03740103915333748 0.029402105137705803
vt 0.03740103915333748 0.029402105137705803
vt 0.03740103915333748 0
vt 0.962598979473114 0.029402105137705803
vt 0.03740103915333748 0
vt 0.962598979473114 0
vt 0.962598979473114 0.029402105137705803
vt 0.962598979473114 0.029402105137705803
vt 0.962598979473114 0
vt 0.9779208898544312 0.029402105137705803
vt 0.962598979473114 0
vt 0.9779208898544312 0
vt 0.9779208898544312 0.029402105137705803
vt 0.9779208898544312 0.029402105137705803
vt 0.9779208898544312 0
vt 0.9905999302864075 0.029402105137705803
vt 0.9779208898544312 0
vt 0.9905999302864075 0
vt 0.9905999302864075 0.029402105137705803
vt 0.9905999302864075 0.029402105137705803
vt 0.9905999302864075 0
vt 1 0.029402105137705803
vt 0.9905999302864075 0
vt 1 0
vt 1 0.029402105137705803
vt 0 1
vt 0 0.9905999302864075
vt 0.0034805648028850555 1
vt 0 0.9905999302864075
vt 0.0034805648028850555 0.9905999302864075
vt 0.0034805648028850555 1
vt 0.0034805648028850555 1
vt 0.0034805648028850555 0.9905999302864075
vt 0.008175238035619259 1
vt 0.0034805648028850555 0.9905999302864075
vt 0.008175238035619259 0.9905999302864075
vt 0.008175238035619259 1
vt 0.008175238035619259 1
vt 0.008175238035619259 0.9905999302864075
vt 0.013848484493792057 1
vt 0.008175238035619259 0.9905999302864075
vt 0.013848484493792057 0.9905999302864075
vt 0.013848484493792057 1
vt 0.013848484493792057 1
vt 0.013848484493792057 0.9905999302864075
vt 0.9861515164375305 1
vt 0.013848484493792057 0.9905999302864075
vt 0.9861515164375305 0.9905999302864075
vt 0.9861515164375305 1
vt 0.9861515164375305 1
vt 0.9861515164375305 0.9905999302864075
vt 0.991824746131897 1
vt 0.9861515164375305 0.9905999302864075
vt 0.991824746131897 0.9905999302864075
vt 0.991824746131897 1
vt 0.991824746131897 1
vt 0.991824746131897 0.9905999302864075
vt 0.9965194463729858 1
vt 0.991824746131897 0.9905999302864075
vt 0.9965194463729858 0.9905999302864075
vt 0.9965194463729858 1
vt 0.9965194463729858 1
vt 0.9965194463729858 0.9905999302864075
vt 1 1
vt 0.9965194463729858 0.9905999302864075
vt 1 0.9905999302864075
vt 1 1
vt 0 0.9905999302864075
vt 0 0.9779208898544312
vt 0.0034805648028850555 0.9905999302864075
vt 0 0.9779208898544312
vt 0.0034805648028850555 0.9779208898544312
vt 0.0034805648028850555 0.9905999302864075
vt 0.0034805648028850555 0.9905999302864075
vt 0.0034805648028850555 0.9779208898544312
vt 0.008175238035619259 0.9905999302864075
vt 0.0034805648028850555 0.9779208898544312
vt 0.008175238035619259 0.9779208898544312
vt 0.008175238035619259 0.9905999302864075
vt 0.008175238035619259 0.9905999302864075
vt 0.008175238035619259 0.9779208898544312
vt 0.013848484493792057 0.9905999302864075
vt 0.008175238035619259 0.9779208898544312
vt 0.013848484493792057 0.9779208898544312
vt 0.013848484493792057 0.9905999302864075
vt 0.013848484493792057 0.9905999302864075
vt 0.013848484493792057 0.9779208898544312
vt 0.9861515164375305 0.9905999302864075
vt 0.013848484493792057 0.9779208898544312
vt 0.9861515164375305 0.9779208898544312
vt 0.9861515164375305 0.9905999302864075
vt 0.9861515164375305 0.9905999302864075
vt 0.9861515164375305 0.9779208898544312
vt 0.991824746131897 0.9905999302864075
vt 0.9861515164375305 0.9779208898544312
vt 0.991824746131897 0.9779208898544312
vt 0.991824746131897 0.9905999302864075
vt 0.991824746131897 0.9905999302864075
vt 0.991824746131897 0.9779208898544312
vt 0.9965194463729858 0.9905999302864075
vt 0.991824746131897 0.9779208898544312
vt 0.9965194463729858 0.9779208898544312
vt 0.9965194463729858 0.9905999302864075
vt 0.9965194463729858 0.9905999302864075
vt 0.9965194463729858 0.9779208898544312
vt 1 0.9905999302864075
vt 0.9965194463729858 0.9779208898544312
vt 1 0.9779208898544312
vt 1 0.9905999302864075
vt 0 0.9779208898544312
vt 0 0.962598979473114
vt 0.0034805648028850555 0.9779208898544312
vt 0 0.962598979473114
vt 0.0034805648028850555 0.962598979473114
vt 0.0034805648028850555 0.9779208898544312
vt 0.0034805648028850555 0.9779208898544312
vt 0.0034805648028850555 0.962598979473114
vt 0.008175238035619259 0.9779208898544312
vt 0.0034805648028850555 0.962598979473114
vt 0.008175238035619259 0.962598979473114
vt 0.008175238035619259 0.9779208898544312
vt 0.008175238035619259 0.9779208898544312
vt 0.008175238035619259 0.962598979473114
vt 0.013848484493792057 0.9779208898544312
vt 0.008175238035619259 0.962598979473114
vt 0.013848484493792057 0.962598979473114
vt 0.013848484493792057 0.9779208898544312
vt 0.013848484493792057 0.9779208898544312
vt 0.013848484493792057 0.962598979473114
vt 0.9861515164375305 0.9779208898544312
vt 0.013848484493792057 0.962598979473114
vt 0.9861515164375305 0.962598979473114
vt 0.9861515164375305 0.9779208898544312
vt 0.9861515164375305 0.9779208898544312
vt 0.9861515164375305 0.962598979473114
vt 0.991824746131897 0.9779208898544312
vt 0.9861515164375305 0.962598979473114
vt 0.991824746131897 0.962598979473114
vt 0.991824746131897 0.9779208898544312
vt 0.991824746131897 0.9779208898544312
vt 0.991824746131897 0.962598979473114
vt 0.9965194463729858 0.9779208898544312
vt 0.991824746131897 0.962598979473114
vt 0.9965194463729858 0.962598979473114
vt 0.9965194463729858 0.9779208898544312
vt 0.9965194463729858 0.9779208898544312
vt 0.9965194463729858 0.962598979473114
vt 1 0.9779208898544312
vt 0.9965194463729858 0.962598979473114
vt 1 0.962598979473114
vt 1 0.9779208898544312
vt 0 0.962598979473114
vt 0 0.03740103915333748
vt 0.0034805648028850555 0.962598979473114
vt 0 0.03740103915333748
vt 0.0034805648028850555 0.03740103915333748
vt 0.0034805648028850555 0.962598979473114
vt 0.0034805648028850555 0.962598979473114
vt 0.0034805648028850555 0.03740103915333748
vt 0.008175238035619259 0.962598979473114
vt 0.0034805648028850555 0.03740103915333748
vt 0.008175238035619259 0.03740103915333748
vt 0.008175238035619259 0.962598979473114
vt 0.008175238035619259 0.962598979473114
vt 0.008175238035619259 0.03740103915333748
vt 0.013848484493792057 0.962598979473114
vt 0.008175238035619259 0.03740103915333748
vt 0.013848484493792057 0.03740103915333748
vt 0.013848484493792057 0.962598979473114
vt 0.013848484493792057 0.962598979473114
vt 0.013848484493792057 0.03740103915333748
vt 0.9861515164375305 0.962598979473114
vt 0.013848484493792057 0.03740103915333748
vt 0.9861515164375305 0.03740103915333748
vt 0.9861515164375305 0.962598979473114
vt 0.9861515164375305 0.962598979473114
vt 0.9861515164375305 0.03740103915333748
vt 0.991824746131897 0.962598979473114
vt 0.9861515164375305 0.03740103915333748
vt 0.991824746131897 0.03740103915333748
vt 0.991824746131897 0.962598979473114
vt 0.991824746131897 0.962598979473114
vt 0.991824746131897 0.03740103915333748
vt 0.9965194463729858 0.962598979473114
vt 0.991824746131897 0.03740103915333748
vt 0.9965194463729858 0.03740103915333748
vt 0.9965194463729858 0.962598979473114
vt 0.9965194463729858 0.962598979473114
vt 0.9965194463729858 0.03740103915333748
vt 1 0.962598979473114
vt 0.9965194463729858 0.03740103915333748
vt 1 0.03740103915333748
vt 1 0.962598979473114
vt 0 0.03740103915333748
vt 0 0.022079121321439743
vt 0.0034805648028850555 0.03740103915333748
vt 0 0.022079121321439743
vt 0.0034805648028850555 0.022079121321439743
vt 0.0034805648028850555 0.03740103915333748
vt 0.0034805648028850555 0.03740103915333748
vt 0.0034805648028850555 0.022079121321439743
vt 0.008175238035619259 0.03740103915333748
vt 0.0034805648028850555 0.022079121321439743
vt 0.008175238035619259 0.022079121321439743
vt 0.008175238035619259 0.03740103915333748
vt 0.008175238035619259 0.03740103915333748
vt 0.008175238035619259 0.022079121321439743
vt 0.013848484493792057 0.03740103915333748
vt 0.008175238035619259 0.022079121321439743
vt 0.013848484493792057 0.022079121321439743
vt 0.013848484493792057 0.03740103915333748
vt 0.013848484493792057 0.03740103915333748
vt 0.013848484493792057 0.022079121321439743
vt 0.9861515164375305 0.03740103915333748
vt 0.013848484493792057 0.022079121321439743
vt 0.9861515164375305 0.022079121321439743
vt 0.9861515164375305 0.03740103915333748
vt 0.9861515164375305 0.03740103915333748
vt 0.9861515164375305 0.022079121321439743
vt 0.991824746131897 0.03740103915333748
vt 0.9861515164375305 0.022079121321439743
vt 0.991824746131897 0.022079121321439743
vt 0.991824746131897 0.03740103915333748
vt 0.991824746131897 0.03740103915333748
vt 0.991824746131897 0.022079121321439743
vt 0.9965194463729858 0.03740103915333748
vt 0.991824746131897 0.022079121321439743
vt 0.9965194463729858 0.022079121321439743
vt 0.9965194463729858 0.03740103915333748
vt 0.9965194463729858 0.03740103915333748
vt 0.9965194463729858 0.022079121321439743
vt 1 0.03740103915333748
vt 0.9965194463729858 0.022079121321439743
vt 1 0.022079121321439743
vt 1 0.03740103915333748
vt 0 0.022079121321439743
vt 0 0.009400070644915104
vt 0.0034805648028850555 0.022079121321439743
vt 0 0.009400070644915104
vt 0.0034805648028850555 0.009400070644915104
vt 0.0034805648028850555 0.022079121321439743
vt 0.0034805648028850555 0.022079121321439743
vt 0.0034805648028850555 0.009400070644915104
vt 0.008175238035619259 0.022079121321439743
vt 0.0034805648028850555 0.009400070644915104
vt 0.008175238035619259 0.009400070644915104
vt 0.008175238035619259 0.022079121321439743
vt 0.008175238035619259 0.022079121321439743
vt 0.008175238035619259 0.009400070644915104
vt 0.013848484493792057 0.022079121321439743
vt 0.008175238035619259 0.009400070644915104
vt 0.013848484493792057 0.009400070644915104
vt 0.013848484493792057 0.022079121321439743
vt 0.013848484493792057 0.022079121321439743
vt 0.013848484493792057 0.009400070644915104
vt 0.9861515164375305 0.022079121321439743
vt 0.013848484493792057 0.009400070644915104
vt 0.9861515164375305 0.009400070644915104
vt 0.9861515164375305 0.022079121321439743
vt 0.9861515164375305 0.022079121321439743
vt 0.9861515164375305 0.009400070644915104
vt 0.991824746131897 0.022079121321439743
vt 0.9861515164375305 0.009400070644915104
vt 0.991824746131897 0.009400070644915104
vt 0.991824746131897 0.022079121321439743
vt 0.991824746131897 0.022079121321439743
vt 0.991824746131897 0.009400070644915104
vt 0.9965194463729858 0.022079121321439743
vt 0.991824746131897 0.009400070644915104
vt 0.9965194463729858 0.009400070644915104
vt 0.9965194463729858 0.022079121321439743
vt 0.9965194463729858 0.022079121321439743
vt 0.9965194463729858 0.009400070644915104
vt 1 0.022079121321439743
vt 0.9965194463729858 0.009400070644915104
vt 1 0.009400070644915104
vt 1 0.022079121321439743
vt 0 0.009400070644915104
vt 0 0
vt 0.0034805648028850555 0.009400070644915104
vt 0 0
vt 0.0034805648028850555 0
vt 0.0034805648028850555 0.009400070644915104
vt 0.0034805648028850555 0.009400070644915104
vt 0.0034805648028850555 0
vt 0.008175238035619259 0.009400070644915104
vt 0.0034805648028850555 0
vt 0.008175238035619259 0
vt 0.008175238035619259 0.009400070644915104
vt 0.008175238035619259 0.009400070644915104
vt 0.008175238035619259 0
vt 0.013848484493792057 0.009400070644915104
vt 0.008175238035619259 0
vt 0.013848484493792057 0
vt 0.013848484493792057 0.009400070644915104
vt 0.013848484493792057 0.009400070644915104
vt 0.013848484493792057 0
vt 0.9861515164375305 0.009400070644915104
vt 0.013848484493792057 0
vt 0.9861515164375305 0
vt 0.9861515164375305 0.009400070644915104
vt 0.9861515164375305 0.009400070644915104
vt 0.9861515164375305 0
vt 0.991824746131897 0.009400070644915104
vt 0.9861515164375305 0
vt 0.991824746131897 0
vt 0.991824746131897 0.009400070644915104
vt 0.991824746131897 0.009400070644915104
vt 0.991824746131897 0
vt 0.9965194463729858 0.009400070644915104
vt 0.991824746131897 0
vt 0.9965194463729858 0
vt 0.9965194463729858 0.009400070644915104
vt 0.9965194463729858 0.009400070644915104
vt 0.9965194463729858 0
vt 1 0.009400070644915104
vt 0.9965194463729858 0
vt 1 0
vt 1 0.009400070644915104
vt 0 1
vt 0 0.9905999302864075
vt 0.0034805648028850555 1
vt 0 0.9905999302864075
vt 0.0034805648028850555 0.9905999302864075
vt 0.0034805648028850555 1
vt 0.0034805648028850555 1
vt 0.0034805648028850555 0.9905999302864075
vt 0.008175238035619259 1
vt 0.0034805648028850555 0.9905999302864075
vt 0.008175238035619259 0.9905999302864075
vt 0.008175238035619259 1
vt 0.008175238035619259 1
vt 0.008175238035619259 0.9905999302864075
vt 0.013848484493792057 1
vt 0.008175238035619259 0.9905999302864075
vt 0.013848484493792057 0.9905999302864075
vt 0.013848484493792057 1
vt 0.013848484493792057 1
vt 0.013848484493792057 0.9905999302864075
vt 0.9861515164375305 1
vt 0.013848484493792057 0.9905999302864075
vt 0.9861515164375305 0.9905999302864075
vt 0.9861515164375305 1
vt 0.9861515164375305 1
vt 0.9861515164375305 0.9905999302864075
vt 0.991824746131897 1
vt 0.9861515164375305 0.9905999302864075
vt 0.991824746131897 0.9905999302864075
vt 0.991824746131897 1
vt 0.991824746131897 1
vt 0.991824746131897 0.9905999302864075
vt 0.9965194463729858 1
vt 0.991824746131897 0.9905999302864075
vt 0.9965194463729858 0.9905999302864075
vt 0.9965194463729858 1
vt 0.9965194463729858 1
vt 0.9965194463729858 0.9905999302864075
vt 1 1
vt 0.9965194463729858 0.9905999302864075
vt 1 0.9905999302864075
vt 1 1
vt 0 0.9905999302864075
vt 0 0.9779208898544312
vt 0.0034805648028850555 0.9905999302864075
vt 0 0.9779208898544312
vt 0.0034805648028850555 0.9779208898544312
vt 0.0034805648028850555 0.9905999302864075
vt 0.0034805648028850555 0.9905999302864075
vt 0.0034805648028850555 0.9779208898544312
vt 0.008175238035619259 0.9905999302864075
vt 0.0034805648028850555 0.9779208898544312
vt 0.008175238035619259 0.9779208898544312
vt 0.008175238035619259 0.9905999302864075
vt 0.008175238035619259 0.9905999302864075
vt 0.008175238035619259 0.9779208898544312
vt 0.013848484493792057 0.9905999302864075
vt 0.008175238035619259 0.9779208898544312
vt 0.013848484493792057 0.9779208898544312
vt 0.013848484493792057 0.9905999302864075
vt 0.013848484493792057 0.9905999302864075
vt 0.013848484493792057 0.9779208898544312
vt 0.9861515164375305 0.9905999302864075
vt 0.013848484493792057 0.9779208898544312
vt 0.9861515164375305 0.9779208898544312
vt 0.9861515164375305 0.9905999302864075
vt 0.9861515164375305 0.9905999302864075
vt 0.9861515164375305 0.9779208898544312
vt 0.991824746131897 0.9905999302864075
vt 0.9861515164375305 0.9779208898544312
vt 0.991824746131897 0.9779208898544312
vt 0.991824746131897 0.9905999302864075
vt 0.991824746131897 0.9905999302864075
vt 0.991824746131897 0.9779208898544312
vt 0.9965194463729858 0.9905999302864075
vt 0.991824746131897 0.9779208898544312
vt 0.9965194463729858 0.9779208898544312
vt 0.9965194463729858 0.9905999302864075
vt 0.9965194463729858 0.9905999302864075
vt 0.9965194463729858 0.9779208898544312
vt 1 0.9905999302864075
vt 0.9965194463729858 0.9779208898544312
vt 1 0.9779208898544312
vt 1 0.9905999302864075
vt 0 0.9779208898544312
vt 0 0.962598979473114
vt 0.0034805648028850555 0.9779208898544312
vt 0 0.962598979473114
vt 0.0034805648028850555 0.962598979473114
vt 0.0034805648028850555 0.9779208898544312
vt 0.0034805648028850555 0.9779208898544312
vt 0.0034805648028850555 0.962598979473114
vt 0.008175238035619259 0.9779208898544312
vt 0.0034805648028850555 0.962598979473114
vt 0.008175238035619259 0.962598979473114
vt 0.008175238035619259 0.9779208898544312
vt 0.008175238035619259 0.9779208898544312
vt 0.008175238035619259 0.962598979473114
vt 0.013848484493792057 0.9779208898544312
vt 0.008175238035619259 0.962598979473114
vt 0.013848484493792057 0.962598979473114
vt 0.013848484493792057 0.9779208898544312
vt 0.013848484493792057 0.9779208898544312
vt 0.013848484493792057 0.962598979473114
vt 0.9861515164375305 0.9779208898544312
vt 0.013848484493792057 0.962598979473114
vt 0.9861515164375305 0.962598979473114
vt 0.9861515164375305 0.9779208898544312
vt 0.9861515164375305 0.9779208898544312
vt 0.9861515164375305 0.962598979473114
vt 0.991824746131897 0.9779208898544312
vt 0.9861515164375305 0.962598979473114
vt 0.991824746131897 0.962598979473114
vt 0.991824746131897 0.9779208898544312
vt 0.991824746131897 0.9779208898544312
vt 0.991824746131897 0.962598979473114
vt 0.9965194463729858 0.9779208898544312
vt 0.991824746131897 0.962598979473114
vt 0.9965194463729858 0.962598979473114
vt 0.9965194463729858 0.9779208898544312
vt 0.9965194463729858 0.9779208898544312
vt 0.9965194463729858 0.962598979473114
vt 1 0.9779208898544312
vt 0.9965194463729858 0.962598979473114
vt 1 0.962598979473114
vt 1 0.9779208898544312
vt 0 0.962598979473114
vt 0 0.03740103915333748
vt 0.0034805648028850555 0.962598979473114
vt 0 0.03740103915333748
vt 0.0034805648028850555 0.03740103915333748
vt 0.0034805648028850555 0.962598979473114
vt 0.0034805648028850555 0.962598979473114
vt 0.0034805648028850555 0.03740103915333748
vt 0.008175238035619259 0.962598979473114
vt 0.0034805648028850555 0.03740103915333748
vt 0.008175238035619259 0.03740103915333748
vt 0.008175238035619259 0.962598979473114
vt 0.008175238035619259 0.962598979473114
vt 0.008175238035619259 0.03740103915333748
vt 0.013848484493792057 0.962598979473114
vt 0.008175238035619259 0.03740103915333748
vt 0.013848484493792057 0.03740103915333748
vt 0.013848484493792057 0.962598979473114
vt 0.013848484493792057 0.962598979473114
vt 0.013848484493792057 0.03740103915333748
vt 0.9861515164375305 0.962598979473114
vt 0.013848484493792057 0.03740103915333748
vt 0.9861515164375305 0.03740103915333748
vt 0.9861515164375305 0.962598979473114
vt 0.9861515164375305 0.962598979473114
vt 0.9861515164375305 0.03740103915333748
vt 0.991824746131897 0.962598979473114
vt 0.9861515164375305 0.03740103915333748
vt 0.991824746131897 0.03740103915333748
vt 0.991824746131897 0.962598979473114
vt 0.991824746131897 0.962598979473114
vt 0.991824746131897 0.03740103915333748
vt 0.9965194463729858 0.962598979473114
vt 0.991824746131897 0.03740103915333748
vt 0.9965194463729858 0.03740103915333748
vt 0.9965194463729858 0.962598979473114
vt 0.9965194463729858 0.962598979473114
vt 0.9965194463729858 0.03740103915333748
vt 1 0.962598979473114
vt 0.9965194463729858 0.03740103915333748
vt 1 0.03740103915333748
vt 1 0.962598979473114
vt 0 0.03740103915333748
vt 0 0.022079121321439743
vt 0.0034805648028850555 0.03740103915333748
vt 0 0.022079121321439743
vt 0.0034805648028850555 0.022079121321439743
vt 0.0034805648028850555 0.03740103915333748
vt 0.0034805648028850555 0.03740103915333748
vt 0.0034805648028850555 0.022079121321439743
vt 0.008175238035619259 0.03740103915333748
vt 0.0034805648028850555 0.022079121321439743
vt 0.008175238035619259 0.022079121321439743
vt 0.008175238035619259 0.03740103915333748
vt 0.008175238035619259 0.03740103915333748
vt 0.008175238035619259 0.022079121321439743
vt 0.013848484493792057 0.03740103915333748
vt 0.008175238035619259 0.022079121321439743
vt 0.013848484493792057 0.022079121321439743
vt 0.013848484493792057 0.03740103915333748
vt 0.013848484493792057 0.03740103915333748
vt 0.013848484493792057 0.022079121321439743
vt 0.9861515164375305 0.03740103915333748
vt 0.013848484493792057 0.022079121321439743
vt 0.9861515164375305 0.022079121321439743
vt 0.9861515164375305 0.03740103915333748
vt 0.9861515164375305 0.03740103915333748
vt 0.9861515164375305 0.022079121321439743
vt 0.991824746131897 0.03740103915333748
vt 0.9861515164375305 0.022079121321439743
vt 0.991824746131897 0.022079121321439743
vt 0.991824746131897 0.03740103915333748
vt 0.991824746131897 0.03740103915333748
vt 0.991824746131897 0.022079121321439743
vt 0.9965194463729858 0.03740103915333748
vt 0.991824746131897 0.022079121321439743
vt 0.9965194463729858 0.022079121321439743
vt 0.9965194463729858 0.03740103915333748
vt 0.9965194463729858 0.03740103915333748
vt 0.9965194463729858 0.022079121321439743
vt 1 0.03740103915333748
vt 0.9965194463729858 0.022079121321439743
vt 1 0.022079121321439743
vt 1 0.03740103915333748
vt 0 0.022079121321439743
vt 0 0.009400070644915104
vt 0.0034805648028850555 0.022079121321439743
vt 0 0.009400070644915104
vt 0.0034805648028850555 0.009400070644915104
vt 0.0034805648028850555 0.022079121321439743
vt 0.0034805648028850555 0.022079121321439743
vt 0.0034805648028850555 0.009400070644915104
vt 0.008175238035619259 0.022079121321439743
vt 0.0034805648028850555 0.009400070644915104
vt 0.008175238035619259 0.009400070644915104
vt 0.008175238035619259 0.022079121321439743
vt 0.008175238035619259 0.022079121321439743
vt 0.008175238035619259 0.009400070644915104
vt 0.013848484493792057 0.022079121321439743
vt 0.008175238035619259 0.009400070644915104
vt 0.013848484493792057 0.009400070644915104
vt 0.013848484493792057 0.022079121321439743
vt 0.013848484493792057 0.022079121321439743
vt 0.013848484493792057 0.009400070644915104
vt 0.9861515164375305 0.022079121321439743
vt 0.013848484493792057 0.009400070644915104
vt 0.9861515164375305 0.009400070644915104
vt 0.9861515164375305 0.022079121321439743
vt 0.9861515164375305 0.022079121321439743
vt 0.9861515164375305 0.009400070644915104
vt 0.991824746131897 0.022079121321439743
vt 0.9861515164375305 0.009400070644915104
vt 0.991824746131897 0.009400070644915104
vt 0.991824746131897 0.022079121321439743
vt 0.991824746131897 0.022079121321439743
vt 0.991824746131897 0.009400070644915104
vt 0.9965194463729858 0.022079121321439743
vt 0.991824746131897 0.009400070644915104
vt 0.9965194463729858 0.009400070644915104
vt 0.9965194463729858 0.022079121321439743
vt 0.9965194463729858 0.022079121321439743
vt 0.9965194463729858 0.009400070644915104
vt 1 0.022079121321439743
vt 0.9965194463729858 0.009400070644915104
vt 1 0.009400070644915104
vt 1 0.022079121321439743
vt 0 0.009400070644915104
vt 0 0
vt 0.0034805648028850555 0.009400070644915104
vt 0 0
vt 0.0034805648028850555 0
vt 0.0034805648028850555 0.009400070644915104
vt 0.0034805648028850555 0.009400070644915104
vt 0.0034805648028850555 0
vt 0.008175238035619259 0.009400070644915104
vt 0.0034805648028850555 0
vt 0.008175238035619259 0
vt 0.008175238035619259 0.009400070644915104
vt 0.008175238035619259 0.009400070644915104
vt 0.008175238035619259 0
vt 0.013848484493792057 0.009400070644915104
vt 0.008175238035619259 0
vt 0.013848484493792057 0
vt 0.013848484493792057 0.009400070644915104
vt 0.013848484493792057 0.009400070644915104
vt 0.013848484493792057 0
vt 0.9861515164375305 0.009400070644915104
vt 0.013848484493792057 0
vt 0.9861515164375305 0
vt 0.9861515164375305 0.009400070644915104
vt 0.9861515164375305 0.009400070644915104
vt 0.9861515164375305 0
vt 0.991824746131897 0.009400070644915104
vt 0.9861515164375305 0
vt 0.991824746131897 0
vt 0.991824746131897 0.009400070644915104
vt 0.991824746131897 0.009400070644915104
vt 0.991824746131897 0
vt 0.9965194463729858 0.009400070644915104
vt 0.991824746131897 0
vt 0.9965194463729858 0
vt 0.9965194463729858 0.009400070644915104
vt 0.9965194463729858 0.009400070644915104
vt 0.9965194463729858 0
vt 1 0.009400070644915104
vt 0.9965194463729858 0
vt 1 0
vt 1 0.009400070644915104
vt 0 1
vt 0 0.9705979228019714
vt 0.0034805648028850555 1
vt 0 0.9705979228019714
vt 0.0034805648028850555 0.9705979228019714
vt 0.0034805648028850555 1
vt 0.0034805648028850555 1
vt 0.0034805648028850555 0.9705979228019714
vt 0.008175238035619259 1
vt 0.0034805648028850555 0.9705979228019714
vt 0.008175238035619259 0.9705979228019714
vt 0.008175238035619259 1
vt 0.008175238035619259 1
vt 0.008175238035619259 0.9705979228019714
vt 0.013848484493792057 1
vt 0.008175238035619259 0.9705979228019714
vt 0.013848484493792057 0.9705979228019714
vt 0.013848484493792057 1
vt 0.013848484493792057 1
vt 0.013848484493792057 0.9705979228019714
vt 0.9861515164375305 1
vt 0.013848484493792057 0.9705979228019714
vt 0.9861515164375305 0.9705979228019714
vt 0.9861515164375305 1
vt 0.9861515164375305 1
vt 0.9861515164375305 0.9705979228019714
vt 0.991824746131897 1
vt 0.9861515164375305 0.9705979228019714
vt 0.991824746131897 0.9705979228019714
vt 0.991824746131897 1
vt 0.991824746131897 1
vt 0.991824746131897 0.9705979228019714
vt 0.9965194463729858 1
vt 0.991824746131897 0.9705979228019714
vt 0.9965194463729858 0.9705979228019714
vt 0.9965194463729858 1
vt 0.9965194463729858 1
vt 0.9965194463729858 0.9705979228019714
vt 1 1
vt 0.9965194463729858 0.9705979228019714
vt 1 0.9705979228019714
vt 1 1
vt 0 0.9705979228019714
vt 0 0.9309396147727966
vt 0.0034805648028850555 0.9705979228019714
vt 0 0.9309396147727966
vt 0.0034805648028850555 0.9309396147727966
vt 0.0034805648028850555 0.9705979228019714
vt 0.0034805648028850555 0.9705979228019714
vt 0.0034805648028850555 0.9309396147727966
vt 0.008175238035619259 0.9705979228019714
vt 0.0034805648028850555 0.9309396147727966
vt 0.008175238035619259 0.9309396147727966
vt 0.008175238035619259 0.9705979228019714
vt 0.008175238035619259 0.9705979228019714
vt 0.008175238035619259 0.9309396147727966
vt 0.013848484493792057 0.9705979228019714
vt 0.008175238035619259 0.9309396147727966
vt 0.013848484493792057 0.9309396147727966
vt 0.013848484493792057 0.9705979228019714
vt 0.013848484493792057 0.9705979228019714
vt 0.013848484493792057 0.9309396147727966
vt 0.9861515164375305 0.9705979228019714
vt 0.013848484493792057 0.9309396147727966
vt 0.9861515164375305 0.9309396147727966
vt 0.9861515164375305 0.9705979228019714
vt 0.9861515164375305 0.9705979228019714
vt 0.9861515164375305 0.9309396147727966
vt 0.991824746131897 0.9705979228019714
vt 0.9861515164375305 0.9309396147727966
vt 0.991824746131897 0.9309396147727966
vt 0.991824746131897 0.9705979228019714
vt 0.991824746131897 0.9705979228019714
vt 0.991824746131897 0.9309396147727966
vt 0.9965194463729858 0.9705979228019714
vt 0.991824746131897 0.9309396147727966
vt 0.9965194463729858 0.9309396147727966
vt 0.9965194463729858 0.9705979228019714
vt 0.9965194463729858 0.9705979228019714
vt 0.9965194463729858 0.9309396147727966
vt 1 0.9705979228019714
vt 0.9965194463729858 0.9309396147727966
vt 1 0.9309396147727966
vt 1 0.9705979228019714
vt 0 0.9309396147727966
vt 0 0.8830147981643677
vt 0.0034805648028850555 0.9309396147727966
vt 0 0.8830147981643677
vt 0.0034805648028850555 0.8830147981643677
vt 0.0034805648028850555 0.9309396147727966
vt 0.0034805648028850555 0.9309396147727966
vt 0.0034805648028850555 0.8830147981643677
vt 0.008175238035619259 0.9309396147727966
vt 0.0034805648028850555 0.8830147981643677
vt 0.008175238035619259 0.8830147981643677
vt 0.008175238035619259 0.9309396147727966
vt 0.008175238035619259 0.9309396147727966
vt 0.008175238035619259 0.8830147981643677
vt 0.013848484493792057 0.9309396147727966
vt 0.008175238035619259 0.8830147981643677
vt 0.013848484493792057 0.8830147981643677
vt 0.013848484493792057 0.9309396147727966
vt 0.013848484493792057 0.9309396147727966
vt 0.013848484493792057 0.8830147981643677
vt 0.9861515164375305 0.9309396147727966
vt 0.013848484493792057 0.8830147981643677
vt 0.9861515164375305 0.8830147981643677
vt 0.9861515164375305 0.9309396147727966
vt 0.9861515164375305 0.9309396147727966
vt 0.9861515164375305 0.8830147981643677
vt 0.991824746131897 0.9309396147727966
vt 0.9861515164375305 0.8830147981643677
vt 0.991824746131897 0.8830147981643677
vt 0.991824746131897 0.9309396147727966
vt 0.991824746131897 0.9309396147727966
vt 0.991824746131897 0.8830147981643677
vt 0.9965194463729858 0.9309396147727966
vt 0.991824746131897 0.8830147981643677
vt 0.9965194463729858 0.8830147981643677
vt 0.9965194463729858 0.9309396147727966
vt 0.9965194463729858 0.9309396147727966
vt 0.9965194463729858 0.8830147981643677
vt 1 0.9309396147727966
vt 0.9965194463729858 0.8830147981643677
vt 1 0.8830147981643677
vt 1 0.9309396147727966
vt 0 0.8830147981643677
vt 0 0.11698520928621292
vt 0.0034805648028850555 0.8830147981643677
vt 0 0.11698520928621292
vt 0.0034805648028850555 0.11698520928621292
vt 0.0034805648028850555 0.8830147981643677
vt 0.0034805648028850555 0.8830147981643677
vt 0.0034805648028850555 0.11698520928621292
vt 0.008175238035619259 0.8830147981643677
vt 0.0034805648028850555 0.11698520928621292
vt 0.008175238035619259 0.11698520928621292
vt 0.008175238035619259 0.8830147981643677
vt 0.008175238035619259 0.8830147981643677
vt 0.008175238035619259 0.11698520928621292
vt 0.013848484493792057 0.8830147981643677
vt 0.008175238035619259 0.11698520928621292
vt 0.013848484493792057 0.11698520928621292
vt 0.013848484493792057 0.8830147981643677
vt 0.013848484493792057 0.8830147981643677
vt 0.013848484493792057 0.11698520928621292
vt 0.9861515164375305 0.8830147981643677
vt 0.013848484493792057 0.11698520928621292
vt 0.9861515164375305 0.11698520928621292
vt 0.9861515164375305 0.8830147981643677
vt 0.9861515164375305 0.8830147981643677
vt 0.9861515164375305 0.11698520928621292
vt 0.991824746131897 0.8830147981643677
vt 0.9861515164375305 0.11698520928621292
vt 0.991824746131897 0.11698520928621292
vt 0.991824746131897 0.8830147981643677
vt 0.991824746131897 0.8830147981643677
vt 0.991824746131897 0.11698520928621292
vt 0.9965194463729858 0.8830147981643677
vt 0.991824746131897 0.11698520928621292
vt 0.9965194463729858 0.11698520928621292
vt 0.9965194463729858 0.8830147981643677
vt 0.9965194463729858 0.8830147981643677
vt 0.9965194463729858 0.11698520928621292
vt 1 0.8830147981643677
vt 0.9965194463729858 0.11698520928621292
vt 1 0.11698520928621292
vt 1 0.8830147981643677
vt 0 0.11698520928621292
vt 0 0.06906040012836456
vt 0.0034805648028850555 0.11698520928621292
vt 0 0.06906040012836456
vt 0.0034805648028850555 0.06906040012836456
vt 0.0034805648028850555 0.11698520928621292
vt 0.0034805648028850555 0.11698520928621292
vt 0.0034805648028850555 0.06906040012836456
vt 0.008175238035619259 0.11698520928621292
vt 0.0034805648028850555 0.06906040012836456
vt 0.008175238035619259 0.06906040012836456
vt 0.008175238035619259 0.11698520928621292
vt 0.008175238035619259 0.11698520928621292
vt 0.008175238035619259 0.06906040012836456
vt 0.013848484493792057 0.11698520928621292
vt 0.008175238035619259 0.06906040012836456
vt 0.013848484493792057 0.06906040012836456
vt 0.013848484493792057 0.11698520928621292
vt 0.013848484493792057 0.11698520928621292
vt 0.013848484493792057 0.06906040012836456
vt 0.9861515164375305 0.11698520928621292
vt 0.013848484493792057 0.06906040012836456
vt 0.9861515164375305 0.06906040012836456
vt 0.9861515164375305 0.11698520928621292
vt 0.9861515164375305 0.11698520928621292
vt 0.9861515164375305 0.06906040012836456
vt 0.991824746131897 0.11698520928621292
vt 0.9861515164375305 0.06906040012836456
vt 0.991824746131897 0.06906040012836456
vt 0.991824746131897 0.11698520928621292
vt 0.991824746131897 0.11698520928621292
vt 0.991824746131897 0.06906040012836456
vt 0.9965194463729858 0.11698520928621292
vt 0.991824746131897 0.06906040012836456
vt 0.9965194463729858 0.06906040012836456
vt 0.9965194463729858 0.11698520928621292
vt 0.9965194463729858 0.11698520928621292
vt 0.9965194463729858 0.06906040012836456
vt 1 0.11698520928621292
vt 0.9965194463729858 0.06906040012836456
vt 1 0.06906040012836456
vt 1 0.11698520928621292
vt 0 0.06906040012836456
vt 0 0.029402105137705803
vt 0.0034805648028850555 0.06906040012836456
vt 0 0.029402105137705803
vt 0.0034805648028850555 0.029402105137705803
vt 0.0034805648028850555 0.06906040012836456
vt 0.0034805648028850555 0.06906040012836456
vt 0.0034805648028850555 0.029402105137705803
vt 0.008175238035619259 0.06906040012836456
vt 0.0034805648028850555 0.029402105137705803
vt 0.008175238035619259 0.029402105137705803
vt 0.008175238035619259 0.06906040012836456
vt 0.008175238035619259 0.06906040012836456
vt 0.008175238035619259 0.029402105137705803
vt 0.013848484493792057 0.06906040012836456
vt 0.008175238035619259 0.029402105137705803
vt 0.013848484493792057 0.029402105137705803
vt 0.013848484493792057 0.06906040012836456
vt 0.013848484493792057 0.06906040012836456
vt 0.013848484493792057 0.029402105137705803
vt 0.9861515164375305 0.06906040012836456
vt 0.013848484493792057 0.029402105137705803
vt 0.9861515164375305 0.029402105137705803
vt 0.9861515164375305 0.06906040012836456
vt 0.9861515164375305 0.06906040012836456
vt 0.9861515164375305 0.029402105137705803
vt 0.991824746131897 0.06906040012836456
vt 0.9861515164375305 0.029402105137705803
vt 0.991824746131897 0.029402105137705803
vt 0.991824746131897 0.06906040012836456
vt 0.991824746131897 0.06906040012836456
vt 0.991824746131897 0.029402105137705803
vt 0.9965194463729858 0.06906040012836456
vt 0.991824746131897 0.029402105137705803
vt 0.9965194463729858 0.029402105137705803
vt 0.9965194463729858 0.06906040012836456
vt 0.9965194463729858 0.06906040012836456
vt 0.9965194463729858 0.029402105137705803
vt 1 0.06906040012836456
vt 0.9965194463729858 0.029402105137705803
vt 1 0.029402105137705803
vt 1 0.06906040012836456
vt 0 0.029402105137705803
vt 0 0
vt 0.0034805648028850555 0.029402105137705803
vt 0 0
vt 0.0034805648028850555 0
vt 0.0034805648028850555 0.029402105137705803
vt 0.0034805648028850555 0.029402105137705803
vt 0.0034805648028850555 0
vt 0.008175238035619259 0.029402105137705803
vt 0.0034805648028850555 0
vt 0.008175238035619259 0
vt 0.008175238035619259 0.029402105137705803
vt 0.008175238035619259 0.029402105137705803
vt 0.008175238035619259 0
vt 0.013848484493792057 0.029402105137705803
vt 0.008175238035619259 0
vt 0.013848484493792057 0
vt 0.013848484493792057 0.029402105137705803
vt 0.013848484493792057 0.029402105137705803
vt 0.013848484493792057 0
vt 0.9861515164375305 0.029402105137705803
vt 0.013848484493792057 0
vt 0.9861515164375305 0
vt 0.9861515164375305 0.029402105137705803
vt 0.9861515164375305 0.029402105137705803
vt 0.9861515164375305 0
vt 0.991824746131897 0.029402105137705803
vt 0.9861515164375305 0
vt 0.991824746131897 0
vt 0.991824746131897 0.029402105137705803
vt 0.991824746131897 0.029402105137705803
vt 0.991824746131897 0
vt 0.9965194463729858 0.029402105137705803
vt 0.991824746131897 0
vt 0.9965194463729858 0
vt 0.9965194463729858 0.029402105137705803
vt 0.9965194463729858 0.029402105137705803
vt 0.9965194463729858 0
vt 1 0.029402105137705803
vt 0.9965194463729858 0
vt 1 0
vt 1 0.029402105137705803
vt 0 1
vt 0 0.9705979228019714
vt 0.0034805648028850555 1
vt 0 0.9705979228019714
vt 0.0034805648028850555 0.9705979228019714
vt 0.0034805648028850555 1
vt 0.0034805648028850555 1
vt 0.0034805648028850555 0.9705979228019714
vt 0.008175238035619259 1
vt 0.0034805648028850555 0.9705979228019714
vt 0.008175238035619259 0.9705979228019714
vt 0.008175238035619259 1
vt 0.008175238035619259 1
vt 0.008175238035619259 0.9705979228019714
vt 0.013848484493792057 1
vt 0.008175238035619259 0.9705979228019714
vt 0.013848484493792057 0.9705979228019714
vt 0.013848484493792057 1
vt 0.013848484493792057 1
vt 0.013848484493792057 0.9705979228019714
vt 0.9861515164375305 1
vt 0.013848484493792057 0.9705979228019714
vt 0.9861515164375305 0.9705979228019714
vt 0.9861515164375305 1
vt 0.9861515164375305 1
vt 0.9861515164375305 0.9705979228019714
vt 0.991824746131897 1
vt 0.9861515164375305 0.9705979228019714
vt 0.991824746131897 0.9705979228019714
vt 0.991824746131897 1
vt 0.991824746131897 1
vt 0.991824746131897 0.9705979228019714
vt 0.9965194463729858 1
vt 0.991824746131897 0.9705979228019714
vt 0.9965194463729858 0.9705979228019714
vt 0.9965194463729858 1
vt 0.9965194463729858 1
vt 0.9965194463729858 0.9705979228019714
vt 1 1
vt 0.9965194463729858 0.9705979228019714
vt 1 0.9705979228019714
vt 1 1
vt 0 0.9705979228019714
vt 0 0.9309396147727966
vt 0.0034805648028850555 0.9705979228019714
vt 0 0.9309396147727966
vt 0.0034805648028850555 0.9309396147727966
vt 0.0034805648028850555 0.9705979228019714
vt 0.0034805648028850555 0.9705979228019714
vt 0.0034805648028850555 0.9309396147727966
vt 0.008175238035619259 0.9705979228019714
vt 0.0034805648028850555 0.9309396147727966
vt 0.008175238035619259 0.9309396147727966
vt 0.008175238035619259 0.9705979228019714
vt 0.008175238035619259 0.9705979228019714
vt 0.008175238035619259 0.9309396147727966
vt 0.013848484493792057 0.9705979228019714
vt 0.008175238035619259 0.9309396147727966
vt 0.013848484493792057 0.9309396147727966
vt 0.013848484493792057 0.9705979228019714
vt 0.013848484493792057 0.9705979228019714
vt 0.013848484493792057 0.9309396147727966
vt 0.9861515164375305 0.9705979228019714
vt 0.013848484493792057 0.9309396147727966
vt 0.9861515164375305 0.9309396147727966
vt 0.9861515164375305 0.9705979228019714
vt 0.9861515164375305 0.9705979228019714
vt 0.9861515164375305 0.9309396147727966
vt 0.991824746131897 0.9705979228019714
vt 0.9861515164375305 0.9309396147727966
vt 0.991824746131897 0.9309396147727966
vt 0.991824746131897 0.9705979228019714
vt 0.991824746131897 0.9705979228019714
vt 0.991824746131897 0.9309396147727966
vt 0.9965194463729858 0.9705979228019714
vt 0.991824746131897 0.9309396147727966
vt 0.9965194463729858 0.9309396147727966
vt 0.9965194463729858 0.9705979228019714
vt 0.9965194463729858 0.9705979228019714
vt 0.9965194463729858 0.9309396147727966
vt 1 0.9705979228019714
vt 0.9965194463729858 0.9309396147727966
vt 1 0.9309396147727966
vt 1 0.9705979228019714
vt 0 0.9309396147727966
vt 0 0.8830147981643677
vt 0.0034805648028850555 0.9309396147727966
vt 0 0.8830147981643677
vt 0.0034805648028850555 0.8830147981643677
vt 0.0034805648028850555 0.9309396147727966
vt 0.0034805648028850555 0.9309396147727966
vt 0.0034805648028850555 0.8830147981643677
vt 0.008175238035619259 0.9309396147727966
vt 0.0034805648028850555 0.8830147981643677
vt 0.008175238035619259 0.8830147981643677
vt 0.008175238035619259 0.9309396147727966
vt 0.008175238035619259 0.9309396147727966
vt 0.008175238035619259 0.8830147981643677
vt 0.013848484493792057 0.9309396147727966
vt 0.008175238035619259 0.8830147981643677
vt 0.013848484493792057 0.8830147981643677
vt 0.013848484493792057 0.9309396147727966
vt 0.013848484493792057 0.9309396147727966
vt 0.013848484493792057 0.8830147981643677
vt 0.9861515164375305 0.9309396147727966
vt 0.013848484493792057 0.8830147981643677
vt 0.9861515164375305 0.8830147981643677
vt 0.9861515164375305 0.9309396147727966
vt 0.9861515164375305 0.9309396147727966
vt 0.9861515164375305 0.8830147981643677
vt 0.991824746131897 0.9309396147727966
vt 0.9861515164375305 0.8830147981643677
vt 0.991824746131897 0.8830147981643677
vt 0.991824746131897 0.9309396147727966
vt 0.991824746131897 0.9309396147727966
vt 0.991824746131897 0.8830147981643677
vt 0.9965194463729858 0.9309396147727966
vt 0.991824746131897 0.8830147981643677
vt 0.9965194463729858 0.8830147981643677
vt 0.9965194463729858 0.9309396147727966
vt 0.9965194463729858 0.9309396147727966
vt 0.9965194463729858 0.8830147981643677
vt 1 0.9309396147727966
vt 0.9965194463729858 0.8830147981643677
vt 1 0.8830147981643677
vt 1 0.9309396147727966
vt 0 0.8830147981643677
vt 0 0.11698520928621292
vt 0.0034805648028850555 0.8830147981643677
vt 0 0.11698520928621292
vt 0.0034805648028850555 0.11698520928621292
vt 0.0034805648028850555 0.8830147981643677
vt 0.0034805648028850555 0.8830147981643677
vt 0.0034805648028850555 0.11698520928621292
vt 0.008175238035619259 0.8830147981643677
vt 0.0034805648028850555 0.11698520928621292
vt 0.008175238035619259 0.11698520928621292
vt 0.008175238035619259 0.8830147981643677
vt 0.008175238035619259 0.8830147981643677
vt 0.008175238035619259 0.11698520928621292
vt 0.013848484493792057 0.8830147981643677
vt 0.008175238035619259 0.11698520928621292
vt 0.013848484493792057 0.11698520928621292
vt 0.013848484493792057 0.8830147981643677
vt 0.013848484493792057 0.8830147981643677
vt 0.013848484493792057 0.11698520928621292
vt 0.9861515164375305 0.8830147981643677
vt 0.013848484493792057 0.11698520928621292
vt 0.9861515164375305 0.11698520928621292
vt 0.9861515164375305 0.8830147981643677
vt 0.9861515164375305 0.8830147981643677
vt 0.9861515164375305 0.11698520928621292
vt 0.991824746131897 0.8830147981643677
vt 0.9861515164375305 0.11698520928621292
vt 0.991824746131897 0.11698520928621292
vt 0.991824746131897 0.8830147981643677
vt 0.991824746131897 0.8830147981643677
vt 0.991824746131897 0.11698520928621292
vt 0.9965194463729858 0.8830147981643677
vt 0.991824746131897 0.11698520928621292
vt 0.9965194463729858 0.11698520928621292
vt 0.9965194463729858 0.8830147981643677
vt 0.9965194463729858 0.8830147981643677
vt 0.9965194463729858 0.11698520928621292
vt 1 0.8830147981643677
vt 0.9965194463729858 0.11698520928621292
vt 1 0.11698520928621292
vt 1 0.8830147981643677
vt 0 0.11698520928621292
vt 0 0.06906040012836456
vt 0.0034805648028850555 0.11698520928621292
vt 0 0.06906040012836456
vt 0.0034805648028850555 0.06906040012836456
vt 0.0034805648028850555 0.11698520928621292
vt 0.0034805648028850555 0.11698520928621292
vt 0.0034805648028850555 0.06906040012836456
vt 0.008175238035619259 0.11698520928621292
vt 0.0034805648028850555 0.06906040012836456
vt 0.008175238035619259 0.06906040012836456
vt 0.008175238035619259 0.11698520928621292
vt 0.008175238035619259 0.11698520928621292
vt 0.008175238035619259 0.06906040012836456
vt 0.013848484493792057 0.11698520928621292
vt 0.008175238035619259 0.06906040012836456
vt 0.013848484493792057 0.06906040012836456
vt 0.013848484493792057 0.11698520928621292
vt 0.013848484493792057 0.11698520928621292
vt 0.013848484493792057 0.06906040012836456
vt 0.9861515164375305 0.11698520928621292
vt 0.013848484493792057 0.06906040012836456
vt 0.9861515164375305 0.06906040012836456
vt 0.9861515164375305 0.11698520928621292
vt 0.9861515164375305 0.11698520928621292
vt 0.9861515164375305 0.06906040012836456
vt 0.991824746131897 0.11698520928621292
vt 0.9861515164375305 0.06906040012836456
vt 0.991824746131897 0.06906040012836456
vt 0.991824746131897 0.11698520928621292
vt 0.991824746131897 0.11698520928621292
vt 0.991824746131897 0.06906040012836456
vt 0.9965194463729858 0.11698520928621292
vt 0.991824746131897 0.06906040012836456
vt 0.9965194463729858 0.06906040012836456
vt 0.9965194463729858 0.11698520928621292
vt 0.9965194463729858 0.11698520928621292
vt 0.9965194463729858 0.06906040012836456
vt 1 0.11698520928621292
vt 0.9965194463729858 0.06906040012836456
vt 1 0.06906040012836456
vt 1 0.11698520928621292
vt 0 0.06906040012836456
vt 0 0.029402105137705803
vt 0.0034805648028850555 0.06906040012836456
vt 0 0.029402105137705803
vt 0.0034805648028850555 0.029402105137705803
vt 0.0034805648028850555 0.06906040012836456
vt 0.0034805648028850555 0.06906040012836456
vt 0.0034805648028850555 0.029402105137705803
vt 0.008175238035619259 0.06906040012836456
vt 0.0034805648028850555 0.029402105137705803
vt 0.008175238035619259 0.029402105137705803
vt 0.008175238035619259 0.06906040012836456
vt 0.008175238035619259 0.06906040012836456
vt 0.008175238035619259 0.029402105137705803
vt 0.013848484493792057 0.06906040012836456
vt 0.008175238035619259 0.029402105137705803
vt 0.013848484493792057 0.029402105137705803
vt 0.013848484493792057 0.06906040012836456
vt 0.013848484493792057 0.06906040012836456
vt 0.013848484493792057 0.029402105137705803
vt 0.9861515164375305 0.06906040012836456
vt 0.013848484493792057 0.029402105137705803
vt 0.9861515164375305 0.029402105137705803
vt 0.9861515164375305 0.06906040012836456
vt 0.9861515164375305 0.06906040012836456
vt 0.9861515164375305 0.029402105137705803
vt 0.991824746131897 0.06906040012836456
vt 0.9861515164375305 0.029402105137705803
vt 0.991824746131897 0.029402105137705803
vt 0.991824746131897 0.06906040012836456
vt 0.991824746131897 0.06906040012836456
vt 0.991824746131897 0.029402105137705803
vt 0.9965194463729858 0.06906040012836456
vt 0.991824746131897 0.029402105137705803
vt 0.9965194463729858 0.029402105137705803
vt 0.9965194463729858 0.06906040012836456
vt 0.9965194463729858 0.06906040012836456
vt 0.9965194463729858 0.029402105137705803
vt 1 0.06906040012836456
vt 0.9965194463729858 0.029402105137705803
vt 1 0.029402105137705803
vt 1 0.06906040012836456
vt 0 0.029402105137705803
vt 0 0
vt 0.0034805648028850555 0.029402105137705803
vt 0 0
vt 0.0034805648028850555 0
vt 0.0034805648028850555 0.029402105137705803
vt 0.0034805648028850555 0.029402105137705803
vt 0.0034805648028850555 0
vt 0.008175238035619259 0.029402105137705803
vt 0.0034805648028850555 0
vt 0.008175238035619259 0
vt 0.008175238035619259 0.029402105137705803
vt 0.008175238035619259 0.029402105137705803
vt 0.008175238035619259 0
vt 0.013848484493792057 0.029402105137705803
vt 0.008175238035619259 0
vt 0.013848484493792057 0
vt 0.013848484493792057 0.029402105137705803
vt 0.013848484493792057 0.029402105137705803
vt 0.013848484493792057 0
vt 0.9861515164375305 0.029402105137705803
vt 0.013848484493792057 0
vt 0.9861515164375305 0
vt 0.9861515164375305 0.029402105137705803
vt 0.9861515164375305 0.029402105137705803
vt 0.9861515164375305 0
vt 0.991824746131897 0.029402105137705803
vt 0.9861515164375305 0
vt 0.991824746131897 0
vt 0.991824746131897 0.029402105137705803
vt 0.991824746131897 0.029402105137705803
vt 0.991824746131897 0
vt 0.9965194463729858 0.029402105137705803
vt 0.991824746131897 0
vt 0.9965194463729858 0
vt 0.9965194463729858 0.029402105137705803
vt 0.9965194463729858 0.029402105137705803
vt 0.9965194463729858 0
vt 1 0.029402105137705803
vt 0.9965194463729858 0
vt 1 0
vt 1 0.029402105137705803
vn 0.5773502691896257 0.5773502691896257 0.5773502691896257
vn 0.639602143648227 0.4264014489670335 0.639602143648227
vn 0.639602143648227 0.639602143648227 0.4264014489670335
vn 0.639602143648227 0.4264014489670335 0.639602143648227
vn 0.7276068680966881 0.48507125533189915 0.48507125533189915
vn 0.639602143648227 0.639602143648227 0.4264014489670335
vn 0.639602143648227 0.639602143648227 0.4264014489670335
vn 0.7276068680966881 0.48507125533189915 0.48507125533189915
vn 0.688247200043142 0.688247200043142 0.2294157432818214
vn 0.7276068680966881 0.48507125533189915 0.48507125533189915
vn 0.8017837363809595 0.5345224710524249 0.26726123552621245
vn 0.688247200043142 0.688247200043142 0.2294157432818214
vn 0.688247200043142 0.688247200043142 0.2294157432818214
vn 0.8017837363809595 0.5345224710524249 0.26726123552621245
vn 0.7071067811865476 0.7071067811865476 5.268356063861754e-9
vn 0.8017837363809595 0.5345224710524249 0.26726123552621245
vn 0.8320502851678979 0.5547002099801474 6.199257710336878e-9
vn 0.7071067811865476 0.7071067811865476 5.268356063861754e-9
vn 0.7071067811865476 0.7071067811865476 5.268356063861754e-9
vn 0.8320502851678979 0.5547002099801474 6.199257710336878e-9
vn 0.7071067811865476 0.7071067811865476 -5.268356063861754e-9
vn 0.8320502851678979 0.5547002099801474 6.199257710336878e-9
vn 0.8320502851678979 0.5547002099801474 -6.199257710336878e-9
vn 0.7071067811865476 0.7071067811865476 -5.268356063861754e-9
vn 0.7071067811865476 0.7071067811865476 -5.268356063861754e-9
vn 0.8320502851678979 0.5547002099801474 -6.199257710336878e-9
vn 0.688247200043142 0.688247200043142 -0.2294157432818214
vn 0.8320502851678979 0.5547002099801474 -6.199257710336878e-9
vn 0.8017837363809595 0.5345224710524249 -0.26726123552621245
vn 0.688247200043142 0.688247200043142 -0.2294157432818214
vn 0.688247200043142 0.688247200043142 -0.2294157432818214
vn 0.8017837363809595 0.5345224710524249 -0.26726123552621245
vn 0.639602143648227 0.639602143648227 -0.4264014489670335
vn 0.8017837363809595 0.5345224710524249 -0.26726123552621245
vn 0.7276068680966881 0.48507125533189915 -0.48507125533189915
vn 0.639602143648227 0.639602143648227 -0.4264014489670335
vn 0.639602143648227 0.639602143648227 -0.4264014489670335
vn 0.7276068680966881 0.48507125533189915 -0.48507125533189915
vn 0.5773502691896257 0.5773502691896257 -0.5773502691896257
vn 0.7276068680966881 0.48507125533189915 -0.48507125533189915
vn 0.639602143648227 0.4264014489670335 -0.639602143648227
vn 0.5773502691896257 0.5773502691896257 -0.5773502691896257
vn 0.639602143648227 0.4264014489670335 0.639602143648227
vn 0.688247200043142 0.2294157432818214 0.688247200043142
vn 0.7276068680966881 0.48507125533189915 0.48507125533189915
vn 0.688247200043142 0.2294157432818214 0.688247200043142
vn 0.8017837363809595 0.26726123552621245 0.5345224710524249
vn 0.7276068680966881 0.48507125533189915 0.48507125533189915
vn 0.7276068680966881 0.48507125533189915 0.48507125533189915
vn 0.8017837363809595 0.26726123552621245 0.5345224710524249
vn 0.8017837363809595 0.5345224710524249 0.26726123552621245
vn 0.8017837363809595 0.26726123552621245 0.5345224710524249
vn 0.9045340337332909 0.30151134457776363 0.30151134457776363
vn 0.8017837363809595 0.5345224710524249 0.26726123552621245
vn 0.8017837363809595 0.5345224710524249 0.26726123552621245
vn 0.9045340337332909 0.30151134457776363 0.30151134457776363
vn 0.8320502851678979 0.5547002099801474 6.199257710336878e-9
vn 0.9045340337332909 0.30151134457776363 0.30151134457776363
vn 0.9486833010307459 0.31622775707614137 7.068241395285323e-9
vn 0.8320502851678979 0.5547002099801474 6.199257710336878e-9
vn 0.8320502851678979 0.5547002099801474 6.199257710336878e-9
vn 0.9486833010307459 0.31622775707614137 7.068241395285323e-9
vn 0.8320502851678979 0.5547002099801474 -6.199257710336878e-9
vn 0.9486833010307459 0.31622775707614137 7.068241395285323e-9
vn 0.9486833010307459 0.31622775707614137 -7.068241395285323e-9
vn 0.8320502851678979 0.5547002099801474 -6.199257710336878e-9
vn 0.8320502851678979 0.5547002099801474 -6.199257710336878e-9
vn 0.9486833010307459 0.31622775707614137 -7.068241395285323e-9
vn 0.8017837363809595 0.5345224710524249 -0.26726123552621245
vn 0.9486833010307459 0.31622775707614137 -7.068241395285323e-9
vn 0.9045340337332909 0.30151134457776363 -0.30151134457776363
vn 0.8017837363809595 0.5345224710524249 -0.26726123552621245
vn 0.8017837363809595 0.5345224710524249 -0.26726123552621245
vn 0.9045340337332909 0.30151134457776363 -0.30151134457776363
vn 0.7276068680966881 0.48507125533189915 -0.48507125533189915
vn 0.9045340337332909 0.30151134457776363 -0.30151134457776363
vn 0.8017837363809595 0.26726123552621245 -0.5345224710524249
vn 0.7276068680966881 0.48507125533189915 -0.48507125533189915
vn 0.7276068680966881 0.48507125533189915 -0.48507125533189915
vn 0.8017837363809595 0.26726123552621245 -0.5345224710524249
vn 0.639602143648227 0.4264014489670335 -0.639602143648227
vn 0.8017837363809595 0.26726123552621245 -0.5345224710524249
vn 0.688247200043142 0.2294157432818214 -0.688247200043142
vn 0.639602143648227 0.4264014489670335 -0.639602143648227
vn 0.688247200043142 0.2294157432818214 0.688247200043142
vn 0.7071067811865476 5.268356063861754e-9 0.7071067811865476
vn 0.8017837363809595 0.26726123552621245 0.5345224710524249
vn 0.7071067811865476 5.268356063861754e-9 0.7071067811865476
vn 0.8320502851678979 6.199257710336878e-9 0.5547002099801474
vn 0.8017837363809595 0.26726123552621245 0.5345224710524249
vn 0.8017837363809595 0.26726123552621245 0.5345224710524249
vn 0.8320502851678979 6.199257710336878e-9 0.5547002099801474
vn 0.9045340337332909 0.30151134457776363 0.30151134457776363
vn 0.8320502851678979 6.199257710336878e-9 0.5547002099801474
vn 0.9486833010307459 7.068241395285323e-9 0.31622775707614137
vn 0.9045340337332909 0.30151134457776363 0.30151134457776363
vn 0.9045340337332909 0.30151134457776363 0.30151134457776363
vn 0.9486833010307459 7.068241395285323e-9 0.31622775707614137
vn 0.9486833010307459 0.31622775707614137 7.068241395285323e-9
vn 0.9486833010307459 7.068241395285323e-9 0.31622775707614137
vn 1 7.450580596923828e-9 7.450580596923828e-9
vn 0.9486833010307459 0.31622775707614137 7.068241395285323e-9
vn 0.9486833010307459 0.31622775707614137 7.068241395285323e-9
vn 1 7.450580596923828e-9 7.450580596923828e-9
vn 0.9486833010307459 0.31622775707614137 -7.068241395285323e-9
vn 1 7.450580596923828e-9 7.450580596923828e-9
vn 1 7.450580596923828e-9 -7.450580596923828e-9
vn 0.9486833010307459 0.31622775707614137 -7.068241395285323e-9
vn 0.9486833010307459 0.31622775707614137 -7.068241395285323e-9
vn 1 7.450580596923828e-9 -7.450580596923828e-9
vn 0.9045340337332909 0.30151134457776363 -0.30151134457776363
vn 1 7.450580596923828e-9 -7.450580596923828e-9
vn 0.9486833010307459 7.068241395285323e-9 -0.31622775707614137
vn 0.9045340337332909 0.30151134457776363 -0.30151134457776363
vn 0.9045340337332909 0.30151134457776363 -0.30151134457776363
vn 0.9486833010307459 7.068241395285323e-9 -0.31622775707614137
vn 0.8017837363809595 0.26726123552621245 -0.5345224710524249
vn 0.9486833010307459 7.068241395285323e-9 -0.31622775707614137
vn 0.8320502851678979 6.199257710336878e-9 -0.5547002099801474
vn 0.8017837363809595 0.26726123552621245 -0.5345224710524249
vn 0.8017837363809595 0.26726123552621245 -0.5345224710524249
vn 0.8320502851678979 6.199257710336878e-9 -0.5547002099801474
vn 0.688247200043142 0.2294157432818214 -0.688247200043142
vn 0.8320502851678979 6.199257710336878e-9 -0.5547002099801474
vn 0.7071067811865476 5.268356063861754e-9 -0.7071067811865476
vn 0.688247200043142 0.2294157432818214 -0.688247200043142
vn 0.7071067811865476 5.268356063861754e-9 0.7071067811865476
vn 0.7071067811865476 -5.268356063861754e-9 0.7071067811865476
vn 0.8320502851678979 6.199257710336878e-9 0.5547002099801474
vn 0.7071067811865476 -5.268356063861754e-9 0.7071067811865476
vn 0.8320502851678979 -6.199257710336878e-9 0.5547002099801474
vn 0.8320502851678979 6.199257710336878e-9 0.5547002099801474
vn 0.8320502851678979 6.199257710336878e-9 0.5547002099801474
vn 0.8320502851678979 -6.199257710336878e-9 0.5547002099801474
vn 0.9486833010307459 7.068241395285323e-9 0.31622775707614137
vn 0.8320502851678979 -6.199257710336878e-9 0.5547002099801474
vn 0.9486833010307459 -7.068241395285323e-9 0.31622775707614137
vn 0.9486833010307459 7.068241395285323e-9 0.31622775707614137
vn 0.9486833010307459 7.068241395285323e-9 0.31622775707614137
vn 0.9486833010307459 -7.068241395285323e-9 0.31622775707614137
vn 1 7.450580596923828e-9 7.450580596923828e-9
vn 0.9486833010307459 -7.068241395285323e-9 0.31622775707614137
vn 1 -7.450580596923828e-9 7.450580596923828e-9
vn 1 7.450580596923828e-9 7.450580596923828e-9
vn 1 7.450580596923828e-9 7.450580596923828e-9
vn 1 -7.450580596923828e-9 7.450580596923828e-9
vn 1 7.450580596923828e-9 -7.450580596923828e-9
vn 1 -7.450580596923828e-9 7.450580596923828e-9
vn 1 -7.450580596923828e-9 -7.450580596923828e-9
vn 1 7.450580596923828e-9 -7.450580596923828e-9
vn 1 7.450580596923828e-9 -7.450580596923828e-9
vn 1 -7.450580596923828e-9 -7.450580596923828e-9
vn 0.9486833010307459 7.068241395285323e-9 -0.31622775707614137
vn 1 -7.450580596923828e-9 -7.450580596923828e-9
vn 0.9486833010307459 -7.068241395285323e-9 -0.31622775707614137
vn 0.9486833010307459 7.068241395285323e-9 -0.31622775707614137
vn 0.9486833010307459 7.068241395285323e-9 -0.31622775707614137
vn 0.9486833010307459 -7.068241395285323e-9 -0.31622775707614137
vn 0.8320502851678979 6.199257710336878e-9 -0.5547002099801474
vn 0.9486833010307459 -7.068241395285323e-9 -0.31622775707614137
vn 0.8320502851678979 -6.199257710336878e-9 -0.5547002099801474
vn 0.8320502851678979 6.199257710336878e-9 -0.5547002099801474
vn 0.8320502851678979 6.199257710336878e-9 -0.5547002099801474
vn 0.8320502851678979 -6.199257710336878e-9 -0.5547002099801474
vn 0.7071067811865476 5.268356063861754e-9 -0.7071067811865476
vn 0.8320502851678979 -6.199257710336878e-9 -0.5547002099801474
vn 0.7071067811865476 -5.268356063861754e-9 -0.7071067811865476
vn 0.7071067811865476 5.268356063861754e-9 -0.7071067811865476
vn 0.7071067811865476 -5.268356063861754e-9 0.7071067811865476
vn 0.688247200043142 -0.2294157432818214 0.688247200043142
vn 0.8320502851678979 -6.199257710336878e-9 0.5547002099801474
vn 0.688247200043142 -0.2294157432818214 0.688247200043142
vn 0.8017837363809595 -0.26726123552621245 0.5345224710524249
vn 0.8320502851678979 -6.199257710336878e-9 0.5547002099801474
vn 0.8320502851678979 -6.199257710336878e-9 0.5547002099801474
vn 0.8017837363809595 -0.26726123552621245 0.5345224710524249
vn 0.9486833010307459 -7.068241395285323e-9 0.31622775707614137
vn 0.8017837363809595 -0.26726123552621245 0.5345224710524249
vn 0.9045340337332909 -0.30151134457776363 0.30151134457776363
vn 0.9486833010307459 -7.068241395285323e-9 0.31622775707614137
vn 0.9486833010307459 -7.068241395285323e-9 0.31622775707614137
vn 0.9045340337332909 -0.30151134457776363 0.30151134457776363
vn 1 -7.450580596923828e-9 7.450580596923828e-9
vn 0.9045340337332909 -0.30151134457776363 0.30151134457776363
vn 0.9486833010307459 -0.31622775707614137 7.068241395285323e-9
vn 1 -7.450580596923828e-9 7.450580596923828e-9
vn 1 -7.450580596923828e-9 7.450580596923828e-9
vn 0.9486833010307459 -0.31622775707614137 7.068241395285323e-9
vn 1 -7.450580596923828e-9 -7.450580596923828e-9
vn 0.9486833010307459 -0.31622775707614137 7.068241395285323e-9
vn 0.9486833010307459 -0.31622775707614137 -7.068241395285323e-9
vn 1 -7.450580596923828e-9 -7.450580596923828e-9
vn 1 -7.450580596923828e-9 -7.450580596923828e-9
vn 0.9486833010307459 -0.31622775707614137 -7.068241395285323e-9
vn 0.9486833010307459 -7.068241395285323e-9 -0.31622775707614137
vn 0.9486833010307459 -0.31622775707614137 -7.068241395285323e-9
vn 0.9045340337332909 -0.30151134457776363 -0.30151134457776363
vn 0.9486833010307459 -7.068241395285323e-9 -0.31622775707614137
vn 0.9486833010307459 -7.068241395285323e-9 -0.31622775707614137
vn 0.9045340337332909 -0.30151134457776363 -0.30151134457776363
vn 0.8320502851678979 -6.199257710336878e-9 -0.5547002099801474
vn 0.9045340337332909 -0.30151134457776363 -0.30151134457776363
vn 0.8017837363809595 -0.26726123552621245 -0.5345224710524249
vn 0.8320502851678979 -6.199257710336878e-9 -0.5547002099801474
vn 0.8320502851678979 -6.199257710336878e-9 -0.5547002099801474
vn 0.8017837363809595 -0.26726123552621245 -0.5345224710524249
vn 0.7071067811865476 -5.268356063861754e-9 -0.7071067811865476
vn 0.8017837363809595 -0.26726123552621245 -0.5345224710524249
vn 0.688247200043142 -0.2294157432818214 -0.688247200043142
vn 0.7071067811865476 -5.268356063861754e-9 -0.7071067811865476
vn 0.688247200043142 -0.2294157432818214 0.688247200043142
vn 0.639602143648227 -0.4264014489670335 0.639602143648227
vn 0.8017837363809595 -0.26726123552621245 0.5345224710524249
vn 0.639602143648227 -0.4264014489670335 0.639602143648227
vn 0.7276068680966881 -0.48507125533189915 0.48507125533189915
vn 0.8017837363809595 -0.26726123552621245 0.5345224710524249
vn 0.8017837363809595 -0.26726123552621245 0.5345224710524249
vn 0.7276068680966881 -0.48507125533189915 0.48507125533189915
vn 0.9045340337332909 -0.30151134457776363 0.30151134457776363
vn 0.7276068680966881 -0.48507125533189915 0.48507125533189915
vn 0.8017837363809595 -0.5345224710524249 0.26726123552621245
vn 0.9045340337332909 -0.30151134457776363 0.30151134457776363
vn 0.9045340337332909 -0.30151134457776363 0.30151134457776363
vn 0.8017837363809595 -0.5345224710524249 0.26726123552621245
vn 0.9486833010307459 -0.31622775707614137 7.068241395285323e-9
vn 0.8017837363809595 -0.5345224710524249 0.26726123552621245
vn 0.8320502851678979 -0.5547002099801474 6.199257710336878e-9
vn 0.9486833010307459 -0.31622775707614137 7.068241395285323e-9
vn 0.9486833010307459 -0.31622775707614137 7.068241395285323e-9
vn 0.8320502851678979 -0.5547002099801474 6.199257710336878e-9
vn 0.9486833010307459 -0.31622775707614137 -7.068241395285323e-9
vn 0.8320502851678979 -0.5547002099801474 6.199257710336878e-9
vn 0.8320502851678979 -0.5547002099801474 -6.199257710336878e-9
vn 0.9486833010307459 -0.31622775707614137 -7.068241395285323e-9
vn 0.9486833010307459 -0.31622775707614137 -7.068241395285323e-9
vn 0.8320502851678979 -0.5547002099801474 -6.199257710336878e-9
vn 0.9045340337332909 -0.30151134457776363 -0.30151134457776363
vn 0.8320502851678979 -0.5547002099801474 -6.199257710336878e-9
vn 0.8017837363809595 -0.5345224710524249 -0.26726123552621245
vn 0.9045340337332909 -0.30151134457776363 -0.30151134457776363
vn 0.9045340337332909 -0.30151134457776363 -0.30151134457776363
vn 0.8017837363809595 -0.5345224710524249 -0.26726123552621245
vn 0.8017837363809595 -0.26726123552621245 -0.5345224710524249
vn 0.8017837363809595 -0.5345224710524249 -0.26726123552621245
vn 0.7276068680966881 -0.48507125533189915 -0.48507125533189915
vn 0.8017837363809595 -0.26726123552621245 -0.5345224710524249
vn 0.8017837363809595 -0.26726123552621245 -0.5345224710524249
vn 0.7276068680966881 -0.48507125533189915 -0.48507125533189915
vn 0.688247200043142 -0.2294157432818214 -0.688247200043142
vn 0.7276068680966881 -0.48507125533189915 -0.48507125533189915
vn 0.639602143648227 -0.4264014489670335 -0.639602143648227
vn 0.688247200043142 -0.2294157432818214 -0.688247200043142
vn 0.639602143648227 -0.4264014489670335 0.639602143648227
vn 0.5773502691896257 -0.5773502691896257 0.5773502691896257
vn 0.7276068680966881 -0.48507125533189915 0.48507125533189915
vn 0.5773502691896257 -0.5773502691896257 0.5773502691896257
vn 0.639602143648227 -0.639602143648227 0.4264014489670335
vn 0.7276068680966881 -0.48507125533189915 0.48507125533189915
vn 0.7276068680966881 -0.48507125533189915 0.48507125533189915
vn 0.639602143648227 -0.639602143648227 0.4264014489670335
vn 0.8017837363809595 -0.5345224710524249 0.26726123552621245
vn 0.639602143648227 -0.639602143648227 0.4264014489670335
vn 0.688247200043142 -0.688247200043142 0.2294157432818214
vn 0.8017837363809595 -0.5345224710524249 0.26726123552621245
vn 0.8017837363809595 -0.5345224710524249 0.26726123552621245
vn 0.688247200043142 -0.688247200043142 0.2294157432818214
vn 0.8320502851678979 -0.5547002099801474 6.199257710336878e-9
vn 0.688247200043142 -0.688247200043142 0.2294157432818214
vn 0.7071067811865476 -0.7071067811865476 5.268356063861754e-9
vn 0.8320502851678979 -0.5547002099801474 6.199257710336878e-9
vn 0.8320502851678979 -0.5547002099801474 6.199257710336878e-9
vn 0.7071067811865476 -0.7071067811865476 5.268356063861754e-9
vn 0.8320502851678979 -0.5547002099801474 -6.199257710336878e-9
vn 0.7071067811865476 -0.7071067811865476 5.268356063861754e-9
vn 0.7071067811865476 -0.7071067811865476 -5.268356063861754e-9
vn 0.8320502851678979 -0.5547002099801474 -6.199257710336878e-9
vn 0.8320502851678979 -0.5547002099801474 -6.199257710336878e-9
vn 0.7071067811865476 -0.7071067811865476 -5.268356063861754e-9
vn 0.8017837363809595 -0.5345224710524249 -0.26726123552621245
vn 0.7071067811865476 -0.7071067811865476 -5.268356063861754e-9
vn 0.688247200043142 -0.688247200043142 -0.2294157432818214
vn 0.8017837363809595 -0.5345224710524249 -0.26726123552621245
vn 0.8017837363809595 -0.5345224710524249 -0.26726123552621245
vn 0.688247200043142 -0.688247200043142 -0.2294157432818214
vn 0.7276068680966881 -0.48507125533189915 -0.48507125533189915
vn 0.688247200043142 -0.688247200043142 -0.2294157432818214
vn 0.639602143648227 -0.639602143648227 -0.4264014489670335
vn 0.7276068680966881 -0.48507125533189915 -0.48507125533189915
vn 0.7276068680966881 -0.48507125533189915 -0.48507125533189915
vn 0.639602143648227 -0.639602143648227 -0.4264014489670335
vn 0.639602143648227 -0.4264014489670335 -0.639602143648227
vn 0.639602143648227 -0.639602143648227 -0.4264014489670335
vn 0.5773502691896257 -0.5773502691896257 -0.5773502691896257
vn 0.639602143648227 -0.4264014489670335 -0.639602143648227
vn -0.5773502691896257 0.5773502691896257 -0.5773502691896257
vn -0.639602143648227 0.4264014489670335 -0.639602143648227
vn -0.639602143648227 0.639602143648227 -0.4264014489670335
vn -0.639602143648227 0.4264014489670335 -0.639602143648227
vn -0.7276068680966881 0.48507125533189915 -0.48507125533189915
vn -0.639602143648227 0.639602143648227 -0.4264014489670335
vn -0.639602143648227 0.639602143648227 -0.4264014489670335
vn -0.7276068680966881 0.48507125533189915 -0.48507125533189915
vn -0.688247200043142 0.688247200043142 -0.2294157432818214
vn -0.7276068680966881 0.48507125533189915 -0.48507125533189915
vn -0.8017837363809595 0.5345224710524249 -0.26726123552621245
vn -0.688247200043142 0.688247200043142 -0.2294157432818214
vn -0.688247200043142 0.688247200043142 -0.2294157432818214
vn -0.8017837363809595 0.5345224710524249 -0.26726123552621245
vn -0.7071067811865476 0.7071067811865476 -5.268356063861754e-9
vn -0.8017837363809595 0.5345224710524249 -0.26726123552621245
vn -0.8320502851678979 0.5547002099801474 -6.199257710336878e-9
vn -0.7071067811865476 0.7071067811865476 -5.268356063861754e-9
vn -0.7071067811865476 0.7071067811865476 -5.268356063861754e-9
vn -0.8320502851678979 0.5547002099801474 -6.199257710336878e-9
vn -0.7071067811865476 0.7071067811865476 5.268356063861754e-9
vn -0.8320502851678979 0.5547002099801474 -6.199257710336878e-9
vn -0.8320502851678979 0.5547002099801474 6.199257710336878e-9
vn -0.7071067811865476 0.7071067811865476 5.268356063861754e-9
vn -0.7071067811865476 0.7071067811865476 5.268356063861754e-9
vn -0.8320502851678979 0.5547002099801474 6.199257710336878e-9
vn -0.688247200043142 0.688247200043142 0.2294157432818214
vn -0.8320502851678979 0.5547002099801474 6.199257710336878e-9
vn -0.8017837363809595 0.5345224710524249 0.26726123552621245
vn -0.688247200043142 0.688247200043142 0.2294157432818214
vn -0.688247200043142 0.688247200043142 0.2294157432818214
vn -0.8017837363809595 0.5345224710524249 0.26726123552621245
vn -0.639602143648227 0.639602143648227 0.4264014489670335
vn -0.8017837363809595 0.5345224710524249 0.26726123552621245
vn -0.7276068680966881 0.48507125533189915 0.48507125533189915
vn -0.639602143648227 0.639602143648227 0.4264014489670335
vn -0.639602143648227 0.639602143648227 0.4264014489670335
vn -0.7276068680966881 0.48507125533189915 0.48507125533189915
vn -0.5773502691896257 0.5773502691896257 0.5773502691896257
vn -0.7276068680966881 0.48507125533189915 0.48507125533189915
vn -0.639602143648227 0.4264014489670335 0.639602143648227
vn -0.5773502691896257 0.5773502691896257 0.5773502691896257
vn -0.639602143648227 0.4264014489670335 -0.639602143648227
vn -0.688247200043142 0.2294157432818214 -0.688247200043142
vn -0.7276068680966881 0.48507125533189915 -0.48507125533189915
vn -0.688247200043142 0.2294157432818214 -0.688247200043142
vn -0.8017837363809595 0.26726123552621245 -0.5345224710524249
vn -0.7276068680966881 0.48507125533189915 -0.48507125533189915
vn -0.7276068680966881 0.48507125533189915 -0.48507125533189915
vn -0.8017837363809595 0.26726123552621245 -0.5345224710524249
vn -0.8017837363809595 0.5345224710524249 -0.26726123552621245
vn -0.8017837363809595 0.26726123552621245 -0.5345224710524249
vn -0.9045340337332909 0.30151134457776363 -0.30151134457776363
vn -0.8017837363809595 0.5345224710524249 -0.26726123552621245
vn -0.8017837363809595 0.5345224710524249 -0.26726123552621245
vn -0.9045340337332909 0.30151134457776363 -0.30151134457776363
vn -0.8320502851678979 0.5547002099801474 -6.199257710336878e-9
vn -0.9045340337332909 0.30151134457776363 -0.30151134457776363
vn -0.9486833010307459 0.31622775707614137 -7.068241395285323e-9
vn -0.8320502851678979 0.5547002099801474 -6.199257710336878e-9
vn -0.8320502851678979 0.5547002099801474 -6.199257710336878e-9
vn -0.9486833010307459 0.31622775707614137 -7.068241395285323e-9
vn -0.8320502851678979 0.5547002099801474 6.199257710336878e-9
vn -0.9486833010307459 0.31622775707614137 -7.068241395285323e-9
vn -0.9486833010307459 0.31622775707614137 7.068241395285323e-9
vn -0.8320502851678979 0.5547002099801474 6.199257710336878e-9
vn -0.8320502851678979 0.5547002099801474 6.199257710336878e-9
vn -0.9486833010307459 0.31622775707614137 7.068241395285323e-9
vn -0.8017837363809595 0.5345224710524249 0.26726123552621245
vn -0.9486833010307459 0.31622775707614137 7.068241395285323e-9
vn -0.9045340337332909 0.30151134457776363 0.30151134457776363
vn -0.8017837363809595 0.5345224710524249 0.26726123552621245
vn -0.8017837363809595 0.5345224710524249 0.26726123552621245
vn -0.9045340337332909 0.30151134457776363 0.30151134457776363
vn -0.7276068680966881 0.48507125533189915 0.48507125533189915
vn -0.9045340337332909 0.30151134457776363 0.30151134457776363
vn -0.8017837363809595 0.26726123552621245 0.5345224710524249
vn -0.7276068680966881 0.48507125533189915 0.48507125533189915
vn -0.7276068680966881 0.48507125533189915 0.48507125533189915
vn -0.8017837363809595 0.26726123552621245 0.5345224710524249
vn -0.639602143648227 0.4264014489670335 0.639602143648227
vn -0.8017837363809595 0.26726123552621245 0.5345224710524249
vn -0.688247200043142 0.2294157432818214 0.688247200043142
vn -0.639602143648227 0.4264014489670335 0.639602143648227
vn -0.688247200043142 0.2294157432818214 -0.688247200043142
vn -0.7071067811865476 5.268356063861754e-9 -0.7071067811865476
vn -0.8017837363809595 0.26726123552621245 -0.5345224710524249
vn -0.7071067811865476 5.268356063861754e-9 -0.7071067811865476
vn -0.8320502851678979 6.199257710336878e-9 -0.5547002099801474
vn -0.8017837363809595 0.26726123552621245 -0.5345224710524249
vn -0.8017837363809595 0.26726123552621245 -0.5345224710524249
vn -0.8320502851678979 6.199257710336878e-9 -0.5547002099801474
vn -0.9045340337332909 0.30151134457776363 -0.30151134457776363
vn -0.8320502851678979 6.199257710336878e-9 -0.5547002099801474
vn -0.9486833010307459 7.068241395285323e-9 -0.31622775707614137
vn -0.9045340337332909 0.30151134457776363 -0.30151134457776363
vn -0.9045340337332909 0.30151134457776363 -0.30151134457776363
vn -0.9486833010307459 7.068241395285323e-9 -0.31622775707614137
vn -0.9486833010307459 0.31622775707614137 -7.068241395285323e-9
vn -0.9486833010307459 7.068241395285323e-9 -0.31622775707614137
vn -1 7.450580596923828e-9 -7.450580596923828e-9
vn -0.9486833010307459 0.31622775707614137 -7.068241395285323e-9
vn -0.9486833010307459 0.31622775707614137 -7.068241395285323e-9
vn -1 7.450580596923828e-9 -7.450580596923828e-9
vn -0.9486833010307459 0.31622775707614137 7.068241395285323e-9
vn -1 7.450580596923828e-9 -7.450580596923828e-9
vn -1 7.450580596923828e-9 7.450580596923828e-9
vn -0.9486833010307459 0.31622775707614137 7.068241395285323e-9
vn -0.9486833010307459 0.31622775707614137 7.068241395285323e-9
vn -1 7.450580596923828e-9 7.450580596923828e-9
vn -0.9045340337332909 0.30151134457776363 0.30151134457776363
vn -1 7.450580596923828e-9 7.450580596923828e-9
vn -0.9486833010307459 7.068241395285323e-9 0.31622775707614137
vn -0.9045340337332909 0.30151134457776363 0.30151134457776363
vn -0.9045340337332909 0.30151134457776363 0.30151134457776363
vn -0.9486833010307459 7.068241395285323e-9 0.31622775707614137
vn -0.8017837363809595 0.26726123552621245 0.5345224710524249
vn -0.9486833010307459 7.068241395285323e-9 0.31622775707614137
vn -0.8320502851678979 6.199257710336878e-9 0.5547002099801474
vn -0.8017837363809595 0.26726123552621245 0.5345224710524249
vn -0.8017837363809595 0.26726123552621245 0.5345224710524249
vn -0.8320502851678979 6.199257710336878e-9 0.5547002099801474
vn -0.688247200043142 0.2294157432818214 0.688247200043142
vn -0.8320502851678979 6.199257710336878e-9 0.5547002099801474
vn -0.7071067811865476 5.268356063861754e-9 0.7071067811865476
vn -0.688247200043142 0.2294157432818214 0.688247200043142
vn -0.7071067811865476 5.268356063861754e-9 -0.7071067811865476
vn -0.7071067811865476 -5.268356063861754e-9 -0.7071067811865476
vn -0.8320502851678979 6.199257710336878e-9 -0.5547002099801474
vn -0.7071067811865476 -5.268356063861754e-9 -0.7071067811865476
vn -0.8320502851678979 -6.199257710336878e-9 -0.5547002099801474
vn -0.8320502851678979 6.199257710336878e-9 -0.5547002099801474
vn -0.8320502851678979 6.199257710336878e-9 -0.5547002099801474
vn -0.8320502851678979 -6.199257710336878e-9 -0.5547002099801474
vn -0.9486833010307459 7.068241395285323e-9 -0.31622775707614137
vn -0.8320502851678979 -6.199257710336878e-9 -0.5547002099801474
vn -0.9486833010307459 -7.068241395285323e-9 -0.31622775707614137
vn -0.9486833010307459 7.068241395285323e-9 -0.31622775707614137
vn -0.9486833010307459 7.068241395285323e-9 -0.31622775707614137
vn -0.9486833010307459 -7.068241395285323e-9 -0.31622775707614137
vn -1 7.450580596923828e-9 -7.450580596923828e-9
vn -0.9486833010307459 -7.068241395285323e-9 -0.31622775707614137
vn -1 -7.450580596923828e-9 -7.450580596923828e-9
vn -1 7.450580596923828e-9 -7.450580596923828e-9
vn -1 7.450580596923828e-9 -7.450580596923828e-9
vn -1 -7.450580596923828e-9 -7.450580596923828e-9
vn -1 7.450580596923828e-9 7.450580596923828e-9
vn -1 -7.450580596923828e-9 -7.450580596923828e-9
vn -1 -7.450580596923828e-9 7.450580596923828e-9
vn -1 7.450580596923828e-9 7.450580596923828e-9
vn -1 7.450580596923828e-9 7.450580596923828e-9
vn -1 -7.450580596923828e-9 7.450580596923828e-9
vn -0.9486833010307459 7.068241395285323e-9 0.31622775707614137
vn -1 -7.450580596923828e-9 7.450580596923828e-9
vn -0.9486833010307459 -7.068241395285323e-9 0.31622775707614137
vn -0.9486833010307459 7.068241395285323e-9 0.31622775707614137
vn -0.9486833010307459 7.068241395285323e-9 0.31622775707614137
vn -0.9486833010307459 -7.068241395285323e-9 0.31622775707614137
vn -0.8320502851678979 6.199257710336878e-9 0.5547002099801474
vn -0.9486833010307459 -7.068241395285323e-9 0.31622775707614137
vn -0.8320502851678979 -6.199257710336878e-9 0.5547002099801474
vn -0.8320502851678979 6.199257710336878e-9 0.5547002099801474
vn -0.8320502851678979 6.199257710336878e-9 0.5547002099801474
vn -0.8320502851678979 -6.199257710336878e-9 0.5547002099801474
vn -0.7071067811865476 5.268356063861754e-9 0.7071067811865476
vn -0.8320502851678979 -6.199257710336878e-9 0.5547002099801474
vn -0.7071067811865476 -5.268356063861754e-9 0.7071067811865476
vn -0.7071067811865476 5.268356063861754e-9 0.7071067811865476
vn -0.7071067811865476 -5.268356063861754e-9 -0.7071067811865476
vn -0.688247200043142 -0.2294157432818214 -0.688247200043142
vn -0.8320502851678979 -6.199257710336878e-9 -0.5547002099801474
vn -0.688247200043142 -0.2294157432818214 -0.688247200043142
vn -0.8017837363809595 -0.26726123552621245 -0.5345224710524249
vn -0.8320502851678979 -6.199257710336878e-9 -0.5547002099801474
vn -0.8320502851678979 -6.199257710336878e-9 -0.5547002099801474
vn -0.8017837363809595 -0.26726123552621245 -0.5345224710524249
vn -0.9486833010307459 -7.068241395285323e-9 -0.31622775707614137
vn -0.8017837363809595 -0.26726123552621245 -0.5345224710524249
vn -0.9045340337332909 -0.30151134457776363 -0.30151134457776363
vn -0.9486833010307459 -7.068241395285323e-9 -0.31622775707614137
vn -0.9486833010307459 -7.068241395285323e-9 -0.31622775707614137
vn -0.9045340337332909 -0.30151134457776363 -0.30151134457776363
vn -1 -7.450580596923828e-9 -7.450580596923828e-9
vn -0.9045340337332909 -0.30151134457776363 -0.30151134457776363
vn -0.9486833010307459 -0.31622775707614137 -7.068241395285323e-9
vn -1 -7.450580596923828e-9 -7.450580596923828e-9
vn -1 -7.450580596923828e-9 -7.450580596923828e-9
vn -0.9486833010307459 -0.31622775707614137 -7.068241395285323e-9
vn -1 -7.450580596923828e-9 7.450580596923828e-9
vn -0.9486833010307459 -0.31622775707614137 -7.068241395285323e-9
vn -0.9486833010307459 -0.31622775707614137 7.068241395285323e-9
vn -1 -7.450580596923828e-9 7.450580596923828e-9
vn -1 -7.450580596923828e-9 7.450580596923828e-9
vn -0.9486833010307459 -0.31622775707614137 7.068241395285323e-9
vn -0.9486833010307459 -7.068241395285323e-9 0.31622775707614137
vn -0.9486833010307459 -0.31622775707614137 7.068241395285323e-9
vn -0.9045340337332909 -0.30151134457776363 0.30151134457776363
vn -0.9486833010307459 -7.068241395285323e-9 0.31622775707614137
vn -0.9486833010307459 -7.068241395285323e-9 0.31622775707614137
vn -0.9045340337332909 -0.30151134457776363 0.30151134457776363
vn -0.8320502851678979 -6.199257710336878e-9 0.5547002099801474
vn -0.9045340337332909 -0.30151134457776363 0.30151134457776363
vn -0.8017837363809595 -0.26726123552621245 0.5345224710524249
vn -0.8320502851678979 -6.199257710336878e-9 0.5547002099801474
vn -0.8320502851678979 -6.199257710336878e-9 0.5547002099801474
vn -0.8017837363809595 -0.26726123552621245 0.5345224710524249
vn -0.7071067811865476 -5.268356063861754e-9 0.7071067811865476
vn -0.8017837363809595 -0.26726123552621245 0.5345224710524249
vn -0.688247200043142 -0.2294157432818214 0.688247200043142
vn -0.7071067811865476 -5.268356063861754e-9 0.7071067811865476
vn -0.688247200043142 -0.2294157432818214 -0.688247200043142
vn -0.639602143648227 -0.4264014489670335 -0.639602143648227
vn -0.8017837363809595 -0.26726123552621245 -0.5345224710524249
vn -0.639602143648227 -0.4264014489670335 -0.639602143648227
vn -0.7276068680966881 -0.48507125533189915 -0.48507125533189915
vn -0.8017837363809595 -0.26726123552621245 -0.5345224710524249
vn -0.8017837363809595 -0.26726123552621245 -0.5345224710524249
vn -0.7276068680966881 -0.48507125533189915 -0.48507125533189915
vn -0.9045340337332909 -0.30151134457776363 -0.30151134457776363
vn -0.7276068680966881 -0.48507125533189915 -0.48507125533189915
vn -0.8017837363809595 -0.5345224710524249 -0.26726123552621245
vn -0.9045340337332909 -0.30151134457776363 -0.30151134457776363
vn -0.9045340337332909 -0.30151134457776363 -0.30151134457776363
vn -0.8017837363809595 -0.5345224710524249 -0.26726123552621245
vn -0.9486833010307459 -0.31622775707614137 -7.068241395285323e-9
vn -0.8017837363809595 -0.5345224710524249 -0.26726123552621245
vn -0.8320502851678979 -0.5547002099801474 -6.199257710336878e-9
vn -0.9486833010307459 -0.31622775707614137 -7.068241395285323e-9
vn -0.9486833010307459 -0.31622775707614137 -7.068241395285323e-9
vn -0.8320502851678979 -0.5547002099801474 -6.199257710336878e-9
vn -0.9486833010307459 -0.31622775707614137 7.068241395285323e-9
vn -0.8320502851678979 -0.5547002099801474 -6.199257710336878e-9
vn -0.8320502851678979 -0.5547002099801474 6.199257710336878e-9
vn -0.9486833010307459 -0.31622775707614137 7.068241395285323e-9
vn -0.9486833010307459 -0.31622775707614137 7.068241395285323e-9
vn -0.8320502851678979 -0.5547002099801474 6.199257710336878e-9
vn -0.9045340337332909 -0.30151134457776363 0.30151134457776363
vn -0.8320502851678979 -0.5547002099801474 6.199257710336878e-9
vn -0.8017837363809595 -0.5345224710524249 0.26726123552621245
vn -0.9045340337332909 -0.30151134457776363 0.30151134457776363
vn -0.9045340337332909 -0.30151134457776363 0.30151134457776363
vn -0.8017837363809595 -0.5345224710524249 0.26726123552621245
vn -0.8017837363809595 -0.26726123552621245 0.5345224710524249
vn -0.8017837363809595 -0.5345224710524249 0.26726123552621245
vn -0.7276068680966881 -0.48507125533189915 0.48507125533189915
vn -0.8017837363809595 -0.26726123552621245 0.5345224710524249
vn -0.8017837363809595 -0.26726123552621245 0.5345224710524249
vn -0.7276068680966881 -0.48507125533189915 0.48507125533189915
vn -0.688247200043142 -0.2294157432818214 0.688247200043142
vn -0.7276068680966881 -0.48507125533189915 0.48507125533189915
vn -0.639602143648227 -0.4264014489670335 0.639602143648227
vn -0.688247200043142 -0.2294157432818214 0.688247200043142
vn -0.639602143648227 -0.4264014489670335 -0.639602143648227
vn -0.5773502691896257 -0.5773502691896257 -0.5773502691896257
vn -0.7276068680966881 -0.48507125533189915 -0.48507125533189915
vn -0.5773502691896257 -0.5773502691896257 -0.5773502691896257
vn -0.639602143648227 -0.639602143648227 -0.4264014489670335
vn -0.7276068680966881 -0.48507125533189915 -0.48507125533189915
vn -0.7276068680966881 -0.48507125533189915 -0.48507125533189915
vn -0.639602143648227 -0.639602143648227 -0.4264014489670335
vn -0.8017837363809595 -0.5345224710524249 -0.26726123552621245
vn -0.639602143648227 -0.639602143648227 -0.4264014489670335
vn -0.688247200043142 -0.688247200043142 -0.2294157432818214
vn -0.8017837363809595 -0.5345224710524249 -0.26726123552621245
vn -0.8017837363809595 -0.5345224710524249 -0.26726123552621245
vn -0.688247200043142 -0.688247200043142 -0.2294157432818214
vn -0.8320502851678979 -0.5547002099801474 -6.199257710336878e-9
vn -0.688247200043142 -0.688247200043142 -0.2294157432818214
vn -0.7071067811865476 -0.7071067811865476 -5.268356063861754e-9
vn -0.8320502851678979 -0.5547002099801474 -6.199257710336878e-9
vn -0.8320502851678979 -0.5547002099801474 -6.199257710336878e-9
vn -0.7071067811865476 -0.7071067811865476 -5.268356063861754e-9
vn -0.8320502851678979 -0.5547002099801474 6.199257710336878e-9
vn -0.7071067811865476 -0.7071067811865476 -5.268356063861754e-9
vn -0.7071067811865476 -0.7071067811865476 5.268356063861754e-9
vn -0.8320502851678979 -0.5547002099801474 6.199257710336878e-9
vn -0.8320502851678979 -0.5547002099801474 6.199257710336878e-9
vn -0.7071067811865476 -0.7071067811865476 5.268356063861754e-9
vn -0.8017837363809595 -0.5345224710524249 0.26726123552621245
vn -0.7071067811865476 -0.7071067811865476 5.268356063861754e-9
vn -0.688247200043142 -0.688247200043142 0.2294157432818214
vn -0.8017837363809595 -0.5345224710524249 0.26726123552621245
vn -0.8017837363809595 -0.5345224710524249 0.26726123552621245
vn -0.688247200043142 -0.688247200043142 0.2294157432818214
vn -0.7276068680966881 -0.48507125533189915 0.48507125533189915
vn -0.688247200043142 -0.688247200043142 0.2294157432818214
vn -0.639602143648227 -0.639602143648227 0.4264014489670335
vn -0.7276068680966881 -0.48507125533189915 0.48507125533189915
vn -0.7276068680966881 -0.48507125533189915 0.48507125533189915
vn -0.639602143648227 -0.639602143648227 0.4264014489670335
vn -0.639602143648227 -0.4264014489670335 0.639602143648227
vn -0.639602143648227 -0.639602143648227 0.4264014489670335
vn -0.5773502691896257 -0.5773502691896257 0.5773502691896257
vn -0.639602143648227 -0.4264014489670335 0.639602143648227
vn -0.5773502691896257 0.5773502691896257 -0.5773502691896257
vn -0.639602143648227 0.639602143648227 -0.4264014489670335
vn -0.4264014489670335 0.639602143648227 -0.639602143648227
vn -0.639602143648227 0.639602143648227 -0.4264014489670335
vn -0.48507125533189915 0.7276068680966881 -0.48507125533189915
vn -0.4264014489670335 0.639602143648227 -0.639602143648227
vn -0.4264014489670335 0.639602143648227 -0.639602143648227
vn -0.48507125533189915 0.7276068680966881 -0.48507125533189915
vn -0.2294157432818214 0.688247200043142 -0.688247200043142
vn -0.48507125533189915 0.7276068680966881 -0.48507125533189915
vn -0.26726123552621245 0.8017837363809595 -0.5345224710524249
vn -0.2294157432818214 0.688247200043142 -0.688247200043142
vn -0.2294157432818214 0.688247200043142 -0.688247200043142
vn -0.26726123552621245 0.8017837363809595 -0.5345224710524249
vn -5.268356063861754e-9 0.7071067811865476 -0.7071067811865476
vn -0.26726123552621245 0.8017837363809595 -0.5345224710524249
vn -6.199257710336878e-9 0.8320502851678979 -0.5547002099801474
vn -5.268356063861754e-9 0.7071067811865476 -0.7071067811865476
vn -5.268356063861754e-9 0.7071067811865476 -0.7071067811865476
vn -6.199257710336878e-9 0.8320502851678979 -0.5547002099801474
vn 5.268356063861754e-9 0.7071067811865476 -0.7071067811865476
vn -6.199257710336878e-9 0.8320502851678979 -0.5547002099801474
vn 6.199257710336878e-9 0.8320502851678979 -0.5547002099801474
vn 5.268356063861754e-9 0.7071067811865476 -0.7071067811865476
vn 5.268356063861754e-9 0.7071067811865476 -0.7071067811865476
vn 6.199257710336878e-9 0.8320502851678979 -0.5547002099801474
vn 0.2294157432818214 0.688247200043142 -0.688247200043142
vn 6.199257710336878e-9 0.8320502851678979 -0.5547002099801474
vn 0.26726123552621245 0.8017837363809595 -0.5345224710524249
vn 0.2294157432818214 0.688247200043142 -0.688247200043142
vn 0.2294157432818214 0.688247200043142 -0.688247200043142
vn 0.26726123552621245 0.8017837363809595 -0.5345224710524249
vn 0.4264014489670335 0.639602143648227 -0.639602143648227
vn 0.26726123552621245 0.8017837363809595 -0.5345224710524249
vn 0.48507125533189915 0.7276068680966881 -0.48507125533189915
vn 0.4264014489670335 0.639602143648227 -0.639602143648227
vn 0.4264014489670335 0.639602143648227 -0.639602143648227
vn 0.48507125533189915 0.7276068680966881 -0.48507125533189915
vn 0.5773502691896257 0.5773502691896257 -0.5773502691896257
vn 0.48507125533189915 0.7276068680966881 -0.48507125533189915
vn 0.639602143648227 0.639602143648227 -0.4264014489670335
vn 0.5773502691896257 0.5773502691896257 -0.5773502691896257
vn -0.639602143648227 0.639602143648227 -0.4264014489670335
vn -0.688247200043142 0.688247200043142 -0.2294157432818214
vn -0.48507125533189915 0.7276068680966881 -0.48507125533189915
vn -0.688247200043142 0.688247200043142 -0.2294157432818214
vn -0.5345224710524249 0.8017837363809595 -0.26726123552621245
vn -0.48507125533189915 0.7276068680966881 -0.48507125533189915
vn -0.48507125533189915 0.7276068680966881 -0.48507125533189915
vn -0.5345224710524249 0.8017837363809595 -0.26726123552621245
vn -0.26726123552621245 0.8017837363809595 -0.5345224710524249
vn -0.5345224710524249 0.8017837363809595 -0.26726123552621245
vn -0.30151134457776363 0.9045340337332909 -0.30151134457776363
vn -0.26726123552621245 0.8017837363809595 -0.5345224710524249
vn -0.26726123552621245 0.8017837363809595 -0.5345224710524249
vn -0.30151134457776363 0.9045340337332909 -0.30151134457776363
vn -6.199257710336878e-9 0.8320502851678979 -0.5547002099801474
vn -0.30151134457776363 0.9045340337332909 -0.30151134457776363
vn -7.068241395285323e-9 0.9486833010307459 -0.31622775707614137
vn -6.199257710336878e-9 0.8320502851678979 -0.5547002099801474
vn -6.199257710336878e-9 0.8320502851678979 -0.5547002099801474
vn -7.068241395285323e-9 0.9486833010307459 -0.31622775707614137
vn 6.199257710336878e-9 0.8320502851678979 -0.5547002099801474
vn -7.068241395285323e-9 0.9486833010307459 -0.31622775707614137
vn 7.068241395285323e-9 0.9486833010307459 -0.31622775707614137
vn 6.199257710336878e-9 0.8320502851678979 -0.5547002099801474
vn 6.199257710336878e-9 0.8320502851678979 -0.5547002099801474
vn 7.068241395285323e-9 0.9486833010307459 -0.31622775707614137
vn 0.26726123552621245 0.8017837363809595 -0.5345224710524249
vn 7.068241395285323e-9 0.9486833010307459 -0.31622775707614137
vn 0.30151134457776363 0.9045340337332909 -0.30151134457776363
vn 0.26726123552621245 0.8017837363809595 -0.5345224710524249
vn 0.26726123552621245 0.8017837363809595 -0.5345224710524249
vn 0.30151134457776363 0.9045340337332909 -0.30151134457776363
vn 0.48507125533189915 0.7276068680966881 -0.48507125533189915
vn 0.30151134457776363 0.9045340337332909 -0.30151134457776363
vn 0.5345224710524249 0.8017837363809595 -0.26726123552621245
vn 0.48507125533189915 0.7276068680966881 -0.48507125533189915
vn 0.48507125533189915 0.7276068680966881 -0.48507125533189915
vn 0.5345224710524249 0.8017837363809595 -0.26726123552621245
vn 0.639602143648227 0.639602143648227 -0.4264014489670335
vn 0.5345224710524249 0.8017837363809595 -0.26726123552621245
vn 0.688247200043142 0.688247200043142 -0.2294157432818214
vn 0.639602143648227 0.639602143648227 -0.4264014489670335
vn -0.688247200043142 0.688247200043142 -0.2294157432818214
vn -0.7071067811865476 0.7071067811865476 -5.268356063861754e-9
vn -0.5345224710524249 0.8017837363809595 -0.26726123552621245
vn -0.7071067811865476 0.7071067811865476 -5.268356063861754e-9
vn -0.5547002099801474 0.8320502851678979 -6.199257710336878e-9
vn -0.5345224710524249 0.8017837363809595 -0.26726123552621245
vn -0.5345224710524249 0.8017837363809595 -0.26726123552621245
vn -0.5547002099801474 0.8320502851678979 -6.199257710336878e-9
vn -0.30151134457776363 0.9045340337332909 -0.30151134457776363
vn -0.5547002099801474 0.8320502851678979 -6.199257710336878e-9
vn -0.31622775707614137 0.9486833010307459 -7.068241395285323e-9
vn -0.30151134457776363 0.9045340337332909 -0.30151134457776363
vn -0.30151134457776363 0.9045340337332909 -0.30151134457776363
vn -0.31622775707614137 0.9486833010307459 -7.068241395285323e-9
vn -7.068241395285323e-9 0.9486833010307459 -0.31622775707614137
vn -0.31622775707614137 0.9486833010307459 -7.068241395285323e-9
vn -7.450580596923828e-9 1 -7.450580596923828e-9
vn -7.068241395285323e-9 0.9486833010307459 -0.31622775707614137
vn -7.068241395285323e-9 0.9486833010307459 -0.31622775707614137
vn -7.450580596923828e-9 1 -7.450580596923828e-9
vn 7.068241395285323e-9 0.9486833010307459 -0.31622775707614137
vn -7.450580596923828e-9 1 -7.450580596923828e-9
vn 7.450580596923828e-9 1 -7.450580596923828e-9
vn 7.068241395285323e-9 0.9486833010307459 -0.31622775707614137
vn 7.068241395285323e-9 0.9486833010307459 -0.31622775707614137
vn 7.450580596923828e-9 1 -7.450580596923828e-9
vn 0.30151134457776363 0.9045340337332909 -0.30151134457776363
vn 7.450580596923828e-9 1 -7.450580596923828e-9
vn 0.31622775707614137 0.9486833010307459 -7.068241395285323e-9
vn 0.30151134457776363 0.9045340337332909 -0.30151134457776363
vn 0.30151134457776363 0.9045340337332909 -0.30151134457776363
vn 0.31622775707614137 0.9486833010307459 -7.068241395285323e-9
vn 0.5345224710524249 0.8017837363809595 -0.26726123552621245
vn 0.31622775707614137 0.9486833010307459 -7.068241395285323e-9
vn 0.5547002099801474 0.8320502851678979 -6.199257710336878e-9
vn 0.5345224710524249 0.8017837363809595 -0.26726123552621245
vn 0.5345224710524249 0.8017837363809595 -0.26726123552621245
vn 0.5547002099801474 0.8320502851678979 -6.199257710336878e-9
vn 0.688247200043142 0.688247200043142 -0.2294157432818214
vn 0.5547002099801474 0.8320502851678979 -6.199257710336878e-9
vn 0.7071067811865476 0.7071067811865476 -5.268356063861754e-9
vn 0.688247200043142 0.688247200043142 -0.2294157432818214
vn -0.7071067811865476 0.7071067811865476 -5.268356063861754e-9
vn -0.7071067811865476 0.7071067811865476 5.268356063861754e-9
vn -0.5547002099801474 0.8320502851678979 -6.199257710336878e-9
vn -0.7071067811865476 0.7071067811865476 5.268356063861754e-9
vn -0.5547002099801474 0.8320502851678979 6.199257710336878e-9
vn -0.5547002099801474 0.8320502851678979 -6.199257710336878e-9
vn -0.5547002099801474 0.8320502851678979 -6.199257710336878e-9
vn -0.5547002099801474 0.8320502851678979 6.199257710336878e-9
vn -0.31622775707614137 0.9486833010307459 -7.068241395285323e-9
vn -0.5547002099801474 0.8320502851678979 6.199257710336878e-9
vn -0.31622775707614137 0.9486833010307459 7.068241395285323e-9
vn -0.31622775707614137 0.9486833010307459 -7.068241395285323e-9
vn -0.31622775707614137 0.9486833010307459 -7.068241395285323e-9
vn -0.31622775707614137 0.9486833010307459 7.068241395285323e-9
vn -7.450580596923828e-9 1 -7.450580596923828e-9
vn -0.31622775707614137 0.9486833010307459 7.068241395285323e-9
vn -7.450580596923828e-9 1 7.450580596923828e-9
vn -7.450580596923828e-9 1 -7.450580596923828e-9
vn -7.450580596923828e-9 1 -7.450580596923828e-9
vn -7.450580596923828e-9 1 7.450580596923828e-9
vn 7.450580596923828e-9 1 -7.450580596923828e-9
vn -7.450580596923828e-9 1 7.450580596923828e-9
vn 7.450580596923828e-9 1 7.450580596923828e-9
vn 7.450580596923828e-9 1 -7.450580596923828e-9
vn 7.450580596923828e-9 1 -7.450580596923828e-9
vn 7.450580596923828e-9 1 7.450580596923828e-9
vn 0.31622775707614137 0.9486833010307459 -7.068241395285323e-9
vn 7.450580596923828e-9 1 7.450580596923828e-9
vn 0.31622775707614137 0.9486833010307459 7.068241395285323e-9
vn 0.31622775707614137 0.9486833010307459 -7.068241395285323e-9
vn 0.31622775707614137 0.9486833010307459 -7.068241395285323e-9
vn 0.31622775707614137 0.9486833010307459 7.068241395285323e-9
vn 0.5547002099801474 0.8320502851678979 -6.199257710336878e-9
vn 0.31622775707614137 0.9486833010307459 7.068241395285323e-9
vn 0.5547002099801474 0.8320502851678979 6.199257710336878e-9
vn 0.5547002099801474 0.8320502851678979 -6.199257710336878e-9
vn 0.5547002099801474 0.8320502851678979 -6.199257710336878e-9
vn 0.5547002099801474 0.8320502851678979 6.199257710336878e-9
vn 0.7071067811865476 0.7071067811865476 -5.268356063861754e-9
vn 0.5547002099801474 0.8320502851678979 6.199257710336878e-9
vn 0.7071067811865476 0.7071067811865476 5.268356063861754e-9
vn 0.7071067811865476 0.7071067811865476 -5.268356063861754e-9
vn -0.7071067811865476 0.7071067811865476 5.268356063861754e-9
vn -0.688247200043142 0.688247200043142 0.2294157432818214
vn -0.5547002099801474 0.8320502851678979 6.199257710336878e-9
vn -0.688247200043142 0.688247200043142 0.2294157432818214
vn -0.5345224710524249 0.8017837363809595 0.26726123552621245
vn -0.5547002099801474 0.8320502851678979 6.199257710336878e-9
vn -0.5547002099801474 0.8320502851678979 6.199257710336878e-9
vn -0.5345224710524249 0.8017837363809595 0.26726123552621245
vn -0.31622775707614137 0.9486833010307459 7.068241395285323e-9
vn -0.5345224710524249 0.8017837363809595 0.26726123552621245
vn -0.30151134457776363 0.9045340337332909 0.30151134457776363
vn -0.31622775707614137 0.9486833010307459 7.068241395285323e-9
vn -0.31622775707614137 0.9486833010307459 7.068241395285323e-9
vn -0.30151134457776363 0.9045340337332909 0.30151134457776363
vn -7.450580596923828e-9 1 7.450580596923828e-9
vn -0.30151134457776363 0.9045340337332909 0.30151134457776363
vn -7.068241395285323e-9 0.9486833010307459 0.31622775707614137
vn -7.450580596923828e-9 1 7.450580596923828e-9
vn -7.450580596923828e-9 1 7.450580596923828e-9
vn -7.068241395285323e-9 0.9486833010307459 0.31622775707614137
vn 7.450580596923828e-9 1 7.450580596923828e-9
vn -7.068241395285323e-9 0.9486833010307459 0.31622775707614137
vn 7.068241395285323e-9 0.9486833010307459 0.31622775707614137
vn 7.450580596923828e-9 1 7.450580596923828e-9
vn 7.450580596923828e-9 1 7.450580596923828e-9
vn 7.068241395285323e-9 0.9486833010307459 0.31622775707614137
vn 0.31622775707614137 0.9486833010307459 7.068241395285323e-9
vn 7.068241395285323e-9 0.9486833010307459 0.31622775707614137
vn 0.30151134457776363 0.9045340337332909 0.30151134457776363
vn 0.31622775707614137 0.9486833010307459 7.068241395285323e-9
vn 0.31622775707614137 0.9486833010307459 7.068241395285323e-9
vn 0.30151134457776363 0.9045340337332909 0.30151134457776363
vn 0.5547002099801474 0.8320502851678979 6.199257710336878e-9
vn 0.30151134457776363 0.9045340337332909 0.30151134457776363
vn 0.5345224710524249 0.8017837363809595 0.26726123552621245
vn 0.5547002099801474 0.8320502851678979 6.199257710336878e-9
vn 0.5547002099801474 0.8320502851678979 6.199257710336878e-9
vn 0.5345224710524249 0.8017837363809595 0.26726123552621245
vn 0.7071067811865476 0.7071067811865476 5.268356063861754e-9
vn 0.5345224710524249 0.8017837363809595 0.26726123552621245
vn 0.688247200043142 0.688247200043142 0.2294157432818214
vn 0.7071067811865476 0.7071067811865476 5.268356063861754e-9
vn -0.688247200043142 0.688247200043142 0.2294157432818214
vn -0.639602143648227 0.639602143648227 0.4264014489670335
vn -0.5345224710524249 0.8017837363809595 0.26726123552621245
vn -0.639602143648227 0.639602143648227 0.4264014489670335
vn -0.48507125533189915 0.7276068680966881 0.48507125533189915
vn -0.5345224710524249 0.8017837363809595 0.26726123552621245
vn -0.5345224710524249 0.8017837363809595 0.26726123552621245
vn -0.48507125533189915 0.7276068680966881 0.48507125533189915
vn -0.30151134457776363 0.9045340337332909 0.30151134457776363
vn -0.48507125533189915 0.7276068680966881 0.48507125533189915
vn -0.26726123552621245 0.8017837363809595 0.5345224710524249
vn -0.30151134457776363 0.9045340337332909 0.30151134457776363
vn -0.30151134457776363 0.9045340337332909 0.30151134457776363
vn -0.26726123552621245 0.8017837363809595 0.5345224710524249
vn -7.068241395285323e-9 0.9486833010307459 0.31622775707614137
vn -0.26726123552621245 0.8017837363809595 0.5345224710524249
vn -6.199257710336878e-9 0.8320502851678979 0.5547002099801474
vn -7.068241395285323e-9 0.9486833010307459 0.31622775707614137
vn -7.068241395285323e-9 0.9486833010307459 0.31622775707614137
vn -6.199257710336878e-9 0.8320502851678979 0.5547002099801474
vn 7.068241395285323e-9 0.9486833010307459 0.31622775707614137
vn -6.199257710336878e-9 0.8320502851678979 0.5547002099801474
vn 6.199257710336878e-9 0.8320502851678979 0.5547002099801474
vn 7.068241395285323e-9 0.9486833010307459 0.31622775707614137
vn 7.068241395285323e-9 0.9486833010307459 0.31622775707614137
vn 6.199257710336878e-9 0.8320502851678979 0.5547002099801474
vn 0.30151134457776363 0.9045340337332909 0.30151134457776363
vn 6.199257710336878e-9 0.8320502851678979 0.5547002099801474
vn 0.26726123552621245 0.8017837363809595 0.5345224710524249
vn 0.30151134457776363 0.9045340337332909 0.30151134457776363
vn 0.30151134457776363 0.9045340337332909 0.30151134457776363
vn 0.26726123552621245 0.8017837363809595 0.5345224710524249
vn 0.5345224710524249 0.8017837363809595 0.26726123552621245
vn 0.26726123552621245 0.8017837363809595 0.5345224710524249
vn 0.48507125533189915 0.7276068680966881 0.48507125533189915
vn 0.5345224710524249 0.8017837363809595 0.26726123552621245
vn 0.5345224710524249 0.8017837363809595 0.26726123552621245
vn 0.48507125533189915 0.7276068680966881 0.48507125533189915
vn 0.688247200043142 0.688247200043142 0.2294157432818214
vn 0.48507125533189915 0.7276068680966881 0.48507125533189915
vn 0.639602143648227 0.639602143648227 0.4264014489670335
vn 0.688247200043142 0.688247200043142 0.2294157432818214
vn -0.639602143648227 0.639602143648227 0.4264014489670335
vn -0.5773502691896257 0.5773502691896257 0.5773502691896257
vn -0.48507125533189915 0.7276068680966881 0.48507125533189915
vn -0.5773502691896257 0.5773502691896257 0.5773502691896257
vn -0.4264014489670335 0.639602143648227 0.639602143648227
vn -0.48507125533189915 0.7276068680966881 0.48507125533189915
vn -0.48507125533189915 0.7276068680966881 0.48507125533189915
vn -0.4264014489670335 0.639602143648227 0.639602143648227
vn -0.26726123552621245 0.8017837363809595 0.5345224710524249
vn -0.4264014489670335 0.639602143648227 0.639602143648227
vn -0.2294157432818214 0.688247200043142 0.688247200043142
vn -0.26726123552621245 0.8017837363809595 0.5345224710524249
vn -0.26726123552621245 0.8017837363809595 0.5345224710524249
vn -0.2294157432818214 0.688247200043142 0.688247200043142
vn -6.199257710336878e-9 0.8320502851678979 0.5547002099801474
vn -0.2294157432818214 0.688247200043142 0.688247200043142
vn -5.268356063861754e-9 0.7071067811865476 0.7071067811865476
vn -6.199257710336878e-9 0.8320502851678979 0.5547002099801474
vn -6.199257710336878e-9 0.8320502851678979 0.5547002099801474
vn -5.268356063861754e-9 0.7071067811865476 0.7071067811865476
vn 6.199257710336878e-9 0.8320502851678979 0.5547002099801474
vn -5.268356063861754e-9 0.7071067811865476 0.7071067811865476
vn 5.268356063861754e-9 0.7071067811865476 0.7071067811865476
vn 6.199257710336878e-9 0.8320502851678979 0.5547002099801474
vn 6.199257710336878e-9 0.8320502851678979 0.5547002099801474
vn 5.268356063861754e-9 0.7071067811865476 0.7071067811865476
vn 0.26726123552621245 0.8017837363809595 0.5345224710524249
vn 5.268356063861754e-9 0.7071067811865476 0.7071067811865476
vn 0.2294157432818214 0.688247200043142 0.688247200043142
vn 0.26726123552621245 0.8017837363809595 0.5345224710524249
vn 0.26726123552621245 0.8017837363809595 0.5345224710524249
vn 0.2294157432818214 0.688247200043142 0.688247200043142
vn 0.48507125533189915 0.7276068680966881 0.48507125533189915
vn 0.2294157432818214 0.688247200043142 0.688247200043142
vn 0.4264014489670335 0.639602143648227 0.639602143648227
vn 0.48507125533189915 0.7276068680966881 0.48507125533189915
vn 0.48507125533189915 0.7276068680966881 0.48507125533189915
vn 0.4264014489670335 0.639602143648227 0.639602143648227
vn 0.639602143648227 0.639602143648227 0.4264014489670335
vn 0.4264014489670335 0.639602143648227 0.639602143648227
vn 0.5773502691896257 0.5773502691896257 0.5773502691896257
vn 0.639602143648227 0.639602143648227 0.4264014489670335
vn -0.5773502691896257 -0.5773502691896257 0.5773502691896257
vn -0.639602143648227 -0.639602143648227 0.4264014489670335
vn -0.4264014489670335 -0.639602143648227 0.639602143648227
vn -0.639602143648227 -0.639602143648227 0.4264014489670335
vn -0.48507125533189915 -0.7276068680966881 0.48507125533189915
vn -0.4264014489670335 -0.639602143648227 0.639602143648227
vn -0.4264014489670335 -0.639602143648227 0.639602143648227
vn -0.48507125533189915 -0.7276068680966881 0.48507125533189915
vn -0.2294157432818214 -0.688247200043142 0.688247200043142
vn -0.48507125533189915 -0.7276068680966881 0.48507125533189915
vn -0.26726123552621245 -0.8017837363809595 0.5345224710524249
vn -0.2294157432818214 -0.688247200043142 0.688247200043142
vn -0.2294157432818214 -0.688247200043142 0.688247200043142
vn -0.26726123552621245 -0.8017837363809595 0.5345224710524249
vn -5.268356063861754e-9 -0.7071067811865476 0.7071067811865476
vn -0.26726123552621245 -0.8017837363809595 0.5345224710524249
vn -6.199257710336878e-9 -0.8320502851678979 0.5547002099801474
vn -5.268356063861754e-9 -0.7071067811865476 0.7071067811865476
vn -5.268356063861754e-9 -0.7071067811865476 0.7071067811865476
vn -6.199257710336878e-9 -0.8320502851678979 0.5547002099801474
vn 5.268356063861754e-9 -0.7071067811865476 0.7071067811865476
vn -6.199257710336878e-9 -0.8320502851678979 0.5547002099801474
vn 6.199257710336878e-9 -0.8320502851678979 0.5547002099801474
vn 5.268356063861754e-9 -0.7071067811865476 0.7071067811865476
vn 5.268356063861754e-9 -0.7071067811865476 0.7071067811865476
vn 6.199257710336878e-9 -0.8320502851678979 0.5547002099801474
vn 0.2294157432818214 -0.688247200043142 0.688247200043142
vn 6.199257710336878e-9 -0.8320502851678979 0.5547002099801474
vn 0.26726123552621245 -0.8017837363809595 0.5345224710524249
vn 0.2294157432818214 -0.688247200043142 0.688247200043142
vn 0.2294157432818214 -0.688247200043142 0.688247200043142
vn 0.26726123552621245 -0.8017837363809595 0.5345224710524249
vn 0.4264014489670335 -0.639602143648227 0.639602143648227
vn 0.26726123552621245 -0.8017837363809595 0.5345224710524249
vn 0.48507125533189915 -0.7276068680966881 0.48507125533189915
vn 0.4264014489670335 -0.639602143648227 0.639602143648227
vn 0.4264014489670335 -0.639602143648227 0.639602143648227
vn 0.48507125533189915 -0.7276068680966881 0.48507125533189915
vn 0.5773502691896257 -0.5773502691896257 0.5773502691896257
vn 0.48507125533189915 -0.7276068680966881 0.48507125533189915
vn 0.639602143648227 -0.639602143648227 0.4264014489670335
vn 0.5773502691896257 -0.5773502691896257 0.5773502691896257
vn -0.639602143648227 -0.639602143648227 0.4264014489670335
vn -0.688247200043142 -0.688247200043142 0.2294157432818214
vn -0.48507125533189915 -0.7276068680966881 0.48507125533189915
vn -0.688247200043142 -0.688247200043142 0.2294157432818214
vn -0.5345224710524249 -0.8017837363809595 0.26726123552621245
vn -0.48507125533189915 -0.7276068680966881 0.48507125533189915
vn -0.48507125533189915 -0.7276068680966881 0.48507125533189915
vn -0.5345224710524249 -0.8017837363809595 0.26726123552621245
vn -0.26726123552621245 -0.8017837363809595 0.5345224710524249
vn -0.5345224710524249 -0.8017837363809595 0.26726123552621245
vn -0.30151134457776363 -0.9045340337332909 0.30151134457776363
vn -0.26726123552621245 -0.8017837363809595 0.5345224710524249
vn -0.26726123552621245 -0.8017837363809595 0.5345224710524249
vn -0.30151134457776363 -0.9045340337332909 0.30151134457776363
vn -6.199257710336878e-9 -0.8320502851678979 0.5547002099801474
vn -0.30151134457776363 -0.9045340337332909 0.30151134457776363
vn -7.068241395285323e-9 -0.9486833010307459 0.31622775707614137
vn -6.199257710336878e-9 -0.8320502851678979 0.5547002099801474
vn -6.199257710336878e-9 -0.8320502851678979 0.5547002099801474
vn -7.068241395285323e-9 -0.9486833010307459 0.31622775707614137
vn 6.199257710336878e-9 -0.8320502851678979 0.5547002099801474
vn -7.068241395285323e-9 -0.9486833010307459 0.31622775707614137
vn 7.068241395285323e-9 -0.9486833010307459 0.31622775707614137
vn 6.199257710336878e-9 -0.8320502851678979 0.5547002099801474
vn 6.199257710336878e-9 -0.8320502851678979 0.5547002099801474
vn 7.068241395285323e-9 -0.9486833010307459 0.31622775707614137
vn 0.26726123552621245 -0.8017837363809595 0.5345224710524249
vn 7.068241395285323e-9 -0.9486833010307459 0.31622775707614137
vn 0.30151134457776363 -0.9045340337332909 0.30151134457776363
vn 0.26726123552621245 -0.8017837363809595 0.5345224710524249
vn 0.26726123552621245 -0.8017837363809595 0.5345224710524249
vn 0.30151134457776363 -0.9045340337332909 0.30151134457776363
vn 0.48507125533189915 -0.7276068680966881 0.48507125533189915
vn 0.30151134457776363 -0.9045340337332909 0.30151134457776363
vn 0.5345224710524249 -0.8017837363809595 0.26726123552621245
vn 0.48507125533189915 -0.7276068680966881 0.48507125533189915
vn 0.48507125533189915 -0.7276068680966881 0.48507125533189915
vn 0.5345224710524249 -0.8017837363809595 0.26726123552621245
vn 0.639602143648227 -0.639602143648227 0.4264014489670335
vn 0.5345224710524249 -0.8017837363809595 0.26726123552621245
vn 0.688247200043142 -0.688247200043142 0.2294157432818214
vn 0.639602143648227 -0.639602143648227 0.4264014489670335
vn -0.688247200043142 -0.688247200043142 0.2294157432818214
vn -0.7071067811865476 -0.7071067811865476 5.268356063861754e-9
vn -0.5345224710524249 -0.8017837363809595 0.26726123552621245
vn -0.7071067811865476 -0.7071067811865476 5.268356063861754e-9
vn -0.5547002099801474 -0.8320502851678979 6.199257710336878e-9
vn -0.5345224710524249 -0.8017837363809595 0.26726123552621245
vn -0.5345224710524249 -0.8017837363809595 0.26726123552621245
vn -0.5547002099801474 -0.8320502851678979 6.199257710336878e-9
vn -0.30151134457776363 -0.9045340337332909 0.30151134457776363
vn -0.5547002099801474 -0.8320502851678979 6.199257710336878e-9
vn -0.31622775707614137 -0.9486833010307459 7.068241395285323e-9
vn -0.30151134457776363 -0.9045340337332909 0.30151134457776363
vn -0.30151134457776363 -0.9045340337332909 0.30151134457776363
vn -0.31622775707614137 -0.9486833010307459 7.068241395285323e-9
vn -7.068241395285323e-9 -0.9486833010307459 0.31622775707614137
vn -0.31622775707614137 -0.9486833010307459 7.068241395285323e-9
vn -7.450580596923828e-9 -1 7.450580596923828e-9
vn -7.068241395285323e-9 -0.9486833010307459 0.31622775707614137
vn -7.068241395285323e-9 -0.9486833010307459 0.31622775707614137
vn -7.450580596923828e-9 -1 7.450580596923828e-9
vn 7.068241395285323e-9 -0.9486833010307459 0.31622775707614137
vn -7.450580596923828e-9 -1 7.450580596923828e-9
vn 7.450580596923828e-9 -1 7.450580596923828e-9
vn 7.068241395285323e-9 -0.9486833010307459 0.31622775707614137
vn 7.068241395285323e-9 -0.9486833010307459 0.31622775707614137
vn 7.450580596923828e-9 -1 7.450580596923828e-9
vn 0.30151134457776363 -0.9045340337332909 0.30151134457776363
vn 7.450580596923828e-9 -1 7.450580596923828e-9
vn 0.31622775707614137 -0.9486833010307459 7.068241395285323e-9
vn 0.30151134457776363 -0.9045340337332909 0.30151134457776363
vn 0.30151134457776363 -0.9045340337332909 0.30151134457776363
vn 0.31622775707614137 -0.9486833010307459 7.068241395285323e-9
vn 0.5345224710524249 -0.8017837363809595 0.26726123552621245
vn 0.31622775707614137 -0.9486833010307459 7.068241395285323e-9
vn 0.5547002099801474 -0.8320502851678979 6.199257710336878e-9
vn 0.5345224710524249 -0.8017837363809595 0.26726123552621245
vn 0.5345224710524249 -0.8017837363809595 0.26726123552621245
vn 0.5547002099801474 -0.8320502851678979 6.199257710336878e-9
vn 0.688247200043142 -0.688247200043142 0.2294157432818214
vn 0.5547002099801474 -0.8320502851678979 6.199257710336878e-9
vn 0.7071067811865476 -0.7071067811865476 5.268356063861754e-9
vn 0.688247200043142 -0.688247200043142 0.2294157432818214
vn -0.7071067811865476 -0.7071067811865476 5.268356063861754e-9
vn -0.7071067811865476 -0.7071067811865476 -5.268356063861754e-9
vn -0.5547002099801474 -0.8320502851678979 6.199257710336878e-9
vn -0.7071067811865476 -0.7071067811865476 -5.268356063861754e-9
vn -0.5547002099801474 -0.8320502851678979 -6.199257710336878e-9
vn -0.5547002099801474 -0.8320502851678979 6.199257710336878e-9
vn -0.5547002099801474 -0.8320502851678979 6.199257710336878e-9
vn -0.5547002099801474 -0.8320502851678979 -6.199257710336878e-9
vn -0.31622775707614137 -0.9486833010307459 7.068241395285323e-9
vn -0.5547002099801474 -0.8320502851678979 -6.199257710336878e-9
vn -0.31622775707614137 -0.9486833010307459 -7.068241395285323e-9
vn -0.31622775707614137 -0.9486833010307459 7.068241395285323e-9
vn -0.31622775707614137 -0.9486833010307459 7.068241395285323e-9
vn -0.31622775707614137 -0.9486833010307459 -7.068241395285323e-9
vn -7.450580596923828e-9 -1 7.450580596923828e-9
vn -0.31622775707614137 -0.9486833010307459 -7.068241395285323e-9
vn -7.450580596923828e-9 -1 -7.450580596923828e-9
vn -7.450580596923828e-9 -1 7.450580596923828e-9
vn -7.450580596923828e-9 -1 7.450580596923828e-9
vn -7.450580596923828e-9 -1 -7.450580596923828e-9
vn 7.450580596923828e-9 -1 7.450580596923828e-9
vn -7.450580596923828e-9 -1 -7.450580596923828e-9
vn 7.450580596923828e-9 -1 -7.450580596923828e-9
vn 7.450580596923828e-9 -1 7.450580596923828e-9
vn 7.450580596923828e-9 -1 7.450580596923828e-9
vn 7.450580596923828e-9 -1 -7.450580596923828e-9
vn 0.31622775707614137 -0.9486833010307459 7.068241395285323e-9
vn 7.450580596923828e-9 -1 -7.450580596923828e-9
vn 0.31622775707614137 -0.9486833010307459 -7.068241395285323e-9
vn 0.31622775707614137 -0.9486833010307459 7.068241395285323e-9
vn 0.31622775707614137 -0.9486833010307459 7.068241395285323e-9
vn 0.31622775707614137 -0.9486833010307459 -7.068241395285323e-9
vn 0.5547002099801474 -0.8320502851678979 6.199257710336878e-9
vn 0.31622775707614137 -0.9486833010307459 -7.068241395285323e-9
vn 0.5547002099801474 -0.8320502851678979 -6.199257710336878e-9
vn 0.5547002099801474 -0.8320502851678979 6.199257710336878e-9
vn 0.5547002099801474 -0.8320502851678979 6.199257710336878e-9
vn 0.5547002099801474 -0.8320502851678979 -6.199257710336878e-9
vn 0.7071067811865476 -0.7071067811865476 5.268356063861754e-9
vn 0.5547002099801474 -0.8320502851678979 -6.199257710336878e-9
vn 0.7071067811865476 -0.7071067811865476 -5.268356063861754e-9
vn 0.7071067811865476 -0.7071067811865476 5.268356063861754e-9
vn -0.7071067811865476 -0.7071067811865476 -5.268356063861754e-9
vn -0.688247200043142 -0.688247200043142 -0.2294157432818214
vn -0.5547002099801474 -0.8320502851678979 -6.199257710336878e-9
vn -0.688247200043142 -0.688247200043142 -0.2294157432818214
vn -0.5345224710524249 -0.8017837363809595 -0.26726123552621245
vn -0.5547002099801474 -0.8320502851678979 -6.199257710336878e-9
vn -0.5547002099801474 -0.8320502851678979 -6.199257710336878e-9
vn -0.5345224710524249 -0.8017837363809595 -0.26726123552621245
vn -0.31622775707614137 -0.9486833010307459 -7.068241395285323e-9
vn -0.5345224710524249 -0.8017837363809595 -0.26726123552621245
vn -0.30151134457776363 -0.9045340337332909 -0.30151134457776363
vn -0.31622775707614137 -0.9486833010307459 -7.068241395285323e-9
vn -0.31622775707614137 -0.9486833010307459 -7.068241395285323e-9
vn -0.30151134457776363 -0.9045340337332909 -0.30151134457776363
vn -7.450580596923828e-9 -1 -7.450580596923828e-9
vn -0.30151134457776363 -0.9045340337332909 -0.30151134457776363
vn -7.068241395285323e-9 -0.9486833010307459 -0.31622775707614137
vn -7.450580596923828e-9 -1 -7.450580596923828e-9
vn -7.450580596923828e-9 -1 -7.450580596923828e-9
vn -7.068241395285323e-9 -0.9486833010307459 -0.31622775707614137
vn 7.450580596923828e-9 -1 -7.450580596923828e-9
vn -7.068241395285323e-9 -0.9486833010307459 -0.31622775707614137
vn 7.068241395285323e-9 -0.9486833010307459 -0.31622775707614137
vn 7.450580596923828e-9 -1 -7.450580596923828e-9
vn 7.450580596923828e-9 -1 -7.450580596923828e-9
vn 7.068241395285323e-9 -0.9486833010307459 -0.31622775707614137
vn 0.31622775707614137 -0.9486833010307459 -7.068241395285323e-9
vn 7.068241395285323e-9 -0.9486833010307459 -0.31622775707614137
vn 0.30151134457776363 -0.9045340337332909 -0.30151134457776363
vn 0.31622775707614137 -0.9486833010307459 -7.068241395285323e-9
vn 0.31622775707614137 -0.9486833010307459 -7.068241395285323e-9
vn 0.30151134457776363 -0.9045340337332909 -0.30151134457776363
vn 0.5547002099801474 -0.8320502851678979 -6.199257710336878e-9
vn 0.30151134457776363 -0.9045340337332909 -0.30151134457776363
vn 0.5345224710524249 -0.8017837363809595 -0.26726123552621245
vn 0.5547002099801474 -0.8320502851678979 -6.199257710336878e-9
vn 0.5547002099801474 -0.8320502851678979 -6.199257710336878e-9
vn 0.5345224710524249 -0.8017837363809595 -0.26726123552621245
vn 0.7071067811865476 -0.7071067811865476 -5.268356063861754e-9
vn 0.5345224710524249 -0.8017837363809595 -0.26726123552621245
vn 0.688247200043142 -0.688247200043142 -0.2294157432818214
vn 0.7071067811865476 -0.7071067811865476 -5.268356063861754e-9
vn -0.688247200043142 -0.688247200043142 -0.2294157432818214
vn -0.639602143648227 -0.639602143648227 -0.4264014489670335
vn -0.5345224710524249 -0.8017837363809595 -0.26726123552621245
vn -0.639602143648227 -0.639602143648227 -0.4264014489670335
vn -0.48507125533189915 -0.7276068680966881 -0.48507125533189915
vn -0.5345224710524249 -0.8017837363809595 -0.26726123552621245
vn -0.5345224710524249 -0.8017837363809595 -0.26726123552621245
vn -0.48507125533189915 -0.7276068680966881 -0.48507125533189915
vn -0.30151134457776363 -0.9045340337332909 -0.30151134457776363
vn -0.48507125533189915 -0.7276068680966881 -0.48507125533189915
vn -0.26726123552621245 -0.8017837363809595 -0.5345224710524249
vn -0.30151134457776363 -0.9045340337332909 -0.30151134457776363
vn -0.30151134457776363 -0.9045340337332909 -0.30151134457776363
vn -0.26726123552621245 -0.8017837363809595 -0.5345224710524249
vn -7.068241395285323e-9 -0.9486833010307459 -0.31622775707614137
vn -0.26726123552621245 -0.8017837363809595 -0.5345224710524249
vn -6.199257710336878e-9 -0.8320502851678979 -0.5547002099801474
vn -7.068241395285323e-9 -0.9486833010307459 -0.31622775707614137
vn -7.068241395285323e-9 -0.9486833010307459 -0.31622775707614137
vn -6.199257710336878e-9 -0.8320502851678979 -0.5547002099801474
vn 7.068241395285323e-9 -0.9486833010307459 -0.31622775707614137
vn -6.199257710336878e-9 -0.8320502851678979 -0.5547002099801474
vn 6.199257710336878e-9 -0.8320502851678979 -0.5547002099801474
vn 7.068241395285323e-9 -0.9486833010307459 -0.31622775707614137
vn 7.068241395285323e-9 -0.9486833010307459 -0.31622775707614137
vn 6.199257710336878e-9 -0.8320502851678979 -0.5547002099801474
vn 0.30151134457776363 -0.9045340337332909 -0.30151134457776363
vn 6.199257710336878e-9 -0.8320502851678979 -0.5547002099801474
vn 0.26726123552621245 -0.8017837363809595 -0.5345224710524249
vn 0.30151134457776363 -0.9045340337332909 -0.30151134457776363
vn 0.30151134457776363 -0.9045340337332909 -0.30151134457776363
vn 0.26726123552621245 -0.8017837363809595 -0.5345224710524249
vn 0.5345224710524249 -0.8017837363809595 -0.26726123552621245
vn 0.26726123552621245 -0.8017837363809595 -0.5345224710524249
vn 0.48507125533189915 -0.7276068680966881 -0.48507125533189915
vn 0.5345224710524249 -0.8017837363809595 -0.26726123552621245
vn 0.5345224710524249 -0.8017837363809595 -0.26726123552621245
vn 0.48507125533189915 -0.7276068680966881 -0.48507125533189915
vn 0.688247200043142 -0.688247200043142 -0.2294157432818214
vn 0.48507125533189915 -0.7276068680966881 -0.48507125533189915
vn 0.639602143648227 -0.639602143648227 -0.4264014489670335
vn 0.688247200043142 -0.688247200043142 -0.2294157432818214
vn -0.639602143648227 -0.639602143648227 -0.4264014489670335
vn -0.5773502691896257 -0.5773502691896257 -0.5773502691896257
vn -0.48507125533189915 -0.7276068680966881 -0.48507125533189915
vn -0.5773502691896257 -0.5773502691896257 -0.5773502691896257
vn -0.4264014489670335 -0.639602143648227 -0.639602143648227
vn -0.48507125533189915 -0.7276068680966881 -0.48507125533189915
vn -0.48507125533189915 -0.7276068680966881 -0.48507125533189915
vn -0.4264014489670335 -0.639602143648227 -0.639602143648227
vn -0.26726123552621245 -0.8017837363809595 -0.5345224710524249
vn -0.4264014489670335 -0.639602143648227 -0.639602143648227
vn -0.2294157432818214 -0.688247200043142 -0.688247200043142
vn -0.26726123552621245 -0.8017837363809595 -0.5345224710524249
vn -0.26726123552621245 -0.8017837363809595 -0.5345224710524249
vn -0.2294157432818214 -0.688247200043142 -0.688247200043142
vn -6.199257710336878e-9 -0.8320502851678979 -0.5547002099801474
vn -0.2294157432818214 -0.688247200043142 -0.688247200043142
vn -5.268356063861754e-9 -0.7071067811865476 -0.7071067811865476
vn -6.199257710336878e-9 -0.8320502851678979 -0.5547002099801474
vn -6.199257710336878e-9 -0.8320502851678979 -0.5547002099801474
vn -5.268356063861754e-9 -0.7071067811865476 -0.7071067811865476
vn 6.199257710336878e-9 -0.8320502851678979 -0.5547002099801474
vn -5.268356063861754e-9 -0.7071067811865476 -0.7071067811865476
vn 5.268356063861754e-9 -0.7071067811865476 -0.7071067811865476
vn 6.199257710336878e-9 -0.8320502851678979 -0.5547002099801474
vn 6.199257710336878e-9 -0.8320502851678979 -0.5547002099801474
vn 5.268356063861754e-9 -0.7071067811865476 -0.7071067811865476
vn 0.26726123552621245 -0.8017837363809595 -0.5345224710524249
vn 5.268356063861754e-9 -0.7071067811865476 -0.7071067811865476
vn 0.2294157432818214 -0.688247200043142 -0.688247200043142
vn 0.26726123552621245 -0.8017837363809595 -0.5345224710524249
vn 0.26726123552621245 -0.8017837363809595 -0.5345224710524249
vn 0.2294157432818214 -0.688247200043142 -0.688247200043142
vn 0.48507125533189915 -0.7276068680966881 -0.48507125533189915
vn 0.2294157432818214 -0.688247200043142 -0.688247200043142
vn 0.4264014489670335 -0.639602143648227 -0.639602143648227
vn 0.48507125533189915 -0.7276068680966881 -0.48507125533189915
vn 0.48507125533189915 -0.7276068680966881 -0.48507125533189915
vn 0.4264014489670335 -0.639602143648227 -0.639602143648227
vn 0.639602143648227 -0.639602143648227 -0.4264014489670335
vn 0.4264014489670335 -0.639602143648227 -0.639602143648227
vn 0.5773502691896257 -0.5773502691896257 -0.5773502691896257
vn 0.639602143648227 -0.639602143648227 -0.4264014489670335
vn -0.5773502691896257 0.5773502691896257 0.5773502691896257
vn -0.639602143648227 0.4264014489670335 0.639602143648227
vn -0.4264014489670335 0.639602143648227 0.639602143648227
vn -0.639602143648227 0.4264014489670335 0.639602143648227
vn -0.48507125533189915 0.48507125533189915 0.7276068680966881
vn -0.4264014489670335 0.639602143648227 0.639602143648227
vn -0.4264014489670335 0.639602143648227 0.639602143648227
vn -0.48507125533189915 0.48507125533189915 0.7276068680966881
vn -0.2294157432818214 0.688247200043142 0.688247200043142
vn -0.48507125533189915 0.48507125533189915 0.7276068680966881
vn -0.26726123552621245 0.5345224710524249 0.8017837363809595
vn -0.2294157432818214 0.688247200043142 0.688247200043142
vn -0.2294157432818214 0.688247200043142 0.688247200043142
vn -0.26726123552621245 0.5345224710524249 0.8017837363809595
vn -5.268356063861754e-9 0.7071067811865476 0.7071067811865476
vn -0.26726123552621245 0.5345224710524249 0.8017837363809595
vn -6.199257710336878e-9 0.5547002099801474 0.8320502851678979
vn -5.268356063861754e-9 0.7071067811865476 0.7071067811865476
vn -5.268356063861754e-9 0.7071067811865476 0.7071067811865476
vn -6.199257710336878e-9 0.5547002099801474 0.8320502851678979
vn 5.268356063861754e-9 0.7071067811865476 0.7071067811865476
vn -6.199257710336878e-9 0.5547002099801474 0.8320502851678979
vn 6.199257710336878e-9 0.5547002099801474 0.8320502851678979
vn 5.268356063861754e-9 0.7071067811865476 0.7071067811865476
vn 5.268356063861754e-9 0.7071067811865476 0.7071067811865476
vn 6.199257710336878e-9 0.5547002099801474 0.8320502851678979
vn 0.2294157432818214 0.688247200043142 0.688247200043142
vn 6.199257710336878e-9 0.5547002099801474 0.8320502851678979
vn 0.26726123552621245 0.5345224710524249 0.8017837363809595
vn 0.2294157432818214 0.688247200043142 0.688247200043142
vn 0.2294157432818214 0.688247200043142 0.688247200043142
vn 0.26726123552621245 0.5345224710524249 0.8017837363809595
vn 0.4264014489670335 0.639602143648227 0.639602143648227
vn 0.26726123552621245 0.5345224710524249 0.8017837363809595
vn 0.48507125533189915 0.48507125533189915 0.7276068680966881
vn 0.4264014489670335 0.639602143648227 0.639602143648227
vn 0.4264014489670335 0.639602143648227 0.639602143648227
vn 0.48507125533189915 0.48507125533189915 0.7276068680966881
vn 0.5773502691896257 0.5773502691896257 0.5773502691896257
vn 0.48507125533189915 0.48507125533189915 0.7276068680966881
vn 0.639602143648227 0.4264014489670335 0.639602143648227
vn 0.5773502691896257 0.5773502691896257 0.5773502691896257
vn -0.639602143648227 0.4264014489670335 0.639602143648227
vn -0.688247200043142 0.2294157432818214 0.688247200043142
vn -0.48507125533189915 0.48507125533189915 0.7276068680966881
vn -0.688247200043142 0.2294157432818214 0.688247200043142
vn -0.5345224710524249 0.26726123552621245 0.8017837363809595
vn -0.48507125533189915 0.48507125533189915 0.7276068680966881
vn -0.48507125533189915 0.48507125533189915 0.7276068680966881
vn -0.5345224710524249 0.26726123552621245 0.8017837363809595
vn -0.26726123552621245 0.5345224710524249 0.8017837363809595
vn -0.5345224710524249 0.26726123552621245 0.8017837363809595
vn -0.30151134457776363 0.30151134457776363 0.9045340337332909
vn -0.26726123552621245 0.5345224710524249 0.8017837363809595
vn -0.26726123552621245 0.5345224710524249 0.8017837363809595
vn -0.30151134457776363 0.30151134457776363 0.9045340337332909
vn -6.199257710336878e-9 0.5547002099801474 0.8320502851678979
vn -0.30151134457776363 0.30151134457776363 0.9045340337332909
vn -7.068241395285323e-9 0.31622775707614137 0.9486833010307459
vn -6.199257710336878e-9 0.5547002099801474 0.8320502851678979
vn -6.199257710336878e-9 0.5547002099801474 0.8320502851678979
vn -7.068241395285323e-9 0.31622775707614137 0.9486833010307459
vn 6.199257710336878e-9 0.5547002099801474 0.8320502851678979
vn -7.068241395285323e-9 0.31622775707614137 0.9486833010307459
vn 7.068241395285323e-9 0.31622775707614137 0.9486833010307459
vn 6.199257710336878e-9 0.5547002099801474 0.8320502851678979
vn 6.199257710336878e-9 0.5547002099801474 0.8320502851678979
vn 7.068241395285323e-9 0.31622775707614137 0.9486833010307459
vn 0.26726123552621245 0.5345224710524249 0.8017837363809595
vn 7.068241395285323e-9 0.31622775707614137 0.9486833010307459
vn 0.30151134457776363 0.30151134457776363 0.9045340337332909
vn 0.26726123552621245 0.5345224710524249 0.8017837363809595
vn 0.26726123552621245 0.5345224710524249 0.8017837363809595
vn 0.30151134457776363 0.30151134457776363 0.9045340337332909
vn 0.48507125533189915 0.48507125533189915 0.7276068680966881
vn 0.30151134457776363 0.30151134457776363 0.9045340337332909
vn 0.5345224710524249 0.26726123552621245 0.8017837363809595
vn 0.48507125533189915 0.48507125533189915 0.7276068680966881
vn 0.48507125533189915 0.48507125533189915 0.7276068680966881
vn 0.5345224710524249 0.26726123552621245 0.8017837363809595
vn 0.639602143648227 0.4264014489670335 0.639602143648227
vn 0.5345224710524249 0.26726123552621245 0.8017837363809595
vn 0.688247200043142 0.2294157432818214 0.688247200043142
vn 0.639602143648227 0.4264014489670335 0.639602143648227
vn -0.688247200043142 0.2294157432818214 0.688247200043142
vn -0.7071067811865476 5.268356063861754e-9 0.7071067811865476
vn -0.5345224710524249 0.26726123552621245 0.8017837363809595
vn -0.7071067811865476 5.268356063861754e-9 0.7071067811865476
vn -0.5547002099801474 6.199257710336878e-9 0.8320502851678979
vn -0.5345224710524249 0.26726123552621245 0.8017837363809595
vn -0.5345224710524249 0.26726123552621245 0.8017837363809595
vn -0.5547002099801474 6.199257710336878e-9 0.8320502851678979
vn -0.30151134457776363 0.30151134457776363 0.9045340337332909
vn -0.5547002099801474 6.199257710336878e-9 0.8320502851678979
vn -0.31622775707614137 7.068241395285323e-9 0.9486833010307459
vn -0.30151134457776363 0.30151134457776363 0.9045340337332909
vn -0.30151134457776363 0.30151134457776363 0.9045340337332909
vn -0.31622775707614137 7.068241395285323e-9 0.9486833010307459
vn -7.068241395285323e-9 0.31622775707614137 0.9486833010307459
vn -0.31622775707614137 7.068241395285323e-9 0.9486833010307459
vn -7.450580596923828e-9 7.450580596923828e-9 1
vn -7.068241395285323e-9 0.31622775707614137 0.9486833010307459
vn -7.068241395285323e-9 0.31622775707614137 0.9486833010307459
vn -7.450580596923828e-9 7.450580596923828e-9 1
vn 7.068241395285323e-9 0.31622775707614137 0.9486833010307459
vn -7.450580596923828e-9 7.450580596923828e-9 1
vn 7.450580596923828e-9 7.450580596923828e-9 1
vn 7.068241395285323e-9 0.31622775707614137 0.9486833010307459
vn 7.068241395285323e-9 0.31622775707614137 0.9486833010307459
vn 7.450580596923828e-9 7.450580596923828e-9 1
vn 0.30151134457776363 0.30151134457776363 0.9045340337332909
vn 7.450580596923828e-9 7.450580596923828e-9 1
vn 0.31622775707614137 7.068241395285323e-9 0.9486833010307459
vn 0.30151134457776363 0.30151134457776363 0.9045340337332909
vn 0.30151134457776363 0.30151134457776363 0.9045340337332909
vn 0.31622775707614137 7.068241395285323e-9 0.9486833010307459
vn 0.5345224710524249 0.26726123552621245 0.8017837363809595
vn 0.31622775707614137 7.068241395285323e-9 0.9486833010307459
vn 0.5547002099801474 6.199257710336878e-9 0.8320502851678979
vn 0.5345224710524249 0.26726123552621245 0.8017837363809595
vn 0.5345224710524249 0.26726123552621245 0.8017837363809595
vn 0.5547002099801474 6.199257710336878e-9 0.8320502851678979
vn 0.688247200043142 0.2294157432818214 0.688247200043142
vn 0.5547002099801474 6.199257710336878e-9 0.8320502851678979
vn 0.7071067811865476 5.268356063861754e-9 0.7071067811865476
vn 0.688247200043142 0.2294157432818214 0.688247200043142
vn -0.7071067811865476 5.268356063861754e-9 0.7071067811865476
vn -0.7071067811865476 -5.268356063861754e-9 0.7071067811865476
vn -0.5547002099801474 6.199257710336878e-9 0.8320502851678979
vn -0.7071067811865476 -5.268356063861754e-9 0.7071067811865476
vn -0.5547002099801474 -6.199257710336878e-9 0.8320502851678979
vn -0.5547002099801474 6.199257710336878e-9 0.8320502851678979
vn -0.5547002099801474 6.199257710336878e-9 0.8320502851678979
vn -0.5547002099801474 -6.199257710336878e-9 0.8320502851678979
vn -0.31622775707614137 7.068241395285323e-9 0.9486833010307459
vn -0.5547002099801474 -6.199257710336878e-9 0.8320502851678979
vn -0.31622775707614137 -7.068241395285323e-9 0.9486833010307459
vn -0.31622775707614137 7.068241395285323e-9 0.9486833010307459
vn -0.31622775707614137 7.068241395285323e-9 0.9486833010307459
vn -0.31622775707614137 -7.068241395285323e-9 0.9486833010307459
vn -7.450580596923828e-9 7.450580596923828e-9 1
vn -0.31622775707614137 -7.068241395285323e-9 0.9486833010307459
vn -7.450580596923828e-9 -7.450580596923828e-9 1
vn -7.450580596923828e-9 7.450580596923828e-9 1
vn -7.450580596923828e-9 7.450580596923828e-9 1
vn -7.450580596923828e-9 -7.450580596923828e-9 1
vn 7.450580596923828e-9 7.450580596923828e-9 1
vn -7.450580596923828e-9 -7.450580596923828e-9 1
vn 7.450580596923828e-9 -7.450580596923828e-9 1
vn 7.450580596923828e-9 7.450580596923828e-9 1
vn 7.450580596923828e-9 7.450580596923828e-9 1
vn 7.450580596923828e-9 -7.450580596923828e-9 1
vn 0.31622775707614137 7.068241395285323e-9 0.9486833010307459
vn 7.450580596923828e-9 -7.450580596923828e-9 1
vn 0.31622775707614137 -7.068241395285323e-9 0.9486833010307459
vn 0.31622775707614137 7.068241395285323e-9 0.9486833010307459
vn 0.31622775707614137 7.068241395285323e-9 0.9486833010307459
vn 0.31622775707614137 -7.068241395285323e-9 0.9486833010307459
vn 0.5547002099801474 6.199257710336878e-9 0.8320502851678979
vn 0.31622775707614137 -7.068241395285323e-9 0.9486833010307459
vn 0.5547002099801474 -6.199257710336878e-9 0.8320502851678979
vn 0.5547002099801474 6.199257710336878e-9 0.8320502851678979
vn 0.5547002099801474 6.199257710336878e-9 0.8320502851678979
vn 0.5547002099801474 -6.199257710336878e-9 0.8320502851678979
vn 0.7071067811865476 5.268356063861754e-9 0.7071067811865476
vn 0.5547002099801474 -6.199257710336878e-9 0.8320502851678979
vn 0.7071067811865476 -5.268356063861754e-9 0.7071067811865476
vn 0.7071067811865476 5.268356063861754e-9 0.7071067811865476
vn -0.7071067811865476 -5.268356063861754e-9 0.7071067811865476
vn -0.688247200043142 -0.2294157432818214 0.688247200043142
vn -0.5547002099801474 -6.199257710336878e-9 0.8320502851678979
vn -0.688247200043142 -0.2294157432818214 0.688247200043142
vn -0.5345224710524249 -0.26726123552621245 0.8017837363809595
vn -0.5547002099801474 -6.199257710336878e-9 0.8320502851678979
vn -0.5547002099801474 -6.199257710336878e-9 0.8320502851678979
vn -0.5345224710524249 -0.26726123552621245 0.8017837363809595
vn -0.31622775707614137 -7.068241395285323e-9 0.9486833010307459
vn -0.5345224710524249 -0.26726123552621245 0.8017837363809595
vn -0.30151134457776363 -0.30151134457776363 0.9045340337332909
vn -0.31622775707614137 -7.068241395285323e-9 0.9486833010307459
vn -0.31622775707614137 -7.068241395285323e-9 0.9486833010307459
vn -0.30151134457776363 -0.30151134457776363 0.9045340337332909
vn -7.450580596923828e-9 -7.450580596923828e-9 1
vn -0.30151134457776363 -0.30151134457776363 0.9045340337332909
vn -7.068241395285323e-9 -0.31622775707614137 0.9486833010307459
vn -7.450580596923828e-9 -7.450580596923828e-9 1
vn -7.450580596923828e-9 -7.450580596923828e-9 1
vn -7.068241395285323e-9 -0.31622775707614137 0.9486833010307459
vn 7.450580596923828e-9 -7.450580596923828e-9 1
vn -7.068241395285323e-9 -0.31622775707614137 0.9486833010307459
vn 7.068241395285323e-9 -0.31622775707614137 0.9486833010307459
vn 7.450580596923828e-9 -7.450580596923828e-9 1
vn 7.450580596923828e-9 -7.450580596923828e-9 1
vn 7.068241395285323e-9 -0.31622775707614137 0.9486833010307459
vn 0.31622775707614137 -7.068241395285323e-9 0.9486833010307459
vn 7.068241395285323e-9 -0.31622775707614137 0.9486833010307459
vn 0.30151134457776363 -0.30151134457776363 0.9045340337332909
vn 0.31622775707614137 -7.068241395285323e-9 0.9486833010307459
vn 0.31622775707614137 -7.068241395285323e-9 0.9486833010307459
vn 0.30151134457776363 -0.30151134457776363 0.9045340337332909
vn 0.5547002099801474 -6.199257710336878e-9 0.8320502851678979
vn 0.30151134457776363 -0.30151134457776363 0.9045340337332909
vn 0.5345224710524249 -0.26726123552621245 0.8017837363809595
vn 0.5547002099801474 -6.199257710336878e-9 0.8320502851678979
vn 0.5547002099801474 -6.199257710336878e-9 0.8320502851678979
vn 0.5345224710524249 -0.26726123552621245 0.8017837363809595
vn 0.7071067811865476 -5.268356063861754e-9 0.7071067811865476
vn 0.5345224710524249 -0.26726123552621245 0.8017837363809595
vn 0.688247200043142 -0.2294157432818214 0.688247200043142
vn 0.7071067811865476 -5.268356063861754e-9 0.7071067811865476
vn -0.688247200043142 -0.2294157432818214 0.688247200043142
vn -0.639602143648227 -0.4264014489670335 0.639602143648227
vn -0.5345224710524249 -0.26726123552621245 0.8017837363809595
vn -0.639602143648227 -0.4264014489670335 0.639602143648227
vn -0.48507125533189915 -0.48507125533189915 0.7276068680966881
vn -0.5345224710524249 -0.26726123552621245 0.8017837363809595
vn -0.5345224710524249 -0.26726123552621245 0.8017837363809595
vn -0.48507125533189915 -0.48507125533189915 0.7276068680966881
vn -0.30151134457776363 -0.30151134457776363 0.9045340337332909
vn -0.48507125533189915 -0.48507125533189915 0.7276068680966881
vn -0.26726123552621245 -0.5345224710524249 0.8017837363809595
vn -0.30151134457776363 -0.30151134457776363 0.9045340337332909
vn -0.30151134457776363 -0.30151134457776363 0.9045340337332909
vn -0.26726123552621245 -0.5345224710524249 0.8017837363809595
vn -7.068241395285323e-9 -0.31622775707614137 0.9486833010307459
vn -0.26726123552621245 -0.5345224710524249 0.8017837363809595
vn -6.199257710336878e-9 -0.5547002099801474 0.8320502851678979
vn -7.068241395285323e-9 -0.31622775707614137 0.9486833010307459
vn -7.068241395285323e-9 -0.31622775707614137 0.9486833010307459
vn -6.199257710336878e-9 -0.5547002099801474 0.8320502851678979
vn 7.068241395285323e-9 -0.31622775707614137 0.9486833010307459
vn -6.199257710336878e-9 -0.5547002099801474 0.8320502851678979
vn 6.199257710336878e-9 -0.5547002099801474 0.8320502851678979
vn 7.068241395285323e-9 -0.31622775707614137 0.9486833010307459
vn 7.068241395285323e-9 -0.31622775707614137 0.9486833010307459
vn 6.199257710336878e-9 -0.5547002099801474 0.8320502851678979
vn 0.30151134457776363 -0.30151134457776363 0.9045340337332909
vn 6.199257710336878e-9 -0.5547002099801474 0.8320502851678979
vn 0.26726123552621245 -0.5345224710524249 0.8017837363809595
vn 0.30151134457776363 -0.30151134457776363 0.9045340337332909
vn 0.30151134457776363 -0.30151134457776363 0.9045340337332909
vn 0.26726123552621245 -0.5345224710524249 0.8017837363809595
vn 0.5345224710524249 -0.26726123552621245 0.8017837363809595
vn 0.26726123552621245 -0.5345224710524249 0.8017837363809595
vn 0.48507125533189915 -0.48507125533189915 0.7276068680966881
vn 0.5345224710524249 -0.26726123552621245 0.8017837363809595
vn 0.5345224710524249 -0.26726123552621245 0.8017837363809595
vn 0.48507125533189915 -0.48507125533189915 0.7276068680966881
vn 0.688247200043142 -0.2294157432818214 0.688247200043142
vn 0.48507125533189915 -0.48507125533189915 0.7276068680966881
vn 0.639602143648227 -0.4264014489670335 0.639602143648227
vn 0.688247200043142 -0.2294157432818214 0.688247200043142
vn -0.639602143648227 -0.4264014489670335 0.639602143648227
vn -0.5773502691896257 -0.5773502691896257 0.5773502691896257
vn -0.48507125533189915 -0.48507125533189915 0.7276068680966881
vn -0.5773502691896257 -0.5773502691896257 0.5773502691896257
vn -0.4264014489670335 -0.639602143648227 0.639602143648227
vn -0.48507125533189915 -0.48507125533189915 0.7276068680966881
vn -0.48507125533189915 -0.48507125533189915 0.7276068680966881
vn -0.4264014489670335 -0.639602143648227 0.639602143648227
vn -0.26726123552621245 -0.5345224710524249 0.8017837363809595
vn -0.4264014489670335 -0.639602143648227 0.639602143648227
vn -0.2294157432818214 -0.688247200043142 0.688247200043142
vn -0.26726123552621245 -0.5345224710524249 0.8017837363809595
vn -0.26726123552621245 -0.5345224710524249 0.8017837363809595
vn -0.2294157432818214 -0.688247200043142 0.688247200043142
vn -6.199257710336878e-9 -0.5547002099801474 0.8320502851678979
vn -0.2294157432818214 -0.688247200043142 0.688247200043142
vn -5.268356063861754e-9 -0.7071067811865476 0.7071067811865476
vn -6.199257710336878e-9 -0.5547002099801474 0.8320502851678979
vn -6.199257710336878e-9 -0.5547002099801474 0.8320502851678979
vn -5.268356063861754e-9 -0.7071067811865476 0.7071067811865476
vn 6.199257710336878e-9 -0.5547002099801474 0.8320502851678979
vn -5.268356063861754e-9 -0.7071067811865476 0.7071067811865476
vn 5.268356063861754e-9 -0.7071067811865476 0.7071067811865476
vn 6.199257710336878e-9 -0.5547002099801474 0.8320502851678979
vn 6.199257710336878e-9 -0.5547002099801474 0.8320502851678979
vn 5.268356063861754e-9 -0.7071067811865476 0.7071067811865476
vn 0.26726123552621245 -0.5345224710524249 0.8017837363809595
vn 5.268356063861754e-9 -0.7071067811865476 0.7071067811865476
vn 0.2294157432818214 -0.688247200043142 0.688247200043142
vn 0.26726123552621245 -0.5345224710524249 0.8017837363809595
vn 0.26726123552621245 -0.5345224710524249 0.8017837363809595
vn 0.2294157432818214 -0.688247200043142 0.688247200043142
vn 0.48507125533189915 -0.48507125533189915 0.7276068680966881
vn 0.2294157432818214 -0.688247200043142 0.688247200043142
vn 0.4264014489670335 -0.639602143648227 0.639602143648227
vn 0.48507125533189915 -0.48507125533189915 0.7276068680966881
vn 0.48507125533189915 -0.48507125533189915 0.7276068680966881
vn 0.4264014489670335 -0.639602143648227 0.639602143648227
vn 0.639602143648227 -0.4264014489670335 0.639602143648227
vn 0.4264014489670335 -0.639602143648227 0.639602143648227
vn 0.5773502691896257 -0.5773502691896257 0.5773502691896257
vn 0.639602143648227 -0.4264014489670335 0.639602143648227
vn 0.5773502691896257 0.5773502691896257 -0.5773502691896257
vn 0.639602143648227 0.4264014489670335 -0.639602143648227
vn 0.4264014489670335 0.639602143648227 -0.639602143648227
vn 0.639602143648227 0.4264014489670335 -0.639602143648227
vn 0.48507125533189915 0.48507125533189915 -0.7276068680966881
vn 0.4264014489670335 0.639602143648227 -0.639602143648227
vn 0.4264014489670335 0.639602143648227 -0.639602143648227
vn 0.48507125533189915 0.48507125533189915 -0.7276068680966881
vn 0.2294157432818214 0.688247200043142 -0.688247200043142
vn 0.48507125533189915 0.48507125533189915 -0.7276068680966881
vn 0.26726123552621245 0.5345224710524249 -0.8017837363809595
vn 0.2294157432818214 0.688247200043142 -0.688247200043142
vn 0.2294157432818214 0.688247200043142 -0.688247200043142
vn 0.26726123552621245 0.5345224710524249 -0.8017837363809595
vn 5.268356063861754e-9 0.7071067811865476 -0.7071067811865476
vn 0.26726123552621245 0.5345224710524249 -0.8017837363809595
vn 6.199257710336878e-9 0.5547002099801474 -0.8320502851678979
vn 5.268356063861754e-9 0.7071067811865476 -0.7071067811865476
vn 5.268356063861754e-9 0.7071067811865476 -0.7071067811865476
vn 6.199257710336878e-9 0.5547002099801474 -0.8320502851678979
vn -5.268356063861754e-9 0.7071067811865476 -0.7071067811865476
vn 6.199257710336878e-9 0.5547002099801474 -0.8320502851678979
vn -6.199257710336878e-9 0.5547002099801474 -0.8320502851678979
vn -5.268356063861754e-9 0.7071067811865476 -0.7071067811865476
vn -5.268356063861754e-9 0.7071067811865476 -0.7071067811865476
vn -6.199257710336878e-9 0.5547002099801474 -0.8320502851678979
vn -0.2294157432818214 0.688247200043142 -0.688247200043142
vn -6.199257710336878e-9 0.5547002099801474 -0.8320502851678979
vn -0.26726123552621245 0.5345224710524249 -0.8017837363809595
vn -0.2294157432818214 0.688247200043142 -0.688247200043142
vn -0.2294157432818214 0.688247200043142 -0.688247200043142
vn -0.26726123552621245 0.5345224710524249 -0.8017837363809595
vn -0.4264014489670335 0.639602143648227 -0.639602143648227
vn -0.26726123552621245 0.5345224710524249 -0.8017837363809595
vn -0.48507125533189915 0.48507125533189915 -0.7276068680966881
vn -0.4264014489670335 0.639602143648227 -0.639602143648227
vn -0.4264014489670335 0.639602143648227 -0.639602143648227
vn -0.48507125533189915 0.48507125533189915 -0.7276068680966881
vn -0.5773502691896257 0.5773502691896257 -0.5773502691896257
vn -0.48507125533189915 0.48507125533189915 -0.7276068680966881
vn -0.639602143648227 0.4264014489670335 -0.639602143648227
vn -0.5773502691896257 0.5773502691896257 -0.5773502691896257
vn 0.639602143648227 0.4264014489670335 -0.639602143648227
vn 0.688247200043142 0.2294157432818214 -0.688247200043142
vn 0.48507125533189915 0.48507125533189915 -0.7276068680966881
vn 0.688247200043142 0.2294157432818214 -0.688247200043142
vn 0.5345224710524249 0.26726123552621245 -0.8017837363809595
vn 0.48507125533189915 0.48507125533189915 -0.7276068680966881
vn 0.48507125533189915 0.48507125533189915 -0.7276068680966881
vn 0.5345224710524249 0.26726123552621245 -0.8017837363809595
vn 0.26726123552621245 0.5345224710524249 -0.8017837363809595
vn 0.5345224710524249 0.26726123552621245 -0.8017837363809595
vn 0.30151134457776363 0.30151134457776363 -0.9045340337332909
vn 0.26726123552621245 0.5345224710524249 -0.8017837363809595
vn 0.26726123552621245 0.5345224710524249 -0.8017837363809595
vn 0.30151134457776363 0.30151134457776363 -0.9045340337332909
vn 6.199257710336878e-9 0.5547002099801474 -0.8320502851678979
vn 0.30151134457776363 0.30151134457776363 -0.9045340337332909
vn 7.068241395285323e-9 0.31622775707614137 -0.9486833010307459
vn 6.199257710336878e-9 0.5547002099801474 -0.8320502851678979
vn 6.199257710336878e-9 0.5547002099801474 -0.8320502851678979
vn 7.068241395285323e-9 0.31622775707614137 -0.9486833010307459
vn -6.199257710336878e-9 0.5547002099801474 -0.8320502851678979
vn 7.068241395285323e-9 0.31622775707614137 -0.9486833010307459
vn -7.068241395285323e-9 0.31622775707614137 -0.9486833010307459
vn -6.199257710336878e-9 0.5547002099801474 -0.8320502851678979
vn -6.199257710336878e-9 0.5547002099801474 -0.8320502851678979
vn -7.068241395285323e-9 0.31622775707614137 -0.9486833010307459
vn -0.26726123552621245 0.5345224710524249 -0.8017837363809595
vn -7.068241395285323e-9 0.31622775707614137 -0.9486833010307459
vn -0.30151134457776363 0.30151134457776363 -0.9045340337332909
vn -0.26726123552621245 0.5345224710524249 -0.8017837363809595
vn -0.26726123552621245 0.5345224710524249 -0.8017837363809595
vn -0.30151134457776363 0.30151134457776363 -0.9045340337332909
vn -0.48507125533189915 0.48507125533189915 -0.7276068680966881
vn -0.30151134457776363 0.30151134457776363 -0.9045340337332909
vn -0.5345224710524249 0.26726123552621245 -0.8017837363809595
vn -0.48507125533189915 0.48507125533189915 -0.7276068680966881
vn -0.48507125533189915 0.48507125533189915 -0.7276068680966881
vn -0.5345224710524249 0.26726123552621245 -0.8017837363809595
vn -0.639602143648227 0.4264014489670335 -0.639602143648227
vn -0.5345224710524249 0.26726123552621245 -0.8017837363809595
vn -0.688247200043142 0.2294157432818214 -0.688247200043142
vn -0.639602143648227 0.4264014489670335 -0.639602143648227
vn 0.688247200043142 0.2294157432818214 -0.688247200043142
vn 0.7071067811865476 5.268356063861754e-9 -0.7071067811865476
vn 0.5345224710524249 0.26726123552621245 -0.8017837363809595
vn 0.7071067811865476 5.268356063861754e-9 -0.7071067811865476
vn 0.5547002099801474 6.199257710336878e-9 -0.8320502851678979
vn 0.5345224710524249 0.26726123552621245 -0.8017837363809595
vn 0.5345224710524249 0.26726123552621245 -0.8017837363809595
vn 0.5547002099801474 6.199257710336878e-9 -0.8320502851678979
vn 0.30151134457776363 0.30151134457776363 -0.9045340337332909
vn 0.5547002099801474 6.199257710336878e-9 -0.8320502851678979
vn 0.31622775707614137 7.068241395285323e-9 -0.9486833010307459
vn 0.30151134457776363 0.30151134457776363 -0.9045340337332909
vn 0.30151134457776363 0.30151134457776363 -0.9045340337332909
vn 0.31622775707614137 7.068241395285323e-9 -0.9486833010307459
vn 7.068241395285323e-9 0.31622775707614137 -0.9486833010307459
vn 0.31622775707614137 7.068241395285323e-9 -0.9486833010307459
vn 7.450580596923828e-9 7.450580596923828e-9 -1
vn 7.068241395285323e-9 0.31622775707614137 -0.9486833010307459
vn 7.068241395285323e-9 0.31622775707614137 -0.9486833010307459
vn 7.450580596923828e-9 7.450580596923828e-9 -1
vn -7.068241395285323e-9 0.31622775707614137 -0.9486833010307459
vn 7.450580596923828e-9 7.450580596923828e-9 -1
vn -7.450580596923828e-9 7.450580596923828e-9 -1
vn -7.068241395285323e-9 0.31622775707614137 -0.9486833010307459
vn -7.068241395285323e-9 0.31622775707614137 -0.9486833010307459
vn -7.450580596923828e-9 7.450580596923828e-9 -1
vn -0.30151134457776363 0.30151134457776363 -0.9045340337332909
vn -7.450580596923828e-9 7.450580596923828e-9 -1
vn -0.31622775707614137 7.068241395285323e-9 -0.9486833010307459
vn -0.30151134457776363 0.30151134457776363 -0.9045340337332909
vn -0.30151134457776363 0.30151134457776363 -0.9045340337332909
vn -0.31622775707614137 7.068241395285323e-9 -0.9486833010307459
vn -0.5345224710524249 0.26726123552621245 -0.8017837363809595
vn -0.31622775707614137 7.068241395285323e-9 -0.9486833010307459
vn -0.5547002099801474 6.199257710336878e-9 -0.8320502851678979
vn -0.5345224710524249 0.26726123552621245 -0.8017837363809595
vn -0.5345224710524249 0.26726123552621245 -0.8017837363809595
vn -0.5547002099801474 6.199257710336878e-9 -0.8320502851678979
vn -0.688247200043142 0.2294157432818214 -0.688247200043142
vn -0.5547002099801474 6.199257710336878e-9 -0.8320502851678979
vn -0.7071067811865476 5.268356063861754e-9 -0.7071067811865476
vn -0.688247200043142 0.2294157432818214 -0.688247200043142
vn 0.7071067811865476 5.268356063861754e-9 -0.7071067811865476
vn 0.7071067811865476 -5.268356063861754e-9 -0.7071067811865476
vn 0.5547002099801474 6.199257710336878e-9 -0.8320502851678979
vn 0.7071067811865476 -5.268356063861754e-9 -0.7071067811865476
vn 0.5547002099801474 -6.199257710336878e-9 -0.8320502851678979
vn 0.5547002099801474 6.199257710336878e-9 -0.8320502851678979
vn 0.5547002099801474 6.199257710336878e-9 -0.8320502851678979
vn 0.5547002099801474 -6.199257710336878e-9 -0.8320502851678979
vn 0.31622775707614137 7.068241395285323e-9 -0.9486833010307459
vn 0.5547002099801474 -6.199257710336878e-9 -0.8320502851678979
vn 0.31622775707614137 -7.068241395285323e-9 -0.9486833010307459
vn 0.31622775707614137 7.068241395285323e-9 -0.9486833010307459
vn 0.31622775707614137 7.068241395285323e-9 -0.9486833010307459
vn 0.31622775707614137 -7.068241395285323e-9 -0.9486833010307459
vn 7.450580596923828e-9 7.450580596923828e-9 -1
vn 0.31622775707614137 -7.068241395285323e-9 -0.9486833010307459
vn 7.450580596923828e-9 -7.450580596923828e-9 -1
vn 7.450580596923828e-9 7.450580596923828e-9 -1
vn 7.450580596923828e-9 7.450580596923828e-9 -1
vn 7.450580596923828e-9 -7.450580596923828e-9 -1
vn -7.450580596923828e-9 7.450580596923828e-9 -1
vn 7.450580596923828e-9 -7.450580596923828e-9 -1
vn -7.450580596923828e-9 -7.450580596923828e-9 -1
vn -7.450580596923828e-9 7.450580596923828e-9 -1
vn -7.450580596923828e-9 7.450580596923828e-9 -1
vn -7.450580596923828e-9 -7.450580596923828e-9 -1
vn -0.31622775707614137 7.068241395285323e-9 -0.9486833010307459
vn -7.450580596923828e-9 -7.450580596923828e-9 -1
vn -0.31622775707614137 -7.068241395285323e-9 -0.9486833010307459
vn -0.31622775707614137 7.068241395285323e-9 -0.9486833010307459
vn -0.31622775707614137 7.068241395285323e-9 -0.9486833010307459
vn -0.31622775707614137 -7.068241395285323e-9 -0.9486833010307459
vn -0.5547002099801474 6.199257710336878e-9 -0.8320502851678979
vn -0.31622775707614137 -7.068241395285323e-9 -0.9486833010307459
vn -0.5547002099801474 -6.199257710336878e-9 -0.8320502851678979
vn -0.5547002099801474 6.199257710336878e-9 -0.8320502851678979
vn -0.5547002099801474 6.199257710336878e-9 -0.8320502851678979
vn -0.5547002099801474 -6.199257710336878e-9 -0.8320502851678979
vn -0.7071067811865476 5.268356063861754e-9 -0.7071067811865476
vn -0.5547002099801474 -6.199257710336878e-9 -0.8320502851678979
vn -0.7071067811865476 -5.268356063861754e-9 -0.7071067811865476
vn -0.7071067811865476 5.268356063861754e-9 -0.7071067811865476
vn 0.7071067811865476 -5.268356063861754e-9 -0.7071067811865476
vn 0.688247200043142 -0.2294157432818214 -0.688247200043142
vn 0.5547002099801474 -6.199257710336878e-9 -0.8320502851678979
vn 0.688247200043142 -0.2294157432818214 -0.688247200043142
vn 0.5345224710524249 -0.26726123552621245 -0.8017837363809595
vn 0.5547002099801474 -6.199257710336878e-9 -0.8320502851678979
vn 0.5547002099801474 -6.199257710336878e-9 -0.8320502851678979
vn 0.5345224710524249 -0.26726123552621245 -0.8017837363809595
vn 0.31622775707614137 -7.068241395285323e-9 -0.9486833010307459
vn 0.5345224710524249 -0.26726123552621245 -0.8017837363809595
vn 0.30151134457776363 -0.30151134457776363 -0.9045340337332909
vn 0.31622775707614137 -7.068241395285323e-9 -0.9486833010307459
vn 0.31622775707614137 -7.068241395285323e-9 -0.9486833010307459
vn 0.30151134457776363 -0.30151134457776363 -0.9045340337332909
vn 7.450580596923828e-9 -7.450580596923828e-9 -1
vn 0.30151134457776363 -0.30151134457776363 -0.9045340337332909
vn 7.068241395285323e-9 -0.31622775707614137 -0.9486833010307459
vn 7.450580596923828e-9 -7.450580596923828e-9 -1
vn 7.450580596923828e-9 -7.450580596923828e-9 -1
vn 7.068241395285323e-9 -0.31622775707614137 -0.9486833010307459
vn -7.450580596923828e-9 -7.450580596923828e-9 -1
vn 7.068241395285323e-9 -0.31622775707614137 -0.9486833010307459
vn -7.068241395285323e-9 -0.31622775707614137 -0.9486833010307459
vn -7.450580596923828e-9 -7.450580596923828e-9 -1
vn -7.450580596923828e-9 -7.450580596923828e-9 -1
vn -7.068241395285323e-9 -0.31622775707614137 -0.9486833010307459
vn -0.31622775707614137 -7.068241395285323e-9 -0.9486833010307459
vn -7.068241395285323e-9 -0.31622775707614137 -0.9486833010307459
vn -0.30151134457776363 -0.30151134457776363 -0.9045340337332909
vn -0.31622775707614137 -7.068241395285323e-9 -0.9486833010307459
vn -0.31622775707614137 -7.068241395285323e-9 -0.9486833010307459
vn -0.30151134457776363 -0.30151134457776363 -0.9045340337332909
vn -0.5547002099801474 -6.199257710336878e-9 -0.8320502851678979
vn -0.30151134457776363 -0.30151134457776363 -0.9045340337332909
vn -0.5345224710524249 -0.26726123552621245 -0.8017837363809595
vn -0.5547002099801474 -6.199257710336878e-9 -0.8320502851678979
vn -0.5547002099801474 -6.199257710336878e-9 -0.8320502851678979
vn -0.5345224710524249 -0.26726123552621245 -0.8017837363809595
vn -0.7071067811865476 -5.268356063861754e-9 -0.7071067811865476
vn -0.5345224710524249 -0.26726123552621245 -0.8017837363809595
vn -0.688247200043142 -0.2294157432818214 -0.688247200043142
vn -0.7071067811865476 -5.268356063861754e-9 -0.7071067811865476
vn 0.688247200043142 -0.2294157432818214 -0.688247200043142
vn 0.639602143648227 -0.4264014489670335 -0.639602143648227
vn 0.5345224710524249 -0.26726123552621245 -0.8017837363809595
vn 0.639602143648227 -0.4264014489670335 -0.639602143648227
vn 0.48507125533189915 -0.48507125533189915 -0.7276068680966881
vn 0.5345224710524249 -0.26726123552621245 -0.8017837363809595
vn 0.5345224710524249 -0.26726123552621245 -0.8017837363809595
vn 0.48507125533189915 -0.48507125533189915 -0.7276068680966881
vn 0.30151134457776363 -0.30151134457776363 -0.9045340337332909
vn 0.48507125533189915 -0.48507125533189915 -0.7276068680966881
vn 0.26726123552621245 -0.5345224710524249 -0.8017837363809595
vn 0.30151134457776363 -0.30151134457776363 -0.9045340337332909
vn 0.30151134457776363 -0.30151134457776363 -0.9045340337332909
vn 0.26726123552621245 -0.5345224710524249 -0.8017837363809595
vn 7.068241395285323e-9 -0.31622775707614137 -0.9486833010307459
vn 0.26726123552621245 -0.5345224710524249 -0.8017837363809595
vn 6.199257710336878e-9 -0.5547002099801474 -0.8320502851678979
vn 7.068241395285323e-9 -0.31622775707614137 -0.9486833010307459
vn 7.068241395285323e-9 -0.31622775707614137 -0.9486833010307459
vn 6.199257710336878e-9 -0.5547002099801474 -0.8320502851678979
vn -7.068241395285323e-9 -0.31622775707614137 -0.9486833010307459
vn 6.199257710336878e-9 -0.5547002099801474 -0.8320502851678979
vn -6.199257710336878e-9 -0.5547002099801474 -0.8320502851678979
vn -7.068241395285323e-9 -0.31622775707614137 -0.9486833010307459
vn -7.068241395285323e-9 -0.31622775707614137 -0.9486833010307459
vn -6.199257710336878e-9 -0.5547002099801474 -0.8320502851678979
vn -0.30151134457776363 -0.30151134457776363 -0.9045340337332909
vn -6.199257710336878e-9 -0.5547002099801474 -0.8320502851678979
vn -0.26726123552621245 -0.5345224710524249 -0.8017837363809595
vn -0.30151134457776363 -0.30151134457776363 -0.9045340337332909
vn -0.30151134457776363 -0.30151134457776363 -0.9045340337332909
vn -0.26726123552621245 -0.5345224710524249 -0.8017837363809595
vn -0.5345224710524249 -0.26726123552621245 -0.8017837363809595
vn -0.26726123552621245 -0.5345224710524249 -0.8017837363809595
vn -0.48507125533189915 -0.48507125533189915 -0.7276068680966881
vn -0.5345224710524249 -0.26726123552621245 -0.8017837363809595
vn -0.5345224710524249 -0.26726123552621245 -0.8017837363809595
vn -0.48507125533189915 -0.48507125533189915 -0.7276068680966881
vn -0.688247200043142 -0.2294157432818214 -0.688247200043142
vn -0.48507125533189915 -0.48507125533189915 -0.7276068680966881
vn -0.639602143648227 -0.4264014489670335 -0.639602143648227
vn -0.688247200043142 -0.2294157432818214 -0.688247200043142
vn 0.639602143648227 -0.4264014489670335 -0.639602143648227
vn 0.5773502691896257 -0.5773502691896257 -0.5773502691896257
vn 0.48507125533189915 -0.48507125533189915 -0.7276068680966881
vn 0.5773502691896257 -0.5773502691896257 -0.5773502691896257
vn 0.4264014489670335 -0.639602143648227 -0.639602143648227
vn 0.48507125533189915 -0.48507125533189915 -0.7276068680966881
vn 0.48507125533189915 -0.48507125533189915 -0.7276068680966881
vn 0.4264014489670335 -0.639602143648227 -0.639602143648227
vn 0.26726123552621245 -0.5345224710524249 -0.8017837363809595
vn 0.4264014489670335 -0.639602143648227 -0.639602143648227
vn 0.2294157432818214 -0.688247200043142 -0.688247200043142
vn 0.26726123552621245 -0.5345224710524249 -0.8017837363809595
vn 0.26726123552621245 -0.5345224710524249 -0.8017837363809595
vn 0.2294157432818214 -0.688247200043142 -0.688247200043142
vn 6.199257710336878e-9 -0.5547002099801474 -0.8320502851678979
vn 0.2294157432818214 -0.688247200043142 -0.688247200043142
vn 5.268356063861754e-9 -0.7071067811865476 -0.7071067811865476
vn 6.199257710336878e-9 -0.5547002099801474 -0.8320502851678979
vn 6.199257710336878e-9 -0.5547002099801474 -0.8320502851678979
vn 5.268356063861754e-9 -0.7071067811865476 -0.7071067811865476
vn -6.199257710336878e-9 -0.5547002099801474 -0.8320502851678979
vn 5.268356063861754e-9 -0.7071067811865476 -0.7071067811865476
vn -5.268356063861754e-9 -0.7071067811865476 -0.7071067811865476
vn -6.199257710336878e-9 -0.5547002099801474 -0.8320502851678979
vn -6.199257710336878e-9 -0.5547002099801474 -0.8320502851678979
vn -5.268356063861754e-9 -0.7071067811865476 -0.7071067811865476
vn -0.26726123552621245 -0.5345224710524249 -0.8017837363809595
vn -5.268356063861754e-9 -0.7071067811865476 -0.7071067811865476
vn -0.2294157432818214 -0.688247200043142 -0.688247200043142
vn -0.26726123552621245 -0.5345224710524249 -0.8017837363809595
vn -0.26726123552621245 -0.5345224710524249 -0.8017837363809595
vn -0.2294157432818214 -0.688247200043142 -0.688247200043142
vn -0.48507125533189915 -0.48507125533189915 -0.7276068680966881
vn -0.2294157432818214 -0.688247200043142 -0.688247200043142
vn -0.4264014489670335 -0.639602143648227 -0.639602143648227
vn -0.48507125533189915 -0.48507125533189915 -0.7276068680966881
vn -0.48507125533189915 -0.48507125533189915 -0.7276068680966881
vn -0.4264014489670335 -0.639602143648227 -0.639602143648227
vn -0.639602143648227 -0.4264014489670335 -0.639602143648227
vn -0.4264014489670335 -0.639602143648227 -0.639602143648227
vn -0.5773502691896257 -0.5773502691896257 -0.5773502691896257
vn -0.639602143648227 -0.4264014489670335 -0.639602143648227
f 877/877/877 878/878/878 879/879/879
f 880/880/880 881/881/881 882/882/882
f 883/883/883 884/884/884 885/885/885
f 886/886/886 887/887/887 888/888/888
f 889/889/889 890/890/890 891/891/891
f 892/892/892 893/893/893 894/894/894
f 895/895/895 896/896/896 897/897/897
f 898/898/898 899/899/899 900/900/900
f 901/901/901 902/902/902 903/903/903
f 904/904/904 905/905/905 906/906/906
f 907/907/907 908/908/908 909/909/909
f 910/910/910 911/911/911 912/912/912
f 913/913/913 914/914/914 915/915/915
f 916/916/916 917/917/917 918/918/918
f 919/919/919 920/920/920 921/921/921
f 922/922/922 923/923/923 924/924/924
f 925/925/925 926/926/926 927/927/927
f 928/928/928 929/929/929 930/930/930
f 931/931/931 932/932/932 933/933/933
f 934/934/934 935/935/935 936/936/936
f 937/937/937 938/938/938 939/939/939
f 940/940/940 941/941/941 942/942/942
f 943/943/943 944/944/944 945/945/945
f 946/946/946 947/947/947 948/948/948
f 949/949/949 950/950/950 951/951/951
f 952/952/952 953/953/953 954/954/954
f 955/955/955 956/956/956 957/957/957
f 958/958/958 959/959/959 960/960/960
f 961/961/961 962/962/962 963/963/963
f 964/964/964 965/965/965 966/966/966
f 967/967/967 968/968/968 969/969/969
f 970/970/970 971/971/971 972/972/972
f 973/973/973 974/974/974 975/975/975
f 976/976/976 977/977/977 978/978/978
f 979/979/979 980/980/980 981/981/981
f 982/982/982 983/983/983 984/984/984
f 985/985/985 986/986/986 987/987/987
f 988/988/988 989/989/989 990/990/990
f 991/991/991 992/992/992 993/993/993
f 994/994/994 995/995/995 996/996/996
f 997/997/997 998/998/998 999/999/999
f 1000/1000/1000 1001/1001/1001 1002/1002/1002
f 1003/1003/1003 1004/1004/1004 1005/1005/1005
f 1006/1006/1006 1007/1007/1007 1008/1008/1008
f 1009/1009/1009 1010/1010/1010 1011/1011/1011
f 1012/1012/1012 1013/1013/1013 1014/1014/1014
f 1015/1015/1015 1016/1016/1016 1017/1017/1017
f 1018/1018/1018 1019/1019/1019 1020/1020/1020
f 1021/1021/1021 1022/1022/1022 1023/1023/1023
f 1024/1024/1024 1025/1025/1025 1026/1026/1026
f 1027/1027/1027 1028/1028/1028 1029/1029/1029
f 1030/1030/1030 1031/1031/1031 1032/1032/1032
f 1033/1033/1033 1034/1034/1034 1035/1035/1035
f 1036/1036/1036 1037/1037/1037 1038/1038/1038
f 1039/1039/1039 1040/1040/1040 1041/1041/1041
f 1042/1042/1042 1043/1043/1043 1044/1044/1044
f 1045/1045/1045 1046/1046/1046 1047/1047/1047
f 1048/1048/1048 1049/1049/1049 1050/1050/1050
f 1051/1051/1051 1052/1052/1052 1053/1053/1053
f 1054/1054/1054 1055/1055/1055 1056/1056/1056
f 1057/1057/1057 1058/1058/1058 1059/1059/1059
f 1060/1060/1060 1061/1061/1061 1062/1062/1062
f 1063/1063/1063 1064/1064/1064 1065/1065/1065
f 1066/1066/1066 1067/1067/1067 1068/1068/1068
f 1069/1069/1069 1070/1070/1070 1071/1071/1071
f 1072/1072/1072 1073/1073/1073 1074/1074/1074
f 1075/1075/1075 1076/1076/1076 1077/1077/1077
f 1078/1078/1078 1079/1079/1079 1080/1080/1080
f 1081/1081/1081 1082/1082/1082 1083/1083/1083
f 1084/1084/1084 1085/1085/1085 1086/1086/1086
f 1087/1087/1087 1088/1088/1088 1089/1089/1089
f 1090/1090/1090 1091/1091/1091 1092/1092/1092
f 1093/1093/1093 1094/1094/1094 1095/1095/1095
f 1096/1096/1096 1097/1097/1097 1098/1098/1098
f 1099/1099/1099 1100/1100/1100 1101/1101/1101
f 1102/1102/1102 1103/1103/1103 1104/1104/1104
f 1105/1105/1105 1106/1106/1106 1107/1107/1107
f 1108/1108/1108 1109/1109/1109 1110/1110/1110
f 1111/1111/1111 1112/1112/1112 1113/1113/1113
f 1114/1114/1114 1115/1115/1115 1116/1116/1116
f 1117/1117/1117 1118/1118/1118 1119/1119/1119
f 1120/1120/1120 1121/1121/1121 1122/1122/1122
f 1123/1123/1123 1124/1124/1124 1125/1125/1125
f 1126/1126/1126 1127/1127/1127 1128/1128/1128
f 1129/1129/1129 1130/1130/1130 1131/1131/1131
f 1132/1132/1132 1133/1133/1133 1134/1134/1134
f 1135/1135/1135 1136/1136/1136 1137/1137/1137
f 1138/1138/1138 1139/1139/1139 1140/1140/1140
f 1141/1141/1141 1142/1142/1142 1143/1143/1143
f 1144/1144/1144 1145/1145/1145 1146/1146/1146
f 1147/1147/1147 1148/1148/1148 1149/1149/1149
f 1150/1150/1150 1151/1151/1151 1152/1152/1152
f 1153/1153/1153 1154/1154/1154 1155/1155/1155
f 1156/1156/1156 1157/1157/1157 1158/1158/1158
f 1159/1159/1159 1160/1160/1160 1161/1161/1161
f 1162/1162/1162 1163/1163/1163 1164/1164/1164
f 1165/1165/1165 1166/1166/1166 1167/1167/1167
f 1168/1168/1168 1169/1169/1169 1170/1170/1170
f 1171/1171/1171 1172/1172/1172 1173/1173/1173
f 1174/1174/1174 1175/1175/1175 1176/1176/1176
f 1177/1177/1177 1178/1178/1178 1179/1179/1179
f 1180/1180/1180 1181/1181/1181 1182/1182/1182
f 1183/1183/1183 1184/1184/1184 1185/1185/1185
f 1186/1186/1186 1187/1187/1187 1188/1188/1188
f 1189/1189/1189 1190/1190/1190 1191/1191/1191
f 1192/1192/1192 1193/1193/1193 1194/1194/1194
f 1195/1195/1195 1196/1196/1196 1197/1197/1197
f 1198/1198/1198 1199/1199/1199 1200/1200/1200
f 1201/1201/1201 1202/1202/1202 1203/1203/1203
f 1204/1204/1204 1205/1205/1205 1206/1206/1206
f 1207/1207/1207 1208/1208/1208 1209/1209/1209
f 1210/1210/1210 1211/1211/1211 1212/1212/1212
f 1213/1213/1213 1214/1214/1214 1215/1215/1215
f 1216/1216/1216 1217/1217/1217 1218/1218/1218
f 1219/1219/1219 1220/1220/1220 1221/1221/1221
f 1222/1222/1222 1223/1223/1223 1224/1224/1224
f 1225/1225/1225 1226/1226/1226 1227/1227/1227
f 1228/1228/1228 1229/1229/1229 1230/1230/1230
f 1231/1231/1231 1232/1232/1232 1233/1233/1233
f 1234/1234/1234 1235/1235/1235 1236/1236/1236
f 1237/1237/1237 1238/1238/1238 1239/1239/1239
f 1240/1240/1240 1241/1241/1241 1242/1242/1242
f 1243/1243/1243 1244/1244/1244 1245/1245/1245
f 1246/1246/1246 1247/1247/1247 1248/1248/1248
f 1249/1249/1249 1250/1250/1250 1251/1251/1251
f 1252/1252/1252 1253/1253/1253 1254/1254/1254
f 1255/1255/1255 1256/1256/1256 1257/1257/1257
f 1258/1258/1258 1259/1259/1259 1260/1260/1260
f 1261/1261/1261 1262/1262/1262 1263/1263/1263
f 1264/1264/1264 1265/1265/1265 1266/1266/1266
f 1267/1267/1267 1268/1268/1268 1269/1269/1269
f 1270/1270/1270 1271/1271/1271 1272/1272/1272
f 1273/1273/1273 1274/1274/1274 1275/1275/1275
f 1276/1276/1276 1277/1277/1277 1278/1278/1278
f 1279/1279/1279 1280/1280/1280 1281/1281/1281
f 1282/1282/1282 1283/1283/1283 1284/1284/1284
f 1285/1285/1285 1286/1286/1286 1287/1287/1287
f 1288/1288/1288 1289/1289/1289 1290/1290/1290
f 1291/1291/1291 1292/1292/1292 1293/1293/1293
f 1294/1294/1294 1295/1295/1295 1296/1296/1296
f 1297/1297/1297 1298/1298/1298 1299/1299/1299
f 1300/1300/1300 1301/1301/1301 1302/1302/1302
f 1303/1303/1303 1304/1304/1304 1305/1305/1305
f 1306/1306/1306 1307/1307/1307 1308/1308/1308
f 1309/1309/1309 1310/1310/1310 1311/1311/1311
f 1312/1312/1312 1313/1313/1313 1314/1314/1314
f 1315/1315/1315 1316/1316/1316 1317/1317/1317
f 1318/1318/1318 1319/1319/1319 1320/1320/1320
f 1321/1321/1321 1322/1322/1322 1323/1323/1323
f 1324/1324/1324 1325/1325/1325 1326/1326/1326
f 1327/1327/1327 1328/1328/1328 1329/1329/1329
f 1330/1330/1330 1331/1331/1331 1332/1332/1332
f 1333/1333/1333 1334/1334/1334 1335/1335/1335
f 1336/1336/1336 1337/1337/1337 1338/1338/1338
f 1339/1339/1339 1340/1340/1340 1341/1341/1341
f 1342/1342/1342 1343/1343/1343 1344/1344/1344
f 1345/1345/1345 1346/1346/1346 1347/1347/1347
f 1348/1348/1348 1349/1349/1349 1350/1350/1350
f 1351/1351/1351 1352/1352/1352 1353/1353/1353
f 1354/1354/1354 1355/1355/1355 1356/1356/1356
f 1357/1357/1357 1358/1358/1358 1359/1359/1359
f 1360/1360/1360 1361/1361/1361 1362/1362/1362
f 1363/1363/1363 1364/1364/1364 1365/1365/1365
f 1366/1366/1366 1367/1367/1367 1368/1368/1368
f 1369/1369/1369 1370/1370/1370 1371/1371/1371
f 1372/1372/1372 1373/1373/1373 1374/1374/1374
f 1375/1375/1375 1376/1376/1376 1377/1377/1377
f 1378/1378/1378 1379/1379/1379 1380/1380/1380
f 1381/1381/1381 1382/1382/1382 1383/1383/1383
f 1384/1384/1384 1385/1385/1385 1386/1386/1386
f 1387/1387/1387 1388/1388/1388 1389/1389/1389
f 1390/1390/1390 1391/1391/1391 1392/1392/1392
f 1393/1393/1393 1394/1394/1394 1395/1395/1395
f 1396/1396/1396 1397/1397/1397 1398/1398/1398
f 1399/1399/1399 1400/1400/1400 1401/1401/1401
f 1402/1402/1402 1403/1403/1403 1404/1404/1404
f 1405/1405/1405 1406/1406/1406 1407/1407/1407
f 1408/1408/1408 1409/1409/1409 1410/1410/1410
f 1411/1411/1411 1412/1412/1412 1413/1413/1413
f 1414/1414/1414 1415/1415/1415 1416/1416/1416
f 1417/1417/1417 1418/1418/1418 1419/1419/1419
f 1420/1420/1420 1421/1421/1421 1422/1422/1422
f 1423/1423/1423 1424/1424/1424 1425/1425/1425
f 1426/1426/1426 1427/1427/1427 1428/1428/1428
f 1429/1429/1429 1430/1430/1430 1431/1431/1431
f 1432/1432/1432 1433/1433/1433 1434/1434/1434
f 1435/1435/1435 1436/1436/1436 1437/1437/1437
f 1438/1438/1438 1439/1439/1439 1440/1440/1440
f 1441/1441/1441 1442/1442/1442 1443/1443/1443
f 1444/1444/1444 1445/1445/1445 1446/1446/1446
f 1447/1447/1447 1448/1448/1448 1449/1449/1449
f 1450/1450/1450 1451/1451/1451 1452/1452/1452
f 1453/1453/1453 1454/1454/1454 1455/1455/1455
f 1456/1456/1456 1457/1457/1457 1458/1458/1458
f 1459/1459/1459 1460/1460/1460 1461/1461/1461
f 1462/1462/1462 1463/1463/1463 1464/1464/1464
f 1465/1465/1465 1466/1466/1466 1467/1467/1467
f 1468/1468/1468 1469/1469/1469 1470/1470/1470
f 1471/1471/1471 1472/1472/1472 1473/1473/1473
f 1474/1474/1474 1475/1475/1475 1476/1476/1476
f 1477/1477/1477 1478/1478/1478 1479/1479/1479
f 1480/1480/1480 1481/1481/1481 1482/1482/1482
f 1483/1483/1483 1484/1484/1484 1485/1485/1485
f 1486/1486/1486 1487/1487/1487 1488/1488/1488
f 1489/1489/1489 1490/1490/1490 1491/1491/1491
f 1492/1492/1492 1493/1493/1493 1494/1494/1494
f 1495/1495/1495 1496/1496/1496 1497/1497/1497
f 1498/1498/1498 1499/1499/1499 1500/1500/1500
f 1501/1501/1501 1502/1502/1502 1503/1503/1503
f 1504/1504/1504 1505/1505/1505 1506/1506/1506
f 1507/1507/1507 1508/1508/1508 1509/1509/1509
f 1510/1510/1510 1511/1511/1511 1512/1512/1512
f 1513/1513/1513 1514/1514/1514 1515/1515/1515
f 1516/1516/1516 1517/1517/1517 1518/1518/1518
f 1519/1519/1519 1520/1520/1520 1521/1521/1521
f 1522/1522/1522 1523/1523/1523 1524/1524/1524
f 1525/1525/1525 1526/1526/1526 1527/1527/1527
f 1528/1528/1528 1529/1529/1529 1530/1530/1530
f 1531/1531/1531 1532/1532/1532 1533/1533/1533
f 1534/1534/1534 1535/1535/1535 1536/1536/1536
f 1537/1537/1537 1538/1538/1538 1539/1539/1539
f 1540/1540/1540 1541/1541/1541 1542/1542/1542
f 1543/1543/1543 1544/1544/1544 1545/1545/1545
f 1546/1546/1546 1547/1547/1547 1548/1548/1548
f 1549/1549/1549 1550/1550/1550 1551/1551/1551
f 1552/1552/1552 1553/1553/1553 1554/1554/1554
f 1555/1555/1555 1556/1556/1556 1557/1557/1557
f 1558/1558/1558 1559/1559/1559 1560/1560/1560
f 1561/1561/1561 1562/1562/1562 1563/1563/1563
f 1564/1564/1564 1565/1565/1565 1566/1566/1566
f 1567/1567/1567 1568/1568/1568 1569/1569/1569
f 1570/1570/1570 1571/1571/1571 1572/1572/1572
f 1573/1573/1573 1574/1574/1574 1575/1575/1575
f 1576/1576/1576 1577/1577/1577 1578/1578/1578
f 1579/1579/1579 1580/1580/1580 1581/1581/1581
f 1582/1582/1582 1583/1583/1583 1584/1584/1584
f 1585/1585/1585 1586/1586/1586 1587/1587/1587
f 1588/1588/1588 1589/1589/1589 1590/1590/1590
f 1591/1591/1591 1592/1592/1592 1593/1593/1593
f 1594/1594/1594 1595/1595/1595 1596/1596/1596
f 1597/1597/1597 1598/1598/1598 1599/1599/1599
f 1600/1600/1600 1601/1601/1601 1602/1602/1602
f 1603/1603/1603 1604/1604/1604 1605/1605/1605
f 1606/1606/1606 1607/1607/1607 1608/1608/1608
f 1609/1609/1609 1610/1610/1610 1611/1611/1611
f 1612/1612/1612 1613/1613/1613 1614/1614/1614
f 1615/1615/1615 1616/1616/1616 1617/1617/1617
f 1618/1618/1618 1619/1619/1619 1620/1620/1620
f 1621/1621/1621 1622/1622/1622 1623/1623/1623
f 1624/1624/1624 1625/1625/1625 1626/1626/1626
f 1627/1627/1627 1628/1628/1628 1629/1629/1629
f 1630/1630/1630 1631/1631/1631 1632/1632/1632
f 1633/1633/1633 1634/1634/1634 1635/1635/1635
f 1636/1636/1636 1637/1637/1637 1638/1638/1638
f 1639/1639/1639 1640/1640/1640 1641/1641/1641
f 1642/1642/1642 1643/1643/1643 1644/1644/1644
f 1645/1645/1645 1646/1646/1646 1647/1647/1647
f 1648/1648/1648 1649/1649/1649 1650/1650/1650
f 1651/1651/1651 1652/1652/1652 1653/1653/1653
f 1654/1654/1654 1655/1655/1655 1656/1656/1656
f 1657/1657/1657 1658/1658/1658 1659/1659/1659
f 1660/1660/1660 1661/1661/1661 1662/1662/1662
f 1663/1663/1663 1664/1664/1664 1665/1665/1665
f 1666/1666/1666 1667/1667/1667 1668/1668/1668
f 1669/1669/1669 1670/1670/1670 1671/1671/1671
f 1672/1672/1672 1673/1673/1673 1674/1674/1674
f 1675/1675/1675 1676/1676/1676 1677/1677/1677
f 1678/1678/1678 1679/1679/1679 1680/1680/1680
f 1681/1681/1681 1682/1682/1682 1683/1683/1683
f 1684/1684/1684 1685/1685/1685 1686/1686/1686
f 1687/1687/1687 1688/1688/1688 1689/1689/1689
f 1690/1690/1690 1691/1691/1691 1692/1692/1692
f 1693/1693/1693 1694/1694/1694 1695/1695/1695
f 1696/1696/1696 1697/1697/1697 1698/1698/1698
f 1699/1699/1699 1700/1700/1700 1701/1701/1701
f 1702/1702/1702 1703/1703/1703 1704/1704/1704
f 1705/1705/1705 1706/1706/1706 1707/1707/1707
f 1708/1708/1708 1709/1709/1709 1710/1710/1710
f 1711/1711/1711 1712/1712/1712 1713/1713/1713
f 1714/1714/1714 1715/1715/1715 1716/1716/1716
f 1717/1717/1717 1718/1718/1718 1719/1719/1719
f 1720/1720/1720 1721/1721/1721 1722/1722/1722
f 1723/1723/1723 1724/1724/1724 1725/1725/1725
f 1726/1726/1726 1727/1727/1727 1728/1728/1728
f 1729/1729/1729 1730/1730/1730 1731/1731/1731
f 1732/1732/1732 1733/1733/1733 1734/1734/1734
f 1735/1735/1735 1736/1736/1736 1737/1737/1737
f 1738/1738/1738 1739/1739/1739 1740/1740/1740
f 1741/1741/1741 1742/1742/1742 1743/1743/1743
f 1744/1744/1744 1745/1745/1745 1746/1746/1746
f 1747/1747/1747 1748/1748/1748 1749/1749/1749
f 1750/1750/1750 1751/1751/1751 1752/1752/1752
f 1753/1753/1753 1754/1754/1754 1755/1755/1755
f 1756/1756/1756 1757/1757/1757 1758/1758/1758
f 1759/1759/1759 1760/1760/1760 1761/1761/1761
f 1762/1762/1762 1763/1763/1763 1764/1764/1764
f 1765/1765/1765 1766/1766/1766 1767/1767/1767
f 1768/1768/1768 1769/1769/1769 1770/1770/1770
f 1771/1771/1771 1772/1772/1772 1773/1773/1773
f 1774/1774/1774 1775/1775/1775 1776/1776/1776
f 1777/1777/1777 1778/1778/1778 1779/1779/1779
f 1780/1780/1780 1781/1781/1781 1782/1782/1782
f 1783/1783/1783 1784/1784/1784 1785/1785/1785
f 1786/1786/1786 1787/1787/1787 1788/1788/1788
f 1789/1789/1789 1790/1790/1790 1791/1791/1791
f 1792/1792/1792 1793/1793/1793 1794/1794/1794
f 1795/1795/1795 1796/1796/1796 1797/1797/1797
f 1798/1798/1798 1799/1799/1799 1800/1800/1800
f 1801/1801/1801 1802/1802/1802 1803/1803/1803
f 1804/1804/1804 1805/1805/1805 1806/1806/1806
f 1807/1807/1807 1808/1808/1808 1809/1809/1809
f 1810/1810/1810 1811/1811/1811 1812/1812/1812
f 1813/1813/1813 1814/1814/1814 1815/1815/1815
f 1816/1816/1816 1817/1817/1817 1818/1818/1818
f 1819/1819/1819 1820/1820/1820 1821/1821/1821
f 1822/1822/1822 1823/1823/1823 1824/1824/1824
f 1825/1825/1825 1826/1826/1826 1827/1827/1827
f 1828/1828/1828 1829/1829/1829 1830/1830/1830
f 1831/1831/1831 1832/1832/1832 1833/1833/1833
f 1834/1834/1834 1835/1835/1835 1836/1836/1836
f 1837/1837/1837 1838/1838/1838 1839/1839/1839
f 1840/1840/1840 1841/1841/1841 1842/1842/1842
f 1843/1843/1843 1844/1844/1844 1845/1845/1845
f 1846/1846/1846 1847/1847/1847 1848/1848/1848
f 1849/1849/1849 1850/1850/1850 1851/1851/1851
f 1852/1852/1852 1853/1853/1853 1854/1854/1854
f 1855/1855/1855 1856/1856/1856 1857/1857/1857
f 1858/1858/1858 1859/1859/1859 1860/1860/1860
f 1861/1861/1861 1862/1862/1862 1863/1863/1863
f 1864/1864/1864 1865/1865/1865 1866/1866/1866
f 1867/1867/1867 1868/1868/1868 1869/1869/1869
f 1870/1870/1870 1871/1871/1871 1872/1872/1872
f 1873/1873/1873 1874/1874/1874 1875/1875/1875
f 1876/1876/1876 1877/1877/1877 1878/1878/1878
f 1879/1879/1879 1880/1880/1880 1881/1881/1881
f 1882/1882/1882 1883/1883/1883 1884/1884/1884
f 1885/1885/1885 1886/1886/1886 1887/1887/1887
f 1888/1888/1888 1889/1889/1889 1890/1890/1890
f 1891/1891/1891 1892/1892/1892 1893/1893/1893
f 1894/1894/1894 1895/1895/1895 1896/1896/1896
f 1897/1897/1897 1898/1898/1898 1899/1899/1899
f 1900/1900/1900 1901/1901/1901 1902/1902/1902
f 1903/1903/1903 1904/1904/1904 1905/1905/1905
f 1906/1906/1906 1907/1907/1907 1908/1908/1908
f 1909/1909/1909 1910/1910/1910 1911/1911/1911
f 1912/1912/1912 1913/1913/1913 1914/1914/1914
f 1915/1915/1915 1916/1916/1916 1917/1917/1917
f 1918/1918/1918 1919/1919/1919 1920/1920/1920
f 1921/1921/1921 1922/1922/1922 1923/1923/1923
f 1924/1924/1924 1925/1925/1925 1926/1926/1926
f 1927/1927/1927 1928/1928/1928 1929/1929/1929
f 1930/1930/1930 1931/1931/1931 1932/1932/1932
f 1933/1933/1933 1934/1934/1934 1935/1935/1935
f 1936/1936/1936 1937/1937/1937 1938/1938/1938
f 1939/1939/1939 1940/1940/1940 1941/1941/1941
f 1942/1942/1942 1943/1943/1943 1944/1944/1944
f 1945/1945/1945 1946/1946/1946 1947/1947/1947
f 1948/1948/1948 1949/1949/1949 1950/1950/1950
f 1951/1951/1951 1952/1952/1952 1953/1953/1953
f 1954/1954/1954 1955/1955/1955 1956/1956/1956
f 1957/1957/1957 1958/1958/1958 1959/1959/1959
f 1960/1960/1960 1961/1961/1961 1962/1962/1962
f 1963/1963/1963 1964/1964/1964 1965/1965/1965
f 1966/1966/1966 1967/1967/1967 1968/1968/1968
f 1969/1969/1969 1970/1970/1970 1971/1971/1971
f 1972/1972/1972 1973/1973/1973 1974/1974/1974
f 1975/1975/1975 1976/1976/1976 1977/1977/1977
f 1978/1978/1978 1979/1979/1979 1980/1980/1980
f 1981/1981/1981 1982/1982/1982 1983/1983/1983
f 1984/1984/1984 1985/1985/1985 1986/1986/1986
f 1987/1987/1987 1988/1988/1988 1989/1989/1989
f 1990/1990/1990 1991/1991/1991 1992/1992/1992
f 1993/1993/1993 1994/1994/1994 1995/1995/1995
f 1996/1996/1996 1997/1997/1997 1998/1998/1998
f 1999/1999/1999 2000/2000/2000 2001/2001/2001
f 2002/2002/2002 2003/2003/2003 2004/2004/2004
f 2005/2005/2005 2006/2006/2006 2007/2007/2007
f 2008/2008/2008 2009/2009/2009 2010/2010/2010
f 2011/2011/2011 2012/2012/2012 2013/2013/2013
f 2014/2014/2014 2015/2015/2015 2016/2016/2016
f 2017/2017/2017 2018/2018/2018 2019/2019/2019
f 2020/2020/2020 2021/2021/2021 2022/2022/2022
f 2023/2023/2023 2024/2024/2024 2025/2025/2025
f 2026/2026/2026 2027/2027/2027 2028/2028/2028
f 2029/2029/2029 2030/2030/2030 2031/2031/2031
f 2032/2032/2032 2033/2033/2033 2034/2034/2034
f 2035/2035/2035 2036/2036/2036 2037/2037/2037
f 2038/2038/2038 2039/2039/2039 2040/2040/2040
f 2041/2041/2041 2042/2042/2042 2043/2043/2043
f 2044/2044/2044 2045/2045/2045 2046/2046/2046
f 2047/2047/2047 2048/2048/2048 2049/2049/2049
f 2050/2050/2050 2051/2051/2051 2052/2052/2052
f 2053/2053/2053 2054/2054/2054 2055/2055/2055
f 2056/2056/2056 2057/2057/2057 2058/2058/2058
f 2059/2059/2059 2060/2060/2060 2061/2061/2061
f 2062/2062/2062 2063/2063/2063 2064/2064/2064
f 2065/2065/2065 2066/2066/2066 2067/2067/2067
f 2068/2068/2068 2069/2069/2069 2070/2070/2070
f 2071/2071/2071 2072/2072/2072 2073/2073/2073
f 2074/2074/2074 2075/2075/2075 2076/2076/2076
f 2077/2077/2077 2078/2078/2078 2079/2079/2079
f 2080/2080/2080 2081/2081/2081 2082/2082/2082
f 2083/2083/2083 2084/2084/2084 2085/2085/2085
f 2086/2086/2086 2087/2087/2087 2088/2088/2088
f 2089/2089/2089 2090/2090/2090 2091/2091/2091
f 2092/2092/2092 2093/2093/2093 2094/2094/2094
f 2095/2095/2095 2096/2096/2096 2097/2097/2097
f 2098/2098/2098 2099/2099/2099 2100/2100/2100
f 2101/2101/2101 2102/2102/2102 2103/2103/2103
f 2104/2104/2104 2105/2105/2105 2106/2106/2106
f 2107/2107/2107 2108/2108/2108 2109/2109/2109
f 2110/2110/2110 2111/2111/2111 2112/2112/2112
f 2113/2113/2113 2114/2114/2114 2115/2115/2115
f 2116/2116/2116 2117/2117/2117 2118/2118/2118
f 2119/2119/2119 2120/2120/2120 2121/2121/2121
f 2122/2122/2122 2123/2123/2123 2124/2124/2124
f 2125/2125/2125 2126/2126/2126 2127/2127/2127
f 2128/2128/2128 2129/2129/2129 2130/2130/2130
f 2131/2131/2131 2132/2132/2132 2133/2133/2133
f 2134/2134/2134 2135/2135/2135 2136/2136/2136
f 2137/2137/2137 2138/2138/2138 2139/2139/2139
f 2140/2140/2140 2141/2141/2141 2142/2142/2142
f 2143/2143/2143 2144/2144/2144 2145/2145/2145
f 2146/2146/2146 2147/2147/2147 2148/2148/2148
f 2149/2149/2149 2150/2150/2150 2151/2151/2151
f 2152/2152/2152 2153/2153/2153 2154/2154/2154
f 2155/2155/2155 2156/2156/2156 2157/2157/2157
f 2158/2158/2158 2159/2159/2159 2160/2160/2160
f 2161/2161/2161 2162/2162/2162 2163/2163/2163
f 2164/2164/2164 2165/2165/2165 2166/2166/2166
f 2167/2167/2167 2168/2168/2168 2169/2169/2169
f 2170/2170/2170 2171/2171/2171 2172/2172/2172
f 2173/2173/2173 2174/2174/2174 2175/2175/2175
f 2176/2176/2176 2177/2177/2177 2178/2178/2178
f 2179/2179/2179 2180/2180/2180 2181/2181/2181
f 2182/2182/2182 2183/2183/2183 2184/2184/2184
f 2185/2185/2185 2186/2186/2186 2187/2187/2187
f 2188/2188/2188 2189/2189/2189 2190/2190/2190
f 2191/2191/2191 2192/2192/2192 2193/2193/2193
f 2194/2194/2194 2195/2195/2195 2196/2196/2196
f 2197/2197/2197 2198/2198/2198 2199/2199/2199
f 2200/2200/2200 2201/2201/2201 2202/2202/2202
f 2203/2203/2203 2204/2204/2204 2205/2205/2205
f 2206/2206/2206 2207/2207/2207 2208/2208/2208
f 2209/2209/2209 2210/2210/2210 2211/2211/2211
f 2212/2212/2212 2213/2213/2213 2214/2214/2214
f 2215/2215/2215 2216/2216/2216 2217/2217/2217
f 2218/2218/2218 2219/2219/2219 2220/2220/2220
f 2221/2221/2221 2222/2222/2222 2223/2223/2223
f 2224/2224/2224 2225/2225/2225 2226/2226/2226
f 2227/2227/2227 2228/2228/2228 2229/2229/2229
f 2230/2230/2230 2231/2231/2231 2232/2232/2232
f 2233/2233/2233 2234/2234/2234 2235/2235/2235
f 2236/2236/2236 2237/2237/2237 2238/2238/2238
f 2239/2239/2239 2240/2240/2240 2241/2241/2241
f 2242/2242/2242 2243/2243/2243 2244/2244/2244
f 2245/2245/2245 2246/2246/2246 2247/2247/2247
f 2248/2248/2248 2249/2249/2249 2250/2250/2250
f 2251/2251/2251 2252/2252/2252 2253/2253/2253
f 2254/2254/2254 2255/2255/2255 2256/2256/2256
f 2257/2257/2257 2258/2258/2258 2259/2259/2259
f 2260/2260/2260 2261/2261/2261 2262/2262/2262
f 2263/2263/2263 2264/2264/2264 2265/2265/2265
f 2266/2266/2266 2267/2267/2267 2268/2268/2268
f 2269/2269/2269 2270/2270/2270 2271/2271/2271
f 2272/2272/2272 2273/2273/2273 2274/2274/2274
f 2275/2275/2275 2276/2276/2276 2277/2277/2277
f 2278/2278/2278 2279/2279/2279 2280/2280/2280
f 2281/2281/2281 2282/2282/2282 2283/2283/2283
f 2284/2284/2284 2285/2285/2285 2286/2286/2286
f 2287/2287/2287 2288/2288/2288 2289/2289/2289
f 2290/2290/2290 2291/2291/2291 2292/2292/2292
f 2293/2293/2293 2294/2294/2294 2295/2295/2295
f 2296/2296/2296 2297/2297/2297 2298/2298/2298
f 2299/2299/2299 2300/2300/2300 2301/2301/2301
f 2302/2302/2302 2303/2303/2303 2304/2304/2304
f 2305/2305/2305 2306/2306/2306 2307/2307/2307
f 2308/2308/2308 2309/2309/2309 2310/2310/2310
f 2311/2311/2311 2312/2312/2312 2313/2313/2313
f 2314/2314/2314 2315/2315/2315 2316/2316/2316
f 2317/2317/2317 2318/2318/2318 2319/2319/2319
f 2320/2320/2320 2321/2321/2321 2322/2322/2322
f 2323/2323/2323 2324/2324/2324 2325/2325/2325
f 2326/2326/2326 2327/2327/2327 2328/2328/2328
f 2329/2329/2329 2330/2330/2330 2331/2331/2331
f 2332/2332/2332 2333/2333/2333 2334/2334/2334
f 2335/2335/2335 2336/2336/2336 2337/2337/2337
f 2338/2338/2338 2339/2339/2339 2340/2340/2340
f 2341/2341/2341 2342/2342/2342 2343/2343/2343
f 2344/2344/2344 2345/2345/2345 2346/2346/2346
f 2347/2347/2347 2348/2348/2348 2349/2349/2349
f 2350/2350/2350 2351/2351/2351 2352/2352/2352
f 2353/2353/2353 2354/2354/2354 2355/2355/2355
f 2356/2356/2356 2357/2357/2357 2358/2358/2358
f 2359/2359/2359 2360/2360/2360 2361/2361/2361
f 2362/2362/2362 2363/2363/2363 2364/2364/2364
f 2365/2365/2365 2366/2366/2366 2367/2367/2367
f 2368/2368/2368 2369/2369/2369 2370/2370/2370
f 2371/2371/2371 2372/2372/2372 2373/2373/2373
f 2374/2374/2374 2375/2375/2375 2376/2376/2376
f 2377/2377/2377 2378/2378/2378 2379/2379/2379
f 2380/2380/2380 2381/2381/2381 2382/2382/2382
f 2383/2383/2383 2384/2384/2384 2385/2385/2385
f 2386/2386/2386 2387/2387/2387 2388/2388/2388
f 2389/2389/2389 2390/2390/2390 2391/2391/2391
f 2392/2392/2392 2393/2393/2393 2394/2394/2394
f 2395/2395/2395 2396/2396/2396 2397/2397/2397
f 2398/2398/2398 2399/2399/2399 2400/2400/2400
f 2401/2401/2401 2402/2402/2402 2403/2403/2403
f 2404/2404/2404 2405/2405/2405 2406/2406/2406
f 2407/2407/2407 2408/2408/2408 2409/2409/2409
f 2410/2410/2410 2411/2411/2411 2412/2412/2412
f 2413/2413/2413 2414/2414/2414 2415/2415/2415
f 2416/2416/2416 2417/2417/2417 2418/2418/2418
f 2419/2419/2419 2420/2420/2420 2421/2421/2421
f 2422/2422/2422 2423/2423/2423 2424/2424/2424
f 2425/2425/2425 2426/2426/2426 2427/2427/2427
f 2428/2428/2428 2429/2429/2429 2430/2430/2430
f 2431/2431/2431 2432/2432/2432 2433/2433/2433
f 2434/2434/2434 2435/2435/2435 2436/2436/2436
f 2437/2437/2437 2438/2438/2438 2439/2439/2439
f 2440/2440/2440 2441/2441/2441 2442/2442/2442
f 2443/2443/2443 2444/2444/2444 2445/2445/2445
f 2446/2446/2446 2447/2447/2447 2448/2448/2448
f 2449/2449/2449 2450/2450/2450 2451/2451/2451
f 2452/2452/2452 2453/2453/2453 2454/2454/2454
f 2455/2455/2455 2456/2456/2456 2457/2457/2457
f 2458/2458/2458 2459/2459/2459 2460/2460/2460
f 2461/2461/2461 2462/2462/2462 2463/2463/2463
f 2464/2464/2464 2465/2465/2465 2466/2466/2466
f 2467/2467/2467 2468/2468/2468 2469/2469/2469
f 2470/2470/2470 2471/2471/2471 2472/2472/2472
f 2473/2473/2473 2474/2474/2474 2475/2475/2475
f 2476/2476/2476 2477/2477/2477 2478/2478/2478
f 2479/2479/2479 2480/2480/2480 2481/2481/2481
f 2482/2482/2482 2483/2483/2483 2484/2484/2484
f 2485/2485/2485 2486/2486/2486 2487/2487/2487
f 2488/2488/2488 2489/2489/2489 2490/2490/2490
f 2491/2491/2491 2492/2492/2492 2493/2493/2493
f 2494/2494/2494 2495/2495/2495 2496/2496/2496
f 2497/2497/2497 2498/2498/2498 2499/2499/2499
f 2500/2500/2500 2501/2501/2501 2502/2502/2502
f 2503/2503/2503 2504/2504/2504 2505/2505/2505
f 2506/2506/2506 2507/2507/2507 2508/2508/2508
f 2509/2509/2509 2510/2510/2510 2511/2511/2511
f 2512/2512/2512 2513/2513/2513 2514/2514/2514
f 2515/2515/2515 2516/2516/2516 2517/2517/2517
f 2518/2518/2518 2519/2519/2519 2520/2520/2520
f 2521/2521/2521 2522/2522/2522 2523/2523/2523
f 2524/2524/2524 2525/2525/2525 2526/2526/2526
f 2527/2527/2527 2528/2528/2528 2529/2529/2529
f 2530/2530/2530 2531/2531/2531 2532/2532/2532
f 2533/2533/2533 2534/2534/2534 2535/2535/2535
f 2536/2536/2536 2537/2537/2537 2538/2538/2538
f 2539/2539/2539 2540/2540/2540 2541/2541/2541
f 2542/2542/2542 2543/2543/2543 2544/2544/2544
f 2545/2545/2545 2546/2546/2546 2547/2547/2547
f 2548/2548/2548 2549/2549/2549 2550/2550/2550
f 2551/2551/2551 2552/2552/2552 2553/2553/2553
f 2554/2554/2554 2555/2555/2555 2556/2556/2556
f 2557/2557/2557 2558/2558/2558 2559/2559/2559
f 2560/2560/2560 2561/2561/2561 2562/2562/2562
f 2563/2563/2563 2564/2564/2564 2565/2565/2565
f 2566/2566/2566 2567/2567/2567 2568/2568/2568
f 2569/2569/2569 2570/2570/2570 2571/2571/2571
f 2572/2572/2572 2573/2573/2573 2574/2574/2574
f 2575/2575/2575 2576/2576/2576 2577/2577/2577
f 2578/2578/2578 2579/2579/2579 2580/2580/2580
f 2581/2581/2581 2582/2582/2582 2583/2583/2583
f 2584/2584/2584 2585/2585/2585 2586/2586/2586
f 2587/2587/2587 2588/2588/2588 2589/2589/2589
f 2590/2590/2590 2591/2591/2591 2592/2592/2592
f 2593/2593/2593 2594/2594/2594 2595/2595/2595
f 2596/2596/2596 2597/2597/2597 2598/2598/2598
f 2599/2599/2599 2600/2600/2600 2601/2601/2601
f 2602/2602/2602 2603/2603/2603 2604/2604/2604
f 2605/2605/2605 2606/2606/2606 2607/2607/2607
f 2608/2608/2608 2609/2609/2609 2610/2610/2610
f 2611/2611/2611 2612/2612/2612 2613/2613/2613
f 2614/2614/2614 2615/2615/2615 2616/2616/2616
f 2617/2617/2617 2618/2618/2618 2619/2619/2619
f 2620/2620/2620 2621/2621/2621 2622/2622/2622
f 2623/2623/2623 2624/2624/2624 2625/2625/2625
f 2626/2626/2626 2627/2627/2627 2628/2628/2628
f 2629/2629/2629 2630/2630/2630 2631/2631/2631
f 2632/2632/2632 2633/2633/2633 2634/2634/2634
f 2635/2635/2635 2636/2636/2636 2637/2637/2637
f 2638/2638/2638 2639/2639/2639 2640/2640/2640
o cable_gland
usemtl graphite_housing
v 0 0.02800000011175871 0.01699999988824129
v 0.0006526309880428016 0.0280427757576108 0.01699999988824129
v 0.00129409518558532 0.02817037067562342 0.01699999988824129
v 0.0019134171307086945 0.028380602311342956 0.01699999988824129
v 0.0024999999441206455 0.028669872965663673 0.01699999988824129
v 0.0030438071116805077 0.029033233124762775 0.01699999988824129
v 0.0035355337895452976 0.029464466210454704 0.01699999988824129
v 0.0039667668752372265 0.029956192888319494 0.01699999988824129
v 0.0043301270343363285 0.030500000055879356 0.01699999988824129
v 0.004619397688657045 0.031086582869291307 0.01699999988824129
v 0.004829629324376583 0.03170590481441468 0.01699999988824129
v 0.004957224242389202 0.0323473690119572 0.01699999988824129
v 0.004999999888241291 0.033 0.01699999988824129
v 0.004957224242389202 0.0336526309880428 0.01699999988824129
v 0.004829629324376583 0.03429409518558532 0.01699999988824129
v 0.004619397688657045 0.034913417130708696 0.01699999988824129
v 0.0043301270343363285 0.03549999994412065 0.01699999988824129
v 0.0039667668752372265 0.03604380711168051 0.01699999988824129
v 0.0035355337895452976 0.0365355337895453 0.01699999988824129
v 0.0030438071116805077 0.03696676687523723 0.01699999988824129
v 0.0024999999441206455 0.03733012703433633 0.01699999988824129
v 0.0019134171307086945 0.03761939768865705 0.01699999988824129
v 0.00129409518558532 0.037829629324376585 0.01699999988824129
v 0.0006526309880428016 0.037957224242389204 0.01699999988824129
v 6.12323395273311e-19 0.03799999988824129 0.01699999988824129
v -0.0006526309880428016 0.037957224242389204 0.01699999988824129
v -0.00129409518558532 0.037829629324376585 0.01699999988824129
v -0.0019134171307086945 0.03761939768865705 0.01699999988824129
v -0.0024999999441206455 0.03733012703433633 0.01699999988824129
v -0.0030438071116805077 0.03696676687523723 0.01699999988824129
v -0.0035355337895452976 0.0365355337895453 0.01699999988824129
v -0.0039667668752372265 0.03604380711168051 0.01699999988824129
v -0.0043301270343363285 0.03549999994412065 0.01699999988824129
v -0.004619397688657045 0.034913417130708696 0.01699999988824129
v -0.004829629324376583 0.03429409518558532 0.01699999988824129
v -0.004957224242389202 0.0336526309880428 0.01699999988824129
v -0.004999999888241291 0.033 0.01699999988824129
v -0.004957224242389202 0.0323473690119572 0.01699999988824129
v -0.004829629324376583 0.03170590481441468 0.01699999988824129
v -0.004619397688657045 0.031086582869291307 0.01699999988824129
v -0.0043301270343363285 0.030500000055879356 0.01699999988824129
v -0.0039667668752372265 0.029956192888319494 0.01699999988824129
v -0.0035355337895452976 0.029464466210454704 0.01699999988824129
v -0.0030438071116805077 0.029033233124762775 0.01699999988824129
v -0.0024999999441206455 0.028669872965663673 0.01699999988824129
v -0.0019134171307086945 0.028380602311342956 0.01699999988824129
v -0.00129409518558532 0.02817037067562342 0.01699999988824129
v -0.0006526309880428016 0.0280427757576108 0.01699999988824129
v -1.224646790546622e-18 0.02800000011175871 0.01699999988824129
v 0 0.02800000011175871 0.00700000011175871
v 0.0006526309880428016 0.0280427757576108 0.00700000011175871
v 0.00129409518558532 0.02817037067562342 0.00700000011175871
v 0.0019134171307086945 0.028380602311342956 0.00700000011175871
v 0.0024999999441206455 0.028669872965663673 0.00700000011175871
v 0.0030438071116805077 0.029033233124762775 0.00700000011175871
v 0.0035355337895452976 0.029464466210454704 0.00700000011175871
v 0.0039667668752372265 0.029956192888319494 0.00700000011175871
v 0.0043301270343363285 0.030500000055879356 0.00700000011175871
v 0.004619397688657045 0.031086582869291307 0.007000000111758709
v 0.004829629324376583 0.03170590481441468 0.007000000111758709
v 0.004957224242389202 0.0323473690119572 0.007000000111758709
v 0.004999999888241291 0.033 0.007000000111758709
v 0.004957224242389202 0.0336526309880428 0.007000000111758709
v 0.004829629324376583 0.03429409518558532 0.007000000111758709
v 0.004619397688657045 0.034913417130708696 0.007000000111758709
v 0.0043301270343363285 0.03549999994412065 0.007000000111758708
v 0.0039667668752372265 0.03604380711168051 0.007000000111758708
v 0.0035355337895452976 0.0365355337895453 0.007000000111758708
v 0.0030438071116805077 0.03696676687523723 0.007000000111758708
v 0.0024999999441206455 0.03733012703433633 0.007000000111758708
v 0.0019134171307086945 0.03761939768865705 0.007000000111758708
v 0.00129409518558532 0.037829629324376585 0.007000000111758708
v 0.0006526309880428016 0.037957224242389204 0.007000000111758708
v 6.12323395273311e-19 0.03799999988824129 0.007000000111758708
v -0.0006526309880428016 0.037957224242389204 0.007000000111758708
v -0.00129409518558532 0.037829629324376585 0.007000000111758708
v -0.0019134171307086945 0.03761939768865705 0.007000000111758708
v -0.0024999999441206455 0.03733012703433633 0.007000000111758708
v -0.0030438071116805077 0.03696676687523723 0.007000000111758708
v -0.0035355337895452976 0.0365355337895453 0.007000000111758708
v -0.0039667668752372265 0.03604380711168051 0.007000000111758708
v -0.0043301270343363285 0.03549999994412065 0.007000000111758708
v -0.004619397688657045 0.034913417130708696 0.007000000111758709
v -0.004829629324376583 0.03429409518558532 0.007000000111758709
v -0.004957224242389202 0.0336526309880428 0.007000000111758709
v -0.004999999888241291 0.033 0.007000000111758709
v -0.004957224242389202 0.0323473690119572 0.007000000111758709
v -0.004829629324376583 0.03170590481441468 0.007000000111758709
v -0.004619397688657045 0.031086582869291307 0.007000000111758709
v -0.0043301270343363285 0.030500000055879356 0.00700000011175871
v -0.0039667668752372265 0.029956192888319494 0.00700000011175871
v -0.0035355337895452976 0.029464466210454704 0.00700000011175871
v -0.0030438071116805077 0.029033233124762775 0.00700000011175871
v -0.0024999999441206455 0.028669872965663673 0.00700000011175871
v -0.0019134171307086945 0.028380602311342956 0.00700000011175871
v -0.00129409518558532 0.02817037067562342 0.00700000011175871
v -0.0006526309880428016 0.0280427757576108 0.00700000011175871
v -1.224646790546622e-18 0.02800000011175871 0.00700000011175871
v 0 0.033 0.01699999988824129
v 0 0.033 0.01699999988824129
v 0 0.033 0.01699999988824129
v 0 0.033 0.01699999988824129
v 0 0.033 0.01699999988824129
v 0 0.033 0.01699999988824129
v 0 0.033 0.01699999988824129
v 0 0.033 0.01699999988824129
v 0 0.033 0.01699999988824129
v 0 0.033 0.01699999988824129
v 0 0.033 0.01699999988824129
v 0 0.033 0.01699999988824129
v 0 0.033 0.01699999988824129
v 0 0.033 0.01699999988824129
v 0 0.033 0.01699999988824129
v 0 0.033 0.01699999988824129
v 0 0.033 0.01699999988824129
v 0 0.033 0.01699999988824129
v 0 0.033 0.01699999988824129
v 0 0.033 0.01699999988824129
v 0 0.033 0.01699999988824129
v 0 0.033 0.01699999988824129
v 0 0.033 0.01699999988824129
v 0 0.033 0.01699999988824129
v 0 0.033 0.01699999988824129
v 0 0.033 0.01699999988824129
v 0 0.033 0.01699999988824129
v 0 0.033 0.01699999988824129
v 0 0.033 0.01699999988824129
v 0 0.033 0.01699999988824129
v 0 0.033 0.01699999988824129
v 0 0.033 0.01699999988824129
v 0 0.033 0.01699999988824129
v 0 0.033 0.01699999988824129
v 0 0.033 0.01699999988824129
v 0 0.033 0.01699999988824129
v 0 0.033 0.01699999988824129
v 0 0.033 0.01699999988824129
v 0 0.033 0.01699999988824129
v 0 0.033 0.01699999988824129
v 0 0.033 0.01699999988824129
v 0 0.033 0.01699999988824129
v 0 0.033 0.01699999988824129
v 0 0.033 0.01699999988824129
v 0 0.033 0.01699999988824129
v 0 0.033 0.01699999988824129
v 0 0.033 0.01699999988824129
v 0 0.033 0.01699999988824129
v 0 0.02800000011175871 0.01699999988824129
v 0.0006526309880428016 0.0280427757576108 0.01699999988824129
v 0.00129409518558532 0.02817037067562342 0.01699999988824129
v 0.0019134171307086945 0.028380602311342956 0.01699999988824129
v 0.0024999999441206455 0.028669872965663673 0.01699999988824129
v 0.0030438071116805077 0.029033233124762775 0.01699999988824129
v 0.0035355337895452976 0.029464466210454704 0.01699999988824129
v 0.0039667668752372265 0.029956192888319494 0.01699999988824129
v 0.0043301270343363285 0.030500000055879356 0.01699999988824129
v 0.004619397688657045 0.031086582869291307 0.01699999988824129
v 0.004829629324376583 0.03170590481441468 0.01699999988824129
v 0.004957224242389202 0.0323473690119572 0.01699999988824129
v 0.004999999888241291 0.033 0.01699999988824129
v 0.004957224242389202 0.0336526309880428 0.01699999988824129
v 0.004829629324376583 0.03429409518558532 0.01699999988824129
v 0.004619397688657045 0.034913417130708696 0.01699999988824129
v 0.0043301270343363285 0.03549999994412065 0.01699999988824129
v 0.0039667668752372265 0.03604380711168051 0.01699999988824129
v 0.0035355337895452976 0.0365355337895453 0.01699999988824129
v 0.0030438071116805077 0.03696676687523723 0.01699999988824129
v 0.0024999999441206455 0.03733012703433633 0.01699999988824129
v 0.0019134171307086945 0.03761939768865705 0.01699999988824129
v 0.00129409518558532 0.037829629324376585 0.01699999988824129
v 0.0006526309880428016 0.037957224242389204 0.01699999988824129
v 6.12323395273311e-19 0.03799999988824129 0.01699999988824129
v -0.0006526309880428016 0.037957224242389204 0.01699999988824129
v -0.00129409518558532 0.037829629324376585 0.01699999988824129
v -0.0019134171307086945 0.03761939768865705 0.01699999988824129
v -0.0024999999441206455 0.03733012703433633 0.01699999988824129
v -0.0030438071116805077 0.03696676687523723 0.01699999988824129
v -0.0035355337895452976 0.0365355337895453 0.01699999988824129
v -0.0039667668752372265 0.03604380711168051 0.01699999988824129
v -0.0043301270343363285 0.03549999994412065 0.01699999988824129
v -0.004619397688657045 0.034913417130708696 0.01699999988824129
v -0.004829629324376583 0.03429409518558532 0.01699999988824129
v -0.004957224242389202 0.0336526309880428 0.01699999988824129
v -0.004999999888241291 0.033 0.01699999988824129
v -0.004957224242389202 0.0323473690119572 0.01699999988824129
v -0.004829629324376583 0.03170590481441468 0.01699999988824129
v -0.004619397688657045 0.031086582869291307 0.01699999988824129
v -0.0043301270343363285 0.030500000055879356 0.01699999988824129
v -0.0039667668752372265 0.029956192888319494 0.01699999988824129
v -0.0035355337895452976 0.029464466210454704 0.01699999988824129
v -0.0030438071116805077 0.029033233124762775 0.01699999988824129
v -0.0024999999441206455 0.028669872965663673 0.01699999988824129
v -0.0019134171307086945 0.028380602311342956 0.01699999988824129
v -0.00129409518558532 0.02817037067562342 0.01699999988824129
v -0.0006526309880428016 0.0280427757576108 0.01699999988824129
v -1.224646790546622e-18 0.02800000011175871 0.01699999988824129
v 0 0.033 0.007000000111758709
v 0 0.033 0.007000000111758709
v 0 0.033 0.007000000111758709
v 0 0.033 0.007000000111758709
v 0 0.033 0.007000000111758709
v 0 0.033 0.007000000111758709
v 0 0.033 0.007000000111758709
v 0 0.033 0.007000000111758709
v 0 0.033 0.007000000111758709
v 0 0.033 0.007000000111758709
v 0 0.033 0.007000000111758709
v 0 0.033 0.007000000111758709
v 0 0.033 0.007000000111758709
v 0 0.033 0.007000000111758709
v 0 0.033 0.007000000111758709
v 0 0.033 0.007000000111758709
v 0 0.033 0.007000000111758709
v 0 0.033 0.007000000111758709
v 0 0.033 0.007000000111758709
v 0 0.033 0.007000000111758709
v 0 0.033 0.007000000111758709
v 0 0.033 0.007000000111758709
v 0 0.033 0.007000000111758709
v 0 0.033 0.007000000111758709
v 0 0.033 0.007000000111758709
v 0 0.033 0.007000000111758709
v 0 0.033 0.007000000111758709
v 0 0.033 0.007000000111758709
v 0 0.033 0.007000000111758709
v 0 0.033 0.007000000111758709
v 0 0.033 0.007000000111758709
v 0 0.033 0.007000000111758709
v 0 0.033 0.007000000111758709
v 0 0.033 0.007000000111758709
v 0 0.033 0.007000000111758709
v 0 0.033 0.007000000111758709
v 0 0.033 0.007000000111758709
v 0 0.033 0.007000000111758709
v 0 0.033 0.007000000111758709
v 0 0.033 0.007000000111758709
v 0 0.033 0.007000000111758709
v 0 0.033 0.007000000111758709
v 0 0.033 0.007000000111758709
v 0 0.033 0.007000000111758709
v 0 0.033 0.007000000111758709
v 0 0.033 0.007000000111758709
v 0 0.033 0.007000000111758709
v 0 0.033 0.007000000111758709
v 0 0.02800000011175871 0.00700000011175871
v 0.0006526309880428016 0.0280427757576108 0.00700000011175871
v 0.00129409518558532 0.02817037067562342 0.00700000011175871
v 0.0019134171307086945 0.028380602311342956 0.00700000011175871
v 0.0024999999441206455 0.028669872965663673 0.00700000011175871
v 0.0030438071116805077 0.029033233124762775 0.00700000011175871
v 0.0035355337895452976 0.029464466210454704 0.00700000011175871
v 0.0039667668752372265 0.029956192888319494 0.00700000011175871
v 0.0043301270343363285 0.030500000055879356 0.00700000011175871
v 0.004619397688657045 0.031086582869291307 0.007000000111758709
v 0.004829629324376583 0.03170590481441468 0.007000000111758709
v 0.004957224242389202 0.0323473690119572 0.007000000111758709
v 0.004999999888241291 0.033 0.007000000111758709
v 0.004957224242389202 0.0336526309880428 0.007000000111758709
v 0.004829629324376583 0.03429409518558532 0.007000000111758709
v 0.004619397688657045 0.034913417130708696 0.007000000111758709
v 0.0043301270343363285 0.03549999994412065 0.007000000111758708
v 0.0039667668752372265 0.03604380711168051 0.007000000111758708
v 0.0035355337895452976 0.0365355337895453 0.007000000111758708
v 0.0030438071116805077 0.03696676687523723 0.007000000111758708
v 0.0024999999441206455 0.03733012703433633 0.007000000111758708
v 0.0019134171307086945 0.03761939768865705 0.007000000111758708
v 0.00129409518558532 0.037829629324376585 0.007000000111758708
v 0.0006526309880428016 0.037957224242389204 0.007000000111758708
v 6.12323395273311e-19 0.03799999988824129 0.007000000111758708
v -0.0006526309880428016 0.037957224242389204 0.007000000111758708
v -0.00129409518558532 0.037829629324376585 0.007000000111758708
v -0.0019134171307086945 0.03761939768865705 0.007000000111758708
v -0.0024999999441206455 0.03733012703433633 0.007000000111758708
v -0.0030438071116805077 0.03696676687523723 0.007000000111758708
v -0.0035355337895452976 0.0365355337895453 0.007000000111758708
v -0.0039667668752372265 0.03604380711168051 0.007000000111758708
v -0.0043301270343363285 0.03549999994412065 0.007000000111758708
v -0.004619397688657045 0.034913417130708696 0.007000000111758709
v -0.004829629324376583 0.03429409518558532 0.007000000111758709
v -0.004957224242389202 0.0336526309880428 0.007000000111758709
v -0.004999999888241291 0.033 0.007000000111758709
v -0.004957224242389202 0.0323473690119572 0.007000000111758709
v -0.004829629324376583 0.03170590481441468 0.007000000111758709
v -0.004619397688657045 0.031086582869291307 0.007000000111758709
v -0.0043301270343363285 0.030500000055879356 0.00700000011175871
v -0.0039667668752372265 0.029956192888319494 0.00700000011175871
v -0.0035355337895452976 0.029464466210454704 0.00700000011175871
v -0.0030438071116805077 0.029033233124762775 0.00700000011175871
v -0.0024999999441206455 0.028669872965663673 0.00700000011175871
v -0.0019134171307086945 0.028380602311342956 0.00700000011175871
v -0.00129409518558532 0.02817037067562342 0.00700000011175871
v -0.0006526309880428016 0.0280427757576108 0.00700000011175871
v -1.224646790546622e-18 0.02800000011175871 0.00700000011175871
vt 0 1
vt 0.02083333395421505 1
vt 0.0416666679084301 1
vt 0.0625 1
vt 0.0833333358168602 1
vt 0.1041666641831398 1
vt 0.125 1
vt 0.1458333283662796 1
vt 0.1666666716337204 1
vt 0.1875 1
vt 0.2083333283662796 1
vt 0.2291666716337204 1
vt 0.25 1
vt 0.2708333432674408 1
vt 0.2916666567325592 1
vt 0.3125 1
vt 0.3333333432674408 1
vt 0.3541666567325592 1
vt 0.375 1
vt 0.3958333432674408 1
vt 0.4166666567325592 1
vt 0.4375 1
vt 0.4583333432674408 1
vt 0.4791666567325592 1
vt 0.5 1
vt 0.5208333134651184 1
vt 0.5416666865348816 1
vt 0.5625 1
vt 0.5833333134651184 1
vt 0.6041666865348816 1
vt 0.625 1
vt 0.6458333134651184 1
vt 0.6666666865348816 1
vt 0.6875 1
vt 0.7083333134651184 1
vt 0.7291666865348816 1
vt 0.75 1
vt 0.7708333134651184 1
vt 0.7916666865348816 1
vt 0.8125 1
vt 0.8333333134651184 1
vt 0.8541666865348816 1
vt 0.875 1
vt 0.8958333134651184 1
vt 0.9166666865348816 1
vt 0.9375 1
vt 0.9583333134651184 1
vt 0.9791666865348816 1
vt 1 1
vt 0 0
vt 0.02083333395421505 0
vt 0.0416666679084301 0
vt 0.0625 0
vt 0.0833333358168602 0
vt 0.1041666641831398 0
vt 0.125 0
vt 0.1458333283662796 0
vt 0.1666666716337204 0
vt 0.1875 0
vt 0.2083333283662796 0
vt 0.2291666716337204 0
vt 0.25 0
vt 0.2708333432674408 0
vt 0.2916666567325592 0
vt 0.3125 0
vt 0.3333333432674408 0
vt 0.3541666567325592 0
vt 0.375 0
vt 0.3958333432674408 0
vt 0.4166666567325592 0
vt 0.4375 0
vt 0.4583333432674408 0
vt 0.4791666567325592 0
vt 0.5 0
vt 0.5208333134651184 0
vt 0.5416666865348816 0
vt 0.5625 0
vt 0.5833333134651184 0
vt 0.6041666865348816 0
vt 0.625 0
vt 0.6458333134651184 0
vt 0.6666666865348816 0
vt 0.6875 0
vt 0.7083333134651184 0
vt 0.7291666865348816 0
vt 0.75 0
vt 0.7708333134651184 0
vt 0.7916666865348816 0
vt 0.8125 0
vt 0.8333333134651184 0
vt 0.8541666865348816 0
vt 0.875 0
vt 0.8958333134651184 0
vt 0.9166666865348816 0
vt 0.9375 0
vt 0.9583333134651184 0
vt 0.9791666865348816 0
vt 1 0
vt 0.5 0.5
vt 0.5 0.5
vt 0.5 0.5
vt 0.5 0.5
vt 0.5 0.5
vt 0.5 0.5
vt 0.5 0.5
vt 0.5 0.5
vt 0.5 0.5
vt 0.5 0.5
vt 0.5 0.5
vt 0.5 0.5
vt 0.5 0.5
vt 0.5 0.5
vt 0.5 0.5
vt 0.5 0.5
vt 0.5 0.5
vt 0.5 0.5
vt 0.5 0.5
vt 0.5 0.5
vt 0.5 0.5
vt 0.5 0.5
vt 0.5 0.5
vt 0.5 0.5
vt 0.5 0.5
vt 0.5 0.5
vt 0.5 0.5
vt 0.5 0.5
vt 0.5 0.5
vt 0.5 0.5
vt 0.5 0.5
vt 0.5 0.5
vt 0.5 0.5
vt 0.5 0.5
vt 0.5 0.5
vt 0.5 0.5
vt 0.5 0.5
vt 0.5 0.5
vt 0.5 0.5
vt 0.5 0.5
vt 0.5 0.5
vt 0.5 0.5
vt 0.5 0.5
vt 0.5 0.5
vt 0.5 0.5
vt 0.5 0.5
vt 0.5 0.5
vt 0.5 0.5
vt 1 0.5
vt 0.9957224130630493 0.5652630925178528
vt 0.9829629063606262 0.6294095516204834
vt 0.9619397521018982 0.6913416981697083
vt 0.9330127239227295 0.75
vt 0.8966766595840454 0.8043807148933411
vt 0.8535534143447876 0.8535534143447876
vt 0.8043807148933411 0.8966766595840454
vt 0.75 0.9330127239227295
vt 0.6913416981697083 0.9619397521018982
vt 0.6294095516204834 0.9829629063606262
vt 0.5652630925178528 0.9957224130630493
vt 0.5 1
vt 0.4347369074821472 0.9957224130630493
vt 0.370590478181839 0.9829629063606262
vt 0.30865827202796936 0.9619397521018982
vt 0.25 0.9330127239227295
vt 0.19561928510665894 0.8966766595840454
vt 0.1464466154575348 0.8535534143447876
vt 0.10332333296537399 0.8043807148933411
vt 0.0669872984290123 0.75
vt 0.03806023299694061 0.6913416981697083
vt 0.017037086188793182 0.6294095516204834
vt 0.004277569241821766 0.5652630925178528
vt 0 0.5
vt 0.004277569241821766 0.4347369074821472
vt 0.017037086188793182 0.370590478181839
vt 0.03806023299694061 0.30865827202796936
vt 0.0669872984290123 0.25
vt 0.10332333296537399 0.19561928510665894
vt 0.1464466154575348 0.1464466154575348
vt 0.19561928510665894 0.10332333296537399
vt 0.25 0.0669872984290123
vt 0.30865827202796936 0.03806023299694061
vt 0.370590478181839 0.017037086188793182
vt 0.4347369074821472 0.004277569241821766
vt 0.5 0
vt 0.5652630925178528 0.004277569241821766
vt 0.6294095516204834 0.017037086188793182
vt 0.6913416981697083 0.03806023299694061
vt 0.75 0.0669872984290123
vt 0.8043807148933411 0.10332333296537399
vt 0.8535534143447876 0.1464466154575348
vt 0.8966766595840454 0.19561928510665894
vt 0.9330127239227295 0.25
vt 0.9619397521018982 0.30865827202796936
vt 0.9829629063606262 0.370590478181839
vt 0.9957224130630493 0.4347369074821472
vt 1 0.5
vt 0.5 0.5
vt 0.5 0.5
vt 0.5 0.5
vt 0.5 0.5
vt 0.5 0.5
vt 0.5 0.5
vt 0.5 0.5
vt 0.5 0.5
vt 0.5 0.5
vt 0.5 0.5
vt 0.5 0.5
vt 0.5 0.5
vt 0.5 0.5
vt 0.5 0.5
vt 0.5 0.5
vt 0.5 0.5
vt 0.5 0.5
vt 0.5 0.5
vt 0.5 0.5
vt 0.5 0.5
vt 0.5 0.5
vt 0.5 0.5
vt 0.5 0.5
vt 0.5 0.5
vt 0.5 0.5
vt 0.5 0.5
vt 0.5 0.5
vt 0.5 0.5
vt 0.5 0.5
vt 0.5 0.5
vt 0.5 0.5
vt 0.5 0.5
vt 0.5 0.5
vt 0.5 0.5
vt 0.5 0.5
vt 0.5 0.5
vt 0.5 0.5
vt 0.5 0.5
vt 0.5 0.5
vt 0.5 0.5
vt 0.5 0.5
vt 0.5 0.5
vt 0.5 0.5
vt 0.5 0.5
vt 0.5 0.5
vt 0.5 0.5
vt 0.5 0.5
vt 0.5 0.5
vt 1 0.5
vt 0.9957224130630493 0.4347369074821472
vt 0.9829629063606262 0.370590478181839
vt 0.9619397521018982 0.30865827202796936
vt 0.9330127239227295 0.25
vt 0.8966766595840454 0.19561928510665894
vt 0.8535534143447876 0.1464466154575348
vt 0.8043807148933411 0.10332333296537399
vt 0.75 0.0669872984290123
vt 0.6913416981697083 0.03806023299694061
vt 0.6294095516204834 0.017037086188793182
vt 0.5652630925178528 0.004277569241821766
vt 0.5 0
vt 0.4347369074821472 0.004277569241821766
vt 0.370590478181839 0.017037086188793182
vt 0.30865827202796936 0.03806023299694061
vt 0.25 0.0669872984290123
vt 0.19561928510665894 0.10332333296537399
vt 0.1464466154575348 0.1464466154575348
vt 0.10332333296537399 0.19561928510665894
vt 0.0669872984290123 0.25
vt 0.03806023299694061 0.30865827202796936
vt 0.017037086188793182 0.370590478181839
vt 0.004277569241821766 0.4347369074821472
vt 0 0.5
vt 0.004277569241821766 0.5652630925178528
vt 0.017037086188793182 0.6294095516204834
vt 0.03806023299694061 0.6913416981697083
vt 0.0669872984290123 0.75
vt 0.10332333296537399 0.8043807148933411
vt 0.1464466154575348 0.8535534143447876
vt 0.19561928510665894 0.8966766595840454
vt 0.25 0.9330127239227295
vt 0.30865827202796936 0.9619397521018982
vt 0.370590478181839 0.9829629063606262
vt 0.4347369074821472 0.9957224130630493
vt 0.5 1
vt 0.5652630925178528 0.9957224130630493
vt 0.6294095516204834 0.9829629063606262
vt 0.6913416981697083 0.9619397521018982
vt 0.75 0.9330127239227295
vt 0.8043807148933411 0.8966766595840454
vt 0.8535534143447876 0.8535534143447876
vt 0.8966766595840454 0.8043807148933411
vt 0.9330127239227295 0.75
vt 0.9619397521018982 0.6913416981697083
vt 0.9829629063606262 0.6294095516204834
vt 0.9957224130630493 0.5652630925178528
vt 1 0.5
vn 0 -1 2.220446049250313e-16
vn 0.13052618200608704 -0.9914448627185043 2.2014498284728219e-16
vn 0.2588190471264927 -0.9659258257467466 2.1447861836482098e-16
vn 0.3826834370613369 -0.9238795305660377 2.0514246536285922e-16
vn 0.5000000067305869 -0.8660253998985324 1.9229626777551189e-16
vn 0.6087614397000725 -0.7933533320874723 1.7615982718931994e-16
vn 0.7071067811865476 -0.7071067811865476 1.5700924586837752e-16
vn 0.7933533320874723 -0.6087614397000725 1.3517219337179586e-16
vn 0.8660253998985324 -0.5000000067305869 1.1102230395700616e-16
vn 0.9238795305660377 -0.3826834370613369 8.497279259363763e-17
vn 0.9659258257467466 -0.2588190471264927 5.746937306627513e-17
vn 0.9914448627185043 -0.13052618200608704 2.8982634515914327e-17
vn 1 -6.123234262925839e-17 1.3596311327747833e-32
vn 0.9914448627185043 0.13052618200608704 -2.8982634515914327e-17
vn 0.9659258257467466 0.2588190471264927 -5.746937306627513e-17
vn 0.9238795305660377 0.3826834370613369 -8.497279259363763e-17
vn 0.8660253998985324 0.5000000067305869 -1.1102230395700616e-16
vn 0.7933533320874723 0.6087614397000725 -1.3517219337179586e-16
vn 0.7071067811865476 0.7071067811865476 -1.5700924586837752e-16
vn 0.6087614397000725 0.7933533320874723 -1.7615982718931994e-16
vn 0.5000000067305869 0.8660253998985324 -1.9229626777551189e-16
vn 0.3826834370613369 0.9238795305660377 -2.0514246536285922e-16
vn 0.2588190471264927 0.9659258257467466 -2.1447861836482098e-16
vn 0.13052618200608704 0.9914448627185043 -2.2014498284728219e-16
vn 1.2246468525851679e-16 1 -2.220446049250313e-16
vn -0.13052618200608704 0.9914448627185043 -2.2014498284728219e-16
vn -0.2588190471264927 0.9659258257467466 -2.1447861836482098e-16
vn -0.3826834370613369 0.9238795305660377 -2.0514246536285922e-16
vn -0.5000000067305869 0.8660253998985324 -1.9229626777551189e-16
vn -0.6087614397000725 0.7933533320874723 -1.7615982718931994e-16
vn -0.7071067811865476 0.7071067811865476 -1.5700924586837752e-16
vn -0.7933533320874723 0.6087614397000725 -1.3517219337179586e-16
vn -0.8660253998985324 0.5000000067305869 -1.1102230395700616e-16
vn -0.9238795305660377 0.3826834370613369 -8.497279259363763e-17
vn -0.9659258257467466 0.2588190471264927 -5.746937306627513e-17
vn -0.9914448627185043 0.13052618200608704 -2.8982634515914327e-17
vn -1 1.8369701465288538e-16 -4.078893104450762e-32
vn -0.9914448627185043 -0.13052618200608704 2.8982634515914327e-17
vn -0.9659258257467466 -0.2588190471264927 5.746937306627513e-17
vn -0.9238795305660377 -0.3826834370613369 8.497279259363763e-17
vn -0.8660253998985324 -0.5000000067305869 1.1102230395700616e-16
vn -0.7933533320874723 -0.6087614397000725 1.3517219337179586e-16
vn -0.7071067811865476 -0.7071067811865476 1.5700924586837752e-16
vn -0.6087614397000725 -0.7933533320874723 1.7615982718931994e-16
vn -0.5000000067305869 -0.8660253998985324 1.9229626777551189e-16
vn -0.3826834370613369 -0.9238795305660377 2.0514246536285922e-16
vn -0.2588190471264927 -0.9659258257467466 2.1447861836482098e-16
vn -0.13052618200608704 -0.9914448627185043 2.2014498284728219e-16
vn -2.4492937051703357e-16 -1 2.220446049250313e-16
vn 0 -1 2.220446049250313e-16
vn 0.13052618200608704 -0.9914448627185043 2.2014498284728219e-16
vn 0.2588190471264927 -0.9659258257467466 2.1447861836482098e-16
vn 0.3826834370613369 -0.9238795305660377 2.0514246536285922e-16
vn 0.5000000067305869 -0.8660253998985324 1.9229626777551189e-16
vn 0.6087614397000725 -0.7933533320874723 1.7615982718931994e-16
vn 0.7071067811865476 -0.7071067811865476 1.5700924586837752e-16
vn 0.7933533320874723 -0.6087614397000725 1.3517219337179586e-16
vn 0.8660253998985324 -0.5000000067305869 1.1102230395700616e-16
vn 0.9238795305660377 -0.3826834370613369 8.497279259363763e-17
vn 0.9659258257467466 -0.2588190471264927 5.746937306627513e-17
vn 0.9914448627185043 -0.13052618200608704 2.8982634515914327e-17
vn 1 -6.123234262925839e-17 1.3596311327747833e-32
vn 0.9914448627185043 0.13052618200608704 -2.8982634515914327e-17
vn 0.9659258257467466 0.2588190471264927 -5.746937306627513e-17
vn 0.9238795305660377 0.3826834370613369 -8.497279259363763e-17
vn 0.8660253998985324 0.5000000067305869 -1.1102230395700616e-16
vn 0.7933533320874723 0.6087614397000725 -1.3517219337179586e-16
vn 0.7071067811865476 0.7071067811865476 -1.5700924586837752e-16
vn 0.6087614397000725 0.7933533320874723 -1.7615982718931994e-16
vn 0.5000000067305869 0.8660253998985324 -1.9229626777551189e-16
vn 0.3826834370613369 0.9238795305660377 -2.0514246536285922e-16
vn 0.2588190471264927 0.9659258257467466 -2.1447861836482098e-16
vn 0.13052618200608704 0.9914448627185043 -2.2014498284728219e-16
vn 1.2246468525851679e-16 1 -2.220446049250313e-16
vn -0.13052618200608704 0.9914448627185043 -2.2014498284728219e-16
vn -0.2588190471264927 0.9659258257467466 -2.1447861836482098e-16
vn -0.3826834370613369 0.9238795305660377 -2.0514246536285922e-16
vn -0.5000000067305869 0.8660253998985324 -1.9229626777551189e-16
vn -0.6087614397000725 0.7933533320874723 -1.7615982718931994e-16
vn -0.7071067811865476 0.7071067811865476 -1.5700924586837752e-16
vn -0.7933533320874723 0.6087614397000725 -1.3517219337179586e-16
vn -0.8660253998985324 0.5000000067305869 -1.1102230395700616e-16
vn -0.9238795305660377 0.3826834370613369 -8.497279259363763e-17
vn -0.9659258257467466 0.2588190471264927 -5.746937306627513e-17
vn -0.9914448627185043 0.13052618200608704 -2.8982634515914327e-17
vn -1 1.8369701465288538e-16 -4.078893104450762e-32
vn -0.9914448627185043 -0.13052618200608704 2.8982634515914327e-17
vn -0.9659258257467466 -0.2588190471264927 5.746937306627513e-17
vn -0.9238795305660377 -0.3826834370613369 8.497279259363763e-17
vn -0.8660253998985324 -0.5000000067305869 1.1102230395700616e-16
vn -0.7933533320874723 -0.6087614397000725 1.3517219337179586e-16
vn -0.7071067811865476 -0.7071067811865476 1.5700924586837752e-16
vn -0.6087614397000725 -0.7933533320874723 1.7615982718931994e-16
vn -0.5000000067305869 -0.8660253998985324 1.9229626777551189e-16
vn -0.3826834370613369 -0.9238795305660377 2.0514246536285922e-16
vn -0.2588190471264927 -0.9659258257467466 2.1447861836482098e-16
vn -0.13052618200608704 -0.9914448627185043 2.2014498284728219e-16
vn -2.4492937051703357e-16 -1 2.220446049250313e-16
vn 0 2.220446049250313e-16 1
vn 0 2.220446049250313e-16 1
vn 0 2.220446049250313e-16 1
vn 0 2.220446049250313e-16 1
vn 0 2.220446049250313e-16 1
vn 0 2.220446049250313e-16 1
vn 0 2.220446049250313e-16 1
vn 0 2.220446049250313e-16 1
vn 0 2.220446049250313e-16 1
vn 0 2.220446049250313e-16 1
vn 0 2.220446049250313e-16 1
vn 0 2.220446049250313e-16 1
vn 0 2.220446049250313e-16 1
vn 0 2.220446049250313e-16 1
vn 0 2.220446049250313e-16 1
vn 0 2.220446049250313e-16 1
vn 0 2.220446049250313e-16 1
vn 0 2.220446049250313e-16 1
vn 0 2.220446049250313e-16 1
vn 0 2.220446049250313e-16 1
vn 0 2.220446049250313e-16 1
vn 0 2.220446049250313e-16 1
vn 0 2.220446049250313e-16 1
vn 0 2.220446049250313e-16 1
vn 0 2.220446049250313e-16 1
vn 0 2.220446049250313e-16 1
vn 0 2.220446049250313e-16 1
vn 0 2.220446049250313e-16 1
vn 0 2.220446049250313e-16 1
vn 0 2.220446049250313e-16 1
vn 0 2.220446049250313e-16 1
vn 0 2.220446049250313e-16 1
vn 0 2.220446049250313e-16 1
vn 0 2.220446049250313e-16 1
vn 0 2.220446049250313e-16 1
vn 0 2.220446049250313e-16 1
vn 0 2.220446049250313e-16 1
vn 0 2.220446049250313e-16 1
vn 0 2.220446049250313e-16 1
vn 0 2.220446049250313e-16 1
vn 0 2.220446049250313e-16 1
vn 0 2.220446049250313e-16 1
vn 0 2.220446049250313e-16 1
vn 0 2.220446049250313e-16 1
vn 0 2.220446049250313e-16 1
vn 0 2.220446049250313e-16 1
vn 0 2.220446049250313e-16 1
vn 0 2.220446049250313e-16 1
vn 0 2.220446049250313e-16 1
vn 0 2.220446049250313e-16 1
vn 0 2.220446049250313e-16 1
vn 0 2.220446049250313e-16 1
vn 0 2.220446049250313e-16 1
vn 0 2.220446049250313e-16 1
vn 0 2.220446049250313e-16 1
vn 0 2.220446049250313e-16 1
vn 0 2.220446049250313e-16 1
vn 0 2.220446049250313e-16 1
vn 0 2.220446049250313e-16 1
vn 0 2.220446049250313e-16 1
vn 0 2.220446049250313e-16 1
vn 0 2.220446049250313e-16 1
vn 0 2.220446049250313e-16 1
vn 0 2.220446049250313e-16 1
vn 0 2.220446049250313e-16 1
vn 0 2.220446049250313e-16 1
vn 0 2.220446049250313e-16 1
vn 0 2.220446049250313e-16 1
vn 0 2.220446049250313e-16 1
vn 0 2.220446049250313e-16 1
vn 0 2.220446049250313e-16 1
vn 0 2.220446049250313e-16 1
vn 0 2.220446049250313e-16 1
vn 0 2.220446049250313e-16 1
vn 0 2.220446049250313e-16 1
vn 0 2.220446049250313e-16 1
vn 0 2.220446049250313e-16 1
vn 0 2.220446049250313e-16 1
vn 0 2.220446049250313e-16 1
vn 0 2.220446049250313e-16 1
vn 0 2.220446049250313e-16 1
vn 0 2.220446049250313e-16 1
vn 0 2.220446049250313e-16 1
vn 0 2.220446049250313e-16 1
vn 0 2.220446049250313e-16 1
vn 0 2.220446049250313e-16 1
vn 0 2.220446049250313e-16 1
vn 0 2.220446049250313e-16 1
vn 0 2.220446049250313e-16 1
vn 0 2.220446049250313e-16 1
vn 0 2.220446049250313e-16 1
vn 0 2.220446049250313e-16 1
vn 0 2.220446049250313e-16 1
vn 0 2.220446049250313e-16 1
vn 0 2.220446049250313e-16 1
vn 0 2.220446049250313e-16 1
vn 0 2.220446049250313e-16 1
vn 0 -2.220446049250313e-16 -1
vn 0 -2.220446049250313e-16 -1
vn 0 -2.220446049250313e-16 -1
vn 0 -2.220446049250313e-16 -1
vn 0 -2.220446049250313e-16 -1
vn 0 -2.220446049250313e-16 -1
vn 0 -2.220446049250313e-16 -1
vn 0 -2.220446049250313e-16 -1
vn 0 -2.220446049250313e-16 -1
vn 0 -2.220446049250313e-16 -1
vn 0 -2.220446049250313e-16 -1
vn 0 -2.220446049250313e-16 -1
vn 0 -2.220446049250313e-16 -1
vn 0 -2.220446049250313e-16 -1
vn 0 -2.220446049250313e-16 -1
vn 0 -2.220446049250313e-16 -1
vn 0 -2.220446049250313e-16 -1
vn 0 -2.220446049250313e-16 -1
vn 0 -2.220446049250313e-16 -1
vn 0 -2.220446049250313e-16 -1
vn 0 -2.220446049250313e-16 -1
vn 0 -2.220446049250313e-16 -1
vn 0 -2.220446049250313e-16 -1
vn 0 -2.220446049250313e-16 -1
vn 0 -2.220446049250313e-16 -1
vn 0 -2.220446049250313e-16 -1
vn 0 -2.220446049250313e-16 -1
vn 0 -2.220446049250313e-16 -1
vn 0 -2.220446049250313e-16 -1
vn 0 -2.220446049250313e-16 -1
vn 0 -2.220446049250313e-16 -1
vn 0 -2.220446049250313e-16 -1
vn 0 -2.220446049250313e-16 -1
vn 0 -2.220446049250313e-16 -1
vn 0 -2.220446049250313e-16 -1
vn 0 -2.220446049250313e-16 -1
vn 0 -2.220446049250313e-16 -1
vn 0 -2.220446049250313e-16 -1
vn 0 -2.220446049250313e-16 -1
vn 0 -2.220446049250313e-16 -1
vn 0 -2.220446049250313e-16 -1
vn 0 -2.220446049250313e-16 -1
vn 0 -2.220446049250313e-16 -1
vn 0 -2.220446049250313e-16 -1
vn 0 -2.220446049250313e-16 -1
vn 0 -2.220446049250313e-16 -1
vn 0 -2.220446049250313e-16 -1
vn 0 -2.220446049250313e-16 -1
vn 0 -2.220446049250313e-16 -1
vn 0 -2.220446049250313e-16 -1
vn 0 -2.220446049250313e-16 -1
vn 0 -2.220446049250313e-16 -1
vn 0 -2.220446049250313e-16 -1
vn 0 -2.220446049250313e-16 -1
vn 0 -2.220446049250313e-16 -1
vn 0 -2.220446049250313e-16 -1
vn 0 -2.220446049250313e-16 -1
vn 0 -2.220446049250313e-16 -1
vn 0 -2.220446049250313e-16 -1
vn 0 -2.220446049250313e-16 -1
vn 0 -2.220446049250313e-16 -1
vn 0 -2.220446049250313e-16 -1
vn 0 -2.220446049250313e-16 -1
vn 0 -2.220446049250313e-16 -1
vn 0 -2.220446049250313e-16 -1
vn 0 -2.220446049250313e-16 -1
vn 0 -2.220446049250313e-16 -1
vn 0 -2.220446049250313e-16 -1
vn 0 -2.220446049250313e-16 -1
vn 0 -2.220446049250313e-16 -1
vn 0 -2.220446049250313e-16 -1
vn 0 -2.220446049250313e-16 -1
vn 0 -2.220446049250313e-16 -1
vn 0 -2.220446049250313e-16 -1
vn 0 -2.220446049250313e-16 -1
vn 0 -2.220446049250313e-16 -1
vn 0 -2.220446049250313e-16 -1
vn 0 -2.220446049250313e-16 -1
vn 0 -2.220446049250313e-16 -1
vn 0 -2.220446049250313e-16 -1
vn 0 -2.220446049250313e-16 -1
vn 0 -2.220446049250313e-16 -1
vn 0 -2.220446049250313e-16 -1
vn 0 -2.220446049250313e-16 -1
vn 0 -2.220446049250313e-16 -1
vn 0 -2.220446049250313e-16 -1
vn 0 -2.220446049250313e-16 -1
vn 0 -2.220446049250313e-16 -1
vn 0 -2.220446049250313e-16 -1
vn 0 -2.220446049250313e-16 -1
vn 0 -2.220446049250313e-16 -1
vn 0 -2.220446049250313e-16 -1
vn 0 -2.220446049250313e-16 -1
vn 0 -2.220446049250313e-16 -1
vn 0 -2.220446049250313e-16 -1
vn 0 -2.220446049250313e-16 -1
vn 0 -2.220446049250313e-16 -1
f 2641/2641/2641 2690/2690/2690 2642/2642/2642
f 2690/2690/2690 2691/2691/2691 2642/2642/2642
f 2642/2642/2642 2691/2691/2691 2643/2643/2643
f 2691/2691/2691 2692/2692/2692 2643/2643/2643
f 2643/2643/2643 2692/2692/2692 2644/2644/2644
f 2692/2692/2692 2693/2693/2693 2644/2644/2644
f 2644/2644/2644 2693/2693/2693 2645/2645/2645
f 2693/2693/2693 2694/2694/2694 2645/2645/2645
f 2645/2645/2645 2694/2694/2694 2646/2646/2646
f 2694/2694/2694 2695/2695/2695 2646/2646/2646
f 2646/2646/2646 2695/2695/2695 2647/2647/2647
f 2695/2695/2695 2696/2696/2696 2647/2647/2647
f 2647/2647/2647 2696/2696/2696 2648/2648/2648
f 2696/2696/2696 2697/2697/2697 2648/2648/2648
f 2648/2648/2648 2697/2697/2697 2649/2649/2649
f 2697/2697/2697 2698/2698/2698 2649/2649/2649
f 2649/2649/2649 2698/2698/2698 2650/2650/2650
f 2698/2698/2698 2699/2699/2699 2650/2650/2650
f 2650/2650/2650 2699/2699/2699 2651/2651/2651
f 2699/2699/2699 2700/2700/2700 2651/2651/2651
f 2651/2651/2651 2700/2700/2700 2652/2652/2652
f 2700/2700/2700 2701/2701/2701 2652/2652/2652
f 2652/2652/2652 2701/2701/2701 2653/2653/2653
f 2701/2701/2701 2702/2702/2702 2653/2653/2653
f 2653/2653/2653 2702/2702/2702 2654/2654/2654
f 2702/2702/2702 2703/2703/2703 2654/2654/2654
f 2654/2654/2654 2703/2703/2703 2655/2655/2655
f 2703/2703/2703 2704/2704/2704 2655/2655/2655
f 2655/2655/2655 2704/2704/2704 2656/2656/2656
f 2704/2704/2704 2705/2705/2705 2656/2656/2656
f 2656/2656/2656 2705/2705/2705 2657/2657/2657
f 2705/2705/2705 2706/2706/2706 2657/2657/2657
f 2657/2657/2657 2706/2706/2706 2658/2658/2658
f 2706/2706/2706 2707/2707/2707 2658/2658/2658
f 2658/2658/2658 2707/2707/2707 2659/2659/2659
f 2707/2707/2707 2708/2708/2708 2659/2659/2659
f 2659/2659/2659 2708/2708/2708 2660/2660/2660
f 2708/2708/2708 2709/2709/2709 2660/2660/2660
f 2660/2660/2660 2709/2709/2709 2661/2661/2661
f 2709/2709/2709 2710/2710/2710 2661/2661/2661
f 2661/2661/2661 2710/2710/2710 2662/2662/2662
f 2710/2710/2710 2711/2711/2711 2662/2662/2662
f 2662/2662/2662 2711/2711/2711 2663/2663/2663
f 2711/2711/2711 2712/2712/2712 2663/2663/2663
f 2663/2663/2663 2712/2712/2712 2664/2664/2664
f 2712/2712/2712 2713/2713/2713 2664/2664/2664
f 2664/2664/2664 2713/2713/2713 2665/2665/2665
f 2713/2713/2713 2714/2714/2714 2665/2665/2665
f 2665/2665/2665 2714/2714/2714 2666/2666/2666
f 2714/2714/2714 2715/2715/2715 2666/2666/2666
f 2666/2666/2666 2715/2715/2715 2667/2667/2667
f 2715/2715/2715 2716/2716/2716 2667/2667/2667
f 2667/2667/2667 2716/2716/2716 2668/2668/2668
f 2716/2716/2716 2717/2717/2717 2668/2668/2668
f 2668/2668/2668 2717/2717/2717 2669/2669/2669
f 2717/2717/2717 2718/2718/2718 2669/2669/2669
f 2669/2669/2669 2718/2718/2718 2670/2670/2670
f 2718/2718/2718 2719/2719/2719 2670/2670/2670
f 2670/2670/2670 2719/2719/2719 2671/2671/2671
f 2719/2719/2719 2720/2720/2720 2671/2671/2671
f 2671/2671/2671 2720/2720/2720 2672/2672/2672
f 2720/2720/2720 2721/2721/2721 2672/2672/2672
f 2672/2672/2672 2721/2721/2721 2673/2673/2673
f 2721/2721/2721 2722/2722/2722 2673/2673/2673
f 2673/2673/2673 2722/2722/2722 2674/2674/2674
f 2722/2722/2722 2723/2723/2723 2674/2674/2674
f 2674/2674/2674 2723/2723/2723 2675/2675/2675
f 2723/2723/2723 2724/2724/2724 2675/2675/2675
f 2675/2675/2675 2724/2724/2724 2676/2676/2676
f 2724/2724/2724 2725/2725/2725 2676/2676/2676
f 2676/2676/2676 2725/2725/2725 2677/2677/2677
f 2725/2725/2725 2726/2726/2726 2677/2677/2677
f 2677/2677/2677 2726/2726/2726 2678/2678/2678
f 2726/2726/2726 2727/2727/2727 2678/2678/2678
f 2678/2678/2678 2727/2727/2727 2679/2679/2679
f 2727/2727/2727 2728/2728/2728 2679/2679/2679
f 2679/2679/2679 2728/2728/2728 2680/2680/2680
f 2728/2728/2728 2729/2729/2729 2680/2680/2680
f 2680/2680/2680 2729/2729/2729 2681/2681/2681
f 2729/2729/2729 2730/2730/2730 2681/2681/2681
f 2681/2681/2681 2730/2730/2730 2682/2682/2682
f 2730/2730/2730 2731/2731/2731 2682/2682/2682
f 2682/2682/2682 2731/2731/2731 2683/2683/2683
f 2731/2731/2731 2732/2732/2732 2683/2683/2683
f 2683/2683/2683 2732/2732/2732 2684/2684/2684
f 2732/2732/2732 2733/2733/2733 2684/2684/2684
f 2684/2684/2684 2733/2733/2733 2685/2685/2685
f 2733/2733/2733 2734/2734/2734 2685/2685/2685
f 2685/2685/2685 2734/2734/2734 2686/2686/2686
f 2734/2734/2734 2735/2735/2735 2686/2686/2686
f 2686/2686/2686 2735/2735/2735 2687/2687/2687
f 2735/2735/2735 2736/2736/2736 2687/2687/2687
f 2687/2687/2687 2736/2736/2736 2688/2688/2688
f 2736/2736/2736 2737/2737/2737 2688/2688/2688
f 2688/2688/2688 2737/2737/2737 2689/2689/2689
f 2737/2737/2737 2738/2738/2738 2689/2689/2689
f 2787/2787/2787 2788/2788/2788 2739/2739/2739
f 2788/2788/2788 2789/2789/2789 2740/2740/2740
f 2789/2789/2789 2790/2790/2790 2741/2741/2741
f 2790/2790/2790 2791/2791/2791 2742/2742/2742
f 2791/2791/2791 2792/2792/2792 2743/2743/2743
f 2792/2792/2792 2793/2793/2793 2744/2744/2744
f 2793/2793/2793 2794/2794/2794 2745/2745/2745
f 2794/2794/2794 2795/2795/2795 2746/2746/2746
f 2795/2795/2795 2796/2796/2796 2747/2747/2747
f 2796/2796/2796 2797/2797/2797 2748/2748/2748
f 2797/2797/2797 2798/2798/2798 2749/2749/2749
f 2798/2798/2798 2799/2799/2799 2750/2750/2750
f 2799/2799/2799 2800/2800/2800 2751/2751/2751
f 2800/2800/2800 2801/2801/2801 2752/2752/2752
f 2801/2801/2801 2802/2802/2802 2753/2753/2753
f 2802/2802/2802 2803/2803/2803 2754/2754/2754
f 2803/2803/2803 2804/2804/2804 2755/2755/2755
f 2804/2804/2804 2805/2805/2805 2756/2756/2756
f 2805/2805/2805 2806/2806/2806 2757/2757/2757
f 2806/2806/2806 2807/2807/2807 2758/2758/2758
f 2807/2807/2807 2808/2808/2808 2759/2759/2759
f 2808/2808/2808 2809/2809/2809 2760/2760/2760
f 2809/2809/2809 2810/2810/2810 2761/2761/2761
f 2810/2810/2810 2811/2811/2811 2762/2762/2762
f 2811/2811/2811 2812/2812/2812 2763/2763/2763
f 2812/2812/2812 2813/2813/2813 2764/2764/2764
f 2813/2813/2813 2814/2814/2814 2765/2765/2765
f 2814/2814/2814 2815/2815/2815 2766/2766/2766
f 2815/2815/2815 2816/2816/2816 2767/2767/2767
f 2816/2816/2816 2817/2817/2817 2768/2768/2768
f 2817/2817/2817 2818/2818/2818 2769/2769/2769
f 2818/2818/2818 2819/2819/2819 2770/2770/2770
f 2819/2819/2819 2820/2820/2820 2771/2771/2771
f 2820/2820/2820 2821/2821/2821 2772/2772/2772
f 2821/2821/2821 2822/2822/2822 2773/2773/2773
f 2822/2822/2822 2823/2823/2823 2774/2774/2774
f 2823/2823/2823 2824/2824/2824 2775/2775/2775
f 2824/2824/2824 2825/2825/2825 2776/2776/2776
f 2825/2825/2825 2826/2826/2826 2777/2777/2777
f 2826/2826/2826 2827/2827/2827 2778/2778/2778
f 2827/2827/2827 2828/2828/2828 2779/2779/2779
f 2828/2828/2828 2829/2829/2829 2780/2780/2780
f 2829/2829/2829 2830/2830/2830 2781/2781/2781
f 2830/2830/2830 2831/2831/2831 2782/2782/2782
f 2831/2831/2831 2832/2832/2832 2783/2783/2783
f 2832/2832/2832 2833/2833/2833 2784/2784/2784
f 2833/2833/2833 2834/2834/2834 2785/2785/2785
f 2834/2834/2834 2835/2835/2835 2786/2786/2786
f 2885/2885/2885 2884/2884/2884 2836/2836/2836
f 2886/2886/2886 2885/2885/2885 2837/2837/2837
f 2887/2887/2887 2886/2886/2886 2838/2838/2838
f 2888/2888/2888 2887/2887/2887 2839/2839/2839
f 2889/2889/2889 2888/2888/2888 2840/2840/2840
f 2890/2890/2890 2889/2889/2889 2841/2841/2841
f 2891/2891/2891 2890/2890/2890 2842/2842/2842
f 2892/2892/2892 2891/2891/2891 2843/2843/2843
f 2893/2893/2893 2892/2892/2892 2844/2844/2844
f 2894/2894/2894 2893/2893/2893 2845/2845/2845
f 2895/2895/2895 2894/2894/2894 2846/2846/2846
f 2896/2896/2896 2895/2895/2895 2847/2847/2847
f 2897/2897/2897 2896/2896/2896 2848/2848/2848
f 2898/2898/2898 2897/2897/2897 2849/2849/2849
f 2899/2899/2899 2898/2898/2898 2850/2850/2850
f 2900/2900/2900 2899/2899/2899 2851/2851/2851
f 2901/2901/2901 2900/2900/2900 2852/2852/2852
f 2902/2902/2902 2901/2901/2901 2853/2853/2853
f 2903/2903/2903 2902/2902/2902 2854/2854/2854
f 2904/2904/2904 2903/2903/2903 2855/2855/2855
f 2905/2905/2905 2904/2904/2904 2856/2856/2856
f 2906/2906/2906 2905/2905/2905 2857/2857/2857
f 2907/2907/2907 2906/2906/2906 2858/2858/2858
f 2908/2908/2908 2907/2907/2907 2859/2859/2859
f 2909/2909/2909 2908/2908/2908 2860/2860/2860
f 2910/2910/2910 2909/2909/2909 2861/2861/2861
f 2911/2911/2911 2910/2910/2910 2862/2862/2862
f 2912/2912/2912 2911/2911/2911 2863/2863/2863
f 2913/2913/2913 2912/2912/2912 2864/2864/2864
f 2914/2914/2914 2913/2913/2913 2865/2865/2865
f 2915/2915/2915 2914/2914/2914 2866/2866/2866
f 2916/2916/2916 2915/2915/2915 2867/2867/2867
f 2917/2917/2917 2916/2916/2916 2868/2868/2868
f 2918/2918/2918 2917/2917/2917 2869/2869/2869
f 2919/2919/2919 2918/2918/2918 2870/2870/2870
f 2920/2920/2920 2919/2919/2919 2871/2871/2871
f 2921/2921/2921 2920/2920/2920 2872/2872/2872
f 2922/2922/2922 2921/2921/2921 2873/2873/2873
f 2923/2923/2923 2922/2922/2922 2874/2874/2874
f 2924/2924/2924 2923/2923/2923 2875/2875/2875
f 2925/2925/2925 2924/2924/2924 2876/2876/2876
f 2926/2926/2926 2925/2925/2925 2877/2877/2877
f 2927/2927/2927 2926/2926/2926 2878/2878/2878
f 2928/2928/2928 2927/2927/2927 2879/2879/2879
f 2929/2929/2929 2928/2928/2928 2880/2880/2880
f 2930/2930/2930 2929/2929/2929 2881/2881/2881
f 2931/2931/2931 2930/2930/2930 2882/2882/2882
f 2932/2932/2932 2931/2931/2931 2883/2883/2883
