mtllib mount.mtl
o robot_flange_clamp_ring
usemtl anodized_aluminium
v 0 -0.037999998778104775 0.017999999612569817
v 0.0049599953927099705 -0.0376749038696289 0.017999999612569817
v 0.009835124015808105 -0.036705181002616875 0.017999999612569817
v 0.014541970565915108 -0.03510742262005805 0.017999999612569813
v 0.01899999938905239 -0.032908964902162545 0.017999999612569813
v 0.023132935166358948 -0.030147427693009366 0.017999999612569813
v 0.026870056986808777 -0.026870056986808766 0.01799999961256981
v 0.030147427693009377 -0.02313293516635894 0.01799999961256981
v 0.03290896490216255 -0.018999999389052384 0.01799999961256981
v 0.03510742262005806 -0.014541970565915103 0.01799999961256981
v 0.03670518100261688 -0.009835124015808102 0.01799999961256981
v 0.037674903869628906 -0.004959995392709968 0.01799999961256981
v 0.03799999877810478 -3.284275127208102e-19 0.017999999612569807
v 0.037674903869628906 0.004959995392709971 0.017999999612569803
v 0.03670518100261688 0.009835124015808105 0.017999999612569803
v 0.03510742262005806 0.014541970565915106 0.017999999612569803
v 0.03290896490216255 0.01899999938905239 0.017999999612569803
v 0.030147427693009377 0.023132935166358948 0.017999999612569803
v 0.026870056986808777 0.026870056986808773 0.017999999612569803
v 0.023132935166358948 0.030147427693009373 0.0179999996125698
v 0.01899999938905239 0.032908964902162545 0.0179999996125698
v 0.014541970565915108 0.03510742262005805 0.0179999996125698
v 0.009835124015808105 0.036705181002616875 0.017999999612569796
v 0.0049599953927099705 0.0376749038696289 0.017999999612569796
v 4.653657742038617e-18 0.037999998778104775 0.017999999612569796
v -0.0049599953927099705 0.0376749038696289 0.017999999612569796
v -0.009835124015808105 0.036705181002616875 0.017999999612569796
v -0.014541970565915108 0.03510742262005805 0.0179999996125698
v -0.01899999938905239 0.032908964902162545 0.0179999996125698
v -0.023132935166358948 0.030147427693009373 0.0179999996125698
v -0.026870056986808777 0.026870056986808773 0.017999999612569803
v -0.030147427693009377 0.023132935166358948 0.017999999612569803
v -0.03290896490216255 0.01899999938905239 0.017999999612569803
v -0.03510742262005806 0.014541970565915106 0.017999999612569803
v -0.03670518100261688 0.009835124015808105 0.017999999612569803
v -0.037674903869628906 0.004959995392709971 0.017999999612569803
v -0.03799999877810478 8.978888384946729e-18 0.017999999612569807
v -0.037674903869628906 -0.004959995392709968 0.01799999961256981
v -0.03670518100261688 -0.009835124015808102 0.01799999961256981
v -0.03510742262005806 -0.014541970565915103 0.01799999961256981
v -0.03290896490216255 -0.018999999389052384 0.01799999961256981
v -0.030147427693009377 -0.02313293516635894 0.01799999961256981
v -0.026870056986808777 -0.026870056986808766 0.01799999961256981
v -0.023132935166358948 -0.030147427693009366 0.017999999612569813
v -0.01899999938905239 -0.032908964902162545 0.017999999612569813
v -0.014541970565915108 -0.03510742262005805 0.017999999612569813
v -0.009835124015808105 -0.036705181002616875 0.017999999612569817
v -0.0049599953927099705 -0.0376749038696289 0.017999999612569817
v -9.307315484077235e-18 -0.037999998778104775 0.017999999612569817
v 0 -0.037999998778104775 3.874302007683683e-10
v 0.0049599953927099705 -0.0376749038696289 3.874302007683683e-10
v 0.009835124015808105 -0.036705181002616875 3.874302007683683e-10
v 0.014541970565915108 -0.03510742262005805 3.8743019903364484e-10
v 0.01899999938905239 -0.032908964902162545 3.8743019903364484e-10
v 0.023132935166358948 -0.030147427693009373 3.8743019903364484e-10
v 0.026870056986808777 -0.026870056986808773 3.8743019729892136e-10
v 0.030147427693009377 -0.023132935166358948 3.8743019729892136e-10
v 0.03290896490216255 -0.01899999938905239 3.874301955641979e-10
v 0.03510742262005806 -0.014541970565915106 3.874301955641979e-10
v 0.03670518100261688 -0.009835124015808105 3.874301938294744e-10
v 0.037674903869628906 -0.004959995392709971 3.874301938294744e-10
v 0.03799999877810478 -4.325230229317807e-18 3.8743019209475094e-10
v 0.037674903869628906 0.004959995392709968 3.8743019036002746e-10
v 0.03670518100261688 0.009835124015808102 3.8743019036002746e-10
v 0.03510742262005806 0.014541970565915103 3.87430188625304e-10
v 0.03290896490216255 0.018999999389052384 3.87430188625304e-10
v 0.030147427693009377 0.02313293516635894 3.874301868905805e-10
v 0.026870056986808777 0.026870056986808766 3.874301868905805e-10
v 0.023132935166358948 0.030147427693009366 3.8743018515585703e-10
v 0.01899999938905239 0.032908964902162545 3.8743018515585703e-10
v 0.014541970565915108 0.03510742262005805 3.8743018515585703e-10
v 0.009835124015808105 0.036705181002616875 3.8743018342113356e-10
v 0.0049599953927099705 0.0376749038696289 3.8743018342113356e-10
v 4.653657742038617e-18 0.037999998778104775 3.8743018342113356e-10
v -0.0049599953927099705 0.0376749038696289 3.8743018342113356e-10
v -0.009835124015808105 0.036705181002616875 3.8743018342113356e-10
v -0.014541970565915108 0.03510742262005805 3.8743018515585703e-10
v -0.01899999938905239 0.032908964902162545 3.8743018515585703e-10
v -0.023132935166358948 0.030147427693009366 3.8743018515585703e-10
v -0.026870056986808777 0.026870056986808766 3.874301868905805e-10
v -0.030147427693009377 0.02313293516635894 3.874301868905805e-10
v -0.03290896490216255 0.018999999389052384 3.87430188625304e-10
v -0.03510742262005806 0.014541970565915103 3.87430188625304e-10
v -0.03670518100261688 0.009835124015808102 3.8743019036002746e-10
v -0.037674903869628906 0.004959995392709968 3.8743019036002746e-10
v -0.03799999877810478 4.982085668349733e-18 3.8743019209475094e-10
v -0.037674903869628906 -0.004959995392709971 3.874301938294744e-10
v -0.03670518100261688 -0.009835124015808105 3.874301938294744e-10
v -0.03510742262005806 -0.014541970565915106 3.874301955641979e-10
v -0.03290896490216255 -0.01899999938905239 3.874301955641979e-10
v -0.030147427693009377 -0.023132935166358948 3.8743019729892136e-10
v -0.026870056986808777 -0.026870056986808773 3.8743019729892136e-10
v -0.023132935166358948 -0.030147427693009373 3.8743019903364484e-10
v -0.01899999938905239 -0.032908964902162545 3.8743019903364484e-10
v -0.014541970565915108 -0.03510742262005805 3.8743019903364484e-10
v -0.009835124015808105 -0.036705181002616875 3.874302007683683e-10
v -0.0049599953927099705 -0.0376749038696289 3.874302007683683e-10
v -9.307315484077235e-18 -0.037999998778104775 3.874302007683683e-10
v 0 1.998401358298498e-18 0.017999999612569807
v 0 1.998401358298498e-18 0.017999999612569807
v 0 1.998401358298498e-18 0.017999999612569807
v 0 1.998401358298498e-18 0.017999999612569807
v 0 1.998401358298498e-18 0.017999999612569807
v 0 1.998401358298498e-18 0.017999999612569807
v 0 1.998401358298498e-18 0.017999999612569807
v 0 1.998401358298498e-18 0.017999999612569807
v 0 1.998401358298498e-18 0.017999999612569807
v 0 1.998401358298498e-18 0.017999999612569807
v 0 1.998401358298498e-18 0.017999999612569807
v 0 1.998401358298498e-18 0.017999999612569807
v 0 1.998401358298498e-18 0.017999999612569807
v 0 1.998401358298498e-18 0.017999999612569807
v 0 1.998401358298498e-18 0.017999999612569807
v 0 1.998401358298498e-18 0.017999999612569807
v 0 1.998401358298498e-18 0.017999999612569807
v 0 1.998401358298498e-18 0.017999999612569807
v 0 1.998401358298498e-18 0.017999999612569807
v 0 1.998401358298498e-18 0.017999999612569807
v 0 1.998401358298498e-18 0.017999999612569807
v 0 1.998401358298498e-18 0.017999999612569807
v 0 1.998401358298498e-18 0.017999999612569807
v 0 1.998401358298498e-18 0.017999999612569807
v 0 1.998401358298498e-18 0.017999999612569807
v 0 1.998401358298498e-18 0.017999999612569807
v 0 1.998401358298498e-18 0.017999999612569807
v 0 1.998401358298498e-18 0.017999999612569807
v 0 1.998401358298498e-18 0.017999999612569807
v 0 1.998401358298498e-18 0.017999999612569807
v 0 1.998401358298498e-18 0.017999999612569807
v 0 1.998401358298498e-18 0.017999999612569807
v 0 1.998401358298498e-18 0.017999999612569807
v 0 1.998401358298498e-18 0.017999999612569807
v 0 1.998401358298498e-18 0.017999999612569807
v 0 1.998401358298498e-18 0.017999999612569807
v 0 1.998401358298498e-18 0.017999999612569807
v 0 1.998401358298498e-18 0.017999999612569807
v 0 1.998401358298498e-18 0.017999999612569807
v 0 1.998401358298498e-18 0.017999999612569807
v 0 1.998401358298498e-18 0.017999999612569807
v 0 1.998401358298498e-18 0.017999999612569807
v 0 1.998401358298498e-18 0.017999999612569807
v 0 1.998401358298498e-18 0.017999999612569807
v 0 1.998401358298498e-18 0.017999999612569807
v 0 1.998401358298498e-18 0.017999999612569807
v 0 1.998401358298498e-18 0.017999999612569807
v 0 1.998401358298498e-18 0.017999999612569807
v 0 -0.037999998778104775 0.017999999612569817
v 0.0049599953927099705 -0.0376749038696289 0.017999999612569817
v 0.009835124015808105 -0.036705181002616875 0.017999999612569817
v 0.014541970565915108 -0.03510742262005805 0.017999999612569813
v 0.01899999938905239 -0.032908964902162545 0.017999999612569813
v 0.023132935166358948 -0.030147427693009366 0.017999999612569813
v 0.026870056986808777 -0.026870056986808766 0.01799999961256981
v 0.030147427693009377 -0.02313293516635894 0.01799999961256981
v 0.03290896490216255 -0.018999999389052384 0.01799999961256981
v 0.03510742262005806 -0.014541970565915103 0.01799999961256981
v 0.03670518100261688 -0.009835124015808102 0.01799999961256981
v 0.037674903869628906 -0.004959995392709968 0.01799999961256981
v 0.03799999877810478 -3.284275127208102e-19 0.017999999612569807
v 0.037674903869628906 0.004959995392709971 0.017999999612569803
v 0.03670518100261688 0.009835124015808105 0.017999999612569803
v 0.03510742262005806 0.014541970565915106 0.017999999612569803
v 0.03290896490216255 0.01899999938905239 0.017999999612569803
v 0.030147427693009377 0.023132935166358948 0.017999999612569803
v 0.026870056986808777 0.026870056986808773 0.017999999612569803
v 0.023132935166358948 0.030147427693009373 0.0179999996125698
v 0.01899999938905239 0.032908964902162545 0.0179999996125698
v 0.014541970565915108 0.03510742262005805 0.0179999996125698
v 0.009835124015808105 0.036705181002616875 0.017999999612569796
v 0.0049599953927099705 0.0376749038696289 0.017999999612569796
v 4.653657742038617e-18 0.037999998778104775 0.017999999612569796
v -0.0049599953927099705 0.0376749038696289 0.017999999612569796
v -0.009835124015808105 0.036705181002616875 0.017999999612569796
v -0.014541970565915108 0.03510742262005805 0.0179999996125698
v -0.01899999938905239 0.032908964902162545 0.0179999996125698
v -0.023132935166358948 0.030147427693009373 0.0179999996125698
v -0.026870056986808777 0.026870056986808773 0.017999999612569803
v -0.030147427693009377 0.023132935166358948 0.017999999612569803
v -0.03290896490216255 0.01899999938905239 0.017999999612569803
v -0.03510742262005806 0.014541970565915106 0.017999999612569803
v -0.03670518100261688 0.009835124015808105 0.017999999612569803
v -0.037674903869628906 0.004959995392709971 0.017999999612569803
v -0.03799999877810478 8.978888384946729e-18 0.017999999612569807
v -0.037674903869628906 -0.004959995392709968 0.01799999961256981
v -0.03670518100261688 -0.009835124015808102 0.01799999961256981
v -0.03510742262005806 -0.014541970565915103 0.01799999961256981
v -0.03290896490216255 -0.018999999389052384 0.01799999961256981
v -0.030147427693009377 -0.02313293516635894 0.01799999961256981
v -0.026870056986808777 -0.026870056986808766 0.01799999961256981
v -0.023132935166358948 -0.030147427693009366 0.017999999612569813
v -0.01899999938905239 -0.032908964902162545 0.017999999612569813
v -0.014541970565915108 -0.03510742262005805 0.017999999612569813
v -0.009835124015808105 -0.036705181002616875 0.017999999612569817
v -0.0049599953927099705 -0.0376749038696289 0.017999999612569817
v -9.307315484077235e-18 -0.037999998778104775 0.017999999612569817
v 0 -1.998401358298498e-18 3.8743019209475094e-10
v 0 -1.998401358298498e-18 3.8743019209475094e-10
v 0 -1.998401358298498e-18 3.8743019209475094e-10
v 0 -1.998401358298498e-18 3.8743019209475094e-10
v 0 -1.998401358298498e-18 3.8743019209475094e-10
v 0 -1.998401358298498e-18 3.8743019209475094e-10
v 0 -1.998401358298498e-18 3.8743019209475094e-10
v 0 -1.998401358298498e-18 3.8743019209475094e-10
v 0 -1.998401358298498e-18 3.8743019209475094e-10
v 0 -1.998401358298498e-18 3.8743019209475094e-10
v 0 -1.998401358298498e-18 3.8743019209475094e-10
v 0 -1.998401358298498e-18 3.8743019209475094e-10
v 0 -1.998401358298498e-18 3.8743019209475094e-10
v 0 -1.998401358298498e-18 3.8743019209475094e-10
v 0 -1.998401358298498e-18 3.8743019209475094e-10
v 0 -1.998401358298498e-18 3.8743019209475094e-10
v 0 -1.998401358298498e-18 3.8743019209475094e-10
v 0 -1.998401358298498e-18 3.8743019209475094e-10
v 0 -1.998401358298498e-18 3.8743019209475094e-10
v 0 -1.998401358298498e-18 3.8743019209475094e-10
v 0 -1.998401358298498e-18 3.8743019209475094e-10
v 0 -1.998401358298498e-18 3.8743019209475094e-10
v 0 -1.998401358298498e-18 3.8743019209475094e-10
v 0 -1.998401358298498e-18 3.8743019209475094e-10
v 0 -1.998401358298498e-18 3.8743019209475094e-10
v 0 -1.998401358298498e-18 3.8743019209475094e-10
v 0 -1.998401358298498e-18 3.8743019209475094e-10
v 0 -1.998401358298498e-18 3.8743019209475094e-10
v 0 -1.998401358298498e-18 3.8743019209475094e-10
v 0 -1.998401358298498e-18 3.8743019209475094e-10
v 0 -1.998401358298498e-18 3.8743019209475094e-10
v 0 -1.998401358298498e-18 3.8743019209475094e-10
v 0 -1.998401358298498e-18 3.8743019209475094e-10
v 0 -1.998401358298498e-18 3.8743019209475094e-10
v 0 -1.998401358298498e-18 3.8743019209475094e-10
v 0 -1.998401358298498e-18 3.8743019209475094e-10
v 0 -1.998401358298498e-18 3.8743019209475094e-10
v 0 -1.998401358298498e-18 3.8743019209475094e-10
v 0 -1.998401358298498e-18 3.8743019209475094e-10
v 0 -1.998401358298498e-18 3.8743019209475094e-10
v 0 -1.998401358298498e-18 3.8743019209475094e-10
v 0 -1.998401358298498e-18 3.8743019209475094e-10
v 0 -1.998401358298498e-18 3.8743019209475094e-10
v 0 -1.998401358298498e-18 3.8743019209475094e-10
v 0 -1.998401358298498e-18 3.8743019209475094e-10
v 0 -1.998401358298498e-18 3.8743019209475094e-10
v 0 -1.998401358298498e-18 3.8743019209475094e-10
v 0 -1.998401358298498e-18 3.8743019209475094e-10
v 0 -0.037999998778104775 3.874302007683683e-10
v 0.0049599953927099705 -0.0376749038696289 3.874302007683683e-10
v 0.009835124015808105 -0.036705181002616875 3.874302007683683e-10
v 0.014541970565915108 -0.03510742262005805 3.8743019903364484e-10
v 0.01899999938905239 -0.032908964902162545 3.8743019903364484e-10
v 0.023132935166358948 -0.030147427693009373 3.8743019903364484e-10
v 0.026870056986808777 -0.026870056986808773 3.8743019729892136e-10
v 0.030147427693009377 -0.023132935166358948 3.8743019729892136e-10
v 0.03290896490216255 -0.01899999938905239 3.874301955641979e-10
v 0.03510742262005806 -0.014541970565915106 3.874301955641979e-10
v 0.03670518100261688 -0.009835124015808105 3.874301938294744e-10
v 0.037674903869628906 -0.004959995392709971 3.874301938294744e-10
v 0.03799999877810478 -4.325230229317807e-18 3.8743019209475094e-10
v 0.037674903869628906 0.004959995392709968 3.8743019036002746e-10
v 0.03670518100261688 0.009835124015808102 3.8743019036002746e-10
v 0.03510742262005806 0.014541970565915103 3.87430188625304e-10
v 0.03290896490216255 0.018999999389052384 3.87430188625304e-10
v 0.030147427693009377 0.02313293516635894 3.874301868905805e-10
v 0.026870056986808777 0.026870056986808766 3.874301868905805e-10
v 0.023132935166358948 0.030147427693009366 3.8743018515585703e-10
v 0.01899999938905239 0.032908964902162545 3.8743018515585703e-10
v 0.014541970565915108 0.03510742262005805 3.8743018515585703e-10
v 0.009835124015808105 0.036705181002616875 3.8743018342113356e-10
v 0.0049599953927099705 0.0376749038696289 3.8743018342113356e-10
v 4.653657742038617e-18 0.037999998778104775 3.8743018342113356e-10
v -0.0049599953927099705 0.0376749038696289 3.8743018342113356e-10
v -0.009835124015808105 0.036705181002616875 3.8743018342113356e-10
v -0.014541970565915108 0.03510742262005805 3.8743018515585703e-10
v -0.01899999938905239 0.032908964902162545 3.8743018515585703e-10
v -0.023132935166358948 0.030147427693009366 3.8743018515585703e-10
v -0.026870056986808777 0.026870056986808766 3.874301868905805e-10
v -0.030147427693009377 0.02313293516635894 3.874301868905805e-10
v -0.03290896490216255 0.018999999389052384 3.87430188625304e-10
v -0.03510742262005806 0.014541970565915103 3.87430188625304e-10
v -0.03670518100261688 0.009835124015808102 3.8743019036002746e-10
v -0.037674903869628906 0.004959995392709968 3.8743019036002746e-10
v -0.03799999877810478 4.982085668349733e-18 3.8743019209475094e-10
v -0.037674903869628906 -0.004959995392709971 3.874301938294744e-10
v -0.03670518100261688 -0.009835124015808105 3.874301938294744e-10
v -0.03510742262005806 -0.014541970565915106 3.874301955641979e-10
v -0.03290896490216255 -0.01899999938905239 3.874301955641979e-10
v -0.030147427693009377 -0.023132935166358948 3.8743019729892136e-10
v -0.026870056986808777 -0.026870056986808773 3.8743019729892136e-10
v -0.023132935166358948 -0.030147427693009373 3.8743019903364484e-10
v -0.01899999938905239 -0.032908964902162545 3.8743019903364484e-10
v -0.014541970565915108 -0.03510742262005805 3.8743019903364484e-10
v -0.009835124015808105 -0.036705181002616875 3.874302007683683e-10
v -0.0049599953927099705 -0.0376749038696289 3.874302007683683e-10
v -9.307315484077235e-18 -0.037999998778104775 3.874302007683683e-10
vt 0 1
vt 0.02083333395421505 1
vt 0.0416666679084301 1
vt 0.0625 1
vt 0.0833333358168602 1
vt 0.1041666641831398 1
vt 0.125 1
vt 0.1458333283662796 1
vt 0.1666666716337204 1
vt 0.1875 1
vt 0.2083333283662796 1
vt 0.2291666716337204 1
vt 0.25 1
vt 0.2708333432674408 1
vt 0.2916666567325592 1
vt 0.3125 1
vt 0.3333333432674408 1
vt 0.3541666567325592 1
vt 0.375 1
vt 0.3958333432674408 1
vt 0.4166666567325592 1
vt 0.4375 1
vt 0.4583333432674408 1
vt 0.4791666567325592 1
vt 0.5 1
vt 0.5208333134651184 1
vt 0.5416666865348816 1
vt 0.5625 1
vt 0.5833333134651184 1
vt 0.6041666865348816 1
vt 0.625 1
vt 0.6458333134651184 1
vt 0.6666666865348816 1
vt 0.6875 1
vt 0.7083333134651184 1
vt 0.7291666865348816 1
vt 0.75 1
vt 0.7708333134651184 1
vt 0.7916666865348816 1
vt 0.8125 1
vt 0.8333333134651184 1
vt 0.8541666865348816 1
vt 0.875 1
vt 0.8958333134651184 1
vt 0.9166666865348816 1
vt 0.9375 1
vt 0.9583333134651184 1
vt 0.9791666865348816 1
vt 1 1
vt 0 0
vt 0.02083333395421505 0
vt 0.0416666679084301 0
vt 0.0625 0
vt 0.0833333358168602 0
vt 0.1041666641831398 0
vt 0.125 0
vt 0.1458333283662796 0
vt 0.1666666716337204 0
vt 0.1875 0
vt 0.2083333283662796 0
vt 0.2291666716337204 0
vt 0.25 0
vt 0.2708333432674408 0
vt 0.2916666567325592 0
vt 0.3125 0
vt 0.3333333432674408 0
vt 0.3541666567325592 0
vt 0.375 0
vt 0.3958333432674408 0
vt 0.4166666567325592 0
vt 0.4375 0
vt 0.4583333432674408 0
vt 0.4791666567325592 0
vt 0.5 0
vt 0.5208333134651184 0
vt 0.5416666865348816 0
vt 0.5625 0
vt 0.5833333134651184 0
vt 0.6041666865348816 0
vt 0.625 0
vt 0.6458333134651184 0
vt 0.6666666865348816 0
vt 0.6875 0
vt 0.7083333134651184 0
vt 0.7291666865348816 0
vt 0.75 0
vt 0.7708333134651184 0
vt 0.7916666865348816 0
vt 0.8125 0
vt 0.8333333134651184 0
vt 0.8541666865348816 0
vt 0.875 0
vt 0.8958333134651184 0
vt 0.9166666865348816 0
vt 0.9375 0
vt 0.9583333134651184 0
vt 0.9791666865348816 0
vt 1 0
vt 0.5 0.5
vt 0.5 0.5
vt 0.5 0.5
vt 0.5 0.5
vt 0.5 0.5
vt 0.5 0.5
vt 0.5 0.5
vt 0.5 0.5
vt 0.5 0.5
vt 0.5 0.5
vt 0.5 0.5
vt 0.5 0.5
vt 0.5 0.5
vt 0.5 0.5
vt 0.5 0.5
vt 0.5 0.5
vt 0.5 0.5
vt 0.5 0.5
vt 0.5 0.5
vt 0.5 0.5
vt 0.5 0.5
vt 0.5 0.5
vt 0.5 0.5
vt 0.5 0.5
vt 0.5 0.5
vt 0.5 0.5
vt 0.5 0.5
vt 0.5 0.5
vt 0.5 0.5
vt 0.5 0.5
vt 0.5 0.5
vt 0.5 0.5
vt 0.5 0.5
vt 0.5 0.5
vt 0.5 0.5
vt 0.5 0.5
vt 0.5 0.5
vt 0.5 0.5
vt 0.5 0.5
vt 0.5 0.5
vt 0.5 0.5
vt 0.5 0.5
vt 0.5 0.5
vt 0.5 0.5
vt 0.5 0.5
vt 0.5 0.5
vt 0.5 0.5
vt 0.5 0.5
vt 1 0.5
vt 0.9957224130630493 0.5652630925178528
vt 0.9829629063606262 0.6294095516204834
vt 0.9619397521018982 0.6913416981697083
vt 0.9330127239227295 0.75
vt 0.8966766595840454 0.8043807148933411
vt 0.8535534143447876 0.8535534143447876
vt 0.8043807148933411 0.8966766595840454
vt 0.75 0.9330127239227295
vt 0.6913416981697083 0.9619397521018982
vt 0.6294095516204834 0.9829629063606262
vt 0.5652630925178528 0.9957224130630493
vt 0.5 1
vt 0.4347369074821472 0.9957224130630493
vt 0.370590478181839 0.9829629063606262
vt 0.30865827202796936 0.9619397521018982
vt 0.25 0.9330127239227295
vt 0.19561928510665894 0.8966766595840454
vt 0.1464466154575348 0.8535534143447876
vt 0.10332333296537399 0.8043807148933411
vt 0.0669872984290123 0.75
vt 0.03806023299694061 0.6913416981697083
vt 0.017037086188793182 0.6294095516204834
vt 0.004277569241821766 0.5652630925178528
vt 0 0.5
vt 0.004277569241821766 0.4347369074821472
vt 0.017037086188793182 0.370590478181839
vt 0.03806023299694061 0.30865827202796936
vt 0.0669872984290123 0.25
vt 0.10332333296537399 0.19561928510665894
vt 0.1464466154575348 0.1464466154575348
vt 0.19561928510665894 0.10332333296537399
vt 0.25 0.0669872984290123
vt 0.30865827202796936 0.03806023299694061
vt 0.370590478181839 0.017037086188793182
vt 0.4347369074821472 0.004277569241821766
vt 0.5 0
vt 0.5652630925178528 0.004277569241821766
vt 0.6294095516204834 0.017037086188793182
vt 0.6913416981697083 0.03806023299694061
vt 0.75 0.0669872984290123
vt 0.8043807148933411 0.10332333296537399
vt 0.8535534143447876 0.1464466154575348
vt 0.8966766595840454 0.19561928510665894
vt 0.9330127239227295 0.25
vt 0.9619397521018982 0.30865827202796936
vt 0.9829629063606262 0.370590478181839
vt 0.9957224130630493 0.4347369074821472
vt 1 0.5
vt 0.5 0.5
vt 0.5 0.5
vt 0.5 0.5
vt 0.5 0.5
vt 0.5 0.5
vt 0.5 0.5
vt 0.5 0.5
vt 0.5 0.5
vt 0.5 0.5
vt 0.5 0.5
vt 0.5 0.5
vt 0.5 0.5
vt 0.5 0.5
vt 0.5 0.5
vt 0.5 0.5
vt 0.5 0.5
vt 0.5 0.5
vt 0.5 0.5
vt 0.5 0.5
vt 0.5 0.5
vt 0.5 0.5
vt 0.5 0.5
vt 0.5 0.5
vt 0.5 0.5
vt 0.5 0.5
vt 0.5 0.5
vt 0.5 0.5
vt 0.5 0.5
vt 0.5 0.5
vt 0.5 0.5
vt 0.5 0.5
vt 0.5 0.5
vt 0.5 0.5
vt 0.5 0.5
vt 0.5 0.5
vt 0.5 0.5
vt 0.5 0.5
vt 0.5 0.5
vt 0.5 0.5
vt 0.5 0.5
vt 0.5 0.5
vt 0.5 0.5
vt 0.5 0.5
vt 0.5 0.5
vt 0.5 0.5
vt 0.5 0.5
vt 0.5 0.5
vt 0.5 0.5
vt 1 0.5
vt 0.9957224130630493 0.4347369074821472
vt 0.9829629063606262 0.370590478181839
vt 0.9619397521018982 0.30865827202796936
vt 0.9330127239227295 0.25
vt 0.8966766595840454 0.19561928510665894
vt 0.8535534143447876 0.1464466154575348
vt 0.8043807148933411 0.10332333296537399
vt 0.75 0.0669872984290123
vt 0.6913416981697083 0.03806023299694061
vt 0.6294095516204834 0.017037086188793182
vt 0.5652630925178528 0.004277569241821766
vt 0.5 0
vt 0.4347369074821472 0.004277569241821766
vt 0.370590478181839 0.017037086188793182
vt 0.30865827202796936 0.03806023299694061
vt 0.25 0.0669872984290123
vt 0.19561928510665894 0.10332333296537399
vt 0.1464466154575348 0.1464466154575348
vt 0.10332333296537399 0.19561928510665894
vt 0.0669872984290123 0.25
vt 0.03806023299694061 0.30865827202796936
vt 0.017037086188793182 0.370590478181839
vt 0.004277569241821766 0.4347369074821472
vt 0 0.5
vt 0.004277569241821766 0.5652630925178528
vt 0.017037086188793182 0.6294095516204834
vt 0.03806023299694061 0.6913416981697083
vt 0.0669872984290123 0.75
vt 0.10332333296537399 0.8043807148933411
vt 0.1464466154575348 0.8535534143447876
vt 0.19561928510665894 0.8966766595840454
vt 0.25 0.9330127239227295
vt 0.30865827202796936 0.9619397521018982
vt 0.370590478181839 0.9829629063606262
vt 0.4347369074821472 0.9957224130630493
vt 0.5 1
vt 0.5652630925178528 0.9957224130630493
vt 0.6294095516204834 0.9829629063606262
vt 0.6913416981697083 0.9619397521018982
vt 0.75 0.9330127239227295
vt 0.8043807148933411 0.8966766595840454
vt 0.8535534143447876 0.8535534143447876
vt 0.8966766595840454 0.8043807148933411
vt 0.9330127239227295 0.75
vt 0.9619397521018982 0.6913416981697083
vt 0.9829629063606262 0.6294095516204834
vt 0.9957224130630493 0.5652630925178528
vt 1 0.5
vn 0 -1 2.2204460492503136e-16
vn 0.130526182006087 -0.9914448627185043 2.2014498284728224e-16
vn 0.2588190471264926 -0.9659258257467466 2.1447861836482103e-16
vn 0.38268343706133684 -0.9238795305660377 2.0514246536285927e-16
vn 0.5000000067305868 -0.8660253998985324 1.922962677755119e-16
vn 0.6087614397000723 -0.7933533320874724 1.7615982718932e-16
vn 0.7071067811865474 -0.7071067811865475 1.5700924586837754e-16
vn 0.7933533320874723 -0.6087614397000726 1.351721933717959e-16
vn 0.8660253998985324 -0.500000006730587 1.110223039570062e-16
vn 0.9238795305660374 -0.38268343706133695 8.497279259363766e-17
vn 0.9659258257467466 -0.25881904712649273 5.746937306627515e-17
vn 0.9914448627185043 -0.13052618200608707 2.898263451591434e-17
vn 1 -6.12323426292584e-17 1.3596311327747838e-32
vn 0.9914448627185043 0.13052618200608707 -2.898263451591434e-17
vn 0.9659258257467466 0.25881904712649273 -5.746937306627515e-17
vn 0.9238795305660374 0.38268343706133695 -8.497279259363766e-17
vn 0.8660253998985324 0.500000006730587 -1.110223039570062e-16
vn 0.7933533320874723 0.6087614397000726 -1.351721933717959e-16
vn 0.7071067811865474 0.7071067811865475 -1.5700924586837754e-16
vn 0.6087614397000723 0.7933533320874724 -1.7615982718932e-16
vn 0.5000000067305868 0.8660253998985324 -1.922962677755119e-16
vn 0.38268343706133684 0.9238795305660377 -2.0514246536285927e-16
vn 0.2588190471264926 0.9659258257467466 -2.1447861836482103e-16
vn 0.130526182006087 0.9914448627185043 -2.2014498284728224e-16
vn 1.2246468525851676e-16 1 -2.2204460492503136e-16
vn -0.130526182006087 0.9914448627185043 -2.2014498284728224e-16
vn -0.2588190471264926 0.9659258257467466 -2.1447861836482103e-16
vn -0.38268343706133684 0.9238795305660377 -2.0514246536285927e-16
vn -0.5000000067305868 0.8660253998985324 -1.922962677755119e-16
vn -0.6087614397000723 0.7933533320874724 -1.7615982718932e-16
vn -0.7071067811865474 0.7071067811865475 -1.5700924586837754e-16
vn -0.7933533320874723 0.6087614397000726 -1.351721933717959e-16
vn -0.8660253998985324 0.500000006730587 -1.110223039570062e-16
vn -0.9238795305660374 0.38268343706133695 -8.497279259363766e-17
vn -0.9659258257467466 0.25881904712649273 -5.746937306627515e-17
vn -0.9914448627185043 0.13052618200608707 -2.898263451591434e-17
vn -1 1.8369701465288543e-16 -4.0788931044507637e-32
vn -0.9914448627185043 -0.13052618200608707 2.898263451591434e-17
vn -0.9659258257467466 -0.25881904712649273 5.746937306627515e-17
vn -0.9238795305660374 -0.38268343706133695 8.497279259363766e-17
vn -0.8660253998985324 -0.500000006730587 1.110223039570062e-16
vn -0.7933533320874723 -0.6087614397000726 1.351721933717959e-16
vn -0.7071067811865474 -0.7071067811865475 1.5700924586837754e-16
vn -0.6087614397000723 -0.7933533320874724 1.7615982718932e-16
vn -0.5000000067305868 -0.8660253998985324 1.922962677755119e-16
vn -0.38268343706133684 -0.9238795305660377 2.0514246536285927e-16
vn -0.2588190471264926 -0.9659258257467466 2.1447861836482103e-16
vn -0.130526182006087 -0.9914448627185043 2.2014498284728224e-16
vn -2.449293705170335e-16 -1 2.2204460492503136e-16
vn 0 -1 2.2204460492503136e-16
vn 0.130526182006087 -0.9914448627185043 2.2014498284728224e-16
vn 0.2588190471264926 -0.9659258257467466 2.1447861836482103e-16
vn 0.38268343706133684 -0.9238795305660377 2.0514246536285927e-16
vn 0.5000000067305868 -0.8660253998985324 1.922962677755119e-16
vn 0.6087614397000723 -0.7933533320874724 1.7615982718932e-16
vn 0.7071067811865474 -0.7071067811865475 1.5700924586837754e-16
vn 0.7933533320874723 -0.6087614397000726 1.351721933717959e-16
vn 0.8660253998985324 -0.500000006730587 1.110223039570062e-16
vn 0.9238795305660374 -0.38268343706133695 8.497279259363766e-17
vn 0.9659258257467466 -0.25881904712649273 5.746937306627515e-17
vn 0.9914448627185043 -0.13052618200608707 2.898263451591434e-17
vn 1 -6.12323426292584e-17 1.3596311327747838e-32
vn 0.9914448627185043 0.13052618200608707 -2.898263451591434e-17
vn 0.9659258257467466 0.25881904712649273 -5.746937306627515e-17
vn 0.9238795305660374 0.38268343706133695 -8.497279259363766e-17
vn 0.8660253998985324 0.500000006730587 -1.110223039570062e-16
vn 0.7933533320874723 0.6087614397000726 -1.351721933717959e-16
vn 0.7071067811865474 0.7071067811865475 -1.5700924586837754e-16
vn 0.6087614397000723 0.7933533320874724 -1.7615982718932e-16
vn 0.5000000067305868 0.8660253998985324 -1.922962677755119e-16
vn 0.38268343706133684 0.9238795305660377 -2.0514246536285927e-16
vn 0.2588190471264926 0.9659258257467466 -2.1447861836482103e-16
vn 0.130526182006087 0.9914448627185043 -2.2014498284728224e-16
vn 1.2246468525851676e-16 1 -2.2204460492503136e-16
vn -0.130526182006087 0.9914448627185043 -2.2014498284728224e-16
vn -0.2588190471264926 0.9659258257467466 -2.1447861836482103e-16
vn -0.38268343706133684 0.9238795305660377 -2.0514246536285927e-16
vn -0.5000000067305868 0.8660253998985324 -1.922962677755119e-16
vn -0.6087614397000723 0.7933533320874724 -1.7615982718932e-16
vn -0.7071067811865474 0.7071067811865475 -1.5700924586837754e-16
vn -0.7933533320874723 0.6087614397000726 -1.351721933717959e-16
vn -0.8660253998985324 0.500000006730587 -1.110223039570062e-16
vn -0.9238795305660374 0.38268343706133695 -8.497279259363766e-17
vn -0.9659258257467466 0.25881904712649273 -5.746937306627515e-17
vn -0.9914448627185043 0.13052618200608707 -2.898263451591434e-17
vn -1 1.8369701465288543e-16 -4.0788931044507637e-32
vn -0.9914448627185043 -0.13052618200608707 2.898263451591434e-17
vn -0.9659258257467466 -0.25881904712649273 5.746937306627515e-17
vn -0.9238795305660374 -0.38268343706133695 8.497279259363766e-17
vn -0.8660253998985324 -0.500000006730587 1.110223039570062e-16
vn -0.7933533320874723 -0.6087614397000726 1.351721933717959e-16
vn -0.7071067811865474 -0.7071067811865475 1.5700924586837754e-16
vn -0.6087614397000723 -0.7933533320874724 1.7615982718932e-16
vn -0.5000000067305868 -0.8660253998985324 1.922962677755119e-16
vn -0.38268343706133684 -0.9238795305660377 2.0514246536285927e-16
vn -0.2588190471264926 -0.9659258257467466 2.1447861836482103e-16
vn -0.130526182006087 -0.9914448627185043 2.2014498284728224e-16
vn -2.449293705170335e-16 -1 2.2204460492503136e-16
vn 0 2.2204460492503136e-16 1
vn 0 2.2204460492503136e-16 1
vn 0 2.2204460492503136e-16 1
vn 0 2.2204460492503136e-16 1
vn 0 2.2204460492503136e-16 1
vn 0 2.2204460492503136e-16 1
vn 0 2.2204460492503136e-16 1
vn 0 2.2204460492503136e-16 1
vn 0 2.2204460492503136e-16 1
vn 0 2.2204460492503136e-16 1
vn 0 2.2204460492503136e-16 1
vn 0 2.2204460492503136e-16 1
vn 0 2.2204460492503136e-16 1
vn 0 2.2204460492503136e-16 1
vn 0 2.2204460492503136e-16 1
vn 0 2.2204460492503136e-16 1
vn 0 2.2204460492503136e-16 1
vn 0 2.2204460492503136e-16 1
vn 0 2.2204460492503136e-16 1
vn 0 2.2204460492503136e-16 1
vn 0 2.2204460492503136e-16 1
vn 0 2.2204460492503136e-16 1
vn 0 2.2204460492503136e-16 1
vn 0 2.2204460492503136e-16 1
vn 0 2.2204460492503136e-16 1
vn 0 2.2204460492503136e-16 1
vn 0 2.2204460492503136e-16 1
vn 0 2.2204460492503136e-16 1
vn 0 2.2204460492503136e-16 1
vn 0 2.2204460492503136e-16 1
vn 0 2.2204460492503136e-16 1
vn 0 2.2204460492503136e-16 1
vn 0 2.2204460492503136e-16 1
vn 0 2.2204460492503136e-16 1
vn 0 2.2204460492503136e-16 1
vn 0 2.2204460492503136e-16 1
vn 0 2.2204460492503136e-16 1
vn 0 2.2204460492503136e-16 1
vn 0 2.2204460492503136e-16 1
vn 0 2.2204460492503136e-16 1
vn 0 2.2204460492503136e-16 1
vn 0 2.2204460492503136e-16 1
vn 0 2.2204460492503136e-16 1
vn 0 2.2204460492503136e-16 1
vn 0 2.2204460492503136e-16 1
vn 0 2.2204460492503136e-16 1
vn 0 2.2204460492503136e-16 1
vn 0 2.2204460492503136e-16 1
vn 0 2.2204460492503136e-16 1
vn 0 2.2204460492503136e-16 1
vn 0 2.2204460492503136e-16 1
vn 0 2.2204460492503136e-16 1
vn 0 2.2204460492503136e-16 1
vn 0 2.2204460492503136e-16 1
vn 0 2.2204460492503136e-16 1
vn 0 2.2204460492503136e-16 1
vn 0 2.2204460492503136e-16 1
vn 0 2.2204460492503136e-16 1
vn 0 2.2204460492503136e-16 1
vn 0 2.2204460492503136e-16 1
vn 0 2.2204460492503136e-16 1
vn 0 2.2204460492503136e-16 1
vn 0 2.2204460492503136e-16 1
vn 0 2.2204460492503136e-16 1
vn 0 2.2204460492503136e-16 1
vn 0 2.2204460492503136e-16 1
vn 0 2.2204460492503136e-16 1
vn 0 2.2204460492503136e-16 1
vn 0 2.2204460492503136e-16 1
vn 0 2.2204460492503136e-16 1
vn 0 2.2204460492503136e-16 1
vn 0 2.2204460492503136e-16 1
vn 0 2.2204460492503136e-16 1
vn 0 2.2204460492503136e-16 1
vn 0 2.2204460492503136e-16 1
vn 0 2.2204460492503136e-16 1
vn 0 2.2204460492503136e-16 1
vn 0 2.2204460492503136e-16 1
vn 0 2.2204460492503136e-16 1
vn 0 2.2204460492503136e-16 1
vn 0 2.2204460492503136e-16 1
vn 0 2.2204460492503136e-16 1
vn 0 2.2204460492503136e-16 1
vn 0 2.2204460492503136e-16 1
vn 0 2.2204460492503136e-16 1
vn 0 2.2204460492503136e-16 1
vn 0 2.2204460492503136e-16 1
vn 0 2.2204460492503136e-16 1
vn 0 2.2204460492503136e-16 1
vn 0 2.2204460492503136e-16 1
vn 0 2.2204460492503136e-16 1
vn 0 2.2204460492503136e-16 1
vn 0 2.2204460492503136e-16 1
vn 0 2.2204460492503136e-16 1
vn 0 2.2204460492503136e-16 1
vn 0 2.2204460492503136e-16 1
vn 0 2.2204460492503136e-16 1
vn 0 -2.2204460492503136e-16 -1
vn 0 -2.2204460492503136e-16 -1
vn 0 -2.2204460492503136e-16 -1
vn 0 -2.2204460492503136e-16 -1
vn 0 -2.2204460492503136e-16 -1
vn 0 -2.2204460492503136e-16 -1
vn 0 -2.2204460492503136e-16 -1
vn 0 -2.2204460492503136e-16 -1
vn 0 -2.2204460492503136e-16 -1
vn 0 -2.2204460492503136e-16 -1
vn 0 -2.2204460492503136e-16 -1
vn 0 -2.2204460492503136e-16 -1
vn 0 -2.2204460492503136e-16 -1
vn 0 -2.2204460492503136e-16 -1
vn 0 -2.2204460492503136e-16 -1
vn 0 -2.2204460492503136e-16 -1
vn 0 -2.2204460492503136e-16 -1
vn 0 -2.2204460492503136e-16 -1
vn 0 -2.2204460492503136e-16 -1
vn 0 -2.2204460492503136e-16 -1
vn 0 -2.2204460492503136e-16 -1
vn 0 -2.2204460492503136e-16 -1
vn 0 -2.2204460492503136e-16 -1
vn 0 -2.2204460492503136e-16 -1
vn 0 -2.2204460492503136e-16 -1
vn 0 -2.2204460492503136e-16 -1
vn 0 -2.2204460492503136e-16 -1
vn 0 -2.2204460492503136e-16 -1
vn 0 -2.2204460492503136e-16 -1
vn 0 -2.2204460492503136e-16 -1
vn 0 -2.2204460492503136e-16 -1
vn 0 -2.2204460492503136e-16 -1
vn 0 -2.2204460492503136e-16 -1
vn 0 -2.2204460492503136e-16 -1
vn 0 -2.2204460492503136e-16 -1
vn 0 -2.2204460492503136e-16 -1
vn 0 -2.2204460492503136e-16 -1
vn 0 -2.2204460492503136e-16 -1
vn 0 -2.2204460492503136e-16 -1
vn 0 -2.2204460492503136e-16 -1
vn 0 -2.2204460492503136e-16 -1
vn 0 -2.2204460492503136e-16 -1
vn 0 -2.2204460492503136e-16 -1
vn 0 -2.2204460492503136e-16 -1
vn 0 -2.2204460492503136e-16 -1
vn 0 -2.2204460492503136e-16 -1
vn 0 -2.2204460492503136e-16 -1
vn 0 -2.2204460492503136e-16 -1
vn 0 -2.2204460492503136e-16 -1
vn 0 -2.2204460492503136e-16 -1
vn 0 -2.2204460492503136e-16 -1
vn 0 -2.2204460492503136e-16 -1
vn 0 -2.2204460492503136e-16 -1
vn 0 -2.2204460492503136e-16 -1
vn 0 -2.2204460492503136e-16 -1
vn 0 -2.2204460492503136e-16 -1
vn 0 -2.2204460492503136e-16 -1
vn 0 -2.2204460492503136e-16 -1
vn 0 -2.2204460492503136e-16 -1
vn 0 -2.2204460492503136e-16 -1
vn 0 -2.2204460492503136e-16 -1
vn 0 -2.2204460492503136e-16 -1
vn 0 -2.2204460492503136e-16 -1
vn 0 -2.2204460492503136e-16 -1
vn 0 -2.2204460492503136e-16 -1
vn 0 -2.2204460492503136e-16 -1
vn 0 -2.2204460492503136e-16 -1
vn 0 -2.2204460492503136e-16 -1
vn 0 -2.2204460492503136e-16 -1
vn 0 -2.2204460492503136e-16 -1
vn 0 -2.2204460492503136e-16 -1
vn 0 -2.2204460492503136e-16 -1
vn 0 -2.2204460492503136e-16 -1
vn 0 -2.2204460492503136e-16 -1
vn 0 -2.2204460492503136e-16 -1
vn 0 -2.2204460492503136e-16 -1
vn 0 -2.2204460492503136e-16 -1
vn 0 -2.2204460492503136e-16 -1
vn 0 -2.2204460492503136e-16 -1
vn 0 -2.2204460492503136e-16 -1
vn 0 -2.2204460492503136e-16 -1
vn 0 -2.2204460492503136e-16 -1
vn 0 -2.2204460492503136e-16 -1
vn 0 -2.2204460492503136e-16 -1
vn 0 -2.2204460492503136e-16 -1
vn 0 -2.2204460492503136e-16 -1
vn 0 -2.2204460492503136e-16 -1
vn 0 -2.2204460492503136e-16 -1
vn 0 -2.2204460492503136e-16 -1
vn 0 -2.2204460492503136e-16 -1
vn 0 -2.2204460492503136e-16 -1
vn 0 -2.2204460492503136e-16 -1
vn 0 -2.2204460492503136e-16 -1
vn 0 -2.2204460492503136e-16 -1
vn 0 -2.2204460492503136e-16 -1
vn 0 -2.2204460492503136e-16 -1
vn 0 -2.2204460492503136e-16 -1
f 1/1/1 50/50/50 2/2/2
f 50/50/50 51/51/51 2/2/2
f 2/2/2 51/51/51 3/3/3
f 51/51/51 52/52/52 3/3/3
f 3/3/3 52/52/52 4/4/4
f 52/52/52 53/53/53 4/4/4
f 4/4/4 53/53/53 5/5/5
f 53/53/53 54/54/54 5/5/5
f 5/5/5 54/54/54 6/6/6
f 54/54/54 55/55/55 6/6/6
f 6/6/6 55/55/55 7/7/7
f 55/55/55 56/56/56 7/7/7
f 7/7/7 56/56/56 8/8/8
f 56/56/56 57/57/57 8/8/8
f 8/8/8 57/57/57 9/9/9
f 57/57/57 58/58/58 9/9/9
f 9/9/9 58/58/58 10/10/10
f 58/58/58 59/59/59 10/10/10
f 10/10/10 59/59/59 11/11/11
f 59/59/59 60/60/60 11/11/11
f 11/11/11 60/60/60 12/12/12
f 60/60/60 61/61/61 12/12/12
f 12/12/12 61/61/61 13/13/13
f 61/61/61 62/62/62 13/13/13
f 13/13/13 62/62/62 14/14/14
f 62/62/62 63/63/63 14/14/14
f 14/14/14 63/63/63 15/15/15
f 63/63/63 64/64/64 15/15/15
f 15/15/15 64/64/64 16/16/16
f 64/64/64 65/65/65 16/16/16
f 16/16/16 65/65/65 17/17/17
f 65/65/65 66/66/66 17/17/17
f 17/17/17 66/66/66 18/18/18
f 66/66/66 67/67/67 18/18/18
f 18/18/18 67/67/67 19/19/19
f 67/67/67 68/68/68 19/19/19
f 19/19/19 68/68/68 20/20/20
f 68/68/68 69/69/69 20/20/20
f 20/20/20 69/69/69 21/21/21
f 69/69/69 70/70/70 21/21/21
f 21/21/21 70/70/70 22/22/22
f 70/70/70 71/71/71 22/22/22
f 22/22/22 71/71/71 23/23/23
f 71/71/71 72/72/72 23/23/23
f 23/23/23 72/72/72 24/24/24
f 72/72/72 73/73/73 24/24/24
f 24/24/24 73/73/73 25/25/25
f 73/73/73 74/74/74 25/25/25
f 25/25/25 74/74/74 26/26/26
f 74/74/74 75/75/75 26/26/26
f 26/26/26 75/75/75 27/27/27
f 75/75/75 76/76/76 27/27/27
f 27/27/27 76/76/76 28/28/28
f 76/76/76 77/77/77 28/28/28
f 28/28/28 77/77/77 29/29/29
f 77/77/77 78/78/78 29/29/29
f 29/29/29 78/78/78 30/30/30
f 78/78/78 79/79/79 30/30/30
f 30/30/30 79/79/79 31/31/31
f 79/79/79 80/80/80 31/31/31
f 31/31/31 80/80/80 32/32/32
f 80/80/80 81/81/81 32/32/32
f 32/32/32 81/81/81 33/33/33
f 81/81/81 82/82/82 33/33/33
f 33/33/33 82/82/82 34/34/34
f 82/82/82 83/83/83 34/34/34
f 34/34/34 83/83/83 35/35/35
f 83/83/83 84/84/84 35/35/35
f 35/35/35 84/84/84 36/36/36
f 84/84/84 85/85/85 36/36/36
f 36/36/36 85/85/85 37/37/37
f 85/85/85 86/86/86 37/37/37
f 37/37/37 86/86/86 38/38/38
f 86/86/86 87/87/87 38/38/38
f 38/38/38 87/87/87 39/39/39
f 87/87/87 88/88/88 39/39/39
f 39/39/39 88/88/88 40/40/40
f 88/88/88 89/89/89 40/40/40
f 40/40/40 89/89/89 41/41/41
f 89/89/89 90/90/90 41/41/41
f 41/41/41 90/90/90 42/42/42
f 90/90/90 91/91/91 42/42/42
f 42/42/42 91/91/91 43/43/43
f 91/91/91 92/92/92 43/43/43
f 43/43/43 92/92/92 44/44/44
f 92/92/92 93/93/93 44/44/44
f 44/44/44 93/93/93 45/45/45
f 93/93/93 94/94/94 45/45/45
f 45/45/45 94/94/94 46/46/46
f 94/94/94 95/95/95 46/46/46
f 46/46/46 95/95/95 47/47/47
f 95/95/95 96/96/96 47/47/47
f 47/47/47 96/96/96 48/48/48
f 96/96/96 97/97/97 48/48/48
f 48/48/48 97/97/97 49/49/49
f 97/97/97 98/98/98 49/49/49
f 147/147/147 148/148/148 99/99/99
f 148/148/148 149/149/149 100/100/100
f 149/149/149 150/150/150 101/101/101
f 150/150/150 151/151/151 102/102/102
f 151/151/151 152/152/152 103/103/103
f 152/152/152 153/153/153 104/104/104
f 153/153/153 154/154/154 105/105/105
f 154/154/154 155/155/155 106/106/106
f 155/155/155 156/156/156 107/107/107
f 156/156/156 157/157/157 108/108/108
f 157/157/157 158/158/158 109/109/109
f 158/158/158 159/159/159 110/110/110
f 159/159/159 160/160/160 111/111/111
f 160/160/160 161/161/161 112/112/112
f 161/161/161 162/162/162 113/113/113
f 162/162/162 163/163/163 114/114/114
f 163/163/163 164/164/164 115/115/115
f 164/164/164 165/165/165 116/116/116
f 165/165/165 166/166/166 117/117/117
f 166/166/166 167/167/167 118/118/118
f 167/167/167 168/168/168 119/119/119
f 168/168/168 169/169/169 120/120/120
f 169/169/169 170/170/170 121/121/121
f 170/170/170 171/171/171 122/122/122
f 171/171/171 172/172/172 123/123/123
f 172/172/172 173/173/173 124/124/124
f 173/173/173 174/174/174 125/125/125
f 174/174/174 175/175/175 126/126/126
f 175/175/175 176/176/176 127/127/127
f 176/176/176 177/177/177 128/128/128
f 177/177/177 178/178/178 129/129/129
f 178/178/178 179/179/179 130/130/130
f 179/179/179 180/180/180 131/131/131
f 180/180/180 181/181/181 132/132/132
f 181/181/181 182/182/182 133/133/133
f 182/182/182 183/183/183 134/134/134
f 183/183/183 184/184/184 135/135/135
f 184/184/184 185/185/185 136/136/136
f 185/185/185 186/186/186 137/137/137
f 186/186/186 187/187/187 138/138/138
f 187/187/187 188/188/188 139/139/139
f 188/188/188 189/189/189 140/140/140
f 189/189/189 190/190/190 141/141/141
f 190/190/190 191/191/191 142/142/142
f 191/191/191 192/192/192 143/143/143
f 192/192/192 193/193/193 144/144/144
f 193/193/193 194/194/194 145/145/145
f 194/194/194 195/195/195 146/146/146
f 245/245/245 244/244/244 196/196/196
f 246/246/246 245/245/245 197/197/197
f 247/247/247 246/246/246 198/198/198
f 248/248/248 247/247/247 199/199/199
f 249/249/249 248/248/248 200/200/200
f 250/250/250 249/249/249 201/201/201
f 251/251/251 250/250/250 202/202/202
f 252/252/252 251/251/251 203/203/203
f 253/253/253 252/252/252 204/204/204
f 254/254/254 253/253/253 205/205/205
f 255/255/255 254/254/254 206/206/206
f 256/256/256 255/255/255 207/207/207
f 257/257/257 256/256/256 208/208/208
f 258/258/258 257/257/257 209/209/209
f 259/259/259 258/258/258 210/210/210
f 260/260/260 259/259/259 211/211/211
f 261/261/261 260/260/260 212/212/212
f 262/262/262 261/261/261 213/213/213
f 263/263/263 262/262/262 214/214/214
f 264/264/264 263/263/263 215/215/215
f 265/265/265 264/264/264 216/216/216
f 266/266/266 265/265/265 217/217/217
f 267/267/267 266/266/266 218/218/218
f 268/268/268 267/267/267 219/219/219
f 269/269/269 268/268/268 220/220/220
f 270/270/270 269/269/269 221/221/221
f 271/271/271 270/270/270 222/222/222
f 272/272/272 271/271/271 223/223/223
f 273/273/273 272/272/272 224/224/224
f 274/274/274 273/273/273 225/225/225
f 275/275/275 274/274/274 226/226/226
f 276/276/276 275/275/275 227/227/227
f 277/277/277 276/276/276 228/228/228
f 278/278/278 277/277/277 229/229/229
f 279/279/279 278/278/278 230/230/230
f 280/280/280 279/279/279 231/231/231
f 281/281/281 280/280/280 232/232/232
f 282/282/282 281/281/281 233/233/233
f 283/283/283 282/282/282 234/234/234
f 284/284/284 283/283/283 235/235/235
f 285/285/285 284/284/284 236/236/236
f 286/286/286 285/285/285 237/237/237
f 287/287/287 286/286/286 238/238/238
f 288/288/288 287/287/287 239/239/239
f 289/289/289 288/288/288 240/240/240
f 290/290/290 289/289/289 241/241/241
f 291/291/291 290/290/290 242/242/242
f 292/292/292 291/291/291 243/243/243
o indicator_ring
usemtl indicator_teal
v 0 -0.038499999791383736 0.021000000013038523
v 0.0050252582877874374 -0.038170628249645226 0.021000000013038523
v 0.009964533150196075 -0.03718814253807067 0.021000000013038523
v 0.014733311720192432 -0.03556936234235763 0.021000000013038523
v 0.01924999989569187 -0.033341977745294564 0.021000000013038523
v 0.023437315598130226 -0.03054410405457019 0.021000000013038523
v 0.027223611250519753 -0.027223611250519746 0.021000000013038523
v 0.030544104054570198 -0.023437315598130223 0.02100000001303852
v 0.03334197774529457 -0.019249999895691868 0.02100000001303852
v 0.035569362342357635 -0.014733311720192429 0.02100000001303852
v 0.03718814253807068 -0.009964533150196074 0.02100000001303852
v 0.03817062824964523 -0.005025258287787437 0.021000000013038516
v 0.03849999979138374 -2.0243781899539012e-18 0.021000000013038516
v 0.03817062824964523 0.005025258287787437 0.021000000013038516
v 0.03718814253807068 0.009964533150196074 0.021000000013038513
v 0.035569362342357635 0.014733311720192429 0.021000000013038513
v 0.03334197774529457 0.019249999895691868 0.021000000013038513
v 0.030544104054570198 0.023437315598130223 0.02100000001303851
v 0.027223611250519753 0.027223611250519746 0.02100000001303851
v 0.023437315598130226 0.03054410405457019 0.02100000001303851
v 0.01924999989569187 0.033341977745294564 0.02100000001303851
v 0.014733311720192432 0.03556936234235763 0.02100000001303851
v 0.009964533150196075 0.03718814253807067 0.021000000013038506
v 0.0050252582877874374 0.038170628249645226 0.021000000013038506
v 4.7148902004731615e-18 0.038499999791383736 0.021000000013038506
v -0.0050252582877874374 0.038170628249645226 0.021000000013038506
v -0.009964533150196075 0.03718814253807067 0.021000000013038506
v -0.014733311720192432 0.03556936234235763 0.02100000001303851
v -0.01924999989569187 0.033341977745294564 0.02100000001303851
v -0.023437315598130226 0.03054410405457019 0.02100000001303851
v -0.027223611250519753 0.027223611250519746 0.02100000001303851
v -0.030544104054570198 0.023437315598130223 0.02100000001303851
v -0.03334197774529457 0.019249999895691868 0.021000000013038513
v -0.035569362342357635 0.014733311720192429 0.021000000013038513
v -0.03718814253807068 0.009964533150196074 0.021000000013038513
v -0.03817062824964523 0.005025258287787437 0.021000000013038516
v -0.03849999979138374 7.405402417787573e-18 0.021000000013038516
v -0.03817062824964523 -0.005025258287787437 0.021000000013038516
v -0.03718814253807068 -0.009964533150196074 0.02100000001303852
v -0.035569362342357635 -0.014733311720192429 0.02100000001303852
v -0.03334197774529457 -0.019249999895691868 0.02100000001303852
v -0.030544104054570198 -0.023437315598130223 0.02100000001303852
v -0.027223611250519753 -0.027223611250519746 0.021000000013038523
v -0.023437315598130226 -0.03054410405457019 0.021000000013038523
v -0.01924999989569187 -0.033341977745294564 0.021000000013038523
v -0.014733311720192432 -0.03556936234235763 0.021000000013038523
v -0.009964533150196075 -0.03718814253807067 0.021000000013038523
v -0.0050252582877874374 -0.038170628249645226 0.021000000013038523
v -9.429780400946323e-18 -0.038499999791383736 0.021000000013038523
v 0 -0.038499999791383736 0.017999999986961494
v 0.0050252582877874374 -0.038170628249645226 0.017999999986961494
v 0.009964533150196075 -0.03718814253807067 0.017999999986961494
v 0.014733311720192432 -0.03556936234235763 0.01799999998696149
v 0.01924999989569187 -0.033341977745294564 0.01799999998696149
v 0.023437315598130226 -0.03054410405457019 0.01799999998696149
v 0.027223611250519753 -0.027223611250519746 0.01799999998696149
v 0.030544104054570198 -0.023437315598130223 0.01799999998696149
v 0.03334197774529457 -0.019249999895691868 0.017999999986961487
v 0.035569362342357635 -0.014733311720192429 0.017999999986961487
v 0.03718814253807068 -0.009964533150196074 0.017999999986961487
v 0.03817062824964523 -0.005025258287787437 0.017999999986961484
v 0.03849999979138374 -2.6905120105192595e-18 0.017999999986961484
v 0.03817062824964523 0.005025258287787437 0.017999999986961484
v 0.03718814253807068 0.009964533150196074 0.01799999998696148
v 0.035569362342357635 0.014733311720192429 0.01799999998696148
v 0.03334197774529457 0.019249999895691868 0.01799999998696148
v 0.030544104054570198 0.023437315598130223 0.01799999998696148
v 0.027223611250519753 0.027223611250519746 0.017999999986961477
v 0.023437315598130226 0.03054410405457019 0.017999999986961477
v 0.01924999989569187 0.033341977745294564 0.017999999986961477
v 0.014733311720192432 0.03556936234235763 0.017999999986961477
v 0.009964533150196075 0.03718814253807067 0.017999999986961477
v 0.0050252582877874374 0.038170628249645226 0.017999999986961477
v 4.7148902004731615e-18 0.038499999791383736 0.017999999986961477
v -0.0050252582877874374 0.038170628249645226 0.017999999986961477
v -0.009964533150196075 0.03718814253807067 0.017999999986961477
v -0.014733311720192432 0.03556936234235763 0.017999999986961477
v -0.01924999989569187 0.033341977745294564 0.017999999986961477
v -0.023437315598130226 0.03054410405457019 0.017999999986961477
v -0.027223611250519753 0.027223611250519746 0.017999999986961477
v -0.030544104054570198 0.023437315598130223 0.01799999998696148
v -0.03334197774529457 0.019249999895691868 0.01799999998696148
v -0.035569362342357635 0.014733311720192429 0.01799999998696148
v -0.03718814253807068 0.009964533150196074 0.01799999998696148
v -0.03817062824964523 0.005025258287787437 0.017999999986961484
v -0.03849999979138374 6.739268597222215e-18 0.017999999986961484
v -0.03817062824964523 -0.005025258287787437 0.017999999986961484
v -0.03718814253807068 -0.009964533150196074 0.017999999986961487
v -0.035569362342357635 -0.014733311720192429 0.017999999986961487
v -0.03334197774529457 -0.019249999895691868 0.017999999986961487
v -0.030544104054570198 -0.023437315598130223 0.01799999998696149
v -0.027223611250519753 -0.027223611250519746 0.01799999998696149
v -0.023437315598130226 -0.03054410405457019 0.01799999998696149
v -0.01924999989569187 -0.033341977745294564 0.01799999998696149
v -0.014733311720192432 -0.03556936234235763 0.01799999998696149
v -0.009964533150196075 -0.03718814253807067 0.017999999986961494
v -0.0050252582877874374 -0.038170628249645226 0.017999999986961494
v -9.429780400946323e-18 -0.038499999791383736 0.017999999986961494
v 0 3.330669102826791e-19 0.021000000013038516
v 0 3.330669102826791e-19 0.021000000013038516
v 0 3.330669102826791e-19 0.021000000013038516
v 0 3.330669102826791e-19 0.021000000013038516
v 0 3.330669102826791e-19 0.021000000013038516
v 0 3.330669102826791e-19 0.021000000013038516
v 0 3.330669102826791e-19 0.021000000013038516
v 0 3.330669102826791e-19 0.021000000013038516
v 0 3.330669102826791e-19 0.021000000013038516
v 0 3.330669102826791e-19 0.021000000013038516
v 0 3.330669102826791e-19 0.021000000013038516
v 0 3.330669102826791e-19 0.021000000013038516
v 0 3.330669102826791e-19 0.021000000013038516
v 0 3.330669102826791e-19 0.021000000013038516
v 0 3.330669102826791e-19 0.021000000013038516
v 0 3.330669102826791e-19 0.021000000013038516
v 0 3.330669102826791e-19 0.021000000013038516
v 0 3.330669102826791e-19 0.021000000013038516
v 0 3.330669102826791e-19 0.021000000013038516
v 0 3.330669102826791e-19 0.021000000013038516
v 0 3.330669102826791e-19 0.021000000013038516
v 0 3.330669102826791e-19 0.021000000013038516
v 0 3.330669102826791e-19 0.021000000013038516
v 0 3.330669102826791e-19 0.021000000013038516
v 0 3.330669102826791e-19 0.021000000013038516
v 0 3.330669102826791e-19 0.021000000013038516
v 0 3.330669102826791e-19 0.021000000013038516
v 0 3.330669102826791e-19 0.021000000013038516
v 0 3.330669102826791e-19 0.021000000013038516
v 0 3.330669102826791e-19 0.021000000013038516
v 0 3.330669102826791e-19 0.021000000013038516
v 0 3.330669102826791e-19 0.021000000013038516
v 0 3.330669102826791e-19 0.021000000013038516
v 0 3.330669102826791e-19 0.021000000013038516
v 0 3.330669102826791e-19 0.021000000013038516
v 0 3.330669102826791e-19 0.021000000013038516
v 0 3.330669102826791e-19 0.021000000013038516
v 0 3.330669102826791e-19 0.021000000013038516
v 0 3.330669102826791e-19 0.021000000013038516
v 0 3.330669102826791e-19 0.021000000013038516
v 0 3.330669102826791e-19 0.021000000013038516
v 0 3.330669102826791e-19 0.021000000013038516
v 0 3.330669102826791e-19 0.021000000013038516
v 0 3.330669102826791e-19 0.021000000013038516
v 0 3.330669102826791e-19 0.021000000013038516
v 0 3.330669102826791e-19 0.021000000013038516
v 0 3.330669102826791e-19 0.021000000013038516
v 0 3.330669102826791e-19 0.021000000013038516
v 0 -0.038499999791383736 0.021000000013038523
v 0.0050252582877874374 -0.038170628249645226 0.021000000013038523
v 0.009964533150196075 -0.03718814253807067 0.021000000013038523
v 0.014733311720192432 -0.03556936234235763 0.021000000013038523
v 0.01924999989569187 -0.033341977745294564 0.021000000013038523
v 0.023437315598130226 -0.03054410405457019 0.021000000013038523
v 0.027223611250519753 -0.027223611250519746 0.021000000013038523
v 0.030544104054570198 -0.023437315598130223 0.02100000001303852
v 0.03334197774529457 -0.019249999895691868 0.02100000001303852
v 0.035569362342357635 -0.014733311720192429 0.02100000001303852
v 0.03718814253807068 -0.009964533150196074 0.02100000001303852
v 0.03817062824964523 -0.005025258287787437 0.021000000013038516
v 0.03849999979138374 -2.0243781899539012e-18 0.021000000013038516
v 0.03817062824964523 0.005025258287787437 0.021000000013038516
v 0.03718814253807068 0.009964533150196074 0.021000000013038513
v 0.035569362342357635 0.014733311720192429 0.021000000013038513
v 0.03334197774529457 0.019249999895691868 0.021000000013038513
v 0.030544104054570198 0.023437315598130223 0.02100000001303851
v 0.027223611250519753 0.027223611250519746 0.02100000001303851
v 0.023437315598130226 0.03054410405457019 0.02100000001303851
v 0.01924999989569187 0.033341977745294564 0.02100000001303851
v 0.014733311720192432 0.03556936234235763 0.02100000001303851
v 0.009964533150196075 0.03718814253807067 0.021000000013038506
v 0.0050252582877874374 0.038170628249645226 0.021000000013038506
v 4.7148902004731615e-18 0.038499999791383736 0.021000000013038506
v -0.0050252582877874374 0.038170628249645226 0.021000000013038506
v -0.009964533150196075 0.03718814253807067 0.021000000013038506
v -0.014733311720192432 0.03556936234235763 0.02100000001303851
v -0.01924999989569187 0.033341977745294564 0.02100000001303851
v -0.023437315598130226 0.03054410405457019 0.02100000001303851
v -0.027223611250519753 0.027223611250519746 0.02100000001303851
v -0.030544104054570198 0.023437315598130223 0.02100000001303851
v -0.03334197774529457 0.019249999895691868 0.021000000013038513
v -0.035569362342357635 0.014733311720192429 0.021000000013038513
v -0.03718814253807068 0.009964533150196074 0.021000000013038513
v -0.03817062824964523 0.005025258287787437 0.021000000013038516
v -0.03849999979138374 7.405402417787573e-18 0.021000000013038516
v -0.03817062824964523 -0.005025258287787437 0.021000000013038516
v -0.03718814253807068 -0.009964533150196074 0.02100000001303852
v -0.035569362342357635 -0.014733311720192429 0.02100000001303852
v -0.03334197774529457 -0.019249999895691868 0.02100000001303852
v -0.030544104054570198 -0.023437315598130223 0.02100000001303852
v -0.027223611250519753 -0.027223611250519746 0.021000000013038523
v -0.023437315598130226 -0.03054410405457019 0.021000000013038523
v -0.01924999989569187 -0.033341977745294564 0.021000000013038523
v -0.014733311720192432 -0.03556936234235763 0.021000000013038523
v -0.009964533150196075 -0.03718814253807067 0.021000000013038523
v -0.0050252582877874374 -0.038170628249645226 0.021000000013038523
v -9.429780400946323e-18 -0.038499999791383736 0.021000000013038523
v 0 -3.330669102826791e-19 0.017999999986961484
v 0 -3.330669102826791e-19 0.017999999986961484
v 0 -3.330669102826791e-19 0.017999999986961484
v 0 -3.330669102826791e-19 0.017999999986961484
v 0 -3.330669102826791e-19 0.017999999986961484
v 0 -3.330669102826791e-19 0.017999999986961484
v 0 -3.330669102826791e-19 0.017999999986961484
v 0 -3.330669102826791e-19 0.017999999986961484
v 0 -3.330669102826791e-19 0.017999999986961484
v 0 -3.330669102826791e-19 0.017999999986961484
v 0 -3.330669102826791e-19 0.017999999986961484
v 0 -3.330669102826791e-19 0.017999999986961484
v 0 -3.330669102826791e-19 0.017999999986961484
v 0 -3.330669102826791e-19 0.017999999986961484
v 0 -3.330669102826791e-19 0.017999999986961484
v 0 -3.330669102826791e-19 0.017999999986961484
v 0 -3.330669102826791e-19 0.017999999986961484
v 0 -3.330669102826791e-19 0.017999999986961484
v 0 -3.330669102826791e-19 0.017999999986961484
v 0 -3.330669102826791e-19 0.017999999986961484
v 0 -3.330669102826791e-19 0.017999999986961484
v 0 -3.330669102826791e-19 0.017999999986961484
v 0 -3.330669102826791e-19 0.017999999986961484
v 0 -3.330669102826791e-19 0.017999999986961484
v 0 -3.330669102826791e-19 0.017999999986961484
v 0 -3.330669102826791e-19 0.017999999986961484
v 0 -3.330669102826791e-19 0.017999999986961484
v 0 -3.330669102826791e-19 0.017999999986961484
v 0 -3.330669102826791e-19 0.017999999986961484
v 0 -3.330669102826791e-19 0.017999999986961484
v 0 -3.330669102826791e-19 0.017999999986961484
v 0 -3.330669102826791e-19 0.017999999986961484
v 0 -3.330669102826791e-19 0.017999999986961484
v 0 -3.330669102826791e-19 0.017999999986961484
v 0 -3.330669102826791e-19 0.017999999986961484
v 0 -3.330669102826791e-19 0.017999999986961484
v 0 -3.330669102826791e-19 0.017999999986961484
v 0 -3.330669102826791e-19 0.017999999986961484
v 0 -3.330669102826791e-19 0.017999999986961484
v 0 -3.330669102826791e-19 0.017999999986961484
v 0 -3.330669102826791e-19 0.017999999986961484
v 0 -3.330669102826791e-19 0.017999999986961484
v 0 -3.330669102826791e-19 0.017999999986961484
v 0 -3.330669102826791e-19 0.017999999986961484
v 0 -3.330669102826791e-19 0.017999999986961484
v 0 -3.330669102826791e-19 0.017999999986961484
v 0 -3.330669102826791e-19 0.017999999986961484
v 0 -3.330669102826791e-19 0.017999999986961484
v 0 -0.038499999791383736 0.017999999986961494
v 0.0050252582877874374 -0.038170628249645226 0.017999999986961494
v 0.009964533150196075 -0.03718814253807067 0.017999999986961494
v 0.014733311720192432 -0.03556936234235763 0.01799999998696149
v 0.01924999989569187 -0.033341977745294564 0.01799999998696149
v 0.023437315598130226 -0.03054410405457019 0.01799999998696149
v 0.027223611250519753 -0.027223611250519746 0.01799999998696149
v 0.030544104054570198 -0.023437315598130223 0.01799999998696149
v 0.03334197774529457 -0.019249999895691868 0.017999999986961487
v 0.035569362342357635 -0.014733311720192429 0.017999999986961487
v 0.03718814253807068 -0.009964533150196074 0.017999999986961487
v 0.03817062824964523 -0.005025258287787437 0.017999999986961484
v 0.03849999979138374 -2.6905120105192595e-18 0.017999999986961484
v 0.03817062824964523 0.005025258287787437 0.017999999986961484
v 0.03718814253807068 0.009964533150196074 0.01799999998696148
v 0.035569362342357635 0.014733311720192429 0.01799999998696148
v 0.03334197774529457 0.019249999895691868 0.01799999998696148
v 0.030544104054570198 0.023437315598130223 0.01799999998696148
v 0.027223611250519753 0.027223611250519746 0.017999999986961477
v 0.023437315598130226 0.03054410405457019 0.017999999986961477
v 0.01924999989569187 0.033341977745294564 0.017999999986961477
v 0.014733311720192432 0.03556936234235763 0.017999999986961477
v 0.009964533150196075 0.03718814253807067 0.017999999986961477
v 0.0050252582877874374 0.038170628249645226 0.017999999986961477
v 4.7148902004731615e-18 0.038499999791383736 0.017999999986961477
v -0.0050252582877874374 0.038170628249645226 0.017999999986961477
v -0.009964533150196075 0.03718814253807067 0.017999999986961477
v -0.014733311720192432 0.03556936234235763 0.017999999986961477
v -0.01924999989569187 0.033341977745294564 0.017999999986961477
v -0.023437315598130226 0.03054410405457019 0.017999999986961477
v -0.027223611250519753 0.027223611250519746 0.017999999986961477
v -0.030544104054570198 0.023437315598130223 0.01799999998696148
v -0.03334197774529457 0.019249999895691868 0.01799999998696148
v -0.035569362342357635 0.014733311720192429 0.01799999998696148
v -0.03718814253807068 0.009964533150196074 0.01799999998696148
v -0.03817062824964523 0.005025258287787437 0.017999999986961484
v -0.03849999979138374 6.739268597222215e-18 0.017999999986961484
v -0.03817062824964523 -0.005025258287787437 0.017999999986961484
v -0.03718814253807068 -0.009964533150196074 0.017999999986961487
v -0.035569362342357635 -0.014733311720192429 0.017999999986961487
v -0.03334197774529457 -0.019249999895691868 0.017999999986961487
v -0.030544104054570198 -0.023437315598130223 0.01799999998696149
v -0.027223611250519753 -0.027223611250519746 0.01799999998696149
v -0.023437315598130226 -0.03054410405457019 0.01799999998696149
v -0.01924999989569187 -0.033341977745294564 0.01799999998696149
v -0.014733311720192432 -0.03556936234235763 0.01799999998696149
v -0.009964533150196075 -0.03718814253807067 0.017999999986961494
v -0.0050252582877874374 -0.038170628249645226 0.017999999986961494
v -9.429780400946323e-18 -0.038499999791383736 0.017999999986961494
vt 0 1
vt 0.02083333395421505 1
vt 0.0416666679084301 1
vt 0.0625 1
vt 0.0833333358168602 1
vt 0.1041666641831398 1
vt 0.125 1
vt 0.1458333283662796 1
vt 0.1666666716337204 1
vt 0.1875 1
vt 0.2083333283662796 1
vt 0.2291666716337204 1
vt 0.25 1
vt 0.2708333432674408 1
vt 0.2916666567325592 1
vt 0.3125 1
vt 0.3333333432674408 1
vt 0.3541666567325592 1
vt 0.375 1
vt 0.3958333432674408 1
vt 0.4166666567325592 1
vt 0.4375 1
vt 0.4583333432674408 1
vt 0.4791666567325592 1
vt 0.5 1
vt 0.5208333134651184 1
vt 0.5416666865348816 1
vt 0.5625 1
vt 0.5833333134651184 1
vt 0.6041666865348816 1
vt 0.625 1
vt 0.6458333134651184 1
vt 0.6666666865348816 1
vt 0.6875 1
vt 0.7083333134651184 1
vt 0.7291666865348816 1
vt 0.75 1
vt 0.7708333134651184 1
vt 0.7916666865348816 1
vt 0.8125 1
vt 0.8333333134651184 1
vt 0.8541666865348816 1
vt 0.875 1
vt 0.8958333134651184 1
vt 0.9166666865348816 1
vt 0.9375 1
vt 0.9583333134651184 1
vt 0.9791666865348816 1
vt 1 1
vt 0 0
vt 0.02083333395421505 0
vt 0.0416666679084301 0
vt 0.0625 0
vt 0.0833333358168602 0
vt 0.1041666641831398 0
vt 0.125 0
vt 0.1458333283662796 0
vt 0.1666666716337204 0
vt 0.1875 0
vt 0.2083333283662796 0
vt 0.2291666716337204 0
vt 0.25 0
vt 0.2708333432674408 0
vt 0.2916666567325592 0
vt 0.3125 0
vt 0.3333333432674408 0
vt 0.3541666567325592 0
vt 0.375 0
vt 0.3958333432674408 0
vt 0.4166666567325592 0
vt 0.4375 0
vt 0.4583333432674408 0
vt 0.4791666567325592 0
vt 0.5 0
vt 0.5208333134651184 0
vt 0.5416666865348816 0
vt 0.5625 0
vt 0.5833333134651184 0
vt 0.6041666865348816 0
vt 0.625 0
vt 0.6458333134651184 0
vt 0.6666666865348816 0
vt 0.6875 0
vt 0.7083333134651184 0
vt 0.7291666865348816 0
vt 0.75 0
vt 0.7708333134651184 0
vt 0.7916666865348816 0
vt 0.8125 0
vt 0.8333333134651184 0
vt 0.8541666865348816 0
vt 0.875 0
vt 0.8958333134651184 0
vt 0.9166666865348816 0
vt 0.9375 0
vt 0.9583333134651184 0
vt 0.9791666865348816 0
vt 1 0
vt 0.5 0.5
vt 0.5 0.5
vt 0.5 0.5
vt 0.5 0.5
vt 0.5 0.5
vt 0.5 0.5
vt 0.5 0.5
vt 0.5 0.5
vt 0.5 0.5
vt 0.5 0.5
vt 0.5 0.5
vt 0.5 0.5
vt 0.5 0.5
vt 0.5 0.5
vt 0.5 0.5
vt 0.5 0.5
vt 0.5 0.5
vt 0.5 0.5
vt 0.5 0.5
vt 0.5 0.5
vt 0.5 0.5
vt 0.5 0.5
vt 0.5 0.5
vt 0.5 0.5
vt 0.5 0.5
vt 0.5 0.5
vt 0.5 0.5
vt 0.5 0.5
vt 0.5 0.5
vt 0.5 0.5
vt 0.5 0.5
vt 0.5 0.5
vt 0.5 0.5
vt 0.5 0.5
vt 0.5 0.5
vt 0.5 0.5
vt 0.5 0.5
vt 0.5 0.5
vt 0.5 0.5
vt 0.5 0.5
vt 0.5 0.5
vt 0.5 0.5
vt 0.5 0.5
vt 0.5 0.5
vt 0.5 0.5
vt 0.5 0.5
vt 0.5 0.5
vt 0.5 0.5
vt 1 0.5
vt 0.9957224130630493 0.5652630925178528
vt 0.9829629063606262 0.6294095516204834
vt 0.9619397521018982 0.6913416981697083
vt 0.9330127239227295 0.75
vt 0.8966766595840454 0.8043807148933411
vt 0.8535534143447876 0.8535534143447876
vt 0.8043807148933411 0.8966766595840454
vt 0.75 0.9330127239227295
vt 0.6913416981697083 0.9619397521018982
vt 0.6294095516204834 0.9829629063606262
vt 0.5652630925178528 0.9957224130630493
vt 0.5 1
vt 0.4347369074821472 0.9957224130630493
vt 0.370590478181839 0.9829629063606262
vt 0.30865827202796936 0.9619397521018982
vt 0.25 0.9330127239227295
vt 0.19561928510665894 0.8966766595840454
vt 0.1464466154575348 0.8535534143447876
vt 0.10332333296537399 0.8043807148933411
vt 0.0669872984290123 0.75
vt 0.03806023299694061 0.6913416981697083
vt 0.017037086188793182 0.6294095516204834
vt 0.004277569241821766 0.5652630925178528
vt 0 0.5
vt 0.004277569241821766 0.4347369074821472
vt 0.017037086188793182 0.370590478181839
vt 0.03806023299694061 0.30865827202796936
vt 0.0669872984290123 0.25
vt 0.10332333296537399 0.19561928510665894
vt 0.1464466154575348 0.1464466154575348
vt 0.19561928510665894 0.10332333296537399
vt 0.25 0.0669872984290123
vt 0.30865827202796936 0.03806023299694061
vt 0.370590478181839 0.017037086188793182
vt 0.4347369074821472 0.004277569241821766
vt 0.5 0
vt 0.5652630925178528 0.004277569241821766
vt 0.6294095516204834 0.017037086188793182
vt 0.6913416981697083 0.03806023299694061
vt 0.75 0.0669872984290123
vt 0.8043807148933411 0.10332333296537399
vt 0.8535534143447876 0.1464466154575348
vt 0.8966766595840454 0.19561928510665894
vt 0.9330127239227295 0.25
vt 0.9619397521018982 0.30865827202796936
vt 0.9829629063606262 0.370590478181839
vt 0.9957224130630493 0.4347369074821472
vt 1 0.5
vt 0.5 0.5
vt 0.5 0.5
vt 0.5 0.5
vt 0.5 0.5
vt 0.5 0.5
vt 0.5 0.5
vt 0.5 0.5
vt 0.5 0.5
vt 0.5 0.5
vt 0.5 0.5
vt 0.5 0.5
vt 0.5 0.5
vt 0.5 0.5
vt 0.5 0.5
vt 0.5 0.5
vt 0.5 0.5
vt 0.5 0.5
vt 0.5 0.5
vt 0.5 0.5
vt 0.5 0.5
vt 0.5 0.5
vt 0.5 0.5
vt 0.5 0.5
vt 0.5 0.5
vt 0.5 0.5
vt 0.5 0.5
vt 0.5 0.5
vt 0.5 0.5
vt 0.5 0.5
vt 0.5 0.5
vt 0.5 0.5
vt 0.5 0.5
vt 0.5 0.5
vt 0.5 0.5
vt 0.5 0.5
vt 0.5 0.5
vt 0.5 0.5
vt 0.5 0.5
vt 0.5 0.5
vt 0.5 0.5
vt 0.5 0.5
vt 0.5 0.5
vt 0.5 0.5
vt 0.5 0.5
vt 0.5 0.5
vt 0.5 0.5
vt 0.5 0.5
vt 0.5 0.5
vt 1 0.5
vt 0.9957224130630493 0.4347369074821472
vt 0.9829629063606262 0.370590478181839
vt 0.9619397521018982 0.30865827202796936
vt 0.9330127239227295 0.25
vt 0.8966766595840454 0.19561928510665894
vt 0.8535534143447876 0.1464466154575348
vt 0.8043807148933411 0.10332333296537399
vt 0.75 0.0669872984290123
vt 0.6913416981697083 0.03806023299694061
vt 0.6294095516204834 0.017037086188793182
vt 0.5652630925178528 0.004277569241821766
vt 0.5 0
vt 0.4347369074821472 0.004277569241821766
vt 0.370590478181839 0.017037086188793182
vt 0.30865827202796936 0.03806023299694061
vt 0.25 0.0669872984290123
vt 0.19561928510665894 0.10332333296537399
vt 0.1464466154575348 0.1464466154575348
vt 0.10332333296537399 0.19561928510665894
vt 0.0669872984290123 0.25
vt 0.03806023299694061 0.30865827202796936
vt 0.017037086188793182 0.370590478181839
vt 0.004277569241821766 0.4347369074821472
vt 0 0.5
vt 0.004277569241821766 0.5652630925178528
vt 0.017037086188793182 0.6294095516204834
vt 0.03806023299694061 0.6913416981697083
vt 0.0669872984290123 0.75
vt 0.10332333296537399 0.8043807148933411
vt 0.1464466154575348 0.8535534143447876
vt 0.19561928510665894 0.8966766595840454
vt 0.25 0.9330127239227295
vt 0.30865827202796936 0.9619397521018982
vt 0.370590478181839 0.9829629063606262
vt 0.4347369074821472 0.9957224130630493
vt 0.5 1
vt 0.5652630925178528 0.9957224130630493
vt 0.6294095516204834 0.9829629063606262
vt 0.6913416981697083 0.9619397521018982
vt 0.75 0.9330127239227295
vt 0.8043807148933411 0.8966766595840454
vt 0.8535534143447876 0.8535534143447876
vt 0.8966766595840454 0.8043807148933411
vt 0.9330127239227295 0.75
vt 0.9619397521018982 0.6913416981697083
vt 0.9829629063606262 0.6294095516204834
vt 0.9957224130630493 0.5652630925178528
vt 1 0.5
vn 0 -1 2.2204460492503136e-16
vn 0.130526182006087 -0.9914448627185043 2.2014498284728224e-16
vn 0.2588190471264926 -0.9659258257467466 2.1447861836482103e-16
vn 0.38268343706133684 -0.9238795305660377 2.0514246536285927e-16
vn 0.5000000067305868 -0.8660253998985324 1.922962677755119e-16
vn 0.6087614397000723 -0.7933533320874724 1.7615982718932e-16
vn 0.7071067811865474 -0.7071067811865475 1.5700924586837754e-16
vn 0.7933533320874723 -0.6087614397000726 1.351721933717959e-16
vn 0.8660253998985324 -0.500000006730587 1.110223039570062e-16
vn 0.9238795305660374 -0.38268343706133695 8.497279259363766e-17
vn 0.9659258257467466 -0.25881904712649273 5.746937306627515e-17
vn 0.9914448627185043 -0.13052618200608707 2.898263451591434e-17
vn 1 -6.12323426292584e-17 1.3596311327747838e-32
vn 0.9914448627185043 0.13052618200608707 -2.898263451591434e-17
vn 0.9659258257467466 0.25881904712649273 -5.746937306627515e-17
vn 0.9238795305660374 0.38268343706133695 -8.497279259363766e-17
vn 0.8660253998985324 0.500000006730587 -1.110223039570062e-16
vn 0.7933533320874723 0.6087614397000726 -1.351721933717959e-16
vn 0.7071067811865474 0.7071067811865475 -1.5700924586837754e-16
vn 0.6087614397000723 0.7933533320874724 -1.7615982718932e-16
vn 0.5000000067305868 0.8660253998985324 -1.922962677755119e-16
vn 0.38268343706133684 0.9238795305660377 -2.0514246536285927e-16
vn 0.2588190471264926 0.9659258257467466 -2.1447861836482103e-16
vn 0.130526182006087 0.9914448627185043 -2.2014498284728224e-16
vn 1.2246468525851676e-16 1 -2.2204460492503136e-16
vn -0.130526182006087 0.9914448627185043 -2.2014498284728224e-16
vn -0.2588190471264926 0.9659258257467466 -2.1447861836482103e-16
vn -0.38268343706133684 0.9238795305660377 -2.0514246536285927e-16
vn -0.5000000067305868 0.8660253998985324 -1.922962677755119e-16
vn -0.6087614397000723 0.7933533320874724 -1.7615982718932e-16
vn -0.7071067811865474 0.7071067811865475 -1.5700924586837754e-16
vn -0.7933533320874723 0.6087614397000726 -1.351721933717959e-16
vn -0.8660253998985324 0.500000006730587 -1.110223039570062e-16
vn -0.9238795305660374 0.38268343706133695 -8.497279259363766e-17
vn -0.9659258257467466 0.25881904712649273 -5.746937306627515e-17
vn -0.9914448627185043 0.13052618200608707 -2.898263451591434e-17
vn -1 1.8369701465288543e-16 -4.0788931044507637e-32
vn -0.9914448627185043 -0.13052618200608707 2.898263451591434e-17
vn -0.9659258257467466 -0.25881904712649273 5.746937306627515e-17
vn -0.9238795305660374 -0.38268343706133695 8.497279259363766e-17
vn -0.8660253998985324 -0.500000006730587 1.110223039570062e-16
vn -0.7933533320874723 -0.6087614397000726 1.351721933717959e-16
vn -0.7071067811865474 -0.7071067811865475 1.5700924586837754e-16
vn -0.6087614397000723 -0.7933533320874724 1.7615982718932e-16
vn -0.5000000067305868 -0.8660253998985324 1.922962677755119e-16
vn -0.38268343706133684 -0.9238795305660377 2.0514246536285927e-16
vn -0.2588190471264926 -0.9659258257467466 2.1447861836482103e-16
vn -0.130526182006087 -0.9914448627185043 2.2014498284728224e-16
vn -2.449293705170335e-16 -1 2.2204460492503136e-16
vn 0 -1 2.2204460492503136e-16
vn 0.130526182006087 -0.9914448627185043 2.2014498284728224e-16
vn 0.2588190471264926 -0.9659258257467466 2.1447861836482103e-16
vn 0.38268343706133684 -0.9238795305660377 2.0514246536285927e-16
vn 0.5000000067305868 -0.8660253998985324 1.922962677755119e-16
vn 0.6087614397000723 -0.7933533320874724 1.7615982718932e-16
vn 0.7071067811865474 -0.7071067811865475 1.5700924586837754e-16
vn 0.7933533320874723 -0.6087614397000726 1.351721933717959e-16
vn 0.8660253998985324 -0.500000006730587 1.110223039570062e-16
vn 0.9238795305660374 -0.38268343706133695 8.497279259363766e-17
vn 0.9659258257467466 -0.25881904712649273 5.746937306627515e-17
vn 0.9914448627185043 -0.13052618200608707 2.898263451591434e-17
vn 1 -6.12323426292584e-17 1.3596311327747838e-32
vn 0.9914448627185043 0.13052618200608707 -2.898263451591434e-17
vn 0.9659258257467466 0.25881904712649273 -5.746937306627515e-17
vn 0.9238795305660374 0.38268343706133695 -8.497279259363766e-17
vn 0.8660253998985324 0.500000006730587 -1.110223039570062e-16
vn 0.7933533320874723 0.6087614397000726 -1.351721933717959e-16
vn 0.7071067811865474 0.7071067811865475 -1.5700924586837754e-16
vn 0.6087614397000723 0.7933533320874724 -1.7615982718932e-16
vn 0.5000000067305868 0.8660253998985324 -1.922962677755119e-16
vn 0.38268343706133684 0.9238795305660377 -2.0514246536285927e-16
vn 0.2588190471264926 0.9659258257467466 -2.1447861836482103e-16
vn 0.130526182006087 0.9914448627185043 -2.2014498284728224e-16
vn 1.2246468525851676e-16 1 -2.2204460492503136e-16
vn -0.130526182006087 0.9914448627185043 -2.2014498284728224e-16
vn -0.2588190471264926 0.9659258257467466 -2.1447861836482103e-16
vn -0.38268343706133684 0.9238795305660377 -2.0514246536285927e-16
vn -0.5000000067305868 0.8660253998985324 -1.922962677755119e-16
vn -0.6087614397000723 0.7933533320874724 -1.7615982718932e-16
vn -0.7071067811865474 0.7071067811865475 -1.5700924586837754e-16
vn -0.7933533320874723 0.6087614397000726 -1.351721933717959e-16
vn -0.8660253998985324 0.500000006730587 -1.110223039570062e-16
vn -0.9238795305660374 0.38268343706133695 -8.497279259363766e-17
vn -0.9659258257467466 0.25881904712649273 -5.746937306627515e-17
vn -0.9914448627185043 0.13052618200608707 -2.898263451591434e-17
vn -1 1.8369701465288543e-16 -4.0788931044507637e-32
vn -0.9914448627185043 -0.13052618200608707 2.898263451591434e-17
vn -0.9659258257467466 -0.25881904712649273 5.746937306627515e-17
vn -0.9238795305660374 -0.38268343706133695 8.497279259363766e-17
vn -0.8660253998985324 -0.500000006730587 1.110223039570062e-16
vn -0.7933533320874723 -0.6087614397000726 1.351721933717959e-16
vn -0.7071067811865474 -0.7071067811865475 1.5700924586837754e-16
vn -0.6087614397000723 -0.7933533320874724 1.7615982718932e-16
vn -0.5000000067305868 -0.8660253998985324 1.922962677755119e-16
vn -0.38268343706133684 -0.9238795305660377 2.0514246536285927e-16
vn -0.2588190471264926 -0.9659258257467466 2.1447861836482103e-16
vn -0.130526182006087 -0.9914448627185043 2.2014498284728224e-16
vn -2.449293705170335e-16 -1 2.2204460492503136e-16
vn 0 2.2204460492503136e-16 1
vn 0 2.2204460492503136e-16 1
vn 0 2.2204460492503136e-16 1
vn 0 2.2204460492503136e-16 1
vn 0 2.2204460492503136e-16 1
vn 0 2.2204460492503136e-16 1
vn 0 2.2204460492503136e-16 1
vn 0 2.2204460492503136e-16 1
vn 0 2.2204460492503136e-16 1
vn 0 2.2204460492503136e-16 1
vn 0 2.2204460492503136e-16 1
vn 0 2.2204460492503136e-16 1
vn 0 2.2204460492503136e-16 1
vn 0 2.2204460492503136e-16 1
vn 0 2.2204460492503136e-16 1
vn 0 2.2204460492503136e-16 1
vn 0 2.2204460492503136e-16 1
vn 0 2.2204460492503136e-16 1
vn 0 2.2204460492503136e-16 1
vn 0 2.2204460492503136e-16 1
vn 0 2.2204460492503136e-16 1
vn 0 2.2204460492503136e-16 1
vn 0 2.2204460492503136e-16 1
vn 0 2.2204460492503136e-16 1
vn 0 2.2204460492503136e-16 1
vn 0 2.2204460492503136e-16 1
vn 0 2.2204460492503136e-16 1
vn 0 2.2204460492503136e-16 1
vn 0 2.2204460492503136e-16 1
vn 0 2.2204460492503136e-16 1
vn 0 2.2204460492503136e-16 1
vn 0 2.2204460492503136e-16 1
vn 0 2.2204460492503136e-16 1
vn 0 2.2204460492503136e-16 1
vn 0 2.2204460492503136e-16 1
vn 0 2.2204460492503136e-16 1
vn 0 2.2204460492503136e-16 1
vn 0 2.2204460492503136e-16 1
vn 0 2.2204460492503136e-16 1
vn 0 2.2204460492503136e-16 1
vn 0 2.2204460492503136e-16 1
vn 0 2.2204460492503136e-16 1
vn 0 2.2204460492503136e-16 1
vn 0 2.2204460492503136e-16 1
vn 0 2.2204460492503136e-16 1
vn 0 2.2204460492503136e-16 1
vn 0 2.2204460492503136e-16 1
vn 0 2.2204460492503136e-16 1
vn 0 2.2204460492503136e-16 1
vn 0 2.2204460492503136e-16 1
vn 0 2.2204460492503136e-16 1
vn 0 2.2204460492503136e-16 1
vn 0 2.2204460492503136e-16 1
vn 0 2.2204460492503136e-16 1
vn 0 2.2204460492503136e-16 1
vn 0 2.2204460492503136e-16 1
vn 0 2.2204460492503136e-16 1
vn 0 2.2204460492503136e-16 1
vn 0 2.2204460492503136e-16 1
vn 0 2.2204460492503136e-16 1
vn 0 2.2204460492503136e-16 1
vn 0 2.2204460492503136e-16 1
vn 0 2.2204460492503136e-16 1
vn 0 2.2204460492503136e-16 1
vn 0 2.2204460492503136e-16 1
vn 0 2.2204460492503136e-16 1
vn 0 2.2204460492503136e-16 1
vn 0 2.2204460492503136e-16 1
vn 0 2.2204460492503136e-16 1
vn 0 2.2204460492503136e-16 1
vn 0 2.2204460492503136e-16 1
vn 0 2.2204460492503136e-16 1
vn 0 2.2204460492503136e-16 1
vn 0 2.2204460492503136e-16 1
vn 0 2.2204460492503136e-16 1
vn 0 2.2204460492503136e-16 1
vn 0 2.2204460492503136e-16 1
vn 0 2.2204460492503136e-16 1
vn 0 2.2204460492503136e-16 1
vn 0 2.2204460492503136e-16 1
vn 0 2.2204460492503136e-16 1
vn 0 2.2204460492503136e-16 1
vn 0 2.2204460492503136e-16 1
vn 0 2.2204460492503136e-16 1
vn 0 2.2204460492503136e-16 1
vn 0 2.2204460492503136e-16 1
vn 0 2.2204460492503136e-16 1
vn 0 2.2204460492503136e-16 1
vn 0 2.2204460492503136e-16 1
vn 0 2.2204460492503136e-16 1
vn 0 2.2204460492503136e-16 1
vn 0 2.2204460492503136e-16 1
vn 0 2.2204460492503136e-16 1
vn 0 2.2204460492503136e-16 1
vn 0 2.2204460492503136e-16 1
vn 0 2.2204460492503136e-16 1
vn 0 2.2204460492503136e-16 1
vn 0 -2.2204460492503136e-16 -1
vn 0 -2.2204460492503136e-16 -1
vn 0 -2.2204460492503136e-16 -1
vn 0 -2.2204460492503136e-16 -1
vn 0 -2.2204460492503136e-16 -1
vn 0 -2.2204460492503136e-16 -1
vn 0 -2.2204460492503136e-16 -1
vn 0 -2.2204460492503136e-16 -1
vn 0 -2.2204460492503136e-16 -1
vn 0 -2.2204460492503136e-16 -1
vn 0 -2.2204460492503136e-16 -1
vn 0 -2.2204460492503136e-16 -1
vn 0 -2.2204460492503136e-16 -1
vn 0 -2.2204460492503136e-16 -1
vn 0 -2.2204460492503136e-16 -1
vn 0 -2.2204460492503136e-16 -1
vn 0 -2.2204460492503136e-16 -1
vn 0 -2.2204460492503136e-16 -1
vn 0 -2.2204460492503136e-16 -1
vn 0 -2.2204460492503136e-16 -1
vn 0 -2.2204460492503136e-16 -1
vn 0 -2.2204460492503136e-16 -1
vn 0 -2.2204460492503136e-16 -1
vn 0 -2.2204460492503136e-16 -1
vn 0 -2.2204460492503136e-16 -1
vn 0 -2.2204460492503136e-16 -1
vn 0 -2.2204460492503136e-16 -1
vn 0 -2.2204460492503136e-16 -1
vn 0 -2.2204460492503136e-16 -1
vn 0 -2.2204460492503136e-16 -1
vn 0 -2.2204460492503136e-16 -1
vn 0 -2.2204460492503136e-16 -1
vn 0 -2.2204460492503136e-16 -1
vn 0 -2.2204460492503136e-16 -1
vn 0 -2.2204460492503136e-16 -1
vn 0 -2.2204460492503136e-16 -1
vn 0 -2.2204460492503136e-16 -1
vn 0 -2.2204460492503136e-16 -1
vn 0 -2.2204460492503136e-16 -1
vn 0 -2.2204460492503136e-16 -1
vn 0 -2.2204460492503136e-16 -1
vn 0 -2.2204460492503136e-16 -1
vn 0 -2.2204460492503136e-16 -1
vn 0 -2.2204460492503136e-16 -1
vn 0 -2.2204460492503136e-16 -1
vn 0 -2.2204460492503136e-16 -1
vn 0 -2.2204460492503136e-16 -1
vn 0 -2.2204460492503136e-16 -1
vn 0 -2.2204460492503136e-16 -1
vn 0 -2.2204460492503136e-16 -1
vn 0 -2.2204460492503136e-16 -1
vn 0 -2.2204460492503136e-16 -1
vn 0 -2.2204460492503136e-16 -1
vn 0 -2.2204460492503136e-16 -1
vn 0 -2.2204460492503136e-16 -1
vn 0 -2.2204460492503136e-16 -1
vn 0 -2.2204460492503136e-16 -1
vn 0 -2.2204460492503136e-16 -1
vn 0 -2.2204460492503136e-16 -1
vn 0 -2.2204460492503136e-16 -1
vn 0 -2.2204460492503136e-16 -1
vn 0 -2.2204460492503136e-16 -1
vn 0 -2.2204460492503136e-16 -1
vn 0 -2.2204460492503136e-16 -1
vn 0 -2.2204460492503136e-16 -1
vn 0 -2.2204460492503136e-16 -1
vn 0 -2.2204460492503136e-16 -1
vn 0 -2.2204460492503136e-16 -1
vn 0 -2.2204460492503136e-16 -1
vn 0 -2.2204460492503136e-16 -1
vn 0 -2.2204460492503136e-16 -1
vn 0 -2.2204460492503136e-16 -1
vn 0 -2.2204460492503136e-16 -1
vn 0 -2.2204460492503136e-16 -1
vn 0 -2.2204460492503136e-16 -1
vn 0 -2.2204460492503136e-16 -1
vn 0 -2.2204460492503136e-16 -1
vn 0 -2.2204460492503136e-16 -1
vn 0 -2.2204460492503136e-16 -1
vn 0 -2.2204460492503136e-16 -1
vn 0 -2.2204460492503136e-16 -1
vn 0 -2.2204460492503136e-16 -1
vn 0 -2.2204460492503136e-16 -1
vn 0 -2.2204460492503136e-16 -1
vn 0 -2.2204460492503136e-16 -1
vn 0 -2.2204460492503136e-16 -1
vn 0 -2.2204460492503136e-16 -1
vn 0 -2.2204460492503136e-16 -1
vn 0 -2.2204460492503136e-16 -1
vn 0 -2.2204460492503136e-16 -1
vn 0 -2.2204460492503136e-16 -1
vn 0 -2.2204460492503136e-16 -1
vn 0 -2.2204460492503136e-16 -1
vn 0 -2.2204460492503136e-16 -1
vn 0 -2.2204460492503136e-16 -1
vn 0 -2.2204460492503136e-16 -1
vn 0 -2.2204460492503136e-16 -1
f 293/293/293 342/342/342 294/294/294
f 342/342/342 343/343/343 294/294/294
f 294/294/294 343/343/343 295/295/295
f 343/343/343 344/344/344 295/295/295
f 295/295/295 344/344/344 296/296/296
f 344/344/344 345/345/345 296/296/296
f 296/296/296 345/345/345 297/297/297
f 345/345/345 346/346/346 297/297/297
f 297/297/297 346/346/346 298/298/298
f 346/346/346 347/347/347 298/298/298
f 298/298/298 347/347/347 299/299/299
f 347/347/347 348/348/348 299/299/299
f 299/299/299 348/348/348 300/300/300
f 348/348/348 349/349/349 300/300/300
f 300/300/300 349/349/349 301/301/301
f 349/349/349 350/350/350 301/301/301
f 301/301/301 350/350/350 302/302/302
f 350/350/350 351/351/351 302/302/302
f 302/302/302 351/351/351 303/303/303
f 351/351/351 352/352/352 303/303/303
f 303/303/303 352/352/352 304/304/304
f 352/352/352 353/353/353 304/304/304
f 304/304/304 353/353/353 305/305/305
f 353/353/353 354/354/354 305/305/305
f 305/305/305 354/354/354 306/306/306
f 354/354/354 355/355/355 306/306/306
f 306/306/306 355/355/355 307/307/307
f 355/355/355 356/356/356 307/307/307
f 307/307/307 356/356/356 308/308/308
f 356/356/356 357/357/357 308/308/308
f 308/308/308 357/357/357 309/309/309
f 357/357/357 358/358/358 309/309/309
f 309/309/309 358/358/358 310/310/310
f 358/358/358 359/359/359 310/310/310
f 310/310/310 359/359/359 311/311/311
f 359/359/359 360/360/360 311/311/311
f 311/311/311 360/360/360 312/312/312
f 360/360/360 361/361/361 312/312/312
f 312/312/312 361/361/361 313/313/313
f 361/361/361 362/362/362 313/313/313
f 313/313/313 362/362/362 314/314/314
f 362/362/362 363/363/363 314/314/314
f 314/314/314 363/363/363 315/315/315
f 363/363/363 364/364/364 315/315/315
f 315/315/315 364/364/364 316/316/316
f 364/364/364 365/365/365 316/316/316
f 316/316/316 365/365/365 317/317/317
f 365/365/365 366/366/366 317/317/317
f 317/317/317 366/366/366 318/318/318
f 366/366/366 367/367/367 318/318/318
f 318/318/318 367/367/367 319/319/319
f 367/367/367 368/368/368 319/319/319
f 319/319/319 368/368/368 320/320/320
f 368/368/368 369/369/369 320/320/320
f 320/320/320 369/369/369 321/321/321
f 369/369/369 370/370/370 321/321/321
f 321/321/321 370/370/370 322/322/322
f 370/370/370 371/371/371 322/322/322
f 322/322/322 371/371/371 323/323/323
f 371/371/371 372/372/372 323/323/323
f 323/323/323 372/372/372 324/324/324
f 372/372/372 373/373/373 324/324/324
f 324/324/324 373/373/373 325/325/325
f 373/373/373 374/374/374 325/325/325
f 325/325/325 374/374/374 326/326/326
f 374/374/374 375/375/375 326/326/326
f 326/326/326 375/375/375 327/327/327
f 375/375/375 376/376/376 327/327/327
f 327/327/327 376/376/376 328/328/328
f 376/376/376 377/377/377 328/328/328
f 328/328/328 377/377/377 329/329/329
f 377/377/377 378/378/378 329/329/329
f 329/329/329 378/378/378 330/330/330
f 378/378/378 379/379/379 330/330/330
f 330/330/330 379/379/379 331/331/331
f 379/379/379 380/380/380 331/331/331
f 331/331/331 380/380/380 332/332/332
f 380/380/380 381/381/381 332/332/332
f 332/332/332 381/381/381 333/333/333
f 381/381/381 382/382/382 333/333/333
f 333/333/333 382/382/382 334/334/334
f 382/382/382 383/383/383 334/334/334
f 334/334/334 383/383/383 335/335/335
f 383/383/383 384/384/384 335/335/335
f 335/335/335 384/384/384 336/336/336
f 384/384/384 385/385/385 336/336/336
f 336/336/336 385/385/385 337/337/337
f 385/385/385 386/386/386 337/337/337
f 337/337/337 386/386/386 338/338/338
f 386/386/386 387/387/387 338/338/338
f 338/338/338 387/387/387 339/339/339
f 387/387/387 388/388/388 339/339/339
f 339/339/339 388/388/388 340/340/340
f 388/388/388 389/389/389 340/340/340
f 340/340/340 389/389/389 341/341/341
f 389/389/389 390/390/390 341/341/341
f 439/439/439 440/440/440 391/391/391
f 440/440/440 441/441/441 392/392/392
f 441/441/441 442/442/442 393/393/393
f 442/442/442 443/443/443 394/394/394
f 443/443/443 444/444/444 395/395/395
f 444/444/444 445/445/445 396/396/396
f 445/445/445 446/446/446 397/397/397
f 446/446/446 447/447/447 398/398/398
f 447/447/447 448/448/448 399/399/399
f 448/448/448 449/449/449 400/400/400
f 449/449/449 450/450/450 401/401/401
f 450/450/450 451/451/451 402/402/402
f 451/451/451 452/452/452 403/403/403
f 452/452/452 453/453/453 404/404/404
f 453/453/453 454/454/454 405/405/405
f 454/454/454 455/455/455 406/406/406
f 455/455/455 456/456/456 407/407/407
f 456/456/456 457/457/457 408/408/408
f 457/457/457 458/458/458 409/409/409
f 458/458/458 459/459/459 410/410/410
f 459/459/459 460/460/460 411/411/411
f 460/460/460 461/461/461 412/412/412
f 461/461/461 462/462/462 413/413/413
f 462/462/462 463/463/463 414/414/414
f 463/463/463 464/464/464 415/415/415
f 464/464/464 465/465/465 416/416/416
f 465/465/465 466/466/466 417/417/417
f 466/466/466 467/467/467 418/418/418
f 467/467/467 468/468/468 419/419/419
f 468/468/468 469/469/469 420/420/420
f 469/469/469 470/470/470 421/421/421
f 470/470/470 471/471/471 422/422/422
f 471/471/471 472/472/472 423/423/423
f 472/472/472 473/473/473 424/424/424
f 473/473/473 474/474/474 425/425/425
f 474/474/474 475/475/475 426/426/426
f 475/475/475 476/476/476 427/427/427
f 476/476/476 477/477/477 428/428/428
f 477/477/477 478/478/478 429/429/429
f 478/478/478 479/479/479 430/430/430
f 479/479/479 480/480/480 431/431/431
f 480/480/480 481/481/481 432/432/432
f 481/481/481 482/482/482 433/433/433
f 482/482/482 483/483/483 434/434/434
f 483/483/483 484/484/484 435/435/435
f 484/484/484 485/485/485 436/436/436
f 485/485/485 486/486/486 437/437/437
f 486/486/486 487/487/487 438/438/438
f 537/537/537 536/536/536 488/488/488
f 538/538/538 537/537/537 489/489/489
f 539/539/539 538/538/538 490/490/490
f 540/540/540 539/539/539 491/491/491
f 541/541/541 540/540/540 492/492/492
f 542/542/542 541/541/541 493/493/493
f 543/543/543 542/542/542 494/494/494
f 544/544/544 543/543/543 495/495/495
f 545/545/545 544/544/544 496/496/496
f 546/546/546 545/545/545 497/497/497
f 547/547/547 546/546/546 498/498/498
f 548/548/548 547/547/547 499/499/499
f 549/549/549 548/548/548 500/500/500
f 550/550/550 549/549/549 501/501/501
f 551/551/551 550/550/550 502/502/502
f 552/552/552 551/551/551 503/503/503
f 553/553/553 552/552/552 504/504/504
f 554/554/554 553/553/553 505/505/505
f 555/555/555 554/554/554 506/506/506
f 556/556/556 555/555/555 507/507/507
f 557/557/557 556/556/556 508/508/508
f 558/558/558 557/557/557 509/509/509
f 559/559/559 558/558/558 510/510/510
f 560/560/560 559/559/559 511/511/511
f 561/561/561 560/560/560 512/512/512
f 562/562/562 561/561/561 513/513/513
f 563/563/563 562/562/562 514/514/514
f 564/564/564 563/563/563 515/515/515
f 565/565/565 564/564/564 516/516/516
f 566/566/566 565/565/565 517/517/517
f 567/567/567 566/566/566 518/518/518
f 568/568/568 567/567/567 519/519/519
f 569/569/569 568/568/568 520/520/520
f 570/570/570 569/569/569 521/521/521
f 571/571/571 570/570/570 522/522/522
f 572/572/572 571/571/571 523/523/523
f 573/573/573 572/572/572 524/524/524
f 574/574/574 573/573/573 525/525/525
f 575/575/575 574/574/574 526/526/526
f 576/576/576 575/575/575 527/527/527
f 577/577/577 576/576/576 528/528/528
f 578/578/578 577/577/577 529/529/529
f 579/579/579 578/578/578 530/530/530
f 580/580/580 579/579/579 531/531/531
f 581/581/581 580/580/580 532/532/532
f 582/582/582 581/581/581 533/533/533
f 583/583/583 582/582/582 534/534/534
f 584/584/584 583/583/583 535/535/535
o housing
usemtl graphite_housing
v 0.033739689737558365 0.03923968970775604 0.08873968940973281
v 0.034367188811302185 0.03771812468767166 0.08936718848347663
v 0.034367188811302185 0.03986718878149986 0.08721812625229358
v 0.034367188811302185 0.03771812468767166 0.08936718848347663
v 0.03525427728891373 0.03830951824784279 0.08780951794981956
v 0.034367188811302185 0.03986718878149986 0.08721812625229358
v 0.034367188811302185 0.03986718878149986 0.08721812625229358
v 0.03525427728891373 0.03830951824784279 0.08780951794981956
v 0.034857530146837234 0.04035753011703491 0.08523251113295555
v 0.03525427728891373 0.03830951824784279 0.08780951794981956
v 0.03600198030471802 0.03880798816680908 0.08561399389803409
v 0.034857530146837234 0.04035753011703491 0.08523251113295555
v 0.034857530146837234 0.04035753011703491 0.08523251113295555
v 0.03600198030471802 0.03880798816680908 0.08561399389803409
v 0.035047635436058044 0.04054763540625572 0.08291999992728233
v 0.03600198030471802 0.03880798816680908 0.08561399389803409
v 0.036307066679000854 0.03901137784123421 0.08291999992728233
v 0.035047635436058044 0.04054763540625572 0.08291999992728233
v 0.035047635436058044 0.04054763540625572 0.08291999992728233
v 0.036307066679000854 0.03901137784123421 0.08291999992728233
v 0.035047635436058044 0.04054763540625572 0.031080000072717662
v 0.036307066679000854 0.03901137784123421 0.08291999992728233
v 0.036307066679000854 0.03901137784123421 0.031080000072717662
v 0.035047635436058044 0.04054763540625572 0.031080000072717662
v 0.035047635436058044 0.04054763540625572 0.031080000072717662
v 0.036307066679000854 0.03901137784123421 0.031080000072717662
v 0.034857530146837234 0.04035753011703491 0.028767488867044444
v 0.036307066679000854 0.03901137784123421 0.031080000072717662
v 0.03600198030471802 0.03880798816680908 0.0283860061019659
v 0.034857530146837234 0.04035753011703491 0.028767488867044444
v 0.034857530146837234 0.04035753011703491 0.028767488867044444
v 0.03600198030471802 0.03880798816680908 0.0283860061019659
v 0.034367188811302185 0.03986718878149986 0.02678187374770641
v 0.03600198030471802 0.03880798816680908 0.0283860061019659
v 0.03525427728891373 0.03830951824784279 0.02619048205018043
v 0.034367188811302185 0.03986718878149986 0.02678187374770641
v 0.034367188811302185 0.03986718878149986 0.02678187374770641
v 0.03525427728891373 0.03830951824784279 0.02619048205018043
v 0.033739689737558365 0.03923968970775604 0.025260310590267177
v 0.03525427728891373 0.03830951824784279 0.02619048205018043
v 0.034367188811302185 0.03771812468767166 0.024632811516523356
v 0.033739689737558365 0.03923968970775604 0.025260310590267177
v 0.034367188811302185 0.03771812468767166 0.08936718848347663
v 0.034857530146837234 0.035732511430978775 0.08985753354430198
v 0.03525427728891373 0.03830951824784279 0.08780951794981956
v 0.034857530146837234 0.035732511430978775 0.08985753354430198
v 0.03600198030471802 0.03611399233341217 0.08830798786878585
v 0.03525427728891373 0.03830951824784279 0.08780951794981956
v 0.03525427728891373 0.03830951824784279 0.08780951794981956
v 0.03600198030471802 0.03611399233341217 0.08830798786878585
v 0.03600198030471802 0.03880798816680908 0.08561399389803409
v 0.03600198030471802 0.03611399233341217 0.08830798786878585
v 0.03703770413994789 0.03645923361182213 0.08595923517644405
v 0.03600198030471802 0.03880798816680908 0.08561399389803409
v 0.03600198030471802 0.03880798816680908 0.08561399389803409
v 0.03703770413994789 0.03645923361182213 0.08595923517644405
v 0.036307066679000854 0.03901137784123421 0.08291999992728233
v 0.03703770413994789 0.03645923361182213 0.08595923517644405
v 0.03748272731900215 0.03660757467150688 0.08291999992728233
v 0.036307066679000854 0.03901137784123421 0.08291999992728233
v 0.036307066679000854 0.03901137784123421 0.08291999992728233
v 0.03748272731900215 0.03660757467150688 0.08291999992728233
v 0.036307066679000854 0.03901137784123421 0.031080000072717662
v 0.03748272731900215 0.03660757467150688 0.08291999992728233
v 0.03748272731900215 0.03660757467150688 0.031080000072717662
v 0.036307066679000854 0.03901137784123421 0.031080000072717662
v 0.036307066679000854 0.03901137784123421 0.031080000072717662
v 0.03748272731900215 0.03660757467150688 0.031080000072717662
v 0.03600198030471802 0.03880798816680908 0.0283860061019659
v 0.03748272731900215 0.03660757467150688 0.031080000072717662
v 0.03703770413994789 0.03645923361182213 0.02804076482355594
v 0.03600198030471802 0.03880798816680908 0.0283860061019659
v 0.03600198030471802 0.03880798816680908 0.0283860061019659
v 0.03703770413994789 0.03645923361182213 0.02804076482355594
v 0.03525427728891373 0.03830951824784279 0.02619048205018043
v 0.03703770413994789 0.03645923361182213 0.02804076482355594
v 0.03600198030471802 0.03611399233341217 0.025692012131214137
v 0.03525427728891373 0.03830951824784279 0.02619048205018043
v 0.03525427728891373 0.03830951824784279 0.02619048205018043
v 0.03600198030471802 0.03611399233341217 0.025692012131214137
v 0.034367188811302185 0.03771812468767166 0.024632811516523356
v 0.03600198030471802 0.03611399233341217 0.025692012131214137
v 0.034857530146837234 0.035732511430978775 0.02414246645569801
v 0.034367188811302185 0.03771812468767166 0.024632811516523356
v 0.034857530146837234 0.035732511430978775 0.08985753354430198
v 0.035047635436058044 0.03342000022530556 0.0900476351082325
v 0.03600198030471802 0.03611399233341217 0.08830798786878585
v 0.035047635436058044 0.03342000022530556 0.0900476351082325
v 0.036307066679000854 0.03342000022530556 0.08851137754321098
v 0.03600198030471802 0.03611399233341217 0.08830798786878585
v 0.03600198030471802 0.03611399233341217 0.08830798786878585
v 0.036307066679000854 0.03342000022530556 0.08851137754321098
v 0.03703770413994789 0.03645923361182213 0.08595923517644405
v 0.036307066679000854 0.03342000022530556 0.08851137754321098
v 0.03748272731900215 0.03342000022530556 0.0861075762361288
v 0.03703770413994789 0.03645923361182213 0.08595923517644405
v 0.03703770413994789 0.03645923361182213 0.08595923517644405
v 0.03748272731900215 0.03342000022530556 0.0861075762361288
v 0.03748272731900215 0.03660757467150688 0.08291999992728233
v 0.03748272731900215 0.03342000022530556 0.0861075762361288
v 0.03799999877810478 0.03342000022530556 0.08291999992728233
v 0.03748272731900215 0.03660757467150688 0.08291999992728233
v 0.03748272731900215 0.03660757467150688 0.08291999992728233
v 0.03799999877810478 0.03342000022530556 0.08291999992728233
v 0.03748272731900215 0.03660757467150688 0.031080000072717662
v 0.03799999877810478 0.03342000022530556 0.08291999992728233
v 0.03799999877810478 0.03342000022530556 0.031080000072717662
v 0.03748272731900215 0.03660757467150688 0.031080000072717662
v 0.03748272731900215 0.03660757467150688 0.031080000072717662
v 0.03799999877810478 0.03342000022530556 0.031080000072717662
v 0.03703770413994789 0.03645923361182213 0.02804076482355594
v 0.03799999877810478 0.03342000022530556 0.031080000072717662
v 0.03748272731900215 0.03342000022530556 0.027892423763871188
v 0.03703770413994789 0.03645923361182213 0.02804076482355594
v 0.03703770413994789 0.03645923361182213 0.02804076482355594
v 0.03748272731900215 0.03342000022530556 0.027892423763871188
v 0.03600198030471802 0.03611399233341217 0.025692012131214137
v 0.03748272731900215 0.03342000022530556 0.027892423763871188
v 0.036307066679000854 0.03342000022530556 0.025488622456789012
v 0.03600198030471802 0.03611399233341217 0.025692012131214137
v 0.03600198030471802 0.03611399233341217 0.025692012131214137
v 0.036307066679000854 0.03342000022530556 0.025488622456789012
v 0.034857530146837234 0.035732511430978775 0.02414246645569801
v 0.036307066679000854 0.03342000022530556 0.025488622456789012
v 0.035047635436058044 0.03342000022530556 0.023952364891767497
v 0.034857530146837234 0.035732511430978775 0.02414246645569801
v 0.035047635436058044 0.03342000022530556 0.0900476351082325
v 0.035047635436058044 -0.03342000022530556 0.0900476351082325
v 0.036307066679000854 0.03342000022530556 0.08851137754321098
v 0.035047635436058044 -0.03342000022530556 0.0900476351082325
v 0.036307066679000854 -0.03342000022530556 0.08851137754321098
v 0.036307066679000854 0.03342000022530556 0.08851137754321098
v 0.036307066679000854 0.03342000022530556 0.08851137754321098
v 0.036307066679000854 -0.03342000022530556 0.08851137754321098
v 0.03748272731900215 0.03342000022530556 0.0861075762361288
v 0.036307066679000854 -0.03342000022530556 0.08851137754321098
v 0.03748272731900215 -0.03342000022530556 0.0861075762361288
v 0.03748272731900215 0.03342000022530556 0.0861075762361288
v 0.03748272731900215 0.03342000022530556 0.0861075762361288
v 0.03748272731900215 -0.03342000022530556 0.0861075762361288
v 0.03799999877810478 0.03342000022530556 0.08291999992728233
v 0.03748272731900215 -0.03342000022530556 0.0861075762361288
v 0.03799999877810478 -0.03342000022530556 0.08291999992728233
v 0.03799999877810478 0.03342000022530556 0.08291999992728233
v 0.03799999877810478 0.03342000022530556 0.08291999992728233
v 0.03799999877810478 -0.03342000022530556 0.08291999992728233
v 0.03799999877810478 0.03342000022530556 0.031080000072717662
v 0.03799999877810478 -0.03342000022530556 0.08291999992728233
v 0.03799999877810478 -0.03342000022530556 0.031080000072717662
v 0.03799999877810478 0.03342000022530556 0.031080000072717662
v 0.03799999877810478 0.03342000022530556 0.031080000072717662
v 0.03799999877810478 -0.03342000022530556 0.031080000072717662
v 0.03748272731900215 0.03342000022530556 0.027892423763871188
v 0.03799999877810478 -0.03342000022530556 0.031080000072717662
v 0.03748272731900215 -0.03342000022530556 0.027892423763871188
v 0.03748272731900215 0.03342000022530556 0.027892423763871188
v 0.03748272731900215 0.03342000022530556 0.027892423763871188
v 0.03748272731900215 -0.03342000022530556 0.027892423763871188
v 0.036307066679000854 0.03342000022530556 0.025488622456789012
v 0.03748272731900215 -0.03342000022530556 0.027892423763871188
v 0.036307066679000854 -0.03342000022530556 0.025488622456789012
v 0.036307066679000854 0.03342000022530556 0.025488622456789012
v 0.036307066679000854 0.03342000022530556 0.025488622456789012
v 0.036307066679000854 -0.03342000022530556 0.025488622456789012
v 0.035047635436058044 0.03342000022530556 0.023952364891767497
v 0.036307066679000854 -0.03342000022530556 0.025488622456789012
v 0.035047635436058044 -0.03342000022530556 0.023952364891767497
v 0.035047635436058044 0.03342000022530556 0.023952364891767497
v 0.035047635436058044 -0.03342000022530556 0.0900476351082325
v 0.034857530146837234 -0.035732511430978775 0.08985753354430198
v 0.036307066679000854 -0.03342000022530556 0.08851137754321098
v 0.034857530146837234 -0.035732511430978775 0.08985753354430198
v 0.03600198030471802 -0.03611399233341217 0.08830798786878585
v 0.036307066679000854 -0.03342000022530556 0.08851137754321098
v 0.036307066679000854 -0.03342000022530556 0.08851137754321098
v 0.03600198030471802 -0.03611399233341217 0.08830798786878585
v 0.03748272731900215 -0.03342000022530556 0.0861075762361288
v 0.03600198030471802 -0.03611399233341217 0.08830798786878585
v 0.03703770413994789 -0.03645923361182213 0.08595923517644405
v 0.03748272731900215 -0.03342000022530556 0.0861075762361288
v 0.03748272731900215 -0.03342000022530556 0.0861075762361288
v 0.03703770413994789 -0.03645923361182213 0.08595923517644405
v 0.03799999877810478 -0.03342000022530556 0.08291999992728233
v 0.03703770413994789 -0.03645923361182213 0.08595923517644405
v 0.03748272731900215 -0.03660757467150688 0.08291999992728233
v 0.03799999877810478 -0.03342000022530556 0.08291999992728233
v 0.03799999877810478 -0.03342000022530556 0.08291999992728233
v 0.03748272731900215 -0.03660757467150688 0.08291999992728233
v 0.03799999877810478 -0.03342000022530556 0.031080000072717662
v 0.03748272731900215 -0.03660757467150688 0.08291999992728233
v 0.03748272731900215 -0.03660757467150688 0.031080000072717662
v 0.03799999877810478 -0.03342000022530556 0.031080000072717662
v 0.03799999877810478 -0.03342000022530556 0.031080000072717662
v 0.03748272731900215 -0.03660757467150688 0.031080000072717662
v 0.03748272731900215 -0.03342000022530556 0.027892423763871188
v 0.03748272731900215 -0.03660757467150688 0.031080000072717662
v 0.03703770413994789 -0.03645923361182213 0.02804076482355594
v 0.03748272731900215 -0.03342000022530556 0.027892423763871188
v 0.03748272731900215 -0.03342000022530556 0.027892423763871188
v 0.03703770413994789 -0.03645923361182213 0.02804076482355594
v 0.036307066679000854 -0.03342000022530556 0.025488622456789012
v 0.03703770413994789 -0.03645923361182213 0.02804076482355594
v 0.03600198030471802 -0.03611399233341217 0.025692012131214137
v 0.036307066679000854 -0.03342000022530556 0.025488622456789012
v 0.036307066679000854 -0.03342000022530556 0.025488622456789012
v 0.03600198030471802 -0.03611399233341217 0.025692012131214137
v 0.035047635436058044 -0.03342000022530556 0.023952364891767497
v 0.03600198030471802 -0.03611399233341217 0.025692012131214137
v 0.034857530146837234 -0.035732511430978775 0.02414246645569801
v 0.035047635436058044 -0.03342000022530556 0.023952364891767497
v 0.034857530146837234 -0.035732511430978775 0.08985753354430198
v 0.034367188811302185 -0.03771812468767166 0.08936718848347663
v 0.03600198030471802 -0.03611399233341217 0.08830798786878585
v 0.034367188811302185 -0.03771812468767166 0.08936718848347663
v 0.03525427728891373 -0.03830951824784279 0.08780951794981956
v 0.03600198030471802 -0.03611399233341217 0.08830798786878585
v 0.03600198030471802 -0.03611399233341217 0.08830798786878585
v 0.03525427728891373 -0.03830951824784279 0.08780951794981956
v 0.03703770413994789 -0.03645923361182213 0.08595923517644405
v 0.03525427728891373 -0.03830951824784279 0.08780951794981956
v 0.03600198030471802 -0.03880798816680908 0.08561399389803409
v 0.03703770413994789 -0.03645923361182213 0.08595923517644405
v 0.03703770413994789 -0.03645923361182213 0.08595923517644405
v 0.03600198030471802 -0.03880798816680908 0.08561399389803409
v 0.03748272731900215 -0.03660757467150688 0.08291999992728233
v 0.03600198030471802 -0.03880798816680908 0.08561399389803409
v 0.036307066679000854 -0.03901137784123421 0.08291999992728233
v 0.03748272731900215 -0.03660757467150688 0.08291999992728233
v 0.03748272731900215 -0.03660757467150688 0.08291999992728233
v 0.036307066679000854 -0.03901137784123421 0.08291999992728233
v 0.03748272731900215 -0.03660757467150688 0.031080000072717662
v 0.036307066679000854 -0.03901137784123421 0.08291999992728233
v 0.036307066679000854 -0.03901137784123421 0.031080000072717662
v 0.03748272731900215 -0.03660757467150688 0.031080000072717662
v 0.03748272731900215 -0.03660757467150688 0.031080000072717662
v 0.036307066679000854 -0.03901137784123421 0.031080000072717662
v 0.03703770413994789 -0.03645923361182213 0.02804076482355594
v 0.036307066679000854 -0.03901137784123421 0.031080000072717662
v 0.03600198030471802 -0.03880798816680908 0.0283860061019659
v 0.03703770413994789 -0.03645923361182213 0.02804076482355594
v 0.03703770413994789 -0.03645923361182213 0.02804076482355594
v 0.03600198030471802 -0.03880798816680908 0.0283860061019659
v 0.03600198030471802 -0.03611399233341217 0.025692012131214137
v 0.03600198030471802 -0.03880798816680908 0.0283860061019659
v 0.03525427728891373 -0.03830951824784279 0.02619048205018043
v 0.03600198030471802 -0.03611399233341217 0.025692012131214137
v 0.03600198030471802 -0.03611399233341217 0.025692012131214137
v 0.03525427728891373 -0.03830951824784279 0.02619048205018043
v 0.034857530146837234 -0.035732511430978775 0.02414246645569801
v 0.03525427728891373 -0.03830951824784279 0.02619048205018043
v 0.034367188811302185 -0.03771812468767166 0.024632811516523356
v 0.034857530146837234 -0.035732511430978775 0.02414246645569801
v 0.034367188811302185 -0.03771812468767166 0.08936718848347663
v 0.033739689737558365 -0.03923968970775604 0.08873968940973281
v 0.03525427728891373 -0.03830951824784279 0.08780951794981956
v 0.033739689737558365 -0.03923968970775604 0.08873968940973281
v 0.034367188811302185 -0.03986718878149986 0.08721812625229358
v 0.03525427728891373 -0.03830951824784279 0.08780951794981956
v 0.03525427728891373 -0.03830951824784279 0.08780951794981956
v 0.034367188811302185 -0.03986718878149986 0.08721812625229358
v 0.03600198030471802 -0.03880798816680908 0.08561399389803409
v 0.034367188811302185 -0.03986718878149986 0.08721812625229358
v 0.034857530146837234 -0.04035753011703491 0.08523251113295555
v 0.03600198030471802 -0.03880798816680908 0.08561399389803409
v 0.03600198030471802 -0.03880798816680908 0.08561399389803409
v 0.034857530146837234 -0.04035753011703491 0.08523251113295555
v 0.036307066679000854 -0.03901137784123421 0.08291999992728233
v 0.034857530146837234 -0.04035753011703491 0.08523251113295555
v 0.035047635436058044 -0.04054763540625572 0.08291999992728233
v 0.036307066679000854 -0.03901137784123421 0.08291999992728233
v 0.036307066679000854 -0.03901137784123421 0.08291999992728233
v 0.035047635436058044 -0.04054763540625572 0.08291999992728233
v 0.036307066679000854 -0.03901137784123421 0.031080000072717662
v 0.035047635436058044 -0.04054763540625572 0.08291999992728233
v 0.035047635436058044 -0.04054763540625572 0.031080000072717662
v 0.036307066679000854 -0.03901137784123421 0.031080000072717662
v 0.036307066679000854 -0.03901137784123421 0.031080000072717662
v 0.035047635436058044 -0.04054763540625572 0.031080000072717662
v 0.03600198030471802 -0.03880798816680908 0.0283860061019659
v 0.035047635436058044 -0.04054763540625572 0.031080000072717662
v 0.034857530146837234 -0.04035753011703491 0.028767488867044444
v 0.03600198030471802 -0.03880798816680908 0.0283860061019659
v 0.03600198030471802 -0.03880798816680908 0.0283860061019659
v 0.034857530146837234 -0.04035753011703491 0.028767488867044444
v 0.03525427728891373 -0.03830951824784279 0.02619048205018043
v 0.034857530146837234 -0.04035753011703491 0.028767488867044444
v 0.034367188811302185 -0.03986718878149986 0.02678187374770641
v 0.03525427728891373 -0.03830951824784279 0.02619048205018043
v 0.03525427728891373 -0.03830951824784279 0.02619048205018043
v 0.034367188811302185 -0.03986718878149986 0.02678187374770641
v 0.034367188811302185 -0.03771812468767166 0.024632811516523356
v 0.034367188811302185 -0.03986718878149986 0.02678187374770641
v 0.033739689737558365 -0.03923968970775604 0.025260310590267177
v 0.034367188811302185 -0.03771812468767166 0.024632811516523356
v -0.033739689737558365 0.03923968970775604 0.025260310590267177
v -0.034367188811302185 0.03771812468767166 0.024632811516523356
v -0.034367188811302185 0.03986718878149986 0.02678187374770641
v -0.034367188811302185 0.03771812468767166 0.024632811516523356
v -0.03525427728891373 0.03830951824784279 0.02619048205018043
v -0.034367188811302185 0.03986718878149986 0.02678187374770641
v -0.034367188811302185 0.03986718878149986 0.02678187374770641
v -0.03525427728891373 0.03830951824784279 0.02619048205018043
v -0.034857530146837234 0.04035753011703491 0.028767488867044444
v -0.03525427728891373 0.03830951824784279 0.02619048205018043
v -0.03600198030471802 0.03880798816680908 0.0283860061019659
v -0.034857530146837234 0.04035753011703491 0.028767488867044444
v -0.034857530146837234 0.04035753011703491 0.028767488867044444
v -0.03600198030471802 0.03880798816680908 0.0283860061019659
v -0.035047635436058044 0.04054763540625572 0.031080000072717662
v -0.03600198030471802 0.03880798816680908 0.0283860061019659
v -0.036307066679000854 0.03901137784123421 0.031080000072717662
v -0.035047635436058044 0.04054763540625572 0.031080000072717662
v -0.035047635436058044 0.04054763540625572 0.031080000072717662
v -0.036307066679000854 0.03901137784123421 0.031080000072717662
v -0.035047635436058044 0.04054763540625572 0.08291999992728233
v -0.036307066679000854 0.03901137784123421 0.031080000072717662
v -0.036307066679000854 0.03901137784123421 0.08291999992728233
v -0.035047635436058044 0.04054763540625572 0.08291999992728233
v -0.035047635436058044 0.04054763540625572 0.08291999992728233
v -0.036307066679000854 0.03901137784123421 0.08291999992728233
v -0.034857530146837234 0.04035753011703491 0.08523251113295555
v -0.036307066679000854 0.03901137784123421 0.08291999992728233
v -0.03600198030471802 0.03880798816680908 0.08561399389803409
v -0.034857530146837234 0.04035753011703491 0.08523251113295555
v -0.034857530146837234 0.04035753011703491 0.08523251113295555
v -0.03600198030471802 0.03880798816680908 0.08561399389803409
v -0.034367188811302185 0.03986718878149986 0.08721812625229358
v -0.03600198030471802 0.03880798816680908 0.08561399389803409
v -0.03525427728891373 0.03830951824784279 0.08780951794981956
v -0.034367188811302185 0.03986718878149986 0.08721812625229358
v -0.034367188811302185 0.03986718878149986 0.08721812625229358
v -0.03525427728891373 0.03830951824784279 0.08780951794981956
v -0.033739689737558365 0.03923968970775604 0.08873968940973281
v -0.03525427728891373 0.03830951824784279 0.08780951794981956
v -0.034367188811302185 0.03771812468767166 0.08936718848347663
v -0.033739689737558365 0.03923968970775604 0.08873968940973281
v -0.034367188811302185 0.03771812468767166 0.024632811516523356
v -0.034857530146837234 0.035732511430978775 0.02414246645569801
v -0.03525427728891373 0.03830951824784279 0.02619048205018043
v -0.034857530146837234 0.035732511430978775 0.02414246645569801
v -0.03600198030471802 0.03611399233341217 0.025692012131214137
v -0.03525427728891373 0.03830951824784279 0.02619048205018043
v -0.03525427728891373 0.03830951824784279 0.02619048205018043
v -0.03600198030471802 0.03611399233341217 0.025692012131214137
v -0.03600198030471802 0.03880798816680908 0.0283860061019659
v -0.03600198030471802 0.03611399233341217 0.025692012131214137
v -0.03703770413994789 0.03645923361182213 0.02804076482355594
v -0.03600198030471802 0.03880798816680908 0.0283860061019659
v -0.03600198030471802 0.03880798816680908 0.0283860061019659
v -0.03703770413994789 0.03645923361182213 0.02804076482355594
v -0.036307066679000854 0.03901137784123421 0.031080000072717662
v -0.03703770413994789 0.03645923361182213 0.02804076482355594
v -0.03748272731900215 0.03660757467150688 0.031080000072717662
v -0.036307066679000854 0.03901137784123421 0.031080000072717662
v -0.036307066679000854 0.03901137784123421 0.031080000072717662
v -0.03748272731900215 0.03660757467150688 0.031080000072717662
v -0.036307066679000854 0.03901137784123421 0.08291999992728233
v -0.03748272731900215 0.03660757467150688 0.031080000072717662
v -0.03748272731900215 0.03660757467150688 0.08291999992728233
v -0.036307066679000854 0.03901137784123421 0.08291999992728233
v -0.036307066679000854 0.03901137784123421 0.08291999992728233
v -0.03748272731900215 0.03660757467150688 0.08291999992728233
v -0.03600198030471802 0.03880798816680908 0.08561399389803409
v -0.03748272731900215 0.03660757467150688 0.08291999992728233
v -0.03703770413994789 0.03645923361182213 0.08595923517644405
v -0.03600198030471802 0.03880798816680908 0.08561399389803409
v -0.03600198030471802 0.03880798816680908 0.08561399389803409
v -0.03703770413994789 0.03645923361182213 0.08595923517644405
v -0.03525427728891373 0.03830951824784279 0.08780951794981956
v -0.03703770413994789 0.03645923361182213 0.08595923517644405
v -0.03600198030471802 0.03611399233341217 0.08830798786878585
v -0.03525427728891373 0.03830951824784279 0.08780951794981956
v -0.03525427728891373 0.03830951824784279 0.08780951794981956
v -0.03600198030471802 0.03611399233341217 0.08830798786878585
v -0.034367188811302185 0.03771812468767166 0.08936718848347663
v -0.03600198030471802 0.03611399233341217 0.08830798786878585
v -0.034857530146837234 0.035732511430978775 0.08985753354430198
v -0.034367188811302185 0.03771812468767166 0.08936718848347663
v -0.034857530146837234 0.035732511430978775 0.02414246645569801
v -0.035047635436058044 0.03342000022530556 0.023952364891767497
v -0.03600198030471802 0.03611399233341217 0.025692012131214137
v -0.035047635436058044 0.03342000022530556 0.023952364891767497
v -0.036307066679000854 0.03342000022530556 0.025488622456789012
v -0.03600198030471802 0.03611399233341217 0.025692012131214137
v -0.03600198030471802 0.03611399233341217 0.025692012131214137
v -0.036307066679000854 0.03342000022530556 0.025488622456789012
v -0.03703770413994789 0.03645923361182213 0.02804076482355594
v -0.036307066679000854 0.03342000022530556 0.025488622456789012
v -0.03748272731900215 0.03342000022530556 0.027892423763871188
v -0.03703770413994789 0.03645923361182213 0.02804076482355594
v -0.03703770413994789 0.03645923361182213 0.02804076482355594
v -0.03748272731900215 0.03342000022530556 0.027892423763871188
v -0.03748272731900215 0.03660757467150688 0.031080000072717662
v -0.03748272731900215 0.03342000022530556 0.027892423763871188
v -0.03799999877810478 0.03342000022530556 0.031080000072717662
v -0.03748272731900215 0.03660757467150688 0.031080000072717662
v -0.03748272731900215 0.03660757467150688 0.031080000072717662
v -0.03799999877810478 0.03342000022530556 0.031080000072717662
v -0.03748272731900215 0.03660757467150688 0.08291999992728233
v -0.03799999877810478 0.03342000022530556 0.031080000072717662
v -0.03799999877810478 0.03342000022530556 0.08291999992728233
v -0.03748272731900215 0.03660757467150688 0.08291999992728233
v -0.03748272731900215 0.03660757467150688 0.08291999992728233
v -0.03799999877810478 0.03342000022530556 0.08291999992728233
v -0.03703770413994789 0.03645923361182213 0.08595923517644405
v -0.03799999877810478 0.03342000022530556 0.08291999992728233
v -0.03748272731900215 0.03342000022530556 0.0861075762361288
v -0.03703770413994789 0.03645923361182213 0.08595923517644405
v -0.03703770413994789 0.03645923361182213 0.08595923517644405
v -0.03748272731900215 0.03342000022530556 0.0861075762361288
v -0.03600198030471802 0.03611399233341217 0.08830798786878585
v -0.03748272731900215 0.03342000022530556 0.0861075762361288
v -0.036307066679000854 0.03342000022530556 0.08851137754321098
v -0.03600198030471802 0.03611399233341217 0.08830798786878585
v -0.03600198030471802 0.03611399233341217 0.08830798786878585
v -0.036307066679000854 0.03342000022530556 0.08851137754321098
v -0.034857530146837234 0.035732511430978775 0.08985753354430198
v -0.036307066679000854 0.03342000022530556 0.08851137754321098
v -0.035047635436058044 0.03342000022530556 0.0900476351082325
v -0.034857530146837234 0.035732511430978775 0.08985753354430198
v -0.035047635436058044 0.03342000022530556 0.023952364891767497
v -0.035047635436058044 -0.03342000022530556 0.023952364891767497
v -0.036307066679000854 0.03342000022530556 0.025488622456789012
v -0.035047635436058044 -0.03342000022530556 0.023952364891767497
v -0.036307066679000854 -0.03342000022530556 0.025488622456789012
v -0.036307066679000854 0.03342000022530556 0.025488622456789012
v -0.036307066679000854 0.03342000022530556 0.025488622456789012
v -0.036307066679000854 -0.03342000022530556 0.025488622456789012
v -0.03748272731900215 0.03342000022530556 0.027892423763871188
v -0.036307066679000854 -0.03342000022530556 0.025488622456789012
v -0.03748272731900215 -0.03342000022530556 0.027892423763871188
v -0.03748272731900215 0.03342000022530556 0.027892423763871188
v -0.03748272731900215 0.03342000022530556 0.027892423763871188
v -0.03748272731900215 -0.03342000022530556 0.027892423763871188
v -0.03799999877810478 0.03342000022530556 0.031080000072717662
v -0.03748272731900215 -0.03342000022530556 0.027892423763871188
v -0.03799999877810478 -0.03342000022530556 0.031080000072717662
v -0.03799999877810478 0.03342000022530556 0.031080000072717662
v -0.03799999877810478 0.03342000022530556 0.031080000072717662
v -0.03799999877810478 -0.03342000022530556 0.031080000072717662
v -0.03799999877810478 0.03342000022530556 0.08291999992728233
v -0.03799999877810478 -0.03342000022530556 0.031080000072717662
v -0.03799999877810478 -0.03342000022530556 0.08291999992728233
v -0.03799999877810478 0.03342000022530556 0.08291999992728233
v -0.03799999877810478 0.03342000022530556 0.08291999992728233
v -0.03799999877810478 -0.03342000022530556 0.08291999992728233
v -0.03748272731900215 0.03342000022530556 0.0861075762361288
v -0.03799999877810478 -0.03342000022530556 0.08291999992728233
v -0.03748272731900215 -0.03342000022530556 0.0861075762361288
v -0.03748272731900215 0.03342000022530556 0.0861075762361288
v -0.03748272731900215 0.03342000022530556 0.0861075762361288
v -0.03748272731900215 -0.03342000022530556 0.0861075762361288
v -0.036307066679000854 0.03342000022530556 0.08851137754321098
v -0.03748272731900215 -0.03342000022530556 0.0861075762361288
v -0.036307066679000854 -0.03342000022530556 0.08851137754321098
v -0.036307066679000854 0.03342000022530556 0.08851137754321098
v -0.036307066679000854 0.03342000022530556 0.08851137754321098
v -0.036307066679000854 -0.03342000022530556 0.08851137754321098
v -0.035047635436058044 0.03342000022530556 0.0900476351082325
v -0.036307066679000854 -0.03342000022530556 0.08851137754321098
v -0.035047635436058044 -0.03342000022530556 0.0900476351082325
v -0.035047635436058044 0.03342000022530556 0.0900476351082325
v -0.035047635436058044 -0.03342000022530556 0.023952364891767497
v -0.034857530146837234 -0.035732511430978775 0.02414246645569801
v -0.036307066679000854 -0.03342000022530556 0.025488622456789012
v -0.034857530146837234 -0.035732511430978775 0.02414246645569801
v -0.03600198030471802 -0.03611399233341217 0.025692012131214137
v -0.036307066679000854 -0.03342000022530556 0.025488622456789012
v -0.036307066679000854 -0.03342000022530556 0.025488622456789012
v -0.03600198030471802 -0.03611399233341217 0.025692012131214137
v -0.03748272731900215 -0.03342000022530556 0.027892423763871188
v -0.03600198030471802 -0.03611399233341217 0.025692012131214137
v -0.03703770413994789 -0.03645923361182213 0.02804076482355594
v -0.03748272731900215 -0.03342000022530556 0.027892423763871188
v -0.03748272731900215 -0.03342000022530556 0.027892423763871188
v -0.03703770413994789 -0.03645923361182213 0.02804076482355594
v -0.03799999877810478 -0.03342000022530556 0.031080000072717662
v -0.03703770413994789 -0.03645923361182213 0.02804076482355594
v -0.03748272731900215 -0.03660757467150688 0.031080000072717662
v -0.03799999877810478 -0.03342000022530556 0.031080000072717662
v -0.03799999877810478 -0.03342000022530556 0.031080000072717662
v -0.03748272731900215 -0.03660757467150688 0.031080000072717662
v -0.03799999877810478 -0.03342000022530556 0.08291999992728233
v -0.03748272731900215 -0.03660757467150688 0.031080000072717662
v -0.03748272731900215 -0.03660757467150688 0.08291999992728233
v -0.03799999877810478 -0.03342000022530556 0.08291999992728233
v -0.03799999877810478 -0.03342000022530556 0.08291999992728233
v -0.03748272731900215 -0.03660757467150688 0.08291999992728233
v -0.03748272731900215 -0.03342000022530556 0.0861075762361288
v -0.03748272731900215 -0.03660757467150688 0.08291999992728233
v -0.03703770413994789 -0.03645923361182213 0.08595923517644405
v -0.03748272731900215 -0.03342000022530556 0.0861075762361288
v -0.03748272731900215 -0.03342000022530556 0.0861075762361288
v -0.03703770413994789 -0.03645923361182213 0.08595923517644405
v -0.036307066679000854 -0.03342000022530556 0.08851137754321098
v -0.03703770413994789 -0.03645923361182213 0.08595923517644405
v -0.03600198030471802 -0.03611399233341217 0.08830798786878585
v -0.036307066679000854 -0.03342000022530556 0.08851137754321098
v -0.036307066679000854 -0.03342000022530556 0.08851137754321098
v -0.03600198030471802 -0.03611399233341217 0.08830798786878585
v -0.035047635436058044 -0.03342000022530556 0.0900476351082325
v -0.03600198030471802 -0.03611399233341217 0.08830798786878585
v -0.034857530146837234 -0.035732511430978775 0.08985753354430198
v -0.035047635436058044 -0.03342000022530556 0.0900476351082325
v -0.034857530146837234 -0.035732511430978775 0.02414246645569801
v -0.034367188811302185 -0.03771812468767166 0.024632811516523356
v -0.03600198030471802 -0.03611399233341217 0.025692012131214137
v -0.034367188811302185 -0.03771812468767166 0.024632811516523356
v -0.03525427728891373 -0.03830951824784279 0.02619048205018043
v -0.03600198030471802 -0.03611399233341217 0.025692012131214137
v -0.03600198030471802 -0.03611399233341217 0.025692012131214137
v -0.03525427728891373 -0.03830951824784279 0.02619048205018043
v -0.03703770413994789 -0.03645923361182213 0.02804076482355594
v -0.03525427728891373 -0.03830951824784279 0.02619048205018043
v -0.03600198030471802 -0.03880798816680908 0.0283860061019659
v -0.03703770413994789 -0.03645923361182213 0.02804076482355594
v -0.03703770413994789 -0.03645923361182213 0.02804076482355594
v -0.03600198030471802 -0.03880798816680908 0.0283860061019659
v -0.03748272731900215 -0.03660757467150688 0.031080000072717662
v -0.03600198030471802 -0.03880798816680908 0.0283860061019659
v -0.036307066679000854 -0.03901137784123421 0.031080000072717662
v -0.03748272731900215 -0.03660757467150688 0.031080000072717662
v -0.03748272731900215 -0.03660757467150688 0.031080000072717662
v -0.036307066679000854 -0.03901137784123421 0.031080000072717662
v -0.03748272731900215 -0.03660757467150688 0.08291999992728233
v -0.036307066679000854 -0.03901137784123421 0.031080000072717662
v -0.036307066679000854 -0.03901137784123421 0.08291999992728233
v -0.03748272731900215 -0.03660757467150688 0.08291999992728233
v -0.03748272731900215 -0.03660757467150688 0.08291999992728233
v -0.036307066679000854 -0.03901137784123421 0.08291999992728233
v -0.03703770413994789 -0.03645923361182213 0.08595923517644405
v -0.036307066679000854 -0.03901137784123421 0.08291999992728233
v -0.03600198030471802 -0.03880798816680908 0.08561399389803409
v -0.03703770413994789 -0.03645923361182213 0.08595923517644405
v -0.03703770413994789 -0.03645923361182213 0.08595923517644405
v -0.03600198030471802 -0.03880798816680908 0.08561399389803409
v -0.03600198030471802 -0.03611399233341217 0.08830798786878585
v -0.03600198030471802 -0.03880798816680908 0.08561399389803409
v -0.03525427728891373 -0.03830951824784279 0.08780951794981956
v -0.03600198030471802 -0.03611399233341217 0.08830798786878585
v -0.03600198030471802 -0.03611399233341217 0.08830798786878585
v -0.03525427728891373 -0.03830951824784279 0.08780951794981956
v -0.034857530146837234 -0.035732511430978775 0.08985753354430198
v -0.03525427728891373 -0.03830951824784279 0.08780951794981956
v -0.034367188811302185 -0.03771812468767166 0.08936718848347663
v -0.034857530146837234 -0.035732511430978775 0.08985753354430198
v -0.034367188811302185 -0.03771812468767166 0.024632811516523356
v -0.033739689737558365 -0.03923968970775604 0.025260310590267177
v -0.03525427728891373 -0.03830951824784279 0.02619048205018043
v -0.033739689737558365 -0.03923968970775604 0.025260310590267177
v -0.034367188811302185 -0.03986718878149986 0.02678187374770641
v -0.03525427728891373 -0.03830951824784279 0.02619048205018043
v -0.03525427728891373 -0.03830951824784279 0.02619048205018043
v -0.034367188811302185 -0.03986718878149986 0.02678187374770641
v -0.03600198030471802 -0.03880798816680908 0.0283860061019659
v -0.034367188811302185 -0.03986718878149986 0.02678187374770641
v -0.034857530146837234 -0.04035753011703491 0.028767488867044444
v -0.03600198030471802 -0.03880798816680908 0.0283860061019659
v -0.03600198030471802 -0.03880798816680908 0.0283860061019659
v -0.034857530146837234 -0.04035753011703491 0.028767488867044444
v -0.036307066679000854 -0.03901137784123421 0.031080000072717662
v -0.034857530146837234 -0.04035753011703491 0.028767488867044444
v -0.035047635436058044 -0.04054763540625572 0.031080000072717662
v -0.036307066679000854 -0.03901137784123421 0.031080000072717662
v -0.036307066679000854 -0.03901137784123421 0.031080000072717662
v -0.035047635436058044 -0.04054763540625572 0.031080000072717662
v -0.036307066679000854 -0.03901137784123421 0.08291999992728233
v -0.035047635436058044 -0.04054763540625572 0.031080000072717662
v -0.035047635436058044 -0.04054763540625572 0.08291999992728233
v -0.036307066679000854 -0.03901137784123421 0.08291999992728233
v -0.036307066679000854 -0.03901137784123421 0.08291999992728233
v -0.035047635436058044 -0.04054763540625572 0.08291999992728233
v -0.03600198030471802 -0.03880798816680908 0.08561399389803409
v -0.035047635436058044 -0.04054763540625572 0.08291999992728233
v -0.034857530146837234 -0.04035753011703491 0.08523251113295555
v -0.03600198030471802 -0.03880798816680908 0.08561399389803409
v -0.03600198030471802 -0.03880798816680908 0.08561399389803409
v -0.034857530146837234 -0.04035753011703491 0.08523251113295555
v -0.03525427728891373 -0.03830951824784279 0.08780951794981956
v -0.034857530146837234 -0.04035753011703491 0.08523251113295555
v -0.034367188811302185 -0.03986718878149986 0.08721812625229358
v -0.03525427728891373 -0.03830951824784279 0.08780951794981956
v -0.03525427728891373 -0.03830951824784279 0.08780951794981956
v -0.034367188811302185 -0.03986718878149986 0.08721812625229358
v -0.034367188811302185 -0.03771812468767166 0.08936718848347663
v -0.034367188811302185 -0.03986718878149986 0.08721812625229358
v -0.033739689737558365 -0.03923968970775604 0.08873968940973281
v -0.034367188811302185 -0.03771812468767166 0.08936718848347663
v -0.033739689737558365 0.03923968970775604 0.025260310590267177
v -0.034367188811302185 0.03986718878149986 0.02678187374770641
v -0.032218124717473984 0.03986718878149986 0.024632811516523356
v -0.034367188811302185 0.03986718878149986 0.02678187374770641
v -0.03280951827764511 0.040754277259111404 0.02619048205018043
v -0.032218124717473984 0.03986718878149986 0.024632811516523356
v -0.032218124717473984 0.03986718878149986 0.024632811516523356
v -0.03280951827764511 0.040754277259111404 0.02619048205018043
v -0.030232511460781097 0.04035753011703491 0.02414246645569801
v -0.03280951827764511 0.040754277259111404 0.02619048205018043
v -0.030613994225859642 0.041501980274915695 0.025692012131214137
v -0.030232511460781097 0.04035753011703491 0.02414246645569801
v -0.030232511460781097 0.04035753011703491 0.02414246645569801
v -0.030613994225859642 0.041501980274915695 0.025692012131214137
v -0.02792000025510788 0.04054763540625572 0.023952364891767497
v -0.030613994225859642 0.041501980274915695 0.025692012131214137
v -0.02792000025510788 0.04180706664919853 0.025488622456789012
v -0.02792000025510788 0.04054763540625572 0.023952364891767497
v -0.02792000025510788 0.04054763540625572 0.023952364891767497
v -0.02792000025510788 0.04180706664919853 0.025488622456789012
v 0.02792000025510788 0.04054763540625572 0.023952364891767497
v -0.02792000025510788 0.04180706664919853 0.025488622456789012
v 0.02792000025510788 0.04180706664919853 0.025488622456789012
v 0.02792000025510788 0.04054763540625572 0.023952364891767497
v 0.02792000025510788 0.04054763540625572 0.023952364891767497
v 0.02792000025510788 0.04180706664919853 0.025488622456789012
v 0.030232511460781097 0.04035753011703491 0.02414246645569801
v 0.02792000025510788 0.04180706664919853 0.025488622456789012
v 0.030613994225859642 0.041501980274915695 0.025692012131214137
v 0.030232511460781097 0.04035753011703491 0.02414246645569801
v 0.030232511460781097 0.04035753011703491 0.02414246645569801
v 0.030613994225859642 0.041501980274915695 0.025692012131214137
v 0.032218124717473984 0.03986718878149986 0.024632811516523356
v 0.030613994225859642 0.041501980274915695 0.025692012131214137
v 0.03280951827764511 0.040754277259111404 0.02619048205018043
v 0.032218124717473984 0.03986718878149986 0.024632811516523356
v 0.032218124717473984 0.03986718878149986 0.024632811516523356
v 0.03280951827764511 0.040754277259111404 0.02619048205018043
v 0.033739689737558365 0.03923968970775604 0.025260310590267177
v 0.03280951827764511 0.040754277259111404 0.02619048205018043
v 0.034367188811302185 0.03986718878149986 0.02678187374770641
v 0.033739689737558365 0.03923968970775604 0.025260310590267177
v -0.034367188811302185 0.03986718878149986 0.02678187374770641
v -0.034857530146837234 0.04035753011703491 0.028767488867044444
v -0.03280951827764511 0.040754277259111404 0.02619048205018043
v -0.034857530146837234 0.04035753011703491 0.028767488867044444
v -0.033307988196611404 0.041501980274915695 0.0283860061019659
v -0.03280951827764511 0.040754277259111404 0.02619048205018043
v -0.03280951827764511 0.040754277259111404 0.02619048205018043
v -0.033307988196611404 0.041501980274915695 0.0283860061019659
v -0.030613994225859642 0.041501980274915695 0.025692012131214137
v -0.033307988196611404 0.041501980274915695 0.0283860061019659
v -0.03095923364162445 0.04253770411014557 0.02804076482355594
v -0.030613994225859642 0.041501980274915695 0.025692012131214137
v -0.030613994225859642 0.041501980274915695 0.025692012131214137
v -0.03095923364162445 0.04253770411014557 0.02804076482355594
v -0.02792000025510788 0.04180706664919853 0.025488622456789012
v -0.03095923364162445 0.04253770411014557 0.02804076482355594
v -0.02792000025510788 0.04298272728919983 0.027892423763871188
v -0.02792000025510788 0.04180706664919853 0.025488622456789012
v -0.02792000025510788 0.04180706664919853 0.025488622456789012
v -0.02792000025510788 0.04298272728919983 0.027892423763871188
v 0.02792000025510788 0.04180706664919853 0.025488622456789012
v -0.02792000025510788 0.04298272728919983 0.027892423763871188
v 0.02792000025510788 0.04298272728919983 0.027892423763871188
v 0.02792000025510788 0.04180706664919853 0.025488622456789012
v 0.02792000025510788 0.04180706664919853 0.025488622456789012
v 0.02792000025510788 0.04298272728919983 0.027892423763871188
v 0.030613994225859642 0.041501980274915695 0.025692012131214137
v 0.02792000025510788 0.04298272728919983 0.027892423763871188
v 0.03095923364162445 0.04253770411014557 0.02804076482355594
v 0.030613994225859642 0.041501980274915695 0.025692012131214137
v 0.030613994225859642 0.041501980274915695 0.025692012131214137
v 0.03095923364162445 0.04253770411014557 0.02804076482355594
v 0.03280951827764511 0.040754277259111404 0.02619048205018043
v 0.03095923364162445 0.04253770411014557 0.02804076482355594
v 0.033307988196611404 0.041501980274915695 0.0283860061019659
v 0.03280951827764511 0.040754277259111404 0.02619048205018043
v 0.03280951827764511 0.040754277259111404 0.02619048205018043
v 0.033307988196611404 0.041501980274915695 0.0283860061019659
v 0.034367188811302185 0.03986718878149986 0.02678187374770641
v 0.033307988196611404 0.041501980274915695 0.0283860061019659
v 0.034857530146837234 0.04035753011703491 0.028767488867044444
v 0.034367188811302185 0.03986718878149986 0.02678187374770641
v -0.034857530146837234 0.04035753011703491 0.028767488867044444
v -0.035047635436058044 0.04054763540625572 0.031080000072717662
v -0.033307988196611404 0.041501980274915695 0.0283860061019659
v -0.035047635436058044 0.04054763540625572 0.031080000072717662
v -0.03351137787103653 0.04180706664919853 0.031080000072717662
v -0.033307988196611404 0.041501980274915695 0.0283860061019659
v -0.033307988196611404 0.041501980274915695 0.0283860061019659
v -0.03351137787103653 0.04180706664919853 0.031080000072717662
v -0.03095923364162445 0.04253770411014557 0.02804076482355594
v -0.03351137787103653 0.04180706664919853 0.031080000072717662
v -0.031107576563954353 0.04298272728919983 0.031080000072717662
v -0.03095923364162445 0.04253770411014557 0.02804076482355594
v -0.03095923364162445 0.04253770411014557 0.02804076482355594
v -0.031107576563954353 0.04298272728919983 0.031080000072717662
v -0.02792000025510788 0.04298272728919983 0.027892423763871188
v -0.031107576563954353 0.04298272728919983 0.031080000072717662
v -0.02792000025510788 0.04349999874830246 0.031080000072717662
v -0.02792000025510788 0.04298272728919983 0.027892423763871188
v -0.02792000025510788 0.04298272728919983 0.027892423763871188
v -0.02792000025510788 0.04349999874830246 0.031080000072717662
v 0.02792000025510788 0.04298272728919983 0.027892423763871188
v -0.02792000025510788 0.04349999874830246 0.031080000072717662
v 0.02792000025510788 0.04349999874830246 0.031080000072717662
v 0.02792000025510788 0.04298272728919983 0.027892423763871188
v 0.02792000025510788 0.04298272728919983 0.027892423763871188
v 0.02792000025510788 0.04349999874830246 0.031080000072717662
v 0.03095923364162445 0.04253770411014557 0.02804076482355594
v 0.02792000025510788 0.04349999874830246 0.031080000072717662
v 0.031107576563954353 0.04298272728919983 0.031080000072717662
v 0.03095923364162445 0.04253770411014557 0.02804076482355594
v 0.03095923364162445 0.04253770411014557 0.02804076482355594
v 0.031107576563954353 0.04298272728919983 0.031080000072717662
v 0.033307988196611404 0.041501980274915695 0.0283860061019659
v 0.031107576563954353 0.04298272728919983 0.031080000072717662
v 0.03351137787103653 0.04180706664919853 0.031080000072717662
v 0.033307988196611404 0.041501980274915695 0.0283860061019659
v 0.033307988196611404 0.041501980274915695 0.0283860061019659
v 0.03351137787103653 0.04180706664919853 0.031080000072717662
v 0.034857530146837234 0.04035753011703491 0.028767488867044444
v 0.03351137787103653 0.04180706664919853 0.031080000072717662
v 0.035047635436058044 0.04054763540625572 0.031080000072717662
v 0.034857530146837234 0.04035753011703491 0.028767488867044444
v -0.035047635436058044 0.04054763540625572 0.031080000072717662
v -0.035047635436058044 0.04054763540625572 0.08291999992728233
v -0.03351137787103653 0.04180706664919853 0.031080000072717662
v -0.035047635436058044 0.04054763540625572 0.08291999992728233
v -0.03351137787103653 0.04180706664919853 0.08291999992728233
v -0.03351137787103653 0.04180706664919853 0.031080000072717662
v -0.03351137787103653 0.04180706664919853 0.031080000072717662
v -0.03351137787103653 0.04180706664919853 0.08291999992728233
v -0.031107576563954353 0.04298272728919983 0.031080000072717662
v -0.03351137787103653 0.04180706664919853 0.08291999992728233
v -0.031107576563954353 0.04298272728919983 0.08291999992728233
v -0.031107576563954353 0.04298272728919983 0.031080000072717662
v -0.031107576563954353 0.04298272728919983 0.031080000072717662
v -0.031107576563954353 0.04298272728919983 0.08291999992728233
v -0.02792000025510788 0.04349999874830246 0.031080000072717662
v -0.031107576563954353 0.04298272728919983 0.08291999992728233
v -0.02792000025510788 0.04349999874830246 0.08291999992728233
v -0.02792000025510788 0.04349999874830246 0.031080000072717662
v -0.02792000025510788 0.04349999874830246 0.031080000072717662
v -0.02792000025510788 0.04349999874830246 0.08291999992728233
v 0.02792000025510788 0.04349999874830246 0.031080000072717662
v -0.02792000025510788 0.04349999874830246 0.08291999992728233
v 0.02792000025510788 0.04349999874830246 0.08291999992728233
v 0.02792000025510788 0.04349999874830246 0.031080000072717662
v 0.02792000025510788 0.04349999874830246 0.031080000072717662
v 0.02792000025510788 0.04349999874830246 0.08291999992728233
v 0.031107576563954353 0.04298272728919983 0.031080000072717662
v 0.02792000025510788 0.04349999874830246 0.08291999992728233
v 0.031107576563954353 0.04298272728919983 0.08291999992728233
v 0.031107576563954353 0.04298272728919983 0.031080000072717662
v 0.031107576563954353 0.04298272728919983 0.031080000072717662
v 0.031107576563954353 0.04298272728919983 0.08291999992728233
v 0.03351137787103653 0.04180706664919853 0.031080000072717662
v 0.031107576563954353 0.04298272728919983 0.08291999992728233
v 0.03351137787103653 0.04180706664919853 0.08291999992728233
v 0.03351137787103653 0.04180706664919853 0.031080000072717662
v 0.03351137787103653 0.04180706664919853 0.031080000072717662
v 0.03351137787103653 0.04180706664919853 0.08291999992728233
v 0.035047635436058044 0.04054763540625572 0.031080000072717662
v 0.03351137787103653 0.04180706664919853 0.08291999992728233
v 0.035047635436058044 0.04054763540625572 0.08291999992728233
v 0.035047635436058044 0.04054763540625572 0.031080000072717662
v -0.035047635436058044 0.04054763540625572 0.08291999992728233
v -0.034857530146837234 0.04035753011703491 0.08523251113295555
v -0.03351137787103653 0.04180706664919853 0.08291999992728233
v -0.034857530146837234 0.04035753011703491 0.08523251113295555
v -0.033307988196611404 0.041501980274915695 0.08561399389803409
v -0.03351137787103653 0.04180706664919853 0.08291999992728233
v -0.03351137787103653 0.04180706664919853 0.08291999992728233
v -0.033307988196611404 0.041501980274915695 0.08561399389803409
v -0.031107576563954353 0.04298272728919983 0.08291999992728233
v -0.033307988196611404 0.041501980274915695 0.08561399389803409
v -0.03095923364162445 0.04253770411014557 0.08595923517644405
v -0.031107576563954353 0.04298272728919983 0.08291999992728233
v -0.031107576563954353 0.04298272728919983 0.08291999992728233
v -0.03095923364162445 0.04253770411014557 0.08595923517644405
v -0.02792000025510788 0.04349999874830246 0.08291999992728233
v -0.03095923364162445 0.04253770411014557 0.08595923517644405
v -0.02792000025510788 0.04298272728919983 0.0861075762361288
v -0.02792000025510788 0.04349999874830246 0.08291999992728233
v -0.02792000025510788 0.04349999874830246 0.08291999992728233
v -0.02792000025510788 0.04298272728919983 0.0861075762361288
v 0.02792000025510788 0.04349999874830246 0.08291999992728233
v -0.02792000025510788 0.04298272728919983 0.0861075762361288
v 0.02792000025510788 0.04298272728919983 0.0861075762361288
v 0.02792000025510788 0.04349999874830246 0.08291999992728233
v 0.02792000025510788 0.04349999874830246 0.08291999992728233
v 0.02792000025510788 0.04298272728919983 0.0861075762361288
v 0.031107576563954353 0.04298272728919983 0.08291999992728233
v 0.02792000025510788 0.04298272728919983 0.0861075762361288
v 0.03095923364162445 0.04253770411014557 0.08595923517644405
v 0.031107576563954353 0.04298272728919983 0.08291999992728233
v 0.031107576563954353 0.04298272728919983 0.08291999992728233
v 0.03095923364162445 0.04253770411014557 0.08595923517644405
v 0.03351137787103653 0.04180706664919853 0.08291999992728233
v 0.03095923364162445 0.04253770411014557 0.08595923517644405
v 0.033307988196611404 0.041501980274915695 0.08561399389803409
v 0.03351137787103653 0.04180706664919853 0.08291999992728233
v 0.03351137787103653 0.04180706664919853 0.08291999992728233
v 0.033307988196611404 0.041501980274915695 0.08561399389803409
v 0.035047635436058044 0.04054763540625572 0.08291999992728233
v 0.033307988196611404 0.041501980274915695 0.08561399389803409
v 0.034857530146837234 0.04035753011703491 0.08523251113295555
v 0.035047635436058044 0.04054763540625572 0.08291999992728233
v -0.034857530146837234 0.04035753011703491 0.08523251113295555
v -0.034367188811302185 0.03986718878149986 0.08721812625229358
v -0.033307988196611404 0.041501980274915695 0.08561399389803409
v -0.034367188811302185 0.03986718878149986 0.08721812625229358
v -0.03280951827764511 0.040754277259111404 0.08780951794981956
v -0.033307988196611404 0.041501980274915695 0.08561399389803409
v -0.033307988196611404 0.041501980274915695 0.08561399389803409
v -0.03280951827764511 0.040754277259111404 0.08780951794981956
v -0.03095923364162445 0.04253770411014557 0.08595923517644405
v -0.03280951827764511 0.040754277259111404 0.08780951794981956
v -0.030613994225859642 0.041501980274915695 0.08830798786878585
v -0.03095923364162445 0.04253770411014557 0.08595923517644405
v -0.03095923364162445 0.04253770411014557 0.08595923517644405
v -0.030613994225859642 0.041501980274915695 0.08830798786878585
v -0.02792000025510788 0.04298272728919983 0.0861075762361288
v -0.030613994225859642 0.041501980274915695 0.08830798786878585
v -0.02792000025510788 0.04180706664919853 0.08851137754321098
v -0.02792000025510788 0.04298272728919983 0.0861075762361288
v -0.02792000025510788 0.04298272728919983 0.0861075762361288
v -0.02792000025510788 0.04180706664919853 0.08851137754321098
v 0.02792000025510788 0.04298272728919983 0.0861075762361288
v -0.02792000025510788 0.04180706664919853 0.08851137754321098
v 0.02792000025510788 0.04180706664919853 0.08851137754321098
v 0.02792000025510788 0.04298272728919983 0.0861075762361288
v 0.02792000025510788 0.04298272728919983 0.0861075762361288
v 0.02792000025510788 0.04180706664919853 0.08851137754321098
v 0.03095923364162445 0.04253770411014557 0.08595923517644405
v 0.02792000025510788 0.04180706664919853 0.08851137754321098
v 0.030613994225859642 0.041501980274915695 0.08830798786878585
v 0.03095923364162445 0.04253770411014557 0.08595923517644405
v 0.03095923364162445 0.04253770411014557 0.08595923517644405
v 0.030613994225859642 0.041501980274915695 0.08830798786878585
v 0.033307988196611404 0.041501980274915695 0.08561399389803409
v 0.030613994225859642 0.041501980274915695 0.08830798786878585
v 0.03280951827764511 0.040754277259111404 0.08780951794981956
v 0.033307988196611404 0.041501980274915695 0.08561399389803409
v 0.033307988196611404 0.041501980274915695 0.08561399389803409
v 0.03280951827764511 0.040754277259111404 0.08780951794981956
v 0.034857530146837234 0.04035753011703491 0.08523251113295555
v 0.03280951827764511 0.040754277259111404 0.08780951794981956
v 0.034367188811302185 0.03986718878149986 0.08721812625229358
v 0.034857530146837234 0.04035753011703491 0.08523251113295555
v -0.034367188811302185 0.03986718878149986 0.08721812625229358
v -0.033739689737558365 0.03923968970775604 0.08873968940973281
v -0.03280951827764511 0.040754277259111404 0.08780951794981956
v -0.033739689737558365 0.03923968970775604 0.08873968940973281
v -0.032218124717473984 0.03986718878149986 0.08936718848347663
v -0.03280951827764511 0.040754277259111404 0.08780951794981956
v -0.03280951827764511 0.040754277259111404 0.08780951794981956
v -0.032218124717473984 0.03986718878149986 0.08936718848347663
v -0.030613994225859642 0.041501980274915695 0.08830798786878585
v -0.032218124717473984 0.03986718878149986 0.08936718848347663
v -0.030232511460781097 0.04035753011703491 0.08985753354430198
v -0.030613994225859642 0.041501980274915695 0.08830798786878585
v -0.030613994225859642 0.041501980274915695 0.08830798786878585
v -0.030232511460781097 0.04035753011703491 0.08985753354430198
v -0.02792000025510788 0.04180706664919853 0.08851137754321098
v -0.030232511460781097 0.04035753011703491 0.08985753354430198
v -0.02792000025510788 0.04054763540625572 0.0900476351082325
v -0.02792000025510788 0.04180706664919853 0.08851137754321098
v -0.02792000025510788 0.04180706664919853 0.08851137754321098
v -0.02792000025510788 0.04054763540625572 0.0900476351082325
v 0.02792000025510788 0.04180706664919853 0.08851137754321098
v -0.02792000025510788 0.04054763540625572 0.0900476351082325
v 0.02792000025510788 0.04054763540625572 0.0900476351082325
v 0.02792000025510788 0.04180706664919853 0.08851137754321098
v 0.02792000025510788 0.04180706664919853 0.08851137754321098
v 0.02792000025510788 0.04054763540625572 0.0900476351082325
v 0.030613994225859642 0.041501980274915695 0.08830798786878585
v 0.02792000025510788 0.04054763540625572 0.0900476351082325
v 0.030232511460781097 0.04035753011703491 0.08985753354430198
v 0.030613994225859642 0.041501980274915695 0.08830798786878585
v 0.030613994225859642 0.041501980274915695 0.08830798786878585
v 0.030232511460781097 0.04035753011703491 0.08985753354430198
v 0.03280951827764511 0.040754277259111404 0.08780951794981956
v 0.030232511460781097 0.04035753011703491 0.08985753354430198
v 0.032218124717473984 0.03986718878149986 0.08936718848347663
v 0.03280951827764511 0.040754277259111404 0.08780951794981956
v 0.03280951827764511 0.040754277259111404 0.08780951794981956
v 0.032218124717473984 0.03986718878149986 0.08936718848347663
v 0.034367188811302185 0.03986718878149986 0.08721812625229358
v 0.032218124717473984 0.03986718878149986 0.08936718848347663
v 0.033739689737558365 0.03923968970775604 0.08873968940973281
v 0.034367188811302185 0.03986718878149986 0.08721812625229358
v -0.033739689737558365 -0.03923968970775604 0.08873968940973281
v -0.034367188811302185 -0.03986718878149986 0.08721812625229358
v -0.032218124717473984 -0.03986718878149986 0.08936718848347663
v -0.034367188811302185 -0.03986718878149986 0.08721812625229358
v -0.03280951827764511 -0.040754277259111404 0.08780951794981956
v -0.032218124717473984 -0.03986718878149986 0.08936718848347663
v -0.032218124717473984 -0.03986718878149986 0.08936718848347663
v -0.03280951827764511 -0.040754277259111404 0.08780951794981956
v -0.030232511460781097 -0.04035753011703491 0.08985753354430198
v -0.03280951827764511 -0.040754277259111404 0.08780951794981956
v -0.030613994225859642 -0.041501980274915695 0.08830798786878585
v -0.030232511460781097 -0.04035753011703491 0.08985753354430198
v -0.030232511460781097 -0.04035753011703491 0.08985753354430198
v -0.030613994225859642 -0.041501980274915695 0.08830798786878585
v -0.02792000025510788 -0.04054763540625572 0.0900476351082325
v -0.030613994225859642 -0.041501980274915695 0.08830798786878585
v -0.02792000025510788 -0.04180706664919853 0.08851137754321098
v -0.02792000025510788 -0.04054763540625572 0.0900476351082325
v -0.02792000025510788 -0.04054763540625572 0.0900476351082325
v -0.02792000025510788 -0.04180706664919853 0.08851137754321098
v 0.02792000025510788 -0.04054763540625572 0.0900476351082325
v -0.02792000025510788 -0.04180706664919853 0.08851137754321098
v 0.02792000025510788 -0.04180706664919853 0.08851137754321098
v 0.02792000025510788 -0.04054763540625572 0.0900476351082325
v 0.02792000025510788 -0.04054763540625572 0.0900476351082325
v 0.02792000025510788 -0.04180706664919853 0.08851137754321098
v 0.030232511460781097 -0.04035753011703491 0.08985753354430198
v 0.02792000025510788 -0.04180706664919853 0.08851137754321098
v 0.030613994225859642 -0.041501980274915695 0.08830798786878585
v 0.030232511460781097 -0.04035753011703491 0.08985753354430198
v 0.030232511460781097 -0.04035753011703491 0.08985753354430198
v 0.030613994225859642 -0.041501980274915695 0.08830798786878585
v 0.032218124717473984 -0.03986718878149986 0.08936718848347663
v 0.030613994225859642 -0.041501980274915695 0.08830798786878585
v 0.03280951827764511 -0.040754277259111404 0.08780951794981956
v 0.032218124717473984 -0.03986718878149986 0.08936718848347663
v 0.032218124717473984 -0.03986718878149986 0.08936718848347663
v 0.03280951827764511 -0.040754277259111404 0.08780951794981956
v 0.033739689737558365 -0.03923968970775604 0.08873968940973281
v 0.03280951827764511 -0.040754277259111404 0.08780951794981956
v 0.034367188811302185 -0.03986718878149986 0.08721812625229358
v 0.033739689737558365 -0.03923968970775604 0.08873968940973281
v -0.034367188811302185 -0.03986718878149986 0.08721812625229358
v -0.034857530146837234 -0.04035753011703491 0.08523251113295555
v -0.03280951827764511 -0.040754277259111404 0.08780951794981956
v -0.034857530146837234 -0.04035753011703491 0.08523251113295555
v -0.033307988196611404 -0.041501980274915695 0.08561399389803409
v -0.03280951827764511 -0.040754277259111404 0.08780951794981956
v -0.03280951827764511 -0.040754277259111404 0.08780951794981956
v -0.033307988196611404 -0.041501980274915695 0.08561399389803409
v -0.030613994225859642 -0.041501980274915695 0.08830798786878585
v -0.033307988196611404 -0.041501980274915695 0.08561399389803409
v -0.03095923364162445 -0.04253770411014557 0.08595923517644405
v -0.030613994225859642 -0.041501980274915695 0.08830798786878585
v -0.030613994225859642 -0.041501980274915695 0.08830798786878585
v -0.03095923364162445 -0.04253770411014557 0.08595923517644405
v -0.02792000025510788 -0.04180706664919853 0.08851137754321098
v -0.03095923364162445 -0.04253770411014557 0.08595923517644405
v -0.02792000025510788 -0.04298272728919983 0.0861075762361288
v -0.02792000025510788 -0.04180706664919853 0.08851137754321098
v -0.02792000025510788 -0.04180706664919853 0.08851137754321098
v -0.02792000025510788 -0.04298272728919983 0.0861075762361288
v 0.02792000025510788 -0.04180706664919853 0.08851137754321098
v -0.02792000025510788 -0.04298272728919983 0.0861075762361288
v 0.02792000025510788 -0.04298272728919983 0.0861075762361288
v 0.02792000025510788 -0.04180706664919853 0.08851137754321098
v 0.02792000025510788 -0.04180706664919853 0.08851137754321098
v 0.02792000025510788 -0.04298272728919983 0.0861075762361288
v 0.030613994225859642 -0.041501980274915695 0.08830798786878585
v 0.02792000025510788 -0.04298272728919983 0.0861075762361288
v 0.03095923364162445 -0.04253770411014557 0.08595923517644405
v 0.030613994225859642 -0.041501980274915695 0.08830798786878585
v 0.030613994225859642 -0.041501980274915695 0.08830798786878585
v 0.03095923364162445 -0.04253770411014557 0.08595923517644405
v 0.03280951827764511 -0.040754277259111404 0.08780951794981956
v 0.03095923364162445 -0.04253770411014557 0.08595923517644405
v 0.033307988196611404 -0.041501980274915695 0.08561399389803409
v 0.03280951827764511 -0.040754277259111404 0.08780951794981956
v 0.03280951827764511 -0.040754277259111404 0.08780951794981956
v 0.033307988196611404 -0.041501980274915695 0.08561399389803409
v 0.034367188811302185 -0.03986718878149986 0.08721812625229358
v 0.033307988196611404 -0.041501980274915695 0.08561399389803409
v 0.034857530146837234 -0.04035753011703491 0.08523251113295555
v 0.034367188811302185 -0.03986718878149986 0.08721812625229358
v -0.034857530146837234 -0.04035753011703491 0.08523251113295555
v -0.035047635436058044 -0.04054763540625572 0.08291999992728233
v -0.033307988196611404 -0.041501980274915695 0.08561399389803409
v -0.035047635436058044 -0.04054763540625572 0.08291999992728233
v -0.03351137787103653 -0.04180706664919853 0.08291999992728233
v -0.033307988196611404 -0.041501980274915695 0.08561399389803409
v -0.033307988196611404 -0.041501980274915695 0.08561399389803409
v -0.03351137787103653 -0.04180706664919853 0.08291999992728233
v -0.03095923364162445 -0.04253770411014557 0.08595923517644405
v -0.03351137787103653 -0.04180706664919853 0.08291999992728233
v -0.031107576563954353 -0.04298272728919983 0.08291999992728233
v -0.03095923364162445 -0.04253770411014557 0.08595923517644405
v -0.03095923364162445 -0.04253770411014557 0.08595923517644405
v -0.031107576563954353 -0.04298272728919983 0.08291999992728233
v -0.02792000025510788 -0.04298272728919983 0.0861075762361288
v -0.031107576563954353 -0.04298272728919983 0.08291999992728233
v -0.02792000025510788 -0.04349999874830246 0.08291999992728233
v -0.02792000025510788 -0.04298272728919983 0.0861075762361288
v -0.02792000025510788 -0.04298272728919983 0.0861075762361288
v -0.02792000025510788 -0.04349999874830246 0.08291999992728233
v 0.02792000025510788 -0.04298272728919983 0.0861075762361288
v -0.02792000025510788 -0.04349999874830246 0.08291999992728233
v 0.02792000025510788 -0.04349999874830246 0.08291999992728233
v 0.02792000025510788 -0.04298272728919983 0.0861075762361288
v 0.02792000025510788 -0.04298272728919983 0.0861075762361288
v 0.02792000025510788 -0.04349999874830246 0.08291999992728233
v 0.03095923364162445 -0.04253770411014557 0.08595923517644405
v 0.02792000025510788 -0.04349999874830246 0.08291999992728233
v 0.031107576563954353 -0.04298272728919983 0.08291999992728233
v 0.03095923364162445 -0.04253770411014557 0.08595923517644405
v 0.03095923364162445 -0.04253770411014557 0.08595923517644405
v 0.031107576563954353 -0.04298272728919983 0.08291999992728233
v 0.033307988196611404 -0.041501980274915695 0.08561399389803409
v 0.031107576563954353 -0.04298272728919983 0.08291999992728233
v 0.03351137787103653 -0.04180706664919853 0.08291999992728233
v 0.033307988196611404 -0.041501980274915695 0.08561399389803409
v 0.033307988196611404 -0.041501980274915695 0.08561399389803409
v 0.03351137787103653 -0.04180706664919853 0.08291999992728233
v 0.034857530146837234 -0.04035753011703491 0.08523251113295555
v 0.03351137787103653 -0.04180706664919853 0.08291999992728233
v 0.035047635436058044 -0.04054763540625572 0.08291999992728233
v 0.034857530146837234 -0.04035753011703491 0.08523251113295555
v -0.035047635436058044 -0.04054763540625572 0.08291999992728233
v -0.035047635436058044 -0.04054763540625572 0.031080000072717662
v -0.03351137787103653 -0.04180706664919853 0.08291999992728233
v -0.035047635436058044 -0.04054763540625572 0.031080000072717662
v -0.03351137787103653 -0.04180706664919853 0.031080000072717662
v -0.03351137787103653 -0.04180706664919853 0.08291999992728233
v -0.03351137787103653 -0.04180706664919853 0.08291999992728233
v -0.03351137787103653 -0.04180706664919853 0.031080000072717662
v -0.031107576563954353 -0.04298272728919983 0.08291999992728233
v -0.03351137787103653 -0.04180706664919853 0.031080000072717662
v -0.031107576563954353 -0.04298272728919983 0.031080000072717662
v -0.031107576563954353 -0.04298272728919983 0.08291999992728233
v -0.031107576563954353 -0.04298272728919983 0.08291999992728233
v -0.031107576563954353 -0.04298272728919983 0.031080000072717662
v -0.02792000025510788 -0.04349999874830246 0.08291999992728233
v -0.031107576563954353 -0.04298272728919983 0.031080000072717662
v -0.02792000025510788 -0.04349999874830246 0.031080000072717662
v -0.02792000025510788 -0.04349999874830246 0.08291999992728233
v -0.02792000025510788 -0.04349999874830246 0.08291999992728233
v -0.02792000025510788 -0.04349999874830246 0.031080000072717662
v 0.02792000025510788 -0.04349999874830246 0.08291999992728233
v -0.02792000025510788 -0.04349999874830246 0.031080000072717662
v 0.02792000025510788 -0.04349999874830246 0.031080000072717662
v 0.02792000025510788 -0.04349999874830246 0.08291999992728233
v 0.02792000025510788 -0.04349999874830246 0.08291999992728233
v 0.02792000025510788 -0.04349999874830246 0.031080000072717662
v 0.031107576563954353 -0.04298272728919983 0.08291999992728233
v 0.02792000025510788 -0.04349999874830246 0.031080000072717662
v 0.031107576563954353 -0.04298272728919983 0.031080000072717662
v 0.031107576563954353 -0.04298272728919983 0.08291999992728233
v 0.031107576563954353 -0.04298272728919983 0.08291999992728233
v 0.031107576563954353 -0.04298272728919983 0.031080000072717662
v 0.03351137787103653 -0.04180706664919853 0.08291999992728233
v 0.031107576563954353 -0.04298272728919983 0.031080000072717662
v 0.03351137787103653 -0.04180706664919853 0.031080000072717662
v 0.03351137787103653 -0.04180706664919853 0.08291999992728233
v 0.03351137787103653 -0.04180706664919853 0.08291999992728233
v 0.03351137787103653 -0.04180706664919853 0.031080000072717662
v 0.035047635436058044 -0.04054763540625572 0.08291999992728233
v 0.03351137787103653 -0.04180706664919853 0.031080000072717662
v 0.035047635436058044 -0.04054763540625572 0.031080000072717662
v 0.035047635436058044 -0.04054763540625572 0.08291999992728233
v -0.035047635436058044 -0.04054763540625572 0.031080000072717662
v -0.034857530146837234 -0.04035753011703491 0.028767488867044444
v -0.03351137787103653 -0.04180706664919853 0.031080000072717662
v -0.034857530146837234 -0.04035753011703491 0.028767488867044444
v -0.033307988196611404 -0.041501980274915695 0.0283860061019659
v -0.03351137787103653 -0.04180706664919853 0.031080000072717662
v -0.03351137787103653 -0.04180706664919853 0.031080000072717662
v -0.033307988196611404 -0.041501980274915695 0.0283860061019659
v -0.031107576563954353 -0.04298272728919983 0.031080000072717662
v -0.033307988196611404 -0.041501980274915695 0.0283860061019659
v -0.03095923364162445 -0.04253770411014557 0.02804076482355594
v -0.031107576563954353 -0.04298272728919983 0.031080000072717662
v -0.031107576563954353 -0.04298272728919983 0.031080000072717662
v -0.03095923364162445 -0.04253770411014557 0.02804076482355594
v -0.02792000025510788 -0.04349999874830246 0.031080000072717662
v -0.03095923364162445 -0.04253770411014557 0.02804076482355594
v -0.02792000025510788 -0.04298272728919983 0.027892423763871188
v -0.02792000025510788 -0.04349999874830246 0.031080000072717662
v -0.02792000025510788 -0.04349999874830246 0.031080000072717662
v -0.02792000025510788 -0.04298272728919983 0.027892423763871188
v 0.02792000025510788 -0.04349999874830246 0.031080000072717662
v -0.02792000025510788 -0.04298272728919983 0.027892423763871188
v 0.02792000025510788 -0.04298272728919983 0.027892423763871188
v 0.02792000025510788 -0.04349999874830246 0.031080000072717662
v 0.02792000025510788 -0.04349999874830246 0.031080000072717662
v 0.02792000025510788 -0.04298272728919983 0.027892423763871188
v 0.031107576563954353 -0.04298272728919983 0.031080000072717662
v 0.02792000025510788 -0.04298272728919983 0.027892423763871188
v 0.03095923364162445 -0.04253770411014557 0.02804076482355594
v 0.031107576563954353 -0.04298272728919983 0.031080000072717662
v 0.031107576563954353 -0.04298272728919983 0.031080000072717662
v 0.03095923364162445 -0.04253770411014557 0.02804076482355594
v 0.03351137787103653 -0.04180706664919853 0.031080000072717662
v 0.03095923364162445 -0.04253770411014557 0.02804076482355594
v 0.033307988196611404 -0.041501980274915695 0.0283860061019659
v 0.03351137787103653 -0.04180706664919853 0.031080000072717662
v 0.03351137787103653 -0.04180706664919853 0.031080000072717662
v 0.033307988196611404 -0.041501980274915695 0.0283860061019659
v 0.035047635436058044 -0.04054763540625572 0.031080000072717662
v 0.033307988196611404 -0.041501980274915695 0.0283860061019659
v 0.034857530146837234 -0.04035753011703491 0.028767488867044444
v 0.035047635436058044 -0.04054763540625572 0.031080000072717662
v -0.034857530146837234 -0.04035753011703491 0.028767488867044444
v -0.034367188811302185 -0.03986718878149986 0.02678187374770641
v -0.033307988196611404 -0.041501980274915695 0.0283860061019659
v -0.034367188811302185 -0.03986718878149986 0.02678187374770641
v -0.03280951827764511 -0.040754277259111404 0.02619048205018043
v -0.033307988196611404 -0.041501980274915695 0.0283860061019659
v -0.033307988196611404 -0.041501980274915695 0.0283860061019659
v -0.03280951827764511 -0.040754277259111404 0.02619048205018043
v -0.03095923364162445 -0.04253770411014557 0.02804076482355594
v -0.03280951827764511 -0.040754277259111404 0.02619048205018043
v -0.030613994225859642 -0.041501980274915695 0.025692012131214137
v -0.03095923364162445 -0.04253770411014557 0.02804076482355594
v -0.03095923364162445 -0.04253770411014557 0.02804076482355594
v -0.030613994225859642 -0.041501980274915695 0.025692012131214137
v -0.02792000025510788 -0.04298272728919983 0.027892423763871188
v -0.030613994225859642 -0.041501980274915695 0.025692012131214137
v -0.02792000025510788 -0.04180706664919853 0.025488622456789012
v -0.02792000025510788 -0.04298272728919983 0.027892423763871188
v -0.02792000025510788 -0.04298272728919983 0.027892423763871188
v -0.02792000025510788 -0.04180706664919853 0.025488622456789012
v 0.02792000025510788 -0.04298272728919983 0.027892423763871188
v -0.02792000025510788 -0.04180706664919853 0.025488622456789012
v 0.02792000025510788 -0.04180706664919853 0.025488622456789012
v 0.02792000025510788 -0.04298272728919983 0.027892423763871188
v 0.02792000025510788 -0.04298272728919983 0.027892423763871188
v 0.02792000025510788 -0.04180706664919853 0.025488622456789012
v 0.03095923364162445 -0.04253770411014557 0.02804076482355594
v 0.02792000025510788 -0.04180706664919853 0.025488622456789012
v 0.030613994225859642 -0.041501980274915695 0.025692012131214137
v 0.03095923364162445 -0.04253770411014557 0.02804076482355594
v 0.03095923364162445 -0.04253770411014557 0.02804076482355594
v 0.030613994225859642 -0.041501980274915695 0.025692012131214137
v 0.033307988196611404 -0.041501980274915695 0.0283860061019659
v 0.030613994225859642 -0.041501980274915695 0.025692012131214137
v 0.03280951827764511 -0.040754277259111404 0.02619048205018043
v 0.033307988196611404 -0.041501980274915695 0.0283860061019659
v 0.033307988196611404 -0.041501980274915695 0.0283860061019659
v 0.03280951827764511 -0.040754277259111404 0.02619048205018043
v 0.034857530146837234 -0.04035753011703491 0.028767488867044444
v 0.03280951827764511 -0.040754277259111404 0.02619048205018043
v 0.034367188811302185 -0.03986718878149986 0.02678187374770641
v 0.034857530146837234 -0.04035753011703491 0.028767488867044444
v -0.034367188811302185 -0.03986718878149986 0.02678187374770641
v -0.033739689737558365 -0.03923968970775604 0.025260310590267177
v -0.03280951827764511 -0.040754277259111404 0.02619048205018043
v -0.033739689737558365 -0.03923968970775604 0.025260310590267177
v -0.032218124717473984 -0.03986718878149986 0.024632811516523356
v -0.03280951827764511 -0.040754277259111404 0.02619048205018043
v -0.03280951827764511 -0.040754277259111404 0.02619048205018043
v -0.032218124717473984 -0.03986718878149986 0.024632811516523356
v -0.030613994225859642 -0.041501980274915695 0.025692012131214137
v -0.032218124717473984 -0.03986718878149986 0.024632811516523356
v -0.030232511460781097 -0.04035753011703491 0.02414246645569801
v -0.030613994225859642 -0.041501980274915695 0.025692012131214137
v -0.030613994225859642 -0.041501980274915695 0.025692012131214137
v -0.030232511460781097 -0.04035753011703491 0.02414246645569801
v -0.02792000025510788 -0.04180706664919853 0.025488622456789012
v -0.030232511460781097 -0.04035753011703491 0.02414246645569801
v -0.02792000025510788 -0.04054763540625572 0.023952364891767497
v -0.02792000025510788 -0.04180706664919853 0.025488622456789012
v -0.02792000025510788 -0.04180706664919853 0.025488622456789012
v -0.02792000025510788 -0.04054763540625572 0.023952364891767497
v 0.02792000025510788 -0.04180706664919853 0.025488622456789012
v -0.02792000025510788 -0.04054763540625572 0.023952364891767497
v 0.02792000025510788 -0.04054763540625572 0.023952364891767497
v 0.02792000025510788 -0.04180706664919853 0.025488622456789012
v 0.02792000025510788 -0.04180706664919853 0.025488622456789012
v 0.02792000025510788 -0.04054763540625572 0.023952364891767497
v 0.030613994225859642 -0.041501980274915695 0.025692012131214137
v 0.02792000025510788 -0.04054763540625572 0.023952364891767497
v 0.030232511460781097 -0.04035753011703491 0.02414246645569801
v 0.030613994225859642 -0.041501980274915695 0.025692012131214137
v 0.030613994225859642 -0.041501980274915695 0.025692012131214137
v 0.030232511460781097 -0.04035753011703491 0.02414246645569801
v 0.03280951827764511 -0.040754277259111404 0.02619048205018043
v 0.030232511460781097 -0.04035753011703491 0.02414246645569801
v 0.032218124717473984 -0.03986718878149986 0.024632811516523356
v 0.03280951827764511 -0.040754277259111404 0.02619048205018043
v 0.03280951827764511 -0.040754277259111404 0.02619048205018043
v 0.032218124717473984 -0.03986718878149986 0.024632811516523356
v 0.034367188811302185 -0.03986718878149986 0.02678187374770641
v 0.032218124717473984 -0.03986718878149986 0.024632811516523356
v 0.033739689737558365 -0.03923968970775604 0.025260310590267177
v 0.034367188811302185 -0.03986718878149986 0.02678187374770641
v -0.033739689737558365 0.03923968970775604 0.08873968940973281
v -0.034367188811302185 0.03771812468767166 0.08936718848347663
v -0.032218124717473984 0.03986718878149986 0.08936718848347663
v -0.034367188811302185 0.03771812468767166 0.08936718848347663
v -0.03280951827764511 0.03830951824784279 0.09025427696108818
v -0.032218124717473984 0.03986718878149986 0.08936718848347663
v -0.032218124717473984 0.03986718878149986 0.08936718848347663
v -0.03280951827764511 0.03830951824784279 0.09025427696108818
v -0.030232511460781097 0.04035753011703491 0.08985753354430198
v -0.03280951827764511 0.03830951824784279 0.09025427696108818
v -0.030613994225859642 0.03880798816680908 0.09100197997689247
v -0.030232511460781097 0.04035753011703491 0.08985753354430198
v -0.030232511460781097 0.04035753011703491 0.08985753354430198
v -0.030613994225859642 0.03880798816680908 0.09100197997689247
v -0.02792000025510788 0.04054763540625572 0.0900476351082325
v -0.030613994225859642 0.03880798816680908 0.09100197997689247
v -0.02792000025510788 0.03901137784123421 0.0913070663511753
v -0.02792000025510788 0.04054763540625572 0.0900476351082325
v -0.02792000025510788 0.04054763540625572 0.0900476351082325
v -0.02792000025510788 0.03901137784123421 0.0913070663511753
v 0.02792000025510788 0.04054763540625572 0.0900476351082325
v -0.02792000025510788 0.03901137784123421 0.0913070663511753
v 0.02792000025510788 0.03901137784123421 0.0913070663511753
v 0.02792000025510788 0.04054763540625572 0.0900476351082325
v 0.02792000025510788 0.04054763540625572 0.0900476351082325
v 0.02792000025510788 0.03901137784123421 0.0913070663511753
v 0.030232511460781097 0.04035753011703491 0.08985753354430198
v 0.02792000025510788 0.03901137784123421 0.0913070663511753
v 0.030613994225859642 0.03880798816680908 0.09100197997689247
v 0.030232511460781097 0.04035753011703491 0.08985753354430198
v 0.030232511460781097 0.04035753011703491 0.08985753354430198
v 0.030613994225859642 0.03880798816680908 0.09100197997689247
v 0.032218124717473984 0.03986718878149986 0.08936718848347663
v 0.030613994225859642 0.03880798816680908 0.09100197997689247
v 0.03280951827764511 0.03830951824784279 0.09025427696108818
v 0.032218124717473984 0.03986718878149986 0.08936718848347663
v 0.032218124717473984 0.03986718878149986 0.08936718848347663
v 0.03280951827764511 0.03830951824784279 0.09025427696108818
v 0.033739689737558365 0.03923968970775604 0.08873968940973281
v 0.03280951827764511 0.03830951824784279 0.09025427696108818
v 0.034367188811302185 0.03771812468767166 0.08936718848347663
v 0.033739689737558365 0.03923968970775604 0.08873968940973281
v -0.034367188811302185 0.03771812468767166 0.08936718848347663
v -0.034857530146837234 0.035732511430978775 0.08985753354430198
v -0.03280951827764511 0.03830951824784279 0.09025427696108818
v -0.034857530146837234 0.035732511430978775 0.08985753354430198
v -0.033307988196611404 0.03611399233341217 0.09100197997689247
v -0.03280951827764511 0.03830951824784279 0.09025427696108818
v -0.03280951827764511 0.03830951824784279 0.09025427696108818
v -0.033307988196611404 0.03611399233341217 0.09100197997689247
v -0.030613994225859642 0.03880798816680908 0.09100197997689247
v -0.033307988196611404 0.03611399233341217 0.09100197997689247
v -0.03095923364162445 0.03645923361182213 0.09203770381212234
v -0.030613994225859642 0.03880798816680908 0.09100197997689247
v -0.030613994225859642 0.03880798816680908 0.09100197997689247
v -0.03095923364162445 0.03645923361182213 0.09203770381212234
v -0.02792000025510788 0.03901137784123421 0.0913070663511753
v -0.03095923364162445 0.03645923361182213 0.09203770381212234
v -0.02792000025510788 0.03660757467150688 0.0924827269911766
v -0.02792000025510788 0.03901137784123421 0.0913070663511753
v -0.02792000025510788 0.03901137784123421 0.0913070663511753
v -0.02792000025510788 0.03660757467150688 0.0924827269911766
v 0.02792000025510788 0.03901137784123421 0.0913070663511753
v -0.02792000025510788 0.03660757467150688 0.0924827269911766
v 0.02792000025510788 0.03660757467150688 0.0924827269911766
v 0.02792000025510788 0.03901137784123421 0.0913070663511753
v 0.02792000025510788 0.03901137784123421 0.0913070663511753
v 0.02792000025510788 0.03660757467150688 0.0924827269911766
v 0.030613994225859642 0.03880798816680908 0.09100197997689247
v 0.02792000025510788 0.03660757467150688 0.0924827269911766
v 0.03095923364162445 0.03645923361182213 0.09203770381212234
v 0.030613994225859642 0.03880798816680908 0.09100197997689247
v 0.030613994225859642 0.03880798816680908 0.09100197997689247
v 0.03095923364162445 0.03645923361182213 0.09203770381212234
v 0.03280951827764511 0.03830951824784279 0.09025427696108818
v 0.03095923364162445 0.03645923361182213 0.09203770381212234
v 0.033307988196611404 0.03611399233341217 0.09100197997689247
v 0.03280951827764511 0.03830951824784279 0.09025427696108818
v 0.03280951827764511 0.03830951824784279 0.09025427696108818
v 0.033307988196611404 0.03611399233341217 0.09100197997689247
v 0.034367188811302185 0.03771812468767166 0.08936718848347663
v 0.033307988196611404 0.03611399233341217 0.09100197997689247
v 0.034857530146837234 0.035732511430978775 0.08985753354430198
v 0.034367188811302185 0.03771812468767166 0.08936718848347663
v -0.034857530146837234 0.035732511430978775 0.08985753354430198
v -0.035047635436058044 0.03342000022530556 0.0900476351082325
v -0.033307988196611404 0.03611399233341217 0.09100197997689247
v -0.035047635436058044 0.03342000022530556 0.0900476351082325
v -0.03351137787103653 0.03342000022530556 0.0913070663511753
v -0.033307988196611404 0.03611399233341217 0.09100197997689247
v -0.033307988196611404 0.03611399233341217 0.09100197997689247
v -0.03351137787103653 0.03342000022530556 0.0913070663511753
v -0.03095923364162445 0.03645923361182213 0.09203770381212234
v -0.03351137787103653 0.03342000022530556 0.0913070663511753
v -0.031107576563954353 0.03342000022530556 0.0924827269911766
v -0.03095923364162445 0.03645923361182213 0.09203770381212234
v -0.03095923364162445 0.03645923361182213 0.09203770381212234
v -0.031107576563954353 0.03342000022530556 0.0924827269911766
v -0.02792000025510788 0.03660757467150688 0.0924827269911766
v -0.031107576563954353 0.03342000022530556 0.0924827269911766
v -0.02792000025510788 0.03342000022530556 0.09299999845027923
v -0.02792000025510788 0.03660757467150688 0.0924827269911766
v -0.02792000025510788 0.03660757467150688 0.0924827269911766
v -0.02792000025510788 0.03342000022530556 0.09299999845027923
v 0.02792000025510788 0.03660757467150688 0.0924827269911766
v -0.02792000025510788 0.03342000022530556 0.09299999845027923
v 0.02792000025510788 0.03342000022530556 0.09299999845027923
v 0.02792000025510788 0.03660757467150688 0.0924827269911766
v 0.02792000025510788 0.03660757467150688 0.0924827269911766
v 0.02792000025510788 0.03342000022530556 0.09299999845027923
v 0.03095923364162445 0.03645923361182213 0.09203770381212234
v 0.02792000025510788 0.03342000022530556 0.09299999845027923
v 0.031107576563954353 0.03342000022530556 0.0924827269911766
v 0.03095923364162445 0.03645923361182213 0.09203770381212234
v 0.03095923364162445 0.03645923361182213 0.09203770381212234
v 0.031107576563954353 0.03342000022530556 0.0924827269911766
v 0.033307988196611404 0.03611399233341217 0.09100197997689247
v 0.031107576563954353 0.03342000022530556 0.0924827269911766
v 0.03351137787103653 0.03342000022530556 0.0913070663511753
v 0.033307988196611404 0.03611399233341217 0.09100197997689247
v 0.033307988196611404 0.03611399233341217 0.09100197997689247
v 0.03351137787103653 0.03342000022530556 0.0913070663511753
v 0.034857530146837234 0.035732511430978775 0.08985753354430198
v 0.03351137787103653 0.03342000022530556 0.0913070663511753
v 0.035047635436058044 0.03342000022530556 0.0900476351082325
v 0.034857530146837234 0.035732511430978775 0.08985753354430198
v -0.035047635436058044 0.03342000022530556 0.0900476351082325
v -0.035047635436058044 -0.03342000022530556 0.0900476351082325
v -0.03351137787103653 0.03342000022530556 0.0913070663511753
v -0.035047635436058044 -0.03342000022530556 0.0900476351082325
v -0.03351137787103653 -0.03342000022530556 0.0913070663511753
v -0.03351137787103653 0.03342000022530556 0.0913070663511753
v -0.03351137787103653 0.03342000022530556 0.0913070663511753
v -0.03351137787103653 -0.03342000022530556 0.0913070663511753
v -0.031107576563954353 0.03342000022530556 0.0924827269911766
v -0.03351137787103653 -0.03342000022530556 0.0913070663511753
v -0.031107576563954353 -0.03342000022530556 0.0924827269911766
v -0.031107576563954353 0.03342000022530556 0.0924827269911766
v -0.031107576563954353 0.03342000022530556 0.0924827269911766
v -0.031107576563954353 -0.03342000022530556 0.0924827269911766
v -0.02792000025510788 0.03342000022530556 0.09299999845027923
v -0.031107576563954353 -0.03342000022530556 0.0924827269911766
v -0.02792000025510788 -0.03342000022530556 0.09299999845027923
v -0.02792000025510788 0.03342000022530556 0.09299999845027923
v -0.02792000025510788 0.03342000022530556 0.09299999845027923
v -0.02792000025510788 -0.03342000022530556 0.09299999845027923
v 0.02792000025510788 0.03342000022530556 0.09299999845027923
v -0.02792000025510788 -0.03342000022530556 0.09299999845027923
v 0.02792000025510788 -0.03342000022530556 0.09299999845027923
v 0.02792000025510788 0.03342000022530556 0.09299999845027923
v 0.02792000025510788 0.03342000022530556 0.09299999845027923
v 0.02792000025510788 -0.03342000022530556 0.09299999845027923
v 0.031107576563954353 0.03342000022530556 0.0924827269911766
v 0.02792000025510788 -0.03342000022530556 0.09299999845027923
v 0.031107576563954353 -0.03342000022530556 0.0924827269911766
v 0.031107576563954353 0.03342000022530556 0.0924827269911766
v 0.031107576563954353 0.03342000022530556 0.0924827269911766
v 0.031107576563954353 -0.03342000022530556 0.0924827269911766
v 0.03351137787103653 0.03342000022530556 0.0913070663511753
v 0.031107576563954353 -0.03342000022530556 0.0924827269911766
v 0.03351137787103653 -0.03342000022530556 0.0913070663511753
v 0.03351137787103653 0.03342000022530556 0.0913070663511753
v 0.03351137787103653 0.03342000022530556 0.0913070663511753
v 0.03351137787103653 -0.03342000022530556 0.0913070663511753
v 0.035047635436058044 0.03342000022530556 0.0900476351082325
v 0.03351137787103653 -0.03342000022530556 0.0913070663511753
v 0.035047635436058044 -0.03342000022530556 0.0900476351082325
v 0.035047635436058044 0.03342000022530556 0.0900476351082325
v -0.035047635436058044 -0.03342000022530556 0.0900476351082325
v -0.034857530146837234 -0.035732511430978775 0.08985753354430198
v -0.03351137787103653 -0.03342000022530556 0.0913070663511753
v -0.034857530146837234 -0.035732511430978775 0.08985753354430198
v -0.033307988196611404 -0.03611399233341217 0.09100197997689247
v -0.03351137787103653 -0.03342000022530556 0.0913070663511753
v -0.03351137787103653 -0.03342000022530556 0.0913070663511753
v -0.033307988196611404 -0.03611399233341217 0.09100197997689247
v -0.031107576563954353 -0.03342000022530556 0.0924827269911766
v -0.033307988196611404 -0.03611399233341217 0.09100197997689247
v -0.03095923364162445 -0.03645923361182213 0.09203770381212234
v -0.031107576563954353 -0.03342000022530556 0.0924827269911766
v -0.031107576563954353 -0.03342000022530556 0.0924827269911766
v -0.03095923364162445 -0.03645923361182213 0.09203770381212234
v -0.02792000025510788 -0.03342000022530556 0.09299999845027923
v -0.03095923364162445 -0.03645923361182213 0.09203770381212234
v -0.02792000025510788 -0.03660757467150688 0.0924827269911766
v -0.02792000025510788 -0.03342000022530556 0.09299999845027923
v -0.02792000025510788 -0.03342000022530556 0.09299999845027923
v -0.02792000025510788 -0.03660757467150688 0.0924827269911766
v 0.02792000025510788 -0.03342000022530556 0.09299999845027923
v -0.02792000025510788 -0.03660757467150688 0.0924827269911766
v 0.02792000025510788 -0.03660757467150688 0.0924827269911766
v 0.02792000025510788 -0.03342000022530556 0.09299999845027923
v 0.02792000025510788 -0.03342000022530556 0.09299999845027923
v 0.02792000025510788 -0.03660757467150688 0.0924827269911766
v 0.031107576563954353 -0.03342000022530556 0.0924827269911766
v 0.02792000025510788 -0.03660757467150688 0.0924827269911766
v 0.03095923364162445 -0.03645923361182213 0.09203770381212234
v 0.031107576563954353 -0.03342000022530556 0.0924827269911766
v 0.031107576563954353 -0.03342000022530556 0.0924827269911766
v 0.03095923364162445 -0.03645923361182213 0.09203770381212234
v 0.03351137787103653 -0.03342000022530556 0.0913070663511753
v 0.03095923364162445 -0.03645923361182213 0.09203770381212234
v 0.033307988196611404 -0.03611399233341217 0.09100197997689247
v 0.03351137787103653 -0.03342000022530556 0.0913070663511753
v 0.03351137787103653 -0.03342000022530556 0.0913070663511753
v 0.033307988196611404 -0.03611399233341217 0.09100197997689247
v 0.035047635436058044 -0.03342000022530556 0.0900476351082325
v 0.033307988196611404 -0.03611399233341217 0.09100197997689247
v 0.034857530146837234 -0.035732511430978775 0.08985753354430198
v 0.035047635436058044 -0.03342000022530556 0.0900476351082325
v -0.034857530146837234 -0.035732511430978775 0.08985753354430198
v -0.034367188811302185 -0.03771812468767166 0.08936718848347663
v -0.033307988196611404 -0.03611399233341217 0.09100197997689247
v -0.034367188811302185 -0.03771812468767166 0.08936718848347663
v -0.03280951827764511 -0.03830951824784279 0.09025427696108818
v -0.033307988196611404 -0.03611399233341217 0.09100197997689247
v -0.033307988196611404 -0.03611399233341217 0.09100197997689247
v -0.03280951827764511 -0.03830951824784279 0.09025427696108818
v -0.03095923364162445 -0.03645923361182213 0.09203770381212234
v -0.03280951827764511 -0.03830951824784279 0.09025427696108818
v -0.030613994225859642 -0.03880798816680908 0.09100197997689247
v -0.03095923364162445 -0.03645923361182213 0.09203770381212234
v -0.03095923364162445 -0.03645923361182213 0.09203770381212234
v -0.030613994225859642 -0.03880798816680908 0.09100197997689247
v -0.02792000025510788 -0.03660757467150688 0.0924827269911766
v -0.030613994225859642 -0.03880798816680908 0.09100197997689247
v -0.02792000025510788 -0.03901137784123421 0.0913070663511753
v -0.02792000025510788 -0.03660757467150688 0.0924827269911766
v -0.02792000025510788 -0.03660757467150688 0.0924827269911766
v -0.02792000025510788 -0.03901137784123421 0.0913070663511753
v 0.02792000025510788 -0.03660757467150688 0.0924827269911766
v -0.02792000025510788 -0.03901137784123421 0.0913070663511753
v 0.02792000025510788 -0.03901137784123421 0.0913070663511753
v 0.02792000025510788 -0.03660757467150688 0.0924827269911766
v 0.02792000025510788 -0.03660757467150688 0.0924827269911766
v 0.02792000025510788 -0.03901137784123421 0.0913070663511753
v 0.03095923364162445 -0.03645923361182213 0.09203770381212234
v 0.02792000025510788 -0.03901137784123421 0.0913070663511753
v 0.030613994225859642 -0.03880798816680908 0.09100197997689247
v 0.03095923364162445 -0.03645923361182213 0.09203770381212234
v 0.03095923364162445 -0.03645923361182213 0.09203770381212234
v 0.030613994225859642 -0.03880798816680908 0.09100197997689247
v 0.033307988196611404 -0.03611399233341217 0.09100197997689247
v 0.030613994225859642 -0.03880798816680908 0.09100197997689247
v 0.03280951827764511 -0.03830951824784279 0.09025427696108818
v 0.033307988196611404 -0.03611399233341217 0.09100197997689247
v 0.033307988196611404 -0.03611399233341217 0.09100197997689247
v 0.03280951827764511 -0.03830951824784279 0.09025427696108818
v 0.034857530146837234 -0.035732511430978775 0.08985753354430198
v 0.03280951827764511 -0.03830951824784279 0.09025427696108818
v 0.034367188811302185 -0.03771812468767166 0.08936718848347663
v 0.034857530146837234 -0.035732511430978775 0.08985753354430198
v -0.034367188811302185 -0.03771812468767166 0.08936718848347663
v -0.033739689737558365 -0.03923968970775604 0.08873968940973281
v -0.03280951827764511 -0.03830951824784279 0.09025427696108818
v -0.033739689737558365 -0.03923968970775604 0.08873968940973281
v -0.032218124717473984 -0.03986718878149986 0.08936718848347663
v -0.03280951827764511 -0.03830951824784279 0.09025427696108818
v -0.03280951827764511 -0.03830951824784279 0.09025427696108818
v -0.032218124717473984 -0.03986718878149986 0.08936718848347663
v -0.030613994225859642 -0.03880798816680908 0.09100197997689247
v -0.032218124717473984 -0.03986718878149986 0.08936718848347663
v -0.030232511460781097 -0.04035753011703491 0.08985753354430198
v -0.030613994225859642 -0.03880798816680908 0.09100197997689247
v -0.030613994225859642 -0.03880798816680908 0.09100197997689247
v -0.030232511460781097 -0.04035753011703491 0.08985753354430198
v -0.02792000025510788 -0.03901137784123421 0.0913070663511753
v -0.030232511460781097 -0.04035753011703491 0.08985753354430198
v -0.02792000025510788 -0.04054763540625572 0.0900476351082325
v -0.02792000025510788 -0.03901137784123421 0.0913070663511753
v -0.02792000025510788 -0.03901137784123421 0.0913070663511753
v -0.02792000025510788 -0.04054763540625572 0.0900476351082325
v 0.02792000025510788 -0.03901137784123421 0.0913070663511753
v -0.02792000025510788 -0.04054763540625572 0.0900476351082325
v 0.02792000025510788 -0.04054763540625572 0.0900476351082325
v 0.02792000025510788 -0.03901137784123421 0.0913070663511753
v 0.02792000025510788 -0.03901137784123421 0.0913070663511753
v 0.02792000025510788 -0.04054763540625572 0.0900476351082325
v 0.030613994225859642 -0.03880798816680908 0.09100197997689247
v 0.02792000025510788 -0.04054763540625572 0.0900476351082325
v 0.030232511460781097 -0.04035753011703491 0.08985753354430198
v 0.030613994225859642 -0.03880798816680908 0.09100197997689247
v 0.030613994225859642 -0.03880798816680908 0.09100197997689247
v 0.030232511460781097 -0.04035753011703491 0.08985753354430198
v 0.03280951827764511 -0.03830951824784279 0.09025427696108818
v 0.030232511460781097 -0.04035753011703491 0.08985753354430198
v 0.032218124717473984 -0.03986718878149986 0.08936718848347663
v 0.03280951827764511 -0.03830951824784279 0.09025427696108818
v 0.03280951827764511 -0.03830951824784279 0.09025427696108818
v 0.032218124717473984 -0.03986718878149986 0.08936718848347663
v 0.034367188811302185 -0.03771812468767166 0.08936718848347663
v 0.032218124717473984 -0.03986718878149986 0.08936718848347663
v 0.033739689737558365 -0.03923968970775604 0.08873968940973281
v 0.034367188811302185 -0.03771812468767166 0.08936718848347663
v 0.033739689737558365 0.03923968970775604 0.025260310590267177
v 0.034367188811302185 0.03771812468767166 0.024632811516523356
v 0.032218124717473984 0.03986718878149986 0.024632811516523356
v 0.034367188811302185 0.03771812468767166 0.024632811516523356
v 0.03280951827764511 0.03830951824784279 0.023745723038911815
v 0.032218124717473984 0.03986718878149986 0.024632811516523356
v 0.032218124717473984 0.03986718878149986 0.024632811516523356
v 0.03280951827764511 0.03830951824784279 0.023745723038911815
v 0.030232511460781097 0.04035753011703491 0.02414246645569801
v 0.03280951827764511 0.03830951824784279 0.023745723038911815
v 0.030613994225859642 0.03880798816680908 0.022998020023107524
v 0.030232511460781097 0.04035753011703491 0.02414246645569801
v 0.030232511460781097 0.04035753011703491 0.02414246645569801
v 0.030613994225859642 0.03880798816680908 0.022998020023107524
v 0.02792000025510788 0.04054763540625572 0.023952364891767497
v 0.030613994225859642 0.03880798816680908 0.022998020023107524
v 0.02792000025510788 0.03901137784123421 0.022692933648824687
v 0.02792000025510788 0.04054763540625572 0.023952364891767497
v 0.02792000025510788 0.04054763540625572 0.023952364891767497
v 0.02792000025510788 0.03901137784123421 0.022692933648824687
v -0.02792000025510788 0.04054763540625572 0.023952364891767497
v 0.02792000025510788 0.03901137784123421 0.022692933648824687
v -0.02792000025510788 0.03901137784123421 0.022692933648824687
v -0.02792000025510788 0.04054763540625572 0.023952364891767497
v -0.02792000025510788 0.04054763540625572 0.023952364891767497
v -0.02792000025510788 0.03901137784123421 0.022692933648824687
v -0.030232511460781097 0.04035753011703491 0.02414246645569801
v -0.02792000025510788 0.03901137784123421 0.022692933648824687
v -0.030613994225859642 0.03880798816680908 0.022998020023107524
v -0.030232511460781097 0.04035753011703491 0.02414246645569801
v -0.030232511460781097 0.04035753011703491 0.02414246645569801
v -0.030613994225859642 0.03880798816680908 0.022998020023107524
v -0.032218124717473984 0.03986718878149986 0.024632811516523356
v -0.030613994225859642 0.03880798816680908 0.022998020023107524
v -0.03280951827764511 0.03830951824784279 0.023745723038911815
v -0.032218124717473984 0.03986718878149986 0.024632811516523356
v -0.032218124717473984 0.03986718878149986 0.024632811516523356
v -0.03280951827764511 0.03830951824784279 0.023745723038911815
v -0.033739689737558365 0.03923968970775604 0.025260310590267177
v -0.03280951827764511 0.03830951824784279 0.023745723038911815
v -0.034367188811302185 0.03771812468767166 0.024632811516523356
v -0.033739689737558365 0.03923968970775604 0.025260310590267177
v 0.034367188811302185 0.03771812468767166 0.024632811516523356
v 0.034857530146837234 0.035732511430978775 0.02414246645569801
v 0.03280951827764511 0.03830951824784279 0.023745723038911815
v 0.034857530146837234 0.035732511430978775 0.02414246645569801
v 0.033307988196611404 0.03611399233341217 0.022998020023107524
v 0.03280951827764511 0.03830951824784279 0.023745723038911815
v 0.03280951827764511 0.03830951824784279 0.023745723038911815
v 0.033307988196611404 0.03611399233341217 0.022998020023107524
v 0.030613994225859642 0.03880798816680908 0.022998020023107524
v 0.033307988196611404 0.03611399233341217 0.022998020023107524
v 0.03095923364162445 0.03645923361182213 0.02196229618787765
v 0.030613994225859642 0.03880798816680908 0.022998020023107524
v 0.030613994225859642 0.03880798816680908 0.022998020023107524
v 0.03095923364162445 0.03645923361182213 0.02196229618787765
v 0.02792000025510788 0.03901137784123421 0.022692933648824687
v 0.03095923364162445 0.03645923361182213 0.02196229618787765
v 0.02792000025510788 0.03660757467150688 0.02151727300882339
v 0.02792000025510788 0.03901137784123421 0.022692933648824687
v 0.02792000025510788 0.03901137784123421 0.022692933648824687
v 0.02792000025510788 0.03660757467150688 0.02151727300882339
v -0.02792000025510788 0.03901137784123421 0.022692933648824687
v 0.02792000025510788 0.03660757467150688 0.02151727300882339
v -0.02792000025510788 0.03660757467150688 0.02151727300882339
v -0.02792000025510788 0.03901137784123421 0.022692933648824687
v -0.02792000025510788 0.03901137784123421 0.022692933648824687
v -0.02792000025510788 0.03660757467150688 0.02151727300882339
v -0.030613994225859642 0.03880798816680908 0.022998020023107524
v -0.02792000025510788 0.03660757467150688 0.02151727300882339
v -0.03095923364162445 0.03645923361182213 0.02196229618787765
v -0.030613994225859642 0.03880798816680908 0.022998020023107524
v -0.030613994225859642 0.03880798816680908 0.022998020023107524
v -0.03095923364162445 0.03645923361182213 0.02196229618787765
v -0.03280951827764511 0.03830951824784279 0.023745723038911815
v -0.03095923364162445 0.03645923361182213 0.02196229618787765
v -0.033307988196611404 0.03611399233341217 0.022998020023107524
v -0.03280951827764511 0.03830951824784279 0.023745723038911815
v -0.03280951827764511 0.03830951824784279 0.023745723038911815
v -0.033307988196611404 0.03611399233341217 0.022998020023107524
v -0.034367188811302185 0.03771812468767166 0.024632811516523356
v -0.033307988196611404 0.03611399233341217 0.022998020023107524
v -0.034857530146837234 0.035732511430978775 0.02414246645569801
v -0.034367188811302185 0.03771812468767166 0.024632811516523356
v 0.034857530146837234 0.035732511430978775 0.02414246645569801
v 0.035047635436058044 0.03342000022530556 0.023952364891767497
v 0.033307988196611404 0.03611399233341217 0.022998020023107524
v 0.035047635436058044 0.03342000022530556 0.023952364891767497
v 0.03351137787103653 0.03342000022530556 0.022692933648824687
v 0.033307988196611404 0.03611399233341217 0.022998020023107524
v 0.033307988196611404 0.03611399233341217 0.022998020023107524
v 0.03351137787103653 0.03342000022530556 0.022692933648824687
v 0.03095923364162445 0.03645923361182213 0.02196229618787765
v 0.03351137787103653 0.03342000022530556 0.022692933648824687
v 0.031107576563954353 0.03342000022530556 0.02151727300882339
v 0.03095923364162445 0.03645923361182213 0.02196229618787765
v 0.03095923364162445 0.03645923361182213 0.02196229618787765
v 0.031107576563954353 0.03342000022530556 0.02151727300882339
v 0.02792000025510788 0.03660757467150688 0.02151727300882339
v 0.031107576563954353 0.03342000022530556 0.02151727300882339
v 0.02792000025510788 0.03342000022530556 0.02100000154972076
v 0.02792000025510788 0.03660757467150688 0.02151727300882339
v 0.02792000025510788 0.03660757467150688 0.02151727300882339
v 0.02792000025510788 0.03342000022530556 0.02100000154972076
v -0.02792000025510788 0.03660757467150688 0.02151727300882339
v 0.02792000025510788 0.03342000022530556 0.02100000154972076
v -0.02792000025510788 0.03342000022530556 0.02100000154972076
v -0.02792000025510788 0.03660757467150688 0.02151727300882339
v -0.02792000025510788 0.03660757467150688 0.02151727300882339
v -0.02792000025510788 0.03342000022530556 0.02100000154972076
v -0.03095923364162445 0.03645923361182213 0.02196229618787765
v -0.02792000025510788 0.03342000022530556 0.02100000154972076
v -0.031107576563954353 0.03342000022530556 0.02151727300882339
v -0.03095923364162445 0.03645923361182213 0.02196229618787765
v -0.03095923364162445 0.03645923361182213 0.02196229618787765
v -0.031107576563954353 0.03342000022530556 0.02151727300882339
v -0.033307988196611404 0.03611399233341217 0.022998020023107524
v -0.031107576563954353 0.03342000022530556 0.02151727300882339
v -0.03351137787103653 0.03342000022530556 0.022692933648824687
v -0.033307988196611404 0.03611399233341217 0.022998020023107524
v -0.033307988196611404 0.03611399233341217 0.022998020023107524
v -0.03351137787103653 0.03342000022530556 0.022692933648824687
v -0.034857530146837234 0.035732511430978775 0.02414246645569801
v -0.03351137787103653 0.03342000022530556 0.022692933648824687
v -0.035047635436058044 0.03342000022530556 0.023952364891767497
v -0.034857530146837234 0.035732511430978775 0.02414246645569801
v 0.035047635436058044 0.03342000022530556 0.023952364891767497
v 0.035047635436058044 -0.03342000022530556 0.023952364891767497
v 0.03351137787103653 0.03342000022530556 0.022692933648824687
v 0.035047635436058044 -0.03342000022530556 0.023952364891767497
v 0.03351137787103653 -0.03342000022530556 0.022692933648824687
v 0.03351137787103653 0.03342000022530556 0.022692933648824687
v 0.03351137787103653 0.03342000022530556 0.022692933648824687
v 0.03351137787103653 -0.03342000022530556 0.022692933648824687
v 0.031107576563954353 0.03342000022530556 0.02151727300882339
v 0.03351137787103653 -0.03342000022530556 0.022692933648824687
v 0.031107576563954353 -0.03342000022530556 0.02151727300882339
v 0.031107576563954353 0.03342000022530556 0.02151727300882339
v 0.031107576563954353 0.03342000022530556 0.02151727300882339
v 0.031107576563954353 -0.03342000022530556 0.02151727300882339
v 0.02792000025510788 0.03342000022530556 0.02100000154972076
v 0.031107576563954353 -0.03342000022530556 0.02151727300882339
v 0.02792000025510788 -0.03342000022530556 0.02100000154972076
v 0.02792000025510788 0.03342000022530556 0.02100000154972076
v 0.02792000025510788 0.03342000022530556 0.02100000154972076
v 0.02792000025510788 -0.03342000022530556 0.02100000154972076
v -0.02792000025510788 0.03342000022530556 0.02100000154972076
v 0.02792000025510788 -0.03342000022530556 0.02100000154972076
v -0.02792000025510788 -0.03342000022530556 0.02100000154972076
v -0.02792000025510788 0.03342000022530556 0.02100000154972076
v -0.02792000025510788 0.03342000022530556 0.02100000154972076
v -0.02792000025510788 -0.03342000022530556 0.02100000154972076
v -0.031107576563954353 0.03342000022530556 0.02151727300882339
v -0.02792000025510788 -0.03342000022530556 0.02100000154972076
v -0.031107576563954353 -0.03342000022530556 0.02151727300882339
v -0.031107576563954353 0.03342000022530556 0.02151727300882339
v -0.031107576563954353 0.03342000022530556 0.02151727300882339
v -0.031107576563954353 -0.03342000022530556 0.02151727300882339
v -0.03351137787103653 0.03342000022530556 0.022692933648824687
v -0.031107576563954353 -0.03342000022530556 0.02151727300882339
v -0.03351137787103653 -0.03342000022530556 0.022692933648824687
v -0.03351137787103653 0.03342000022530556 0.022692933648824687
v -0.03351137787103653 0.03342000022530556 0.022692933648824687
v -0.03351137787103653 -0.03342000022530556 0.022692933648824687
v -0.035047635436058044 0.03342000022530556 0.023952364891767497
v -0.03351137787103653 -0.03342000022530556 0.022692933648824687
v -0.035047635436058044 -0.03342000022530556 0.023952364891767497
v -0.035047635436058044 0.03342000022530556 0.023952364891767497
v 0.035047635436058044 -0.03342000022530556 0.023952364891767497
v 0.034857530146837234 -0.035732511430978775 0.02414246645569801
v 0.03351137787103653 -0.03342000022530556 0.022692933648824687
v 0.034857530146837234 -0.035732511430978775 0.02414246645569801
v 0.033307988196611404 -0.03611399233341217 0.022998020023107524
v 0.03351137787103653 -0.03342000022530556 0.022692933648824687
v 0.03351137787103653 -0.03342000022530556 0.022692933648824687
v 0.033307988196611404 -0.03611399233341217 0.022998020023107524
v 0.031107576563954353 -0.03342000022530556 0.02151727300882339
v 0.033307988196611404 -0.03611399233341217 0.022998020023107524
v 0.03095923364162445 -0.03645923361182213 0.02196229618787765
v 0.031107576563954353 -0.03342000022530556 0.02151727300882339
v 0.031107576563954353 -0.03342000022530556 0.02151727300882339
v 0.03095923364162445 -0.03645923361182213 0.02196229618787765
v 0.02792000025510788 -0.03342000022530556 0.02100000154972076
v 0.03095923364162445 -0.03645923361182213 0.02196229618787765
v 0.02792000025510788 -0.03660757467150688 0.02151727300882339
v 0.02792000025510788 -0.03342000022530556 0.02100000154972076
v 0.02792000025510788 -0.03342000022530556 0.02100000154972076
v 0.02792000025510788 -0.03660757467150688 0.02151727300882339
v -0.02792000025510788 -0.03342000022530556 0.02100000154972076
v 0.02792000025510788 -0.03660757467150688 0.02151727300882339
v -0.02792000025510788 -0.03660757467150688 0.02151727300882339
v -0.02792000025510788 -0.03342000022530556 0.02100000154972076
v -0.02792000025510788 -0.03342000022530556 0.02100000154972076
v -0.02792000025510788 -0.03660757467150688 0.02151727300882339
v -0.031107576563954353 -0.03342000022530556 0.02151727300882339
v -0.02792000025510788 -0.03660757467150688 0.02151727300882339
v -0.03095923364162445 -0.03645923361182213 0.02196229618787765
v -0.031107576563954353 -0.03342000022530556 0.02151727300882339
v -0.031107576563954353 -0.03342000022530556 0.02151727300882339
v -0.03095923364162445 -0.03645923361182213 0.02196229618787765
v -0.03351137787103653 -0.03342000022530556 0.022692933648824687
v -0.03095923364162445 -0.03645923361182213 0.02196229618787765
v -0.033307988196611404 -0.03611399233341217 0.022998020023107524
v -0.03351137787103653 -0.03342000022530556 0.022692933648824687
v -0.03351137787103653 -0.03342000022530556 0.022692933648824687
v -0.033307988196611404 -0.03611399233341217 0.022998020023107524
v -0.035047635436058044 -0.03342000022530556 0.023952364891767497
v -0.033307988196611404 -0.03611399233341217 0.022998020023107524
v -0.034857530146837234 -0.035732511430978775 0.02414246645569801
v -0.035047635436058044 -0.03342000022530556 0.023952364891767497
v 0.034857530146837234 -0.035732511430978775 0.02414246645569801
v 0.034367188811302185 -0.03771812468767166 0.024632811516523356
v 0.033307988196611404 -0.03611399233341217 0.022998020023107524
v 0.034367188811302185 -0.03771812468767166 0.024632811516523356
v 0.03280951827764511 -0.03830951824784279 0.023745723038911815
v 0.033307988196611404 -0.03611399233341217 0.022998020023107524
v 0.033307988196611404 -0.03611399233341217 0.022998020023107524
v 0.03280951827764511 -0.03830951824784279 0.023745723038911815
v 0.03095923364162445 -0.03645923361182213 0.02196229618787765
v 0.03280951827764511 -0.03830951824784279 0.023745723038911815
v 0.030613994225859642 -0.03880798816680908 0.022998020023107524
v 0.03095923364162445 -0.03645923361182213 0.02196229618787765
v 0.03095923364162445 -0.03645923361182213 0.02196229618787765
v 0.030613994225859642 -0.03880798816680908 0.022998020023107524
v 0.02792000025510788 -0.03660757467150688 0.02151727300882339
v 0.030613994225859642 -0.03880798816680908 0.022998020023107524
v 0.02792000025510788 -0.03901137784123421 0.022692933648824687
v 0.02792000025510788 -0.03660757467150688 0.02151727300882339
v 0.02792000025510788 -0.03660757467150688 0.02151727300882339
v 0.02792000025510788 -0.03901137784123421 0.022692933648824687
v -0.02792000025510788 -0.03660757467150688 0.02151727300882339
v 0.02792000025510788 -0.03901137784123421 0.022692933648824687
v -0.02792000025510788 -0.03901137784123421 0.022692933648824687
v -0.02792000025510788 -0.03660757467150688 0.02151727300882339
v -0.02792000025510788 -0.03660757467150688 0.02151727300882339
v -0.02792000025510788 -0.03901137784123421 0.022692933648824687
v -0.03095923364162445 -0.03645923361182213 0.02196229618787765
v -0.02792000025510788 -0.03901137784123421 0.022692933648824687
v -0.030613994225859642 -0.03880798816680908 0.022998020023107524
v -0.03095923364162445 -0.03645923361182213 0.02196229618787765
v -0.03095923364162445 -0.03645923361182213 0.02196229618787765
v -0.030613994225859642 -0.03880798816680908 0.022998020023107524
v -0.033307988196611404 -0.03611399233341217 0.022998020023107524
v -0.030613994225859642 -0.03880798816680908 0.022998020023107524
v -0.03280951827764511 -0.03830951824784279 0.023745723038911815
v -0.033307988196611404 -0.03611399233341217 0.022998020023107524
v -0.033307988196611404 -0.03611399233341217 0.022998020023107524
v -0.03280951827764511 -0.03830951824784279 0.023745723038911815
v -0.034857530146837234 -0.035732511430978775 0.02414246645569801
v -0.03280951827764511 -0.03830951824784279 0.023745723038911815
v -0.034367188811302185 -0.03771812468767166 0.024632811516523356
v -0.034857530146837234 -0.035732511430978775 0.02414246645569801
v 0.034367188811302185 -0.03771812468767166 0.024632811516523356
v 0.033739689737558365 -0.03923968970775604 0.025260310590267177
v 0.03280951827764511 -0.03830951824784279 0.023745723038911815
v 0.033739689737558365 -0.03923968970775604 0.025260310590267177
v 0.032218124717473984 -0.03986718878149986 0.024632811516523356
v 0.03280951827764511 -0.03830951824784279 0.023745723038911815
v 0.03280951827764511 -0.03830951824784279 0.023745723038911815
v 0.032218124717473984 -0.03986718878149986 0.024632811516523356
v 0.030613994225859642 -0.03880798816680908 0.022998020023107524
v 0.032218124717473984 -0.03986718878149986 0.024632811516523356
v 0.030232511460781097 -0.04035753011703491 0.02414246645569801
v 0.030613994225859642 -0.03880798816680908 0.022998020023107524
v 0.030613994225859642 -0.03880798816680908 0.022998020023107524
v 0.030232511460781097 -0.04035753011703491 0.02414246645569801
v 0.02792000025510788 -0.03901137784123421 0.022692933648824687
v 0.030232511460781097 -0.04035753011703491 0.02414246645569801
v 0.02792000025510788 -0.04054763540625572 0.023952364891767497
v 0.02792000025510788 -0.03901137784123421 0.022692933648824687
v 0.02792000025510788 -0.03901137784123421 0.022692933648824687
v 0.02792000025510788 -0.04054763540625572 0.023952364891767497
v -0.02792000025510788 -0.03901137784123421 0.022692933648824687
v 0.02792000025510788 -0.04054763540625572 0.023952364891767497
v -0.02792000025510788 -0.04054763540625572 0.023952364891767497
v -0.02792000025510788 -0.03901137784123421 0.022692933648824687
v -0.02792000025510788 -0.03901137784123421 0.022692933648824687
v -0.02792000025510788 -0.04054763540625572 0.023952364891767497
v -0.030613994225859642 -0.03880798816680908 0.022998020023107524
v -0.02792000025510788 -0.04054763540625572 0.023952364891767497
v -0.030232511460781097 -0.04035753011703491 0.02414246645569801
v -0.030613994225859642 -0.03880798816680908 0.022998020023107524
v -0.030613994225859642 -0.03880798816680908 0.022998020023107524
v -0.030232511460781097 -0.04035753011703491 0.02414246645569801
v -0.03280951827764511 -0.03830951824784279 0.023745723038911815
v -0.030232511460781097 -0.04035753011703491 0.02414246645569801
v -0.032218124717473984 -0.03986718878149986 0.024632811516523356
v -0.03280951827764511 -0.03830951824784279 0.023745723038911815
v -0.03280951827764511 -0.03830951824784279 0.023745723038911815
v -0.032218124717473984 -0.03986718878149986 0.024632811516523356
v -0.034367188811302185 -0.03771812468767166 0.024632811516523356
v -0.032218124717473984 -0.03986718878149986 0.024632811516523356
v -0.033739689737558365 -0.03923968970775604 0.025260310590267177
v -0.034367188811302185 -0.03771812468767166 0.024632811516523356
vt 0 1
vt 0 0.9759324789047241
vt 0.029402105137705803 1
vt 0 0.9759324789047241
vt 0.029402105137705803 0.9759324789047241
vt 0.029402105137705803 1
vt 0.029402105137705803 1
vt 0.029402105137705803 0.9759324789047241
vt 0.06906040012836456 1
vt 0.029402105137705803 0.9759324789047241
vt 0.06906040012836456 0.9759324789047241
vt 0.06906040012836456 1
vt 0.06906040012836456 1
vt 0.06906040012836456 0.9759324789047241
vt 0.11698520928621292 1
vt 0.06906040012836456 0.9759324789047241
vt 0.11698520928621292 0.9759324789047241
vt 0.11698520928621292 1
vt 0.11698520928621292 1
vt 0.11698520928621292 0.9759324789047241
vt 0.8830147981643677 1
vt 0.11698520928621292 0.9759324789047241
vt 0.8830147981643677 0.9759324789047241
vt 0.8830147981643677 1
vt 0.8830147981643677 1
vt 0.8830147981643677 0.9759324789047241
vt 0.9309396147727966 1
vt 0.8830147981643677 0.9759324789047241
vt 0.9309396147727966 0.9759324789047241
vt 0.9309396147727966 1
vt 0.9309396147727966 1
vt 0.9309396147727966 0.9759324789047241
vt 0.9705979228019714 1
vt 0.9309396147727966 0.9759324789047241
vt 0.9705979228019714 0.9759324789047241
vt 0.9705979228019714 1
vt 0.9705979228019714 1
vt 0.9705979228019714 0.9759324789047241
vt 1 1
vt 0.9705979228019714 0.9759324789047241
vt 1 0.9759324789047241
vt 1 1
vt 0 0.9759324789047241
vt 0 0.9434696435928345
vt 0.029402105137705803 0.9759324789047241
vt 0 0.9434696435928345
vt 0.029402105137705803 0.9434696435928345
vt 0.029402105137705803 0.9759324789047241
vt 0.029402105137705803 0.9759324789047241
vt 0.029402105137705803 0.9434696435928345
vt 0.06906040012836456 0.9759324789047241
vt 0.029402105137705803 0.9434696435928345
vt 0.06906040012836456 0.9434696435928345
vt 0.06906040012836456 0.9759324789047241
vt 0.06906040012836456 0.9759324789047241
vt 0.06906040012836456 0.9434696435928345
vt 0.11698520928621292 0.9759324789047241
vt 0.06906040012836456 0.9434696435928345
vt 0.11698520928621292 0.9434696435928345
vt 0.11698520928621292 0.9759324789047241
vt 0.11698520928621292 0.9759324789047241
vt 0.11698520928621292 0.9434696435928345
vt 0.8830147981643677 0.9759324789047241
vt 0.11698520928621292 0.9434696435928345
vt 0.8830147981643677 0.9434696435928345
vt 0.8830147981643677 0.9759324789047241
vt 0.8830147981643677 0.9759324789047241
vt 0.8830147981643677 0.9434696435928345
vt 0.9309396147727966 0.9759324789047241
vt 0.8830147981643677 0.9434696435928345
vt 0.9309396147727966 0.9434696435928345
vt 0.9309396147727966 0.9759324789047241
vt 0.9309396147727966 0.9759324789047241
vt 0.9309396147727966 0.9434696435928345
vt 0.9705979228019714 0.9759324789047241
vt 0.9309396147727966 0.9434696435928345
vt 0.9705979228019714 0.9434696435928345
vt 0.9705979228019714 0.9759324789047241
vt 0.9705979228019714 0.9759324789047241
vt 0.9705979228019714 0.9434696435928345
vt 1 0.9759324789047241
vt 0.9705979228019714 0.9434696435928345
vt 1 0.9434696435928345
vt 1 0.9759324789047241
vt 0 0.9434696435928345
vt 0 0.9042401313781738
vt 0.029402105137705803 0.9434696435928345
vt 0 0.9042401313781738
vt 0.029402105137705803 0.9042401313781738
vt 0.029402105137705803 0.9434696435928345
vt 0.029402105137705803 0.9434696435928345
vt 0.029402105137705803 0.9042401313781738
vt 0.06906040012836456 0.9434696435928345
vt 0.029402105137705803 0.9042401313781738
vt 0.06906040012836456 0.9042401313781738
vt 0.06906040012836456 0.9434696435928345
vt 0.06906040012836456 0.9434696435928345
vt 0.06906040012836456 0.9042401313781738
vt 0.11698520928621292 0.9434696435928345
vt 0.06906040012836456 0.9042401313781738
vt 0.11698520928621292 0.9042401313781738
vt 0.11698520928621292 0.9434696435928345
vt 0.11698520928621292 0.9434696435928345
vt 0.11698520928621292 0.9042401313781738
vt 0.8830147981643677 0.9434696435928345
vt 0.11698520928621292 0.9042401313781738
vt 0.8830147981643677 0.9042401313781738
vt 0.8830147981643677 0.9434696435928345
vt 0.8830147981643677 0.9434696435928345
vt 0.8830147981643677 0.9042401313781738
vt 0.9309396147727966 0.9434696435928345
vt 0.8830147981643677 0.9042401313781738
vt 0.9309396147727966 0.9042401313781738
vt 0.9309396147727966 0.9434696435928345
vt 0.9309396147727966 0.9434696435928345
vt 0.9309396147727966 0.9042401313781738
vt 0.9705979228019714 0.9434696435928345
vt 0.9309396147727966 0.9042401313781738
vt 0.9705979228019714 0.9042401313781738
vt 0.9705979228019714 0.9434696435928345
vt 0.9705979228019714 0.9434696435928345
vt 0.9705979228019714 0.9042401313781738
vt 1 0.9434696435928345
vt 0.9705979228019714 0.9042401313781738
vt 1 0.9042401313781738
vt 1 0.9434696435928345
vt 0 0.9042401313781738
vt 0 0.09575983881950378
vt 0.029402105137705803 0.9042401313781738
vt 0 0.09575983881950378
vt 0.029402105137705803 0.09575983881950378
vt 0.029402105137705803 0.9042401313781738
vt 0.029402105137705803 0.9042401313781738
vt 0.029402105137705803 0.09575983881950378
vt 0.06906040012836456 0.9042401313781738
vt 0.029402105137705803 0.09575983881950378
vt 0.06906040012836456 0.09575983881950378
vt 0.06906040012836456 0.9042401313781738
vt 0.06906040012836456 0.9042401313781738
vt 0.06906040012836456 0.09575983881950378
vt 0.11698520928621292 0.9042401313781738
vt 0.06906040012836456 0.09575983881950378
vt 0.11698520928621292 0.09575983881950378
vt 0.11698520928621292 0.9042401313781738
vt 0.11698520928621292 0.9042401313781738
vt 0.11698520928621292 0.09575983881950378
vt 0.8830147981643677 0.9042401313781738
vt 0.11698520928621292 0.09575983881950378
vt 0.8830147981643677 0.09575983881950378
vt 0.8830147981643677 0.9042401313781738
vt 0.8830147981643677 0.9042401313781738
vt 0.8830147981643677 0.09575983881950378
vt 0.9309396147727966 0.9042401313781738
vt 0.8830147981643677 0.09575983881950378
vt 0.9309396147727966 0.09575983881950378
vt 0.9309396147727966 0.9042401313781738
vt 0.9309396147727966 0.9042401313781738
vt 0.9309396147727966 0.09575983881950378
vt 0.9705979228019714 0.9042401313781738
vt 0.9309396147727966 0.09575983881950378
vt 0.9705979228019714 0.09575983881950378
vt 0.9705979228019714 0.9042401313781738
vt 0.9705979228019714 0.9042401313781738
vt 0.9705979228019714 0.09575983881950378
vt 1 0.9042401313781738
vt 0.9705979228019714 0.09575983881950378
vt 1 0.09575983881950378
vt 1 0.9042401313781738
vt 0 0.09575983881950378
vt 0 0.05653033405542374
vt 0.029402105137705803 0.09575983881950378
vt 0 0.05653033405542374
vt 0.029402105137705803 0.05653033405542374
vt 0.029402105137705803 0.09575983881950378
vt 0.029402105137705803 0.09575983881950378
vt 0.029402105137705803 0.05653033405542374
vt 0.06906040012836456 0.09575983881950378
vt 0.029402105137705803 0.05653033405542374
vt 0.06906040012836456 0.05653033405542374
vt 0.06906040012836456 0.09575983881950378
vt 0.06906040012836456 0.09575983881950378
vt 0.06906040012836456 0.05653033405542374
vt 0.11698520928621292 0.09575983881950378
vt 0.06906040012836456 0.05653033405542374
vt 0.11698520928621292 0.05653033405542374
vt 0.11698520928621292 0.09575983881950378
vt 0.11698520928621292 0.09575983881950378
vt 0.11698520928621292 0.05653033405542374
vt 0.8830147981643677 0.09575983881950378
vt 0.11698520928621292 0.05653033405542374
vt 0.8830147981643677 0.05653033405542374
vt 0.8830147981643677 0.09575983881950378
vt 0.8830147981643677 0.09575983881950378
vt 0.8830147981643677 0.05653033405542374
vt 0.9309396147727966 0.09575983881950378
vt 0.8830147981643677 0.05653033405542374
vt 0.9309396147727966 0.05653033405542374
vt 0.9309396147727966 0.09575983881950378
vt 0.9309396147727966 0.09575983881950378
vt 0.9309396147727966 0.05653033405542374
vt 0.9705979228019714 0.09575983881950378
vt 0.9309396147727966 0.05653033405542374
vt 0.9705979228019714 0.05653033405542374
vt 0.9705979228019714 0.09575983881950378
vt 0.9705979228019714 0.09575983881950378
vt 0.9705979228019714 0.05653033405542374
vt 1 0.09575983881950378
vt 0.9705979228019714 0.05653033405542374
vt 1 0.05653033405542374
vt 1 0.09575983881950378
vt 0 0.05653033405542374
vt 0 0.02406749501824379
vt 0.029402105137705803 0.05653033405542374
vt 0 0.02406749501824379
vt 0.029402105137705803 0.02406749501824379
vt 0.029402105137705803 0.05653033405542374
vt 0.029402105137705803 0.05653033405542374
vt 0.029402105137705803 0.02406749501824379
vt 0.06906040012836456 0.05653033405542374
vt 0.029402105137705803 0.02406749501824379
vt 0.06906040012836456 0.02406749501824379
vt 0.06906040012836456 0.05653033405542374
vt 0.06906040012836456 0.05653033405542374
vt 0.06906040012836456 0.02406749501824379
vt 0.11698520928621292 0.05653033405542374
vt 0.06906040012836456 0.02406749501824379
vt 0.11698520928621292 0.02406749501824379
vt 0.11698520928621292 0.05653033405542374
vt 0.11698520928621292 0.05653033405542374
vt 0.11698520928621292 0.02406749501824379
vt 0.8830147981643677 0.05653033405542374
vt 0.11698520928621292 0.02406749501824379
vt 0.8830147981643677 0.02406749501824379
vt 0.8830147981643677 0.05653033405542374
vt 0.8830147981643677 0.05653033405542374
vt 0.8830147981643677 0.02406749501824379
vt 0.9309396147727966 0.05653033405542374
vt 0.8830147981643677 0.02406749501824379
vt 0.9309396147727966 0.02406749501824379
vt 0.9309396147727966 0.05653033405542374
vt 0.9309396147727966 0.05653033405542374
vt 0.9309396147727966 0.02406749501824379
vt 0.9705979228019714 0.05653033405542374
vt 0.9309396147727966 0.02406749501824379
vt 0.9705979228019714 0.02406749501824379
vt 0.9705979228019714 0.05653033405542374
vt 0.9705979228019714 0.05653033405542374
vt 0.9705979228019714 0.02406749501824379
vt 1 0.05653033405542374
vt 0.9705979228019714 0.02406749501824379
vt 1 0.02406749501824379
vt 1 0.05653033405542374
vt 0 0.02406749501824379
vt 0 0
vt 0.029402105137705803 0.02406749501824379
vt 0 0
vt 0.029402105137705803 0
vt 0.029402105137705803 0.02406749501824379
vt 0.029402105137705803 0.02406749501824379
vt 0.029402105137705803 0
vt 0.06906040012836456 0.02406749501824379
vt 0.029402105137705803 0
vt 0.06906040012836456 0
vt 0.06906040012836456 0.02406749501824379
vt 0.06906040012836456 0.02406749501824379
vt 0.06906040012836456 0
vt 0.11698520928621292 0.02406749501824379
vt 0.06906040012836456 0
vt 0.11698520928621292 0
vt 0.11698520928621292 0.02406749501824379
vt 0.11698520928621292 0.02406749501824379
vt 0.11698520928621292 0
vt 0.8830147981643677 0.02406749501824379
vt 0.11698520928621292 0
vt 0.8830147981643677 0
vt 0.8830147981643677 0.02406749501824379
vt 0.8830147981643677 0.02406749501824379
vt 0.8830147981643677 0
vt 0.9309396147727966 0.02406749501824379
vt 0.8830147981643677 0
vt 0.9309396147727966 0
vt 0.9309396147727966 0.02406749501824379
vt 0.9309396147727966 0.02406749501824379
vt 0.9309396147727966 0
vt 0.9705979228019714 0.02406749501824379
vt 0.9309396147727966 0
vt 0.9705979228019714 0
vt 0.9705979228019714 0.02406749501824379
vt 0.9705979228019714 0.02406749501824379
vt 0.9705979228019714 0
vt 1 0.02406749501824379
vt 0.9705979228019714 0
vt 1 0
vt 1 0.02406749501824379
vt 1.1102230246251565e-16 1
vt 1.1102230246251565e-16 0.9759324789047241
vt 0.029402105137705803 1
vt 1.1102230246251565e-16 0.9759324789047241
vt 0.029402105137705803 0.9759324789047241
vt 0.029402105137705803 1
vt 0.029402105137705803 1
vt 0.029402105137705803 0.9759324789047241
vt 0.06906040012836456 1
vt 0.029402105137705803 0.9759324789047241
vt 0.06906040012836456 0.9759324789047241
vt 0.06906040012836456 1
vt 0.06906040012836456 1
vt 0.06906040012836456 0.9759324789047241
vt 0.11698520928621292 1
vt 0.06906040012836456 0.9759324789047241
vt 0.11698520928621292 0.9759324789047241
vt 0.11698520928621292 1
vt 0.11698520928621292 1
vt 0.11698520928621292 0.9759324789047241
vt 0.8830147981643677 1
vt 0.11698520928621292 0.9759324789047241
vt 0.8830147981643677 0.9759324789047241
vt 0.8830147981643677 1
vt 0.8830147981643677 1
vt 0.8830147981643677 0.9759324789047241
vt 0.9309396147727966 1
vt 0.8830147981643677 0.9759324789047241
vt 0.9309396147727966 0.9759324789047241
vt 0.9309396147727966 1
vt 0.9309396147727966 1
vt 0.9309396147727966 0.9759324789047241
vt 0.9705979228019714 1
vt 0.9309396147727966 0.9759324789047241
vt 0.9705979228019714 0.9759324789047241
vt 0.9705979228019714 1
vt 0.9705979228019714 1
vt 0.9705979228019714 0.9759324789047241
vt 1 1
vt 0.9705979228019714 0.9759324789047241
vt 1 0.9759324789047241
vt 1 1
vt 1.1102230246251565e-16 0.9759324789047241
vt 1.1102230246251565e-16 0.9434696435928345
vt 0.029402105137705803 0.9759324789047241
vt 1.1102230246251565e-16 0.9434696435928345
vt 0.029402105137705803 0.9434696435928345
vt 0.029402105137705803 0.9759324789047241
vt 0.029402105137705803 0.9759324789047241
vt 0.029402105137705803 0.9434696435928345
vt 0.06906040012836456 0.9759324789047241
vt 0.029402105137705803 0.9434696435928345
vt 0.06906040012836456 0.9434696435928345
vt 0.06906040012836456 0.9759324789047241
vt 0.06906040012836456 0.9759324789047241
vt 0.06906040012836456 0.9434696435928345
vt 0.11698520928621292 0.9759324789047241
vt 0.06906040012836456 0.9434696435928345
vt 0.11698520928621292 0.9434696435928345
vt 0.11698520928621292 0.9759324789047241
vt 0.11698520928621292 0.9759324789047241
vt 0.11698520928621292 0.9434696435928345
vt 0.8830147981643677 0.9759324789047241
vt 0.11698520928621292 0.9434696435928345
vt 0.8830147981643677 0.9434696435928345
vt 0.8830147981643677 0.9759324789047241
vt 0.8830147981643677 0.9759324789047241
vt 0.8830147981643677 0.9434696435928345
vt 0.9309396147727966 0.9759324789047241
vt 0.8830147981643677 0.9434696435928345
vt 0.9309396147727966 0.9434696435928345
vt 0.9309396147727966 0.9759324789047241
vt 0.9309396147727966 0.9759324789047241
vt 0.9309396147727966 0.9434696435928345
vt 0.9705979228019714 0.9759324789047241
vt 0.9309396147727966 0.9434696435928345
vt 0.9705979228019714 0.9434696435928345
vt 0.9705979228019714 0.9759324789047241
vt 0.9705979228019714 0.9759324789047241
vt 0.9705979228019714 0.9434696435928345
vt 1 0.9759324789047241
vt 0.9705979228019714 0.9434696435928345
vt 1 0.9434696435928345
vt 1 0.9759324789047241
vt 1.1102230246251565e-16 0.9434696435928345
vt 1.1102230246251565e-16 0.9042401313781738
vt 0.029402105137705803 0.9434696435928345
vt 1.1102230246251565e-16 0.9042401313781738
vt 0.029402105137705803 0.9042401313781738
vt 0.029402105137705803 0.9434696435928345
vt 0.029402105137705803 0.9434696435928345
vt 0.029402105137705803 0.9042401313781738
vt 0.06906040012836456 0.9434696435928345
vt 0.029402105137705803 0.9042401313781738
vt 0.06906040012836456 0.9042401313781738
vt 0.06906040012836456 0.9434696435928345
vt 0.06906040012836456 0.9434696435928345
vt 0.06906040012836456 0.9042401313781738
vt 0.11698520928621292 0.9434696435928345
vt 0.06906040012836456 0.9042401313781738
vt 0.11698520928621292 0.9042401313781738
vt 0.11698520928621292 0.9434696435928345
vt 0.11698520928621292 0.9434696435928345
vt 0.11698520928621292 0.9042401313781738
vt 0.8830147981643677 0.9434696435928345
vt 0.11698520928621292 0.9042401313781738
vt 0.8830147981643677 0.9042401313781738
vt 0.8830147981643677 0.9434696435928345
vt 0.8830147981643677 0.9434696435928345
vt 0.8830147981643677 0.9042401313781738
vt 0.9309396147727966 0.9434696435928345
vt 0.8830147981643677 0.9042401313781738
vt 0.9309396147727966 0.9042401313781738
vt 0.9309396147727966 0.9434696435928345
vt 0.9309396147727966 0.9434696435928345
vt 0.9309396147727966 0.9042401313781738
vt 0.9705979228019714 0.9434696435928345
vt 0.9309396147727966 0.9042401313781738
vt 0.9705979228019714 0.9042401313781738
vt 0.9705979228019714 0.9434696435928345
vt 0.9705979228019714 0.9434696435928345
vt 0.9705979228019714 0.9042401313781738
vt 1 0.9434696435928345
vt 0.9705979228019714 0.9042401313781738
vt 1 0.9042401313781738
vt 1 0.9434696435928345
vt 1.1102230246251565e-16 0.9042401313781738
vt 1.1102230246251565e-16 0.09575983881950378
vt 0.029402105137705803 0.9042401313781738
vt 1.1102230246251565e-16 0.09575983881950378
vt 0.029402105137705803 0.09575983881950378
vt 0.029402105137705803 0.9042401313781738
vt 0.029402105137705803 0.9042401313781738
vt 0.029402105137705803 0.09575983881950378
vt 0.06906040012836456 0.9042401313781738
vt 0.029402105137705803 0.09575983881950378
vt 0.06906040012836456 0.09575983881950378
vt 0.06906040012836456 0.9042401313781738
vt 0.06906040012836456 0.9042401313781738
vt 0.06906040012836456 0.09575983881950378
vt 0.11698520928621292 0.9042401313781738
vt 0.06906040012836456 0.09575983881950378
vt 0.11698520928621292 0.09575983881950378
vt 0.11698520928621292 0.9042401313781738
vt 0.11698520928621292 0.9042401313781738
vt 0.11698520928621292 0.09575983881950378
vt 0.8830147981643677 0.9042401313781738
vt 0.11698520928621292 0.09575983881950378
vt 0.8830147981643677 0.09575983881950378
vt 0.8830147981643677 0.9042401313781738
vt 0.8830147981643677 0.9042401313781738
vt 0.8830147981643677 0.09575983881950378
vt 0.9309396147727966 0.9042401313781738
vt 0.8830147981643677 0.09575983881950378
vt 0.9309396147727966 0.09575983881950378
vt 0.9309396147727966 0.9042401313781738
vt 0.9309396147727966 0.9042401313781738
vt 0.9309396147727966 0.09575983881950378
vt 0.9705979228019714 0.9042401313781738
vt 0.9309396147727966 0.09575983881950378
vt 0.9705979228019714 0.09575983881950378
vt 0.9705979228019714 0.9042401313781738
vt 0.9705979228019714 0.9042401313781738
vt 0.9705979228019714 0.09575983881950378
vt 1 0.9042401313781738
vt 0.9705979228019714 0.09575983881950378
vt 1 0.09575983881950378
vt 1 0.9042401313781738
vt 1.1102230246251565e-16 0.09575983881950378
vt 1.1102230246251565e-16 0.05653033405542374
vt 0.029402105137705803 0.09575983881950378
vt 1.1102230246251565e-16 0.05653033405542374
vt 0.029402105137705803 0.05653033405542374
vt 0.029402105137705803 0.09575983881950378
vt 0.029402105137705803 0.09575983881950378
vt 0.029402105137705803 0.05653033405542374
vt 0.06906040012836456 0.09575983881950378
vt 0.029402105137705803 0.05653033405542374
vt 0.06906040012836456 0.05653033405542374
vt 0.06906040012836456 0.09575983881950378
vt 0.06906040012836456 0.09575983881950378
vt 0.06906040012836456 0.05653033405542374
vt 0.11698520928621292 0.09575983881950378
vt 0.06906040012836456 0.05653033405542374
vt 0.11698520928621292 0.05653033405542374
vt 0.11698520928621292 0.09575983881950378
vt 0.11698520928621292 0.09575983881950378
vt 0.11698520928621292 0.05653033405542374
vt 0.8830147981643677 0.09575983881950378
vt 0.11698520928621292 0.05653033405542374
vt 0.8830147981643677 0.05653033405542374
vt 0.8830147981643677 0.09575983881950378
vt 0.8830147981643677 0.09575983881950378
vt 0.8830147981643677 0.05653033405542374
vt 0.9309396147727966 0.09575983881950378
vt 0.8830147981643677 0.05653033405542374
vt 0.9309396147727966 0.05653033405542374
vt 0.9309396147727966 0.09575983881950378
vt 0.9309396147727966 0.09575983881950378
vt 0.9309396147727966 0.05653033405542374
vt 0.9705979228019714 0.09575983881950378
vt 0.9309396147727966 0.05653033405542374
vt 0.9705979228019714 0.05653033405542374
vt 0.9705979228019714 0.09575983881950378
vt 0.9705979228019714 0.09575983881950378
vt 0.9705979228019714 0.05653033405542374
vt 1 0.09575983881950378
vt 0.9705979228019714 0.05653033405542374
vt 1 0.05653033405542374
vt 1 0.09575983881950378
vt 1.1102230246251565e-16 0.05653033405542374
vt 1.1102230246251565e-16 0.02406749501824379
vt 0.029402105137705803 0.05653033405542374
vt 1.1102230246251565e-16 0.02406749501824379
vt 0.029402105137705803 0.02406749501824379
vt 0.029402105137705803 0.05653033405542374
vt 0.029402105137705803 0.05653033405542374
vt 0.029402105137705803 0.02406749501824379
vt 0.06906040012836456 0.05653033405542374
vt 0.029402105137705803 0.02406749501824379
vt 0.06906040012836456 0.02406749501824379
vt 0.06906040012836456 0.05653033405542374
vt 0.06906040012836456 0.05653033405542374
vt 0.06906040012836456 0.02406749501824379
vt 0.11698520928621292 0.05653033405542374
vt 0.06906040012836456 0.02406749501824379
vt 0.11698520928621292 0.02406749501824379
vt 0.11698520928621292 0.05653033405542374
vt 0.11698520928621292 0.05653033405542374
vt 0.11698520928621292 0.02406749501824379
vt 0.8830147981643677 0.05653033405542374
vt 0.11698520928621292 0.02406749501824379
vt 0.8830147981643677 0.02406749501824379
vt 0.8830147981643677 0.05653033405542374
vt 0.8830147981643677 0.05653033405542374
vt 0.8830147981643677 0.02406749501824379
vt 0.9309396147727966 0.05653033405542374
vt 0.8830147981643677 0.02406749501824379
vt 0.9309396147727966 0.02406749501824379
vt 0.9309396147727966 0.05653033405542374
vt 0.9309396147727966 0.05653033405542374
vt 0.9309396147727966 0.02406749501824379
vt 0.9705979228019714 0.05653033405542374
vt 0.9309396147727966 0.02406749501824379
vt 0.9705979228019714 0.02406749501824379
vt 0.9705979228019714 0.05653033405542374
vt 0.9705979228019714 0.05653033405542374
vt 0.9705979228019714 0.02406749501824379
vt 1 0.05653033405542374
vt 0.9705979228019714 0.02406749501824379
vt 1 0.02406749501824379
vt 1 0.05653033405542374
vt 1.1102230246251565e-16 0.02406749501824379
vt 1.1102230246251565e-16 0
vt 0.029402105137705803 0.02406749501824379
vt 1.1102230246251565e-16 0
vt 0.029402105137705803 0
vt 0.029402105137705803 0.02406749501824379
vt 0.029402105137705803 0.02406749501824379
vt 0.029402105137705803 0
vt 0.06906040012836456 0.02406749501824379
vt 0.029402105137705803 0
vt 0.06906040012836456 0
vt 0.06906040012836456 0.02406749501824379
vt 0.06906040012836456 0.02406749501824379
vt 0.06906040012836456 0
vt 0.11698520928621292 0.02406749501824379
vt 0.06906040012836456 0
vt 0.11698520928621292 0
vt 0.11698520928621292 0.02406749501824379
vt 0.11698520928621292 0.02406749501824379
vt 0.11698520928621292 0
vt 0.8830147981643677 0.02406749501824379
vt 0.11698520928621292 0
vt 0.8830147981643677 0
vt 0.8830147981643677 0.02406749501824379
vt 0.8830147981643677 0.02406749501824379
vt 0.8830147981643677 0
vt 0.9309396147727966 0.02406749501824379
vt 0.8830147981643677 0
vt 0.9309396147727966 0
vt 0.9309396147727966 0.02406749501824379
vt 0.9309396147727966 0.02406749501824379
vt 0.9309396147727966 0
vt 0.9705979228019714 0.02406749501824379
vt 0.9309396147727966 0
vt 0.9705979228019714 0
vt 0.9705979228019714 0.02406749501824379
vt 0.9705979228019714 0.02406749501824379
vt 0.9705979228019714 0
vt 1 0.02406749501824379
vt 0.9705979228019714 0
vt 1 0
vt 1 0.02406749501824379
vt 0 1
vt 0 0.9705979228019714
vt 0.027761217206716537 1
vt 0 0.9705979228019714
vt 0.027761217206716537 0.9705979228019714
vt 0.027761217206716537 1
vt 0.027761217206716537 1
vt 0.027761217206716537 0.9705979228019714
vt 0.06520624458789825 1
vt 0.027761217206716537 0.9705979228019714
vt 0.06520624458789825 0.9705979228019714
vt 0.06520624458789825 1
vt 0.06520624458789825 1
vt 0.06520624458789825 0.9705979228019714
vt 0.1104564368724823 1
vt 0.06520624458789825 0.9705979228019714
vt 0.1104564368724823 0.9705979228019714
vt 0.1104564368724823 1
vt 0.1104564368724823 1
vt 0.1104564368724823 0.9705979228019714
vt 0.8895435333251953 1
vt 0.1104564368724823 0.9705979228019714
vt 0.8895435333251953 0.9705979228019714
vt 0.8895435333251953 1
vt 0.8895435333251953 1
vt 0.8895435333251953 0.9705979228019714
vt 0.9347937703132629 1
vt 0.8895435333251953 0.9705979228019714
vt 0.9347937703132629 0.9705979228019714
vt 0.9347937703132629 1
vt 0.9347937703132629 1
vt 0.9347937703132629 0.9705979228019714
vt 0.9722387790679932 1
vt 0.9347937703132629 0.9705979228019714
vt 0.9722387790679932 0.9705979228019714
vt 0.9722387790679932 1
vt 0.9722387790679932 1
vt 0.9722387790679932 0.9705979228019714
vt 1 1
vt 0.9722387790679932 0.9705979228019714
vt 1 0.9705979228019714
vt 1 1
vt 0 0.9705979228019714
vt 0 0.9309396147727966
vt 0.027761217206716537 0.9705979228019714
vt 0 0.9309396147727966
vt 0.027761217206716537 0.9309396147727966
vt 0.027761217206716537 0.9705979228019714
vt 0.027761217206716537 0.9705979228019714
vt 0.027761217206716537 0.9309396147727966
vt 0.06520624458789825 0.9705979228019714
vt 0.027761217206716537 0.9309396147727966
vt 0.06520624458789825 0.9309396147727966
vt 0.06520624458789825 0.9705979228019714
vt 0.06520624458789825 0.9705979228019714
vt 0.06520624458789825 0.9309396147727966
vt 0.1104564368724823 0.9705979228019714
vt 0.06520624458789825 0.9309396147727966
vt 0.1104564368724823 0.9309396147727966
vt 0.1104564368724823 0.9705979228019714
vt 0.1104564368724823 0.9705979228019714
vt 0.1104564368724823 0.9309396147727966
vt 0.8895435333251953 0.9705979228019714
vt 0.1104564368724823 0.9309396147727966
vt 0.8895435333251953 0.9309396147727966
vt 0.8895435333251953 0.9705979228019714
vt 0.8895435333251953 0.9705979228019714
vt 0.8895435333251953 0.9309396147727966
vt 0.9347937703132629 0.9705979228019714
vt 0.8895435333251953 0.9309396147727966
vt 0.9347937703132629 0.9309396147727966
vt 0.9347937703132629 0.9705979228019714
vt 0.9347937703132629 0.9705979228019714
vt 0.9347937703132629 0.9309396147727966
vt 0.9722387790679932 0.9705979228019714
vt 0.9347937703132629 0.9309396147727966
vt 0.9722387790679932 0.9309396147727966
vt 0.9722387790679932 0.9705979228019714
vt 0.9722387790679932 0.9705979228019714
vt 0.9722387790679932 0.9309396147727966
vt 1 0.9705979228019714
vt 0.9722387790679932 0.9309396147727966
vt 1 0.9309396147727966
vt 1 0.9705979228019714
vt 0 0.9309396147727966
vt 0 0.8830147981643677
vt 0.027761217206716537 0.9309396147727966
vt 0 0.8830147981643677
vt 0.027761217206716537 0.8830147981643677
vt 0.027761217206716537 0.9309396147727966
vt 0.027761217206716537 0.9309396147727966
vt 0.027761217206716537 0.8830147981643677
vt 0.06520624458789825 0.9309396147727966
vt 0.027761217206716537 0.8830147981643677
vt 0.06520624458789825 0.8830147981643677
vt 0.06520624458789825 0.9309396147727966
vt 0.06520624458789825 0.9309396147727966
vt 0.06520624458789825 0.8830147981643677
vt 0.1104564368724823 0.9309396147727966
vt 0.06520624458789825 0.8830147981643677
vt 0.1104564368724823 0.8830147981643677
vt 0.1104564368724823 0.9309396147727966
vt 0.1104564368724823 0.9309396147727966
vt 0.1104564368724823 0.8830147981643677
vt 0.8895435333251953 0.9309396147727966
vt 0.1104564368724823 0.8830147981643677
vt 0.8895435333251953 0.8830147981643677
vt 0.8895435333251953 0.9309396147727966
vt 0.8895435333251953 0.9309396147727966
vt 0.8895435333251953 0.8830147981643677
vt 0.9347937703132629 0.9309396147727966
vt 0.8895435333251953 0.8830147981643677
vt 0.9347937703132629 0.8830147981643677
vt 0.9347937703132629 0.9309396147727966
vt 0.9347937703132629 0.9309396147727966
vt 0.9347937703132629 0.8830147981643677
vt 0.9722387790679932 0.9309396147727966
vt 0.9347937703132629 0.8830147981643677
vt 0.9722387790679932 0.8830147981643677
vt 0.9722387790679932 0.9309396147727966
vt 0.9722387790679932 0.9309396147727966
vt 0.9722387790679932 0.8830147981643677
vt 1 0.9309396147727966
vt 0.9722387790679932 0.8830147981643677
vt 1 0.8830147981643677
vt 1 0.9309396147727966
vt 0 0.8830147981643677
vt 0 0.11698520928621292
vt 0.027761217206716537 0.8830147981643677
vt 0 0.11698520928621292
vt 0.027761217206716537 0.11698520928621292
vt 0.027761217206716537 0.8830147981643677
vt 0.027761217206716537 0.8830147981643677
vt 0.027761217206716537 0.11698520928621292
vt 0.06520624458789825 0.8830147981643677
vt 0.027761217206716537 0.11698520928621292
vt 0.06520624458789825 0.11698520928621292
vt 0.06520624458789825 0.8830147981643677
vt 0.06520624458789825 0.8830147981643677
vt 0.06520624458789825 0.11698520928621292
vt 0.1104564368724823 0.8830147981643677
vt 0.06520624458789825 0.11698520928621292
vt 0.1104564368724823 0.11698520928621292
vt 0.1104564368724823 0.8830147981643677
vt 0.1104564368724823 0.8830147981643677
vt 0.1104564368724823 0.11698520928621292
vt 0.8895435333251953 0.8830147981643677
vt 0.1104564368724823 0.11698520928621292
vt 0.8895435333251953 0.11698520928621292
vt 0.8895435333251953 0.8830147981643677
vt 0.8895435333251953 0.8830147981643677
vt 0.8895435333251953 0.11698520928621292
vt 0.9347937703132629 0.8830147981643677
vt 0.8895435333251953 0.11698520928621292
vt 0.9347937703132629 0.11698520928621292
vt 0.9347937703132629 0.8830147981643677
vt 0.9347937703132629 0.8830147981643677
vt 0.9347937703132629 0.11698520928621292
vt 0.9722387790679932 0.8830147981643677
vt 0.9347937703132629 0.11698520928621292
vt 0.9722387790679932 0.11698520928621292
vt 0.9722387790679932 0.8830147981643677
vt 0.9722387790679932 0.8830147981643677
vt 0.9722387790679932 0.11698520928621292
vt 1 0.8830147981643677
vt 0.9722387790679932 0.11698520928621292
vt 1 0.11698520928621292
vt 1 0.8830147981643677
vt 0 0.11698520928621292
vt 0 0.06906040012836456
vt 0.027761217206716537 0.11698520928621292
vt 0 0.06906040012836456
vt 0.027761217206716537 0.06906040012836456
vt 0.027761217206716537 0.11698520928621292
vt 0.027761217206716537 0.11698520928621292
vt 0.027761217206716537 0.06906040012836456
vt 0.06520624458789825 0.11698520928621292
vt 0.027761217206716537 0.06906040012836456
vt 0.06520624458789825 0.06906040012836456
vt 0.06520624458789825 0.11698520928621292
vt 0.06520624458789825 0.11698520928621292
vt 0.06520624458789825 0.06906040012836456
vt 0.1104564368724823 0.11698520928621292
vt 0.06520624458789825 0.06906040012836456
vt 0.1104564368724823 0.06906040012836456
vt 0.1104564368724823 0.11698520928621292
vt 0.1104564368724823 0.11698520928621292
vt 0.1104564368724823 0.06906040012836456
vt 0.8895435333251953 0.11698520928621292
vt 0.1104564368724823 0.06906040012836456
vt 0.8895435333251953 0.06906040012836456
vt 0.8895435333251953 0.11698520928621292
vt 0.8895435333251953 0.11698520928621292
vt 0.8895435333251953 0.06906040012836456
vt 0.9347937703132629 0.11698520928621292
vt 0.8895435333251953 0.06906040012836456
vt 0.9347937703132629 0.06906040012836456
vt 0.9347937703132629 0.11698520928621292
vt 0.9347937703132629 0.11698520928621292
vt 0.9347937703132629 0.06906040012836456
vt 0.9722387790679932 0.11698520928621292
vt 0.9347937703132629 0.06906040012836456
vt 0.9722387790679932 0.06906040012836456
vt 0.9722387790679932 0.11698520928621292
vt 0.9722387790679932 0.11698520928621292
vt 0.9722387790679932 0.06906040012836456
vt 1 0.11698520928621292
vt 0.9722387790679932 0.06906040012836456
vt 1 0.06906040012836456
vt 1 0.11698520928621292
vt 0 0.06906040012836456
vt 0 0.029402105137705803
vt 0.027761217206716537 0.06906040012836456
vt 0 0.029402105137705803
vt 0.027761217206716537 0.029402105137705803
vt 0.027761217206716537 0.06906040012836456
vt 0.027761217206716537 0.06906040012836456
vt 0.027761217206716537 0.029402105137705803
vt 0.06520624458789825 0.06906040012836456
vt 0.027761217206716537 0.029402105137705803
vt 0.06520624458789825 0.029402105137705803
vt 0.06520624458789825 0.06906040012836456
vt 0.06520624458789825 0.06906040012836456
vt 0.06520624458789825 0.029402105137705803
vt 0.1104564368724823 0.06906040012836456
vt 0.06520624458789825 0.029402105137705803
vt 0.1104564368724823 0.029402105137705803
vt 0.1104564368724823 0.06906040012836456
vt 0.1104564368724823 0.06906040012836456
vt 0.1104564368724823 0.029402105137705803
vt 0.8895435333251953 0.06906040012836456
vt 0.1104564368724823 0.029402105137705803
vt 0.8895435333251953 0.029402105137705803
vt 0.8895435333251953 0.06906040012836456
vt 0.8895435333251953 0.06906040012836456
vt 0.8895435333251953 0.029402105137705803
vt 0.9347937703132629 0.06906040012836456
vt 0.8895435333251953 0.029402105137705803
vt 0.9347937703132629 0.029402105137705803
vt 0.9347937703132629 0.06906040012836456
vt 0.9347937703132629 0.06906040012836456
vt 0.9347937703132629 0.029402105137705803
vt 0.9722387790679932 0.06906040012836456
vt 0.9347937703132629 0.029402105137705803
vt 0.9722387790679932 0.029402105137705803
vt 0.9722387790679932 0.06906040012836456
vt 0.9722387790679932 0.06906040012836456
vt 0.9722387790679932 0.029402105137705803
vt 1 0.06906040012836456
vt 0.9722387790679932 0.029402105137705803
vt 1 0.029402105137705803
vt 1 0.06906040012836456
vt 0 0.029402105137705803
vt 0 0
vt 0.027761217206716537 0.029402105137705803
vt 0 0
vt 0.027761217206716537 0
vt 0.027761217206716537 0.029402105137705803
vt 0.027761217206716537 0.029402105137705803
vt 0.027761217206716537 0
vt 0.06520624458789825 0.029402105137705803
vt 0.027761217206716537 0
vt 0.06520624458789825 0
vt 0.06520624458789825 0.029402105137705803
vt 0.06520624458789825 0.029402105137705803
vt 0.06520624458789825 0
vt 0.1104564368724823 0.029402105137705803
vt 0.06520624458789825 0
vt 0.1104564368724823 0
vt 0.1104564368724823 0.029402105137705803
vt 0.1104564368724823 0.029402105137705803
vt 0.1104564368724823 0
vt 0.8895435333251953 0.029402105137705803
vt 0.1104564368724823 0
vt 0.8895435333251953 0
vt 0.8895435333251953 0.029402105137705803
vt 0.8895435333251953 0.029402105137705803
vt 0.8895435333251953 0
vt 0.9347937703132629 0.029402105137705803
vt 0.8895435333251953 0
vt 0.9347937703132629 0
vt 0.9347937703132629 0.029402105137705803
vt 0.9347937703132629 0.029402105137705803
vt 0.9347937703132629 0
vt 0.9722387790679932 0.029402105137705803
vt 0.9347937703132629 0
vt 0.9722387790679932 0
vt 0.9722387790679932 0.029402105137705803
vt 0.9722387790679932 0.029402105137705803
vt 0.9722387790679932 0
vt 1 0.029402105137705803
vt 0.9722387790679932 0
vt 1 0
vt 1 0.029402105137705803
vt 0 1
vt 0 0.9705979228019714
vt 0.027761217206716537 1
vt 0 0.9705979228019714
vt 0.027761217206716537 0.9705979228019714
vt 0.027761217206716537 1
vt 0.027761217206716537 1
vt 0.027761217206716537 0.9705979228019714
vt 0.06520624458789825 1
vt 0.027761217206716537 0.9705979228019714
vt 0.06520624458789825 0.9705979228019714
vt 0.06520624458789825 1
vt 0.06520624458789825 1
vt 0.06520624458789825 0.9705979228019714
vt 0.1104564368724823 1
vt 0.06520624458789825 0.9705979228019714
vt 0.1104564368724823 0.9705979228019714
vt 0.1104564368724823 1
vt 0.1104564368724823 1
vt 0.1104564368724823 0.9705979228019714
vt 0.8895435333251953 1
vt 0.1104564368724823 0.9705979228019714
vt 0.8895435333251953 0.9705979228019714
vt 0.8895435333251953 1
vt 0.8895435333251953 1
vt 0.8895435333251953 0.9705979228019714
vt 0.9347937703132629 1
vt 0.8895435333251953 0.9705979228019714
vt 0.9347937703132629 0.9705979228019714
vt 0.9347937703132629 1
vt 0.9347937703132629 1
vt 0.9347937703132629 0.9705979228019714
vt 0.9722387790679932 1
vt 0.9347937703132629 0.9705979228019714
vt 0.9722387790679932 0.9705979228019714
vt 0.9722387790679932 1
vt 0.9722387790679932 1
vt 0.9722387790679932 0.9705979228019714
vt 1 1
vt 0.9722387790679932 0.9705979228019714
vt 1 0.9705979228019714
vt 1 1
vt 0 0.9705979228019714
vt 0 0.9309396147727966
vt 0.027761217206716537 0.9705979228019714
vt 0 0.9309396147727966
vt 0.027761217206716537 0.9309396147727966
vt 0.027761217206716537 0.9705979228019714
vt 0.027761217206716537 0.9705979228019714
vt 0.027761217206716537 0.9309396147727966
vt 0.06520624458789825 0.9705979228019714
vt 0.027761217206716537 0.9309396147727966
vt 0.06520624458789825 0.9309396147727966
vt 0.06520624458789825 0.9705979228019714
vt 0.06520624458789825 0.9705979228019714
vt 0.06520624458789825 0.9309396147727966
vt 0.1104564368724823 0.9705979228019714
vt 0.06520624458789825 0.9309396147727966
vt 0.1104564368724823 0.9309396147727966
vt 0.1104564368724823 0.9705979228019714
vt 0.1104564368724823 0.9705979228019714
vt 0.1104564368724823 0.9309396147727966
vt 0.8895435333251953 0.9705979228019714
vt 0.1104564368724823 0.9309396147727966
vt 0.8895435333251953 0.9309396147727966
vt 0.8895435333251953 0.9705979228019714
vt 0.8895435333251953 0.9705979228019714
vt 0.8895435333251953 0.9309396147727966
vt 0.9347937703132629 0.9705979228019714
vt 0.8895435333251953 0.9309396147727966
vt 0.9347937703132629 0.9309396147727966
vt 0.9347937703132629 0.9705979228019714
vt 0.9347937703132629 0.9705979228019714
vt 0.9347937703132629 0.9309396147727966
vt 0.9722387790679932 0.9705979228019714
vt 0.9347937703132629 0.9309396147727966
vt 0.9722387790679932 0.9309396147727966
vt 0.9722387790679932 0.9705979228019714
vt 0.9722387790679932 0.9705979228019714
vt 0.9722387790679932 0.9309396147727966
vt 1 0.9705979228019714
vt 0.9722387790679932 0.9309396147727966
vt 1 0.9309396147727966
vt 1 0.9705979228019714
vt 0 0.9309396147727966
vt 0 0.8830147981643677
vt 0.027761217206716537 0.9309396147727966
vt 0 0.8830147981643677
vt 0.027761217206716537 0.8830147981643677
vt 0.027761217206716537 0.9309396147727966
vt 0.027761217206716537 0.9309396147727966
vt 0.027761217206716537 0.8830147981643677
vt 0.06520624458789825 0.9309396147727966
vt 0.027761217206716537 0.8830147981643677
vt 0.06520624458789825 0.8830147981643677
vt 0.06520624458789825 0.9309396147727966
vt 0.06520624458789825 0.9309396147727966
vt 0.06520624458789825 0.8830147981643677
vt 0.1104564368724823 0.9309396147727966
vt 0.06520624458789825 0.8830147981643677
vt 0.1104564368724823 0.8830147981643677
vt 0.1104564368724823 0.9309396147727966
vt 0.1104564368724823 0.9309396147727966
vt 0.1104564368724823 0.8830147981643677
vt 0.8895435333251953 0.9309396147727966
vt 0.1104564368724823 0.8830147981643677
vt 0.8895435333251953 0.8830147981643677
vt 0.8895435333251953 0.9309396147727966
vt 0.8895435333251953 0.9309396147727966
vt 0.8895435333251953 0.8830147981643677
vt 0.9347937703132629 0.9309396147727966
vt 0.8895435333251953 0.8830147981643677
vt 0.9347937703132629 0.8830147981643677
vt 0.9347937703132629 0.9309396147727966
vt 0.9347937703132629 0.9309396147727966
vt 0.9347937703132629 0.8830147981643677
vt 0.9722387790679932 0.9309396147727966
vt 0.9347937703132629 0.8830147981643677
vt 0.9722387790679932 0.8830147981643677
vt 0.9722387790679932 0.9309396147727966
vt 0.9722387790679932 0.9309396147727966
vt 0.9722387790679932 0.8830147981643677
vt 1 0.9309396147727966
vt 0.9722387790679932 0.8830147981643677
vt 1 0.8830147981643677
vt 1 0.9309396147727966
vt 0 0.8830147981643677
vt 0 0.11698520928621292
vt 0.027761217206716537 0.8830147981643677
vt 0 0.11698520928621292
vt 0.027761217206716537 0.11698520928621292
vt 0.027761217206716537 0.8830147981643677
vt 0.027761217206716537 0.8830147981643677
vt 0.027761217206716537 0.11698520928621292
vt 0.06520624458789825 0.8830147981643677
vt 0.027761217206716537 0.11698520928621292
vt 0.06520624458789825 0.11698520928621292
vt 0.06520624458789825 0.8830147981643677
vt 0.06520624458789825 0.8830147981643677
vt 0.06520624458789825 0.11698520928621292
vt 0.1104564368724823 0.8830147981643677
vt 0.06520624458789825 0.11698520928621292
vt 0.1104564368724823 0.11698520928621292
vt 0.1104564368724823 0.8830147981643677
vt 0.1104564368724823 0.8830147981643677
vt 0.1104564368724823 0.11698520928621292
vt 0.8895435333251953 0.8830147981643677
vt 0.1104564368724823 0.11698520928621292
vt 0.8895435333251953 0.11698520928621292
vt 0.8895435333251953 0.8830147981643677
vt 0.8895435333251953 0.8830147981643677
vt 0.8895435333251953 0.11698520928621292
vt 0.9347937703132629 0.8830147981643677
vt 0.8895435333251953 0.11698520928621292
vt 0.9347937703132629 0.11698520928621292
vt 0.9347937703132629 0.8830147981643677
vt 0.9347937703132629 0.8830147981643677
vt 0.9347937703132629 0.11698520928621292
vt 0.9722387790679932 0.8830147981643677
vt 0.9347937703132629 0.11698520928621292
vt 0.9722387790679932 0.11698520928621292
vt 0.9722387790679932 0.8830147981643677
vt 0.9722387790679932 0.8830147981643677
vt 0.9722387790679932 0.11698520928621292
vt 1 0.8830147981643677
vt 0.9722387790679932 0.11698520928621292
vt 1 0.11698520928621292
vt 1 0.8830147981643677
vt 0 0.11698520928621292
vt 0 0.06906040012836456
vt 0.027761217206716537 0.11698520928621292
vt 0 0.06906040012836456
vt 0.027761217206716537 0.06906040012836456
vt 0.027761217206716537 0.11698520928621292
vt 0.027761217206716537 0.11698520928621292
vt 0.027761217206716537 0.06906040012836456
vt 0.06520624458789825 0.11698520928621292
vt 0.027761217206716537 0.06906040012836456
vt 0.06520624458789825 0.06906040012836456
vt 0.06520624458789825 0.11698520928621292
vt 0.06520624458789825 0.11698520928621292
vt 0.06520624458789825 0.06906040012836456
vt 0.1104564368724823 0.11698520928621292
vt 0.06520624458789825 0.06906040012836456
vt 0.1104564368724823 0.06906040012836456
vt 0.1104564368724823 0.11698520928621292
vt 0.1104564368724823 0.11698520928621292
vt 0.1104564368724823 0.06906040012836456
vt 0.8895435333251953 0.11698520928621292
vt 0.1104564368724823 0.06906040012836456
vt 0.8895435333251953 0.06906040012836456
vt 0.8895435333251953 0.11698520928621292
vt 0.8895435333251953 0.11698520928621292
vt 0.8895435333251953 0.06906040012836456
vt 0.9347937703132629 0.11698520928621292
vt 0.8895435333251953 0.06906040012836456
vt 0.9347937703132629 0.06906040012836456
vt 0.9347937703132629 0.11698520928621292
vt 0.9347937703132629 0.11698520928621292
vt 0.9347937703132629 0.06906040012836456
vt 0.9722387790679932 0.11698520928621292
vt 0.9347937703132629 0.06906040012836456
vt 0.9722387790679932 0.06906040012836456
vt 0.9722387790679932 0.11698520928621292
vt 0.9722387790679932 0.11698520928621292
vt 0.9722387790679932 0.06906040012836456
vt 1 0.11698520928621292
vt 0.9722387790679932 0.06906040012836456
vt 1 0.06906040012836456
vt 1 0.11698520928621292
vt 0 0.06906040012836456
vt 0 0.029402105137705803
vt 0.027761217206716537 0.06906040012836456
vt 0 0.029402105137705803
vt 0.027761217206716537 0.029402105137705803
vt 0.027761217206716537 0.06906040012836456
vt 0.027761217206716537 0.06906040012836456
vt 0.027761217206716537 0.029402105137705803
vt 0.06520624458789825 0.06906040012836456
vt 0.027761217206716537 0.029402105137705803
vt 0.06520624458789825 0.029402105137705803
vt 0.06520624458789825 0.06906040012836456
vt 0.06520624458789825 0.06906040012836456
vt 0.06520624458789825 0.029402105137705803
vt 0.1104564368724823 0.06906040012836456
vt 0.06520624458789825 0.029402105137705803
vt 0.1104564368724823 0.029402105137705803
vt 0.1104564368724823 0.06906040012836456
vt 0.1104564368724823 0.06906040012836456
vt 0.1104564368724823 0.029402105137705803
vt 0.8895435333251953 0.06906040012836456
vt 0.1104564368724823 0.029402105137705803
vt 0.8895435333251953 0.029402105137705803
vt 0.8895435333251953 0.06906040012836456
vt 0.8895435333251953 0.06906040012836456
vt 0.8895435333251953 0.029402105137705803
vt 0.9347937703132629 0.06906040012836456
vt 0.8895435333251953 0.029402105137705803
vt 0.9347937703132629 0.029402105137705803
vt 0.9347937703132629 0.06906040012836456
vt 0.9347937703132629 0.06906040012836456
vt 0.9347937703132629 0.029402105137705803
vt 0.9722387790679932 0.06906040012836456
vt 0.9347937703132629 0.029402105137705803
vt 0.9722387790679932 0.029402105137705803
vt 0.9722387790679932 0.06906040012836456
vt 0.9722387790679932 0.06906040012836456
vt 0.9722387790679932 0.029402105137705803
vt 1 0.06906040012836456
vt 0.9722387790679932 0.029402105137705803
vt 1 0.029402105137705803
vt 1 0.06906040012836456
vt 0 0.029402105137705803
vt 0 1.1102230246251565e-16
vt 0.027761217206716537 0.029402105137705803
vt 0 1.1102230246251565e-16
vt 0.027761217206716537 1.1102230246251565e-16
vt 0.027761217206716537 0.029402105137705803
vt 0.027761217206716537 0.029402105137705803
vt 0.027761217206716537 1.1102230246251565e-16
vt 0.06520624458789825 0.029402105137705803
vt 0.027761217206716537 1.1102230246251565e-16
vt 0.06520624458789825 1.1102230246251565e-16
vt 0.06520624458789825 0.029402105137705803
vt 0.06520624458789825 0.029402105137705803
vt 0.06520624458789825 1.1102230246251565e-16
vt 0.1104564368724823 0.029402105137705803
vt 0.06520624458789825 1.1102230246251565e-16
vt 0.1104564368724823 1.1102230246251565e-16
vt 0.1104564368724823 0.029402105137705803
vt 0.1104564368724823 0.029402105137705803
vt 0.1104564368724823 1.1102230246251565e-16
vt 0.8895435333251953 0.029402105137705803
vt 0.1104564368724823 1.1102230246251565e-16
vt 0.8895435333251953 1.1102230246251565e-16
vt 0.8895435333251953 0.029402105137705803
vt 0.8895435333251953 0.029402105137705803
vt 0.8895435333251953 1.1102230246251565e-16
vt 0.9347937703132629 0.029402105137705803
vt 0.8895435333251953 1.1102230246251565e-16
vt 0.9347937703132629 1.1102230246251565e-16
vt 0.9347937703132629 0.029402105137705803
vt 0.9347937703132629 0.029402105137705803
vt 0.9347937703132629 1.1102230246251565e-16
vt 0.9722387790679932 0.029402105137705803
vt 0.9347937703132629 1.1102230246251565e-16
vt 0.9722387790679932 1.1102230246251565e-16
vt 0.9722387790679932 0.029402105137705803
vt 0.9722387790679932 0.029402105137705803
vt 0.9722387790679932 1.1102230246251565e-16
vt 1 0.029402105137705803
vt 0.9722387790679932 1.1102230246251565e-16
vt 1 1.1102230246251565e-16
vt 1 0.029402105137705803
vt 0 1
vt 0 0.9759324789047241
vt 0.027761217206716537 1
vt 0 0.9759324789047241
vt 0.027761217206716537 0.9759324789047241
vt 0.027761217206716537 1
vt 0.027761217206716537 1
vt 0.027761217206716537 0.9759324789047241
vt 0.06520624458789825 1
vt 0.027761217206716537 0.9759324789047241
vt 0.06520624458789825 0.9759324789047241
vt 0.06520624458789825 1
vt 0.06520624458789825 1
vt 0.06520624458789825 0.9759324789047241
vt 0.1104564368724823 1
vt 0.06520624458789825 0.9759324789047241
vt 0.1104564368724823 0.9759324789047241
vt 0.1104564368724823 1
vt 0.1104564368724823 1
vt 0.1104564368724823 0.9759324789047241
vt 0.8895435333251953 1
vt 0.1104564368724823 0.9759324789047241
vt 0.8895435333251953 0.9759324789047241
vt 0.8895435333251953 1
vt 0.8895435333251953 1
vt 0.8895435333251953 0.9759324789047241
vt 0.9347937703132629 1
vt 0.8895435333251953 0.9759324789047241
vt 0.9347937703132629 0.9759324789047241
vt 0.9347937703132629 1
vt 0.9347937703132629 1
vt 0.9347937703132629 0.9759324789047241
vt 0.9722387790679932 1
vt 0.9347937703132629 0.9759324789047241
vt 0.9722387790679932 0.9759324789047241
vt 0.9722387790679932 1
vt 0.9722387790679932 1
vt 0.9722387790679932 0.9759324789047241
vt 1 1
vt 0.9722387790679932 0.9759324789047241
vt 1 0.9759324789047241
vt 1 1
vt 0 0.9759324789047241
vt 0 0.9434696435928345
vt 0.027761217206716537 0.9759324789047241
vt 0 0.9434696435928345
vt 0.027761217206716537 0.9434696435928345
vt 0.027761217206716537 0.9759324789047241
vt 0.027761217206716537 0.9759324789047241
vt 0.027761217206716537 0.9434696435928345
vt 0.06520624458789825 0.9759324789047241
vt 0.027761217206716537 0.9434696435928345
vt 0.06520624458789825 0.9434696435928345
vt 0.06520624458789825 0.9759324789047241
vt 0.06520624458789825 0.9759324789047241
vt 0.06520624458789825 0.9434696435928345
vt 0.1104564368724823 0.9759324789047241
vt 0.06520624458789825 0.9434696435928345
vt 0.1104564368724823 0.9434696435928345
vt 0.1104564368724823 0.9759324789047241
vt 0.1104564368724823 0.9759324789047241
vt 0.1104564368724823 0.9434696435928345
vt 0.8895435333251953 0.9759324789047241
vt 0.1104564368724823 0.9434696435928345
vt 0.8895435333251953 0.9434696435928345
vt 0.8895435333251953 0.9759324789047241
vt 0.8895435333251953 0.9759324789047241
vt 0.8895435333251953 0.9434696435928345
vt 0.9347937703132629 0.9759324789047241
vt 0.8895435333251953 0.9434696435928345
vt 0.9347937703132629 0.9434696435928345
vt 0.9347937703132629 0.9759324789047241
vt 0.9347937703132629 0.9759324789047241
vt 0.9347937703132629 0.9434696435928345
vt 0.9722387790679932 0.9759324789047241
vt 0.9347937703132629 0.9434696435928345
vt 0.9722387790679932 0.9434696435928345
vt 0.9722387790679932 0.9759324789047241
vt 0.9722387790679932 0.9759324789047241
vt 0.9722387790679932 0.9434696435928345
vt 1 0.9759324789047241
vt 0.9722387790679932 0.9434696435928345
vt 1 0.9434696435928345
vt 1 0.9759324789047241
vt 0 0.9434696435928345
vt 0 0.9042401313781738
vt 0.027761217206716537 0.9434696435928345
vt 0 0.9042401313781738
vt 0.027761217206716537 0.9042401313781738
vt 0.027761217206716537 0.9434696435928345
vt 0.027761217206716537 0.9434696435928345
vt 0.027761217206716537 0.9042401313781738
vt 0.06520624458789825 0.9434696435928345
vt 0.027761217206716537 0.9042401313781738
vt 0.06520624458789825 0.9042401313781738
vt 0.06520624458789825 0.9434696435928345
vt 0.06520624458789825 0.9434696435928345
vt 0.06520624458789825 0.9042401313781738
vt 0.1104564368724823 0.9434696435928345
vt 0.06520624458789825 0.9042401313781738
vt 0.1104564368724823 0.9042401313781738
vt 0.1104564368724823 0.9434696435928345
vt 0.1104564368724823 0.9434696435928345
vt 0.1104564368724823 0.9042401313781738
vt 0.8895435333251953 0.9434696435928345
vt 0.1104564368724823 0.9042401313781738
vt 0.8895435333251953 0.9042401313781738
vt 0.8895435333251953 0.9434696435928345
vt 0.8895435333251953 0.9434696435928345
vt 0.8895435333251953 0.9042401313781738
vt 0.9347937703132629 0.9434696435928345
vt 0.8895435333251953 0.9042401313781738
vt 0.9347937703132629 0.9042401313781738
vt 0.9347937703132629 0.9434696435928345
vt 0.9347937703132629 0.9434696435928345
vt 0.9347937703132629 0.9042401313781738
vt 0.9722387790679932 0.9434696435928345
vt 0.9347937703132629 0.9042401313781738
vt 0.9722387790679932 0.9042401313781738
vt 0.9722387790679932 0.9434696435928345
vt 0.9722387790679932 0.9434696435928345
vt 0.9722387790679932 0.9042401313781738
vt 1 0.9434696435928345
vt 0.9722387790679932 0.9042401313781738
vt 1 0.9042401313781738
vt 1 0.9434696435928345
vt 0 0.9042401313781738
vt 0 0.09575983881950378
vt 0.027761217206716537 0.9042401313781738
vt 0 0.09575983881950378
vt 0.027761217206716537 0.09575983881950378
vt 0.027761217206716537 0.9042401313781738
vt 0.027761217206716537 0.9042401313781738
vt 0.027761217206716537 0.09575983881950378
vt 0.06520624458789825 0.9042401313781738
vt 0.027761217206716537 0.09575983881950378
vt 0.06520624458789825 0.09575983881950378
vt 0.06520624458789825 0.9042401313781738
vt 0.06520624458789825 0.9042401313781738
vt 0.06520624458789825 0.09575983881950378
vt 0.1104564368724823 0.9042401313781738
vt 0.06520624458789825 0.09575983881950378
vt 0.1104564368724823 0.09575983881950378
vt 0.1104564368724823 0.9042401313781738
vt 0.1104564368724823 0.9042401313781738
vt 0.1104564368724823 0.09575983881950378
vt 0.8895435333251953 0.9042401313781738
vt 0.1104564368724823 0.09575983881950378
vt 0.8895435333251953 0.09575983881950378
vt 0.8895435333251953 0.9042401313781738
vt 0.8895435333251953 0.9042401313781738
vt 0.8895435333251953 0.09575983881950378
vt 0.9347937703132629 0.9042401313781738
vt 0.8895435333251953 0.09575983881950378
vt 0.9347937703132629 0.09575983881950378
vt 0.9347937703132629 0.9042401313781738
vt 0.9347937703132629 0.9042401313781738
vt 0.9347937703132629 0.09575983881950378
vt 0.9722387790679932 0.9042401313781738
vt 0.9347937703132629 0.09575983881950378
vt 0.9722387790679932 0.09575983881950378
vt 0.9722387790679932 0.9042401313781738
vt 0.9722387790679932 0.9042401313781738
vt 0.9722387790679932 0.09575983881950378
vt 1 0.9042401313781738
vt 0.9722387790679932 0.09575983881950378
vt 1 0.09575983881950378
vt 1 0.9042401313781738
vt 0 0.09575983881950378
vt 0 0.05653033405542374
vt 0.027761217206716537 0.09575983881950378
vt 0 0.05653033405542374
vt 0.027761217206716537 0.05653033405542374
vt 0.027761217206716537 0.09575983881950378
vt 0.027761217206716537 0.09575983881950378
vt 0.027761217206716537 0.05653033405542374
vt 0.06520624458789825 0.09575983881950378
vt 0.027761217206716537 0.05653033405542374
vt 0.06520624458789825 0.05653033405542374
vt 0.06520624458789825 0.09575983881950378
vt 0.06520624458789825 0.09575983881950378
vt 0.06520624458789825 0.05653033405542374
vt 0.1104564368724823 0.09575983881950378
vt 0.06520624458789825 0.05653033405542374
vt 0.1104564368724823 0.05653033405542374
vt 0.1104564368724823 0.09575983881950378
vt 0.1104564368724823 0.09575983881950378
vt 0.1104564368724823 0.05653033405542374
vt 0.8895435333251953 0.09575983881950378
vt 0.1104564368724823 0.05653033405542374
vt 0.8895435333251953 0.05653033405542374
vt 0.8895435333251953 0.09575983881950378
vt 0.8895435333251953 0.09575983881950378
vt 0.8895435333251953 0.05653033405542374
vt 0.9347937703132629 0.09575983881950378
vt 0.8895435333251953 0.05653033405542374
vt 0.9347937703132629 0.05653033405542374
vt 0.9347937703132629 0.09575983881950378
vt 0.9347937703132629 0.09575983881950378
vt 0.9347937703132629 0.05653033405542374
vt 0.9722387790679932 0.09575983881950378
vt 0.9347937703132629 0.05653033405542374
vt 0.9722387790679932 0.05653033405542374
vt 0.9722387790679932 0.09575983881950378
vt 0.9722387790679932 0.09575983881950378
vt 0.9722387790679932 0.05653033405542374
vt 1 0.09575983881950378
vt 0.9722387790679932 0.05653033405542374
vt 1 0.05653033405542374
vt 1 0.09575983881950378
vt 0 0.05653033405542374
vt 0 0.02406749501824379
vt 0.027761217206716537 0.05653033405542374
vt 0 0.02406749501824379
vt 0.027761217206716537 0.02406749501824379
vt 0.027761217206716537 0.05653033405542374
vt 0.027761217206716537 0.05653033405542374
vt 0.027761217206716537 0.02406749501824379
vt 0.06520624458789825 0.05653033405542374
vt 0.027761217206716537 0.02406749501824379
vt 0.06520624458789825 0.02406749501824379
vt 0.06520624458789825 0.05653033405542374
vt 0.06520624458789825 0.05653033405542374
vt 0.06520624458789825 0.02406749501824379
vt 0.1104564368724823 0.05653033405542374
vt 0.06520624458789825 0.02406749501824379
vt 0.1104564368724823 0.02406749501824379
vt 0.1104564368724823 0.05653033405542374
vt 0.1104564368724823 0.05653033405542374
vt 0.1104564368724823 0.02406749501824379
vt 0.8895435333251953 0.05653033405542374
vt 0.1104564368724823 0.02406749501824379
vt 0.8895435333251953 0.02406749501824379
vt 0.8895435333251953 0.05653033405542374
vt 0.8895435333251953 0.05653033405542374
vt 0.8895435333251953 0.02406749501824379
vt 0.9347937703132629 0.05653033405542374
vt 0.8895435333251953 0.02406749501824379
vt 0.9347937703132629 0.02406749501824379
vt 0.9347937703132629 0.05653033405542374
vt 0.9347937703132629 0.05653033405542374
vt 0.9347937703132629 0.02406749501824379
vt 0.9722387790679932 0.05653033405542374
vt 0.9347937703132629 0.02406749501824379
vt 0.9722387790679932 0.02406749501824379
vt 0.9722387790679932 0.05653033405542374
vt 0.9722387790679932 0.05653033405542374
vt 0.9722387790679932 0.02406749501824379
vt 1 0.05653033405542374
vt 0.9722387790679932 0.02406749501824379
vt 1 0.02406749501824379
vt 1 0.05653033405542374
vt 0 0.02406749501824379
vt 0 0
vt 0.027761217206716537 0.02406749501824379
vt 0 0
vt 0.027761217206716537 0
vt 0.027761217206716537 0.02406749501824379
vt 0.027761217206716537 0.02406749501824379
vt 0.027761217206716537 0
vt 0.06520624458789825 0.02406749501824379
vt 0.027761217206716537 0
vt 0.06520624458789825 0
vt 0.06520624458789825 0.02406749501824379
vt 0.06520624458789825 0.02406749501824379
vt 0.06520624458789825 0
vt 0.1104564368724823 0.02406749501824379
vt 0.06520624458789825 0
vt 0.1104564368724823 0
vt 0.1104564368724823 0.02406749501824379
vt 0.1104564368724823 0.02406749501824379
vt 0.1104564368724823 0
vt 0.8895435333251953 0.02406749501824379
vt 0.1104564368724823 0
vt 0.8895435333251953 0
vt 0.8895435333251953 0.02406749501824379
vt 0.8895435333251953 0.02406749501824379
vt 0.8895435333251953 0
vt 0.9347937703132629 0.02406749501824379
vt 0.8895435333251953 0
vt 0.9347937703132629 0
vt 0.9347937703132629 0.02406749501824379
vt 0.9347937703132629 0.02406749501824379
vt 0.9347937703132629 0
vt 0.9722387790679932 0.02406749501824379
vt 0.9347937703132629 0
vt 0.9722387790679932 0
vt 0.9722387790679932 0.02406749501824379
vt 0.9722387790679932 0.02406749501824379
vt 0.9722387790679932 0
vt 1 0.02406749501824379
vt 0.9722387790679932 0
vt 1 0
vt 1 0.02406749501824379
vt 0 1
vt 0 0.9759324789047241
vt 0.027761217206716537 1
vt 0 0.9759324789047241
vt 0.027761217206716537 0.9759324789047241
vt 0.027761217206716537 1
vt 0.027761217206716537 1
vt 0.027761217206716537 0.9759324789047241
vt 0.06520624458789825 1
vt 0.027761217206716537 0.9759324789047241
vt 0.06520624458789825 0.9759324789047241
vt 0.06520624458789825 1
vt 0.06520624458789825 1
vt 0.06520624458789825 0.9759324789047241
vt 0.1104564368724823 1
vt 0.06520624458789825 0.9759324789047241
vt 0.1104564368724823 0.9759324789047241
vt 0.1104564368724823 1
vt 0.1104564368724823 1
vt 0.1104564368724823 0.9759324789047241
vt 0.8895435333251953 1
vt 0.1104564368724823 0.9759324789047241
vt 0.8895435333251953 0.9759324789047241
vt 0.8895435333251953 1
vt 0.8895435333251953 1
vt 0.8895435333251953 0.9759324789047241
vt 0.9347937703132629 1
vt 0.8895435333251953 0.9759324789047241
vt 0.9347937703132629 0.9759324789047241
vt 0.9347937703132629 1
vt 0.9347937703132629 1
vt 0.9347937703132629 0.9759324789047241
vt 0.9722387790679932 1
vt 0.9347937703132629 0.9759324789047241
vt 0.9722387790679932 0.9759324789047241
vt 0.9722387790679932 1
vt 0.9722387790679932 1
vt 0.9722387790679932 0.9759324789047241
vt 1 1
vt 0.9722387790679932 0.9759324789047241
vt 1 0.9759324789047241
vt 1 1
vt 0 0.9759324789047241
vt 0 0.9434696435928345
vt 0.027761217206716537 0.9759324789047241
vt 0 0.9434696435928345
vt 0.027761217206716537 0.9434696435928345
vt 0.027761217206716537 0.9759324789047241
vt 0.027761217206716537 0.9759324789047241
vt 0.027761217206716537 0.9434696435928345
vt 0.06520624458789825 0.9759324789047241
vt 0.027761217206716537 0.9434696435928345
vt 0.06520624458789825 0.9434696435928345
vt 0.06520624458789825 0.9759324789047241
vt 0.06520624458789825 0.9759324789047241
vt 0.06520624458789825 0.9434696435928345
vt 0.1104564368724823 0.9759324789047241
vt 0.06520624458789825 0.9434696435928345
vt 0.1104564368724823 0.9434696435928345
vt 0.1104564368724823 0.9759324789047241
vt 0.1104564368724823 0.9759324789047241
vt 0.1104564368724823 0.9434696435928345
vt 0.8895435333251953 0.9759324789047241
vt 0.1104564368724823 0.9434696435928345
vt 0.8895435333251953 0.9434696435928345
vt 0.8895435333251953 0.9759324789047241
vt 0.8895435333251953 0.9759324789047241
vt 0.8895435333251953 0.9434696435928345
vt 0.9347937703132629 0.9759324789047241
vt 0.8895435333251953 0.9434696435928345
vt 0.9347937703132629 0.9434696435928345
vt 0.9347937703132629 0.9759324789047241
vt 0.9347937703132629 0.9759324789047241
vt 0.9347937703132629 0.9434696435928345
vt 0.9722387790679932 0.9759324789047241
vt 0.9347937703132629 0.9434696435928345
vt 0.9722387790679932 0.9434696435928345
vt 0.9722387790679932 0.9759324789047241
vt 0.9722387790679932 0.9759324789047241
vt 0.9722387790679932 0.9434696435928345
vt 1 0.9759324789047241
vt 0.9722387790679932 0.9434696435928345
vt 1 0.9434696435928345
vt 1 0.9759324789047241
vt 0 0.9434696435928345
vt 0 0.9042401313781738
vt 0.027761217206716537 0.9434696435928345
vt 0 0.9042401313781738
vt 0.027761217206716537 0.9042401313781738
vt 0.027761217206716537 0.9434696435928345
vt 0.027761217206716537 0.9434696435928345
vt 0.027761217206716537 0.9042401313781738
vt 0.06520624458789825 0.9434696435928345
vt 0.027761217206716537 0.9042401313781738
vt 0.06520624458789825 0.9042401313781738
vt 0.06520624458789825 0.9434696435928345
vt 0.06520624458789825 0.9434696435928345
vt 0.06520624458789825 0.9042401313781738
vt 0.1104564368724823 0.9434696435928345
vt 0.06520624458789825 0.9042401313781738
vt 0.1104564368724823 0.9042401313781738
vt 0.1104564368724823 0.9434696435928345
vt 0.1104564368724823 0.9434696435928345
vt 0.1104564368724823 0.9042401313781738
vt 0.8895435333251953 0.9434696435928345
vt 0.1104564368724823 0.9042401313781738
vt 0.8895435333251953 0.9042401313781738
vt 0.8895435333251953 0.9434696435928345
vt 0.8895435333251953 0.9434696435928345
vt 0.8895435333251953 0.9042401313781738
vt 0.9347937703132629 0.9434696435928345
vt 0.8895435333251953 0.9042401313781738
vt 0.9347937703132629 0.9042401313781738
vt 0.9347937703132629 0.9434696435928345
vt 0.9347937703132629 0.9434696435928345
vt 0.9347937703132629 0.9042401313781738
vt 0.9722387790679932 0.9434696435928345
vt 0.9347937703132629 0.9042401313781738
vt 0.9722387790679932 0.9042401313781738
vt 0.9722387790679932 0.9434696435928345
vt 0.9722387790679932 0.9434696435928345
vt 0.9722387790679932 0.9042401313781738
vt 1 0.9434696435928345
vt 0.9722387790679932 0.9042401313781738
vt 1 0.9042401313781738
vt 1 0.9434696435928345
vt 0 0.9042401313781738
vt 0 0.09575983881950378
vt 0.027761217206716537 0.9042401313781738
vt 0 0.09575983881950378
vt 0.027761217206716537 0.09575983881950378
vt 0.027761217206716537 0.9042401313781738
vt 0.027761217206716537 0.9042401313781738
vt 0.027761217206716537 0.09575983881950378
vt 0.06520624458789825 0.9042401313781738
vt 0.027761217206716537 0.09575983881950378
vt 0.06520624458789825 0.09575983881950378
vt 0.06520624458789825 0.9042401313781738
vt 0.06520624458789825 0.9042401313781738
vt 0.06520624458789825 0.09575983881950378
vt 0.1104564368724823 0.9042401313781738
vt 0.06520624458789825 0.09575983881950378
vt 0.1104564368724823 0.09575983881950378
vt 0.1104564368724823 0.9042401313781738
vt 0.1104564368724823 0.9042401313781738
vt 0.1104564368724823 0.09575983881950378
vt 0.8895435333251953 0.9042401313781738
vt 0.1104564368724823 0.09575983881950378
vt 0.8895435333251953 0.09575983881950378
vt 0.8895435333251953 0.9042401313781738
vt 0.8895435333251953 0.9042401313781738
vt 0.8895435333251953 0.09575983881950378
vt 0.9347937703132629 0.9042401313781738
vt 0.8895435333251953 0.09575983881950378
vt 0.9347937703132629 0.09575983881950378
vt 0.9347937703132629 0.9042401313781738
vt 0.9347937703132629 0.9042401313781738
vt 0.9347937703132629 0.09575983881950378
vt 0.9722387790679932 0.9042401313781738
vt 0.9347937703132629 0.09575983881950378
vt 0.9722387790679932 0.09575983881950378
vt 0.9722387790679932 0.9042401313781738
vt 0.9722387790679932 0.9042401313781738
vt 0.9722387790679932 0.09575983881950378
vt 1 0.9042401313781738
vt 0.9722387790679932 0.09575983881950378
vt 1 0.09575983881950378
vt 1 0.9042401313781738
vt 0 0.09575983881950378
vt 0 0.05653033405542374
vt 0.027761217206716537 0.09575983881950378
vt 0 0.05653033405542374
vt 0.027761217206716537 0.05653033405542374
vt 0.027761217206716537 0.09575983881950378
vt 0.027761217206716537 0.09575983881950378
vt 0.027761217206716537 0.05653033405542374
vt 0.06520624458789825 0.09575983881950378
vt 0.027761217206716537 0.05653033405542374
vt 0.06520624458789825 0.05653033405542374
vt 0.06520624458789825 0.09575983881950378
vt 0.06520624458789825 0.09575983881950378
vt 0.06520624458789825 0.05653033405542374
vt 0.1104564368724823 0.09575983881950378
vt 0.06520624458789825 0.05653033405542374
vt 0.1104564368724823 0.05653033405542374
vt 0.1104564368724823 0.09575983881950378
vt 0.1104564368724823 0.09575983881950378
vt 0.1104564368724823 0.05653033405542374
vt 0.8895435333251953 0.09575983881950378
vt 0.1104564368724823 0.05653033405542374
vt 0.8895435333251953 0.05653033405542374
vt 0.8895435333251953 0.09575983881950378
vt 0.8895435333251953 0.09575983881950378
vt 0.8895435333251953 0.05653033405542374
vt 0.9347937703132629 0.09575983881950378
vt 0.8895435333251953 0.05653033405542374
vt 0.9347937703132629 0.05653033405542374
vt 0.9347937703132629 0.09575983881950378
vt 0.9347937703132629 0.09575983881950378
vt 0.9347937703132629 0.05653033405542374
vt 0.9722387790679932 0.09575983881950378
vt 0.9347937703132629 0.05653033405542374
vt 0.9722387790679932 0.05653033405542374
vt 0.9722387790679932 0.09575983881950378
vt 0.9722387790679932 0.09575983881950378
vt 0.9722387790679932 0.05653033405542374
vt 1 0.09575983881950378
vt 0.9722387790679932 0.05653033405542374
vt 1 0.05653033405542374
vt 1 0.09575983881950378
vt 0 0.05653033405542374
vt 0 0.02406749501824379
vt 0.027761217206716537 0.05653033405542374
vt 0 0.02406749501824379
vt 0.027761217206716537 0.02406749501824379
vt 0.027761217206716537 0.05653033405542374
vt 0.027761217206716537 0.05653033405542374
vt 0.027761217206716537 0.02406749501824379
vt 0.06520624458789825 0.05653033405542374
vt 0.027761217206716537 0.02406749501824379
vt 0.06520624458789825 0.02406749501824379
vt 0.06520624458789825 0.05653033405542374
vt 0.06520624458789825 0.05653033405542374
vt 0.06520624458789825 0.02406749501824379
vt 0.1104564368724823 0.05653033405542374
vt 0.06520624458789825 0.02406749501824379
vt 0.1104564368724823 0.02406749501824379
vt 0.1104564368724823 0.05653033405542374
vt 0.1104564368724823 0.05653033405542374
vt 0.1104564368724823 0.02406749501824379
vt 0.8895435333251953 0.05653033405542374
vt 0.1104564368724823 0.02406749501824379
vt 0.8895435333251953 0.02406749501824379
vt 0.8895435333251953 0.05653033405542374
vt 0.8895435333251953 0.05653033405542374
vt 0.8895435333251953 0.02406749501824379
vt 0.9347937703132629 0.05653033405542374
vt 0.8895435333251953 0.02406749501824379
vt 0.9347937703132629 0.02406749501824379
vt 0.9347937703132629 0.05653033405542374
vt 0.9347937703132629 0.05653033405542374
vt 0.9347937703132629 0.02406749501824379
vt 0.9722387790679932 0.05653033405542374
vt 0.9347937703132629 0.02406749501824379
vt 0.9722387790679932 0.02406749501824379
vt 0.9722387790679932 0.05653033405542374
vt 0.9722387790679932 0.05653033405542374
vt 0.9722387790679932 0.02406749501824379
vt 1 0.05653033405542374
vt 0.9722387790679932 0.02406749501824379
vt 1 0.02406749501824379
vt 1 0.05653033405542374
vt 0 0.02406749501824379
vt 0 0
vt 0.027761217206716537 0.02406749501824379
vt 0 0
vt 0.027761217206716537 0
vt 0.027761217206716537 0.02406749501824379
vt 0.027761217206716537 0.02406749501824379
vt 0.027761217206716537 0
vt 0.06520624458789825 0.02406749501824379
vt 0.027761217206716537 0
vt 0.06520624458789825 0
vt 0.06520624458789825 0.02406749501824379
vt 0.06520624458789825 0.02406749501824379
vt 0.06520624458789825 0
vt 0.1104564368724823 0.02406749501824379
vt 0.06520624458789825 0
vt 0.1104564368724823 0
vt 0.1104564368724823 0.02406749501824379
vt 0.1104564368724823 0.02406749501824379
vt 0.1104564368724823 0
vt 0.8895435333251953 0.02406749501824379
vt 0.1104564368724823 0
vt 0.8895435333251953 0
vt 0.8895435333251953 0.02406749501824379
vt 0.8895435333251953 0.02406749501824379
vt 0.8895435333251953 0
vt 0.9347937703132629 0.02406749501824379
vt 0.8895435333251953 0
vt 0.9347937703132629 0
vt 0.9347937703132629 0.02406749501824379
vt 0.9347937703132629 0.02406749501824379
vt 0.9347937703132629 0
vt 0.9722387790679932 0.02406749501824379
vt 0.9347937703132629 0
vt 0.9722387790679932 0
vt 0.9722387790679932 0.02406749501824379
vt 0.9722387790679932 0.02406749501824379
vt 0.9722387790679932 0
vt 1 0.02406749501824379
vt 0.9722387790679932 0
vt 1 0
vt 1 0.02406749501824379
vn 0.5773502691896257 0.5773502691896257 0.5773502691896257
vn 0.639602143648227 0.4264014489670335 0.639602143648227
vn 0.639602143648227 0.639602143648227 0.4264014489670335
vn 0.639602143648227 0.4264014489670335 0.639602143648227
vn 0.7276068680966881 0.48507125533189915 0.48507125533189915
vn 0.639602143648227 0.639602143648227 0.4264014489670335
vn 0.639602143648227 0.639602143648227 0.4264014489670335
vn 0.7276068680966881 0.48507125533189915 0.48507125533189915
vn 0.688247200043142 0.688247200043142 0.2294157432818214
vn 0.7276068680966881 0.48507125533189915 0.48507125533189915
vn 0.8017837363809595 0.5345224710524249 0.26726123552621245
vn 0.688247200043142 0.688247200043142 0.2294157432818214
vn 0.688247200043142 0.688247200043142 0.2294157432818214
vn 0.8017837363809595 0.5345224710524249 0.26726123552621245
vn 0.7071067811865476 0.7071067811865476 5.268356063861754e-9
vn 0.8017837363809595 0.5345224710524249 0.26726123552621245
vn 0.8320502851678979 0.5547002099801474 6.199257710336878e-9
vn 0.7071067811865476 0.7071067811865476 5.268356063861754e-9
vn 0.7071067811865476 0.7071067811865476 5.268356063861754e-9
vn 0.8320502851678979 0.5547002099801474 6.199257710336878e-9
vn 0.7071067811865476 0.7071067811865476 -5.268356063861754e-9
vn 0.8320502851678979 0.5547002099801474 6.199257710336878e-9
vn 0.8320502851678979 0.5547002099801474 -6.199257710336878e-9
vn 0.7071067811865476 0.7071067811865476 -5.268356063861754e-9
vn 0.7071067811865476 0.7071067811865476 -5.268356063861754e-9
vn 0.8320502851678979 0.5547002099801474 -6.199257710336878e-9
vn 0.688247200043142 0.688247200043142 -0.2294157432818214
vn 0.8320502851678979 0.5547002099801474 -6.199257710336878e-9
vn 0.8017837363809595 0.5345224710524249 -0.26726123552621245
vn 0.688247200043142 0.688247200043142 -0.2294157432818214
vn 0.688247200043142 0.688247200043142 -0.2294157432818214
vn 0.8017837363809595 0.5345224710524249 -0.26726123552621245
vn 0.639602143648227 0.639602143648227 -0.4264014489670335
vn 0.8017837363809595 0.5345224710524249 -0.26726123552621245
vn 0.7276068680966881 0.48507125533189915 -0.48507125533189915
vn 0.639602143648227 0.639602143648227 -0.4264014489670335
vn 0.639602143648227 0.639602143648227 -0.4264014489670335
vn 0.7276068680966881 0.48507125533189915 -0.48507125533189915
vn 0.5773502691896257 0.5773502691896257 -0.5773502691896257
vn 0.7276068680966881 0.48507125533189915 -0.48507125533189915
vn 0.639602143648227 0.4264014489670335 -0.639602143648227
vn 0.5773502691896257 0.5773502691896257 -0.5773502691896257
vn 0.639602143648227 0.4264014489670335 0.639602143648227
vn 0.688247200043142 0.2294157432818214 0.688247200043142
vn 0.7276068680966881 0.48507125533189915 0.48507125533189915
vn 0.688247200043142 0.2294157432818214 0.688247200043142
vn 0.8017837363809595 0.26726123552621245 0.5345224710524249
vn 0.7276068680966881 0.48507125533189915 0.48507125533189915
vn 0.7276068680966881 0.48507125533189915 0.48507125533189915
vn 0.8017837363809595 0.26726123552621245 0.5345224710524249
vn 0.8017837363809595 0.5345224710524249 0.26726123552621245
vn 0.8017837363809595 0.26726123552621245 0.5345224710524249
vn 0.9045340337332909 0.30151134457776363 0.30151134457776363
vn 0.8017837363809595 0.5345224710524249 0.26726123552621245
vn 0.8017837363809595 0.5345224710524249 0.26726123552621245
vn 0.9045340337332909 0.30151134457776363 0.30151134457776363
vn 0.8320502851678979 0.5547002099801474 6.199257710336878e-9
vn 0.9045340337332909 0.30151134457776363 0.30151134457776363
vn 0.9486833010307459 0.31622775707614137 7.068241395285323e-9
vn 0.8320502851678979 0.5547002099801474 6.199257710336878e-9
vn 0.8320502851678979 0.5547002099801474 6.199257710336878e-9
vn 0.9486833010307459 0.31622775707614137 7.068241395285323e-9
vn 0.8320502851678979 0.5547002099801474 -6.199257710336878e-9
vn 0.9486833010307459 0.31622775707614137 7.068241395285323e-9
vn 0.9486833010307459 0.31622775707614137 -7.068241395285323e-9
vn 0.8320502851678979 0.5547002099801474 -6.199257710336878e-9
vn 0.8320502851678979 0.5547002099801474 -6.199257710336878e-9
vn 0.9486833010307459 0.31622775707614137 -7.068241395285323e-9
vn 0.8017837363809595 0.5345224710524249 -0.26726123552621245
vn 0.9486833010307459 0.31622775707614137 -7.068241395285323e-9
vn 0.9045340337332909 0.30151134457776363 -0.30151134457776363
vn 0.8017837363809595 0.5345224710524249 -0.26726123552621245
vn 0.8017837363809595 0.5345224710524249 -0.26726123552621245
vn 0.9045340337332909 0.30151134457776363 -0.30151134457776363
vn 0.7276068680966881 0.48507125533189915 -0.48507125533189915
vn 0.9045340337332909 0.30151134457776363 -0.30151134457776363
vn 0.8017837363809595 0.26726123552621245 -0.5345224710524249
vn 0.7276068680966881 0.48507125533189915 -0.48507125533189915
vn 0.7276068680966881 0.48507125533189915 -0.48507125533189915
vn 0.8017837363809595 0.26726123552621245 -0.5345224710524249
vn 0.639602143648227 0.4264014489670335 -0.639602143648227
vn 0.8017837363809595 0.26726123552621245 -0.5345224710524249
vn 0.688247200043142 0.2294157432818214 -0.688247200043142
vn 0.639602143648227 0.4264014489670335 -0.639602143648227
vn 0.688247200043142 0.2294157432818214 0.688247200043142
vn 0.7071067811865476 5.268356063861754e-9 0.7071067811865476
vn 0.8017837363809595 0.26726123552621245 0.5345224710524249
vn 0.7071067811865476 5.268356063861754e-9 0.7071067811865476
vn 0.8320502851678979 6.199257710336878e-9 0.5547002099801474
vn 0.8017837363809595 0.26726123552621245 0.5345224710524249
vn 0.8017837363809595 0.26726123552621245 0.5345224710524249
vn 0.8320502851678979 6.199257710336878e-9 0.5547002099801474
vn 0.9045340337332909 0.30151134457776363 0.30151134457776363
vn 0.8320502851678979 6.199257710336878e-9 0.5547002099801474
vn 0.9486833010307459 7.068241395285323e-9 0.31622775707614137
vn 0.9045340337332909 0.30151134457776363 0.30151134457776363
vn 0.9045340337332909 0.30151134457776363 0.30151134457776363
vn 0.9486833010307459 7.068241395285323e-9 0.31622775707614137
vn 0.9486833010307459 0.31622775707614137 7.068241395285323e-9
vn 0.9486833010307459 7.068241395285323e-9 0.31622775707614137
vn 1 7.450580596923828e-9 7.450580596923828e-9
vn 0.9486833010307459 0.31622775707614137 7.068241395285323e-9
vn 0.9486833010307459 0.31622775707614137 7.068241395285323e-9
vn 1 7.450580596923828e-9 7.450580596923828e-9
vn 0.9486833010307459 0.31622775707614137 -7.068241395285323e-9
vn 1 7.450580596923828e-9 7.450580596923828e-9
vn 1 7.450580596923828e-9 -7.450580596923828e-9
vn 0.9486833010307459 0.31622775707614137 -7.068241395285323e-9
vn 0.9486833010307459 0.31622775707614137 -7.068241395285323e-9
vn 1 7.450580596923828e-9 -7.450580596923828e-9
vn 0.9045340337332909 0.30151134457776363 -0.30151134457776363
vn 1 7.450580596923828e-9 -7.450580596923828e-9
vn 0.9486833010307459 7.068241395285323e-9 -0.31622775707614137
vn 0.9045340337332909 0.30151134457776363 -0.30151134457776363
vn 0.9045340337332909 0.30151134457776363 -0.30151134457776363
vn 0.9486833010307459 7.068241395285323e-9 -0.31622775707614137
vn 0.8017837363809595 0.26726123552621245 -0.5345224710524249
vn 0.9486833010307459 7.068241395285323e-9 -0.31622775707614137
vn 0.8320502851678979 6.199257710336878e-9 -0.5547002099801474
vn 0.8017837363809595 0.26726123552621245 -0.5345224710524249
vn 0.8017837363809595 0.26726123552621245 -0.5345224710524249
vn 0.8320502851678979 6.199257710336878e-9 -0.5547002099801474
vn 0.688247200043142 0.2294157432818214 -0.688247200043142
vn 0.8320502851678979 6.199257710336878e-9 -0.5547002099801474
vn 0.7071067811865476 5.268356063861754e-9 -0.7071067811865476
vn 0.688247200043142 0.2294157432818214 -0.688247200043142
vn 0.7071067811865476 5.268356063861754e-9 0.7071067811865476
vn 0.7071067811865476 -5.268356063861754e-9 0.7071067811865476
vn 0.8320502851678979 6.199257710336878e-9 0.5547002099801474
vn 0.7071067811865476 -5.268356063861754e-9 0.7071067811865476
vn 0.8320502851678979 -6.199257710336878e-9 0.5547002099801474
vn 0.8320502851678979 6.199257710336878e-9 0.5547002099801474
vn 0.8320502851678979 6.199257710336878e-9 0.5547002099801474
vn 0.8320502851678979 -6.199257710336878e-9 0.5547002099801474
vn 0.9486833010307459 7.068241395285323e-9 0.31622775707614137
vn 0.8320502851678979 -6.199257710336878e-9 0.5547002099801474
vn 0.9486833010307459 -7.068241395285323e-9 0.31622775707614137
vn 0.9486833010307459 7.068241395285323e-9 0.31622775707614137
vn 0.9486833010307459 7.068241395285323e-9 0.31622775707614137
vn 0.9486833010307459 -7.068241395285323e-9 0.31622775707614137
vn 1 7.450580596923828e-9 7.450580596923828e-9
vn 0.9486833010307459 -7.068241395285323e-9 0.31622775707614137
vn 1 -7.450580596923828e-9 7.450580596923828e-9
vn 1 7.450580596923828e-9 7.450580596923828e-9
vn 1 7.450580596923828e-9 7.450580596923828e-9
vn 1 -7.450580596923828e-9 7.450580596923828e-9
vn 1 7.450580596923828e-9 -7.450580596923828e-9
vn 1 -7.450580596923828e-9 7.450580596923828e-9
vn 1 -7.450580596923828e-9 -7.450580596923828e-9
vn 1 7.450580596923828e-9 -7.450580596923828e-9
vn 1 7.450580596923828e-9 -7.450580596923828e-9
vn 1 -7.450580596923828e-9 -7.450580596923828e-9
vn 0.9486833010307459 7.068241395285323e-9 -0.31622775707614137
vn 1 -7.450580596923828e-9 -7.450580596923828e-9
vn 0.9486833010307459 -7.068241395285323e-9 -0.31622775707614137
vn 0.9486833010307459 7.068241395285323e-9 -0.31622775707614137
vn 0.9486833010307459 7.068241395285323e-9 -0.31622775707614137
vn 0.9486833010307459 -7.068241395285323e-9 -0.31622775707614137
vn 0.8320502851678979 6.199257710336878e-9 -0.5547002099801474
vn 0.9486833010307459 -7.068241395285323e-9 -0.31622775707614137
vn 0.8320502851678979 -6.199257710336878e-9 -0.5547002099801474
vn 0.8320502851678979 6.199257710336878e-9 -0.5547002099801474
vn 0.8320502851678979 6.199257710336878e-9 -0.5547002099801474
vn 0.8320502851678979 -6.199257710336878e-9 -0.5547002099801474
vn 0.7071067811865476 5.268356063861754e-9 -0.7071067811865476
vn 0.8320502851678979 -6.199257710336878e-9 -0.5547002099801474
vn 0.7071067811865476 -5.268356063861754e-9 -0.7071067811865476
vn 0.7071067811865476 5.268356063861754e-9 -0.7071067811865476
vn 0.7071067811865476 -5.268356063861754e-9 0.7071067811865476
vn 0.688247200043142 -0.2294157432818214 0.688247200043142
vn 0.8320502851678979 -6.199257710336878e-9 0.5547002099801474
vn 0.688247200043142 -0.2294157432818214 0.688247200043142
vn 0.8017837363809595 -0.26726123552621245 0.5345224710524249
vn 0.8320502851678979 -6.199257710336878e-9 0.5547002099801474
vn 0.8320502851678979 -6.199257710336878e-9 0.5547002099801474
vn 0.8017837363809595 -0.26726123552621245 0.5345224710524249
vn 0.9486833010307459 -7.068241395285323e-9 0.31622775707614137
vn 0.8017837363809595 -0.26726123552621245 0.5345224710524249
vn 0.9045340337332909 -0.30151134457776363 0.30151134457776363
vn 0.9486833010307459 -7.068241395285323e-9 0.31622775707614137
vn 0.9486833010307459 -7.068241395285323e-9 0.31622775707614137
vn 0.9045340337332909 -0.30151134457776363 0.30151134457776363
vn 1 -7.450580596923828e-9 7.450580596923828e-9
vn 0.9045340337332909 -0.30151134457776363 0.30151134457776363
vn 0.9486833010307459 -0.31622775707614137 7.068241395285323e-9
vn 1 -7.450580596923828e-9 7.450580596923828e-9
vn 1 -7.450580596923828e-9 7.450580596923828e-9
vn 0.9486833010307459 -0.31622775707614137 7.068241395285323e-9
vn 1 -7.450580596923828e-9 -7.450580596923828e-9
vn 0.9486833010307459 -0.31622775707614137 7.068241395285323e-9
vn 0.9486833010307459 -0.31622775707614137 -7.068241395285323e-9
vn 1 -7.450580596923828e-9 -7.450580596923828e-9
vn 1 -7.450580596923828e-9 -7.450580596923828e-9
vn 0.9486833010307459 -0.31622775707614137 -7.068241395285323e-9
vn 0.9486833010307459 -7.068241395285323e-9 -0.31622775707614137
vn 0.9486833010307459 -0.31622775707614137 -7.068241395285323e-9
vn 0.9045340337332909 -0.30151134457776363 -0.30151134457776363
vn 0.9486833010307459 -7.068241395285323e-9 -0.31622775707614137
vn 0.9486833010307459 -7.068241395285323e-9 -0.31622775707614137
vn 0.9045340337332909 -0.30151134457776363 -0.30151134457776363
vn 0.8320502851678979 -6.199257710336878e-9 -0.5547002099801474
vn 0.9045340337332909 -0.30151134457776363 -0.30151134457776363
vn 0.8017837363809595 -0.26726123552621245 -0.5345224710524249
vn 0.8320502851678979 -6.199257710336878e-9 -0.5547002099801474
vn 0.8320502851678979 -6.199257710336878e-9 -0.5547002099801474
vn 0.8017837363809595 -0.26726123552621245 -0.5345224710524249
vn 0.7071067811865476 -5.268356063861754e-9 -0.7071067811865476
vn 0.8017837363809595 -0.26726123552621245 -0.5345224710524249
vn 0.688247200043142 -0.2294157432818214 -0.688247200043142
vn 0.7071067811865476 -5.268356063861754e-9 -0.7071067811865476
vn 0.688247200043142 -0.2294157432818214 0.688247200043142
vn 0.639602143648227 -0.4264014489670335 0.639602143648227
vn 0.8017837363809595 -0.26726123552621245 0.5345224710524249
vn 0.639602143648227 -0.4264014489670335 0.639602143648227
vn 0.7276068680966881 -0.48507125533189915 0.48507125533189915
vn 0.8017837363809595 -0.26726123552621245 0.5345224710524249
vn 0.8017837363809595 -0.26726123552621245 0.5345224710524249
vn 0.7276068680966881 -0.48507125533189915 0.48507125533189915
vn 0.9045340337332909 -0.30151134457776363 0.30151134457776363
vn 0.7276068680966881 -0.48507125533189915 0.48507125533189915
vn 0.8017837363809595 -0.5345224710524249 0.26726123552621245
vn 0.9045340337332909 -0.30151134457776363 0.30151134457776363
vn 0.9045340337332909 -0.30151134457776363 0.30151134457776363
vn 0.8017837363809595 -0.5345224710524249 0.26726123552621245
vn 0.9486833010307459 -0.31622775707614137 7.068241395285323e-9
vn 0.8017837363809595 -0.5345224710524249 0.26726123552621245
vn 0.8320502851678979 -0.5547002099801474 6.199257710336878e-9
vn 0.9486833010307459 -0.31622775707614137 7.068241395285323e-9
vn 0.9486833010307459 -0.31622775707614137 7.068241395285323e-9
vn 0.8320502851678979 -0.5547002099801474 6.199257710336878e-9
vn 0.9486833010307459 -0.31622775707614137 -7.068241395285323e-9
vn 0.8320502851678979 -0.5547002099801474 6.199257710336878e-9
vn 0.8320502851678979 -0.5547002099801474 -6.199257710336878e-9
vn 0.9486833010307459 -0.31622775707614137 -7.068241395285323e-9
vn 0.9486833010307459 -0.31622775707614137 -7.068241395285323e-9
vn 0.8320502851678979 -0.5547002099801474 -6.199257710336878e-9
vn 0.9045340337332909 -0.30151134457776363 -0.30151134457776363
vn 0.8320502851678979 -0.5547002099801474 -6.199257710336878e-9
vn 0.8017837363809595 -0.5345224710524249 -0.26726123552621245
vn 0.9045340337332909 -0.30151134457776363 -0.30151134457776363
vn 0.9045340337332909 -0.30151134457776363 -0.30151134457776363
vn 0.8017837363809595 -0.5345224710524249 -0.26726123552621245
vn 0.8017837363809595 -0.26726123552621245 -0.5345224710524249
vn 0.8017837363809595 -0.5345224710524249 -0.26726123552621245
vn 0.7276068680966881 -0.48507125533189915 -0.48507125533189915
vn 0.8017837363809595 -0.26726123552621245 -0.5345224710524249
vn 0.8017837363809595 -0.26726123552621245 -0.5345224710524249
vn 0.7276068680966881 -0.48507125533189915 -0.48507125533189915
vn 0.688247200043142 -0.2294157432818214 -0.688247200043142
vn 0.7276068680966881 -0.48507125533189915 -0.48507125533189915
vn 0.639602143648227 -0.4264014489670335 -0.639602143648227
vn 0.688247200043142 -0.2294157432818214 -0.688247200043142
vn 0.639602143648227 -0.4264014489670335 0.639602143648227
vn 0.5773502691896257 -0.5773502691896257 0.5773502691896257
vn 0.7276068680966881 -0.48507125533189915 0.48507125533189915
vn 0.5773502691896257 -0.5773502691896257 0.5773502691896257
vn 0.639602143648227 -0.639602143648227 0.4264014489670335
vn 0.7276068680966881 -0.48507125533189915 0.48507125533189915
vn 0.7276068680966881 -0.48507125533189915 0.48507125533189915
vn 0.639602143648227 -0.639602143648227 0.4264014489670335
vn 0.8017837363809595 -0.5345224710524249 0.26726123552621245
vn 0.639602143648227 -0.639602143648227 0.4264014489670335
vn 0.688247200043142 -0.688247200043142 0.2294157432818214
vn 0.8017837363809595 -0.5345224710524249 0.26726123552621245
vn 0.8017837363809595 -0.5345224710524249 0.26726123552621245
vn 0.688247200043142 -0.688247200043142 0.2294157432818214
vn 0.8320502851678979 -0.5547002099801474 6.199257710336878e-9
vn 0.688247200043142 -0.688247200043142 0.2294157432818214
vn 0.7071067811865476 -0.7071067811865476 5.268356063861754e-9
vn 0.8320502851678979 -0.5547002099801474 6.199257710336878e-9
vn 0.8320502851678979 -0.5547002099801474 6.199257710336878e-9
vn 0.7071067811865476 -0.7071067811865476 5.268356063861754e-9
vn 0.8320502851678979 -0.5547002099801474 -6.199257710336878e-9
vn 0.7071067811865476 -0.7071067811865476 5.268356063861754e-9
vn 0.7071067811865476 -0.7071067811865476 -5.268356063861754e-9
vn 0.8320502851678979 -0.5547002099801474 -6.199257710336878e-9
vn 0.8320502851678979 -0.5547002099801474 -6.199257710336878e-9
vn 0.7071067811865476 -0.7071067811865476 -5.268356063861754e-9
vn 0.8017837363809595 -0.5345224710524249 -0.26726123552621245
vn 0.7071067811865476 -0.7071067811865476 -5.268356063861754e-9
vn 0.688247200043142 -0.688247200043142 -0.2294157432818214
vn 0.8017837363809595 -0.5345224710524249 -0.26726123552621245
vn 0.8017837363809595 -0.5345224710524249 -0.26726123552621245
vn 0.688247200043142 -0.688247200043142 -0.2294157432818214
vn 0.7276068680966881 -0.48507125533189915 -0.48507125533189915
vn 0.688247200043142 -0.688247200043142 -0.2294157432818214
vn 0.639602143648227 -0.639602143648227 -0.4264014489670335
vn 0.7276068680966881 -0.48507125533189915 -0.48507125533189915
vn 0.7276068680966881 -0.48507125533189915 -0.48507125533189915
vn 0.639602143648227 -0.639602143648227 -0.4264014489670335
vn 0.639602143648227 -0.4264014489670335 -0.639602143648227
vn 0.639602143648227 -0.639602143648227 -0.4264014489670335
vn 0.5773502691896257 -0.5773502691896257 -0.5773502691896257
vn 0.639602143648227 -0.4264014489670335 -0.639602143648227
vn -0.5773502691896257 0.5773502691896257 -0.5773502691896257
vn -0.639602143648227 0.4264014489670335 -0.639602143648227
vn -0.639602143648227 0.639602143648227 -0.4264014489670335
vn -0.639602143648227 0.4264014489670335 -0.639602143648227
vn -0.7276068680966881 0.48507125533189915 -0.48507125533189915
vn -0.639602143648227 0.639602143648227 -0.4264014489670335
vn -0.639602143648227 0.639602143648227 -0.4264014489670335
vn -0.7276068680966881 0.48507125533189915 -0.48507125533189915
vn -0.688247200043142 0.688247200043142 -0.2294157432818214
vn -0.7276068680966881 0.48507125533189915 -0.48507125533189915
vn -0.8017837363809595 0.5345224710524249 -0.26726123552621245
vn -0.688247200043142 0.688247200043142 -0.2294157432818214
vn -0.688247200043142 0.688247200043142 -0.2294157432818214
vn -0.8017837363809595 0.5345224710524249 -0.26726123552621245
vn -0.7071067811865476 0.7071067811865476 -5.268356063861754e-9
vn -0.8017837363809595 0.5345224710524249 -0.26726123552621245
vn -0.8320502851678979 0.5547002099801474 -6.199257710336878e-9
vn -0.7071067811865476 0.7071067811865476 -5.268356063861754e-9
vn -0.7071067811865476 0.7071067811865476 -5.268356063861754e-9
vn -0.8320502851678979 0.5547002099801474 -6.199257710336878e-9
vn -0.7071067811865476 0.7071067811865476 5.268356063861754e-9
vn -0.8320502851678979 0.5547002099801474 -6.199257710336878e-9
vn -0.8320502851678979 0.5547002099801474 6.199257710336878e-9
vn -0.7071067811865476 0.7071067811865476 5.268356063861754e-9
vn -0.7071067811865476 0.7071067811865476 5.268356063861754e-9
vn -0.8320502851678979 0.5547002099801474 6.199257710336878e-9
vn -0.688247200043142 0.688247200043142 0.2294157432818214
vn -0.8320502851678979 0.5547002099801474 6.199257710336878e-9
vn -0.8017837363809595 0.5345224710524249 0.26726123552621245
vn -0.688247200043142 0.688247200043142 0.2294157432818214
vn -0.688247200043142 0.688247200043142 0.2294157432818214
vn -0.8017837363809595 0.5345224710524249 0.26726123552621245
vn -0.639602143648227 0.639602143648227 0.4264014489670335
vn -0.8017837363809595 0.5345224710524249 0.26726123552621245
vn -0.7276068680966881 0.48507125533189915 0.48507125533189915
vn -0.639602143648227 0.639602143648227 0.4264014489670335
vn -0.639602143648227 0.639602143648227 0.4264014489670335
vn -0.7276068680966881 0.48507125533189915 0.48507125533189915
vn -0.5773502691896257 0.5773502691896257 0.5773502691896257
vn -0.7276068680966881 0.48507125533189915 0.48507125533189915
vn -0.639602143648227 0.4264014489670335 0.639602143648227
vn -0.5773502691896257 0.5773502691896257 0.5773502691896257
vn -0.639602143648227 0.4264014489670335 -0.639602143648227
vn -0.688247200043142 0.2294157432818214 -0.688247200043142
vn -0.7276068680966881 0.48507125533189915 -0.48507125533189915
vn -0.688247200043142 0.2294157432818214 -0.688247200043142
vn -0.8017837363809595 0.26726123552621245 -0.5345224710524249
vn -0.7276068680966881 0.48507125533189915 -0.48507125533189915
vn -0.7276068680966881 0.48507125533189915 -0.48507125533189915
vn -0.8017837363809595 0.26726123552621245 -0.5345224710524249
vn -0.8017837363809595 0.5345224710524249 -0.26726123552621245
vn -0.8017837363809595 0.26726123552621245 -0.5345224710524249
vn -0.9045340337332909 0.30151134457776363 -0.30151134457776363
vn -0.8017837363809595 0.5345224710524249 -0.26726123552621245
vn -0.8017837363809595 0.5345224710524249 -0.26726123552621245
vn -0.9045340337332909 0.30151134457776363 -0.30151134457776363
vn -0.8320502851678979 0.5547002099801474 -6.199257710336878e-9
vn -0.9045340337332909 0.30151134457776363 -0.30151134457776363
vn -0.9486833010307459 0.31622775707614137 -7.068241395285323e-9
vn -0.8320502851678979 0.5547002099801474 -6.199257710336878e-9
vn -0.8320502851678979 0.5547002099801474 -6.199257710336878e-9
vn -0.9486833010307459 0.31622775707614137 -7.068241395285323e-9
vn -0.8320502851678979 0.5547002099801474 6.199257710336878e-9
vn -0.9486833010307459 0.31622775707614137 -7.068241395285323e-9
vn -0.9486833010307459 0.31622775707614137 7.068241395285323e-9
vn -0.8320502851678979 0.5547002099801474 6.199257710336878e-9
vn -0.8320502851678979 0.5547002099801474 6.199257710336878e-9
vn -0.9486833010307459 0.31622775707614137 7.068241395285323e-9
vn -0.8017837363809595 0.5345224710524249 0.26726123552621245
vn -0.9486833010307459 0.31622775707614137 7.068241395285323e-9
vn -0.9045340337332909 0.30151134457776363 0.30151134457776363
vn -0.8017837363809595 0.5345224710524249 0.26726123552621245
vn -0.8017837363809595 0.5345224710524249 0.26726123552621245
vn -0.9045340337332909 0.30151134457776363 0.30151134457776363
vn -0.7276068680966881 0.48507125533189915 0.48507125533189915
vn -0.9045340337332909 0.30151134457776363 0.30151134457776363
vn -0.8017837363809595 0.26726123552621245 0.5345224710524249
vn -0.7276068680966881 0.48507125533189915 0.48507125533189915
vn -0.7276068680966881 0.48507125533189915 0.48507125533189915
vn -0.8017837363809595 0.26726123552621245 0.5345224710524249
vn -0.639602143648227 0.4264014489670335 0.639602143648227
vn -0.8017837363809595 0.26726123552621245 0.5345224710524249
vn -0.688247200043142 0.2294157432818214 0.688247200043142
vn -0.639602143648227 0.4264014489670335 0.639602143648227
vn -0.688247200043142 0.2294157432818214 -0.688247200043142
vn -0.7071067811865476 5.268356063861754e-9 -0.7071067811865476
vn -0.8017837363809595 0.26726123552621245 -0.5345224710524249
vn -0.7071067811865476 5.268356063861754e-9 -0.7071067811865476
vn -0.8320502851678979 6.199257710336878e-9 -0.5547002099801474
vn -0.8017837363809595 0.26726123552621245 -0.5345224710524249
vn -0.8017837363809595 0.26726123552621245 -0.5345224710524249
vn -0.8320502851678979 6.199257710336878e-9 -0.5547002099801474
vn -0.9045340337332909 0.30151134457776363 -0.30151134457776363
vn -0.8320502851678979 6.199257710336878e-9 -0.5547002099801474
vn -0.9486833010307459 7.068241395285323e-9 -0.31622775707614137
vn -0.9045340337332909 0.30151134457776363 -0.30151134457776363
vn -0.9045340337332909 0.30151134457776363 -0.30151134457776363
vn -0.9486833010307459 7.068241395285323e-9 -0.31622775707614137
vn -0.9486833010307459 0.31622775707614137 -7.068241395285323e-9
vn -0.9486833010307459 7.068241395285323e-9 -0.31622775707614137
vn -1 7.450580596923828e-9 -7.450580596923828e-9
vn -0.9486833010307459 0.31622775707614137 -7.068241395285323e-9
vn -0.9486833010307459 0.31622775707614137 -7.068241395285323e-9
vn -1 7.450580596923828e-9 -7.450580596923828e-9
vn -0.9486833010307459 0.31622775707614137 7.068241395285323e-9
vn -1 7.450580596923828e-9 -7.450580596923828e-9
vn -1 7.450580596923828e-9 7.450580596923828e-9
vn -0.9486833010307459 0.31622775707614137 7.068241395285323e-9
vn -0.9486833010307459 0.31622775707614137 7.068241395285323e-9
vn -1 7.450580596923828e-9 7.450580596923828e-9
vn -0.9045340337332909 0.30151134457776363 0.30151134457776363
vn -1 7.450580596923828e-9 7.450580596923828e-9
vn -0.9486833010307459 7.068241395285323e-9 0.31622775707614137
vn -0.9045340337332909 0.30151134457776363 0.30151134457776363
vn -0.9045340337332909 0.30151134457776363 0.30151134457776363
vn -0.9486833010307459 7.068241395285323e-9 0.31622775707614137
vn -0.8017837363809595 0.26726123552621245 0.5345224710524249
vn -0.9486833010307459 7.068241395285323e-9 0.31622775707614137
vn -0.8320502851678979 6.199257710336878e-9 0.5547002099801474
vn -0.8017837363809595 0.26726123552621245 0.5345224710524249
vn -0.8017837363809595 0.26726123552621245 0.5345224710524249
vn -0.8320502851678979 6.199257710336878e-9 0.5547002099801474
vn -0.688247200043142 0.2294157432818214 0.688247200043142
vn -0.8320502851678979 6.199257710336878e-9 0.5547002099801474
vn -0.7071067811865476 5.268356063861754e-9 0.7071067811865476
vn -0.688247200043142 0.2294157432818214 0.688247200043142
vn -0.7071067811865476 5.268356063861754e-9 -0.7071067811865476
vn -0.7071067811865476 -5.268356063861754e-9 -0.7071067811865476
vn -0.8320502851678979 6.199257710336878e-9 -0.5547002099801474
vn -0.7071067811865476 -5.268356063861754e-9 -0.7071067811865476
vn -0.8320502851678979 -6.199257710336878e-9 -0.5547002099801474
vn -0.8320502851678979 6.199257710336878e-9 -0.5547002099801474
vn -0.8320502851678979 6.199257710336878e-9 -0.5547002099801474
vn -0.8320502851678979 -6.199257710336878e-9 -0.5547002099801474
vn -0.9486833010307459 7.068241395285323e-9 -0.31622775707614137
vn -0.8320502851678979 -6.199257710336878e-9 -0.5547002099801474
vn -0.9486833010307459 -7.068241395285323e-9 -0.31622775707614137
vn -0.9486833010307459 7.068241395285323e-9 -0.31622775707614137
vn -0.9486833010307459 7.068241395285323e-9 -0.31622775707614137
vn -0.9486833010307459 -7.068241395285323e-9 -0.31622775707614137
vn -1 7.450580596923828e-9 -7.450580596923828e-9
vn -0.9486833010307459 -7.068241395285323e-9 -0.31622775707614137
vn -1 -7.450580596923828e-9 -7.450580596923828e-9
vn -1 7.450580596923828e-9 -7.450580596923828e-9
vn -1 7.450580596923828e-9 -7.450580596923828e-9
vn -1 -7.450580596923828e-9 -7.450580596923828e-9
vn -1 7.450580596923828e-9 7.450580596923828e-9
vn -1 -7.450580596923828e-9 -7.450580596923828e-9
vn -1 -7.450580596923828e-9 7.450580596923828e-9
vn -1 7.450580596923828e-9 7.450580596923828e-9
vn -1 7.450580596923828e-9 7.450580596923828e-9
vn -1 -7.450580596923828e-9 7.450580596923828e-9
vn -0.9486833010307459 7.068241395285323e-9 0.31622775707614137
vn -1 -7.450580596923828e-9 7.450580596923828e-9
vn -0.9486833010307459 -7.068241395285323e-9 0.31622775707614137
vn -0.9486833010307459 7.068241395285323e-9 0.31622775707614137
vn -0.9486833010307459 7.068241395285323e-9 0.31622775707614137
vn -0.9486833010307459 -7.068241395285323e-9 0.31622775707614137
vn -0.8320502851678979 6.199257710336878e-9 0.5547002099801474
vn -0.9486833010307459 -7.068241395285323e-9 0.31622775707614137
vn -0.8320502851678979 -6.199257710336878e-9 0.5547002099801474
vn -0.8320502851678979 6.199257710336878e-9 0.5547002099801474
vn -0.8320502851678979 6.199257710336878e-9 0.5547002099801474
vn -0.8320502851678979 -6.199257710336878e-9 0.5547002099801474
vn -0.7071067811865476 5.268356063861754e-9 0.7071067811865476
vn -0.8320502851678979 -6.199257710336878e-9 0.5547002099801474
vn -0.7071067811865476 -5.268356063861754e-9 0.7071067811865476
vn -0.7071067811865476 5.268356063861754e-9 0.7071067811865476
vn -0.7071067811865476 -5.268356063861754e-9 -0.7071067811865476
vn -0.688247200043142 -0.2294157432818214 -0.688247200043142
vn -0.8320502851678979 -6.199257710336878e-9 -0.5547002099801474
vn -0.688247200043142 -0.2294157432818214 -0.688247200043142
vn -0.8017837363809595 -0.26726123552621245 -0.5345224710524249
vn -0.8320502851678979 -6.199257710336878e-9 -0.5547002099801474
vn -0.8320502851678979 -6.199257710336878e-9 -0.5547002099801474
vn -0.8017837363809595 -0.26726123552621245 -0.5345224710524249
vn -0.9486833010307459 -7.068241395285323e-9 -0.31622775707614137
vn -0.8017837363809595 -0.26726123552621245 -0.5345224710524249
vn -0.9045340337332909 -0.30151134457776363 -0.30151134457776363
vn -0.9486833010307459 -7.068241395285323e-9 -0.31622775707614137
vn -0.9486833010307459 -7.068241395285323e-9 -0.31622775707614137
vn -0.9045340337332909 -0.30151134457776363 -0.30151134457776363
vn -1 -7.450580596923828e-9 -7.450580596923828e-9
vn -0.9045340337332909 -0.30151134457776363 -0.30151134457776363
vn -0.9486833010307459 -0.31622775707614137 -7.068241395285323e-9
vn -1 -7.450580596923828e-9 -7.450580596923828e-9
vn -1 -7.450580596923828e-9 -7.450580596923828e-9
vn -0.9486833010307459 -0.31622775707614137 -7.068241395285323e-9
vn -1 -7.450580596923828e-9 7.450580596923828e-9
vn -0.9486833010307459 -0.31622775707614137 -7.068241395285323e-9
vn -0.9486833010307459 -0.31622775707614137 7.068241395285323e-9
vn -1 -7.450580596923828e-9 7.450580596923828e-9
vn -1 -7.450580596923828e-9 7.450580596923828e-9
vn -0.9486833010307459 -0.31622775707614137 7.068241395285323e-9
vn -0.9486833010307459 -7.068241395285323e-9 0.31622775707614137
vn -0.9486833010307459 -0.31622775707614137 7.068241395285323e-9
vn -0.9045340337332909 -0.30151134457776363 0.30151134457776363
vn -0.9486833010307459 -7.068241395285323e-9 0.31622775707614137
vn -0.9486833010307459 -7.068241395285323e-9 0.31622775707614137
vn -0.9045340337332909 -0.30151134457776363 0.30151134457776363
vn -0.8320502851678979 -6.199257710336878e-9 0.5547002099801474
vn -0.9045340337332909 -0.30151134457776363 0.30151134457776363
vn -0.8017837363809595 -0.26726123552621245 0.5345224710524249
vn -0.8320502851678979 -6.199257710336878e-9 0.5547002099801474
vn -0.8320502851678979 -6.199257710336878e-9 0.5547002099801474
vn -0.8017837363809595 -0.26726123552621245 0.5345224710524249
vn -0.7071067811865476 -5.268356063861754e-9 0.7071067811865476
vn -0.8017837363809595 -0.26726123552621245 0.5345224710524249
vn -0.688247200043142 -0.2294157432818214 0.688247200043142
vn -0.7071067811865476 -5.268356063861754e-9 0.7071067811865476
vn -0.688247200043142 -0.2294157432818214 -0.688247200043142
vn -0.639602143648227 -0.4264014489670335 -0.639602143648227
vn -0.8017837363809595 -0.26726123552621245 -0.5345224710524249
vn -0.639602143648227 -0.4264014489670335 -0.639602143648227
vn -0.7276068680966881 -0.48507125533189915 -0.48507125533189915
vn -0.8017837363809595 -0.26726123552621245 -0.5345224710524249
vn -0.8017837363809595 -0.26726123552621245 -0.5345224710524249
vn -0.7276068680966881 -0.48507125533189915 -0.48507125533189915
vn -0.9045340337332909 -0.30151134457776363 -0.30151134457776363
vn -0.7276068680966881 -0.48507125533189915 -0.48507125533189915
vn -0.8017837363809595 -0.5345224710524249 -0.26726123552621245
vn -0.9045340337332909 -0.30151134457776363 -0.30151134457776363
vn -0.9045340337332909 -0.30151134457776363 -0.30151134457776363
vn -0.8017837363809595 -0.5345224710524249 -0.26726123552621245
vn -0.9486833010307459 -0.31622775707614137 -7.068241395285323e-9
vn -0.8017837363809595 -0.5345224710524249 -0.26726123552621245
vn -0.8320502851678979 -0.5547002099801474 -6.199257710336878e-9
vn -0.9486833010307459 -0.31622775707614137 -7.068241395285323e-9
vn -0.9486833010307459 -0.31622775707614137 -7.068241395285323e-9
vn -0.8320502851678979 -0.5547002099801474 -6.199257710336878e-9
vn -0.9486833010307459 -0.31622775707614137 7.068241395285323e-9
vn -0.8320502851678979 -0.5547002099801474 -6.199257710336878e-9
vn -0.8320502851678979 -0.5547002099801474 6.199257710336878e-9
vn -0.9486833010307459 -0.31622775707614137 7.068241395285323e-9
vn -0.9486833010307459 -0.31622775707614137 7.068241395285323e-9
vn -0.8320502851678979 -0.5547002099801474 6.199257710336878e-9
vn -0.9045340337332909 -0.30151134457776363 0.30151134457776363
vn -0.8320502851678979 -0.5547002099801474 6.199257710336878e-9
vn -0.8017837363809595 -0.5345224710524249 0.26726123552621245
vn -0.9045340337332909 -0.30151134457776363 0.30151134457776363
vn -0.9045340337332909 -0.30151134457776363 0.30151134457776363
vn -0.8017837363809595 -0.5345224710524249 0.26726123552621245
vn -0.8017837363809595 -0.26726123552621245 0.5345224710524249
vn -0.8017837363809595 -0.5345224710524249 0.26726123552621245
vn -0.7276068680966881 -0.48507125533189915 0.48507125533189915
vn -0.8017837363809595 -0.26726123552621245 0.5345224710524249
vn -0.8017837363809595 -0.26726123552621245 0.5345224710524249
vn -0.7276068680966881 -0.48507125533189915 0.48507125533189915
vn -0.688247200043142 -0.2294157432818214 0.688247200043142
vn -0.7276068680966881 -0.48507125533189915 0.48507125533189915
vn -0.639602143648227 -0.4264014489670335 0.639602143648227
vn -0.688247200043142 -0.2294157432818214 0.688247200043142
vn -0.639602143648227 -0.4264014489670335 -0.639602143648227
vn -0.5773502691896257 -0.5773502691896257 -0.5773502691896257
vn -0.7276068680966881 -0.48507125533189915 -0.48507125533189915
vn -0.5773502691896257 -0.5773502691896257 -0.5773502691896257
vn -0.639602143648227 -0.639602143648227 -0.4264014489670335
vn -0.7276068680966881 -0.48507125533189915 -0.48507125533189915
vn -0.7276068680966881 -0.48507125533189915 -0.48507125533189915
vn -0.639602143648227 -0.639602143648227 -0.4264014489670335
vn -0.8017837363809595 -0.5345224710524249 -0.26726123552621245
vn -0.639602143648227 -0.639602143648227 -0.4264014489670335
vn -0.688247200043142 -0.688247200043142 -0.2294157432818214
vn -0.8017837363809595 -0.5345224710524249 -0.26726123552621245
vn -0.8017837363809595 -0.5345224710524249 -0.26726123552621245
vn -0.688247200043142 -0.688247200043142 -0.2294157432818214
vn -0.8320502851678979 -0.5547002099801474 -6.199257710336878e-9
vn -0.688247200043142 -0.688247200043142 -0.2294157432818214
vn -0.7071067811865476 -0.7071067811865476 -5.268356063861754e-9
vn -0.8320502851678979 -0.5547002099801474 -6.199257710336878e-9
vn -0.8320502851678979 -0.5547002099801474 -6.199257710336878e-9
vn -0.7071067811865476 -0.7071067811865476 -5.268356063861754e-9
vn -0.8320502851678979 -0.5547002099801474 6.199257710336878e-9
vn -0.7071067811865476 -0.7071067811865476 -5.268356063861754e-9
vn -0.7071067811865476 -0.7071067811865476 5.268356063861754e-9
vn -0.8320502851678979 -0.5547002099801474 6.199257710336878e-9
vn -0.8320502851678979 -0.5547002099801474 6.199257710336878e-9
vn -0.7071067811865476 -0.7071067811865476 5.268356063861754e-9
vn -0.8017837363809595 -0.5345224710524249 0.26726123552621245
vn -0.7071067811865476 -0.7071067811865476 5.268356063861754e-9
vn -0.688247200043142 -0.688247200043142 0.2294157432818214
vn -0.8017837363809595 -0.5345224710524249 0.26726123552621245
vn -0.8017837363809595 -0.5345224710524249 0.26726123552621245
vn -0.688247200043142 -0.688247200043142 0.2294157432818214
vn -0.7276068680966881 -0.48507125533189915 0.48507125533189915
vn -0.688247200043142 -0.688247200043142 0.2294157432818214
vn -0.639602143648227 -0.639602143648227 0.4264014489670335
vn -0.7276068680966881 -0.48507125533189915 0.48507125533189915
vn -0.7276068680966881 -0.48507125533189915 0.48507125533189915
vn -0.639602143648227 -0.639602143648227 0.4264014489670335
vn -0.639602143648227 -0.4264014489670335 0.639602143648227
vn -0.639602143648227 -0.639602143648227 0.4264014489670335
vn -0.5773502691896257 -0.5773502691896257 0.5773502691896257
vn -0.639602143648227 -0.4264014489670335 0.639602143648227
vn -0.5773502691896257 0.5773502691896257 -0.5773502691896257
vn -0.639602143648227 0.639602143648227 -0.4264014489670335
vn -0.4264014489670335 0.639602143648227 -0.639602143648227
vn -0.639602143648227 0.639602143648227 -0.4264014489670335
vn -0.48507125533189915 0.7276068680966881 -0.48507125533189915
vn -0.4264014489670335 0.639602143648227 -0.639602143648227
vn -0.4264014489670335 0.639602143648227 -0.639602143648227
vn -0.48507125533189915 0.7276068680966881 -0.48507125533189915
vn -0.2294157432818214 0.688247200043142 -0.688247200043142
vn -0.48507125533189915 0.7276068680966881 -0.48507125533189915
vn -0.26726123552621245 0.8017837363809595 -0.5345224710524249
vn -0.2294157432818214 0.688247200043142 -0.688247200043142
vn -0.2294157432818214 0.688247200043142 -0.688247200043142
vn -0.26726123552621245 0.8017837363809595 -0.5345224710524249
vn -5.268356063861754e-9 0.7071067811865476 -0.7071067811865476
vn -0.26726123552621245 0.8017837363809595 -0.5345224710524249
vn -6.199257710336878e-9 0.8320502851678979 -0.5547002099801474
vn -5.268356063861754e-9 0.7071067811865476 -0.7071067811865476
vn -5.268356063861754e-9 0.7071067811865476 -0.7071067811865476
vn -6.199257710336878e-9 0.8320502851678979 -0.5547002099801474
vn 5.268356063861754e-9 0.7071067811865476 -0.7071067811865476
vn -6.199257710336878e-9 0.8320502851678979 -0.5547002099801474
vn 6.199257710336878e-9 0.8320502851678979 -0.5547002099801474
vn 5.268356063861754e-9 0.7071067811865476 -0.7071067811865476
vn 5.268356063861754e-9 0.7071067811865476 -0.7071067811865476
vn 6.199257710336878e-9 0.8320502851678979 -0.5547002099801474
vn 0.2294157432818214 0.688247200043142 -0.688247200043142
vn 6.199257710336878e-9 0.8320502851678979 -0.5547002099801474
vn 0.26726123552621245 0.8017837363809595 -0.5345224710524249
vn 0.2294157432818214 0.688247200043142 -0.688247200043142
vn 0.2294157432818214 0.688247200043142 -0.688247200043142
vn 0.26726123552621245 0.8017837363809595 -0.5345224710524249
vn 0.4264014489670335 0.639602143648227 -0.639602143648227
vn 0.26726123552621245 0.8017837363809595 -0.5345224710524249
vn 0.48507125533189915 0.7276068680966881 -0.48507125533189915
vn 0.4264014489670335 0.639602143648227 -0.639602143648227
vn 0.4264014489670335 0.639602143648227 -0.639602143648227
vn 0.48507125533189915 0.7276068680966881 -0.48507125533189915
vn 0.5773502691896257 0.5773502691896257 -0.5773502691896257
vn 0.48507125533189915 0.7276068680966881 -0.48507125533189915
vn 0.639602143648227 0.639602143648227 -0.4264014489670335
vn 0.5773502691896257 0.5773502691896257 -0.5773502691896257
vn -0.639602143648227 0.639602143648227 -0.4264014489670335
vn -0.688247200043142 0.688247200043142 -0.2294157432818214
vn -0.48507125533189915 0.7276068680966881 -0.48507125533189915
vn -0.688247200043142 0.688247200043142 -0.2294157432818214
vn -0.5345224710524249 0.8017837363809595 -0.26726123552621245
vn -0.48507125533189915 0.7276068680966881 -0.48507125533189915
vn -0.48507125533189915 0.7276068680966881 -0.48507125533189915
vn -0.5345224710524249 0.8017837363809595 -0.26726123552621245
vn -0.26726123552621245 0.8017837363809595 -0.5345224710524249
vn -0.5345224710524249 0.8017837363809595 -0.26726123552621245
vn -0.30151134457776363 0.9045340337332909 -0.30151134457776363
vn -0.26726123552621245 0.8017837363809595 -0.5345224710524249
vn -0.26726123552621245 0.8017837363809595 -0.5345224710524249
vn -0.30151134457776363 0.9045340337332909 -0.30151134457776363
vn -6.199257710336878e-9 0.8320502851678979 -0.5547002099801474
vn -0.30151134457776363 0.9045340337332909 -0.30151134457776363
vn -7.068241395285323e-9 0.9486833010307459 -0.31622775707614137
vn -6.199257710336878e-9 0.8320502851678979 -0.5547002099801474
vn -6.199257710336878e-9 0.8320502851678979 -0.5547002099801474
vn -7.068241395285323e-9 0.9486833010307459 -0.31622775707614137
vn 6.199257710336878e-9 0.8320502851678979 -0.5547002099801474
vn -7.068241395285323e-9 0.9486833010307459 -0.31622775707614137
vn 7.068241395285323e-9 0.9486833010307459 -0.31622775707614137
vn 6.199257710336878e-9 0.8320502851678979 -0.5547002099801474
vn 6.199257710336878e-9 0.8320502851678979 -0.5547002099801474
vn 7.068241395285323e-9 0.9486833010307459 -0.31622775707614137
vn 0.26726123552621245 0.8017837363809595 -0.5345224710524249
vn 7.068241395285323e-9 0.9486833010307459 -0.31622775707614137
vn 0.30151134457776363 0.9045340337332909 -0.30151134457776363
vn 0.26726123552621245 0.8017837363809595 -0.5345224710524249
vn 0.26726123552621245 0.8017837363809595 -0.5345224710524249
vn 0.30151134457776363 0.9045340337332909 -0.30151134457776363
vn 0.48507125533189915 0.7276068680966881 -0.48507125533189915
vn 0.30151134457776363 0.9045340337332909 -0.30151134457776363
vn 0.5345224710524249 0.8017837363809595 -0.26726123552621245
vn 0.48507125533189915 0.7276068680966881 -0.48507125533189915
vn 0.48507125533189915 0.7276068680966881 -0.48507125533189915
vn 0.5345224710524249 0.8017837363809595 -0.26726123552621245
vn 0.639602143648227 0.639602143648227 -0.4264014489670335
vn 0.5345224710524249 0.8017837363809595 -0.26726123552621245
vn 0.688247200043142 0.688247200043142 -0.2294157432818214
vn 0.639602143648227 0.639602143648227 -0.4264014489670335
vn -0.688247200043142 0.688247200043142 -0.2294157432818214
vn -0.7071067811865476 0.7071067811865476 -5.268356063861754e-9
vn -0.5345224710524249 0.8017837363809595 -0.26726123552621245
vn -0.7071067811865476 0.7071067811865476 -5.268356063861754e-9
vn -0.5547002099801474 0.8320502851678979 -6.199257710336878e-9
vn -0.5345224710524249 0.8017837363809595 -0.26726123552621245
vn -0.5345224710524249 0.8017837363809595 -0.26726123552621245
vn -0.5547002099801474 0.8320502851678979 -6.199257710336878e-9
vn -0.30151134457776363 0.9045340337332909 -0.30151134457776363
vn -0.5547002099801474 0.8320502851678979 -6.199257710336878e-9
vn -0.31622775707614137 0.9486833010307459 -7.068241395285323e-9
vn -0.30151134457776363 0.9045340337332909 -0.30151134457776363
vn -0.30151134457776363 0.9045340337332909 -0.30151134457776363
vn -0.31622775707614137 0.9486833010307459 -7.068241395285323e-9
vn -7.068241395285323e-9 0.9486833010307459 -0.31622775707614137
vn -0.31622775707614137 0.9486833010307459 -7.068241395285323e-9
vn -7.450580596923828e-9 1 -7.450580596923828e-9
vn -7.068241395285323e-9 0.9486833010307459 -0.31622775707614137
vn -7.068241395285323e-9 0.9486833010307459 -0.31622775707614137
vn -7.450580596923828e-9 1 -7.450580596923828e-9
vn 7.068241395285323e-9 0.9486833010307459 -0.31622775707614137
vn -7.450580596923828e-9 1 -7.450580596923828e-9
vn 7.450580596923828e-9 1 -7.450580596923828e-9
vn 7.068241395285323e-9 0.9486833010307459 -0.31622775707614137
vn 7.068241395285323e-9 0.9486833010307459 -0.31622775707614137
vn 7.450580596923828e-9 1 -7.450580596923828e-9
vn 0.30151134457776363 0.9045340337332909 -0.30151134457776363
vn 7.450580596923828e-9 1 -7.450580596923828e-9
vn 0.31622775707614137 0.9486833010307459 -7.068241395285323e-9
vn 0.30151134457776363 0.9045340337332909 -0.30151134457776363
vn 0.30151134457776363 0.9045340337332909 -0.30151134457776363
vn 0.31622775707614137 0.9486833010307459 -7.068241395285323e-9
vn 0.5345224710524249 0.8017837363809595 -0.26726123552621245
vn 0.31622775707614137 0.9486833010307459 -7.068241395285323e-9
vn 0.5547002099801474 0.8320502851678979 -6.199257710336878e-9
vn 0.5345224710524249 0.8017837363809595 -0.26726123552621245
vn 0.5345224710524249 0.8017837363809595 -0.26726123552621245
vn 0.5547002099801474 0.8320502851678979 -6.199257710336878e-9
vn 0.688247200043142 0.688247200043142 -0.2294157432818214
vn 0.5547002099801474 0.8320502851678979 -6.199257710336878e-9
vn 0.7071067811865476 0.7071067811865476 -5.268356063861754e-9
vn 0.688247200043142 0.688247200043142 -0.2294157432818214
vn -0.7071067811865476 0.7071067811865476 -5.268356063861754e-9
vn -0.7071067811865476 0.7071067811865476 5.268356063861754e-9
vn -0.5547002099801474 0.8320502851678979 -6.199257710336878e-9
vn -0.7071067811865476 0.7071067811865476 5.268356063861754e-9
vn -0.5547002099801474 0.8320502851678979 6.199257710336878e-9
vn -0.5547002099801474 0.8320502851678979 -6.199257710336878e-9
vn -0.5547002099801474 0.8320502851678979 -6.199257710336878e-9
vn -0.5547002099801474 0.8320502851678979 6.199257710336878e-9
vn -0.31622775707614137 0.9486833010307459 -7.068241395285323e-9
vn -0.5547002099801474 0.8320502851678979 6.199257710336878e-9
vn -0.31622775707614137 0.9486833010307459 7.068241395285323e-9
vn -0.31622775707614137 0.9486833010307459 -7.068241395285323e-9
vn -0.31622775707614137 0.9486833010307459 -7.068241395285323e-9
vn -0.31622775707614137 0.9486833010307459 7.068241395285323e-9
vn -7.450580596923828e-9 1 -7.450580596923828e-9
vn -0.31622775707614137 0.9486833010307459 7.068241395285323e-9
vn -7.450580596923828e-9 1 7.450580596923828e-9
vn -7.450580596923828e-9 1 -7.450580596923828e-9
vn -7.450580596923828e-9 1 -7.450580596923828e-9
vn -7.450580596923828e-9 1 7.450580596923828e-9
vn 7.450580596923828e-9 1 -7.450580596923828e-9
vn -7.450580596923828e-9 1 7.450580596923828e-9
vn 7.450580596923828e-9 1 7.450580596923828e-9
vn 7.450580596923828e-9 1 -7.450580596923828e-9
vn 7.450580596923828e-9 1 -7.450580596923828e-9
vn 7.450580596923828e-9 1 7.450580596923828e-9
vn 0.31622775707614137 0.9486833010307459 -7.068241395285323e-9
vn 7.450580596923828e-9 1 7.450580596923828e-9
vn 0.31622775707614137 0.9486833010307459 7.068241395285323e-9
vn 0.31622775707614137 0.9486833010307459 -7.068241395285323e-9
vn 0.31622775707614137 0.9486833010307459 -7.068241395285323e-9
vn 0.31622775707614137 0.9486833010307459 7.068241395285323e-9
vn 0.5547002099801474 0.8320502851678979 -6.199257710336878e-9
vn 0.31622775707614137 0.9486833010307459 7.068241395285323e-9
vn 0.5547002099801474 0.8320502851678979 6.199257710336878e-9
vn 0.5547002099801474 0.8320502851678979 -6.199257710336878e-9
vn 0.5547002099801474 0.8320502851678979 -6.199257710336878e-9
vn 0.5547002099801474 0.8320502851678979 6.199257710336878e-9
vn 0.7071067811865476 0.7071067811865476 -5.268356063861754e-9
vn 0.5547002099801474 0.8320502851678979 6.199257710336878e-9
vn 0.7071067811865476 0.7071067811865476 5.268356063861754e-9
vn 0.7071067811865476 0.7071067811865476 -5.268356063861754e-9
vn -0.7071067811865476 0.7071067811865476 5.268356063861754e-9
vn -0.688247200043142 0.688247200043142 0.2294157432818214
vn -0.5547002099801474 0.8320502851678979 6.199257710336878e-9
vn -0.688247200043142 0.688247200043142 0.2294157432818214
vn -0.5345224710524249 0.8017837363809595 0.26726123552621245
vn -0.5547002099801474 0.8320502851678979 6.199257710336878e-9
vn -0.5547002099801474 0.8320502851678979 6.199257710336878e-9
vn -0.5345224710524249 0.8017837363809595 0.26726123552621245
vn -0.31622775707614137 0.9486833010307459 7.068241395285323e-9
vn -0.5345224710524249 0.8017837363809595 0.26726123552621245
vn -0.30151134457776363 0.9045340337332909 0.30151134457776363
vn -0.31622775707614137 0.9486833010307459 7.068241395285323e-9
vn -0.31622775707614137 0.9486833010307459 7.068241395285323e-9
vn -0.30151134457776363 0.9045340337332909 0.30151134457776363
vn -7.450580596923828e-9 1 7.450580596923828e-9
vn -0.30151134457776363 0.9045340337332909 0.30151134457776363
vn -7.068241395285323e-9 0.9486833010307459 0.31622775707614137
vn -7.450580596923828e-9 1 7.450580596923828e-9
vn -7.450580596923828e-9 1 7.450580596923828e-9
vn -7.068241395285323e-9 0.9486833010307459 0.31622775707614137
vn 7.450580596923828e-9 1 7.450580596923828e-9
vn -7.068241395285323e-9 0.9486833010307459 0.31622775707614137
vn 7.068241395285323e-9 0.9486833010307459 0.31622775707614137
vn 7.450580596923828e-9 1 7.450580596923828e-9
vn 7.450580596923828e-9 1 7.450580596923828e-9
vn 7.068241395285323e-9 0.9486833010307459 0.31622775707614137
vn 0.31622775707614137 0.9486833010307459 7.068241395285323e-9
vn 7.068241395285323e-9 0.9486833010307459 0.31622775707614137
vn 0.30151134457776363 0.9045340337332909 0.30151134457776363
vn 0.31622775707614137 0.9486833010307459 7.068241395285323e-9
vn 0.31622775707614137 0.9486833010307459 7.068241395285323e-9
vn 0.30151134457776363 0.9045340337332909 0.30151134457776363
vn 0.5547002099801474 0.8320502851678979 6.199257710336878e-9
vn 0.30151134457776363 0.9045340337332909 0.30151134457776363
vn 0.5345224710524249 0.8017837363809595 0.26726123552621245
vn 0.5547002099801474 0.8320502851678979 6.199257710336878e-9
vn 0.5547002099801474 0.8320502851678979 6.199257710336878e-9
vn 0.5345224710524249 0.8017837363809595 0.26726123552621245
vn 0.7071067811865476 0.7071067811865476 5.268356063861754e-9
vn 0.5345224710524249 0.8017837363809595 0.26726123552621245
vn 0.688247200043142 0.688247200043142 0.2294157432818214
vn 0.7071067811865476 0.7071067811865476 5.268356063861754e-9
vn -0.688247200043142 0.688247200043142 0.2294157432818214
vn -0.639602143648227 0.639602143648227 0.4264014489670335
vn -0.5345224710524249 0.8017837363809595 0.26726123552621245
vn -0.639602143648227 0.639602143648227 0.4264014489670335
vn -0.48507125533189915 0.7276068680966881 0.48507125533189915
vn -0.5345224710524249 0.8017837363809595 0.26726123552621245
vn -0.5345224710524249 0.8017837363809595 0.26726123552621245
vn -0.48507125533189915 0.7276068680966881 0.48507125533189915
vn -0.30151134457776363 0.9045340337332909 0.30151134457776363
vn -0.48507125533189915 0.7276068680966881 0.48507125533189915
vn -0.26726123552621245 0.8017837363809595 0.5345224710524249
vn -0.30151134457776363 0.9045340337332909 0.30151134457776363
vn -0.30151134457776363 0.9045340337332909 0.30151134457776363
vn -0.26726123552621245 0.8017837363809595 0.5345224710524249
vn -7.068241395285323e-9 0.9486833010307459 0.31622775707614137
vn -0.26726123552621245 0.8017837363809595 0.5345224710524249
vn -6.199257710336878e-9 0.8320502851678979 0.5547002099801474
vn -7.068241395285323e-9 0.9486833010307459 0.31622775707614137
vn -7.068241395285323e-9 0.9486833010307459 0.31622775707614137
vn -6.199257710336878e-9 0.8320502851678979 0.5547002099801474
vn 7.068241395285323e-9 0.9486833010307459 0.31622775707614137
vn -6.199257710336878e-9 0.8320502851678979 0.5547002099801474
vn 6.199257710336878e-9 0.8320502851678979 0.5547002099801474
vn 7.068241395285323e-9 0.9486833010307459 0.31622775707614137
vn 7.068241395285323e-9 0.9486833010307459 0.31622775707614137
vn 6.199257710336878e-9 0.8320502851678979 0.5547002099801474
vn 0.30151134457776363 0.9045340337332909 0.30151134457776363
vn 6.199257710336878e-9 0.8320502851678979 0.5547002099801474
vn 0.26726123552621245 0.8017837363809595 0.5345224710524249
vn 0.30151134457776363 0.9045340337332909 0.30151134457776363
vn 0.30151134457776363 0.9045340337332909 0.30151134457776363
vn 0.26726123552621245 0.8017837363809595 0.5345224710524249
vn 0.5345224710524249 0.8017837363809595 0.26726123552621245
vn 0.26726123552621245 0.8017837363809595 0.5345224710524249
vn 0.48507125533189915 0.7276068680966881 0.48507125533189915
vn 0.5345224710524249 0.8017837363809595 0.26726123552621245
vn 0.5345224710524249 0.8017837363809595 0.26726123552621245
vn 0.48507125533189915 0.7276068680966881 0.48507125533189915
vn 0.688247200043142 0.688247200043142 0.2294157432818214
vn 0.48507125533189915 0.7276068680966881 0.48507125533189915
vn 0.639602143648227 0.639602143648227 0.4264014489670335
vn 0.688247200043142 0.688247200043142 0.2294157432818214
vn -0.639602143648227 0.639602143648227 0.4264014489670335
vn -0.5773502691896257 0.5773502691896257 0.5773502691896257
vn -0.48507125533189915 0.7276068680966881 0.48507125533189915
vn -0.5773502691896257 0.5773502691896257 0.5773502691896257
vn -0.4264014489670335 0.639602143648227 0.639602143648227
vn -0.48507125533189915 0.7276068680966881 0.48507125533189915
vn -0.48507125533189915 0.7276068680966881 0.48507125533189915
vn -0.4264014489670335 0.639602143648227 0.639602143648227
vn -0.26726123552621245 0.8017837363809595 0.5345224710524249
vn -0.4264014489670335 0.639602143648227 0.639602143648227
vn -0.2294157432818214 0.688247200043142 0.688247200043142
vn -0.26726123552621245 0.8017837363809595 0.5345224710524249
vn -0.26726123552621245 0.8017837363809595 0.5345224710524249
vn -0.2294157432818214 0.688247200043142 0.688247200043142
vn -6.199257710336878e-9 0.8320502851678979 0.5547002099801474
vn -0.2294157432818214 0.688247200043142 0.688247200043142
vn -5.268356063861754e-9 0.7071067811865476 0.7071067811865476
vn -6.199257710336878e-9 0.8320502851678979 0.5547002099801474
vn -6.199257710336878e-9 0.8320502851678979 0.5547002099801474
vn -5.268356063861754e-9 0.7071067811865476 0.7071067811865476
vn 6.199257710336878e-9 0.8320502851678979 0.5547002099801474
vn -5.268356063861754e-9 0.7071067811865476 0.7071067811865476
vn 5.268356063861754e-9 0.7071067811865476 0.7071067811865476
vn 6.199257710336878e-9 0.8320502851678979 0.5547002099801474
vn 6.199257710336878e-9 0.8320502851678979 0.5547002099801474
vn 5.268356063861754e-9 0.7071067811865476 0.7071067811865476
vn 0.26726123552621245 0.8017837363809595 0.5345224710524249
vn 5.268356063861754e-9 0.7071067811865476 0.7071067811865476
vn 0.2294157432818214 0.688247200043142 0.688247200043142
vn 0.26726123552621245 0.8017837363809595 0.5345224710524249
vn 0.26726123552621245 0.8017837363809595 0.5345224710524249
vn 0.2294157432818214 0.688247200043142 0.688247200043142
vn 0.48507125533189915 0.7276068680966881 0.48507125533189915
vn 0.2294157432818214 0.688247200043142 0.688247200043142
vn 0.4264014489670335 0.639602143648227 0.639602143648227
vn 0.48507125533189915 0.7276068680966881 0.48507125533189915
vn 0.48507125533189915 0.7276068680966881 0.48507125533189915
vn 0.4264014489670335 0.639602143648227 0.639602143648227
vn 0.639602143648227 0.639602143648227 0.4264014489670335
vn 0.4264014489670335 0.639602143648227 0.639602143648227
vn 0.5773502691896257 0.5773502691896257 0.5773502691896257
vn 0.639602143648227 0.639602143648227 0.4264014489670335
vn -0.5773502691896257 -0.5773502691896257 0.5773502691896257
vn -0.639602143648227 -0.639602143648227 0.4264014489670335
vn -0.4264014489670335 -0.639602143648227 0.639602143648227
vn -0.639602143648227 -0.639602143648227 0.4264014489670335
vn -0.48507125533189915 -0.7276068680966881 0.48507125533189915
vn -0.4264014489670335 -0.639602143648227 0.639602143648227
vn -0.4264014489670335 -0.639602143648227 0.639602143648227
vn -0.48507125533189915 -0.7276068680966881 0.48507125533189915
vn -0.2294157432818214 -0.688247200043142 0.688247200043142
vn -0.48507125533189915 -0.7276068680966881 0.48507125533189915
vn -0.26726123552621245 -0.8017837363809595 0.5345224710524249
vn -0.2294157432818214 -0.688247200043142 0.688247200043142
vn -0.2294157432818214 -0.688247200043142 0.688247200043142
vn -0.26726123552621245 -0.8017837363809595 0.5345224710524249
vn -5.268356063861754e-9 -0.7071067811865476 0.7071067811865476
vn -0.26726123552621245 -0.8017837363809595 0.5345224710524249
vn -6.199257710336878e-9 -0.8320502851678979 0.5547002099801474
vn -5.268356063861754e-9 -0.7071067811865476 0.7071067811865476
vn -5.268356063861754e-9 -0.7071067811865476 0.7071067811865476
vn -6.199257710336878e-9 -0.8320502851678979 0.5547002099801474
vn 5.268356063861754e-9 -0.7071067811865476 0.7071067811865476
vn -6.199257710336878e-9 -0.8320502851678979 0.5547002099801474
vn 6.199257710336878e-9 -0.8320502851678979 0.5547002099801474
vn 5.268356063861754e-9 -0.7071067811865476 0.7071067811865476
vn 5.268356063861754e-9 -0.7071067811865476 0.7071067811865476
vn 6.199257710336878e-9 -0.8320502851678979 0.5547002099801474
vn 0.2294157432818214 -0.688247200043142 0.688247200043142
vn 6.199257710336878e-9 -0.8320502851678979 0.5547002099801474
vn 0.26726123552621245 -0.8017837363809595 0.5345224710524249
vn 0.2294157432818214 -0.688247200043142 0.688247200043142
vn 0.2294157432818214 -0.688247200043142 0.688247200043142
vn 0.26726123552621245 -0.8017837363809595 0.5345224710524249
vn 0.4264014489670335 -0.639602143648227 0.639602143648227
vn 0.26726123552621245 -0.8017837363809595 0.5345224710524249
vn 0.48507125533189915 -0.7276068680966881 0.48507125533189915
vn 0.4264014489670335 -0.639602143648227 0.639602143648227
vn 0.4264014489670335 -0.639602143648227 0.639602143648227
vn 0.48507125533189915 -0.7276068680966881 0.48507125533189915
vn 0.5773502691896257 -0.5773502691896257 0.5773502691896257
vn 0.48507125533189915 -0.7276068680966881 0.48507125533189915
vn 0.639602143648227 -0.639602143648227 0.4264014489670335
vn 0.5773502691896257 -0.5773502691896257 0.5773502691896257
vn -0.639602143648227 -0.639602143648227 0.4264014489670335
vn -0.688247200043142 -0.688247200043142 0.2294157432818214
vn -0.48507125533189915 -0.7276068680966881 0.48507125533189915
vn -0.688247200043142 -0.688247200043142 0.2294157432818214
vn -0.5345224710524249 -0.8017837363809595 0.26726123552621245
vn -0.48507125533189915 -0.7276068680966881 0.48507125533189915
vn -0.48507125533189915 -0.7276068680966881 0.48507125533189915
vn -0.5345224710524249 -0.8017837363809595 0.26726123552621245
vn -0.26726123552621245 -0.8017837363809595 0.5345224710524249
vn -0.5345224710524249 -0.8017837363809595 0.26726123552621245
vn -0.30151134457776363 -0.9045340337332909 0.30151134457776363
vn -0.26726123552621245 -0.8017837363809595 0.5345224710524249
vn -0.26726123552621245 -0.8017837363809595 0.5345224710524249
vn -0.30151134457776363 -0.9045340337332909 0.30151134457776363
vn -6.199257710336878e-9 -0.8320502851678979 0.5547002099801474
vn -0.30151134457776363 -0.9045340337332909 0.30151134457776363
vn -7.068241395285323e-9 -0.9486833010307459 0.31622775707614137
vn -6.199257710336878e-9 -0.8320502851678979 0.5547002099801474
vn -6.199257710336878e-9 -0.8320502851678979 0.5547002099801474
vn -7.068241395285323e-9 -0.9486833010307459 0.31622775707614137
vn 6.199257710336878e-9 -0.8320502851678979 0.5547002099801474
vn -7.068241395285323e-9 -0.9486833010307459 0.31622775707614137
vn 7.068241395285323e-9 -0.9486833010307459 0.31622775707614137
vn 6.199257710336878e-9 -0.8320502851678979 0.5547002099801474
vn 6.199257710336878e-9 -0.8320502851678979 0.5547002099801474
vn 7.068241395285323e-9 -0.9486833010307459 0.31622775707614137
vn 0.26726123552621245 -0.8017837363809595 0.5345224710524249
vn 7.068241395285323e-9 -0.9486833010307459 0.31622775707614137
vn 0.30151134457776363 -0.9045340337332909 0.30151134457776363
vn 0.26726123552621245 -0.8017837363809595 0.5345224710524249
vn 0.26726123552621245 -0.8017837363809595 0.5345224710524249
vn 0.30151134457776363 -0.9045340337332909 0.30151134457776363
vn 0.48507125533189915 -0.7276068680966881 0.48507125533189915
vn 0.30151134457776363 -0.9045340337332909 0.30151134457776363
vn 0.5345224710524249 -0.8017837363809595 0.26726123552621245
vn 0.48507125533189915 -0.7276068680966881 0.48507125533189915
vn 0.48507125533189915 -0.7276068680966881 0.48507125533189915
vn 0.5345224710524249 -0.8017837363809595 0.26726123552621245
vn 0.639602143648227 -0.639602143648227 0.4264014489670335
vn 0.5345224710524249 -0.8017837363809595 0.26726123552621245
vn 0.688247200043142 -0.688247200043142 0.2294157432818214
vn 0.639602143648227 -0.639602143648227 0.4264014489670335
vn -0.688247200043142 -0.688247200043142 0.2294157432818214
vn -0.7071067811865476 -0.7071067811865476 5.268356063861754e-9
vn -0.5345224710524249 -0.8017837363809595 0.26726123552621245
vn -0.7071067811865476 -0.7071067811865476 5.268356063861754e-9
vn -0.5547002099801474 -0.8320502851678979 6.199257710336878e-9
vn -0.5345224710524249 -0.8017837363809595 0.26726123552621245
vn -0.5345224710524249 -0.8017837363809595 0.26726123552621245
vn -0.5547002099801474 -0.8320502851678979 6.199257710336878e-9
vn -0.30151134457776363 -0.9045340337332909 0.30151134457776363
vn -0.5547002099801474 -0.8320502851678979 6.199257710336878e-9
vn -0.31622775707614137 -0.9486833010307459 7.068241395285323e-9
vn -0.30151134457776363 -0.9045340337332909 0.30151134457776363
vn -0.30151134457776363 -0.9045340337332909 0.30151134457776363
vn -0.31622775707614137 -0.9486833010307459 7.068241395285323e-9
vn -7.068241395285323e-9 -0.9486833010307459 0.31622775707614137
vn -0.31622775707614137 -0.9486833010307459 7.068241395285323e-9
vn -7.450580596923828e-9 -1 7.450580596923828e-9
vn -7.068241395285323e-9 -0.9486833010307459 0.31622775707614137
vn -7.068241395285323e-9 -0.9486833010307459 0.31622775707614137
vn -7.450580596923828e-9 -1 7.450580596923828e-9
vn 7.068241395285323e-9 -0.9486833010307459 0.31622775707614137
vn -7.450580596923828e-9 -1 7.450580596923828e-9
vn 7.450580596923828e-9 -1 7.450580596923828e-9
vn 7.068241395285323e-9 -0.9486833010307459 0.31622775707614137
vn 7.068241395285323e-9 -0.9486833010307459 0.31622775707614137
vn 7.450580596923828e-9 -1 7.450580596923828e-9
vn 0.30151134457776363 -0.9045340337332909 0.30151134457776363
vn 7.450580596923828e-9 -1 7.450580596923828e-9
vn 0.31622775707614137 -0.9486833010307459 7.068241395285323e-9
vn 0.30151134457776363 -0.9045340337332909 0.30151134457776363
vn 0.30151134457776363 -0.9045340337332909 0.30151134457776363
vn 0.31622775707614137 -0.9486833010307459 7.068241395285323e-9
vn 0.5345224710524249 -0.8017837363809595 0.26726123552621245
vn 0.31622775707614137 -0.9486833010307459 7.068241395285323e-9
vn 0.5547002099801474 -0.8320502851678979 6.199257710336878e-9
vn 0.5345224710524249 -0.8017837363809595 0.26726123552621245
vn 0.5345224710524249 -0.8017837363809595 0.26726123552621245
vn 0.5547002099801474 -0.8320502851678979 6.199257710336878e-9
vn 0.688247200043142 -0.688247200043142 0.2294157432818214
vn 0.5547002099801474 -0.8320502851678979 6.199257710336878e-9
vn 0.7071067811865476 -0.7071067811865476 5.268356063861754e-9
vn 0.688247200043142 -0.688247200043142 0.2294157432818214
vn -0.7071067811865476 -0.7071067811865476 5.268356063861754e-9
vn -0.7071067811865476 -0.7071067811865476 -5.268356063861754e-9
vn -0.5547002099801474 -0.8320502851678979 6.199257710336878e-9
vn -0.7071067811865476 -0.7071067811865476 -5.268356063861754e-9
vn -0.5547002099801474 -0.8320502851678979 -6.199257710336878e-9
vn -0.5547002099801474 -0.8320502851678979 6.199257710336878e-9
vn -0.5547002099801474 -0.8320502851678979 6.199257710336878e-9
vn -0.5547002099801474 -0.8320502851678979 -6.199257710336878e-9
vn -0.31622775707614137 -0.9486833010307459 7.068241395285323e-9
vn -0.5547002099801474 -0.8320502851678979 -6.199257710336878e-9
vn -0.31622775707614137 -0.9486833010307459 -7.068241395285323e-9
vn -0.31622775707614137 -0.9486833010307459 7.068241395285323e-9
vn -0.31622775707614137 -0.9486833010307459 7.068241395285323e-9
vn -0.31622775707614137 -0.9486833010307459 -7.068241395285323e-9
vn -7.450580596923828e-9 -1 7.450580596923828e-9
vn -0.31622775707614137 -0.9486833010307459 -7.068241395285323e-9
vn -7.450580596923828e-9 -1 -7.450580596923828e-9
vn -7.450580596923828e-9 -1 7.450580596923828e-9
vn -7.450580596923828e-9 -1 7.450580596923828e-9
vn -7.450580596923828e-9 -1 -7.450580596923828e-9
vn 7.450580596923828e-9 -1 7.450580596923828e-9
vn -7.450580596923828e-9 -1 -7.450580596923828e-9
vn 7.450580596923828e-9 -1 -7.450580596923828e-9
vn 7.450580596923828e-9 -1 7.450580596923828e-9
vn 7.450580596923828e-9 -1 7.450580596923828e-9
vn 7.450580596923828e-9 -1 -7.450580596923828e-9
vn 0.31622775707614137 -0.9486833010307459 7.068241395285323e-9
vn 7.450580596923828e-9 -1 -7.450580596923828e-9
vn 0.31622775707614137 -0.9486833010307459 -7.068241395285323e-9
vn 0.31622775707614137 -0.9486833010307459 7.068241395285323e-9
vn 0.31622775707614137 -0.9486833010307459 7.068241395285323e-9
vn 0.31622775707614137 -0.9486833010307459 -7.068241395285323e-9
vn 0.5547002099801474 -0.8320502851678979 6.199257710336878e-9
vn 0.31622775707614137 -0.9486833010307459 -7.068241395285323e-9
vn 0.5547002099801474 -0.8320502851678979 -6.199257710336878e-9
vn 0.5547002099801474 -0.8320502851678979 6.199257710336878e-9
vn 0.5547002099801474 -0.8320502851678979 6.199257710336878e-9
vn 0.5547002099801474 -0.8320502851678979 -6.199257710336878e-9
vn 0.7071067811865476 -0.7071067811865476 5.268356063861754e-9
vn 0.5547002099801474 -0.8320502851678979 -6.199257710336878e-9
vn 0.7071067811865476 -0.7071067811865476 -5.268356063861754e-9
vn 0.7071067811865476 -0.7071067811865476 5.268356063861754e-9
vn -0.7071067811865476 -0.7071067811865476 -5.268356063861754e-9
vn -0.688247200043142 -0.688247200043142 -0.2294157432818214
vn -0.5547002099801474 -0.8320502851678979 -6.199257710336878e-9
vn -0.688247200043142 -0.688247200043142 -0.2294157432818214
vn -0.5345224710524249 -0.8017837363809595 -0.26726123552621245
vn -0.5547002099801474 -0.8320502851678979 -6.199257710336878e-9
vn -0.5547002099801474 -0.8320502851678979 -6.199257710336878e-9
vn -0.5345224710524249 -0.8017837363809595 -0.26726123552621245
vn -0.31622775707614137 -0.9486833010307459 -7.068241395285323e-9
vn -0.5345224710524249 -0.8017837363809595 -0.26726123552621245
vn -0.30151134457776363 -0.9045340337332909 -0.30151134457776363
vn -0.31622775707614137 -0.9486833010307459 -7.068241395285323e-9
vn -0.31622775707614137 -0.9486833010307459 -7.068241395285323e-9
vn -0.30151134457776363 -0.9045340337332909 -0.30151134457776363
vn -7.450580596923828e-9 -1 -7.450580596923828e-9
vn -0.30151134457776363 -0.9045340337332909 -0.30151134457776363
vn -7.068241395285323e-9 -0.9486833010307459 -0.31622775707614137
vn -7.450580596923828e-9 -1 -7.450580596923828e-9
vn -7.450580596923828e-9 -1 -7.450580596923828e-9
vn -7.068241395285323e-9 -0.9486833010307459 -0.31622775707614137
vn 7.450580596923828e-9 -1 -7.450580596923828e-9
vn -7.068241395285323e-9 -0.9486833010307459 -0.31622775707614137
vn 7.068241395285323e-9 -0.9486833010307459 -0.31622775707614137
vn 7.450580596923828e-9 -1 -7.450580596923828e-9
vn 7.450580596923828e-9 -1 -7.450580596923828e-9
vn 7.068241395285323e-9 -0.9486833010307459 -0.31622775707614137
vn 0.31622775707614137 -0.9486833010307459 -7.068241395285323e-9
vn 7.068241395285323e-9 -0.9486833010307459 -0.31622775707614137
vn 0.30151134457776363 -0.9045340337332909 -0.30151134457776363
vn 0.31622775707614137 -0.9486833010307459 -7.068241395285323e-9
vn 0.31622775707614137 -0.9486833010307459 -7.068241395285323e-9
vn 0.30151134457776363 -0.9045340337332909 -0.30151134457776363
vn 0.5547002099801474 -0.8320502851678979 -6.199257710336878e-9
vn 0.30151134457776363 -0.9045340337332909 -0.30151134457776363
vn 0.5345224710524249 -0.8017837363809595 -0.26726123552621245
vn 0.5547002099801474 -0.8320502851678979 -6.199257710336878e-9
vn 0.5547002099801474 -0.8320502851678979 -6.199257710336878e-9
vn 0.5345224710524249 -0.8017837363809595 -0.26726123552621245
vn 0.7071067811865476 -0.7071067811865476 -5.268356063861754e-9
vn 0.5345224710524249 -0.8017837363809595 -0.26726123552621245
vn 0.688247200043142 -0.688247200043142 -0.2294157432818214
vn 0.7071067811865476 -0.7071067811865476 -5.268356063861754e-9
vn -0.688247200043142 -0.688247200043142 -0.2294157432818214
vn -0.639602143648227 -0.639602143648227 -0.4264014489670335
vn -0.5345224710524249 -0.8017837363809595 -0.26726123552621245
vn -0.639602143648227 -0.639602143648227 -0.4264014489670335
vn -0.48507125533189915 -0.7276068680966881 -0.48507125533189915
vn -0.5345224710524249 -0.8017837363809595 -0.26726123552621245
vn -0.5345224710524249 -0.8017837363809595 -0.26726123552621245
vn -0.48507125533189915 -0.7276068680966881 -0.48507125533189915
vn -0.30151134457776363 -0.9045340337332909 -0.30151134457776363
vn -0.48507125533189915 -0.7276068680966881 -0.48507125533189915
vn -0.26726123552621245 -0.8017837363809595 -0.5345224710524249
vn -0.30151134457776363 -0.9045340337332909 -0.30151134457776363
vn -0.30151134457776363 -0.9045340337332909 -0.30151134457776363
vn -0.26726123552621245 -0.8017837363809595 -0.5345224710524249
vn -7.068241395285323e-9 -0.9486833010307459 -0.31622775707614137
vn -0.26726123552621245 -0.8017837363809595 -0.5345224710524249
vn -6.199257710336878e-9 -0.8320502851678979 -0.5547002099801474
vn -7.068241395285323e-9 -0.9486833010307459 -0.31622775707614137
vn -7.068241395285323e-9 -0.9486833010307459 -0.31622775707614137
vn -6.199257710336878e-9 -0.8320502851678979 -0.5547002099801474
vn 7.068241395285323e-9 -0.9486833010307459 -0.31622775707614137
vn -6.199257710336878e-9 -0.8320502851678979 -0.5547002099801474
vn 6.199257710336878e-9 -0.8320502851678979 -0.5547002099801474
vn 7.068241395285323e-9 -0.9486833010307459 -0.31622775707614137
vn 7.068241395285323e-9 -0.9486833010307459 -0.31622775707614137
vn 6.199257710336878e-9 -0.8320502851678979 -0.5547002099801474
vn 0.30151134457776363 -0.9045340337332909 -0.30151134457776363
vn 6.199257710336878e-9 -0.8320502851678979 -0.5547002099801474
vn 0.26726123552621245 -0.8017837363809595 -0.5345224710524249
vn 0.30151134457776363 -0.9045340337332909 -0.30151134457776363
vn 0.30151134457776363 -0.9045340337332909 -0.30151134457776363
vn 0.26726123552621245 -0.8017837363809595 -0.5345224710524249
vn 0.5345224710524249 -0.8017837363809595 -0.26726123552621245
vn 0.26726123552621245 -0.8017837363809595 -0.5345224710524249
vn 0.48507125533189915 -0.7276068680966881 -0.48507125533189915
vn 0.5345224710524249 -0.8017837363809595 -0.26726123552621245
vn 0.5345224710524249 -0.8017837363809595 -0.26726123552621245
vn 0.48507125533189915 -0.7276068680966881 -0.48507125533189915
vn 0.688247200043142 -0.688247200043142 -0.2294157432818214
vn 0.48507125533189915 -0.7276068680966881 -0.48507125533189915
vn 0.639602143648227 -0.639602143648227 -0.4264014489670335
vn 0.688247200043142 -0.688247200043142 -0.2294157432818214
vn -0.639602143648227 -0.639602143648227 -0.4264014489670335
vn -0.5773502691896257 -0.5773502691896257 -0.5773502691896257
vn -0.48507125533189915 -0.7276068680966881 -0.48507125533189915
vn -0.5773502691896257 -0.5773502691896257 -0.5773502691896257
vn -0.4264014489670335 -0.639602143648227 -0.639602143648227
vn -0.48507125533189915 -0.7276068680966881 -0.48507125533189915
vn -0.48507125533189915 -0.7276068680966881 -0.48507125533189915
vn -0.4264014489670335 -0.639602143648227 -0.639602143648227
vn -0.26726123552621245 -0.8017837363809595 -0.5345224710524249
vn -0.4264014489670335 -0.639602143648227 -0.639602143648227
vn -0.2294157432818214 -0.688247200043142 -0.688247200043142
vn -0.26726123552621245 -0.8017837363809595 -0.5345224710524249
vn -0.26726123552621245 -0.8017837363809595 -0.5345224710524249
vn -0.2294157432818214 -0.688247200043142 -0.688247200043142
vn -6.199257710336878e-9 -0.8320502851678979 -0.5547002099801474
vn -0.2294157432818214 -0.688247200043142 -0.688247200043142
vn -5.268356063861754e-9 -0.7071067811865476 -0.7071067811865476
vn -6.199257710336878e-9 -0.8320502851678979 -0.5547002099801474
vn -6.199257710336878e-9 -0.8320502851678979 -0.5547002099801474
vn -5.268356063861754e-9 -0.7071067811865476 -0.7071067811865476
vn 6.199257710336878e-9 -0.8320502851678979 -0.5547002099801474
vn -5.268356063861754e-9 -0.7071067811865476 -0.7071067811865476
vn 5.268356063861754e-9 -0.7071067811865476 -0.7071067811865476
vn 6.199257710336878e-9 -0.8320502851678979 -0.5547002099801474
vn 6.199257710336878e-9 -0.8320502851678979 -0.5547002099801474
vn 5.268356063861754e-9 -0.7071067811865476 -0.7071067811865476
vn 0.26726123552621245 -0.8017837363809595 -0.5345224710524249
vn 5.268356063861754e-9 -0.7071067811865476 -0.7071067811865476
vn 0.2294157432818214 -0.688247200043142 -0.688247200043142
vn 0.26726123552621245 -0.8017837363809595 -0.5345224710524249
vn 0.26726123552621245 -0.8017837363809595 -0.5345224710524249
vn 0.2294157432818214 -0.688247200043142 -0.688247200043142
vn 0.48507125533189915 -0.7276068680966881 -0.48507125533189915
vn 0.2294157432818214 -0.688247200043142 -0.688247200043142
vn 0.4264014489670335 -0.639602143648227 -0.639602143648227
vn 0.48507125533189915 -0.7276068680966881 -0.48507125533189915
vn 0.48507125533189915 -0.7276068680966881 -0.48507125533189915
vn 0.4264014489670335 -0.639602143648227 -0.639602143648227
vn 0.639602143648227 -0.639602143648227 -0.4264014489670335
vn 0.4264014489670335 -0.639602143648227 -0.639602143648227
vn 0.5773502691896257 -0.5773502691896257 -0.5773502691896257
vn 0.639602143648227 -0.639602143648227 -0.4264014489670335
vn -0.5773502691896257 0.5773502691896257 0.5773502691896257
vn -0.639602143648227 0.4264014489670335 0.639602143648227
vn -0.4264014489670335 0.639602143648227 0.639602143648227
vn -0.639602143648227 0.4264014489670335 0.639602143648227
vn -0.48507125533189915 0.48507125533189915 0.7276068680966881
vn -0.4264014489670335 0.639602143648227 0.639602143648227
vn -0.4264014489670335 0.639602143648227 0.639602143648227
vn -0.48507125533189915 0.48507125533189915 0.7276068680966881
vn -0.2294157432818214 0.688247200043142 0.688247200043142
vn -0.48507125533189915 0.48507125533189915 0.7276068680966881
vn -0.26726123552621245 0.5345224710524249 0.8017837363809595
vn -0.2294157432818214 0.688247200043142 0.688247200043142
vn -0.2294157432818214 0.688247200043142 0.688247200043142
vn -0.26726123552621245 0.5345224710524249 0.8017837363809595
vn -5.268356063861754e-9 0.7071067811865476 0.7071067811865476
vn -0.26726123552621245 0.5345224710524249 0.8017837363809595
vn -6.199257710336878e-9 0.5547002099801474 0.8320502851678979
vn -5.268356063861754e-9 0.7071067811865476 0.7071067811865476
vn -5.268356063861754e-9 0.7071067811865476 0.7071067811865476
vn -6.199257710336878e-9 0.5547002099801474 0.8320502851678979
vn 5.268356063861754e-9 0.7071067811865476 0.7071067811865476
vn -6.199257710336878e-9 0.5547002099801474 0.8320502851678979
vn 6.199257710336878e-9 0.5547002099801474 0.8320502851678979
vn 5.268356063861754e-9 0.7071067811865476 0.7071067811865476
vn 5.268356063861754e-9 0.7071067811865476 0.7071067811865476
vn 6.199257710336878e-9 0.5547002099801474 0.8320502851678979
vn 0.2294157432818214 0.688247200043142 0.688247200043142
vn 6.199257710336878e-9 0.5547002099801474 0.8320502851678979
vn 0.26726123552621245 0.5345224710524249 0.8017837363809595
vn 0.2294157432818214 0.688247200043142 0.688247200043142
vn 0.2294157432818214 0.688247200043142 0.688247200043142
vn 0.26726123552621245 0.5345224710524249 0.8017837363809595
vn 0.4264014489670335 0.639602143648227 0.639602143648227
vn 0.26726123552621245 0.5345224710524249 0.8017837363809595
vn 0.48507125533189915 0.48507125533189915 0.7276068680966881
vn 0.4264014489670335 0.639602143648227 0.639602143648227
vn 0.4264014489670335 0.639602143648227 0.639602143648227
vn 0.48507125533189915 0.48507125533189915 0.7276068680966881
vn 0.5773502691896257 0.5773502691896257 0.5773502691896257
vn 0.48507125533189915 0.48507125533189915 0.7276068680966881
vn 0.639602143648227 0.4264014489670335 0.639602143648227
vn 0.5773502691896257 0.5773502691896257 0.5773502691896257
vn -0.639602143648227 0.4264014489670335 0.639602143648227
vn -0.688247200043142 0.2294157432818214 0.688247200043142
vn -0.48507125533189915 0.48507125533189915 0.7276068680966881
vn -0.688247200043142 0.2294157432818214 0.688247200043142
vn -0.5345224710524249 0.26726123552621245 0.8017837363809595
vn -0.48507125533189915 0.48507125533189915 0.7276068680966881
vn -0.48507125533189915 0.48507125533189915 0.7276068680966881
vn -0.5345224710524249 0.26726123552621245 0.8017837363809595
vn -0.26726123552621245 0.5345224710524249 0.8017837363809595
vn -0.5345224710524249 0.26726123552621245 0.8017837363809595
vn -0.30151134457776363 0.30151134457776363 0.9045340337332909
vn -0.26726123552621245 0.5345224710524249 0.8017837363809595
vn -0.26726123552621245 0.5345224710524249 0.8017837363809595
vn -0.30151134457776363 0.30151134457776363 0.9045340337332909
vn -6.199257710336878e-9 0.5547002099801474 0.8320502851678979
vn -0.30151134457776363 0.30151134457776363 0.9045340337332909
vn -7.068241395285323e-9 0.31622775707614137 0.9486833010307459
vn -6.199257710336878e-9 0.5547002099801474 0.8320502851678979
vn -6.199257710336878e-9 0.5547002099801474 0.8320502851678979
vn -7.068241395285323e-9 0.31622775707614137 0.9486833010307459
vn 6.199257710336878e-9 0.5547002099801474 0.8320502851678979
vn -7.068241395285323e-9 0.31622775707614137 0.9486833010307459
vn 7.068241395285323e-9 0.31622775707614137 0.9486833010307459
vn 6.199257710336878e-9 0.5547002099801474 0.8320502851678979
vn 6.199257710336878e-9 0.5547002099801474 0.8320502851678979
vn 7.068241395285323e-9 0.31622775707614137 0.9486833010307459
vn 0.26726123552621245 0.5345224710524249 0.8017837363809595
vn 7.068241395285323e-9 0.31622775707614137 0.9486833010307459
vn 0.30151134457776363 0.30151134457776363 0.9045340337332909
vn 0.26726123552621245 0.5345224710524249 0.8017837363809595
vn 0.26726123552621245 0.5345224710524249 0.8017837363809595
vn 0.30151134457776363 0.30151134457776363 0.9045340337332909
vn 0.48507125533189915 0.48507125533189915 0.7276068680966881
vn 0.30151134457776363 0.30151134457776363 0.9045340337332909
vn 0.5345224710524249 0.26726123552621245 0.8017837363809595
vn 0.48507125533189915 0.48507125533189915 0.7276068680966881
vn 0.48507125533189915 0.48507125533189915 0.7276068680966881
vn 0.5345224710524249 0.26726123552621245 0.8017837363809595
vn 0.639602143648227 0.4264014489670335 0.639602143648227
vn 0.5345224710524249 0.26726123552621245 0.8017837363809595
vn 0.688247200043142 0.2294157432818214 0.688247200043142
vn 0.639602143648227 0.4264014489670335 0.639602143648227
vn -0.688247200043142 0.2294157432818214 0.688247200043142
vn -0.7071067811865476 5.268356063861754e-9 0.7071067811865476
vn -0.5345224710524249 0.26726123552621245 0.8017837363809595
vn -0.7071067811865476 5.268356063861754e-9 0.7071067811865476
vn -0.5547002099801474 6.199257710336878e-9 0.8320502851678979
vn -0.5345224710524249 0.26726123552621245 0.8017837363809595
vn -0.5345224710524249 0.26726123552621245 0.8017837363809595
vn -0.5547002099801474 6.199257710336878e-9 0.8320502851678979
vn -0.30151134457776363 0.30151134457776363 0.9045340337332909
vn -0.5547002099801474 6.199257710336878e-9 0.8320502851678979
vn -0.31622775707614137 7.068241395285323e-9 0.9486833010307459
vn -0.30151134457776363 0.30151134457776363 0.9045340337332909
vn -0.30151134457776363 0.30151134457776363 0.9045340337332909
vn -0.31622775707614137 7.068241395285323e-9 0.9486833010307459
vn -7.068241395285323e-9 0.31622775707614137 0.9486833010307459
vn -0.31622775707614137 7.068241395285323e-9 0.9486833010307459
vn -7.450580596923828e-9 7.450580596923828e-9 1
vn -7.068241395285323e-9 0.31622775707614137 0.9486833010307459
vn -7.068241395285323e-9 0.31622775707614137 0.9486833010307459
vn -7.450580596923828e-9 7.450580596923828e-9 1
vn 7.068241395285323e-9 0.31622775707614137 0.9486833010307459
vn -7.450580596923828e-9 7.450580596923828e-9 1
vn 7.450580596923828e-9 7.450580596923828e-9 1
vn 7.068241395285323e-9 0.31622775707614137 0.9486833010307459
vn 7.068241395285323e-9 0.31622775707614137 0.9486833010307459
vn 7.450580596923828e-9 7.450580596923828e-9 1
vn 0.30151134457776363 0.30151134457776363 0.9045340337332909
vn 7.450580596923828e-9 7.450580596923828e-9 1
vn 0.31622775707614137 7.068241395285323e-9 0.9486833010307459
vn 0.30151134457776363 0.30151134457776363 0.9045340337332909
vn 0.30151134457776363 0.30151134457776363 0.9045340337332909
vn 0.31622775707614137 7.068241395285323e-9 0.9486833010307459
vn 0.5345224710524249 0.26726123552621245 0.8017837363809595
vn 0.31622775707614137 7.068241395285323e-9 0.9486833010307459
vn 0.5547002099801474 6.199257710336878e-9 0.8320502851678979
vn 0.5345224710524249 0.26726123552621245 0.8017837363809595
vn 0.5345224710524249 0.26726123552621245 0.8017837363809595
vn 0.5547002099801474 6.199257710336878e-9 0.8320502851678979
vn 0.688247200043142 0.2294157432818214 0.688247200043142
vn 0.5547002099801474 6.199257710336878e-9 0.8320502851678979
vn 0.7071067811865476 5.268356063861754e-9 0.7071067811865476
vn 0.688247200043142 0.2294157432818214 0.688247200043142
vn -0.7071067811865476 5.268356063861754e-9 0.7071067811865476
vn -0.7071067811865476 -5.268356063861754e-9 0.7071067811865476
vn -0.5547002099801474 6.199257710336878e-9 0.8320502851678979
vn -0.7071067811865476 -5.268356063861754e-9 0.7071067811865476
vn -0.5547002099801474 -6.199257710336878e-9 0.8320502851678979
vn -0.5547002099801474 6.199257710336878e-9 0.8320502851678979
vn -0.5547002099801474 6.199257710336878e-9 0.8320502851678979
vn -0.5547002099801474 -6.199257710336878e-9 0.8320502851678979
vn -0.31622775707614137 7.068241395285323e-9 0.9486833010307459
vn -0.5547002099801474 -6.199257710336878e-9 0.8320502851678979
vn -0.31622775707614137 -7.068241395285323e-9 0.9486833010307459
vn -0.31622775707614137 7.068241395285323e-9 0.9486833010307459
vn -0.31622775707614137 7.068241395285323e-9 0.9486833010307459
vn -0.31622775707614137 -7.068241395285323e-9 0.9486833010307459
vn -7.450580596923828e-9 7.450580596923828e-9 1
vn -0.31622775707614137 -7.068241395285323e-9 0.9486833010307459
vn -7.450580596923828e-9 -7.450580596923828e-9 1
vn -7.450580596923828e-9 7.450580596923828e-9 1
vn -7.450580596923828e-9 7.450580596923828e-9 1
vn -7.450580596923828e-9 -7.450580596923828e-9 1
vn 7.450580596923828e-9 7.450580596923828e-9 1
vn -7.450580596923828e-9 -7.450580596923828e-9 1
vn 7.450580596923828e-9 -7.450580596923828e-9 1
vn 7.450580596923828e-9 7.450580596923828e-9 1
vn 7.450580596923828e-9 7.450580596923828e-9 1
vn 7.450580596923828e-9 -7.450580596923828e-9 1
vn 0.31622775707614137 7.068241395285323e-9 0.9486833010307459
vn 7.450580596923828e-9 -7.450580596923828e-9 1
vn 0.31622775707614137 -7.068241395285323e-9 0.9486833010307459
vn 0.31622775707614137 7.068241395285323e-9 0.9486833010307459
vn 0.31622775707614137 7.068241395285323e-9 0.9486833010307459
vn 0.31622775707614137 -7.068241395285323e-9 0.9486833010307459
vn 0.5547002099801474 6.199257710336878e-9 0.8320502851678979
vn 0.31622775707614137 -7.068241395285323e-9 0.9486833010307459
vn 0.5547002099801474 -6.199257710336878e-9 0.8320502851678979
vn 0.5547002099801474 6.199257710336878e-9 0.8320502851678979
vn 0.5547002099801474 6.199257710336878e-9 0.8320502851678979
vn 0.5547002099801474 -6.199257710336878e-9 0.8320502851678979
vn 0.7071067811865476 5.268356063861754e-9 0.7071067811865476
vn 0.5547002099801474 -6.199257710336878e-9 0.8320502851678979
vn 0.7071067811865476 -5.268356063861754e-9 0.7071067811865476
vn 0.7071067811865476 5.268356063861754e-9 0.7071067811865476
vn -0.7071067811865476 -5.268356063861754e-9 0.7071067811865476
vn -0.688247200043142 -0.2294157432818214 0.688247200043142
vn -0.5547002099801474 -6.199257710336878e-9 0.8320502851678979
vn -0.688247200043142 -0.2294157432818214 0.688247200043142
vn -0.5345224710524249 -0.26726123552621245 0.8017837363809595
vn -0.5547002099801474 -6.199257710336878e-9 0.8320502851678979
vn -0.5547002099801474 -6.199257710336878e-9 0.8320502851678979
vn -0.5345224710524249 -0.26726123552621245 0.8017837363809595
vn -0.31622775707614137 -7.068241395285323e-9 0.9486833010307459
vn -0.5345224710524249 -0.26726123552621245 0.8017837363809595
vn -0.30151134457776363 -0.30151134457776363 0.9045340337332909
vn -0.31622775707614137 -7.068241395285323e-9 0.9486833010307459
vn -0.31622775707614137 -7.068241395285323e-9 0.9486833010307459
vn -0.30151134457776363 -0.30151134457776363 0.9045340337332909
vn -7.450580596923828e-9 -7.450580596923828e-9 1
vn -0.30151134457776363 -0.30151134457776363 0.9045340337332909
vn -7.068241395285323e-9 -0.31622775707614137 0.9486833010307459
vn -7.450580596923828e-9 -7.450580596923828e-9 1
vn -7.450580596923828e-9 -7.450580596923828e-9 1
vn -7.068241395285323e-9 -0.31622775707614137 0.9486833010307459
vn 7.450580596923828e-9 -7.450580596923828e-9 1
vn -7.068241395285323e-9 -0.31622775707614137 0.9486833010307459
vn 7.068241395285323e-9 -0.31622775707614137 0.9486833010307459
vn 7.450580596923828e-9 -7.450580596923828e-9 1
vn 7.450580596923828e-9 -7.450580596923828e-9 1
vn 7.068241395285323e-9 -0.31622775707614137 0.9486833010307459
vn 0.31622775707614137 -7.068241395285323e-9 0.9486833010307459
vn 7.068241395285323e-9 -0.31622775707614137 0.9486833010307459
vn 0.30151134457776363 -0.30151134457776363 0.9045340337332909
vn 0.31622775707614137 -7.068241395285323e-9 0.9486833010307459
vn 0.31622775707614137 -7.068241395285323e-9 0.9486833010307459
vn 0.30151134457776363 -0.30151134457776363 0.9045340337332909
vn 0.5547002099801474 -6.199257710336878e-9 0.8320502851678979
vn 0.30151134457776363 -0.30151134457776363 0.9045340337332909
vn 0.5345224710524249 -0.26726123552621245 0.8017837363809595
vn 0.5547002099801474 -6.199257710336878e-9 0.8320502851678979
vn 0.5547002099801474 -6.199257710336878e-9 0.8320502851678979
vn 0.5345224710524249 -0.26726123552621245 0.8017837363809595
vn 0.7071067811865476 -5.268356063861754e-9 0.7071067811865476
vn 0.5345224710524249 -0.26726123552621245 0.8017837363809595
vn 0.688247200043142 -0.2294157432818214 0.688247200043142
vn 0.7071067811865476 -5.268356063861754e-9 0.7071067811865476
vn -0.688247200043142 -0.2294157432818214 0.688247200043142
vn -0.639602143648227 -0.4264014489670335 0.639602143648227
vn -0.5345224710524249 -0.26726123552621245 0.8017837363809595
vn -0.639602143648227 -0.4264014489670335 0.639602143648227
vn -0.48507125533189915 -0.48507125533189915 0.7276068680966881
vn -0.5345224710524249 -0.26726123552621245 0.8017837363809595
vn -0.5345224710524249 -0.26726123552621245 0.8017837363809595
vn -0.48507125533189915 -0.48507125533189915 0.7276068680966881
vn -0.30151134457776363 -0.30151134457776363 0.9045340337332909
vn -0.48507125533189915 -0.48507125533189915 0.7276068680966881
vn -0.26726123552621245 -0.5345224710524249 0.8017837363809595
vn -0.30151134457776363 -0.30151134457776363 0.9045340337332909
vn -0.30151134457776363 -0.30151134457776363 0.9045340337332909
vn -0.26726123552621245 -0.5345224710524249 0.8017837363809595
vn -7.068241395285323e-9 -0.31622775707614137 0.9486833010307459
vn -0.26726123552621245 -0.5345224710524249 0.8017837363809595
vn -6.199257710336878e-9 -0.5547002099801474 0.8320502851678979
vn -7.068241395285323e-9 -0.31622775707614137 0.9486833010307459
vn -7.068241395285323e-9 -0.31622775707614137 0.9486833010307459
vn -6.199257710336878e-9 -0.5547002099801474 0.8320502851678979
vn 7.068241395285323e-9 -0.31622775707614137 0.9486833010307459
vn -6.199257710336878e-9 -0.5547002099801474 0.8320502851678979
vn 6.199257710336878e-9 -0.5547002099801474 0.8320502851678979
vn 7.068241395285323e-9 -0.31622775707614137 0.9486833010307459
vn 7.068241395285323e-9 -0.31622775707614137 0.9486833010307459
vn 6.199257710336878e-9 -0.5547002099801474 0.8320502851678979
vn 0.30151134457776363 -0.30151134457776363 0.9045340337332909
vn 6.199257710336878e-9 -0.5547002099801474 0.8320502851678979
vn 0.26726123552621245 -0.5345224710524249 0.8017837363809595
vn 0.30151134457776363 -0.30151134457776363 0.9045340337332909
vn 0.30151134457776363 -0.30151134457776363 0.9045340337332909
vn 0.26726123552621245 -0.5345224710524249 0.8017837363809595
vn 0.5345224710524249 -0.26726123552621245 0.8017837363809595
vn 0.26726123552621245 -0.5345224710524249 0.8017837363809595
vn 0.48507125533189915 -0.48507125533189915 0.7276068680966881
vn 0.5345224710524249 -0.26726123552621245 0.8017837363809595
vn 0.5345224710524249 -0.26726123552621245 0.8017837363809595
vn 0.48507125533189915 -0.48507125533189915 0.7276068680966881
vn 0.688247200043142 -0.2294157432818214 0.688247200043142
vn 0.48507125533189915 -0.48507125533189915 0.7276068680966881
vn 0.639602143648227 -0.4264014489670335 0.639602143648227
vn 0.688247200043142 -0.2294157432818214 0.688247200043142
vn -0.639602143648227 -0.4264014489670335 0.639602143648227
vn -0.5773502691896257 -0.5773502691896257 0.5773502691896257
vn -0.48507125533189915 -0.48507125533189915 0.7276068680966881
vn -0.5773502691896257 -0.5773502691896257 0.5773502691896257
vn -0.4264014489670335 -0.639602143648227 0.639602143648227
vn -0.48507125533189915 -0.48507125533189915 0.7276068680966881
vn -0.48507125533189915 -0.48507125533189915 0.7276068680966881
vn -0.4264014489670335 -0.639602143648227 0.639602143648227
vn -0.26726123552621245 -0.5345224710524249 0.8017837363809595
vn -0.4264014489670335 -0.639602143648227 0.639602143648227
vn -0.2294157432818214 -0.688247200043142 0.688247200043142
vn -0.26726123552621245 -0.5345224710524249 0.8017837363809595
vn -0.26726123552621245 -0.5345224710524249 0.8017837363809595
vn -0.2294157432818214 -0.688247200043142 0.688247200043142
vn -6.199257710336878e-9 -0.5547002099801474 0.8320502851678979
vn -0.2294157432818214 -0.688247200043142 0.688247200043142
vn -5.268356063861754e-9 -0.7071067811865476 0.7071067811865476
vn -6.199257710336878e-9 -0.5547002099801474 0.8320502851678979
vn -6.199257710336878e-9 -0.5547002099801474 0.8320502851678979
vn -5.268356063861754e-9 -0.7071067811865476 0.7071067811865476
vn 6.199257710336878e-9 -0.5547002099801474 0.8320502851678979
vn -5.268356063861754e-9 -0.7071067811865476 0.7071067811865476
vn 5.268356063861754e-9 -0.7071067811865476 0.7071067811865476
vn 6.199257710336878e-9 -0.5547002099801474 0.8320502851678979
vn 6.199257710336878e-9 -0.5547002099801474 0.8320502851678979
vn 5.268356063861754e-9 -0.7071067811865476 0.7071067811865476
vn 0.26726123552621245 -0.5345224710524249 0.8017837363809595
vn 5.268356063861754e-9 -0.7071067811865476 0.7071067811865476
vn 0.2294157432818214 -0.688247200043142 0.688247200043142
vn 0.26726123552621245 -0.5345224710524249 0.8017837363809595
vn 0.26726123552621245 -0.5345224710524249 0.8017837363809595
vn 0.2294157432818214 -0.688247200043142 0.688247200043142
vn 0.48507125533189915 -0.48507125533189915 0.7276068680966881
vn 0.2294157432818214 -0.688247200043142 0.688247200043142
vn 0.4264014489670335 -0.639602143648227 0.639602143648227
vn 0.48507125533189915 -0.48507125533189915 0.7276068680966881
vn 0.48507125533189915 -0.48507125533189915 0.7276068680966881
vn 0.4264014489670335 -0.639602143648227 0.639602143648227
vn 0.639602143648227 -0.4264014489670335 0.639602143648227
vn 0.4264014489670335 -0.639602143648227 0.639602143648227
vn 0.5773502691896257 -0.5773502691896257 0.5773502691896257
vn 0.639602143648227 -0.4264014489670335 0.639602143648227
vn 0.5773502691896257 0.5773502691896257 -0.5773502691896257
vn 0.639602143648227 0.4264014489670335 -0.639602143648227
vn 0.4264014489670335 0.639602143648227 -0.639602143648227
vn 0.639602143648227 0.4264014489670335 -0.639602143648227
vn 0.48507125533189915 0.48507125533189915 -0.7276068680966881
vn 0.4264014489670335 0.639602143648227 -0.639602143648227
vn 0.4264014489670335 0.639602143648227 -0.639602143648227
vn 0.48507125533189915 0.48507125533189915 -0.7276068680966881
vn 0.2294157432818214 0.688247200043142 -0.688247200043142
vn 0.48507125533189915 0.48507125533189915 -0.7276068680966881
vn 0.26726123552621245 0.5345224710524249 -0.8017837363809595
vn 0.2294157432818214 0.688247200043142 -0.688247200043142
vn 0.2294157432818214 0.688247200043142 -0.688247200043142
vn 0.26726123552621245 0.5345224710524249 -0.8017837363809595
vn 5.268356063861754e-9 0.7071067811865476 -0.7071067811865476
vn 0.26726123552621245 0.5345224710524249 -0.8017837363809595
vn 6.199257710336878e-9 0.5547002099801474 -0.8320502851678979
vn 5.268356063861754e-9 0.7071067811865476 -0.7071067811865476
vn 5.268356063861754e-9 0.7071067811865476 -0.7071067811865476
vn 6.199257710336878e-9 0.5547002099801474 -0.8320502851678979
vn -5.268356063861754e-9 0.7071067811865476 -0.7071067811865476
vn 6.199257710336878e-9 0.5547002099801474 -0.8320502851678979
vn -6.199257710336878e-9 0.5547002099801474 -0.8320502851678979
vn -5.268356063861754e-9 0.7071067811865476 -0.7071067811865476
vn -5.268356063861754e-9 0.7071067811865476 -0.7071067811865476
vn -6.199257710336878e-9 0.5547002099801474 -0.8320502851678979
vn -0.2294157432818214 0.688247200043142 -0.688247200043142
vn -6.199257710336878e-9 0.5547002099801474 -0.8320502851678979
vn -0.26726123552621245 0.5345224710524249 -0.8017837363809595
vn -0.2294157432818214 0.688247200043142 -0.688247200043142
vn -0.2294157432818214 0.688247200043142 -0.688247200043142
vn -0.26726123552621245 0.5345224710524249 -0.8017837363809595
vn -0.4264014489670335 0.639602143648227 -0.639602143648227
vn -0.26726123552621245 0.5345224710524249 -0.8017837363809595
vn -0.48507125533189915 0.48507125533189915 -0.7276068680966881
vn -0.4264014489670335 0.639602143648227 -0.639602143648227
vn -0.4264014489670335 0.639602143648227 -0.639602143648227
vn -0.48507125533189915 0.48507125533189915 -0.7276068680966881
vn -0.5773502691896257 0.5773502691896257 -0.5773502691896257
vn -0.48507125533189915 0.48507125533189915 -0.7276068680966881
vn -0.639602143648227 0.4264014489670335 -0.639602143648227
vn -0.5773502691896257 0.5773502691896257 -0.5773502691896257
vn 0.639602143648227 0.4264014489670335 -0.639602143648227
vn 0.688247200043142 0.2294157432818214 -0.688247200043142
vn 0.48507125533189915 0.48507125533189915 -0.7276068680966881
vn 0.688247200043142 0.2294157432818214 -0.688247200043142
vn 0.5345224710524249 0.26726123552621245 -0.8017837363809595
vn 0.48507125533189915 0.48507125533189915 -0.7276068680966881
vn 0.48507125533189915 0.48507125533189915 -0.7276068680966881
vn 0.5345224710524249 0.26726123552621245 -0.8017837363809595
vn 0.26726123552621245 0.5345224710524249 -0.8017837363809595
vn 0.5345224710524249 0.26726123552621245 -0.8017837363809595
vn 0.30151134457776363 0.30151134457776363 -0.9045340337332909
vn 0.26726123552621245 0.5345224710524249 -0.8017837363809595
vn 0.26726123552621245 0.5345224710524249 -0.8017837363809595
vn 0.30151134457776363 0.30151134457776363 -0.9045340337332909
vn 6.199257710336878e-9 0.5547002099801474 -0.8320502851678979
vn 0.30151134457776363 0.30151134457776363 -0.9045340337332909
vn 7.068241395285323e-9 0.31622775707614137 -0.9486833010307459
vn 6.199257710336878e-9 0.5547002099801474 -0.8320502851678979
vn 6.199257710336878e-9 0.5547002099801474 -0.8320502851678979
vn 7.068241395285323e-9 0.31622775707614137 -0.9486833010307459
vn -6.199257710336878e-9 0.5547002099801474 -0.8320502851678979
vn 7.068241395285323e-9 0.31622775707614137 -0.9486833010307459
vn -7.068241395285323e-9 0.31622775707614137 -0.9486833010307459
vn -6.199257710336878e-9 0.5547002099801474 -0.8320502851678979
vn -6.199257710336878e-9 0.5547002099801474 -0.8320502851678979
vn -7.068241395285323e-9 0.31622775707614137 -0.9486833010307459
vn -0.26726123552621245 0.5345224710524249 -0.8017837363809595
vn -7.068241395285323e-9 0.31622775707614137 -0.9486833010307459
vn -0.30151134457776363 0.30151134457776363 -0.9045340337332909
vn -0.26726123552621245 0.5345224710524249 -0.8017837363809595
vn -0.26726123552621245 0.5345224710524249 -0.8017837363809595
vn -0.30151134457776363 0.30151134457776363 -0.9045340337332909
vn -0.48507125533189915 0.48507125533189915 -0.7276068680966881
vn -0.30151134457776363 0.30151134457776363 -0.9045340337332909
vn -0.5345224710524249 0.26726123552621245 -0.8017837363809595
vn -0.48507125533189915 0.48507125533189915 -0.7276068680966881
vn -0.48507125533189915 0.48507125533189915 -0.7276068680966881
vn -0.5345224710524249 0.26726123552621245 -0.8017837363809595
vn -0.639602143648227 0.4264014489670335 -0.639602143648227
vn -0.5345224710524249 0.26726123552621245 -0.8017837363809595
vn -0.688247200043142 0.2294157432818214 -0.688247200043142
vn -0.639602143648227 0.4264014489670335 -0.639602143648227
vn 0.688247200043142 0.2294157432818214 -0.688247200043142
vn 0.7071067811865476 5.268356063861754e-9 -0.7071067811865476
vn 0.5345224710524249 0.26726123552621245 -0.8017837363809595
vn 0.7071067811865476 5.268356063861754e-9 -0.7071067811865476
vn 0.5547002099801474 6.199257710336878e-9 -0.8320502851678979
vn 0.5345224710524249 0.26726123552621245 -0.8017837363809595
vn 0.5345224710524249 0.26726123552621245 -0.8017837363809595
vn 0.5547002099801474 6.199257710336878e-9 -0.8320502851678979
vn 0.30151134457776363 0.30151134457776363 -0.9045340337332909
vn 0.5547002099801474 6.199257710336878e-9 -0.8320502851678979
vn 0.31622775707614137 7.068241395285323e-9 -0.9486833010307459
vn 0.30151134457776363 0.30151134457776363 -0.9045340337332909
vn 0.30151134457776363 0.30151134457776363 -0.9045340337332909
vn 0.31622775707614137 7.068241395285323e-9 -0.9486833010307459
vn 7.068241395285323e-9 0.31622775707614137 -0.9486833010307459
vn 0.31622775707614137 7.068241395285323e-9 -0.9486833010307459
vn 7.450580596923828e-9 7.450580596923828e-9 -1
vn 7.068241395285323e-9 0.31622775707614137 -0.9486833010307459
vn 7.068241395285323e-9 0.31622775707614137 -0.9486833010307459
vn 7.450580596923828e-9 7.450580596923828e-9 -1
vn -7.068241395285323e-9 0.31622775707614137 -0.9486833010307459
vn 7.450580596923828e-9 7.450580596923828e-9 -1
vn -7.450580596923828e-9 7.450580596923828e-9 -1
vn -7.068241395285323e-9 0.31622775707614137 -0.9486833010307459
vn -7.068241395285323e-9 0.31622775707614137 -0.9486833010307459
vn -7.450580596923828e-9 7.450580596923828e-9 -1
vn -0.30151134457776363 0.30151134457776363 -0.9045340337332909
vn -7.450580596923828e-9 7.450580596923828e-9 -1
vn -0.31622775707614137 7.068241395285323e-9 -0.9486833010307459
vn -0.30151134457776363 0.30151134457776363 -0.9045340337332909
vn -0.30151134457776363 0.30151134457776363 -0.9045340337332909
vn -0.31622775707614137 7.068241395285323e-9 -0.9486833010307459
vn -0.5345224710524249 0.26726123552621245 -0.8017837363809595
vn -0.31622775707614137 7.068241395285323e-9 -0.9486833010307459
vn -0.5547002099801474 6.199257710336878e-9 -0.8320502851678979
vn -0.5345224710524249 0.26726123552621245 -0.8017837363809595
vn -0.5345224710524249 0.26726123552621245 -0.8017837363809595
vn -0.5547002099801474 6.199257710336878e-9 -0.8320502851678979
vn -0.688247200043142 0.2294157432818214 -0.688247200043142
vn -0.5547002099801474 6.199257710336878e-9 -0.8320502851678979
vn -0.7071067811865476 5.268356063861754e-9 -0.7071067811865476
vn -0.688247200043142 0.2294157432818214 -0.688247200043142
vn 0.7071067811865476 5.268356063861754e-9 -0.7071067811865476
vn 0.7071067811865476 -5.268356063861754e-9 -0.7071067811865476
vn 0.5547002099801474 6.199257710336878e-9 -0.8320502851678979
vn 0.7071067811865476 -5.268356063861754e-9 -0.7071067811865476
vn 0.5547002099801474 -6.199257710336878e-9 -0.8320502851678979
vn 0.5547002099801474 6.199257710336878e-9 -0.8320502851678979
vn 0.5547002099801474 6.199257710336878e-9 -0.8320502851678979
vn 0.5547002099801474 -6.199257710336878e-9 -0.8320502851678979
vn 0.31622775707614137 7.068241395285323e-9 -0.9486833010307459
vn 0.5547002099801474 -6.199257710336878e-9 -0.8320502851678979
vn 0.31622775707614137 -7.068241395285323e-9 -0.9486833010307459
vn 0.31622775707614137 7.068241395285323e-9 -0.9486833010307459
vn 0.31622775707614137 7.068241395285323e-9 -0.9486833010307459
vn 0.31622775707614137 -7.068241395285323e-9 -0.9486833010307459
vn 7.450580596923828e-9 7.450580596923828e-9 -1
vn 0.31622775707614137 -7.068241395285323e-9 -0.9486833010307459
vn 7.450580596923828e-9 -7.450580596923828e-9 -1
vn 7.450580596923828e-9 7.450580596923828e-9 -1
vn 7.450580596923828e-9 7.450580596923828e-9 -1
vn 7.450580596923828e-9 -7.450580596923828e-9 -1
vn -7.450580596923828e-9 7.450580596923828e-9 -1
vn 7.450580596923828e-9 -7.450580596923828e-9 -1
vn -7.450580596923828e-9 -7.450580596923828e-9 -1
vn -7.450580596923828e-9 7.450580596923828e-9 -1
vn -7.450580596923828e-9 7.450580596923828e-9 -1
vn -7.450580596923828e-9 -7.450580596923828e-9 -1
vn -0.31622775707614137 7.068241395285323e-9 -0.9486833010307459
vn -7.450580596923828e-9 -7.450580596923828e-9 -1
vn -0.31622775707614137 -7.068241395285323e-9 -0.9486833010307459
vn -0.31622775707614137 7.068241395285323e-9 -0.9486833010307459
vn -0.31622775707614137 7.068241395285323e-9 -0.9486833010307459
vn -0.31622775707614137 -7.068241395285323e-9 -0.9486833010307459
vn -0.5547002099801474 6.199257710336878e-9 -0.8320502851678979
vn -0.31622775707614137 -7.068241395285323e-9 -0.9486833010307459
vn -0.5547002099801474 -6.199257710336878e-9 -0.8320502851678979
vn -0.5547002099801474 6.199257710336878e-9 -0.8320502851678979
vn -0.5547002099801474 6.199257710336878e-9 -0.8320502851678979
vn -0.5547002099801474 -6.199257710336878e-9 -0.8320502851678979
vn -0.7071067811865476 5.268356063861754e-9 -0.7071067811865476
vn -0.5547002099801474 -6.199257710336878e-9 -0.8320502851678979
vn -0.7071067811865476 -5.268356063861754e-9 -0.7071067811865476
vn -0.7071067811865476 5.268356063861754e-9 -0.7071067811865476
vn 0.7071067811865476 -5.268356063861754e-9 -0.7071067811865476
vn 0.688247200043142 -0.2294157432818214 -0.688247200043142
vn 0.5547002099801474 -6.199257710336878e-9 -0.8320502851678979
vn 0.688247200043142 -0.2294157432818214 -0.688247200043142
vn 0.5345224710524249 -0.26726123552621245 -0.8017837363809595
vn 0.5547002099801474 -6.199257710336878e-9 -0.8320502851678979
vn 0.5547002099801474 -6.199257710336878e-9 -0.8320502851678979
vn 0.5345224710524249 -0.26726123552621245 -0.8017837363809595
vn 0.31622775707614137 -7.068241395285323e-9 -0.9486833010307459
vn 0.5345224710524249 -0.26726123552621245 -0.8017837363809595
vn 0.30151134457776363 -0.30151134457776363 -0.9045340337332909
vn 0.31622775707614137 -7.068241395285323e-9 -0.9486833010307459
vn 0.31622775707614137 -7.068241395285323e-9 -0.9486833010307459
vn 0.30151134457776363 -0.30151134457776363 -0.9045340337332909
vn 7.450580596923828e-9 -7.450580596923828e-9 -1
vn 0.30151134457776363 -0.30151134457776363 -0.9045340337332909
vn 7.068241395285323e-9 -0.31622775707614137 -0.9486833010307459
vn 7.450580596923828e-9 -7.450580596923828e-9 -1
vn 7.450580596923828e-9 -7.450580596923828e-9 -1
vn 7.068241395285323e-9 -0.31622775707614137 -0.9486833010307459
vn -7.450580596923828e-9 -7.450580596923828e-9 -1
vn 7.068241395285323e-9 -0.31622775707614137 -0.9486833010307459
vn -7.068241395285323e-9 -0.31622775707614137 -0.9486833010307459
vn -7.450580596923828e-9 -7.450580596923828e-9 -1
vn -7.450580596923828e-9 -7.450580596923828e-9 -1
vn -7.068241395285323e-9 -0.31622775707614137 -0.9486833010307459
vn -0.31622775707614137 -7.068241395285323e-9 -0.9486833010307459
vn -7.068241395285323e-9 -0.31622775707614137 -0.9486833010307459
vn -0.30151134457776363 -0.30151134457776363 -0.9045340337332909
vn -0.31622775707614137 -7.068241395285323e-9 -0.9486833010307459
vn -0.31622775707614137 -7.068241395285323e-9 -0.9486833010307459
vn -0.30151134457776363 -0.30151134457776363 -0.9045340337332909
vn -0.5547002099801474 -6.199257710336878e-9 -0.8320502851678979
vn -0.30151134457776363 -0.30151134457776363 -0.9045340337332909
vn -0.5345224710524249 -0.26726123552621245 -0.8017837363809595
vn -0.5547002099801474 -6.199257710336878e-9 -0.8320502851678979
vn -0.5547002099801474 -6.199257710336878e-9 -0.8320502851678979
vn -0.5345224710524249 -0.26726123552621245 -0.8017837363809595
vn -0.7071067811865476 -5.268356063861754e-9 -0.7071067811865476
vn -0.5345224710524249 -0.26726123552621245 -0.8017837363809595
vn -0.688247200043142 -0.2294157432818214 -0.688247200043142
vn -0.7071067811865476 -5.268356063861754e-9 -0.7071067811865476
vn 0.688247200043142 -0.2294157432818214 -0.688247200043142
vn 0.639602143648227 -0.4264014489670335 -0.639602143648227
vn 0.5345224710524249 -0.26726123552621245 -0.8017837363809595
vn 0.639602143648227 -0.4264014489670335 -0.639602143648227
vn 0.48507125533189915 -0.48507125533189915 -0.7276068680966881
vn 0.5345224710524249 -0.26726123552621245 -0.8017837363809595
vn 0.5345224710524249 -0.26726123552621245 -0.8017837363809595
vn 0.48507125533189915 -0.48507125533189915 -0.7276068680966881
vn 0.30151134457776363 -0.30151134457776363 -0.9045340337332909
vn 0.48507125533189915 -0.48507125533189915 -0.7276068680966881
vn 0.26726123552621245 -0.5345224710524249 -0.8017837363809595
vn 0.30151134457776363 -0.30151134457776363 -0.9045340337332909
vn 0.30151134457776363 -0.30151134457776363 -0.9045340337332909
vn 0.26726123552621245 -0.5345224710524249 -0.8017837363809595
vn 7.068241395285323e-9 -0.31622775707614137 -0.9486833010307459
vn 0.26726123552621245 -0.5345224710524249 -0.8017837363809595
vn 6.199257710336878e-9 -0.5547002099801474 -0.8320502851678979
vn 7.068241395285323e-9 -0.31622775707614137 -0.9486833010307459
vn 7.068241395285323e-9 -0.31622775707614137 -0.9486833010307459
vn 6.199257710336878e-9 -0.5547002099801474 -0.8320502851678979
vn -7.068241395285323e-9 -0.31622775707614137 -0.9486833010307459
vn 6.199257710336878e-9 -0.5547002099801474 -0.8320502851678979
vn -6.199257710336878e-9 -0.5547002099801474 -0.8320502851678979
vn -7.068241395285323e-9 -0.31622775707614137 -0.9486833010307459
vn -7.068241395285323e-9 -0.31622775707614137 -0.9486833010307459
vn -6.199257710336878e-9 -0.5547002099801474 -0.8320502851678979
vn -0.30151134457776363 -0.30151134457776363 -0.9045340337332909
vn -6.199257710336878e-9 -0.5547002099801474 -0.8320502851678979
vn -0.26726123552621245 -0.5345224710524249 -0.8017837363809595
vn -0.30151134457776363 -0.30151134457776363 -0.9045340337332909
vn -0.30151134457776363 -0.30151134457776363 -0.9045340337332909
vn -0.26726123552621245 -0.5345224710524249 -0.8017837363809595
vn -0.5345224710524249 -0.26726123552621245 -0.8017837363809595
vn -0.26726123552621245 -0.5345224710524249 -0.8017837363809595
vn -0.48507125533189915 -0.48507125533189915 -0.7276068680966881
vn -0.5345224710524249 -0.26726123552621245 -0.8017837363809595
vn -0.5345224710524249 -0.26726123552621245 -0.8017837363809595
vn -0.48507125533189915 -0.48507125533189915 -0.7276068680966881
vn -0.688247200043142 -0.2294157432818214 -0.688247200043142
vn -0.48507125533189915 -0.48507125533189915 -0.7276068680966881
vn -0.639602143648227 -0.4264014489670335 -0.639602143648227
vn -0.688247200043142 -0.2294157432818214 -0.688247200043142
vn 0.639602143648227 -0.4264014489670335 -0.639602143648227
vn 0.5773502691896257 -0.5773502691896257 -0.5773502691896257
vn 0.48507125533189915 -0.48507125533189915 -0.7276068680966881
vn 0.5773502691896257 -0.5773502691896257 -0.5773502691896257
vn 0.4264014489670335 -0.639602143648227 -0.639602143648227
vn 0.48507125533189915 -0.48507125533189915 -0.7276068680966881
vn 0.48507125533189915 -0.48507125533189915 -0.7276068680966881
vn 0.4264014489670335 -0.639602143648227 -0.639602143648227
vn 0.26726123552621245 -0.5345224710524249 -0.8017837363809595
vn 0.4264014489670335 -0.639602143648227 -0.639602143648227
vn 0.2294157432818214 -0.688247200043142 -0.688247200043142
vn 0.26726123552621245 -0.5345224710524249 -0.8017837363809595
vn 0.26726123552621245 -0.5345224710524249 -0.8017837363809595
vn 0.2294157432818214 -0.688247200043142 -0.688247200043142
vn 6.199257710336878e-9 -0.5547002099801474 -0.8320502851678979
vn 0.2294157432818214 -0.688247200043142 -0.688247200043142
vn 5.268356063861754e-9 -0.7071067811865476 -0.7071067811865476
vn 6.199257710336878e-9 -0.5547002099801474 -0.8320502851678979
vn 6.199257710336878e-9 -0.5547002099801474 -0.8320502851678979
vn 5.268356063861754e-9 -0.7071067811865476 -0.7071067811865476
vn -6.199257710336878e-9 -0.5547002099801474 -0.8320502851678979
vn 5.268356063861754e-9 -0.7071067811865476 -0.7071067811865476
vn -5.268356063861754e-9 -0.7071067811865476 -0.7071067811865476
vn -6.199257710336878e-9 -0.5547002099801474 -0.8320502851678979
vn -6.199257710336878e-9 -0.5547002099801474 -0.8320502851678979
vn -5.268356063861754e-9 -0.7071067811865476 -0.7071067811865476
vn -0.26726123552621245 -0.5345224710524249 -0.8017837363809595
vn -5.268356063861754e-9 -0.7071067811865476 -0.7071067811865476
vn -0.2294157432818214 -0.688247200043142 -0.688247200043142
vn -0.26726123552621245 -0.5345224710524249 -0.8017837363809595
vn -0.26726123552621245 -0.5345224710524249 -0.8017837363809595
vn -0.2294157432818214 -0.688247200043142 -0.688247200043142
vn -0.48507125533189915 -0.48507125533189915 -0.7276068680966881
vn -0.2294157432818214 -0.688247200043142 -0.688247200043142
vn -0.4264014489670335 -0.639602143648227 -0.639602143648227
vn -0.48507125533189915 -0.48507125533189915 -0.7276068680966881
vn -0.48507125533189915 -0.48507125533189915 -0.7276068680966881
vn -0.4264014489670335 -0.639602143648227 -0.639602143648227
vn -0.639602143648227 -0.4264014489670335 -0.639602143648227
vn -0.4264014489670335 -0.639602143648227 -0.639602143648227
vn -0.5773502691896257 -0.5773502691896257 -0.5773502691896257
vn -0.639602143648227 -0.4264014489670335 -0.639602143648227
f 585/585/585 586/586/586 587/587/587
f 588/588/588 589/589/589 590/590/590
f 591/591/591 592/592/592 593/593/593
f 594/594/594 595/595/595 596/596/596
f 597/597/597 598/598/598 599/599/599
f 600/600/600 601/601/601 602/602/602
f 603/603/603 604/604/604 605/605/605
f 606/606/606 607/607/607 608/608/608
f 609/609/609 610/610/610 611/611/611
f 612/612/612 613/613/613 614/614/614
f 615/615/615 616/616/616 617/617/617
f 618/618/618 619/619/619 620/620/620
f 621/621/621 622/622/622 623/623/623
f 624/624/624 625/625/625 626/626/626
f 627/627/627 628/628/628 629/629/629
f 630/630/630 631/631/631 632/632/632
f 633/633/633 634/634/634 635/635/635
f 636/636/636 637/637/637 638/638/638
f 639/639/639 640/640/640 641/641/641
f 642/642/642 643/643/643 644/644/644
f 645/645/645 646/646/646 647/647/647
f 648/648/648 649/649/649 650/650/650
f 651/651/651 652/652/652 653/653/653
f 654/654/654 655/655/655 656/656/656
f 657/657/657 658/658/658 659/659/659
f 660/660/660 661/661/661 662/662/662
f 663/663/663 664/664/664 665/665/665
f 666/666/666 667/667/667 668/668/668
f 669/669/669 670/670/670 671/671/671
f 672/672/672 673/673/673 674/674/674
f 675/675/675 676/676/676 677/677/677
f 678/678/678 679/679/679 680/680/680
f 681/681/681 682/682/682 683/683/683
f 684/684/684 685/685/685 686/686/686
f 687/687/687 688/688/688 689/689/689
f 690/690/690 691/691/691 692/692/692
f 693/693/693 694/694/694 695/695/695
f 696/696/696 697/697/697 698/698/698
f 699/699/699 700/700/700 701/701/701
f 702/702/702 703/703/703 704/704/704
f 705/705/705 706/706/706 707/707/707
f 708/708/708 709/709/709 710/710/710
f 711/711/711 712/712/712 713/713/713
f 714/714/714 715/715/715 716/716/716
f 717/717/717 718/718/718 719/719/719
f 720/720/720 721/721/721 722/722/722
f 723/723/723 724/724/724 725/725/725
f 726/726/726 727/727/727 728/728/728
f 729/729/729 730/730/730 731/731/731
f 732/732/732 733/733/733 734/734/734
f 735/735/735 736/736/736 737/737/737
f 738/738/738 739/739/739 740/740/740
f 741/741/741 742/742/742 743/743/743
f 744/744/744 745/745/745 746/746/746
f 747/747/747 748/748/748 749/749/749
f 750/750/750 751/751/751 752/752/752
f 753/753/753 754/754/754 755/755/755
f 756/756/756 757/757/757 758/758/758
f 759/759/759 760/760/760 761/761/761
f 762/762/762 763/763/763 764/764/764
f 765/765/765 766/766/766 767/767/767
f 768/768/768 769/769/769 770/770/770
f 771/771/771 772/772/772 773/773/773
f 774/774/774 775/775/775 776/776/776
f 777/777/777 778/778/778 779/779/779
f 780/780/780 781/781/781 782/782/782
f 783/783/783 784/784/784 785/785/785
f 786/786/786 787/787/787 788/788/788
f 789/789/789 790/790/790 791/791/791
f 792/792/792 793/793/793 794/794/794
f 795/795/795 796/796/796 797/797/797
f 798/798/798 799/799/799 800/800/800
f 801/801/801 802/802/802 803/803/803
f 804/804/804 805/805/805 806/806/806
f 807/807/807 808/808/808 809/809/809
f 810/810/810 811/811/811 812/812/812
f 813/813/813 814/814/814 815/815/815
f 816/816/816 817/817/817 818/818/818
f 819/819/819 820/820/820 821/821/821
f 822/822/822 823/823/823 824/824/824
f 825/825/825 826/826/826 827/827/827
f 828/828/828 829/829/829 830/830/830
f 831/831/831 832/832/832 833/833/833
f 834/834/834 835/835/835 836/836/836
f 837/837/837 838/838/838 839/839/839
f 840/840/840 841/841/841 842/842/842
f 843/843/843 844/844/844 845/845/845
f 846/846/846 847/847/847 848/848/848
f 849/849/849 850/850/850 851/851/851
f 852/852/852 853/853/853 854/854/854
f 855/855/855 856/856/856 857/857/857
f 858/858/858 859/859/859 860/860/860
f 861/861/861 862/862/862 863/863/863
f 864/864/864 865/865/865 866/866/866
f 867/867/867 868/868/868 869/869/869
f 870/870/870 871/871/871 872/872/872
f 873/873/873 874/874/874 875/875/875
f 876/876/876 877/877/877 878/878/878
f 879/879/879 880/880/880 881/881/881
f 882/882/882 883/883/883 884/884/884
f 885/885/885 886/886/886 887/887/887
f 888/888/888 889/889/889 890/890/890
f 891/891/891 892/892/892 893/893/893
f 894/894/894 895/895/895 896/896/896
f 897/897/897 898/898/898 899/899/899
f 900/900/900 901/901/901 902/902/902
f 903/903/903 904/904/904 905/905/905
f 906/906/906 907/907/907 908/908/908
f 909/909/909 910/910/910 911/911/911
f 912/912/912 913/913/913 914/914/914
f 915/915/915 916/916/916 917/917/917
f 918/918/918 919/919/919 920/920/920
f 921/921/921 922/922/922 923/923/923
f 924/924/924 925/925/925 926/926/926
f 927/927/927 928/928/928 929/929/929
f 930/930/930 931/931/931 932/932/932
f 933/933/933 934/934/934 935/935/935
f 936/936/936 937/937/937 938/938/938
f 939/939/939 940/940/940 941/941/941
f 942/942/942 943/943/943 944/944/944
f 945/945/945 946/946/946 947/947/947
f 948/948/948 949/949/949 950/950/950
f 951/951/951 952/952/952 953/953/953
f 954/954/954 955/955/955 956/956/956
f 957/957/957 958/958/958 959/959/959
f 960/960/960 961/961/961 962/962/962
f 963/963/963 964/964/964 965/965/965
f 966/966/966 967/967/967 968/968/968
f 969/969/969 970/970/970 971/971/971
f 972/972/972 973/973/973 974/974/974
f 975/975/975 976/976/976 977/977/977
f 978/978/978 979/979/979 980/980/980
f 981/981/981 982/982/982 983/983/983
f 984/984/984 985/985/985 986/986/986
f 987/987/987 988/988/988 989/989/989
f 990/990/990 991/991/991 992/992/992
f 993/993/993 994/994/994 995/995/995
f 996/996/996 997/997/997 998/998/998
f 999/999/999 1000/1000/1000 1001/1001/1001
f 1002/1002/1002 1003/1003/1003 1004/1004/1004
f 1005/1005/1005 1006/1006/1006 1007/1007/1007
f 1008/1008/1008 1009/1009/1009 1010/1010/1010
f 1011/1011/1011 1012/1012/1012 1013/1013/1013
f 1014/1014/1014 1015/1015/1015 1016/1016/1016
f 1017/1017/1017 1018/1018/1018 1019/1019/1019
f 1020/1020/1020 1021/1021/1021 1022/1022/1022
f 1023/1023/1023 1024/1024/1024 1025/1025/1025
f 1026/1026/1026 1027/1027/1027 1028/1028/1028
f 1029/1029/1029 1030/1030/1030 1031/1031/1031
f 1032/1032/1032 1033/1033/1033 1034/1034/1034
f 1035/1035/1035 1036/1036/1036 1037/1037/1037
f 1038/1038/1038 1039/1039/1039 1040/1040/1040
f 1041/1041/1041 1042/1042/1042 1043/1043/1043
f 1044/1044/1044 1045/1045/1045 1046/1046/1046
f 1047/1047/1047 1048/1048/1048 1049/1049/1049
f 1050/1050/1050 1051/1051/1051 1052/1052/1052
f 1053/1053/1053 1054/1054/1054 1055/1055/1055
f 1056/1056/1056 1057/1057/1057 1058/1058/1058
f 1059/1059/1059 1060/1060/1060 1061/1061/1061
f 1062/1062/1062 1063/1063/1063 1064/1064/1064
f 1065/1065/1065 1066/1066/1066 1067/1067/1067
f 1068/1068/1068 1069/1069/1069 1070/1070/1070
f 1071/1071/1071 1072/1072/1072 1073/1073/1073
f 1074/1074/1074 1075/1075/1075 1076/1076/1076
f 1077/1077/1077 1078/1078/1078 1079/1079/1079
f 1080/1080/1080 1081/1081/1081 1082/1082/1082
f 1083/1083/1083 1084/1084/1084 1085/1085/1085
f 1086/1086/1086 1087/1087/1087 1088/1088/1088
f 1089/1089/1089 1090/1090/1090 1091/1091/1091
f 1092/1092/1092 1093/1093/1093 1094/1094/1094
f 1095/1095/1095 1096/1096/1096 1097/1097/1097
f 1098/1098/1098 1099/1099/1099 1100/1100/1100
f 1101/1101/1101 1102/1102/1102 1103/1103/1103
f 1104/1104/1104 1105/1105/1105 1106/1106/1106
f 1107/1107/1107 1108/1108/1108 1109/1109/1109
f 1110/1110/1110 1111/1111/1111 1112/1112/1112
f 1113/1113/1113 1114/1114/1114 1115/1115/1115
f 1116/1116/1116 1117/1117/1117 1118/1118/1118
f 1119/1119/1119 1120/1120/1120 1121/1121/1121
f 1122/1122/1122 1123/1123/1123 1124/1124/1124
f 1125/1125/1125 1126/1126/1126 1127/1127/1127
f 1128/1128/1128 1129/1129/1129 1130/1130/1130
f 1131/1131/1131 1132/1132/1132 1133/1133/1133
f 1134/1134/1134 1135/1135/1135 1136/1136/1136
f 1137/1137/1137 1138/1138/1138 1139/1139/1139
f 1140/1140/1140 1141/1141/1141 1142/1142/1142
f 1143/1143/1143 1144/1144/1144 1145/1145/1145
f 1146/1146/1146 1147/1147/1147 1148/1148/1148
f 1149/1149/1149 1150/1150/1150 1151/1151/1151
f 1152/1152/1152 1153/1153/1153 1154/1154/1154
f 1155/1155/1155 1156/1156/1156 1157/1157/1157
f 1158/1158/1158 1159/1159/1159 1160/1160/1160
f 1161/1161/1161 1162/1162/1162 1163/1163/1163
f 1164/1164/1164 1165/1165/1165 1166/1166/1166
f 1167/1167/1167 1168/1168/1168 1169/1169/1169
f 1170/1170/1170 1171/1171/1171 1172/1172/1172
f 1173/1173/1173 1174/1174/1174 1175/1175/1175
f 1176/1176/1176 1177/1177/1177 1178/1178/1178
f 1179/1179/1179 1180/1180/1180 1181/1181/1181
f 1182/1182/1182 1183/1183/1183 1184/1184/1184
f 1185/1185/1185 1186/1186/1186 1187/1187/1187
f 1188/1188/1188 1189/1189/1189 1190/1190/1190
f 1191/1191/1191 1192/1192/1192 1193/1193/1193
f 1194/1194/1194 1195/1195/1195 1196/1196/1196
f 1197/1197/1197 1198/1198/1198 1199/1199/1199
f 1200/1200/1200 1201/1201/1201 1202/1202/1202
f 1203/1203/1203 1204/1204/1204 1205/1205/1205
f 1206/1206/1206 1207/1207/1207 1208/1208/1208
f 1209/1209/1209 1210/1210/1210 1211/1211/1211
f 1212/1212/1212 1213/1213/1213 1214/1214/1214
f 1215/1215/1215 1216/1216/1216 1217/1217/1217
f 1218/1218/1218 1219/1219/1219 1220/1220/1220
f 1221/1221/1221 1222/1222/1222 1223/1223/1223
f 1224/1224/1224 1225/1225/1225 1226/1226/1226
f 1227/1227/1227 1228/1228/1228 1229/1229/1229
f 1230/1230/1230 1231/1231/1231 1232/1232/1232
f 1233/1233/1233 1234/1234/1234 1235/1235/1235
f 1236/1236/1236 1237/1237/1237 1238/1238/1238
f 1239/1239/1239 1240/1240/1240 1241/1241/1241
f 1242/1242/1242 1243/1243/1243 1244/1244/1244
f 1245/1245/1245 1246/1246/1246 1247/1247/1247
f 1248/1248/1248 1249/1249/1249 1250/1250/1250
f 1251/1251/1251 1252/1252/1252 1253/1253/1253
f 1254/1254/1254 1255/1255/1255 1256/1256/1256
f 1257/1257/1257 1258/1258/1258 1259/1259/1259
f 1260/1260/1260 1261/1261/1261 1262/1262/1262
f 1263/1263/1263 1264/1264/1264 1265/1265/1265
f 1266/1266/1266 1267/1267/1267 1268/1268/1268
f 1269/1269/1269 1270/1270/1270 1271/1271/1271
f 1272/1272/1272 1273/1273/1273 1274/1274/1274
f 1275/1275/1275 1276/1276/1276 1277/1277/1277
f 1278/1278/1278 1279/1279/1279 1280/1280/1280
f 1281/1281/1281 1282/1282/1282 1283/1283/1283
f 1284/1284/1284 1285/1285/1285 1286/1286/1286
f 1287/1287/1287 1288/1288/1288 1289/1289/1289
f 1290/1290/1290 1291/1291/1291 1292/1292/1292
f 1293/1293/1293 1294/1294/1294 1295/1295/1295
f 1296/1296/1296 1297/1297/1297 1298/1298/1298
f 1299/1299/1299 1300/1300/1300 1301/1301/1301
f 1302/1302/1302 1303/1303/1303 1304/1304/1304
f 1305/1305/1305 1306/1306/1306 1307/1307/1307
f 1308/1308/1308 1309/1309/1309 1310/1310/1310
f 1311/1311/1311 1312/1312/1312 1313/1313/1313
f 1314/1314/1314 1315/1315/1315 1316/1316/1316
f 1317/1317/1317 1318/1318/1318 1319/1319/1319
f 1320/1320/1320 1321/1321/1321 1322/1322/1322
f 1323/1323/1323 1324/1324/1324 1325/1325/1325
f 1326/1326/1326 1327/1327/1327 1328/1328/1328
f 1329/1329/1329 1330/1330/1330 1331/1331/1331
f 1332/1332/1332 1333/1333/1333 1334/1334/1334
f 1335/1335/1335 1336/1336/1336 1337/1337/1337
f 1338/1338/1338 1339/1339/1339 1340/1340/1340
f 1341/1341/1341 1342/1342/1342 1343/1343/1343
f 1344/1344/1344 1345/1345/1345 1346/1346/1346
f 1347/1347/1347 1348/1348/1348 1349/1349/1349
f 1350/1350/1350 1351/1351/1351 1352/1352/1352
f 1353/1353/1353 1354/1354/1354 1355/1355/1355
f 1356/1356/1356 1357/1357/1357 1358/1358/1358
f 1359/1359/1359 1360/1360/1360 1361/1361/1361
f 1362/1362/1362 1363/1363/1363 1364/1364/1364
f 1365/1365/1365 1366/1366/1366 1367/1367/1367
f 1368/1368/1368 1369/1369/1369 1370/1370/1370
f 1371/1371/1371 1372/1372/1372 1373/1373/1373
f 1374/1374/1374 1375/1375/1375 1376/1376/1376
f 1377/1377/1377 1378/1378/1378 1379/1379/1379
f 1380/1380/1380 1381/1381/1381 1382/1382/1382
f 1383/1383/1383 1384/1384/1384 1385/1385/1385
f 1386/1386/1386 1387/1387/1387 1388/1388/1388
f 1389/1389/1389 1390/1390/1390 1391/1391/1391
f 1392/1392/1392 1393/1393/1393 1394/1394/1394
f 1395/1395/1395 1396/1396/1396 1397/1397/1397
f 1398/1398/1398 1399/1399/1399 1400/1400/1400
f 1401/1401/1401 1402/1402/1402 1403/1403/1403
f 1404/1404/1404 1405/1405/1405 1406/1406/1406
f 1407/1407/1407 1408/1408/1408 1409/1409/1409
f 1410/1410/1410 1411/1411/1411 1412/1412/1412
f 1413/1413/1413 1414/1414/1414 1415/1415/1415
f 1416/1416/1416 1417/1417/1417 1418/1418/1418
f 1419/1419/1419 1420/1420/1420 1421/1421/1421
f 1422/1422/1422 1423/1423/1423 1424/1424/1424
f 1425/1425/1425 1426/1426/1426 1427/1427/1427
f 1428/1428/1428 1429/1429/1429 1430/1430/1430
f 1431/1431/1431 1432/1432/1432 1433/1433/1433
f 1434/1434/1434 1435/1435/1435 1436/1436/1436
f 1437/1437/1437 1438/1438/1438 1439/1439/1439
f 1440/1440/1440 1441/1441/1441 1442/1442/1442
f 1443/1443/1443 1444/1444/1444 1445/1445/1445
f 1446/1446/1446 1447/1447/1447 1448/1448/1448
f 1449/1449/1449 1450/1450/1450 1451/1451/1451
f 1452/1452/1452 1453/1453/1453 1454/1454/1454
f 1455/1455/1455 1456/1456/1456 1457/1457/1457
f 1458/1458/1458 1459/1459/1459 1460/1460/1460
f 1461/1461/1461 1462/1462/1462 1463/1463/1463
f 1464/1464/1464 1465/1465/1465 1466/1466/1466
f 1467/1467/1467 1468/1468/1468 1469/1469/1469
f 1470/1470/1470 1471/1471/1471 1472/1472/1472
f 1473/1473/1473 1474/1474/1474 1475/1475/1475
f 1476/1476/1476 1477/1477/1477 1478/1478/1478
f 1479/1479/1479 1480/1480/1480 1481/1481/1481
f 1482/1482/1482 1483/1483/1483 1484/1484/1484
f 1485/1485/1485 1486/1486/1486 1487/1487/1487
f 1488/1488/1488 1489/1489/1489 1490/1490/1490
f 1491/1491/1491 1492/1492/1492 1493/1493/1493
f 1494/1494/1494 1495/1495/1495 1496/1496/1496
f 1497/1497/1497 1498/1498/1498 1499/1499/1499
f 1500/1500/1500 1501/1501/1501 1502/1502/1502
f 1503/1503/1503 1504/1504/1504 1505/1505/1505
f 1506/1506/1506 1507/1507/1507 1508/1508/1508
f 1509/1509/1509 1510/1510/1510 1511/1511/1511
f 1512/1512/1512 1513/1513/1513 1514/1514/1514
f 1515/1515/1515 1516/1516/1516 1517/1517/1517
f 1518/1518/1518 1519/1519/1519 1520/1520/1520
f 1521/1521/1521 1522/1522/1522 1523/1523/1523
f 1524/1524/1524 1525/1525/1525 1526/1526/1526
f 1527/1527/1527 1528/1528/1528 1529/1529/1529
f 1530/1530/1530 1531/1531/1531 1532/1532/1532
f 1533/1533/1533 1534/1534/1534 1535/1535/1535
f 1536/1536/1536 1537/1537/1537 1538/1538/1538
f 1539/1539/1539 1540/1540/1540 1541/1541/1541
f 1542/1542/1542 1543/1543/1543 1544/1544/1544
f 1545/1545/1545 1546/1546/1546 1547/1547/1547
f 1548/1548/1548 1549/1549/1549 1550/1550/1550
f 1551/1551/1551 1552/1552/1552 1553/1553/1553
f 1554/1554/1554 1555/1555/1555 1556/1556/1556
f 1557/1557/1557 1558/1558/1558 1559/1559/1559
f 1560/1560/1560 1561/1561/1561 1562/1562/1562
f 1563/1563/1563 1564/1564/1564 1565/1565/1565
f 1566/1566/1566 1567/1567/1567 1568/1568/1568
f 1569/1569/1569 1570/1570/1570 1571/1571/1571
f 1572/1572/1572 1573/1573/1573 1574/1574/1574
f 1575/1575/1575 1576/1576/1576 1577/1577/1577
f 1578/1578/1578 1579/1579/1579 1580/1580/1580
f 1581/1581/1581 1582/1582/1582 1583/1583/1583
f 1584/1584/1584 1585/1585/1585 1586/1586/1586
f 1587/1587/1587 1588/1588/1588 1589/1589/1589
f 1590/1590/1590 1591/1591/1591 1592/1592/1592
f 1593/1593/1593 1594/1594/1594 1595/1595/1595
f 1596/1596/1596 1597/1597/1597 1598/1598/1598
f 1599/1599/1599 1600/1600/1600 1601/1601/1601
f 1602/1602/1602 1603/1603/1603 1604/1604/1604
f 1605/1605/1605 1606/1606/1606 1607/1607/1607
f 1608/1608/1608 1609/1609/1609 1610/1610/1610
f 1611/1611/1611 1612/1612/1612 1613/1613/1613
f 1614/1614/1614 1615/1615/1615 1616/1616/1616
f 1617/1617/1617 1618/1618/1618 1619/1619/1619
f 1620/1620/1620 1621/1621/1621 1622/1622/1622
f 1623/1623/1623 1624/1624/1624 1625/1625/1625
f 1626/1626/1626 1627/1627/1627 1628/1628/1628
f 1629/1629/1629 1630/1630/1630 1631/1631/1631
f 1632/1632/1632 1633/1633/1633 1634/1634/1634
f 1635/1635/1635 1636/1636/1636 1637/1637/1637
f 1638/1638/1638 1639/1639/1639 1640/1640/1640
f 1641/1641/1641 1642/1642/1642 1643/1643/1643
f 1644/1644/1644 1645/1645/1645 1646/1646/1646
f 1647/1647/1647 1648/1648/1648 1649/1649/1649
f 1650/1650/1650 1651/1651/1651 1652/1652/1652
f 1653/1653/1653 1654/1654/1654 1655/1655/1655
f 1656/1656/1656 1657/1657/1657 1658/1658/1658
f 1659/1659/1659 1660/1660/1660 1661/1661/1661
f 1662/1662/1662 1663/1663/1663 1664/1664/1664
f 1665/1665/1665 1666/1666/1666 1667/1667/1667
f 1668/1668/1668 1669/1669/1669 1670/1670/1670
f 1671/1671/1671 1672/1672/1672 1673/1673/1673
f 1674/1674/1674 1675/1675/1675 1676/1676/1676
f 1677/1677/1677 1678/1678/1678 1679/1679/1679
f 1680/1680/1680 1681/1681/1681 1682/1682/1682
f 1683/1683/1683 1684/1684/1684 1685/1685/1685
f 1686/1686/1686 1687/1687/1687 1688/1688/1688
f 1689/1689/1689 1690/1690/1690 1691/1691/1691
f 1692/1692/1692 1693/1693/1693 1694/1694/1694
f 1695/1695/1695 1696/1696/1696 1697/1697/1697
f 1698/1698/1698 1699/1699/1699 1700/1700/1700
f 1701/1701/1701 1702/1702/1702 1703/1703/1703
f 1704/1704/1704 1705/1705/1705 1706/1706/1706
f 1707/1707/1707 1708/1708/1708 1709/1709/1709
f 1710/1710/1710 1711/1711/1711 1712/1712/1712
f 1713/1713/1713 1714/1714/1714 1715/1715/1715
f 1716/1716/1716 1717/1717/1717 1718/1718/1718
f 1719/1719/1719 1720/1720/1720 1721/1721/1721
f 1722/1722/1722 1723/1723/1723 1724/1724/1724
f 1725/1725/1725 1726/1726/1726 1727/1727/1727
f 1728/1728/1728 1729/1729/1729 1730/1730/1730
f 1731/1731/1731 1732/1732/1732 1733/1733/1733
f 1734/1734/1734 1735/1735/1735 1736/1736/1736
f 1737/1737/1737 1738/1738/1738 1739/1739/1739
f 1740/1740/1740 1741/1741/1741 1742/1742/1742
f 1743/1743/1743 1744/1744/1744 1745/1745/1745
f 1746/1746/1746 1747/1747/1747 1748/1748/1748
f 1749/1749/1749 1750/1750/1750 1751/1751/1751
f 1752/1752/1752 1753/1753/1753 1754/1754/1754
f 1755/1755/1755 1756/1756/1756 1757/1757/1757
f 1758/1758/1758 1759/1759/1759 1760/1760/1760
f 1761/1761/1761 1762/1762/1762 1763/1763/1763
f 1764/1764/1764 1765/1765/1765 1766/1766/1766
f 1767/1767/1767 1768/1768/1768 1769/1769/1769
f 1770/1770/1770 1771/1771/1771 1772/1772/1772
f 1773/1773/1773 1774/1774/1774 1775/1775/1775
f 1776/1776/1776 1777/1777/1777 1778/1778/1778
f 1779/1779/1779 1780/1780/1780 1781/1781/1781
f 1782/1782/1782 1783/1783/1783 1784/1784/1784
f 1785/1785/1785 1786/1786/1786 1787/1787/1787
f 1788/1788/1788 1789/1789/1789 1790/1790/1790
f 1791/1791/1791 1792/1792/1792 1793/1793/1793
f 1794/1794/1794 1795/1795/1795 1796/1796/1796
f 1797/1797/1797 1798/1798/1798 1799/1799/1799
f 1800/1800/1800 1801/1801/1801 1802/1802/1802
f 1803/1803/1803 1804/1804/1804 1805/1805/1805
f 1806/1806/1806 1807/1807/1807 1808/1808/1808
f 1809/1809/1809 1810/1810/1810 1811/1811/1811
f 1812/1812/1812 1813/1813/1813 1814/1814/1814
f 1815/1815/1815 1816/1816/1816 1817/1817/1817
f 1818/1818/1818 1819/1819/1819 1820/1820/1820
f 1821/1821/1821 1822/1822/1822 1823/1823/1823
f 1824/1824/1824 1825/1825/1825 1826/1826/1826
f 1827/1827/1827 1828/1828/1828 1829/1829/1829
f 1830/1830/1830 1831/1831/1831 1832/1832/1832
f 1833/1833/1833 1834/1834/1834 1835/1835/1835
f 1836/1836/1836 1837/1837/1837 1838/1838/1838
f 1839/1839/1839 1840/1840/1840 1841/1841/1841
f 1842/1842/1842 1843/1843/1843 1844/1844/1844
f 1845/1845/1845 1846/1846/1846 1847/1847/1847
f 1848/1848/1848 1849/1849/1849 1850/1850/1850
f 1851/1851/1851 1852/1852/1852 1853/1853/1853
f 1854/1854/1854 1855/1855/1855 1856/1856/1856
f 1857/1857/1857 1858/1858/1858 1859/1859/1859
f 1860/1860/1860 1861/1861/1861 1862/1862/1862
f 1863/1863/1863 1864/1864/1864 1865/1865/1865
f 1866/1866/1866 1867/1867/1867 1868/1868/1868
f 1869/1869/1869 1870/1870/1870 1871/1871/1871
f 1872/1872/1872 1873/1873/1873 1874/1874/1874
f 1875/1875/1875 1876/1876/1876 1877/1877/1877
f 1878/1878/1878 1879/1879/1879 1880/1880/1880
f 1881/1881/1881 1882/1882/1882 1883/1883/1883
f 1884/1884/1884 1885/1885/1885 1886/1886/1886
f 1887/1887/1887 1888/1888/1888 1889/1889/1889
f 1890/1890/1890 1891/1891/1891 1892/1892/1892
f 1893/1893/1893 1894/1894/1894 1895/1895/1895
f 1896/1896/1896 1897/1897/1897 1898/1898/1898
f 1899/1899/1899 1900/1900/1900 1901/1901/1901
f 1902/1902/1902 1903/1903/1903 1904/1904/1904
f 1905/1905/1905 1906/1906/1906 1907/1907/1907
f 1908/1908/1908 1909/1909/1909 1910/1910/1910
f 1911/1911/1911 1912/1912/1912 1913/1913/1913
f 1914/1914/1914 1915/1915/1915 1916/1916/1916
f 1917/1917/1917 1918/1918/1918 1919/1919/1919
f 1920/1920/1920 1921/1921/1921 1922/1922/1922
f 1923/1923/1923 1924/1924/1924 1925/1925/1925
f 1926/1926/1926 1927/1927/1927 1928/1928/1928
f 1929/1929/1929 1930/1930/1930 1931/1931/1931
f 1932/1932/1932 1933/1933/1933 1934/1934/1934
f 1935/1935/1935 1936/1936/1936 1937/1937/1937
f 1938/1938/1938 1939/1939/1939 1940/1940/1940
f 1941/1941/1941 1942/1942/1942 1943/1943/1943
f 1944/1944/1944 1945/1945/1945 1946/1946/1946
f 1947/1947/1947 1948/1948/1948 1949/1949/1949
f 1950/1950/1950 1951/1951/1951 1952/1952/1952
f 1953/1953/1953 1954/1954/1954 1955/1955/1955
f 1956/1956/1956 1957/1957/1957 1958/1958/1958
f 1959/1959/1959 1960/1960/1960 1961/1961/1961
f 1962/1962/1962 1963/1963/1963 1964/1964/1964
f 1965/1965/1965 1966/1966/1966 1967/1967/1967
f 1968/1968/1968 1969/1969/1969 1970/1970/1970
f 1971/1971/1971 1972/1972/1972 1973/1973/1973
f 1974/1974/1974 1975/1975/1975 1976/1976/1976
f 1977/1977/1977 1978/1978/1978 1979/1979/1979
f 1980/1980/1980 1981/1981/1981 1982/1982/1982
f 1983/1983/1983 1984/1984/1984 1985/1985/1985
f 1986/1986/1986 1987/1987/1987 1988/1988/1988
f 1989/1989/1989 1990/1990/1990 1991/1991/1991
f 1992/1992/1992 1993/1993/1993 1994/1994/1994
f 1995/1995/1995 1996/1996/1996 1997/1997/1997
f 1998/1998/1998 1999/1999/1999 2000/2000/2000
f 2001/2001/2001 2002/2002/2002 2003/2003/2003
f 2004/2004/2004 2005/2005/2005 2006/2006/2006
f 2007/2007/2007 2008/2008/2008 2009/2009/2009
f 2010/2010/2010 2011/2011/2011 2012/2012/2012
f 2013/2013/2013 2014/2014/2014 2015/2015/2015
f 2016/2016/2016 2017/2017/2017 2018/2018/2018
f 2019/2019/2019 2020/2020/2020 2021/2021/2021
f 2022/2022/2022 2023/2023/2023 2024/2024/2024
f 2025/2025/2025 2026/2026/2026 2027/2027/2027
f 2028/2028/2028 2029/2029/2029 2030/2030/2030
f 2031/2031/2031 2032/2032/2032 2033/2033/2033
f 2034/2034/2034 2035/2035/2035 2036/2036/2036
f 2037/2037/2037 2038/2038/2038 2039/2039/2039
f 2040/2040/2040 2041/2041/2041 2042/2042/2042
f 2043/2043/2043 2044/2044/2044 2045/2045/2045
f 2046/2046/2046 2047/2047/2047 2048/2048/2048
f 2049/2049/2049 2050/2050/2050 2051/2051/2051
f 2052/2052/2052 2053/2053/2053 2054/2054/2054
f 2055/2055/2055 2056/2056/2056 2057/2057/2057
f 2058/2058/2058 2059/2059/2059 2060/2060/2060
f 2061/2061/2061 2062/2062/2062 2063/2063/2063
f 2064/2064/2064 2065/2065/2065 2066/2066/2066
f 2067/2067/2067 2068/2068/2068 2069/2069/2069
f 2070/2070/2070 2071/2071/2071 2072/2072/2072
f 2073/2073/2073 2074/2074/2074 2075/2075/2075
f 2076/2076/2076 2077/2077/2077 2078/2078/2078
f 2079/2079/2079 2080/2080/2080 2081/2081/2081
f 2082/2082/2082 2083/2083/2083 2084/2084/2084
f 2085/2085/2085 2086/2086/2086 2087/2087/2087
f 2088/2088/2088 2089/2089/2089 2090/2090/2090
f 2091/2091/2091 2092/2092/2092 2093/2093/2093
f 2094/2094/2094 2095/2095/2095 2096/2096/2096
f 2097/2097/2097 2098/2098/2098 2099/2099/2099
f 2100/2100/2100 2101/2101/2101 2102/2102/2102
f 2103/2103/2103 2104/2104/2104 2105/2105/2105
f 2106/2106/2106 2107/2107/2107 2108/2108/2108
f 2109/2109/2109 2110/2110/2110 2111/2111/2111
f 2112/2112/2112 2113/2113/2113 2114/2114/2114
f 2115/2115/2115 2116/2116/2116 2117/2117/2117
f 2118/2118/2118 2119/2119/2119 2120/2120/2120
f 2121/2121/2121 2122/2122/2122 2123/2123/2123
f 2124/2124/2124 2125/2125/2125 2126/2126/2126
f 2127/2127/2127 2128/2128/2128 2129/2129/2129
f 2130/2130/2130 2131/2131/2131 2132/2132/2132
f 2133/2133/2133 2134/2134/2134 2135/2135/2135
f 2136/2136/2136 2137/2137/2137 2138/2138/2138
f 2139/2139/2139 2140/2140/2140 2141/2141/2141
f 2142/2142/2142 2143/2143/2143 2144/2144/2144
f 2145/2145/2145 2146/2146/2146 2147/2147/2147
f 2148/2148/2148 2149/2149/2149 2150/2150/2150
f 2151/2151/2151 2152/2152/2152 2153/2153/2153
f 2154/2154/2154 2155/2155/2155 2156/2156/2156
f 2157/2157/2157 2158/2158/2158 2159/2159/2159
f 2160/2160/2160 2161/2161/2161 2162/2162/2162
f 2163/2163/2163 2164/2164/2164 2165/2165/2165
f 2166/2166/2166 2167/2167/2167 2168/2168/2168
f 2169/2169/2169 2170/2170/2170 2171/2171/2171
f 2172/2172/2172 2173/2173/2173 2174/2174/2174
f 2175/2175/2175 2176/2176/2176 2177/2177/2177
f 2178/2178/2178 2179/2179/2179 2180/2180/2180
f 2181/2181/2181 2182/2182/2182 2183/2183/2183
f 2184/2184/2184 2185/2185/2185 2186/2186/2186
f 2187/2187/2187 2188/2188/2188 2189/2189/2189
f 2190/2190/2190 2191/2191/2191 2192/2192/2192
f 2193/2193/2193 2194/2194/2194 2195/2195/2195
f 2196/2196/2196 2197/2197/2197 2198/2198/2198
f 2199/2199/2199 2200/2200/2200 2201/2201/2201
f 2202/2202/2202 2203/2203/2203 2204/2204/2204
f 2205/2205/2205 2206/2206/2206 2207/2207/2207
f 2208/2208/2208 2209/2209/2209 2210/2210/2210
f 2211/2211/2211 2212/2212/2212 2213/2213/2213
f 2214/2214/2214 2215/2215/2215 2216/2216/2216
f 2217/2217/2217 2218/2218/2218 2219/2219/2219
f 2220/2220/2220 2221/2221/2221 2222/2222/2222
f 2223/2223/2223 2224/2224/2224 2225/2225/2225
f 2226/2226/2226 2227/2227/2227 2228/2228/2228
f 2229/2229/2229 2230/2230/2230 2231/2231/2231
f 2232/2232/2232 2233/2233/2233 2234/2234/2234
f 2235/2235/2235 2236/2236/2236 2237/2237/2237
f 2238/2238/2238 2239/2239/2239 2240/2240/2240
f 2241/2241/2241 2242/2242/2242 2243/2243/2243
f 2244/2244/2244 2245/2245/2245 2246/2246/2246
f 2247/2247/2247 2248/2248/2248 2249/2249/2249
f 2250/2250/2250 2251/2251/2251 2252/2252/2252
f 2253/2253/2253 2254/2254/2254 2255/2255/2255
f 2256/2256/2256 2257/2257/2257 2258/2258/2258
f 2259/2259/2259 2260/2260/2260 2261/2261/2261
f 2262/2262/2262 2263/2263/2263 2264/2264/2264
f 2265/2265/2265 2266/2266/2266 2267/2267/2267
f 2268/2268/2268 2269/2269/2269 2270/2270/2270
f 2271/2271/2271 2272/2272/2272 2273/2273/2273
f 2274/2274/2274 2275/2275/2275 2276/2276/2276
f 2277/2277/2277 2278/2278/2278 2279/2279/2279
f 2280/2280/2280 2281/2281/2281 2282/2282/2282
f 2283/2283/2283 2284/2284/2284 2285/2285/2285
f 2286/2286/2286 2287/2287/2287 2288/2288/2288
f 2289/2289/2289 2290/2290/2290 2291/2291/2291
f 2292/2292/2292 2293/2293/2293 2294/2294/2294
f 2295/2295/2295 2296/2296/2296 2297/2297/2297
f 2298/2298/2298 2299/2299/2299 2300/2300/2300
f 2301/2301/2301 2302/2302/2302 2303/2303/2303
f 2304/2304/2304 2305/2305/2305 2306/2306/2306
f 2307/2307/2307 2308/2308/2308 2309/2309/2309
f 2310/2310/2310 2311/2311/2311 2312/2312/2312
f 2313/2313/2313 2314/2314/2314 2315/2315/2315
f 2316/2316/2316 2317/2317/2317 2318/2318/2318
f 2319/2319/2319 2320/2320/2320 2321/2321/2321
f 2322/2322/2322 2323/2323/2323 2324/2324/2324
f 2325/2325/2325 2326/2326/2326 2327/2327/2327
f 2328/2328/2328 2329/2329/2329 2330/2330/2330
f 2331/2331/2331 2332/2332/2332 2333/2333/2333
f 2334/2334/2334 2335/2335/2335 2336/2336/2336
f 2337/2337/2337 2338/2338/2338 2339/2339/2339
f 2340/2340/2340 2341/2341/2341 2342/2342/2342
f 2343/2343/2343 2344/2344/2344 2345/2345/2345
f 2346/2346/2346 2347/2347/2347 2348/2348/2348
o connector
usemtl graphite_housing
v 0.05028994824364781 0.007289948407560587 0.04328994854539633
v 0.050394531577825544 0.0070363543927669525 0.04339453141391277
v 0.050394531577825544 0.007394531741738319 0.04303635453060269
v 0.050394531577825544 0.0070363543927669525 0.04339453141391277
v 0.05054237950220704 0.00713491952046752 0.04313491965830326
v 0.050394531577825544 0.007394531741738319 0.04303635453060269
v 0.050394531577825544 0.007394531741738319 0.04303635453060269
v 0.05054237950220704 0.00713491952046752 0.04313491965830326
v 0.05047625513374805 0.007476255297660828 0.04270541836693883
v 0.05054237950220704 0.00713491952046752 0.04313491965830326
v 0.050666996516287324 0.007217997685074806 0.04276899882778525
v 0.05047625513374805 0.007476255297660828 0.04270541836693883
v 0.05047625513374805 0.007476255297660828 0.04270541836693883
v 0.050666996516287324 0.007217997685074806 0.04276899882778525
v 0.05050793919339776 0.0075079393573105335 0.04231999983265996
v 0.050666996516287324 0.007217997685074806 0.04276899882778525
v 0.05071784440055489 0.007251896429806948 0.04231999983265996
v 0.05050793919339776 0.0075079393573105335 0.04231999983265996
v 0.05050793919339776 0.0075079393573105335 0.04231999983265996
v 0.05071784440055489 0.007251896429806948 0.04231999983265996
v 0.05050793919339776 0.0075079393573105335 0.03368000016734004
v 0.05071784440055489 0.007251896429806948 0.04231999983265996
v 0.05071784440055489 0.007251896429806948 0.03368000016734004
v 0.05050793919339776 0.0075079393573105335 0.03368000016734004
v 0.05050793919339776 0.0075079393573105335 0.03368000016734004
v 0.05071784440055489 0.007251896429806948 0.03368000016734004
v 0.05047625513374805 0.007476255297660828 0.03329458163306117
v 0.05071784440055489 0.007251896429806948 0.03368000016734004
v 0.050666996516287324 0.007217997685074806 0.033231001172214746
v 0.05047625513374805 0.007476255297660828 0.03329458163306117
v 0.05047625513374805 0.007476255297660828 0.03329458163306117
v 0.050666996516287324 0.007217997685074806 0.033231001172214746
v 0.050394531577825544 0.007394531741738319 0.032963645469397305
v 0.050666996516287324 0.007217997685074806 0.033231001172214746
v 0.05054237950220704 0.00713491952046752 0.03286508034169674
v 0.050394531577825544 0.007394531741738319 0.032963645469397305
v 0.050394531577825544 0.007394531741738319 0.032963645469397305
v 0.05054237950220704 0.00713491952046752 0.03286508034169674
v 0.05028994824364781 0.007289948407560587 0.03271005145460367
v 0.05054237950220704 0.00713491952046752 0.03286508034169674
v 0.050394531577825544 0.0070363543927669525 0.032605468586087226
v 0.05028994824364781 0.007289948407560587 0.03271005145460367
v 0.050394531577825544 0.0070363543927669525 0.04339453141391277
v 0.05047625513374805 0.006705418229103088 0.04347625543549657
v 0.05054237950220704 0.00713491952046752 0.04313491965830326
v 0.05047625513374805 0.006705418229103088 0.04347625543549657
v 0.050666996516287324 0.0067689986899495125 0.043217997822910546
v 0.05054237950220704 0.00713491952046752 0.04313491965830326
v 0.05054237950220704 0.00713491952046752 0.04313491965830326
v 0.050666996516287324 0.0067689986899495125 0.043217997822910546
v 0.050666996516287324 0.007217997685074806 0.04276899882778525
v 0.050666996516287324 0.0067689986899495125 0.043217997822910546
v 0.0508396171554923 0.006826539058238268 0.04282653919607401
v 0.050666996516287324 0.007217997685074806 0.04276899882778525
v 0.050666996516287324 0.007217997685074806 0.04276899882778525
v 0.0508396171554923 0.006826539058238268 0.04282653919607401
v 0.05071784440055489 0.007251896429806948 0.04231999983265996
v 0.0508396171554923 0.006826539058238268 0.04282653919607401
v 0.05091378815099597 0.006851262878626585 0.04231999983265996
v 0.05071784440055489 0.007251896429806948 0.04231999983265996
v 0.05071784440055489 0.007251896429806948 0.04231999983265996
v 0.05091378815099597 0.006851262878626585 0.04231999983265996
v 0.05071784440055489 0.007251896429806948 0.03368000016734004
v 0.05091378815099597 0.006851262878626585 0.04231999983265996
v 0.05091378815099597 0.006851262878626585 0.03368000016734004
v 0.05071784440055489 0.007251896429806948 0.03368000016734004
v 0.05071784440055489 0.007251896429806948 0.03368000016734004
v 0.05091378815099597 0.006851262878626585 0.03368000016734004
v 0.050666996516287324 0.007217997685074806 0.033231001172214746
v 0.05091378815099597 0.006851262878626585 0.03368000016734004
v 0.0508396171554923 0.006826539058238268 0.03317346080392599
v 0.050666996516287324 0.007217997685074806 0.033231001172214746
v 0.050666996516287324 0.007217997685074806 0.033231001172214746
v 0.0508396171554923 0.006826539058238268 0.03317346080392599
v 0.05054237950220704 0.00713491952046752 0.03286508034169674
v 0.0508396171554923 0.006826539058238268 0.03317346080392599
v 0.050666996516287324 0.0067689986899495125 0.03278200217708945
v 0.05054237950220704 0.00713491952046752 0.03286508034169674
v 0.05054237950220704 0.00713491952046752 0.03286508034169674
v 0.050666996516287324 0.0067689986899495125 0.03278200217708945
v 0.050394531577825544 0.0070363543927669525 0.032605468586087226
v 0.050666996516287324 0.0067689986899495125 0.03278200217708945
v 0.05047625513374805 0.006705418229103088 0.03252374456450343
v 0.050394531577825544 0.0070363543927669525 0.032605468586087226
v 0.05047625513374805 0.006705418229103088 0.04347625543549657
v 0.05050793919339776 0.006320000160485506 0.043507939495146274
v 0.050666996516287324 0.0067689986899495125 0.043217997822910546
v 0.05050793919339776 0.006320000160485506 0.043507939495146274
v 0.05071784440055489 0.006320000160485506 0.04325189656764269
v 0.050666996516287324 0.0067689986899495125 0.043217997822910546
v 0.050666996516287324 0.0067689986899495125 0.043217997822910546
v 0.05071784440055489 0.006320000160485506 0.04325189656764269
v 0.0508396171554923 0.006826539058238268 0.04282653919607401
v 0.05071784440055489 0.006320000160485506 0.04325189656764269
v 0.05091378815099597 0.006320000160485506 0.04285126255080104
v 0.0508396171554923 0.006826539058238268 0.04282653919607401
v 0.0508396171554923 0.006826539058238268 0.04282653919607401
v 0.05091378815099597 0.006320000160485506 0.04285126255080104
v 0.05091378815099597 0.006851262878626585 0.04231999983265996
v 0.05091378815099597 0.006320000160485506 0.04285126255080104
v 0.051000000216066835 0.006320000160485506 0.04231999983265996
v 0.05091378815099597 0.006851262878626585 0.04231999983265996
v 0.05091378815099597 0.006851262878626585 0.04231999983265996
v 0.051000000216066835 0.006320000160485506 0.04231999983265996
v 0.05091378815099597 0.006851262878626585 0.03368000016734004
v 0.051000000216066835 0.006320000160485506 0.04231999983265996
v 0.051000000216066835 0.006320000160485506 0.03368000016734004
v 0.05091378815099597 0.006851262878626585 0.03368000016734004
v 0.05091378815099597 0.006851262878626585 0.03368000016734004
v 0.051000000216066835 0.006320000160485506 0.03368000016734004
v 0.0508396171554923 0.006826539058238268 0.03317346080392599
v 0.051000000216066835 0.006320000160485506 0.03368000016734004
v 0.05091378815099597 0.006320000160485506 0.03314873744919896
v 0.0508396171554923 0.006826539058238268 0.03317346080392599
v 0.0508396171554923 0.006826539058238268 0.03317346080392599
v 0.05091378815099597 0.006320000160485506 0.03314873744919896
v 0.050666996516287324 0.0067689986899495125 0.03278200217708945
v 0.05091378815099597 0.006320000160485506 0.03314873744919896
v 0.05071784440055489 0.006320000160485506 0.03274810343235731
v 0.050666996516287324 0.0067689986899495125 0.03278200217708945
v 0.050666996516287324 0.0067689986899495125 0.03278200217708945
v 0.05071784440055489 0.006320000160485506 0.03274810343235731
v 0.05047625513374805 0.006705418229103088 0.03252374456450343
v 0.05071784440055489 0.006320000160485506 0.03274810343235731
v 0.05050793919339776 0.006320000160485506 0.032492060504853724
v 0.05047625513374805 0.006705418229103088 0.03252374456450343
v 0.05050793919339776 0.006320000160485506 0.043507939495146274
v 0.05050793919339776 -0.006320000160485506 0.043507939495146274
v 0.05071784440055489 0.006320000160485506 0.04325189656764269
v 0.05050793919339776 -0.006320000160485506 0.043507939495146274
v 0.05071784440055489 -0.006320000160485506 0.04325189656764269
v 0.05071784440055489 0.006320000160485506 0.04325189656764269
v 0.05071784440055489 0.006320000160485506 0.04325189656764269
v 0.05071784440055489 -0.006320000160485506 0.04325189656764269
v 0.05091378815099597 0.006320000160485506 0.04285126255080104
v 0.05071784440055489 -0.006320000160485506 0.04325189656764269
v 0.05091378815099597 -0.006320000160485506 0.04285126255080104
v 0.05091378815099597 0.006320000160485506 0.04285126255080104
v 0.05091378815099597 0.006320000160485506 0.04285126255080104
v 0.05091378815099597 -0.006320000160485506 0.04285126255080104
v 0.051000000216066835 0.006320000160485506 0.04231999983265996
v 0.05091378815099597 -0.006320000160485506 0.04285126255080104
v 0.051000000216066835 -0.006320000160485506 0.04231999983265996
v 0.051000000216066835 0.006320000160485506 0.04231999983265996
v 0.051000000216066835 0.006320000160485506 0.04231999983265996
v 0.051000000216066835 -0.006320000160485506 0.04231999983265996
v 0.051000000216066835 0.006320000160485506 0.03368000016734004
v 0.051000000216066835 -0.006320000160485506 0.04231999983265996
v 0.051000000216066835 -0.006320000160485506 0.03368000016734004
v 0.051000000216066835 0.006320000160485506 0.03368000016734004
v 0.051000000216066835 0.006320000160485506 0.03368000016734004
v 0.051000000216066835 -0.006320000160485506 0.03368000016734004
v 0.05091378815099597 0.006320000160485506 0.03314873744919896
v 0.051000000216066835 -0.006320000160485506 0.03368000016734004
v 0.05091378815099597 -0.006320000160485506 0.03314873744919896
v 0.05091378815099597 0.006320000160485506 0.03314873744919896
v 0.05091378815099597 0.006320000160485506 0.03314873744919896
v 0.05091378815099597 -0.006320000160485506 0.03314873744919896
v 0.05071784440055489 0.006320000160485506 0.03274810343235731
v 0.05091378815099597 -0.006320000160485506 0.03314873744919896
v 0.05071784440055489 -0.006320000160485506 0.03274810343235731
v 0.05071784440055489 0.006320000160485506 0.03274810343235731
v 0.05071784440055489 0.006320000160485506 0.03274810343235731
v 0.05071784440055489 -0.006320000160485506 0.03274810343235731
v 0.05050793919339776 0.006320000160485506 0.032492060504853724
v 0.05071784440055489 -0.006320000160485506 0.03274810343235731
v 0.05050793919339776 -0.006320000160485506 0.032492060504853724
v 0.05050793919339776 0.006320000160485506 0.032492060504853724
v 0.05050793919339776 -0.006320000160485506 0.043507939495146274
v 0.05047625513374805 -0.006705418229103088 0.04347625543549657
v 0.05071784440055489 -0.006320000160485506 0.04325189656764269
v 0.05047625513374805 -0.006705418229103088 0.04347625543549657
v 0.050666996516287324 -0.0067689986899495125 0.043217997822910546
v 0.05071784440055489 -0.006320000160485506 0.04325189656764269
v 0.05071784440055489 -0.006320000160485506 0.04325189656764269
v 0.050666996516287324 -0.0067689986899495125 0.043217997822910546
v 0.05091378815099597 -0.006320000160485506 0.04285126255080104
v 0.050666996516287324 -0.0067689986899495125 0.043217997822910546
v 0.0508396171554923 -0.006826539058238268 0.04282653919607401
v 0.05091378815099597 -0.006320000160485506 0.04285126255080104
v 0.05091378815099597 -0.006320000160485506 0.04285126255080104
v 0.0508396171554923 -0.006826539058238268 0.04282653919607401
v 0.051000000216066835 -0.006320000160485506 0.04231999983265996
v 0.0508396171554923 -0.006826539058238268 0.04282653919607401
v 0.05091378815099597 -0.006851262878626585 0.04231999983265996
v 0.051000000216066835 -0.006320000160485506 0.04231999983265996
v 0.051000000216066835 -0.006320000160485506 0.04231999983265996
v 0.05091378815099597 -0.006851262878626585 0.04231999983265996
v 0.051000000216066835 -0.006320000160485506 0.03368000016734004
v 0.05091378815099597 -0.006851262878626585 0.04231999983265996
v 0.05091378815099597 -0.006851262878626585 0.03368000016734004
v 0.051000000216066835 -0.006320000160485506 0.03368000016734004
v 0.051000000216066835 -0.006320000160485506 0.03368000016734004
v 0.05091378815099597 -0.006851262878626585 0.03368000016734004
v 0.05091378815099597 -0.006320000160485506 0.03314873744919896
v 0.05091378815099597 -0.006851262878626585 0.03368000016734004
v 0.0508396171554923 -0.006826539058238268 0.03317346080392599
v 0.05091378815099597 -0.006320000160485506 0.03314873744919896
v 0.05091378815099597 -0.006320000160485506 0.03314873744919896
v 0.0508396171554923 -0.006826539058238268 0.03317346080392599
v 0.05071784440055489 -0.006320000160485506 0.03274810343235731
v 0.0508396171554923 -0.006826539058238268 0.03317346080392599
v 0.050666996516287324 -0.0067689986899495125 0.03278200217708945
v 0.05071784440055489 -0.006320000160485506 0.03274810343235731
v 0.05071784440055489 -0.006320000160485506 0.03274810343235731
v 0.050666996516287324 -0.0067689986899495125 0.03278200217708945
v 0.05050793919339776 -0.006320000160485506 0.032492060504853724
v 0.050666996516287324 -0.0067689986899495125 0.03278200217708945
v 0.05047625513374805 -0.006705418229103088 0.03252374456450343
v 0.05050793919339776 -0.006320000160485506 0.032492060504853724
v 0.05047625513374805 -0.006705418229103088 0.04347625543549657
v 0.050394531577825544 -0.0070363543927669525 0.04339453141391277
v 0.050666996516287324 -0.0067689986899495125 0.043217997822910546
v 0.050394531577825544 -0.0070363543927669525 0.04339453141391277
v 0.05054237950220704 -0.00713491952046752 0.04313491965830326
v 0.050666996516287324 -0.0067689986899495125 0.043217997822910546
v 0.050666996516287324 -0.0067689986899495125 0.043217997822910546
v 0.05054237950220704 -0.00713491952046752 0.04313491965830326
v 0.0508396171554923 -0.006826539058238268 0.04282653919607401
v 0.05054237950220704 -0.00713491952046752 0.04313491965830326
v 0.050666996516287324 -0.007217997685074806 0.04276899882778525
v 0.0508396171554923 -0.006826539058238268 0.04282653919607401
v 0.0508396171554923 -0.006826539058238268 0.04282653919607401
v 0.050666996516287324 -0.007217997685074806 0.04276899882778525
v 0.05091378815099597 -0.006851262878626585 0.04231999983265996
v 0.050666996516287324 -0.007217997685074806 0.04276899882778525
v 0.05071784440055489 -0.007251896429806948 0.04231999983265996
v 0.05091378815099597 -0.006851262878626585 0.04231999983265996
v 0.05091378815099597 -0.006851262878626585 0.04231999983265996
v 0.05071784440055489 -0.007251896429806948 0.04231999983265996
v 0.05091378815099597 -0.006851262878626585 0.03368000016734004
v 0.05071784440055489 -0.007251896429806948 0.04231999983265996
v 0.05071784440055489 -0.007251896429806948 0.03368000016734004
v 0.05091378815099597 -0.006851262878626585 0.03368000016734004
v 0.05091378815099597 -0.006851262878626585 0.03368000016734004
v 0.05071784440055489 -0.007251896429806948 0.03368000016734004
v 0.0508396171554923 -0.006826539058238268 0.03317346080392599
v 0.05071784440055489 -0.007251896429806948 0.03368000016734004
v 0.050666996516287324 -0.007217997685074806 0.033231001172214746
v 0.0508396171554923 -0.006826539058238268 0.03317346080392599
v 0.0508396171554923 -0.006826539058238268 0.03317346080392599
v 0.050666996516287324 -0.007217997685074806 0.033231001172214746
v 0.050666996516287324 -0.0067689986899495125 0.03278200217708945
v 0.050666996516287324 -0.007217997685074806 0.033231001172214746
v 0.05054237950220704 -0.00713491952046752 0.03286508034169674
v 0.050666996516287324 -0.0067689986899495125 0.03278200217708945
v 0.050666996516287324 -0.0067689986899495125 0.03278200217708945
v 0.05054237950220704 -0.00713491952046752 0.03286508034169674
v 0.05047625513374805 -0.006705418229103088 0.03252374456450343
v 0.05054237950220704 -0.00713491952046752 0.03286508034169674
v 0.050394531577825544 -0.0070363543927669525 0.032605468586087226
v 0.05047625513374805 -0.006705418229103088 0.03252374456450343
v 0.050394531577825544 -0.0070363543927669525 0.04339453141391277
v 0.05028994824364781 -0.007289948407560587 0.04328994854539633
v 0.05054237950220704 -0.00713491952046752 0.04313491965830326
v 0.05028994824364781 -0.007289948407560587 0.04328994854539633
v 0.050394531577825544 -0.007394531741738319 0.04303635453060269
v 0.05054237950220704 -0.00713491952046752 0.04313491965830326
v 0.05054237950220704 -0.00713491952046752 0.04313491965830326
v 0.050394531577825544 -0.007394531741738319 0.04303635453060269
v 0.050666996516287324 -0.007217997685074806 0.04276899882778525
v 0.050394531577825544 -0.007394531741738319 0.04303635453060269
v 0.05047625513374805 -0.007476255297660828 0.04270541836693883
v 0.050666996516287324 -0.007217997685074806 0.04276899882778525
v 0.050666996516287324 -0.007217997685074806 0.04276899882778525
v 0.05047625513374805 -0.007476255297660828 0.04270541836693883
v 0.05071784440055489 -0.007251896429806948 0.04231999983265996
v 0.05047625513374805 -0.007476255297660828 0.04270541836693883
v 0.05050793919339776 -0.0075079393573105335 0.04231999983265996
v 0.05071784440055489 -0.007251896429806948 0.04231999983265996
v 0.05071784440055489 -0.007251896429806948 0.04231999983265996
v 0.05050793919339776 -0.0075079393573105335 0.04231999983265996
v 0.05071784440055489 -0.007251896429806948 0.03368000016734004
v 0.05050793919339776 -0.0075079393573105335 0.04231999983265996
v 0.05050793919339776 -0.0075079393573105335 0.03368000016734004
v 0.05071784440055489 -0.007251896429806948 0.03368000016734004
v 0.05071784440055489 -0.007251896429806948 0.03368000016734004
v 0.05050793919339776 -0.0075079393573105335 0.03368000016734004
v 0.050666996516287324 -0.007217997685074806 0.033231001172214746
v 0.05050793919339776 -0.0075079393573105335 0.03368000016734004
v 0.05047625513374805 -0.007476255297660828 0.03329458163306117
v 0.050666996516287324 -0.007217997685074806 0.033231001172214746
v 0.050666996516287324 -0.007217997685074806 0.033231001172214746
v 0.05047625513374805 -0.007476255297660828 0.03329458163306117
v 0.05054237950220704 -0.00713491952046752 0.03286508034169674
v 0.05047625513374805 -0.007476255297660828 0.03329458163306117
v 0.050394531577825544 -0.007394531741738319 0.032963645469397305
v 0.05054237950220704 -0.00713491952046752 0.03286508034169674
v 0.05054237950220704 -0.00713491952046752 0.03286508034169674
v 0.050394531577825544 -0.007394531741738319 0.032963645469397305
v 0.050394531577825544 -0.0070363543927669525 0.032605468586087226
v 0.050394531577825544 -0.007394531741738319 0.032963645469397305
v 0.05028994824364781 -0.007289948407560587 0.03271005145460367
v 0.050394531577825544 -0.0070363543927669525 0.032605468586087226
v 0.037710051756352184 0.007289948407560587 0.03271005145460367
v 0.03760546842217445 0.0070363543927669525 0.032605468586087226
v 0.03760546842217445 0.007394531741738319 0.032963645469397305
v 0.03760546842217445 0.0070363543927669525 0.032605468586087226
v 0.03745762049779296 0.00713491952046752 0.03286508034169674
v 0.03760546842217445 0.007394531741738319 0.032963645469397305
v 0.03760546842217445 0.007394531741738319 0.032963645469397305
v 0.03745762049779296 0.00713491952046752 0.03286508034169674
v 0.03752374486625194 0.007476255297660828 0.03329458163306117
v 0.03745762049779296 0.00713491952046752 0.03286508034169674
v 0.03733300348371267 0.007217997685074806 0.033231001172214746
v 0.03752374486625194 0.007476255297660828 0.03329458163306117
v 0.03752374486625194 0.007476255297660828 0.03329458163306117
v 0.03733300348371267 0.007217997685074806 0.033231001172214746
v 0.03749206080660224 0.0075079393573105335 0.03368000016734004
v 0.03733300348371267 0.007217997685074806 0.033231001172214746
v 0.0372821555994451 0.007251896429806948 0.03368000016734004
v 0.03749206080660224 0.0075079393573105335 0.03368000016734004
v 0.03749206080660224 0.0075079393573105335 0.03368000016734004
v 0.0372821555994451 0.007251896429806948 0.03368000016734004
v 0.03749206080660224 0.0075079393573105335 0.04231999983265996
v 0.0372821555994451 0.007251896429806948 0.03368000016734004
v 0.0372821555994451 0.007251896429806948 0.04231999983265996
v 0.03749206080660224 0.0075079393573105335 0.04231999983265996
v 0.03749206080660224 0.0075079393573105335 0.04231999983265996
v 0.0372821555994451 0.007251896429806948 0.04231999983265996
v 0.03752374486625194 0.007476255297660828 0.04270541836693883
v 0.0372821555994451 0.007251896429806948 0.04231999983265996
v 0.03733300348371267 0.007217997685074806 0.04276899882778525
v 0.03752374486625194 0.007476255297660828 0.04270541836693883
v 0.03752374486625194 0.007476255297660828 0.04270541836693883
v 0.03733300348371267 0.007217997685074806 0.04276899882778525
v 0.03760546842217445 0.007394531741738319 0.04303635453060269
v 0.03733300348371267 0.007217997685074806 0.04276899882778525
v 0.03745762049779296 0.00713491952046752 0.04313491965830326
v 0.03760546842217445 0.007394531741738319 0.04303635453060269
v 0.03760546842217445 0.007394531741738319 0.04303635453060269
v 0.03745762049779296 0.00713491952046752 0.04313491965830326
v 0.037710051756352184 0.007289948407560587 0.04328994854539633
v 0.03745762049779296 0.00713491952046752 0.04313491965830326
v 0.03760546842217445 0.0070363543927669525 0.04339453141391277
v 0.037710051756352184 0.007289948407560587 0.04328994854539633
v 0.03760546842217445 0.0070363543927669525 0.032605468586087226
v 0.03752374486625194 0.006705418229103088 0.03252374456450343
v 0.03745762049779296 0.00713491952046752 0.03286508034169674
v 0.03752374486625194 0.006705418229103088 0.03252374456450343
v 0.03733300348371267 0.0067689986899495125 0.03278200217708945
v 0.03745762049779296 0.00713491952046752 0.03286508034169674
v 0.03745762049779296 0.00713491952046752 0.03286508034169674
v 0.03733300348371267 0.0067689986899495125 0.03278200217708945
v 0.03733300348371267 0.007217997685074806 0.033231001172214746
v 0.03733300348371267 0.0067689986899495125 0.03278200217708945
v 0.03716038284450769 0.006826539058238268 0.03317346080392599
v 0.03733300348371267 0.007217997685074806 0.033231001172214746
v 0.03733300348371267 0.007217997685074806 0.033231001172214746
v 0.03716038284450769 0.006826539058238268 0.03317346080392599
v 0.0372821555994451 0.007251896429806948 0.03368000016734004
v 0.03716038284450769 0.006826539058238268 0.03317346080392599
v 0.03708621184900403 0.006851262878626585 0.03368000016734004
v 0.0372821555994451 0.007251896429806948 0.03368000016734004
v 0.0372821555994451 0.007251896429806948 0.03368000016734004
v 0.03708621184900403 0.006851262878626585 0.03368000016734004
v 0.0372821555994451 0.007251896429806948 0.04231999983265996
v 0.03708621184900403 0.006851262878626585 0.03368000016734004
v 0.03708621184900403 0.006851262878626585 0.04231999983265996
v 0.0372821555994451 0.007251896429806948 0.04231999983265996
v 0.0372821555994451 0.007251896429806948 0.04231999983265996
v 0.03708621184900403 0.006851262878626585 0.04231999983265996
v 0.03733300348371267 0.007217997685074806 0.04276899882778525
v 0.03708621184900403 0.006851262878626585 0.04231999983265996
v 0.03716038284450769 0.006826539058238268 0.04282653919607401
v 0.03733300348371267 0.007217997685074806 0.04276899882778525
v 0.03733300348371267 0.007217997685074806 0.04276899882778525
v 0.03716038284450769 0.006826539058238268 0.04282653919607401
v 0.03745762049779296 0.00713491952046752 0.04313491965830326
v 0.03716038284450769 0.006826539058238268 0.04282653919607401
v 0.03733300348371267 0.0067689986899495125 0.043217997822910546
v 0.03745762049779296 0.00713491952046752 0.04313491965830326
v 0.03745762049779296 0.00713491952046752 0.04313491965830326
v 0.03733300348371267 0.0067689986899495125 0.043217997822910546
v 0.03760546842217445 0.0070363543927669525 0.04339453141391277
v 0.03733300348371267 0.0067689986899495125 0.043217997822910546
v 0.03752374486625194 0.006705418229103088 0.04347625543549657
v 0.03760546842217445 0.0070363543927669525 0.04339453141391277
v 0.03752374486625194 0.006705418229103088 0.03252374456450343
v 0.03749206080660224 0.006320000160485506 0.032492060504853724
v 0.03733300348371267 0.0067689986899495125 0.03278200217708945
v 0.03749206080660224 0.006320000160485506 0.032492060504853724
v 0.0372821555994451 0.006320000160485506 0.03274810343235731
v 0.03733300348371267 0.0067689986899495125 0.03278200217708945
v 0.03733300348371267 0.0067689986899495125 0.03278200217708945
v 0.0372821555994451 0.006320000160485506 0.03274810343235731
v 0.03716038284450769 0.006826539058238268 0.03317346080392599
v 0.0372821555994451 0.006320000160485506 0.03274810343235731
v 0.03708621184900403 0.006320000160485506 0.03314873744919896
v 0.03716038284450769 0.006826539058238268 0.03317346080392599
v 0.03716038284450769 0.006826539058238268 0.03317346080392599
v 0.03708621184900403 0.006320000160485506 0.03314873744919896
v 0.03708621184900403 0.006851262878626585 0.03368000016734004
v 0.03708621184900403 0.006320000160485506 0.03314873744919896
v 0.03699999978393316 0.006320000160485506 0.03368000016734004
v 0.03708621184900403 0.006851262878626585 0.03368000016734004
v 0.03708621184900403 0.006851262878626585 0.03368000016734004
v 0.03699999978393316 0.006320000160485506 0.03368000016734004
v 0.03708621184900403 0.006851262878626585 0.04231999983265996
v 0.03699999978393316 0.006320000160485506 0.03368000016734004
v 0.03699999978393316 0.006320000160485506 0.04231999983265996
v 0.03708621184900403 0.006851262878626585 0.04231999983265996
v 0.03708621184900403 0.006851262878626585 0.04231999983265996
v 0.03699999978393316 0.006320000160485506 0.04231999983265996
v 0.03716038284450769 0.006826539058238268 0.04282653919607401
v 0.03699999978393316 0.006320000160485506 0.04231999983265996
v 0.03708621184900403 0.006320000160485506 0.04285126255080104
v 0.03716038284450769 0.006826539058238268 0.04282653919607401
v 0.03716038284450769 0.006826539058238268 0.04282653919607401
v 0.03708621184900403 0.006320000160485506 0.04285126255080104
v 0.03733300348371267 0.0067689986899495125 0.043217997822910546
v 0.03708621184900403 0.006320000160485506 0.04285126255080104
v 0.0372821555994451 0.006320000160485506 0.04325189656764269
v 0.03733300348371267 0.0067689986899495125 0.043217997822910546
v 0.03733300348371267 0.0067689986899495125 0.043217997822910546
v 0.0372821555994451 0.006320000160485506 0.04325189656764269
v 0.03752374486625194 0.006705418229103088 0.04347625543549657
v 0.0372821555994451 0.006320000160485506 0.04325189656764269
v 0.03749206080660224 0.006320000160485506 0.043507939495146274
v 0.03752374486625194 0.006705418229103088 0.04347625543549657
v 0.03749206080660224 0.006320000160485506 0.032492060504853724
v 0.03749206080660224 -0.006320000160485506 0.032492060504853724
v 0.0372821555994451 0.006320000160485506 0.03274810343235731
v 0.03749206080660224 -0.006320000160485506 0.032492060504853724
v 0.0372821555994451 -0.006320000160485506 0.03274810343235731
v 0.0372821555994451 0.006320000160485506 0.03274810343235731
v 0.0372821555994451 0.006320000160485506 0.03274810343235731
v 0.0372821555994451 -0.006320000160485506 0.03274810343235731
v 0.03708621184900403 0.006320000160485506 0.03314873744919896
v 0.0372821555994451 -0.006320000160485506 0.03274810343235731
v 0.03708621184900403 -0.006320000160485506 0.03314873744919896
v 0.03708621184900403 0.006320000160485506 0.03314873744919896
v 0.03708621184900403 0.006320000160485506 0.03314873744919896
v 0.03708621184900403 -0.006320000160485506 0.03314873744919896
v 0.03699999978393316 0.006320000160485506 0.03368000016734004
v 0.03708621184900403 -0.006320000160485506 0.03314873744919896
v 0.03699999978393316 -0.006320000160485506 0.03368000016734004
v 0.03699999978393316 0.006320000160485506 0.03368000016734004
v 0.03699999978393316 0.006320000160485506 0.03368000016734004
v 0.03699999978393316 -0.006320000160485506 0.03368000016734004
v 0.03699999978393316 0.006320000160485506 0.04231999983265996
v 0.03699999978393316 -0.006320000160485506 0.03368000016734004
v 0.03699999978393316 -0.006320000160485506 0.04231999983265996
v 0.03699999978393316 0.006320000160485506 0.04231999983265996
v 0.03699999978393316 0.006320000160485506 0.04231999983265996
v 0.03699999978393316 -0.006320000160485506 0.04231999983265996
v 0.03708621184900403 0.006320000160485506 0.04285126255080104
v 0.03699999978393316 -0.006320000160485506 0.04231999983265996
v 0.03708621184900403 -0.006320000160485506 0.04285126255080104
v 0.03708621184900403 0.006320000160485506 0.04285126255080104
v 0.03708621184900403 0.006320000160485506 0.04285126255080104
v 0.03708621184900403 -0.006320000160485506 0.04285126255080104
v 0.0372821555994451 0.006320000160485506 0.04325189656764269
v 0.03708621184900403 -0.006320000160485506 0.04285126255080104
v 0.0372821555994451 -0.006320000160485506 0.04325189656764269
v 0.0372821555994451 0.006320000160485506 0.04325189656764269
v 0.0372821555994451 0.006320000160485506 0.04325189656764269
v 0.0372821555994451 -0.006320000160485506 0.04325189656764269
v 0.03749206080660224 0.006320000160485506 0.043507939495146274
v 0.0372821555994451 -0.006320000160485506 0.04325189656764269
v 0.03749206080660224 -0.006320000160485506 0.043507939495146274
v 0.03749206080660224 0.006320000160485506 0.043507939495146274
v 0.03749206080660224 -0.006320000160485506 0.032492060504853724
v 0.03752374486625194 -0.006705418229103088 0.03252374456450343
v 0.0372821555994451 -0.006320000160485506 0.03274810343235731
v 0.03752374486625194 -0.006705418229103088 0.03252374456450343
v 0.03733300348371267 -0.0067689986899495125 0.03278200217708945
v 0.0372821555994451 -0.006320000160485506 0.03274810343235731
v 0.0372821555994451 -0.006320000160485506 0.03274810343235731
v 0.03733300348371267 -0.0067689986899495125 0.03278200217708945
v 0.03708621184900403 -0.006320000160485506 0.03314873744919896
v 0.03733300348371267 -0.0067689986899495125 0.03278200217708945
v 0.03716038284450769 -0.006826539058238268 0.03317346080392599
v 0.03708621184900403 -0.006320000160485506 0.03314873744919896
v 0.03708621184900403 -0.006320000160485506 0.03314873744919896
v 0.03716038284450769 -0.006826539058238268 0.03317346080392599
v 0.03699999978393316 -0.006320000160485506 0.03368000016734004
v 0.03716038284450769 -0.006826539058238268 0.03317346080392599
v 0.03708621184900403 -0.006851262878626585 0.03368000016734004
v 0.03699999978393316 -0.006320000160485506 0.03368000016734004
v 0.03699999978393316 -0.006320000160485506 0.03368000016734004
v 0.03708621184900403 -0.006851262878626585 0.03368000016734004
v 0.03699999978393316 -0.006320000160485506 0.04231999983265996
v 0.03708621184900403 -0.006851262878626585 0.03368000016734004
v 0.03708621184900403 -0.006851262878626585 0.04231999983265996
v 0.03699999978393316 -0.006320000160485506 0.04231999983265996
v 0.03699999978393316 -0.006320000160485506 0.04231999983265996
v 0.03708621184900403 -0.006851262878626585 0.04231999983265996
v 0.03708621184900403 -0.006320000160485506 0.04285126255080104
v 0.03708621184900403 -0.006851262878626585 0.04231999983265996
v 0.03716038284450769 -0.006826539058238268 0.04282653919607401
v 0.03708621184900403 -0.006320000160485506 0.04285126255080104
v 0.03708621184900403 -0.006320000160485506 0.04285126255080104
v 0.03716038284450769 -0.006826539058238268 0.04282653919607401
v 0.0372821555994451 -0.006320000160485506 0.04325189656764269
v 0.03716038284450769 -0.006826539058238268 0.04282653919607401
v 0.03733300348371267 -0.0067689986899495125 0.043217997822910546
v 0.0372821555994451 -0.006320000160485506 0.04325189656764269
v 0.0372821555994451 -0.006320000160485506 0.04325189656764269
v 0.03733300348371267 -0.0067689986899495125 0.043217997822910546
v 0.03749206080660224 -0.006320000160485506 0.043507939495146274
v 0.03733300348371267 -0.0067689986899495125 0.043217997822910546
v 0.03752374486625194 -0.006705418229103088 0.04347625543549657
v 0.03749206080660224 -0.006320000160485506 0.043507939495146274
v 0.03752374486625194 -0.006705418229103088 0.03252374456450343
v 0.03760546842217445 -0.0070363543927669525 0.032605468586087226
v 0.03733300348371267 -0.0067689986899495125 0.03278200217708945
v 0.03760546842217445 -0.0070363543927669525 0.032605468586087226
v 0.03745762049779296 -0.00713491952046752 0.03286508034169674
v 0.03733300348371267 -0.0067689986899495125 0.03278200217708945
v 0.03733300348371267 -0.0067689986899495125 0.03278200217708945
v 0.03745762049779296 -0.00713491952046752 0.03286508034169674
v 0.03716038284450769 -0.006826539058238268 0.03317346080392599
v 0.03745762049779296 -0.00713491952046752 0.03286508034169674
v 0.03733300348371267 -0.007217997685074806 0.033231001172214746
v 0.03716038284450769 -0.006826539058238268 0.03317346080392599
v 0.03716038284450769 -0.006826539058238268 0.03317346080392599
v 0.03733300348371267 -0.007217997685074806 0.033231001172214746
v 0.03708621184900403 -0.006851262878626585 0.03368000016734004
v 0.03733300348371267 -0.007217997685074806 0.033231001172214746
v 0.0372821555994451 -0.007251896429806948 0.03368000016734004
v 0.03708621184900403 -0.006851262878626585 0.03368000016734004
v 0.03708621184900403 -0.006851262878626585 0.03368000016734004
v 0.0372821555994451 -0.007251896429806948 0.03368000016734004
v 0.03708621184900403 -0.006851262878626585 0.04231999983265996
v 0.0372821555994451 -0.007251896429806948 0.03368000016734004
v 0.0372821555994451 -0.007251896429806948 0.04231999983265996
v 0.03708621184900403 -0.006851262878626585 0.04231999983265996
v 0.03708621184900403 -0.006851262878626585 0.04231999983265996
v 0.0372821555994451 -0.007251896429806948 0.04231999983265996
v 0.03716038284450769 -0.006826539058238268 0.04282653919607401
v 0.0372821555994451 -0.007251896429806948 0.04231999983265996
v 0.03733300348371267 -0.007217997685074806 0.04276899882778525
v 0.03716038284450769 -0.006826539058238268 0.04282653919607401
v 0.03716038284450769 -0.006826539058238268 0.04282653919607401
v 0.03733300348371267 -0.007217997685074806 0.04276899882778525
v 0.03733300348371267 -0.0067689986899495125 0.043217997822910546
v 0.03733300348371267 -0.007217997685074806 0.04276899882778525
v 0.03745762049779296 -0.00713491952046752 0.04313491965830326
v 0.03733300348371267 -0.0067689986899495125 0.043217997822910546
v 0.03733300348371267 -0.0067689986899495125 0.043217997822910546
v 0.03745762049779296 -0.00713491952046752 0.04313491965830326
v 0.03752374486625194 -0.006705418229103088 0.04347625543549657
v 0.03745762049779296 -0.00713491952046752 0.04313491965830326
v 0.03760546842217445 -0.0070363543927669525 0.04339453141391277
v 0.03752374486625194 -0.006705418229103088 0.04347625543549657
v 0.03760546842217445 -0.0070363543927669525 0.032605468586087226
v 0.037710051756352184 -0.007289948407560587 0.03271005145460367
v 0.03745762049779296 -0.00713491952046752 0.03286508034169674
v 0.037710051756352184 -0.007289948407560587 0.03271005145460367
v 0.03760546842217445 -0.007394531741738319 0.032963645469397305
v 0.03745762049779296 -0.00713491952046752 0.03286508034169674
v 0.03745762049779296 -0.00713491952046752 0.03286508034169674
v 0.03760546842217445 -0.007394531741738319 0.032963645469397305
v 0.03733300348371267 -0.007217997685074806 0.033231001172214746
v 0.03760546842217445 -0.007394531741738319 0.032963645469397305
v 0.03752374486625194 -0.007476255297660828 0.03329458163306117
v 0.03733300348371267 -0.007217997685074806 0.033231001172214746
v 0.03733300348371267 -0.007217997685074806 0.033231001172214746
v 0.03752374486625194 -0.007476255297660828 0.03329458163306117
v 0.0372821555994451 -0.007251896429806948 0.03368000016734004
v 0.03752374486625194 -0.007476255297660828 0.03329458163306117
v 0.03749206080660224 -0.0075079393573105335 0.03368000016734004
v 0.0372821555994451 -0.007251896429806948 0.03368000016734004
v 0.0372821555994451 -0.007251896429806948 0.03368000016734004
v 0.03749206080660224 -0.0075079393573105335 0.03368000016734004
v 0.0372821555994451 -0.007251896429806948 0.04231999983265996
v 0.03749206080660224 -0.0075079393573105335 0.03368000016734004
v 0.03749206080660224 -0.0075079393573105335 0.04231999983265996
v 0.0372821555994451 -0.007251896429806948 0.04231999983265996
v 0.0372821555994451 -0.007251896429806948 0.04231999983265996
v 0.03749206080660224 -0.0075079393573105335 0.04231999983265996
v 0.03733300348371267 -0.007217997685074806 0.04276899882778525
v 0.03749206080660224 -0.0075079393573105335 0.04231999983265996
v 0.03752374486625194 -0.007476255297660828 0.04270541836693883
v 0.03733300348371267 -0.007217997685074806 0.04276899882778525
v 0.03733300348371267 -0.007217997685074806 0.04276899882778525
v 0.03752374486625194 -0.007476255297660828 0.04270541836693883
v 0.03745762049779296 -0.00713491952046752 0.04313491965830326
v 0.03752374486625194 -0.007476255297660828 0.04270541836693883
v 0.03760546842217445 -0.007394531741738319 0.04303635453060269
v 0.03745762049779296 -0.00713491952046752 0.04313491965830326
v 0.03745762049779296 -0.00713491952046752 0.04313491965830326
v 0.03760546842217445 -0.007394531741738319 0.04303635453060269
v 0.03760546842217445 -0.0070363543927669525 0.04339453141391277
v 0.03760546842217445 -0.007394531741738319 0.04303635453060269
v 0.037710051756352184 -0.007289948407560587 0.04328994854539633
v 0.03760546842217445 -0.0070363543927669525 0.04339453141391277
v 0.037710051756352184 0.007289948407560587 0.03271005145460367
v 0.03760546842217445 0.007394531741738319 0.032963645469397305
v 0.03796364577114582 0.007394531741738319 0.032605468586087226
v 0.03760546842217445 0.007394531741738319 0.032963645469397305
v 0.037865080177783964 0.007542379666119814 0.03286508034169674
v 0.03796364577114582 0.007394531741738319 0.032605468586087226
v 0.03796364577114582 0.007394531741738319 0.032605468586087226
v 0.037865080177783964 0.007542379666119814 0.03286508034169674
v 0.038294581469148395 0.007476255297660828 0.03252374456450343
v 0.037865080177783964 0.007542379666119814 0.03286508034169674
v 0.03823100100830197 0.0076669966802001 0.03278200217708945
v 0.038294581469148395 0.007476255297660828 0.03252374456450343
v 0.038294581469148395 0.007476255297660828 0.03252374456450343
v 0.03823100100830197 0.0076669966802001 0.03278200217708945
v 0.038680000003427265 0.0075079393573105335 0.032492060504853724
v 0.03823100100830197 0.0076669966802001 0.03278200217708945
v 0.038680000003427265 0.0077178445644676685 0.03274810343235731
v 0.038680000003427265 0.0075079393573105335 0.032492060504853724
v 0.038680000003427265 0.0075079393573105335 0.032492060504853724
v 0.038680000003427265 0.0077178445644676685 0.03274810343235731
v 0.04931999999657273 0.0075079393573105335 0.032492060504853724
v 0.038680000003427265 0.0077178445644676685 0.03274810343235731
v 0.04931999999657273 0.0077178445644676685 0.03274810343235731
v 0.04931999999657273 0.0075079393573105335 0.032492060504853724
v 0.04931999999657273 0.0075079393573105335 0.032492060504853724
v 0.04931999999657273 0.0077178445644676685 0.03274810343235731
v 0.0497054185308516 0.007476255297660828 0.03252374456450343
v 0.04931999999657273 0.0077178445644676685 0.03274810343235731
v 0.049768998991698024 0.0076669966802001 0.03278200217708945
v 0.0497054185308516 0.007476255297660828 0.03252374456450343
v 0.0497054185308516 0.007476255297660828 0.03252374456450343
v 0.049768998991698024 0.0076669966802001 0.03278200217708945
v 0.05003635422885418 0.007394531741738319 0.032605468586087226
v 0.049768998991698024 0.0076669966802001 0.03278200217708945
v 0.05013491982221603 0.007542379666119814 0.03286508034169674
v 0.05003635422885418 0.007394531741738319 0.032605468586087226
v 0.05003635422885418 0.007394531741738319 0.032605468586087226
v 0.05013491982221603 0.007542379666119814 0.03286508034169674
v 0.05028994824364781 0.007289948407560587 0.03271005145460367
v 0.05013491982221603 0.007542379666119814 0.03286508034169674
v 0.050394531577825544 0.007394531741738319 0.032963645469397305
v 0.05028994824364781 0.007289948407560587 0.03271005145460367
v 0.03760546842217445 0.007394531741738319 0.032963645469397305
v 0.03752374486625194 0.007476255297660828 0.03329458163306117
v 0.037865080177783964 0.007542379666119814 0.03286508034169674
v 0.03752374486625194 0.007476255297660828 0.03329458163306117
v 0.03778200201317668 0.0076669966802001 0.033231001172214746
v 0.037865080177783964 0.007542379666119814 0.03286508034169674
v 0.037865080177783964 0.007542379666119814 0.03286508034169674
v 0.03778200201317668 0.0076669966802001 0.033231001172214746
v 0.03823100100830197 0.0076669966802001 0.03278200217708945
v 0.03778200201317668 0.0076669966802001 0.033231001172214746
v 0.0381734611056745 0.007839617319405079 0.03317346080392599
v 0.03823100100830197 0.0076669966802001 0.03278200217708945
v 0.03823100100830197 0.0076669966802001 0.03278200217708945
v 0.0381734611056745 0.007839617319405079 0.03317346080392599
v 0.038680000003427265 0.0077178445644676685 0.03274810343235731
v 0.0381734611056745 0.007839617319405079 0.03317346080392599
v 0.038680000003427265 0.007913787849247456 0.03314873744919896
v 0.038680000003427265 0.0077178445644676685 0.03274810343235731
v 0.038680000003427265 0.0077178445644676685 0.03274810343235731
v 0.038680000003427265 0.007913787849247456 0.03314873744919896
v 0.04931999999657273 0.0077178445644676685 0.03274810343235731
v 0.038680000003427265 0.007913787849247456 0.03314873744919896
v 0.04931999999657273 0.007913787849247456 0.03314873744919896
v 0.04931999999657273 0.0077178445644676685 0.03274810343235731
v 0.04931999999657273 0.0077178445644676685 0.03274810343235731
v 0.04931999999657273 0.007913787849247456 0.03314873744919896
v 0.049768998991698024 0.0076669966802001 0.03278200217708945
v 0.04931999999657273 0.007913787849247456 0.03314873744919896
v 0.04982653889432549 0.007839617319405079 0.03317346080392599
v 0.049768998991698024 0.0076669966802001 0.03278200217708945
v 0.049768998991698024 0.0076669966802001 0.03278200217708945
v 0.04982653889432549 0.007839617319405079 0.03317346080392599
v 0.05013491982221603 0.007542379666119814 0.03286508034169674
v 0.04982653889432549 0.007839617319405079 0.03317346080392599
v 0.05021799798682332 0.0076669966802001 0.033231001172214746
v 0.05013491982221603 0.007542379666119814 0.03286508034169674
v 0.05013491982221603 0.007542379666119814 0.03286508034169674
v 0.05021799798682332 0.0076669966802001 0.033231001172214746
v 0.050394531577825544 0.007394531741738319 0.032963645469397305
v 0.05021799798682332 0.0076669966802001 0.033231001172214746
v 0.05047625513374805 0.007476255297660828 0.03329458163306117
v 0.050394531577825544 0.007394531741738319 0.032963645469397305
v 0.03752374486625194 0.007476255297660828 0.03329458163306117
v 0.03749206080660224 0.0075079393573105335 0.03368000016734004
v 0.03778200201317668 0.0076669966802001 0.033231001172214746
v 0.03749206080660224 0.0075079393573105335 0.03368000016734004
v 0.03774810373410582 0.0077178445644676685 0.03368000016734004
v 0.03778200201317668 0.0076669966802001 0.033231001172214746
v 0.03778200201317668 0.0076669966802001 0.033231001172214746
v 0.03774810373410582 0.0077178445644676685 0.03368000016734004
v 0.0381734611056745 0.007839617319405079 0.03317346080392599
v 0.03774810373410582 0.0077178445644676685 0.03368000016734004
v 0.038148737285286186 0.007913787849247456 0.03368000016734004
v 0.0381734611056745 0.007839617319405079 0.03317346080392599
v 0.0381734611056745 0.007839617319405079 0.03317346080392599
v 0.038148737285286186 0.007913787849247456 0.03368000016734004
v 0.038680000003427265 0.007913787849247456 0.03314873744919896
v 0.038148737285286186 0.007913787849247456 0.03368000016734004
v 0.038680000003427265 0.00800000037997961 0.03368000016734004
v 0.038680000003427265 0.007913787849247456 0.03314873744919896
v 0.038680000003427265 0.007913787849247456 0.03314873744919896
v 0.038680000003427265 0.00800000037997961 0.03368000016734004
v 0.04931999999657273 0.007913787849247456 0.03314873744919896
v 0.038680000003427265 0.00800000037997961 0.03368000016734004
v 0.04931999999657273 0.00800000037997961 0.03368000016734004
v 0.04931999999657273 0.007913787849247456 0.03314873744919896
v 0.04931999999657273 0.007913787849247456 0.03314873744919896
v 0.04931999999657273 0.00800000037997961 0.03368000016734004
v 0.04982653889432549 0.007839617319405079 0.03317346080392599
v 0.04931999999657273 0.00800000037997961 0.03368000016734004
v 0.04985126271471381 0.007913787849247456 0.03368000016734004
v 0.04982653889432549 0.007839617319405079 0.03317346080392599
v 0.04982653889432549 0.007839617319405079 0.03317346080392599
v 0.04985126271471381 0.007913787849247456 0.03368000016734004
v 0.05021799798682332 0.0076669966802001 0.033231001172214746
v 0.04985126271471381 0.007913787849247456 0.03368000016734004
v 0.05025189626589417 0.0077178445644676685 0.03368000016734004
v 0.05021799798682332 0.0076669966802001 0.033231001172214746
v 0.05021799798682332 0.0076669966802001 0.033231001172214746
v 0.05025189626589417 0.0077178445644676685 0.03368000016734004
v 0.05047625513374805 0.007476255297660828 0.03329458163306117
v 0.05025189626589417 0.0077178445644676685 0.03368000016734004
v 0.05050793919339776 0.0075079393573105335 0.03368000016734004
v 0.05047625513374805 0.007476255297660828 0.03329458163306117
v 0.03749206080660224 0.0075079393573105335 0.03368000016734004
v 0.03749206080660224 0.0075079393573105335 0.04231999983265996
v 0.03774810373410582 0.0077178445644676685 0.03368000016734004
v 0.03749206080660224 0.0075079393573105335 0.04231999983265996
v 0.03774810373410582 0.0077178445644676685 0.04231999983265996
v 0.03774810373410582 0.0077178445644676685 0.03368000016734004
v 0.03774810373410582 0.0077178445644676685 0.03368000016734004
v 0.03774810373410582 0.0077178445644676685 0.04231999983265996
v 0.038148737285286186 0.007913787849247456 0.03368000016734004
v 0.03774810373410582 0.0077178445644676685 0.04231999983265996
v 0.038148737285286186 0.007913787849247456 0.04231999983265996
v 0.038148737285286186 0.007913787849247456 0.03368000016734004
v 0.038148737285286186 0.007913787849247456 0.03368000016734004
v 0.038148737285286186 0.007913787849247456 0.04231999983265996
v 0.038680000003427265 0.00800000037997961 0.03368000016734004
v 0.038148737285286186 0.007913787849247456 0.04231999983265996
v 0.038680000003427265 0.00800000037997961 0.04231999983265996
v 0.038680000003427265 0.00800000037997961 0.03368000016734004
v 0.038680000003427265 0.00800000037997961 0.03368000016734004
v 0.038680000003427265 0.00800000037997961 0.04231999983265996
v 0.04931999999657273 0.00800000037997961 0.03368000016734004
v 0.038680000003427265 0.00800000037997961 0.04231999983265996
v 0.04931999999657273 0.00800000037997961 0.04231999983265996
v 0.04931999999657273 0.00800000037997961 0.03368000016734004
v 0.04931999999657273 0.00800000037997961 0.03368000016734004
v 0.04931999999657273 0.00800000037997961 0.04231999983265996
v 0.04985126271471381 0.007913787849247456 0.03368000016734004
v 0.04931999999657273 0.00800000037997961 0.04231999983265996
v 0.04985126271471381 0.007913787849247456 0.04231999983265996
v 0.04985126271471381 0.007913787849247456 0.03368000016734004
v 0.04985126271471381 0.007913787849247456 0.03368000016734004
v 0.04985126271471381 0.007913787849247456 0.04231999983265996
v 0.05025189626589417 0.0077178445644676685 0.03368000016734004
v 0.04985126271471381 0.007913787849247456 0.04231999983265996
v 0.05025189626589417 0.0077178445644676685 0.04231999983265996
v 0.05025189626589417 0.0077178445644676685 0.03368000016734004
v 0.05025189626589417 0.0077178445644676685 0.03368000016734004
v 0.05025189626589417 0.0077178445644676685 0.04231999983265996
v 0.05050793919339776 0.0075079393573105335 0.03368000016734004
v 0.05025189626589417 0.0077178445644676685 0.04231999983265996
v 0.05050793919339776 0.0075079393573105335 0.04231999983265996
v 0.05050793919339776 0.0075079393573105335 0.03368000016734004
v 0.03749206080660224 0.0075079393573105335 0.04231999983265996
v 0.03752374486625194 0.007476255297660828 0.04270541836693883
v 0.03774810373410582 0.0077178445644676685 0.04231999983265996
v 0.03752374486625194 0.007476255297660828 0.04270541836693883
v 0.03778200201317668 0.0076669966802001 0.04276899882778525
v 0.03774810373410582 0.0077178445644676685 0.04231999983265996
v 0.03774810373410582 0.0077178445644676685 0.04231999983265996
v 0.03778200201317668 0.0076669966802001 0.04276899882778525
v 0.038148737285286186 0.007913787849247456 0.04231999983265996
v 0.03778200201317668 0.0076669966802001 0.04276899882778525
v 0.0381734611056745 0.007839617319405079 0.04282653919607401
v 0.038148737285286186 0.007913787849247456 0.04231999983265996
v 0.038148737285286186 0.007913787849247456 0.04231999983265996
v 0.0381734611056745 0.007839617319405079 0.04282653919607401
v 0.038680000003427265 0.00800000037997961 0.04231999983265996
v 0.0381734611056745 0.007839617319405079 0.04282653919607401
v 0.038680000003427265 0.007913787849247456 0.04285126255080104
v 0.038680000003427265 0.00800000037997961 0.04231999983265996
v 0.038680000003427265 0.00800000037997961 0.04231999983265996
v 0.038680000003427265 0.007913787849247456 0.04285126255080104
v 0.04931999999657273 0.00800000037997961 0.04231999983265996
v 0.038680000003427265 0.007913787849247456 0.04285126255080104
v 0.04931999999657273 0.007913787849247456 0.04285126255080104
v 0.04931999999657273 0.00800000037997961 0.04231999983265996
v 0.04931999999657273 0.00800000037997961 0.04231999983265996
v 0.04931999999657273 0.007913787849247456 0.04285126255080104
v 0.04985126271471381 0.007913787849247456 0.04231999983265996
v 0.04931999999657273 0.007913787849247456 0.04285126255080104
v 0.04982653889432549 0.007839617319405079 0.04282653919607401
v 0.04985126271471381 0.007913787849247456 0.04231999983265996
v 0.04985126271471381 0.007913787849247456 0.04231999983265996
v 0.04982653889432549 0.007839617319405079 0.04282653919607401
v 0.05025189626589417 0.0077178445644676685 0.04231999983265996
v 0.04982653889432549 0.007839617319405079 0.04282653919607401
v 0.05021799798682332 0.0076669966802001 0.04276899882778525
v 0.05025189626589417 0.0077178445644676685 0.04231999983265996
v 0.05025189626589417 0.0077178445644676685 0.04231999983265996
v 0.05021799798682332 0.0076669966802001 0.04276899882778525
v 0.05050793919339776 0.0075079393573105335 0.04231999983265996
v 0.05021799798682332 0.0076669966802001 0.04276899882778525
v 0.05047625513374805 0.007476255297660828 0.04270541836693883
v 0.05050793919339776 0.0075079393573105335 0.04231999983265996
v 0.03752374486625194 0.007476255297660828 0.04270541836693883
v 0.03760546842217445 0.007394531741738319 0.04303635453060269
v 0.03778200201317668 0.0076669966802001 0.04276899882778525
v 0.03760546842217445 0.007394531741738319 0.04303635453060269
v 0.037865080177783964 0.007542379666119814 0.04313491965830326
v 0.03778200201317668 0.0076669966802001 0.04276899882778525
v 0.03778200201317668 0.0076669966802001 0.04276899882778525
v 0.037865080177783964 0.007542379666119814 0.04313491965830326
v 0.0381734611056745 0.007839617319405079 0.04282653919607401
v 0.037865080177783964 0.007542379666119814 0.04313491965830326
v 0.03823100100830197 0.0076669966802001 0.043217997822910546
v 0.0381734611056745 0.007839617319405079 0.04282653919607401
v 0.0381734611056745 0.007839617319405079 0.04282653919607401
v 0.03823100100830197 0.0076669966802001 0.043217997822910546
v 0.038680000003427265 0.007913787849247456 0.04285126255080104
v 0.03823100100830197 0.0076669966802001 0.043217997822910546
v 0.038680000003427265 0.0077178445644676685 0.04325189656764269
v 0.038680000003427265 0.007913787849247456 0.04285126255080104
v 0.038680000003427265 0.007913787849247456 0.04285126255080104
v 0.038680000003427265 0.0077178445644676685 0.04325189656764269
v 0.04931999999657273 0.007913787849247456 0.04285126255080104
v 0.038680000003427265 0.0077178445644676685 0.04325189656764269
v 0.04931999999657273 0.0077178445644676685 0.04325189656764269
v 0.04931999999657273 0.007913787849247456 0.04285126255080104
v 0.04931999999657273 0.007913787849247456 0.04285126255080104
v 0.04931999999657273 0.0077178445644676685 0.04325189656764269
v 0.04982653889432549 0.007839617319405079 0.04282653919607401
v 0.04931999999657273 0.0077178445644676685 0.04325189656764269
v 0.049768998991698024 0.0076669966802001 0.043217997822910546
v 0.04982653889432549 0.007839617319405079 0.04282653919607401
v 0.04982653889432549 0.007839617319405079 0.04282653919607401
v 0.049768998991698024 0.0076669966802001 0.043217997822910546
v 0.05021799798682332 0.0076669966802001 0.04276899882778525
v 0.049768998991698024 0.0076669966802001 0.043217997822910546
v 0.05013491982221603 0.007542379666119814 0.04313491965830326
v 0.05021799798682332 0.0076669966802001 0.04276899882778525
v 0.05021799798682332 0.0076669966802001 0.04276899882778525
v 0.05013491982221603 0.007542379666119814 0.04313491965830326
v 0.05047625513374805 0.007476255297660828 0.04270541836693883
v 0.05013491982221603 0.007542379666119814 0.04313491965830326
v 0.050394531577825544 0.007394531741738319 0.04303635453060269
v 0.05047625513374805 0.007476255297660828 0.04270541836693883
v 0.03760546842217445 0.007394531741738319 0.04303635453060269
v 0.037710051756352184 0.007289948407560587 0.04328994854539633
v 0.037865080177783964 0.007542379666119814 0.04313491965830326
v 0.037710051756352184 0.007289948407560587 0.04328994854539633
v 0.03796364577114582 0.007394531741738319 0.04339453141391277
v 0.037865080177783964 0.007542379666119814 0.04313491965830326
v 0.037865080177783964 0.007542379666119814 0.04313491965830326
v 0.03796364577114582 0.007394531741738319 0.04339453141391277
v 0.03823100100830197 0.0076669966802001 0.043217997822910546
v 0.03796364577114582 0.007394531741738319 0.04339453141391277
v 0.038294581469148395 0.007476255297660828 0.04347625543549657
v 0.03823100100830197 0.0076669966802001 0.043217997822910546
v 0.03823100100830197 0.0076669966802001 0.043217997822910546
v 0.038294581469148395 0.007476255297660828 0.04347625543549657
v 0.038680000003427265 0.0077178445644676685 0.04325189656764269
v 0.038294581469148395 0.007476255297660828 0.04347625543549657
v 0.038680000003427265 0.0075079393573105335 0.043507939495146274
v 0.038680000003427265 0.0077178445644676685 0.04325189656764269
v 0.038680000003427265 0.0077178445644676685 0.04325189656764269
v 0.038680000003427265 0.0075079393573105335 0.043507939495146274
v 0.04931999999657273 0.0077178445644676685 0.04325189656764269
v 0.038680000003427265 0.0075079393573105335 0.043507939495146274
v 0.04931999999657273 0.0075079393573105335 0.043507939495146274
v 0.04931999999657273 0.0077178445644676685 0.04325189656764269
v 0.04931999999657273 0.0077178445644676685 0.04325189656764269
v 0.04931999999657273 0.0075079393573105335 0.043507939495146274
v 0.049768998991698024 0.0076669966802001 0.043217997822910546
v 0.04931999999657273 0.0075079393573105335 0.043507939495146274
v 0.0497054185308516 0.007476255297660828 0.04347625543549657
v 0.049768998991698024 0.0076669966802001 0.043217997822910546
v 0.049768998991698024 0.0076669966802001 0.043217997822910546
v 0.0497054185308516 0.007476255297660828 0.04347625543549657
v 0.05013491982221603 0.007542379666119814 0.04313491965830326
v 0.0497054185308516 0.007476255297660828 0.04347625543549657
v 0.05003635422885418 0.007394531741738319 0.04339453141391277
v 0.05013491982221603 0.007542379666119814 0.04313491965830326
v 0.05013491982221603 0.007542379666119814 0.04313491965830326
v 0.05003635422885418 0.007394531741738319 0.04339453141391277
v 0.050394531577825544 0.007394531741738319 0.04303635453060269
v 0.05003635422885418 0.007394531741738319 0.04339453141391277
v 0.05028994824364781 0.007289948407560587 0.04328994854539633
v 0.050394531577825544 0.007394531741738319 0.04303635453060269
v 0.037710051756352184 -0.007289948407560587 0.04328994854539633
v 0.03760546842217445 -0.007394531741738319 0.04303635453060269
v 0.03796364577114582 -0.007394531741738319 0.04339453141391277
v 0.03760546842217445 -0.007394531741738319 0.04303635453060269
v 0.037865080177783964 -0.007542379666119814 0.04313491965830326
v 0.03796364577114582 -0.007394531741738319 0.04339453141391277
v 0.03796364577114582 -0.007394531741738319 0.04339453141391277
v 0.037865080177783964 -0.007542379666119814 0.04313491965830326
v 0.038294581469148395 -0.007476255297660828 0.04347625543549657
v 0.037865080177783964 -0.007542379666119814 0.04313491965830326
v 0.03823100100830197 -0.0076669966802001 0.043217997822910546
v 0.038294581469148395 -0.007476255297660828 0.04347625543549657
v 0.038294581469148395 -0.007476255297660828 0.04347625543549657
v 0.03823100100830197 -0.0076669966802001 0.043217997822910546
v 0.038680000003427265 -0.0075079393573105335 0.043507939495146274
v 0.03823100100830197 -0.0076669966802001 0.043217997822910546
v 0.038680000003427265 -0.0077178445644676685 0.04325189656764269
v 0.038680000003427265 -0.0075079393573105335 0.043507939495146274
v 0.038680000003427265 -0.0075079393573105335 0.043507939495146274
v 0.038680000003427265 -0.0077178445644676685 0.04325189656764269
v 0.04931999999657273 -0.0075079393573105335 0.043507939495146274
v 0.038680000003427265 -0.0077178445644676685 0.04325189656764269
v 0.04931999999657273 -0.0077178445644676685 0.04325189656764269
v 0.04931999999657273 -0.0075079393573105335 0.043507939495146274
v 0.04931999999657273 -0.0075079393573105335 0.043507939495146274
v 0.04931999999657273 -0.0077178445644676685 0.04325189656764269
v 0.0497054185308516 -0.007476255297660828 0.04347625543549657
v 0.04931999999657273 -0.0077178445644676685 0.04325189656764269
v 0.049768998991698024 -0.0076669966802001 0.043217997822910546
v 0.0497054185308516 -0.007476255297660828 0.04347625543549657
v 0.0497054185308516 -0.007476255297660828 0.04347625543549657
v 0.049768998991698024 -0.0076669966802001 0.043217997822910546
v 0.05003635422885418 -0.007394531741738319 0.04339453141391277
v 0.049768998991698024 -0.0076669966802001 0.043217997822910546
v 0.05013491982221603 -0.007542379666119814 0.04313491965830326
v 0.05003635422885418 -0.007394531741738319 0.04339453141391277
v 0.05003635422885418 -0.007394531741738319 0.04339453141391277
v 0.05013491982221603 -0.007542379666119814 0.04313491965830326
v 0.05028994824364781 -0.007289948407560587 0.04328994854539633
v 0.05013491982221603 -0.007542379666119814 0.04313491965830326
v 0.050394531577825544 -0.007394531741738319 0.04303635453060269
v 0.05028994824364781 -0.007289948407560587 0.04328994854539633
v 0.03760546842217445 -0.007394531741738319 0.04303635453060269
v 0.03752374486625194 -0.007476255297660828 0.04270541836693883
v 0.037865080177783964 -0.007542379666119814 0.04313491965830326
v 0.03752374486625194 -0.007476255297660828 0.04270541836693883
v 0.03778200201317668 -0.0076669966802001 0.04276899882778525
v 0.037865080177783964 -0.007542379666119814 0.04313491965830326
v 0.037865080177783964 -0.007542379666119814 0.04313491965830326
v 0.03778200201317668 -0.0076669966802001 0.04276899882778525
v 0.03823100100830197 -0.0076669966802001 0.043217997822910546
v 0.03778200201317668 -0.0076669966802001 0.04276899882778525
v 0.0381734611056745 -0.007839617319405079 0.04282653919607401
v 0.03823100100830197 -0.0076669966802001 0.043217997822910546
v 0.03823100100830197 -0.0076669966802001 0.043217997822910546
v 0.0381734611056745 -0.007839617319405079 0.04282653919607401
v 0.038680000003427265 -0.0077178445644676685 0.04325189656764269
v 0.0381734611056745 -0.007839617319405079 0.04282653919607401
v 0.038680000003427265 -0.007913787849247456 0.04285126255080104
v 0.038680000003427265 -0.0077178445644676685 0.04325189656764269
v 0.038680000003427265 -0.0077178445644676685 0.04325189656764269
v 0.038680000003427265 -0.007913787849247456 0.04285126255080104
v 0.04931999999657273 -0.0077178445644676685 0.04325189656764269
v 0.038680000003427265 -0.007913787849247456 0.04285126255080104
v 0.04931999999657273 -0.007913787849247456 0.04285126255080104
v 0.04931999999657273 -0.0077178445644676685 0.04325189656764269
v 0.04931999999657273 -0.0077178445644676685 0.04325189656764269
v 0.04931999999657273 -0.007913787849247456 0.04285126255080104
v 0.049768998991698024 -0.0076669966802001 0.043217997822910546
v 0.04931999999657273 -0.007913787849247456 0.04285126255080104
v 0.04982653889432549 -0.007839617319405079 0.04282653919607401
v 0.049768998991698024 -0.0076669966802001 0.043217997822910546
v 0.049768998991698024 -0.0076669966802001 0.043217997822910546
v 0.04982653889432549 -0.007839617319405079 0.04282653919607401
v 0.05013491982221603 -0.007542379666119814 0.04313491965830326
v 0.04982653889432549 -0.007839617319405079 0.04282653919607401
v 0.05021799798682332 -0.0076669966802001 0.04276899882778525
v 0.05013491982221603 -0.007542379666119814 0.04313491965830326
v 0.05013491982221603 -0.007542379666119814 0.04313491965830326
v 0.05021799798682332 -0.0076669966802001 0.04276899882778525
v 0.050394531577825544 -0.007394531741738319 0.04303635453060269
v 0.05021799798682332 -0.0076669966802001 0.04276899882778525
v 0.05047625513374805 -0.007476255297660828 0.04270541836693883
v 0.050394531577825544 -0.007394531741738319 0.04303635453060269
v 0.03752374486625194 -0.007476255297660828 0.04270541836693883
v 0.03749206080660224 -0.0075079393573105335 0.04231999983265996
v 0.03778200201317668 -0.0076669966802001 0.04276899882778525
v 0.03749206080660224 -0.0075079393573105335 0.04231999983265996
v 0.03774810373410582 -0.0077178445644676685 0.04231999983265996
v 0.03778200201317668 -0.0076669966802001 0.04276899882778525
v 0.03778200201317668 -0.0076669966802001 0.04276899882778525
v 0.03774810373410582 -0.0077178445644676685 0.04231999983265996
v 0.0381734611056745 -0.007839617319405079 0.04282653919607401
v 0.03774810373410582 -0.0077178445644676685 0.04231999983265996
v 0.038148737285286186 -0.007913787849247456 0.04231999983265996
v 0.0381734611056745 -0.007839617319405079 0.04282653919607401
v 0.0381734611056745 -0.007839617319405079 0.04282653919607401
v 0.038148737285286186 -0.007913787849247456 0.04231999983265996
v 0.038680000003427265 -0.007913787849247456 0.04285126255080104
v 0.038148737285286186 -0.007913787849247456 0.04231999983265996
v 0.038680000003427265 -0.00800000037997961 0.04231999983265996
v 0.038680000003427265 -0.007913787849247456 0.04285126255080104
v 0.038680000003427265 -0.007913787849247456 0.04285126255080104
v 0.038680000003427265 -0.00800000037997961 0.04231999983265996
v 0.04931999999657273 -0.007913787849247456 0.04285126255080104
v 0.038680000003427265 -0.00800000037997961 0.04231999983265996
v 0.04931999999657273 -0.00800000037997961 0.04231999983265996
v 0.04931999999657273 -0.007913787849247456 0.04285126255080104
v 0.04931999999657273 -0.007913787849247456 0.04285126255080104
v 0.04931999999657273 -0.00800000037997961 0.04231999983265996
v 0.04982653889432549 -0.007839617319405079 0.04282653919607401
v 0.04931999999657273 -0.00800000037997961 0.04231999983265996
v 0.04985126271471381 -0.007913787849247456 0.04231999983265996
v 0.04982653889432549 -0.007839617319405079 0.04282653919607401
v 0.04982653889432549 -0.007839617319405079 0.04282653919607401
v 0.04985126271471381 -0.007913787849247456 0.04231999983265996
v 0.05021799798682332 -0.0076669966802001 0.04276899882778525
v 0.04985126271471381 -0.007913787849247456 0.04231999983265996
v 0.05025189626589417 -0.0077178445644676685 0.04231999983265996
v 0.05021799798682332 -0.0076669966802001 0.04276899882778525
v 0.05021799798682332 -0.0076669966802001 0.04276899882778525
v 0.05025189626589417 -0.0077178445644676685 0.04231999983265996
v 0.05047625513374805 -0.007476255297660828 0.04270541836693883
v 0.05025189626589417 -0.0077178445644676685 0.04231999983265996
v 0.05050793919339776 -0.0075079393573105335 0.04231999983265996
v 0.05047625513374805 -0.007476255297660828 0.04270541836693883
v 0.03749206080660224 -0.0075079393573105335 0.04231999983265996
v 0.03749206080660224 -0.0075079393573105335 0.03368000016734004
v 0.03774810373410582 -0.0077178445644676685 0.04231999983265996
v 0.03749206080660224 -0.0075079393573105335 0.03368000016734004
v 0.03774810373410582 -0.0077178445644676685 0.03368000016734004
v 0.03774810373410582 -0.0077178445644676685 0.04231999983265996
v 0.03774810373410582 -0.0077178445644676685 0.04231999983265996
v 0.03774810373410582 -0.0077178445644676685 0.03368000016734004
v 0.038148737285286186 -0.007913787849247456 0.04231999983265996
v 0.03774810373410582 -0.0077178445644676685 0.03368000016734004
v 0.038148737285286186 -0.007913787849247456 0.03368000016734004
v 0.038148737285286186 -0.007913787849247456 0.04231999983265996
v 0.038148737285286186 -0.007913787849247456 0.04231999983265996
v 0.038148737285286186 -0.007913787849247456 0.03368000016734004
v 0.038680000003427265 -0.00800000037997961 0.04231999983265996
v 0.038148737285286186 -0.007913787849247456 0.03368000016734004
v 0.038680000003427265 -0.00800000037997961 0.03368000016734004
v 0.038680000003427265 -0.00800000037997961 0.04231999983265996
v 0.038680000003427265 -0.00800000037997961 0.04231999983265996
v 0.038680000003427265 -0.00800000037997961 0.03368000016734004
v 0.04931999999657273 -0.00800000037997961 0.04231999983265996
v 0.038680000003427265 -0.00800000037997961 0.03368000016734004
v 0.04931999999657273 -0.00800000037997961 0.03368000016734004
v 0.04931999999657273 -0.00800000037997961 0.04231999983265996
v 0.04931999999657273 -0.00800000037997961 0.04231999983265996
v 0.04931999999657273 -0.00800000037997961 0.03368000016734004
v 0.04985126271471381 -0.007913787849247456 0.04231999983265996
v 0.04931999999657273 -0.00800000037997961 0.03368000016734004
v 0.04985126271471381 -0.007913787849247456 0.03368000016734004
v 0.04985126271471381 -0.007913787849247456 0.04231999983265996
v 0.04985126271471381 -0.007913787849247456 0.04231999983265996
v 0.04985126271471381 -0.007913787849247456 0.03368000016734004
v 0.05025189626589417 -0.0077178445644676685 0.04231999983265996
v 0.04985126271471381 -0.007913787849247456 0.03368000016734004
v 0.05025189626589417 -0.0077178445644676685 0.03368000016734004
v 0.05025189626589417 -0.0077178445644676685 0.04231999983265996
v 0.05025189626589417 -0.0077178445644676685 0.04231999983265996
v 0.05025189626589417 -0.0077178445644676685 0.03368000016734004
v 0.05050793919339776 -0.0075079393573105335 0.04231999983265996
v 0.05025189626589417 -0.0077178445644676685 0.03368000016734004
v 0.05050793919339776 -0.0075079393573105335 0.03368000016734004
v 0.05050793919339776 -0.0075079393573105335 0.04231999983265996
v 0.03749206080660224 -0.0075079393573105335 0.03368000016734004
v 0.03752374486625194 -0.007476255297660828 0.03329458163306117
v 0.03774810373410582 -0.0077178445644676685 0.03368000016734004
v 0.03752374486625194 -0.007476255297660828 0.03329458163306117
v 0.03778200201317668 -0.0076669966802001 0.033231001172214746
v 0.03774810373410582 -0.0077178445644676685 0.03368000016734004
v 0.03774810373410582 -0.0077178445644676685 0.03368000016734004
v 0.03778200201317668 -0.0076669966802001 0.033231001172214746
v 0.038148737285286186 -0.007913787849247456 0.03368000016734004
v 0.03778200201317668 -0.0076669966802001 0.033231001172214746
v 0.0381734611056745 -0.007839617319405079 0.03317346080392599
v 0.038148737285286186 -0.007913787849247456 0.03368000016734004
v 0.038148737285286186 -0.007913787849247456 0.03368000016734004
v 0.0381734611056745 -0.007839617319405079 0.03317346080392599
v 0.038680000003427265 -0.00800000037997961 0.03368000016734004
v 0.0381734611056745 -0.007839617319405079 0.03317346080392599
v 0.038680000003427265 -0.007913787849247456 0.03314873744919896
v 0.038680000003427265 -0.00800000037997961 0.03368000016734004
v 0.038680000003427265 -0.00800000037997961 0.03368000016734004
v 0.038680000003427265 -0.007913787849247456 0.03314873744919896
v 0.04931999999657273 -0.00800000037997961 0.03368000016734004
v 0.038680000003427265 -0.007913787849247456 0.03314873744919896
v 0.04931999999657273 -0.007913787849247456 0.03314873744919896
v 0.04931999999657273 -0.00800000037997961 0.03368000016734004
v 0.04931999999657273 -0.00800000037997961 0.03368000016734004
v 0.04931999999657273 -0.007913787849247456 0.03314873744919896
v 0.04985126271471381 -0.007913787849247456 0.03368000016734004
v 0.04931999999657273 -0.007913787849247456 0.03314873744919896
v 0.04982653889432549 -0.007839617319405079 0.03317346080392599
v 0.04985126271471381 -0.007913787849247456 0.03368000016734004
v 0.04985126271471381 -0.007913787849247456 0.03368000016734004
v 0.04982653889432549 -0.007839617319405079 0.03317346080392599
v 0.05025189626589417 -0.0077178445644676685 0.03368000016734004
v 0.04982653889432549 -0.007839617319405079 0.03317346080392599
v 0.05021799798682332 -0.0076669966802001 0.033231001172214746
v 0.05025189626589417 -0.0077178445644676685 0.03368000016734004
v 0.05025189626589417 -0.0077178445644676685 0.03368000016734004
v 0.05021799798682332 -0.0076669966802001 0.033231001172214746
v 0.05050793919339776 -0.0075079393573105335 0.03368000016734004
v 0.05021799798682332 -0.0076669966802001 0.033231001172214746
v 0.05047625513374805 -0.007476255297660828 0.03329458163306117
v 0.05050793919339776 -0.0075079393573105335 0.03368000016734004
v 0.03752374486625194 -0.007476255297660828 0.03329458163306117
v 0.03760546842217445 -0.007394531741738319 0.032963645469397305
v 0.03778200201317668 -0.0076669966802001 0.033231001172214746
v 0.03760546842217445 -0.007394531741738319 0.032963645469397305
v 0.037865080177783964 -0.007542379666119814 0.03286508034169674
v 0.03778200201317668 -0.0076669966802001 0.033231001172214746
v 0.03778200201317668 -0.0076669966802001 0.033231001172214746
v 0.037865080177783964 -0.007542379666119814 0.03286508034169674
v 0.0381734611056745 -0.007839617319405079 0.03317346080392599
v 0.037865080177783964 -0.007542379666119814 0.03286508034169674
v 0.03823100100830197 -0.0076669966802001 0.03278200217708945
v 0.0381734611056745 -0.007839617319405079 0.03317346080392599
v 0.0381734611056745 -0.007839617319405079 0.03317346080392599
v 0.03823100100830197 -0.0076669966802001 0.03278200217708945
v 0.038680000003427265 -0.007913787849247456 0.03314873744919896
v 0.03823100100830197 -0.0076669966802001 0.03278200217708945
v 0.038680000003427265 -0.0077178445644676685 0.03274810343235731
v 0.038680000003427265 -0.007913787849247456 0.03314873744919896
v 0.038680000003427265 -0.007913787849247456 0.03314873744919896
v 0.038680000003427265 -0.0077178445644676685 0.03274810343235731
v 0.04931999999657273 -0.007913787849247456 0.03314873744919896
v 0.038680000003427265 -0.0077178445644676685 0.03274810343235731
v 0.04931999999657273 -0.0077178445644676685 0.03274810343235731
v 0.04931999999657273 -0.007913787849247456 0.03314873744919896
v 0.04931999999657273 -0.007913787849247456 0.03314873744919896
v 0.04931999999657273 -0.0077178445644676685 0.03274810343235731
v 0.04982653889432549 -0.007839617319405079 0.03317346080392599
v 0.04931999999657273 -0.0077178445644676685 0.03274810343235731
v 0.049768998991698024 -0.0076669966802001 0.03278200217708945
v 0.04982653889432549 -0.007839617319405079 0.03317346080392599
v 0.04982653889432549 -0.007839617319405079 0.03317346080392599
v 0.049768998991698024 -0.0076669966802001 0.03278200217708945
v 0.05021799798682332 -0.0076669966802001 0.033231001172214746
v 0.049768998991698024 -0.0076669966802001 0.03278200217708945
v 0.05013491982221603 -0.007542379666119814 0.03286508034169674
v 0.05021799798682332 -0.0076669966802001 0.033231001172214746
v 0.05021799798682332 -0.0076669966802001 0.033231001172214746
v 0.05013491982221603 -0.007542379666119814 0.03286508034169674
v 0.05047625513374805 -0.007476255297660828 0.03329458163306117
v 0.05013491982221603 -0.007542379666119814 0.03286508034169674
v 0.050394531577825544 -0.007394531741738319 0.032963645469397305
v 0.05047625513374805 -0.007476255297660828 0.03329458163306117
v 0.03760546842217445 -0.007394531741738319 0.032963645469397305
v 0.037710051756352184 -0.007289948407560587 0.03271005145460367
v 0.037865080177783964 -0.007542379666119814 0.03286508034169674
v 0.037710051756352184 -0.007289948407560587 0.03271005145460367
v 0.03796364577114582 -0.007394531741738319 0.032605468586087226
v 0.037865080177783964 -0.007542379666119814 0.03286508034169674
v 0.037865080177783964 -0.007542379666119814 0.03286508034169674
v 0.03796364577114582 -0.007394531741738319 0.032605468586087226
v 0.03823100100830197 -0.0076669966802001 0.03278200217708945
v 0.03796364577114582 -0.007394531741738319 0.032605468586087226
v 0.038294581469148395 -0.007476255297660828 0.03252374456450343
v 0.03823100100830197 -0.0076669966802001 0.03278200217708945
v 0.03823100100830197 -0.0076669966802001 0.03278200217708945
v 0.038294581469148395 -0.007476255297660828 0.03252374456450343
v 0.038680000003427265 -0.0077178445644676685 0.03274810343235731
v 0.038294581469148395 -0.007476255297660828 0.03252374456450343
v 0.038680000003427265 -0.0075079393573105335 0.032492060504853724
v 0.038680000003427265 -0.0077178445644676685 0.03274810343235731
v 0.038680000003427265 -0.0077178445644676685 0.03274810343235731
v 0.038680000003427265 -0.0075079393573105335 0.032492060504853724
v 0.04931999999657273 -0.0077178445644676685 0.03274810343235731
v 0.038680000003427265 -0.0075079393573105335 0.032492060504853724
v 0.04931999999657273 -0.0075079393573105335 0.032492060504853724
v 0.04931999999657273 -0.0077178445644676685 0.03274810343235731
v 0.04931999999657273 -0.0077178445644676685 0.03274810343235731
v 0.04931999999657273 -0.0075079393573105335 0.032492060504853724
v 0.049768998991698024 -0.0076669966802001 0.03278200217708945
v 0.04931999999657273 -0.0075079393573105335 0.032492060504853724
v 0.0497054185308516 -0.007476255297660828 0.03252374456450343
v 0.049768998991698024 -0.0076669966802001 0.03278200217708945
v 0.049768998991698024 -0.0076669966802001 0.03278200217708945
v 0.0497054185308516 -0.007476255297660828 0.03252374456450343
v 0.05013491982221603 -0.007542379666119814 0.03286508034169674
v 0.0497054185308516 -0.007476255297660828 0.03252374456450343
v 0.05003635422885418 -0.007394531741738319 0.032605468586087226
v 0.05013491982221603 -0.007542379666119814 0.03286508034169674
v 0.05013491982221603 -0.007542379666119814 0.03286508034169674
v 0.05003635422885418 -0.007394531741738319 0.032605468586087226
v 0.050394531577825544 -0.007394531741738319 0.032963645469397305
v 0.05003635422885418 -0.007394531741738319 0.032605468586087226
v 0.05028994824364781 -0.007289948407560587 0.03271005145460367
v 0.050394531577825544 -0.007394531741738319 0.032963645469397305
v 0.037710051756352184 0.007289948407560587 0.04328994854539633
v 0.03760546842217445 0.0070363543927669525 0.04339453141391277
v 0.03796364577114582 0.007394531741738319 0.04339453141391277
v 0.03760546842217445 0.0070363543927669525 0.04339453141391277
v 0.037865080177783964 0.00713491952046752 0.04354237933829427
v 0.03796364577114582 0.007394531741738319 0.04339453141391277
v 0.03796364577114582 0.007394531741738319 0.04339453141391277
v 0.037865080177783964 0.00713491952046752 0.04354237933829427
v 0.038294581469148395 0.007476255297660828 0.04347625543549657
v 0.037865080177783964 0.00713491952046752 0.04354237933829427
v 0.03823100100830197 0.007217997685074806 0.04366699681803584
v 0.038294581469148395 0.007476255297660828 0.04347625543549657
v 0.038294581469148395 0.007476255297660828 0.04347625543549657
v 0.03823100100830197 0.007217997685074806 0.04366699681803584
v 0.038680000003427265 0.0075079393573105335 0.043507939495146274
v 0.03823100100830197 0.007217997685074806 0.04366699681803584
v 0.038680000003427265 0.007251896429806948 0.04371784470230341
v 0.038680000003427265 0.0075079393573105335 0.043507939495146274
v 0.038680000003427265 0.0075079393573105335 0.043507939495146274
v 0.038680000003427265 0.007251896429806948 0.04371784470230341
v 0.04931999999657273 0.0075079393573105335 0.043507939495146274
v 0.038680000003427265 0.007251896429806948 0.04371784470230341
v 0.04931999999657273 0.007251896429806948 0.04371784470230341
v 0.04931999999657273 0.0075079393573105335 0.043507939495146274
v 0.04931999999657273 0.0075079393573105335 0.043507939495146274
v 0.04931999999657273 0.007251896429806948 0.04371784470230341
v 0.0497054185308516 0.007476255297660828 0.04347625543549657
v 0.04931999999657273 0.007251896429806948 0.04371784470230341
v 0.049768998991698024 0.007217997685074806 0.04366699681803584
v 0.0497054185308516 0.007476255297660828 0.04347625543549657
v 0.0497054185308516 0.007476255297660828 0.04347625543549657
v 0.049768998991698024 0.007217997685074806 0.04366699681803584
v 0.05003635422885418 0.007394531741738319 0.04339453141391277
v 0.049768998991698024 0.007217997685074806 0.04366699681803584
v 0.05013491982221603 0.00713491952046752 0.04354237933829427
v 0.05003635422885418 0.007394531741738319 0.04339453141391277
v 0.05003635422885418 0.007394531741738319 0.04339453141391277
v 0.05013491982221603 0.00713491952046752 0.04354237933829427
v 0.05028994824364781 0.007289948407560587 0.04328994854539633
v 0.05013491982221603 0.00713491952046752 0.04354237933829427
v 0.050394531577825544 0.0070363543927669525 0.04339453141391277
v 0.05028994824364781 0.007289948407560587 0.04328994854539633
v 0.03760546842217445 0.0070363543927669525 0.04339453141391277
v 0.03752374486625194 0.006705418229103088 0.04347625543549657
v 0.037865080177783964 0.00713491952046752 0.04354237933829427
v 0.03752374486625194 0.006705418229103088 0.04347625543549657
v 0.03778200201317668 0.0067689986899495125 0.04366699681803584
v 0.037865080177783964 0.00713491952046752 0.04354237933829427
v 0.037865080177783964 0.00713491952046752 0.04354237933829427
v 0.03778200201317668 0.0067689986899495125 0.04366699681803584
v 0.03823100100830197 0.007217997685074806 0.04366699681803584
v 0.03778200201317668 0.0067689986899495125 0.04366699681803584
v 0.0381734611056745 0.006826539058238268 0.04383961699157953
v 0.03823100100830197 0.007217997685074806 0.04366699681803584
v 0.03823100100830197 0.007217997685074806 0.04366699681803584
v 0.0381734611056745 0.006826539058238268 0.04383961699157953
v 0.038680000003427265 0.007251896429806948 0.04371784470230341
v 0.0381734611056745 0.006826539058238268 0.04383961699157953
v 0.038680000003427265 0.006851262878626585 0.043913787987083196
v 0.038680000003427265 0.007251896429806948 0.04371784470230341
v 0.038680000003427265 0.007251896429806948 0.04371784470230341
v 0.038680000003427265 0.006851262878626585 0.043913787987083196
v 0.04931999999657273 0.007251896429806948 0.04371784470230341
v 0.038680000003427265 0.006851262878626585 0.043913787987083196
v 0.04931999999657273 0.006851262878626585 0.043913787987083196
v 0.04931999999657273 0.007251896429806948 0.04371784470230341
v 0.04931999999657273 0.007251896429806948 0.04371784470230341
v 0.04931999999657273 0.006851262878626585 0.043913787987083196
v 0.049768998991698024 0.007217997685074806 0.04366699681803584
v 0.04931999999657273 0.006851262878626585 0.043913787987083196
v 0.04982653889432549 0.006826539058238268 0.04383961699157953
v 0.049768998991698024 0.007217997685074806 0.04366699681803584
v 0.049768998991698024 0.007217997685074806 0.04366699681803584
v 0.04982653889432549 0.006826539058238268 0.04383961699157953
v 0.05013491982221603 0.00713491952046752 0.04354237933829427
v 0.04982653889432549 0.006826539058238268 0.04383961699157953
v 0.05021799798682332 0.0067689986899495125 0.04366699681803584
v 0.05013491982221603 0.00713491952046752 0.04354237933829427
v 0.05013491982221603 0.00713491952046752 0.04354237933829427
v 0.05021799798682332 0.0067689986899495125 0.04366699681803584
v 0.050394531577825544 0.0070363543927669525 0.04339453141391277
v 0.05021799798682332 0.0067689986899495125 0.04366699681803584
v 0.05047625513374805 0.006705418229103088 0.04347625543549657
v 0.050394531577825544 0.0070363543927669525 0.04339453141391277
v 0.03752374486625194 0.006705418229103088 0.04347625543549657
v 0.03749206080660224 0.006320000160485506 0.043507939495146274
v 0.03778200201317668 0.0067689986899495125 0.04366699681803584
v 0.03749206080660224 0.006320000160485506 0.043507939495146274
v 0.03774810373410582 0.006320000160485506 0.04371784470230341
v 0.03778200201317668 0.0067689986899495125 0.04366699681803584
v 0.03778200201317668 0.0067689986899495125 0.04366699681803584
v 0.03774810373410582 0.006320000160485506 0.04371784470230341
v 0.0381734611056745 0.006826539058238268 0.04383961699157953
v 0.03774810373410582 0.006320000160485506 0.04371784470230341
v 0.038148737285286186 0.006320000160485506 0.043913787987083196
v 0.0381734611056745 0.006826539058238268 0.04383961699157953
v 0.0381734611056745 0.006826539058238268 0.04383961699157953
v 0.038148737285286186 0.006320000160485506 0.043913787987083196
v 0.038680000003427265 0.006851262878626585 0.043913787987083196
v 0.038148737285286186 0.006320000160485506 0.043913787987083196
v 0.038680000003427265 0.006320000160485506 0.04400000005215406
v 0.038680000003427265 0.006851262878626585 0.043913787987083196
v 0.038680000003427265 0.006851262878626585 0.043913787987083196
v 0.038680000003427265 0.006320000160485506 0.04400000005215406
v 0.04931999999657273 0.006851262878626585 0.043913787987083196
v 0.038680000003427265 0.006320000160485506 0.04400000005215406
v 0.04931999999657273 0.006320000160485506 0.04400000005215406
v 0.04931999999657273 0.006851262878626585 0.043913787987083196
v 0.04931999999657273 0.006851262878626585 0.043913787987083196
v 0.04931999999657273 0.006320000160485506 0.04400000005215406
v 0.04982653889432549 0.006826539058238268 0.04383961699157953
v 0.04931999999657273 0.006320000160485506 0.04400000005215406
v 0.04985126271471381 0.006320000160485506 0.043913787987083196
v 0.04982653889432549 0.006826539058238268 0.04383961699157953
v 0.04982653889432549 0.006826539058238268 0.04383961699157953
v 0.04985126271471381 0.006320000160485506 0.043913787987083196
v 0.05021799798682332 0.0067689986899495125 0.04366699681803584
v 0.04985126271471381 0.006320000160485506 0.043913787987083196
v 0.05025189626589417 0.006320000160485506 0.04371784470230341
v 0.05021799798682332 0.0067689986899495125 0.04366699681803584
v 0.05021799798682332 0.0067689986899495125 0.04366699681803584
v 0.05025189626589417 0.006320000160485506 0.04371784470230341
v 0.05047625513374805 0.006705418229103088 0.04347625543549657
v 0.05025189626589417 0.006320000160485506 0.04371784470230341
v 0.05050793919339776 0.006320000160485506 0.043507939495146274
v 0.05047625513374805 0.006705418229103088 0.04347625543549657
v 0.03749206080660224 0.006320000160485506 0.043507939495146274
v 0.03749206080660224 -0.006320000160485506 0.043507939495146274
v 0.03774810373410582 0.006320000160485506 0.04371784470230341
v 0.03749206080660224 -0.006320000160485506 0.043507939495146274
v 0.03774810373410582 -0.006320000160485506 0.04371784470230341
v 0.03774810373410582 0.006320000160485506 0.04371784470230341
v 0.03774810373410582 0.006320000160485506 0.04371784470230341
v 0.03774810373410582 -0.006320000160485506 0.04371784470230341
v 0.038148737285286186 0.006320000160485506 0.043913787987083196
v 0.03774810373410582 -0.006320000160485506 0.04371784470230341
v 0.038148737285286186 -0.006320000160485506 0.043913787987083196
v 0.038148737285286186 0.006320000160485506 0.043913787987083196
v 0.038148737285286186 0.006320000160485506 0.043913787987083196
v 0.038148737285286186 -0.006320000160485506 0.043913787987083196
v 0.038680000003427265 0.006320000160485506 0.04400000005215406
v 0.038148737285286186 -0.006320000160485506 0.043913787987083196
v 0.038680000003427265 -0.006320000160485506 0.04400000005215406
v 0.038680000003427265 0.006320000160485506 0.04400000005215406
v 0.038680000003427265 0.006320000160485506 0.04400000005215406
v 0.038680000003427265 -0.006320000160485506 0.04400000005215406
v 0.04931999999657273 0.006320000160485506 0.04400000005215406
v 0.038680000003427265 -0.006320000160485506 0.04400000005215406
v 0.04931999999657273 -0.006320000160485506 0.04400000005215406
v 0.04931999999657273 0.006320000160485506 0.04400000005215406
v 0.04931999999657273 0.006320000160485506 0.04400000005215406
v 0.04931999999657273 -0.006320000160485506 0.04400000005215406
v 0.04985126271471381 0.006320000160485506 0.043913787987083196
v 0.04931999999657273 -0.006320000160485506 0.04400000005215406
v 0.04985126271471381 -0.006320000160485506 0.043913787987083196
v 0.04985126271471381 0.006320000160485506 0.043913787987083196
v 0.04985126271471381 0.006320000160485506 0.043913787987083196
v 0.04985126271471381 -0.006320000160485506 0.043913787987083196
v 0.05025189626589417 0.006320000160485506 0.04371784470230341
v 0.04985126271471381 -0.006320000160485506 0.043913787987083196
v 0.05025189626589417 -0.006320000160485506 0.04371784470230341
v 0.05025189626589417 0.006320000160485506 0.04371784470230341
v 0.05025189626589417 0.006320000160485506 0.04371784470230341
v 0.05025189626589417 -0.006320000160485506 0.04371784470230341
v 0.05050793919339776 0.006320000160485506 0.043507939495146274
v 0.05025189626589417 -0.006320000160485506 0.04371784470230341
v 0.05050793919339776 -0.006320000160485506 0.043507939495146274
v 0.05050793919339776 0.006320000160485506 0.043507939495146274
v 0.03749206080660224 -0.006320000160485506 0.043507939495146274
v 0.03752374486625194 -0.006705418229103088 0.04347625543549657
v 0.03774810373410582 -0.006320000160485506 0.04371784470230341
v 0.03752374486625194 -0.006705418229103088 0.04347625543549657
v 0.03778200201317668 -0.0067689986899495125 0.04366699681803584
v 0.03774810373410582 -0.006320000160485506 0.04371784470230341
v 0.03774810373410582 -0.006320000160485506 0.04371784470230341
v 0.03778200201317668 -0.0067689986899495125 0.04366699681803584
v 0.038148737285286186 -0.006320000160485506 0.043913787987083196
v 0.03778200201317668 -0.0067689986899495125 0.04366699681803584
v 0.0381734611056745 -0.006826539058238268 0.04383961699157953
v 0.038148737285286186 -0.006320000160485506 0.043913787987083196
v 0.038148737285286186 -0.006320000160485506 0.043913787987083196
v 0.0381734611056745 -0.006826539058238268 0.04383961699157953
v 0.038680000003427265 -0.006320000160485506 0.04400000005215406
v 0.0381734611056745 -0.006826539058238268 0.04383961699157953
v 0.038680000003427265 -0.006851262878626585 0.043913787987083196
v 0.038680000003427265 -0.006320000160485506 0.04400000005215406
v 0.038680000003427265 -0.006320000160485506 0.04400000005215406
v 0.038680000003427265 -0.006851262878626585 0.043913787987083196
v 0.04931999999657273 -0.006320000160485506 0.04400000005215406
v 0.038680000003427265 -0.006851262878626585 0.043913787987083196
v 0.04931999999657273 -0.006851262878626585 0.043913787987083196
v 0.04931999999657273 -0.006320000160485506 0.04400000005215406
v 0.04931999999657273 -0.006320000160485506 0.04400000005215406
v 0.04931999999657273 -0.006851262878626585 0.043913787987083196
v 0.04985126271471381 -0.006320000160485506 0.043913787987083196
v 0.04931999999657273 -0.006851262878626585 0.043913787987083196
v 0.04982653889432549 -0.006826539058238268 0.04383961699157953
v 0.04985126271471381 -0.006320000160485506 0.043913787987083196
v 0.04985126271471381 -0.006320000160485506 0.043913787987083196
v 0.04982653889432549 -0.006826539058238268 0.04383961699157953
v 0.05025189626589417 -0.006320000160485506 0.04371784470230341
v 0.04982653889432549 -0.006826539058238268 0.04383961699157953
v 0.05021799798682332 -0.0067689986899495125 0.04366699681803584
v 0.05025189626589417 -0.006320000160485506 0.04371784470230341
v 0.05025189626589417 -0.006320000160485506 0.04371784470230341
v 0.05021799798682332 -0.0067689986899495125 0.04366699681803584
v 0.05050793919339776 -0.006320000160485506 0.043507939495146274
v 0.05021799798682332 -0.0067689986899495125 0.04366699681803584
v 0.05047625513374805 -0.006705418229103088 0.04347625543549657
v 0.05050793919339776 -0.006320000160485506 0.043507939495146274
v 0.03752374486625194 -0.006705418229103088 0.04347625543549657
v 0.03760546842217445 -0.0070363543927669525 0.04339453141391277
v 0.03778200201317668 -0.0067689986899495125 0.04366699681803584
v 0.03760546842217445 -0.0070363543927669525 0.04339453141391277
v 0.037865080177783964 -0.00713491952046752 0.04354237933829427
v 0.03778200201317668 -0.0067689986899495125 0.04366699681803584
v 0.03778200201317668 -0.0067689986899495125 0.04366699681803584
v 0.037865080177783964 -0.00713491952046752 0.04354237933829427
v 0.0381734611056745 -0.006826539058238268 0.04383961699157953
v 0.037865080177783964 -0.00713491952046752 0.04354237933829427
v 0.03823100100830197 -0.007217997685074806 0.04366699681803584
v 0.0381734611056745 -0.006826539058238268 0.04383961699157953
v 0.0381734611056745 -0.006826539058238268 0.04383961699157953
v 0.03823100100830197 -0.007217997685074806 0.04366699681803584
v 0.038680000003427265 -0.006851262878626585 0.043913787987083196
v 0.03823100100830197 -0.007217997685074806 0.04366699681803584
v 0.038680000003427265 -0.007251896429806948 0.04371784470230341
v 0.038680000003427265 -0.006851262878626585 0.043913787987083196
v 0.038680000003427265 -0.006851262878626585 0.043913787987083196
v 0.038680000003427265 -0.007251896429806948 0.04371784470230341
v 0.04931999999657273 -0.006851262878626585 0.043913787987083196
v 0.038680000003427265 -0.007251896429806948 0.04371784470230341
v 0.04931999999657273 -0.007251896429806948 0.04371784470230341
v 0.04931999999657273 -0.006851262878626585 0.043913787987083196
v 0.04931999999657273 -0.006851262878626585 0.043913787987083196
v 0.04931999999657273 -0.007251896429806948 0.04371784470230341
v 0.04982653889432549 -0.006826539058238268 0.04383961699157953
v 0.04931999999657273 -0.007251896429806948 0.04371784470230341
v 0.049768998991698024 -0.007217997685074806 0.04366699681803584
v 0.04982653889432549 -0.006826539058238268 0.04383961699157953
v 0.04982653889432549 -0.006826539058238268 0.04383961699157953
v 0.049768998991698024 -0.007217997685074806 0.04366699681803584
v 0.05021799798682332 -0.0067689986899495125 0.04366699681803584
v 0.049768998991698024 -0.007217997685074806 0.04366699681803584
v 0.05013491982221603 -0.00713491952046752 0.04354237933829427
v 0.05021799798682332 -0.0067689986899495125 0.04366699681803584
v 0.05021799798682332 -0.0067689986899495125 0.04366699681803584
v 0.05013491982221603 -0.00713491952046752 0.04354237933829427
v 0.05047625513374805 -0.006705418229103088 0.04347625543549657
v 0.05013491982221603 -0.00713491952046752 0.04354237933829427
v 0.050394531577825544 -0.0070363543927669525 0.04339453141391277
v 0.05047625513374805 -0.006705418229103088 0.04347625543549657
v 0.03760546842217445 -0.0070363543927669525 0.04339453141391277
v 0.037710051756352184 -0.007289948407560587 0.04328994854539633
v 0.037865080177783964 -0.00713491952046752 0.04354237933829427
v 0.037710051756352184 -0.007289948407560587 0.04328994854539633
v 0.03796364577114582 -0.007394531741738319 0.04339453141391277
v 0.037865080177783964 -0.00713491952046752 0.04354237933829427
v 0.037865080177783964 -0.00713491952046752 0.04354237933829427
v 0.03796364577114582 -0.007394531741738319 0.04339453141391277
v 0.03823100100830197 -0.007217997685074806 0.04366699681803584
v 0.03796364577114582 -0.007394531741738319 0.04339453141391277
v 0.038294581469148395 -0.007476255297660828 0.04347625543549657
v 0.03823100100830197 -0.007217997685074806 0.04366699681803584
v 0.03823100100830197 -0.007217997685074806 0.04366699681803584
v 0.038294581469148395 -0.007476255297660828 0.04347625543549657
v 0.038680000003427265 -0.007251896429806948 0.04371784470230341
v 0.038294581469148395 -0.007476255297660828 0.04347625543549657
v 0.038680000003427265 -0.0075079393573105335 0.043507939495146274
v 0.038680000003427265 -0.007251896429806948 0.04371784470230341
v 0.038680000003427265 -0.007251896429806948 0.04371784470230341
v 0.038680000003427265 -0.0075079393573105335 0.043507939495146274
v 0.04931999999657273 -0.007251896429806948 0.04371784470230341
v 0.038680000003427265 -0.0075079393573105335 0.043507939495146274
v 0.04931999999657273 -0.0075079393573105335 0.043507939495146274
v 0.04931999999657273 -0.007251896429806948 0.04371784470230341
v 0.04931999999657273 -0.007251896429806948 0.04371784470230341
v 0.04931999999657273 -0.0075079393573105335 0.043507939495146274
v 0.049768998991698024 -0.007217997685074806 0.04366699681803584
v 0.04931999999657273 -0.0075079393573105335 0.043507939495146274
v 0.0497054185308516 -0.007476255297660828 0.04347625543549657
v 0.049768998991698024 -0.007217997685074806 0.04366699681803584
v 0.049768998991698024 -0.007217997685074806 0.04366699681803584
v 0.0497054185308516 -0.007476255297660828 0.04347625543549657
v 0.05013491982221603 -0.00713491952046752 0.04354237933829427
v 0.0497054185308516 -0.007476255297660828 0.04347625543549657
v 0.05003635422885418 -0.007394531741738319 0.04339453141391277
v 0.05013491982221603 -0.00713491952046752 0.04354237933829427
v 0.05013491982221603 -0.00713491952046752 0.04354237933829427
v 0.05003635422885418 -0.007394531741738319 0.04339453141391277
v 0.050394531577825544 -0.0070363543927669525 0.04339453141391277
v 0.05003635422885418 -0.007394531741738319 0.04339453141391277
v 0.05028994824364781 -0.007289948407560587 0.04328994854539633
v 0.050394531577825544 -0.0070363543927669525 0.04339453141391277
v 0.05028994824364781 0.007289948407560587 0.03271005145460367
v 0.050394531577825544 0.0070363543927669525 0.032605468586087226
v 0.05003635422885418 0.007394531741738319 0.032605468586087226
v 0.050394531577825544 0.0070363543927669525 0.032605468586087226
v 0.05013491982221603 0.00713491952046752 0.03245762066170573
v 0.05003635422885418 0.007394531741738319 0.032605468586087226
v 0.05003635422885418 0.007394531741738319 0.032605468586087226
v 0.05013491982221603 0.00713491952046752 0.03245762066170573
v 0.0497054185308516 0.007476255297660828 0.03252374456450343
v 0.05013491982221603 0.00713491952046752 0.03245762066170573
v 0.049768998991698024 0.007217997685074806 0.03233300318196416
v 0.0497054185308516 0.007476255297660828 0.03252374456450343
v 0.0497054185308516 0.007476255297660828 0.03252374456450343
v 0.049768998991698024 0.007217997685074806 0.03233300318196416
v 0.04931999999657273 0.0075079393573105335 0.032492060504853724
v 0.049768998991698024 0.007217997685074806 0.03233300318196416
v 0.04931999999657273 0.007251896429806948 0.03228215529769659
v 0.04931999999657273 0.0075079393573105335 0.032492060504853724
v 0.04931999999657273 0.0075079393573105335 0.032492060504853724
v 0.04931999999657273 0.007251896429806948 0.03228215529769659
v 0.038680000003427265 0.0075079393573105335 0.032492060504853724
v 0.04931999999657273 0.007251896429806948 0.03228215529769659
v 0.038680000003427265 0.007251896429806948 0.03228215529769659
v 0.038680000003427265 0.0075079393573105335 0.032492060504853724
v 0.038680000003427265 0.0075079393573105335 0.032492060504853724
v 0.038680000003427265 0.007251896429806948 0.03228215529769659
v 0.038294581469148395 0.007476255297660828 0.03252374456450343
v 0.038680000003427265 0.007251896429806948 0.03228215529769659
v 0.03823100100830197 0.007217997685074806 0.03233300318196416
v 0.038294581469148395 0.007476255297660828 0.03252374456450343
v 0.038294581469148395 0.007476255297660828 0.03252374456450343
v 0.03823100100830197 0.007217997685074806 0.03233300318196416
v 0.03796364577114582 0.007394531741738319 0.032605468586087226
v 0.03823100100830197 0.007217997685074806 0.03233300318196416
v 0.037865080177783964 0.00713491952046752 0.03245762066170573
v 0.03796364577114582 0.007394531741738319 0.032605468586087226
v 0.03796364577114582 0.007394531741738319 0.032605468586087226
v 0.037865080177783964 0.00713491952046752 0.03245762066170573
v 0.037710051756352184 0.007289948407560587 0.03271005145460367
v 0.037865080177783964 0.00713491952046752 0.03245762066170573
v 0.03760546842217445 0.0070363543927669525 0.032605468586087226
v 0.037710051756352184 0.007289948407560587 0.03271005145460367
v 0.050394531577825544 0.0070363543927669525 0.032605468586087226
v 0.05047625513374805 0.006705418229103088 0.03252374456450343
v 0.05013491982221603 0.00713491952046752 0.03245762066170573
v 0.05047625513374805 0.006705418229103088 0.03252374456450343
v 0.05021799798682332 0.0067689986899495125 0.03233300318196416
v 0.05013491982221603 0.00713491952046752 0.03245762066170573
v 0.05013491982221603 0.00713491952046752 0.03245762066170573
v 0.05021799798682332 0.0067689986899495125 0.03233300318196416
v 0.049768998991698024 0.007217997685074806 0.03233300318196416
v 0.05021799798682332 0.0067689986899495125 0.03233300318196416
v 0.04982653889432549 0.006826539058238268 0.032160383008420466
v 0.049768998991698024 0.007217997685074806 0.03233300318196416
v 0.049768998991698024 0.007217997685074806 0.03233300318196416
v 0.04982653889432549 0.006826539058238268 0.032160383008420466
v 0.04931999999657273 0.007251896429806948 0.03228215529769659
v 0.04982653889432549 0.006826539058238268 0.032160383008420466
v 0.04931999999657273 0.006851262878626585 0.0320862120129168
v 0.04931999999657273 0.007251896429806948 0.03228215529769659
v 0.04931999999657273 0.007251896429806948 0.03228215529769659
v 0.04931999999657273 0.006851262878626585 0.0320862120129168
v 0.038680000003427265 0.007251896429806948 0.03228215529769659
v 0.04931999999657273 0.006851262878626585 0.0320862120129168
v 0.038680000003427265 0.006851262878626585 0.0320862120129168
v 0.038680000003427265 0.007251896429806948 0.03228215529769659
v 0.038680000003427265 0.007251896429806948 0.03228215529769659
v 0.038680000003427265 0.006851262878626585 0.0320862120129168
v 0.03823100100830197 0.007217997685074806 0.03233300318196416
v 0.038680000003427265 0.006851262878626585 0.0320862120129168
v 0.0381734611056745 0.006826539058238268 0.032160383008420466
v 0.03823100100830197 0.007217997685074806 0.03233300318196416
v 0.03823100100830197 0.007217997685074806 0.03233300318196416
v 0.0381734611056745 0.006826539058238268 0.032160383008420466
v 0.037865080177783964 0.00713491952046752 0.03245762066170573
v 0.0381734611056745 0.006826539058238268 0.032160383008420466
v 0.03778200201317668 0.0067689986899495125 0.03233300318196416
v 0.037865080177783964 0.00713491952046752 0.03245762066170573
v 0.037865080177783964 0.00713491952046752 0.03245762066170573
v 0.03778200201317668 0.0067689986899495125 0.03233300318196416
v 0.03760546842217445 0.0070363543927669525 0.032605468586087226
v 0.03778200201317668 0.0067689986899495125 0.03233300318196416
v 0.03752374486625194 0.006705418229103088 0.03252374456450343
v 0.03760546842217445 0.0070363543927669525 0.032605468586087226
v 0.05047625513374805 0.006705418229103088 0.03252374456450343
v 0.05050793919339776 0.006320000160485506 0.032492060504853724
v 0.05021799798682332 0.0067689986899495125 0.03233300318196416
v 0.05050793919339776 0.006320000160485506 0.032492060504853724
v 0.05025189626589417 0.006320000160485506 0.03228215529769659
v 0.05021799798682332 0.0067689986899495125 0.03233300318196416
v 0.05021799798682332 0.0067689986899495125 0.03233300318196416
v 0.05025189626589417 0.006320000160485506 0.03228215529769659
v 0.04982653889432549 0.006826539058238268 0.032160383008420466
v 0.05025189626589417 0.006320000160485506 0.03228215529769659
v 0.04985126271471381 0.006320000160485506 0.0320862120129168
v 0.04982653889432549 0.006826539058238268 0.032160383008420466
v 0.04982653889432549 0.006826539058238268 0.032160383008420466
v 0.04985126271471381 0.006320000160485506 0.0320862120129168
v 0.04931999999657273 0.006851262878626585 0.0320862120129168
v 0.04985126271471381 0.006320000160485506 0.0320862120129168
v 0.04931999999657273 0.006320000160485506 0.031999999947845935
v 0.04931999999657273 0.006851262878626585 0.0320862120129168
v 0.04931999999657273 0.006851262878626585 0.0320862120129168
v 0.04931999999657273 0.006320000160485506 0.031999999947845935
v 0.038680000003427265 0.006851262878626585 0.0320862120129168
v 0.04931999999657273 0.006320000160485506 0.031999999947845935
v 0.038680000003427265 0.006320000160485506 0.031999999947845935
v 0.038680000003427265 0.006851262878626585 0.0320862120129168
v 0.038680000003427265 0.006851262878626585 0.0320862120129168
v 0.038680000003427265 0.006320000160485506 0.031999999947845935
v 0.0381734611056745 0.006826539058238268 0.032160383008420466
v 0.038680000003427265 0.006320000160485506 0.031999999947845935
v 0.038148737285286186 0.006320000160485506 0.0320862120129168
v 0.0381734611056745 0.006826539058238268 0.032160383008420466
v 0.0381734611056745 0.006826539058238268 0.032160383008420466
v 0.038148737285286186 0.006320000160485506 0.0320862120129168
v 0.03778200201317668 0.0067689986899495125 0.03233300318196416
v 0.038148737285286186 0.006320000160485506 0.0320862120129168
v 0.03774810373410582 0.006320000160485506 0.03228215529769659
v 0.03778200201317668 0.0067689986899495125 0.03233300318196416
v 0.03778200201317668 0.0067689986899495125 0.03233300318196416
v 0.03774810373410582 0.006320000160485506 0.03228215529769659
v 0.03752374486625194 0.006705418229103088 0.03252374456450343
v 0.03774810373410582 0.006320000160485506 0.03228215529769659
v 0.03749206080660224 0.006320000160485506 0.032492060504853724
v 0.03752374486625194 0.006705418229103088 0.03252374456450343
v 0.05050793919339776 0.006320000160485506 0.032492060504853724
v 0.05050793919339776 -0.006320000160485506 0.032492060504853724
v 0.05025189626589417 0.006320000160485506 0.03228215529769659
v 0.05050793919339776 -0.006320000160485506 0.032492060504853724
v 0.05025189626589417 -0.006320000160485506 0.03228215529769659
v 0.05025189626589417 0.006320000160485506 0.03228215529769659
v 0.05025189626589417 0.006320000160485506 0.03228215529769659
v 0.05025189626589417 -0.006320000160485506 0.03228215529769659
v 0.04985126271471381 0.006320000160485506 0.0320862120129168
v 0.05025189626589417 -0.006320000160485506 0.03228215529769659
v 0.04985126271471381 -0.006320000160485506 0.0320862120129168
v 0.04985126271471381 0.006320000160485506 0.0320862120129168
v 0.04985126271471381 0.006320000160485506 0.0320862120129168
v 0.04985126271471381 -0.006320000160485506 0.0320862120129168
v 0.04931999999657273 0.006320000160485506 0.031999999947845935
v 0.04985126271471381 -0.006320000160485506 0.0320862120129168
v 0.04931999999657273 -0.006320000160485506 0.031999999947845935
v 0.04931999999657273 0.006320000160485506 0.031999999947845935
v 0.04931999999657273 0.006320000160485506 0.031999999947845935
v 0.04931999999657273 -0.006320000160485506 0.031999999947845935
v 0.038680000003427265 0.006320000160485506 0.031999999947845935
v 0.04931999999657273 -0.006320000160485506 0.031999999947845935
v 0.038680000003427265 -0.006320000160485506 0.031999999947845935
v 0.038680000003427265 0.006320000160485506 0.031999999947845935
v 0.038680000003427265 0.006320000160485506 0.031999999947845935
v 0.038680000003427265 -0.006320000160485506 0.031999999947845935
v 0.038148737285286186 0.006320000160485506 0.0320862120129168
v 0.038680000003427265 -0.006320000160485506 0.031999999947845935
v 0.038148737285286186 -0.006320000160485506 0.0320862120129168
v 0.038148737285286186 0.006320000160485506 0.0320862120129168
v 0.038148737285286186 0.006320000160485506 0.0320862120129168
v 0.038148737285286186 -0.006320000160485506 0.0320862120129168
v 0.03774810373410582 0.006320000160485506 0.03228215529769659
v 0.038148737285286186 -0.006320000160485506 0.0320862120129168
v 0.03774810373410582 -0.006320000160485506 0.03228215529769659
v 0.03774810373410582 0.006320000160485506 0.03228215529769659
v 0.03774810373410582 0.006320000160485506 0.03228215529769659
v 0.03774810373410582 -0.006320000160485506 0.03228215529769659
v 0.03749206080660224 0.006320000160485506 0.032492060504853724
v 0.03774810373410582 -0.006320000160485506 0.03228215529769659
v 0.03749206080660224 -0.006320000160485506 0.032492060504853724
v 0.03749206080660224 0.006320000160485506 0.032492060504853724
v 0.05050793919339776 -0.006320000160485506 0.032492060504853724
v 0.05047625513374805 -0.006705418229103088 0.03252374456450343
v 0.05025189626589417 -0.006320000160485506 0.03228215529769659
v 0.05047625513374805 -0.006705418229103088 0.03252374456450343
v 0.05021799798682332 -0.0067689986899495125 0.03233300318196416
v 0.05025189626589417 -0.006320000160485506 0.03228215529769659
v 0.05025189626589417 -0.006320000160485506 0.03228215529769659
v 0.05021799798682332 -0.0067689986899495125 0.03233300318196416
v 0.04985126271471381 -0.006320000160485506 0.0320862120129168
v 0.05021799798682332 -0.0067689986899495125 0.03233300318196416
v 0.04982653889432549 -0.006826539058238268 0.032160383008420466
v 0.04985126271471381 -0.006320000160485506 0.0320862120129168
v 0.04985126271471381 -0.006320000160485506 0.0320862120129168
v 0.04982653889432549 -0.006826539058238268 0.032160383008420466
v 0.04931999999657273 -0.006320000160485506 0.031999999947845935
v 0.04982653889432549 -0.006826539058238268 0.032160383008420466
v 0.04931999999657273 -0.006851262878626585 0.0320862120129168
v 0.04931999999657273 -0.006320000160485506 0.031999999947845935
v 0.04931999999657273 -0.006320000160485506 0.031999999947845935
v 0.04931999999657273 -0.006851262878626585 0.0320862120129168
v 0.038680000003427265 -0.006320000160485506 0.031999999947845935
v 0.04931999999657273 -0.006851262878626585 0.0320862120129168
v 0.038680000003427265 -0.006851262878626585 0.0320862120129168
v 0.038680000003427265 -0.006320000160485506 0.031999999947845935
v 0.038680000003427265 -0.006320000160485506 0.031999999947845935
v 0.038680000003427265 -0.006851262878626585 0.0320862120129168
v 0.038148737285286186 -0.006320000160485506 0.0320862120129168
v 0.038680000003427265 -0.006851262878626585 0.0320862120129168
v 0.0381734611056745 -0.006826539058238268 0.032160383008420466
v 0.038148737285286186 -0.006320000160485506 0.0320862120129168
v 0.038148737285286186 -0.006320000160485506 0.0320862120129168
v 0.0381734611056745 -0.006826539058238268 0.032160383008420466
v 0.03774810373410582 -0.006320000160485506 0.03228215529769659
v 0.0381734611056745 -0.006826539058238268 0.032160383008420466
v 0.03778200201317668 -0.0067689986899495125 0.03233300318196416
v 0.03774810373410582 -0.006320000160485506 0.03228215529769659
v 0.03774810373410582 -0.006320000160485506 0.03228215529769659
v 0.03778200201317668 -0.0067689986899495125 0.03233300318196416
v 0.03749206080660224 -0.006320000160485506 0.032492060504853724
v 0.03778200201317668 -0.0067689986899495125 0.03233300318196416
v 0.03752374486625194 -0.006705418229103088 0.03252374456450343
v 0.03749206080660224 -0.006320000160485506 0.032492060504853724
v 0.05047625513374805 -0.006705418229103088 0.03252374456450343
v 0.050394531577825544 -0.0070363543927669525 0.032605468586087226
v 0.05021799798682332 -0.0067689986899495125 0.03233300318196416
v 0.050394531577825544 -0.0070363543927669525 0.032605468586087226
v 0.05013491982221603 -0.00713491952046752 0.03245762066170573
v 0.05021799798682332 -0.0067689986899495125 0.03233300318196416
v 0.05021799798682332 -0.0067689986899495125 0.03233300318196416
v 0.05013491982221603 -0.00713491952046752 0.03245762066170573
v 0.04982653889432549 -0.006826539058238268 0.032160383008420466
v 0.05013491982221603 -0.00713491952046752 0.03245762066170573
v 0.049768998991698024 -0.007217997685074806 0.03233300318196416
v 0.04982653889432549 -0.006826539058238268 0.032160383008420466
v 0.04982653889432549 -0.006826539058238268 0.032160383008420466
v 0.049768998991698024 -0.007217997685074806 0.03233300318196416
v 0.04931999999657273 -0.006851262878626585 0.0320862120129168
v 0.049768998991698024 -0.007217997685074806 0.03233300318196416
v 0.04931999999657273 -0.007251896429806948 0.03228215529769659
v 0.04931999999657273 -0.006851262878626585 0.0320862120129168
v 0.04931999999657273 -0.006851262878626585 0.0320862120129168
v 0.04931999999657273 -0.007251896429806948 0.03228215529769659
v 0.038680000003427265 -0.006851262878626585 0.0320862120129168
v 0.04931999999657273 -0.007251896429806948 0.03228215529769659
v 0.038680000003427265 -0.007251896429806948 0.03228215529769659
v 0.038680000003427265 -0.006851262878626585 0.0320862120129168
v 0.038680000003427265 -0.006851262878626585 0.0320862120129168
v 0.038680000003427265 -0.007251896429806948 0.03228215529769659
v 0.0381734611056745 -0.006826539058238268 0.032160383008420466
v 0.038680000003427265 -0.007251896429806948 0.03228215529769659
v 0.03823100100830197 -0.007217997685074806 0.03233300318196416
v 0.0381734611056745 -0.006826539058238268 0.032160383008420466
v 0.0381734611056745 -0.006826539058238268 0.032160383008420466
v 0.03823100100830197 -0.007217997685074806 0.03233300318196416
v 0.03778200201317668 -0.0067689986899495125 0.03233300318196416
v 0.03823100100830197 -0.007217997685074806 0.03233300318196416
v 0.037865080177783964 -0.00713491952046752 0.03245762066170573
v 0.03778200201317668 -0.0067689986899495125 0.03233300318196416
v 0.03778200201317668 -0.0067689986899495125 0.03233300318196416
v 0.037865080177783964 -0.00713491952046752 0.03245762066170573
v 0.03752374486625194 -0.006705418229103088 0.03252374456450343
v 0.037865080177783964 -0.00713491952046752 0.03245762066170573
v 0.03760546842217445 -0.0070363543927669525 0.032605468586087226
v 0.03752374486625194 -0.006705418229103088 0.03252374456450343
v 0.050394531577825544 -0.0070363543927669525 0.032605468586087226
v 0.05028994824364781 -0.007289948407560587 0.03271005145460367
v 0.05013491982221603 -0.00713491952046752 0.03245762066170573
v 0.05028994824364781 -0.007289948407560587 0.03271005145460367
v 0.05003635422885418 -0.007394531741738319 0.032605468586087226
v 0.05013491982221603 -0.00713491952046752 0.03245762066170573
v 0.05013491982221603 -0.00713491952046752 0.03245762066170573
v 0.05003635422885418 -0.007394531741738319 0.032605468586087226
v 0.049768998991698024 -0.007217997685074806 0.03233300318196416
v 0.05003635422885418 -0.007394531741738319 0.032605468586087226
v 0.0497054185308516 -0.007476255297660828 0.03252374456450343
v 0.049768998991698024 -0.007217997685074806 0.03233300318196416
v 0.049768998991698024 -0.007217997685074806 0.03233300318196416
v 0.0497054185308516 -0.007476255297660828 0.03252374456450343
v 0.04931999999657273 -0.007251896429806948 0.03228215529769659
v 0.0497054185308516 -0.007476255297660828 0.03252374456450343
v 0.04931999999657273 -0.0075079393573105335 0.032492060504853724
v 0.04931999999657273 -0.007251896429806948 0.03228215529769659
v 0.04931999999657273 -0.007251896429806948 0.03228215529769659
v 0.04931999999657273 -0.0075079393573105335 0.032492060504853724
v 0.038680000003427265 -0.007251896429806948 0.03228215529769659
v 0.04931999999657273 -0.0075079393573105335 0.032492060504853724
v 0.038680000003427265 -0.0075079393573105335 0.032492060504853724
v 0.038680000003427265 -0.007251896429806948 0.03228215529769659
v 0.038680000003427265 -0.007251896429806948 0.03228215529769659
v 0.038680000003427265 -0.0075079393573105335 0.032492060504853724
v 0.03823100100830197 -0.007217997685074806 0.03233300318196416
v 0.038680000003427265 -0.0075079393573105335 0.032492060504853724
v 0.038294581469148395 -0.007476255297660828 0.03252374456450343
v 0.03823100100830197 -0.007217997685074806 0.03233300318196416
v 0.03823100100830197 -0.007217997685074806 0.03233300318196416
v 0.038294581469148395 -0.007476255297660828 0.03252374456450343
v 0.037865080177783964 -0.00713491952046752 0.03245762066170573
v 0.038294581469148395 -0.007476255297660828 0.03252374456450343
v 0.03796364577114582 -0.007394531741738319 0.032605468586087226
v 0.037865080177783964 -0.00713491952046752 0.03245762066170573
v 0.037865080177783964 -0.00713491952046752 0.03245762066170573
v 0.03796364577114582 -0.007394531741738319 0.032605468586087226
v 0.03760546842217445 -0.0070363543927669525 0.032605468586087226
v 0.03796364577114582 -0.007394531741738319 0.032605468586087226
v 0.037710051756352184 -0.007289948407560587 0.03271005145460367
v 0.03760546842217445 -0.0070363543927669525 0.032605468586087226
vt 0 1
vt 0 0.9782953262329102
vt 0.029402105137705803 1
vt 0 0.9782953262329102
vt 0.029402105137705803 0.9782953262329102
vt 0.029402105137705803 1
vt 0.029402105137705803 1
vt 0.029402105137705803 0.9782953262329102
vt 0.06906040012836456 1
vt 0.029402105137705803 0.9782953262329102
vt 0.06906040012836456 0.9782953262329102
vt 0.06906040012836456 1
vt 0.06906040012836456 1
vt 0.06906040012836456 0.9782953262329102
vt 0.11698520928621292 1
vt 0.06906040012836456 0.9782953262329102
vt 0.11698520928621292 0.9782953262329102
vt 0.11698520928621292 1
vt 0.11698520928621292 1
vt 0.11698520928621292 0.9782953262329102
vt 0.8830147981643677 1
vt 0.11698520928621292 0.9782953262329102
vt 0.8830147981643677 0.9782953262329102
vt 0.8830147981643677 1
vt 0.8830147981643677 1
vt 0.8830147981643677 0.9782953262329102
vt 0.9309396147727966 1
vt 0.8830147981643677 0.9782953262329102
vt 0.9309396147727966 0.9782953262329102
vt 0.9309396147727966 1
vt 0.9309396147727966 1
vt 0.9309396147727966 0.9782953262329102
vt 0.9705979228019714 1
vt 0.9309396147727966 0.9782953262329102
vt 0.9705979228019714 0.9782953262329102
vt 0.9705979228019714 1
vt 0.9705979228019714 1
vt 0.9705979228019714 0.9782953262329102
vt 1 1
vt 0.9705979228019714 0.9782953262329102
vt 1 0.9782953262329102
vt 1 1
vt 0 0.9782953262329102
vt 0 0.9490194916725159
vt 0.029402105137705803 0.9782953262329102
vt 0 0.9490194916725159
vt 0.029402105137705803 0.9490194916725159
vt 0.029402105137705803 0.9782953262329102
vt 0.029402105137705803 0.9782953262329102
vt 0.029402105137705803 0.9490194916725159
vt 0.06906040012836456 0.9782953262329102
vt 0.029402105137705803 0.9490194916725159
vt 0.06906040012836456 0.9490194916725159
vt 0.06906040012836456 0.9782953262329102
vt 0.06906040012836456 0.9782953262329102
vt 0.06906040012836456 0.9490194916725159
vt 0.11698520928621292 0.9782953262329102
vt 0.06906040012836456 0.9490194916725159
vt 0.11698520928621292 0.9490194916725159
vt 0.11698520928621292 0.9782953262329102
vt 0.11698520928621292 0.9782953262329102
vt 0.11698520928621292 0.9490194916725159
vt 0.8830147981643677 0.9782953262329102
vt 0.11698520928621292 0.9490194916725159
vt 0.8830147981643677 0.9490194916725159
vt 0.8830147981643677 0.9782953262329102
vt 0.8830147981643677 0.9782953262329102
vt 0.8830147981643677 0.9490194916725159
vt 0.9309396147727966 0.9782953262329102
vt 0.8830147981643677 0.9490194916725159
vt 0.9309396147727966 0.9490194916725159
vt 0.9309396147727966 0.9782953262329102
vt 0.9309396147727966 0.9782953262329102
vt 0.9309396147727966 0.9490194916725159
vt 0.9705979228019714 0.9782953262329102
vt 0.9309396147727966 0.9490194916725159
vt 0.9705979228019714 0.9490194916725159
vt 0.9705979228019714 0.9782953262329102
vt 0.9705979228019714 0.9782953262329102
vt 0.9705979228019714 0.9490194916725159
vt 1 0.9782953262329102
vt 0.9705979228019714 0.9490194916725159
vt 1 0.9490194916725159
vt 1 0.9782953262329102
vt 0 0.9490194916725159
vt 0 0.9136413335800171
vt 0.029402105137705803 0.9490194916725159
vt 0 0.9136413335800171
vt 0.029402105137705803 0.9136413335800171
vt 0.029402105137705803 0.9490194916725159
vt 0.029402105137705803 0.9490194916725159
vt 0.029402105137705803 0.9136413335800171
vt 0.06906040012836456 0.9490194916725159
vt 0.029402105137705803 0.9136413335800171
vt 0.06906040012836456 0.9136413335800171
vt 0.06906040012836456 0.9490194916725159
vt 0.06906040012836456 0.9490194916725159
vt 0.06906040012836456 0.9136413335800171
vt 0.11698520928621292 0.9490194916725159
vt 0.06906040012836456 0.9136413335800171
vt 0.11698520928621292 0.9136413335800171
vt 0.11698520928621292 0.9490194916725159
vt 0.11698520928621292 0.9490194916725159
vt 0.11698520928621292 0.9136413335800171
vt 0.8830147981643677 0.9490194916725159
vt 0.11698520928621292 0.9136413335800171
vt 0.8830147981643677 0.9136413335800171
vt 0.8830147981643677 0.9490194916725159
vt 0.8830147981643677 0.9490194916725159
vt 0.8830147981643677 0.9136413335800171
vt 0.9309396147727966 0.9490194916725159
vt 0.8830147981643677 0.9136413335800171
vt 0.9309396147727966 0.9136413335800171
vt 0.9309396147727966 0.9490194916725159
vt 0.9309396147727966 0.9490194916725159
vt 0.9309396147727966 0.9136413335800171
vt 0.9705979228019714 0.9490194916725159
vt 0.9309396147727966 0.9136413335800171
vt 0.9705979228019714 0.9136413335800171
vt 0.9705979228019714 0.9490194916725159
vt 0.9705979228019714 0.9490194916725159
vt 0.9705979228019714 0.9136413335800171
vt 1 0.9490194916725159
vt 0.9705979228019714 0.9136413335800171
vt 1 0.9136413335800171
vt 1 0.9490194916725159
vt 0 0.9136413335800171
vt 0 0.0863586813211441
vt 0.029402105137705803 0.9136413335800171
vt 0 0.0863586813211441
vt 0.029402105137705803 0.0863586813211441
vt 0.029402105137705803 0.9136413335800171
vt 0.029402105137705803 0.9136413335800171
vt 0.029402105137705803 0.0863586813211441
vt 0.06906040012836456 0.9136413335800171
vt 0.029402105137705803 0.0863586813211441
vt 0.06906040012836456 0.0863586813211441
vt 0.06906040012836456 0.9136413335800171
vt 0.06906040012836456 0.9136413335800171
vt 0.06906040012836456 0.0863586813211441
vt 0.11698520928621292 0.9136413335800171
vt 0.06906040012836456 0.0863586813211441
vt 0.11698520928621292 0.0863586813211441
vt 0.11698520928621292 0.9136413335800171
vt 0.11698520928621292 0.9136413335800171
vt 0.11698520928621292 0.0863586813211441
vt 0.8830147981643677 0.9136413335800171
vt 0.11698520928621292 0.0863586813211441
vt 0.8830147981643677 0.0863586813211441
vt 0.8830147981643677 0.9136413335800171
vt 0.8830147981643677 0.9136413335800171
vt 0.8830147981643677 0.0863586813211441
vt 0.9309396147727966 0.9136413335800171
vt 0.8830147981643677 0.0863586813211441
vt 0.9309396147727966 0.0863586813211441
vt 0.9309396147727966 0.9136413335800171
vt 0.9309396147727966 0.9136413335800171
vt 0.9309396147727966 0.0863586813211441
vt 0.9705979228019714 0.9136413335800171
vt 0.9309396147727966 0.0863586813211441
vt 0.9705979228019714 0.0863586813211441
vt 0.9705979228019714 0.9136413335800171
vt 0.9705979228019714 0.9136413335800171
vt 0.9705979228019714 0.0863586813211441
vt 1 0.9136413335800171
vt 0.9705979228019714 0.0863586813211441
vt 1 0.0863586813211441
vt 1 0.9136413335800171
vt 0 0.0863586813211441
vt 0 0.05098050460219383
vt 0.029402105137705803 0.0863586813211441
vt 0 0.05098050460219383
vt 0.029402105137705803 0.05098050460219383
vt 0.029402105137705803 0.0863586813211441
vt 0.029402105137705803 0.0863586813211441
vt 0.029402105137705803 0.05098050460219383
vt 0.06906040012836456 0.0863586813211441
vt 0.029402105137705803 0.05098050460219383
vt 0.06906040012836456 0.05098050460219383
vt 0.06906040012836456 0.0863586813211441
vt 0.06906040012836456 0.0863586813211441
vt 0.06906040012836456 0.05098050460219383
vt 0.11698520928621292 0.0863586813211441
vt 0.06906040012836456 0.05098050460219383
vt 0.11698520928621292 0.05098050460219383
vt 0.11698520928621292 0.0863586813211441
vt 0.11698520928621292 0.0863586813211441
vt 0.11698520928621292 0.05098050460219383
vt 0.8830147981643677 0.0863586813211441
vt 0.11698520928621292 0.05098050460219383
vt 0.8830147981643677 0.05098050460219383
vt 0.8830147981643677 0.0863586813211441
vt 0.8830147981643677 0.0863586813211441
vt 0.8830147981643677 0.05098050460219383
vt 0.9309396147727966 0.0863586813211441
vt 0.8830147981643677 0.05098050460219383
vt 0.9309396147727966 0.05098050460219383
vt 0.9309396147727966 0.0863586813211441
vt 0.9309396147727966 0.0863586813211441
vt 0.9309396147727966 0.05098050460219383
vt 0.9705979228019714 0.0863586813211441
vt 0.9309396147727966 0.05098050460219383
vt 0.9705979228019714 0.05098050460219383
vt 0.9705979228019714 0.0863586813211441
vt 0.9705979228019714 0.0863586813211441
vt 0.9705979228019714 0.05098050460219383
vt 1 0.0863586813211441
vt 0.9705979228019714 0.05098050460219383
vt 1 0.05098050460219383
vt 1 0.0863586813211441
vt 0 0.05098050460219383
vt 0 0.02170468308031559
vt 0.029402105137705803 0.05098050460219383
vt 0 0.02170468308031559
vt 0.029402105137705803 0.02170468308031559
vt 0.029402105137705803 0.05098050460219383
vt 0.029402105137705803 0.05098050460219383
vt 0.029402105137705803 0.02170468308031559
vt 0.06906040012836456 0.05098050460219383
vt 0.029402105137705803 0.02170468308031559
vt 0.06906040012836456 0.02170468308031559
vt 0.06906040012836456 0.05098050460219383
vt 0.06906040012836456 0.05098050460219383
vt 0.06906040012836456 0.02170468308031559
vt 0.11698520928621292 0.05098050460219383
vt 0.06906040012836456 0.02170468308031559
vt 0.11698520928621292 0.02170468308031559
vt 0.11698520928621292 0.05098050460219383
vt 0.11698520928621292 0.05098050460219383
vt 0.11698520928621292 0.02170468308031559
vt 0.8830147981643677 0.05098050460219383
vt 0.11698520928621292 0.02170468308031559
vt 0.8830147981643677 0.02170468308031559
vt 0.8830147981643677 0.05098050460219383
vt 0.8830147981643677 0.05098050460219383
vt 0.8830147981643677 0.02170468308031559
vt 0.9309396147727966 0.05098050460219383
vt 0.8830147981643677 0.02170468308031559
vt 0.9309396147727966 0.02170468308031559
vt 0.9309396147727966 0.05098050460219383
vt 0.9309396147727966 0.05098050460219383
vt 0.9309396147727966 0.02170468308031559
vt 0.9705979228019714 0.05098050460219383
vt 0.9309396147727966 0.02170468308031559
vt 0.9705979228019714 0.02170468308031559
vt 0.9705979228019714 0.05098050460219383
vt 0.9705979228019714 0.05098050460219383
vt 0.9705979228019714 0.02170468308031559
vt 1 0.05098050460219383
vt 0.9705979228019714 0.02170468308031559
vt 1 0.02170468308031559
vt 1 0.05098050460219383
vt 0 0.02170468308031559
vt 0 0
vt 0.029402105137705803 0.02170468308031559
vt 0 0
vt 0.029402105137705803 0
vt 0.029402105137705803 0.02170468308031559
vt 0.029402105137705803 0.02170468308031559
vt 0.029402105137705803 0
vt 0.06906040012836456 0.02170468308031559
vt 0.029402105137705803 0
vt 0.06906040012836456 0
vt 0.06906040012836456 0.02170468308031559
vt 0.06906040012836456 0.02170468308031559
vt 0.06906040012836456 0
vt 0.11698520928621292 0.02170468308031559
vt 0.06906040012836456 0
vt 0.11698520928621292 0
vt 0.11698520928621292 0.02170468308031559
vt 0.11698520928621292 0.02170468308031559
vt 0.11698520928621292 0
vt 0.8830147981643677 0.02170468308031559
vt 0.11698520928621292 0
vt 0.8830147981643677 0
vt 0.8830147981643677 0.02170468308031559
vt 0.8830147981643677 0.02170468308031559
vt 0.8830147981643677 0
vt 0.9309396147727966 0.02170468308031559
vt 0.8830147981643677 0
vt 0.9309396147727966 0
vt 0.9309396147727966 0.02170468308031559
vt 0.9309396147727966 0.02170468308031559
vt 0.9309396147727966 0
vt 0.9705979228019714 0.02170468308031559
vt 0.9309396147727966 0
vt 0.9705979228019714 0
vt 0.9705979228019714 0.02170468308031559
vt 0.9705979228019714 0.02170468308031559
vt 0.9705979228019714 0
vt 1 0.02170468308031559
vt 0.9705979228019714 0
vt 1 0
vt 1 0.02170468308031559
vt 1.1102230246251565e-16 1
vt 1.1102230246251565e-16 0.9782953262329102
vt 0.029402105137705803 1
vt 1.1102230246251565e-16 0.9782953262329102
vt 0.029402105137705803 0.9782953262329102
vt 0.029402105137705803 1
vt 0.029402105137705803 1
vt 0.029402105137705803 0.9782953262329102
vt 0.06906040012836456 1
vt 0.029402105137705803 0.9782953262329102
vt 0.06906040012836456 0.9782953262329102
vt 0.06906040012836456 1
vt 0.06906040012836456 1
vt 0.06906040012836456 0.9782953262329102
vt 0.11698520928621292 1
vt 0.06906040012836456 0.9782953262329102
vt 0.11698520928621292 0.9782953262329102
vt 0.11698520928621292 1
vt 0.11698520928621292 1
vt 0.11698520928621292 0.9782953262329102
vt 0.8830147981643677 1
vt 0.11698520928621292 0.9782953262329102
vt 0.8830147981643677 0.9782953262329102
vt 0.8830147981643677 1
vt 0.8830147981643677 1
vt 0.8830147981643677 0.9782953262329102
vt 0.9309396147727966 1
vt 0.8830147981643677 0.9782953262329102
vt 0.9309396147727966 0.9782953262329102
vt 0.9309396147727966 1
vt 0.9309396147727966 1
vt 0.9309396147727966 0.9782953262329102
vt 0.9705979228019714 1
vt 0.9309396147727966 0.9782953262329102
vt 0.9705979228019714 0.9782953262329102
vt 0.9705979228019714 1
vt 0.9705979228019714 1
vt 0.9705979228019714 0.9782953262329102
vt 1 1
vt 0.9705979228019714 0.9782953262329102
vt 1 0.9782953262329102
vt 1 1
vt 1.1102230246251565e-16 0.9782953262329102
vt 1.1102230246251565e-16 0.9490194916725159
vt 0.029402105137705803 0.9782953262329102
vt 1.1102230246251565e-16 0.9490194916725159
vt 0.029402105137705803 0.9490194916725159
vt 0.029402105137705803 0.9782953262329102
vt 0.029402105137705803 0.9782953262329102
vt 0.029402105137705803 0.9490194916725159
vt 0.06906040012836456 0.9782953262329102
vt 0.029402105137705803 0.9490194916725159
vt 0.06906040012836456 0.9490194916725159
vt 0.06906040012836456 0.9782953262329102
vt 0.06906040012836456 0.9782953262329102
vt 0.06906040012836456 0.9490194916725159
vt 0.11698520928621292 0.9782953262329102
vt 0.06906040012836456 0.9490194916725159
vt 0.11698520928621292 0.9490194916725159
vt 0.11698520928621292 0.9782953262329102
vt 0.11698520928621292 0.9782953262329102
vt 0.11698520928621292 0.9490194916725159
vt 0.8830147981643677 0.9782953262329102
vt 0.11698520928621292 0.9490194916725159
vt 0.8830147981643677 0.9490194916725159
vt 0.8830147981643677 0.9782953262329102
vt 0.8830147981643677 0.9782953262329102
vt 0.8830147981643677 0.9490194916725159
vt 0.9309396147727966 0.9782953262329102
vt 0.8830147981643677 0.9490194916725159
vt 0.9309396147727966 0.9490194916725159
vt 0.9309396147727966 0.9782953262329102
vt 0.9309396147727966 0.9782953262329102
vt 0.9309396147727966 0.9490194916725159
vt 0.9705979228019714 0.9782953262329102
vt 0.9309396147727966 0.9490194916725159
vt 0.9705979228019714 0.9490194916725159
vt 0.9705979228019714 0.9782953262329102
vt 0.9705979228019714 0.9782953262329102
vt 0.9705979228019714 0.9490194916725159
vt 1 0.9782953262329102
vt 0.9705979228019714 0.9490194916725159
vt 1 0.9490194916725159
vt 1 0.9782953262329102
vt 1.1102230246251565e-16 0.9490194916725159
vt 1.1102230246251565e-16 0.9136413335800171
vt 0.029402105137705803 0.9490194916725159
vt 1.1102230246251565e-16 0.9136413335800171
vt 0.029402105137705803 0.9136413335800171
vt 0.029402105137705803 0.9490194916725159
vt 0.029402105137705803 0.9490194916725159
vt 0.029402105137705803 0.9136413335800171
vt 0.06906040012836456 0.9490194916725159
vt 0.029402105137705803 0.9136413335800171
vt 0.06906040012836456 0.9136413335800171
vt 0.06906040012836456 0.9490194916725159
vt 0.06906040012836456 0.9490194916725159
vt 0.06906040012836456 0.9136413335800171
vt 0.11698520928621292 0.9490194916725159
vt 0.06906040012836456 0.9136413335800171
vt 0.11698520928621292 0.9136413335800171
vt 0.11698520928621292 0.9490194916725159
vt 0.11698520928621292 0.9490194916725159
vt 0.11698520928621292 0.9136413335800171
vt 0.8830147981643677 0.9490194916725159
vt 0.11698520928621292 0.9136413335800171
vt 0.8830147981643677 0.9136413335800171
vt 0.8830147981643677 0.9490194916725159
vt 0.8830147981643677 0.9490194916725159
vt 0.8830147981643677 0.9136413335800171
vt 0.9309396147727966 0.9490194916725159
vt 0.8830147981643677 0.9136413335800171
vt 0.9309396147727966 0.9136413335800171
vt 0.9309396147727966 0.9490194916725159
vt 0.9309396147727966 0.9490194916725159
vt 0.9309396147727966 0.9136413335800171
vt 0.9705979228019714 0.9490194916725159
vt 0.9309396147727966 0.9136413335800171
vt 0.9705979228019714 0.9136413335800171
vt 0.9705979228019714 0.9490194916725159
vt 0.9705979228019714 0.9490194916725159
vt 0.9705979228019714 0.9136413335800171
vt 1 0.9490194916725159
vt 0.9705979228019714 0.9136413335800171
vt 1 0.9136413335800171
vt 1 0.9490194916725159
vt 1.1102230246251565e-16 0.9136413335800171
vt 1.1102230246251565e-16 0.0863586813211441
vt 0.029402105137705803 0.9136413335800171
vt 1.1102230246251565e-16 0.0863586813211441
vt 0.029402105137705803 0.0863586813211441
vt 0.029402105137705803 0.9136413335800171
vt 0.029402105137705803 0.9136413335800171
vt 0.029402105137705803 0.0863586813211441
vt 0.06906040012836456 0.9136413335800171
vt 0.029402105137705803 0.0863586813211441
vt 0.06906040012836456 0.0863586813211441
vt 0.06906040012836456 0.9136413335800171
vt 0.06906040012836456 0.9136413335800171
vt 0.06906040012836456 0.0863586813211441
vt 0.11698520928621292 0.9136413335800171
vt 0.06906040012836456 0.0863586813211441
vt 0.11698520928621292 0.0863586813211441
vt 0.11698520928621292 0.9136413335800171
vt 0.11698520928621292 0.9136413335800171
vt 0.11698520928621292 0.0863586813211441
vt 0.8830147981643677 0.9136413335800171
vt 0.11698520928621292 0.0863586813211441
vt 0.8830147981643677 0.0863586813211441
vt 0.8830147981643677 0.9136413335800171
vt 0.8830147981643677 0.9136413335800171
vt 0.8830147981643677 0.0863586813211441
vt 0.9309396147727966 0.9136413335800171
vt 0.8830147981643677 0.0863586813211441
vt 0.9309396147727966 0.0863586813211441
vt 0.9309396147727966 0.9136413335800171
vt 0.9309396147727966 0.9136413335800171
vt 0.9309396147727966 0.0863586813211441
vt 0.9705979228019714 0.9136413335800171
vt 0.9309396147727966 0.0863586813211441
vt 0.9705979228019714 0.0863586813211441
vt 0.9705979228019714 0.9136413335800171
vt 0.9705979228019714 0.9136413335800171
vt 0.9705979228019714 0.0863586813211441
vt 1 0.9136413335800171
vt 0.9705979228019714 0.0863586813211441
vt 1 0.0863586813211441
vt 1 0.9136413335800171
vt 1.1102230246251565e-16 0.0863586813211441
vt 1.1102230246251565e-16 0.05098050460219383
vt 0.029402105137705803 0.0863586813211441
vt 1.1102230246251565e-16 0.05098050460219383
vt 0.029402105137705803 0.05098050460219383
vt 0.029402105137705803 0.0863586813211441
vt 0.029402105137705803 0.0863586813211441
vt 0.029402105137705803 0.05098050460219383
vt 0.06906040012836456 0.0863586813211441
vt 0.029402105137705803 0.05098050460219383
vt 0.06906040012836456 0.05098050460219383
vt 0.06906040012836456 0.0863586813211441
vt 0.06906040012836456 0.0863586813211441
vt 0.06906040012836456 0.05098050460219383
vt 0.11698520928621292 0.0863586813211441
vt 0.06906040012836456 0.05098050460219383
vt 0.11698520928621292 0.05098050460219383
vt 0.11698520928621292 0.0863586813211441
vt 0.11698520928621292 0.0863586813211441
vt 0.11698520928621292 0.05098050460219383
vt 0.8830147981643677 0.0863586813211441
vt 0.11698520928621292 0.05098050460219383
vt 0.8830147981643677 0.05098050460219383
vt 0.8830147981643677 0.0863586813211441
vt 0.8830147981643677 0.0863586813211441
vt 0.8830147981643677 0.05098050460219383
vt 0.9309396147727966 0.0863586813211441
vt 0.8830147981643677 0.05098050460219383
vt 0.9309396147727966 0.05098050460219383
vt 0.9309396147727966 0.0863586813211441
vt 0.9309396147727966 0.0863586813211441
vt 0.9309396147727966 0.05098050460219383
vt 0.9705979228019714 0.0863586813211441
vt 0.9309396147727966 0.05098050460219383
vt 0.9705979228019714 0.05098050460219383
vt 0.9705979228019714 0.0863586813211441
vt 0.9705979228019714 0.0863586813211441
vt 0.9705979228019714 0.05098050460219383
vt 1 0.0863586813211441
vt 0.9705979228019714 0.05098050460219383
vt 1 0.05098050460219383
vt 1 0.0863586813211441
vt 1.1102230246251565e-16 0.05098050460219383
vt 1.1102230246251565e-16 0.02170468308031559
vt 0.029402105137705803 0.05098050460219383
vt 1.1102230246251565e-16 0.02170468308031559
vt 0.029402105137705803 0.02170468308031559
vt 0.029402105137705803 0.05098050460219383
vt 0.029402105137705803 0.05098050460219383
vt 0.029402105137705803 0.02170468308031559
vt 0.06906040012836456 0.05098050460219383
vt 0.029402105137705803 0.02170468308031559
vt 0.06906040012836456 0.02170468308031559
vt 0.06906040012836456 0.05098050460219383
vt 0.06906040012836456 0.05098050460219383
vt 0.06906040012836456 0.02170468308031559
vt 0.11698520928621292 0.05098050460219383
vt 0.06906040012836456 0.02170468308031559
vt 0.11698520928621292 0.02170468308031559
vt 0.11698520928621292 0.05098050460219383
vt 0.11698520928621292 0.05098050460219383
vt 0.11698520928621292 0.02170468308031559
vt 0.8830147981643677 0.05098050460219383
vt 0.11698520928621292 0.02170468308031559
vt 0.8830147981643677 0.02170468308031559
vt 0.8830147981643677 0.05098050460219383
vt 0.8830147981643677 0.05098050460219383
vt 0.8830147981643677 0.02170468308031559
vt 0.9309396147727966 0.05098050460219383
vt 0.8830147981643677 0.02170468308031559
vt 0.9309396147727966 0.02170468308031559
vt 0.9309396147727966 0.05098050460219383
vt 0.9309396147727966 0.05098050460219383
vt 0.9309396147727966 0.02170468308031559
vt 0.9705979228019714 0.05098050460219383
vt 0.9309396147727966 0.02170468308031559
vt 0.9705979228019714 0.02170468308031559
vt 0.9705979228019714 0.05098050460219383
vt 0.9705979228019714 0.05098050460219383
vt 0.9705979228019714 0.02170468308031559
vt 1 0.05098050460219383
vt 0.9705979228019714 0.02170468308031559
vt 1 0.02170468308031559
vt 1 0.05098050460219383
vt 1.1102230246251565e-16 0.02170468308031559
vt 1.1102230246251565e-16 0
vt 0.029402105137705803 0.02170468308031559
vt 1.1102230246251565e-16 0
vt 0.029402105137705803 0
vt 0.029402105137705803 0.02170468308031559
vt 0.029402105137705803 0.02170468308031559
vt 0.029402105137705803 0
vt 0.06906040012836456 0.02170468308031559
vt 0.029402105137705803 0
vt 0.06906040012836456 0
vt 0.06906040012836456 0.02170468308031559
vt 0.06906040012836456 0.02170468308031559
vt 0.06906040012836456 0
vt 0.11698520928621292 0.02170468308031559
vt 0.06906040012836456 0
vt 0.11698520928621292 0
vt 0.11698520928621292 0.02170468308031559
vt 0.11698520928621292 0.02170468308031559
vt 0.11698520928621292 0
vt 0.8830147981643677 0.02170468308031559
vt 0.11698520928621292 0
vt 0.8830147981643677 0
vt 0.8830147981643677 0.02170468308031559
vt 0.8830147981643677 0.02170468308031559
vt 0.8830147981643677 0
vt 0.9309396147727966 0.02170468308031559
vt 0.8830147981643677 0
vt 0.9309396147727966 0
vt 0.9309396147727966 0.02170468308031559
vt 0.9309396147727966 0.02170468308031559
vt 0.9309396147727966 0
vt 0.9705979228019714 0.02170468308031559
vt 0.9309396147727966 0
vt 0.9705979228019714 0
vt 0.9705979228019714 0.02170468308031559
vt 0.9705979228019714 0.02170468308031559
vt 0.9705979228019714 0
vt 1 0.02170468308031559
vt 0.9705979228019714 0
vt 1 0
vt 1 0.02170468308031559
vt 0 1
vt 0 0.9705979228019714
vt 0.02497372403740883 1
vt 0 0.9705979228019714
vt 0.02497372403740883 0.9705979228019714
vt 0.02497372403740883 1
vt 0.02497372403740883 1
vt 0.02497372403740883 0.9705979228019714
vt 0.0586589053273201 1
vt 0.02497372403740883 0.9705979228019714
vt 0.0586589053273201 0.9705979228019714
vt 0.0586589053273201 1
vt 0.0586589053273201 1
vt 0.0586589053273201 0.9705979228019714
vt 0.09936554729938507 1
vt 0.0586589053273201 0.9705979228019714
vt 0.09936554729938507 0.9705979228019714
vt 0.09936554729938507 1
vt 0.09936554729938507 1
vt 0.09936554729938507 0.9705979228019714
vt 0.9006344676017761 1
vt 0.09936554729938507 0.9705979228019714
vt 0.9006344676017761 0.9705979228019714
vt 0.9006344676017761 1
vt 0.9006344676017761 1
vt 0.9006344676017761 0.9705979228019714
vt 0.9413411021232605 1
vt 0.9006344676017761 0.9705979228019714
vt 0.9413411021232605 0.9705979228019714
vt 0.9413411021232605 1
vt 0.9413411021232605 1
vt 0.9413411021232605 0.9705979228019714
vt 0.9750262498855591 1
vt 0.9413411021232605 0.9705979228019714
vt 0.9750262498855591 0.9705979228019714
vt 0.9750262498855591 1
vt 0.9750262498855591 1
vt 0.9750262498855591 0.9705979228019714
vt 1 1
vt 0.9750262498855591 0.9705979228019714
vt 1 0.9705979228019714
vt 1 1
vt 0 0.9705979228019714
vt 0 0.9309396147727966
vt 0.02497372403740883 0.9705979228019714
vt 0 0.9309396147727966
vt 0.02497372403740883 0.9309396147727966
vt 0.02497372403740883 0.9705979228019714
vt 0.02497372403740883 0.9705979228019714
vt 0.02497372403740883 0.9309396147727966
vt 0.0586589053273201 0.9705979228019714
vt 0.02497372403740883 0.9309396147727966
vt 0.0586589053273201 0.9309396147727966
vt 0.0586589053273201 0.9705979228019714
vt 0.0586589053273201 0.9705979228019714
vt 0.0586589053273201 0.9309396147727966
vt 0.09936554729938507 0.9705979228019714
vt 0.0586589053273201 0.9309396147727966
vt 0.09936554729938507 0.9309396147727966
vt 0.09936554729938507 0.9705979228019714
vt 0.09936554729938507 0.9705979228019714
vt 0.09936554729938507 0.9309396147727966
vt 0.9006344676017761 0.9705979228019714
vt 0.09936554729938507 0.9309396147727966
vt 0.9006344676017761 0.9309396147727966
vt 0.9006344676017761 0.9705979228019714
vt 0.9006344676017761 0.9705979228019714
vt 0.9006344676017761 0.9309396147727966
vt 0.9413411021232605 0.9705979228019714
vt 0.9006344676017761 0.9309396147727966
vt 0.9413411021232605 0.9309396147727966
vt 0.9413411021232605 0.9705979228019714
vt 0.9413411021232605 0.9705979228019714
vt 0.9413411021232605 0.9309396147727966
vt 0.9750262498855591 0.9705979228019714
vt 0.9413411021232605 0.9309396147727966
vt 0.9750262498855591 0.9309396147727966
vt 0.9750262498855591 0.9705979228019714
vt 0.9750262498855591 0.9705979228019714
vt 0.9750262498855591 0.9309396147727966
vt 1 0.9705979228019714
vt 0.9750262498855591 0.9309396147727966
vt 1 0.9309396147727966
vt 1 0.9705979228019714
vt 0 0.9309396147727966
vt 0 0.8830147981643677
vt 0.02497372403740883 0.9309396147727966
vt 0 0.8830147981643677
vt 0.02497372403740883 0.8830147981643677
vt 0.02497372403740883 0.9309396147727966
vt 0.02497372403740883 0.9309396147727966
vt 0.02497372403740883 0.8830147981643677
vt 0.0586589053273201 0.9309396147727966
vt 0.02497372403740883 0.8830147981643677
vt 0.0586589053273201 0.8830147981643677
vt 0.0586589053273201 0.9309396147727966
vt 0.0586589053273201 0.9309396147727966
vt 0.0586589053273201 0.8830147981643677
vt 0.09936554729938507 0.9309396147727966
vt 0.0586589053273201 0.8830147981643677
vt 0.09936554729938507 0.8830147981643677
vt 0.09936554729938507 0.9309396147727966
vt 0.09936554729938507 0.9309396147727966
vt 0.09936554729938507 0.8830147981643677
vt 0.9006344676017761 0.9309396147727966
vt 0.09936554729938507 0.8830147981643677
vt 0.9006344676017761 0.8830147981643677
vt 0.9006344676017761 0.9309396147727966
vt 0.9006344676017761 0.9309396147727966
vt 0.9006344676017761 0.8830147981643677
vt 0.9413411021232605 0.9309396147727966
vt 0.9006344676017761 0.8830147981643677
vt 0.9413411021232605 0.8830147981643677
vt 0.9413411021232605 0.9309396147727966
vt 0.9413411021232605 0.9309396147727966
vt 0.9413411021232605 0.8830147981643677
vt 0.9750262498855591 0.9309396147727966
vt 0.9413411021232605 0.8830147981643677
vt 0.9750262498855591 0.8830147981643677
vt 0.9750262498855591 0.9309396147727966
vt 0.9750262498855591 0.9309396147727966
vt 0.9750262498855591 0.8830147981643677
vt 1 0.9309396147727966
vt 0.9750262498855591 0.8830147981643677
vt 1 0.8830147981643677
vt 1 0.9309396147727966
vt 0 0.8830147981643677
vt 0 0.11698520928621292
vt 0.02497372403740883 0.8830147981643677
vt 0 0.11698520928621292
vt 0.02497372403740883 0.11698520928621292
vt 0.02497372403740883 0.8830147981643677
vt 0.02497372403740883 0.8830147981643677
vt 0.02497372403740883 0.11698520928621292
vt 0.0586589053273201 0.8830147981643677
vt 0.02497372403740883 0.11698520928621292
vt 0.0586589053273201 0.11698520928621292
vt 0.0586589053273201 0.8830147981643677
vt 0.0586589053273201 0.8830147981643677
vt 0.0586589053273201 0.11698520928621292
vt 0.09936554729938507 0.8830147981643677
vt 0.0586589053273201 0.11698520928621292
vt 0.09936554729938507 0.11698520928621292
vt 0.09936554729938507 0.8830147981643677
vt 0.09936554729938507 0.8830147981643677
vt 0.09936554729938507 0.11698520928621292
vt 0.9006344676017761 0.8830147981643677
vt 0.09936554729938507 0.11698520928621292
vt 0.9006344676017761 0.11698520928621292
vt 0.9006344676017761 0.8830147981643677
vt 0.9006344676017761 0.8830147981643677
vt 0.9006344676017761 0.11698520928621292
vt 0.9413411021232605 0.8830147981643677
vt 0.9006344676017761 0.11698520928621292
vt 0.9413411021232605 0.11698520928621292
vt 0.9413411021232605 0.8830147981643677
vt 0.9413411021232605 0.8830147981643677
vt 0.9413411021232605 0.11698520928621292
vt 0.9750262498855591 0.8830147981643677
vt 0.9413411021232605 0.11698520928621292
vt 0.9750262498855591 0.11698520928621292
vt 0.9750262498855591 0.8830147981643677
vt 0.9750262498855591 0.8830147981643677
vt 0.9750262498855591 0.11698520928621292
vt 1 0.8830147981643677
vt 0.9750262498855591 0.11698520928621292
vt 1 0.11698520928621292
vt 1 0.8830147981643677
vt 0 0.11698520928621292
vt 0 0.06906040012836456
vt 0.02497372403740883 0.11698520928621292
vt 0 0.06906040012836456
vt 0.02497372403740883 0.06906040012836456
vt 0.02497372403740883 0.11698520928621292
vt 0.02497372403740883 0.11698520928621292
vt 0.02497372403740883 0.06906040012836456
vt 0.0586589053273201 0.11698520928621292
vt 0.02497372403740883 0.06906040012836456
vt 0.0586589053273201 0.06906040012836456
vt 0.0586589053273201 0.11698520928621292
vt 0.0586589053273201 0.11698520928621292
vt 0.0586589053273201 0.06906040012836456
vt 0.09936554729938507 0.11698520928621292
vt 0.0586589053273201 0.06906040012836456
vt 0.09936554729938507 0.06906040012836456
vt 0.09936554729938507 0.11698520928621292
vt 0.09936554729938507 0.11698520928621292
vt 0.09936554729938507 0.06906040012836456
vt 0.9006344676017761 0.11698520928621292
vt 0.09936554729938507 0.06906040012836456
vt 0.9006344676017761 0.06906040012836456
vt 0.9006344676017761 0.11698520928621292
vt 0.9006344676017761 0.11698520928621292
vt 0.9006344676017761 0.06906040012836456
vt 0.9413411021232605 0.11698520928621292
vt 0.9006344676017761 0.06906040012836456
vt 0.9413411021232605 0.06906040012836456
vt 0.9413411021232605 0.11698520928621292
vt 0.9413411021232605 0.11698520928621292
vt 0.9413411021232605 0.06906040012836456
vt 0.9750262498855591 0.11698520928621292
vt 0.9413411021232605 0.06906040012836456
vt 0.9750262498855591 0.06906040012836456
vt 0.9750262498855591 0.11698520928621292
vt 0.9750262498855591 0.11698520928621292
vt 0.9750262498855591 0.06906040012836456
vt 1 0.11698520928621292
vt 0.9750262498855591 0.06906040012836456
vt 1 0.06906040012836456
vt 1 0.11698520928621292
vt 0 0.06906040012836456
vt 0 0.029402105137705803
vt 0.02497372403740883 0.06906040012836456
vt 0 0.029402105137705803
vt 0.02497372403740883 0.029402105137705803
vt 0.02497372403740883 0.06906040012836456
vt 0.02497372403740883 0.06906040012836456
vt 0.02497372403740883 0.029402105137705803
vt 0.0586589053273201 0.06906040012836456
vt 0.02497372403740883 0.029402105137705803
vt 0.0586589053273201 0.029402105137705803
vt 0.0586589053273201 0.06906040012836456
vt 0.0586589053273201 0.06906040012836456
vt 0.0586589053273201 0.029402105137705803
vt 0.09936554729938507 0.06906040012836456
vt 0.0586589053273201 0.029402105137705803
vt 0.09936554729938507 0.029402105137705803
vt 0.09936554729938507 0.06906040012836456
vt 0.09936554729938507 0.06906040012836456
vt 0.09936554729938507 0.029402105137705803
vt 0.9006344676017761 0.06906040012836456
vt 0.09936554729938507 0.029402105137705803
vt 0.9006344676017761 0.029402105137705803
vt 0.9006344676017761 0.06906040012836456
vt 0.9006344676017761 0.06906040012836456
vt 0.9006344676017761 0.029402105137705803
vt 0.9413411021232605 0.06906040012836456
vt 0.9006344676017761 0.029402105137705803
vt 0.9413411021232605 0.029402105137705803
vt 0.9413411021232605 0.06906040012836456
vt 0.9413411021232605 0.06906040012836456
vt 0.9413411021232605 0.029402105137705803
vt 0.9750262498855591 0.06906040012836456
vt 0.9413411021232605 0.029402105137705803
vt 0.9750262498855591 0.029402105137705803
vt 0.9750262498855591 0.06906040012836456
vt 0.9750262498855591 0.06906040012836456
vt 0.9750262498855591 0.029402105137705803
vt 1 0.06906040012836456
vt 0.9750262498855591 0.029402105137705803
vt 1 0.029402105137705803
vt 1 0.06906040012836456
vt 0 0.029402105137705803
vt 0 0
vt 0.02497372403740883 0.029402105137705803
vt 0 0
vt 0.02497372403740883 0
vt 0.02497372403740883 0.029402105137705803
vt 0.02497372403740883 0.029402105137705803
vt 0.02497372403740883 0
vt 0.0586589053273201 0.029402105137705803
vt 0.02497372403740883 0
vt 0.0586589053273201 0
vt 0.0586589053273201 0.029402105137705803
vt 0.0586589053273201 0.029402105137705803
vt 0.0586589053273201 0
vt 0.09936554729938507 0.029402105137705803
vt 0.0586589053273201 0
vt 0.09936554729938507 0
vt 0.09936554729938507 0.029402105137705803
vt 0.09936554729938507 0.029402105137705803
vt 0.09936554729938507 0
vt 0.9006344676017761 0.029402105137705803
vt 0.09936554729938507 0
vt 0.9006344676017761 0
vt 0.9006344676017761 0.029402105137705803
vt 0.9006344676017761 0.029402105137705803
vt 0.9006344676017761 0
vt 0.9413411021232605 0.029402105137705803
vt 0.9006344676017761 0
vt 0.9413411021232605 0
vt 0.9413411021232605 0.029402105137705803
vt 0.9413411021232605 0.029402105137705803
vt 0.9413411021232605 0
vt 0.9750262498855591 0.029402105137705803
vt 0.9413411021232605 0
vt 0.9750262498855591 0
vt 0.9750262498855591 0.029402105137705803
vt 0.9750262498855591 0.029402105137705803
vt 0.9750262498855591 0
vt 1 0.029402105137705803
vt 0.9750262498855591 0
vt 1 0
vt 1 0.029402105137705803
vt 0 1
vt 0 0.9705979228019714
vt 0.02497372403740883 1
vt 0 0.9705979228019714
vt 0.02497372403740883 0.9705979228019714
vt 0.02497372403740883 1
vt 0.02497372403740883 1
vt 0.02497372403740883 0.9705979228019714
vt 0.0586589053273201 1
vt 0.02497372403740883 0.9705979228019714
vt 0.0586589053273201 0.9705979228019714
vt 0.0586589053273201 1
vt 0.0586589053273201 1
vt 0.0586589053273201 0.9705979228019714
vt 0.09936554729938507 1
vt 0.0586589053273201 0.9705979228019714
vt 0.09936554729938507 0.9705979228019714
vt 0.09936554729938507 1
vt 0.09936554729938507 1
vt 0.09936554729938507 0.9705979228019714
vt 0.9006344676017761 1
vt 0.09936554729938507 0.9705979228019714
vt 0.9006344676017761 0.9705979228019714
vt 0.9006344676017761 1
vt 0.9006344676017761 1
vt 0.9006344676017761 0.9705979228019714
vt 0.9413411021232605 1
vt 0.9006344676017761 0.9705979228019714
vt 0.9413411021232605 0.9705979228019714
vt 0.9413411021232605 1
vt 0.9413411021232605 1
vt 0.9413411021232605 0.9705979228019714
vt 0.9750262498855591 1
vt 0.9413411021232605 0.9705979228019714
vt 0.9750262498855591 0.9705979228019714
vt 0.9750262498855591 1
vt 0.9750262498855591 1
vt 0.9750262498855591 0.9705979228019714
vt 1 1
vt 0.9750262498855591 0.9705979228019714
vt 1 0.9705979228019714
vt 1 1
vt 0 0.9705979228019714
vt 0 0.9309396147727966
vt 0.02497372403740883 0.9705979228019714
vt 0 0.9309396147727966
vt 0.02497372403740883 0.9309396147727966
vt 0.02497372403740883 0.9705979228019714
vt 0.02497372403740883 0.9705979228019714
vt 0.02497372403740883 0.9309396147727966
vt 0.0586589053273201 0.9705979228019714
vt 0.02497372403740883 0.9309396147727966
vt 0.0586589053273201 0.9309396147727966
vt 0.0586589053273201 0.9705979228019714
vt 0.0586589053273201 0.9705979228019714
vt 0.0586589053273201 0.9309396147727966
vt 0.09936554729938507 0.9705979228019714
vt 0.0586589053273201 0.9309396147727966
vt 0.09936554729938507 0.9309396147727966
vt 0.09936554729938507 0.9705979228019714
vt 0.09936554729938507 0.9705979228019714
vt 0.09936554729938507 0.9309396147727966
vt 0.9006344676017761 0.9705979228019714
vt 0.09936554729938507 0.9309396147727966
vt 0.9006344676017761 0.9309396147727966
vt 0.9006344676017761 0.9705979228019714
vt 0.9006344676017761 0.9705979228019714
vt 0.9006344676017761 0.9309396147727966
vt 0.9413411021232605 0.9705979228019714
vt 0.9006344676017761 0.9309396147727966
vt 0.9413411021232605 0.9309396147727966
vt 0.9413411021232605 0.9705979228019714
vt 0.9413411021232605 0.9705979228019714
vt 0.9413411021232605 0.9309396147727966
vt 0.9750262498855591 0.9705979228019714
vt 0.9413411021232605 0.9309396147727966
vt 0.9750262498855591 0.9309396147727966
vt 0.9750262498855591 0.9705979228019714
vt 0.9750262498855591 0.9705979228019714
vt 0.9750262498855591 0.9309396147727966
vt 1 0.9705979228019714
vt 0.9750262498855591 0.9309396147727966
vt 1 0.9309396147727966
vt 1 0.9705979228019714
vt 0 0.9309396147727966
vt 0 0.8830147981643677
vt 0.02497372403740883 0.9309396147727966
vt 0 0.8830147981643677
vt 0.02497372403740883 0.8830147981643677
vt 0.02497372403740883 0.9309396147727966
vt 0.02497372403740883 0.9309396147727966
vt 0.02497372403740883 0.8830147981643677
vt 0.0586589053273201 0.9309396147727966
vt 0.02497372403740883 0.8830147981643677
vt 0.0586589053273201 0.8830147981643677
vt 0.0586589053273201 0.9309396147727966
vt 0.0586589053273201 0.9309396147727966
vt 0.0586589053273201 0.8830147981643677
vt 0.09936554729938507 0.9309396147727966
vt 0.0586589053273201 0.8830147981643677
vt 0.09936554729938507 0.8830147981643677
vt 0.09936554729938507 0.9309396147727966
vt 0.09936554729938507 0.9309396147727966
vt 0.09936554729938507 0.8830147981643677
vt 0.9006344676017761 0.9309396147727966
vt 0.09936554729938507 0.8830147981643677
vt 0.9006344676017761 0.8830147981643677
vt 0.9006344676017761 0.9309396147727966
vt 0.9006344676017761 0.9309396147727966
vt 0.9006344676017761 0.8830147981643677
vt 0.9413411021232605 0.9309396147727966
vt 0.9006344676017761 0.8830147981643677
vt 0.9413411021232605 0.8830147981643677
vt 0.9413411021232605 0.9309396147727966
vt 0.9413411021232605 0.9309396147727966
vt 0.9413411021232605 0.8830147981643677
vt 0.9750262498855591 0.9309396147727966
vt 0.9413411021232605 0.8830147981643677
vt 0.9750262498855591 0.8830147981643677
vt 0.9750262498855591 0.9309396147727966
vt 0.9750262498855591 0.9309396147727966
vt 0.9750262498855591 0.8830147981643677
vt 1 0.9309396147727966
vt 0.9750262498855591 0.8830147981643677
vt 1 0.8830147981643677
vt 1 0.9309396147727966
vt 0 0.8830147981643677
vt 0 0.11698520928621292
vt 0.02497372403740883 0.8830147981643677
vt 0 0.11698520928621292
vt 0.02497372403740883 0.11698520928621292
vt 0.02497372403740883 0.8830147981643677
vt 0.02497372403740883 0.8830147981643677
vt 0.02497372403740883 0.11698520928621292
vt 0.0586589053273201 0.8830147981643677
vt 0.02497372403740883 0.11698520928621292
vt 0.0586589053273201 0.11698520928621292
vt 0.0586589053273201 0.8830147981643677
vt 0.0586589053273201 0.8830147981643677
vt 0.0586589053273201 0.11698520928621292
vt 0.09936554729938507 0.8830147981643677
vt 0.0586589053273201 0.11698520928621292
vt 0.09936554729938507 0.11698520928621292
vt 0.09936554729938507 0.8830147981643677
vt 0.09936554729938507 0.8830147981643677
vt 0.09936554729938507 0.11698520928621292
vt 0.9006344676017761 0.8830147981643677
vt 0.09936554729938507 0.11698520928621292
vt 0.9006344676017761 0.11698520928621292
vt 0.9006344676017761 0.8830147981643677
vt 0.9006344676017761 0.8830147981643677
vt 0.9006344676017761 0.11698520928621292
vt 0.9413411021232605 0.8830147981643677
vt 0.9006344676017761 0.11698520928621292
vt 0.9413411021232605 0.11698520928621292
vt 0.9413411021232605 0.8830147981643677
vt 0.9413411021232605 0.8830147981643677
vt 0.9413411021232605 0.11698520928621292
vt 0.9750262498855591 0.8830147981643677
vt 0.9413411021232605 0.11698520928621292
vt 0.9750262498855591 0.11698520928621292
vt 0.9750262498855591 0.8830147981643677
vt 0.9750262498855591 0.8830147981643677
vt 0.9750262498855591 0.11698520928621292
vt 1 0.8830147981643677
vt 0.9750262498855591 0.11698520928621292
vt 1 0.11698520928621292
vt 1 0.8830147981643677
vt 0 0.11698520928621292
vt 0 0.06906040012836456
vt 0.02497372403740883 0.11698520928621292
vt 0 0.06906040012836456
vt 0.02497372403740883 0.06906040012836456
vt 0.02497372403740883 0.11698520928621292
vt 0.02497372403740883 0.11698520928621292
vt 0.02497372403740883 0.06906040012836456
vt 0.0586589053273201 0.11698520928621292
vt 0.02497372403740883 0.06906040012836456
vt 0.0586589053273201 0.06906040012836456
vt 0.0586589053273201 0.11698520928621292
vt 0.0586589053273201 0.11698520928621292
vt 0.0586589053273201 0.06906040012836456
vt 0.09936554729938507 0.11698520928621292
vt 0.0586589053273201 0.06906040012836456
vt 0.09936554729938507 0.06906040012836456
vt 0.09936554729938507 0.11698520928621292
vt 0.09936554729938507 0.11698520928621292
vt 0.09936554729938507 0.06906040012836456
vt 0.9006344676017761 0.11698520928621292
vt 0.09936554729938507 0.06906040012836456
vt 0.9006344676017761 0.06906040012836456
vt 0.9006344676017761 0.11698520928621292
vt 0.9006344676017761 0.11698520928621292
vt 0.9006344676017761 0.06906040012836456
vt 0.9413411021232605 0.11698520928621292
vt 0.9006344676017761 0.06906040012836456
vt 0.9413411021232605 0.06906040012836456
vt 0.9413411021232605 0.11698520928621292
vt 0.9413411021232605 0.11698520928621292
vt 0.9413411021232605 0.06906040012836456
vt 0.9750262498855591 0.11698520928621292
vt 0.9413411021232605 0.06906040012836456
vt 0.9750262498855591 0.06906040012836456
vt 0.9750262498855591 0.11698520928621292
vt 0.9750262498855591 0.11698520928621292
vt 0.9750262498855591 0.06906040012836456
vt 1 0.11698520928621292
vt 0.9750262498855591 0.06906040012836456
vt 1 0.06906040012836456
vt 1 0.11698520928621292
vt 0 0.06906040012836456
vt 0 0.029402105137705803
vt 0.02497372403740883 0.06906040012836456
vt 0 0.029402105137705803
vt 0.02497372403740883 0.029402105137705803
vt 0.02497372403740883 0.06906040012836456
vt 0.02497372403740883 0.06906040012836456
vt 0.02497372403740883 0.029402105137705803
vt 0.0586589053273201 0.06906040012836456
vt 0.02497372403740883 0.029402105137705803
vt 0.0586589053273201 0.029402105137705803
vt 0.0586589053273201 0.06906040012836456
vt 0.0586589053273201 0.06906040012836456
vt 0.0586589053273201 0.029402105137705803
vt 0.09936554729938507 0.06906040012836456
vt 0.0586589053273201 0.029402105137705803
vt 0.09936554729938507 0.029402105137705803
vt 0.09936554729938507 0.06906040012836456
vt 0.09936554729938507 0.06906040012836456
vt 0.09936554729938507 0.029402105137705803
vt 0.9006344676017761 0.06906040012836456
vt 0.09936554729938507 0.029402105137705803
vt 0.9006344676017761 0.029402105137705803
vt 0.9006344676017761 0.06906040012836456
vt 0.9006344676017761 0.06906040012836456
vt 0.9006344676017761 0.029402105137705803
vt 0.9413411021232605 0.06906040012836456
vt 0.9006344676017761 0.029402105137705803
vt 0.9413411021232605 0.029402105137705803
vt 0.9413411021232605 0.06906040012836456
vt 0.9413411021232605 0.06906040012836456
vt 0.9413411021232605 0.029402105137705803
vt 0.9750262498855591 0.06906040012836456
vt 0.9413411021232605 0.029402105137705803
vt 0.9750262498855591 0.029402105137705803
vt 0.9750262498855591 0.06906040012836456
vt 0.9750262498855591 0.06906040012836456
vt 0.9750262498855591 0.029402105137705803
vt 1 0.06906040012836456
vt 0.9750262498855591 0.029402105137705803
vt 1 0.029402105137705803
vt 1 0.06906040012836456
vt 0 0.029402105137705803
vt 0 1.1102230246251565e-16
vt 0.02497372403740883 0.029402105137705803
vt 0 1.1102230246251565e-16
vt 0.02497372403740883 1.1102230246251565e-16
vt 0.02497372403740883 0.029402105137705803
vt 0.02497372403740883 0.029402105137705803
vt 0.02497372403740883 1.1102230246251565e-16
vt 0.0586589053273201 0.029402105137705803
vt 0.02497372403740883 1.1102230246251565e-16
vt 0.0586589053273201 1.1102230246251565e-16
vt 0.0586589053273201 0.029402105137705803
vt 0.0586589053273201 0.029402105137705803
vt 0.0586589053273201 1.1102230246251565e-16
vt 0.09936554729938507 0.029402105137705803
vt 0.0586589053273201 1.1102230246251565e-16
vt 0.09936554729938507 1.1102230246251565e-16
vt 0.09936554729938507 0.029402105137705803
vt 0.09936554729938507 0.029402105137705803
vt 0.09936554729938507 1.1102230246251565e-16
vt 0.9006344676017761 0.029402105137705803
vt 0.09936554729938507 1.1102230246251565e-16
vt 0.9006344676017761 1.1102230246251565e-16
vt 0.9006344676017761 0.029402105137705803
vt 0.9006344676017761 0.029402105137705803
vt 0.9006344676017761 1.1102230246251565e-16
vt 0.9413411021232605 0.029402105137705803
vt 0.9006344676017761 1.1102230246251565e-16
vt 0.9413411021232605 1.1102230246251565e-16
vt 0.9413411021232605 0.029402105137705803
vt 0.9413411021232605 0.029402105137705803
vt 0.9413411021232605 1.1102230246251565e-16
vt 0.9750262498855591 0.029402105137705803
vt 0.9413411021232605 1.1102230246251565e-16
vt 0.9750262498855591 1.1102230246251565e-16
vt 0.9750262498855591 0.029402105137705803
vt 0.9750262498855591 0.029402105137705803
vt 0.9750262498855591 1.1102230246251565e-16
vt 1 0.029402105137705803
vt 0.9750262498855591 1.1102230246251565e-16
vt 1 1.1102230246251565e-16
vt 1 0.029402105137705803
vt 0 1
vt 0 0.9782953262329102
vt 0.02497372403740883 1
vt 0 0.9782953262329102
vt 0.02497372403740883 0.9782953262329102
vt 0.02497372403740883 1
vt 0.02497372403740883 1
vt 0.02497372403740883 0.9782953262329102
vt 0.0586589053273201 1
vt 0.02497372403740883 0.9782953262329102
vt 0.0586589053273201 0.9782953262329102
vt 0.0586589053273201 1
vt 0.0586589053273201 1
vt 0.0586589053273201 0.9782953262329102
vt 0.09936554729938507 1
vt 0.0586589053273201 0.9782953262329102
vt 0.09936554729938507 0.9782953262329102
vt 0.09936554729938507 1
vt 0.09936554729938507 1
vt 0.09936554729938507 0.9782953262329102
vt 0.9006344676017761 1
vt 0.09936554729938507 0.9782953262329102
vt 0.9006344676017761 0.9782953262329102
vt 0.9006344676017761 1
vt 0.9006344676017761 1
vt 0.9006344676017761 0.9782953262329102
vt 0.9413411021232605 1
vt 0.9006344676017761 0.9782953262329102
vt 0.9413411021232605 0.9782953262329102
vt 0.9413411021232605 1
vt 0.9413411021232605 1
vt 0.9413411021232605 0.9782953262329102
vt 0.9750262498855591 1
vt 0.9413411021232605 0.9782953262329102
vt 0.9750262498855591 0.9782953262329102
vt 0.9750262498855591 1
vt 0.9750262498855591 1
vt 0.9750262498855591 0.9782953262329102
vt 1 1
vt 0.9750262498855591 0.9782953262329102
vt 1 0.9782953262329102
vt 1 1
vt 0 0.9782953262329102
vt 0 0.9490194916725159
vt 0.02497372403740883 0.9782953262329102
vt 0 0.9490194916725159
vt 0.02497372403740883 0.9490194916725159
vt 0.02497372403740883 0.9782953262329102
vt 0.02497372403740883 0.9782953262329102
vt 0.02497372403740883 0.9490194916725159
vt 0.0586589053273201 0.9782953262329102
vt 0.02497372403740883 0.9490194916725159
vt 0.0586589053273201 0.9490194916725159
vt 0.0586589053273201 0.9782953262329102
vt 0.0586589053273201 0.9782953262329102
vt 0.0586589053273201 0.9490194916725159
vt 0.09936554729938507 0.9782953262329102
vt 0.0586589053273201 0.9490194916725159
vt 0.09936554729938507 0.9490194916725159
vt 0.09936554729938507 0.9782953262329102
vt 0.09936554729938507 0.9782953262329102
vt 0.09936554729938507 0.9490194916725159
vt 0.9006344676017761 0.9782953262329102
vt 0.09936554729938507 0.9490194916725159
vt 0.9006344676017761 0.9490194916725159
vt 0.9006344676017761 0.9782953262329102
vt 0.9006344676017761 0.9782953262329102
vt 0.9006344676017761 0.9490194916725159
vt 0.9413411021232605 0.9782953262329102
vt 0.9006344676017761 0.9490194916725159
vt 0.9413411021232605 0.9490194916725159
vt 0.9413411021232605 0.9782953262329102
vt 0.9413411021232605 0.9782953262329102
vt 0.9413411021232605 0.9490194916725159
vt 0.9750262498855591 0.9782953262329102
vt 0.9413411021232605 0.9490194916725159
vt 0.9750262498855591 0.9490194916725159
vt 0.9750262498855591 0.9782953262329102
vt 0.9750262498855591 0.9782953262329102
vt 0.9750262498855591 0.9490194916725159
vt 1 0.9782953262329102
vt 0.9750262498855591 0.9490194916725159
vt 1 0.9490194916725159
vt 1 0.9782953262329102
vt 0 0.9490194916725159
vt 0 0.9136413335800171
vt 0.02497372403740883 0.9490194916725159
vt 0 0.9136413335800171
vt 0.02497372403740883 0.9136413335800171
vt 0.02497372403740883 0.9490194916725159
vt 0.02497372403740883 0.9490194916725159
vt 0.02497372403740883 0.9136413335800171
vt 0.0586589053273201 0.9490194916725159
vt 0.02497372403740883 0.9136413335800171
vt 0.0586589053273201 0.9136413335800171
vt 0.0586589053273201 0.9490194916725159
vt 0.0586589053273201 0.9490194916725159
vt 0.0586589053273201 0.9136413335800171
vt 0.09936554729938507 0.9490194916725159
vt 0.0586589053273201 0.9136413335800171
vt 0.09936554729938507 0.9136413335800171
vt 0.09936554729938507 0.9490194916725159
vt 0.09936554729938507 0.9490194916725159
vt 0.09936554729938507 0.9136413335800171
vt 0.9006344676017761 0.9490194916725159
vt 0.09936554729938507 0.9136413335800171
vt 0.9006344676017761 0.9136413335800171
vt 0.9006344676017761 0.9490194916725159
vt 0.9006344676017761 0.9490194916725159
vt 0.9006344676017761 0.9136413335800171
vt 0.9413411021232605 0.9490194916725159
vt 0.9006344676017761 0.9136413335800171
vt 0.9413411021232605 0.9136413335800171
vt 0.9413411021232605 0.9490194916725159
vt 0.9413411021232605 0.9490194916725159
vt 0.9413411021232605 0.9136413335800171
vt 0.9750262498855591 0.9490194916725159
vt 0.9413411021232605 0.9136413335800171
vt 0.9750262498855591 0.9136413335800171
vt 0.9750262498855591 0.9490194916725159
vt 0.9750262498855591 0.9490194916725159
vt 0.9750262498855591 0.9136413335800171
vt 1 0.9490194916725159
vt 0.9750262498855591 0.9136413335800171
vt 1 0.9136413335800171
vt 1 0.9490194916725159
vt 0 0.9136413335800171
vt 0 0.0863586813211441
vt 0.02497372403740883 0.9136413335800171
vt 0 0.0863586813211441
vt 0.02497372403740883 0.0863586813211441
vt 0.02497372403740883 0.9136413335800171
vt 0.02497372403740883 0.9136413335800171
vt 0.02497372403740883 0.0863586813211441
vt 0.0586589053273201 0.9136413335800171
vt 0.02497372403740883 0.0863586813211441
vt 0.0586589053273201 0.0863586813211441
vt 0.0586589053273201 0.9136413335800171
vt 0.0586589053273201 0.9136413335800171
vt 0.0586589053273201 0.0863586813211441
vt 0.09936554729938507 0.9136413335800171
vt 0.0586589053273201 0.0863586813211441
vt 0.09936554729938507 0.0863586813211441
vt 0.09936554729938507 0.9136413335800171
vt 0.09936554729938507 0.9136413335800171
vt 0.09936554729938507 0.0863586813211441
vt 0.9006344676017761 0.9136413335800171
vt 0.09936554729938507 0.0863586813211441
vt 0.9006344676017761 0.0863586813211441
vt 0.9006344676017761 0.9136413335800171
vt 0.9006344676017761 0.9136413335800171
vt 0.9006344676017761 0.0863586813211441
vt 0.9413411021232605 0.9136413335800171
vt 0.9006344676017761 0.0863586813211441
vt 0.9413411021232605 0.0863586813211441
vt 0.9413411021232605 0.9136413335800171
vt 0.9413411021232605 0.9136413335800171
vt 0.9413411021232605 0.0863586813211441
vt 0.9750262498855591 0.9136413335800171
vt 0.9413411021232605 0.0863586813211441
vt 0.9750262498855591 0.0863586813211441
vt 0.9750262498855591 0.9136413335800171
vt 0.9750262498855591 0.9136413335800171
vt 0.9750262498855591 0.0863586813211441
vt 1 0.9136413335800171
vt 0.9750262498855591 0.0863586813211441
vt 1 0.0863586813211441
vt 1 0.9136413335800171
vt 0 0.0863586813211441
vt 0 0.05098050460219383
vt 0.02497372403740883 0.0863586813211441
vt 0 0.05098050460219383
vt 0.02497372403740883 0.05098050460219383
vt 0.02497372403740883 0.0863586813211441
vt 0.02497372403740883 0.0863586813211441
vt 0.02497372403740883 0.05098050460219383
vt 0.0586589053273201 0.0863586813211441
vt 0.02497372403740883 0.05098050460219383
vt 0.0586589053273201 0.05098050460219383
vt 0.0586589053273201 0.0863586813211441
vt 0.0586589053273201 0.0863586813211441
vt 0.0586589053273201 0.05098050460219383
vt 0.09936554729938507 0.0863586813211441
vt 0.0586589053273201 0.05098050460219383
vt 0.09936554729938507 0.05098050460219383
vt 0.09936554729938507 0.0863586813211441
vt 0.09936554729938507 0.0863586813211441
vt 0.09936554729938507 0.05098050460219383
vt 0.9006344676017761 0.0863586813211441
vt 0.09936554729938507 0.05098050460219383
vt 0.9006344676017761 0.05098050460219383
vt 0.9006344676017761 0.0863586813211441
vt 0.9006344676017761 0.0863586813211441
vt 0.9006344676017761 0.05098050460219383
vt 0.9413411021232605 0.0863586813211441
vt 0.9006344676017761 0.05098050460219383
vt 0.9413411021232605 0.05098050460219383
vt 0.9413411021232605 0.0863586813211441
vt 0.9413411021232605 0.0863586813211441
vt 0.9413411021232605 0.05098050460219383
vt 0.9750262498855591 0.0863586813211441
vt 0.9413411021232605 0.05098050460219383
vt 0.9750262498855591 0.05098050460219383
vt 0.9750262498855591 0.0863586813211441
vt 0.9750262498855591 0.0863586813211441
vt 0.9750262498855591 0.05098050460219383
vt 1 0.0863586813211441
vt 0.9750262498855591 0.05098050460219383
vt 1 0.05098050460219383
vt 1 0.0863586813211441
vt 0 0.05098050460219383
vt 0 0.02170468308031559
vt 0.02497372403740883 0.05098050460219383
vt 0 0.02170468308031559
vt 0.02497372403740883 0.02170468308031559
vt 0.02497372403740883 0.05098050460219383
vt 0.02497372403740883 0.05098050460219383
vt 0.02497372403740883 0.02170468308031559
vt 0.0586589053273201 0.05098050460219383
vt 0.02497372403740883 0.02170468308031559
vt 0.0586589053273201 0.02170468308031559
vt 0.0586589053273201 0.05098050460219383
vt 0.0586589053273201 0.05098050460219383
vt 0.0586589053273201 0.02170468308031559
vt 0.09936554729938507 0.05098050460219383
vt 0.0586589053273201 0.02170468308031559
vt 0.09936554729938507 0.02170468308031559
vt 0.09936554729938507 0.05098050460219383
vt 0.09936554729938507 0.05098050460219383
vt 0.09936554729938507 0.02170468308031559
vt 0.9006344676017761 0.05098050460219383
vt 0.09936554729938507 0.02170468308031559
vt 0.9006344676017761 0.02170468308031559
vt 0.9006344676017761 0.05098050460219383
vt 0.9006344676017761 0.05098050460219383
vt 0.9006344676017761 0.02170468308031559
vt 0.9413411021232605 0.05098050460219383
vt 0.9006344676017761 0.02170468308031559
vt 0.9413411021232605 0.02170468308031559
vt 0.9413411021232605 0.05098050460219383
vt 0.9413411021232605 0.05098050460219383
vt 0.9413411021232605 0.02170468308031559
vt 0.9750262498855591 0.05098050460219383
vt 0.9413411021232605 0.02170468308031559
vt 0.9750262498855591 0.02170468308031559
vt 0.9750262498855591 0.05098050460219383
vt 0.9750262498855591 0.05098050460219383
vt 0.9750262498855591 0.02170468308031559
vt 1 0.05098050460219383
vt 0.9750262498855591 0.02170468308031559
vt 1 0.02170468308031559
vt 1 0.05098050460219383
vt 0 0.02170468308031559
vt 0 0
vt 0.02497372403740883 0.02170468308031559
vt 0 0
vt 0.02497372403740883 0
vt 0.02497372403740883 0.02170468308031559
vt 0.02497372403740883 0.02170468308031559
vt 0.02497372403740883 0
vt 0.0586589053273201 0.02170468308031559
vt 0.02497372403740883 0
vt 0.0586589053273201 0
vt 0.0586589053273201 0.02170468308031559
vt 0.0586589053273201 0.02170468308031559
vt 0.0586589053273201 0
vt 0.09936554729938507 0.02170468308031559
vt 0.0586589053273201 0
vt 0.09936554729938507 0
vt 0.09936554729938507 0.02170468308031559
vt 0.09936554729938507 0.02170468308031559
vt 0.09936554729938507 0
vt 0.9006344676017761 0.02170468308031559
vt 0.09936554729938507 0
vt 0.9006344676017761 0
vt 0.9006344676017761 0.02170468308031559
vt 0.9006344676017761 0.02170468308031559
vt 0.9006344676017761 0
vt 0.9413411021232605 0.02170468308031559
vt 0.9006344676017761 0
vt 0.9413411021232605 0
vt 0.9413411021232605 0.02170468308031559
vt 0.9413411021232605 0.02170468308031559
vt 0.9413411021232605 0
vt 0.9750262498855591 0.02170468308031559
vt 0.9413411021232605 0
vt 0.9750262498855591 0
vt 0.9750262498855591 0.02170468308031559
vt 0.9750262498855591 0.02170468308031559
vt 0.9750262498855591 0
vt 1 0.02170468308031559
vt 0.9750262498855591 0
vt 1 0
vt 1 0.02170468308031559
vt 0 1
vt 0 0.9782953262329102
vt 0.02497372403740883 1
vt 0 0.9782953262329102
vt 0.02497372403740883 0.9782953262329102
vt 0.02497372403740883 1
vt 0.02497372403740883 1
vt 0.02497372403740883 0.9782953262329102
vt 0.0586589053273201 1
vt 0.02497372403740883 0.9782953262329102
vt 0.0586589053273201 0.9782953262329102
vt 0.0586589053273201 1
vt 0.0586589053273201 1
vt 0.0586589053273201 0.9782953262329102
vt 0.09936554729938507 1
vt 0.0586589053273201 0.9782953262329102
vt 0.09936554729938507 0.9782953262329102
vt 0.09936554729938507 1
vt 0.09936554729938507 1
vt 0.09936554729938507 0.9782953262329102
vt 0.9006344676017761 1
vt 0.09936554729938507 0.9782953262329102
vt 0.9006344676017761 0.9782953262329102
vt 0.9006344676017761 1
vt 0.9006344676017761 1
vt 0.9006344676017761 0.9782953262329102
vt 0.9413411021232605 1
vt 0.9006344676017761 0.9782953262329102
vt 0.9413411021232605 0.9782953262329102
vt 0.9413411021232605 1
vt 0.9413411021232605 1
vt 0.9413411021232605 0.9782953262329102
vt 0.9750262498855591 1
vt 0.9413411021232605 0.9782953262329102
vt 0.9750262498855591 0.9782953262329102
vt 0.9750262498855591 1
vt 0.9750262498855591 1
vt 0.9750262498855591 0.9782953262329102
vt 1 1
vt 0.9750262498855591 0.9782953262329102
vt 1 0.9782953262329102
vt 1 1
vt 0 0.9782953262329102
vt 0 0.9490194916725159
vt 0.02497372403740883 0.9782953262329102
vt 0 0.9490194916725159
vt 0.02497372403740883 0.9490194916725159
vt 0.02497372403740883 0.9782953262329102
vt 0.02497372403740883 0.9782953262329102
vt 0.02497372403740883 0.9490194916725159
vt 0.0586589053273201 0.9782953262329102
vt 0.02497372403740883 0.9490194916725159
vt 0.0586589053273201 0.9490194916725159
vt 0.0586589053273201 0.9782953262329102
vt 0.0586589053273201 0.9782953262329102
vt 0.0586589053273201 0.9490194916725159
vt 0.09936554729938507 0.9782953262329102
vt 0.0586589053273201 0.9490194916725159
vt 0.09936554729938507 0.9490194916725159
vt 0.09936554729938507 0.9782953262329102
vt 0.09936554729938507 0.9782953262329102
vt 0.09936554729938507 0.9490194916725159
vt 0.9006344676017761 0.9782953262329102
vt 0.09936554729938507 0.9490194916725159
vt 0.9006344676017761 0.9490194916725159
vt 0.9006344676017761 0.9782953262329102
vt 0.9006344676017761 0.9782953262329102
vt 0.9006344676017761 0.9490194916725159
vt 0.9413411021232605 0.9782953262329102
vt 0.9006344676017761 0.9490194916725159
vt 0.9413411021232605 0.9490194916725159
vt 0.9413411021232605 0.9782953262329102
vt 0.9413411021232605 0.9782953262329102
vt 0.9413411021232605 0.9490194916725159
vt 0.9750262498855591 0.9782953262329102
vt 0.9413411021232605 0.9490194916725159
vt 0.9750262498855591 0.9490194916725159
vt 0.9750262498855591 0.9782953262329102
vt 0.9750262498855591 0.9782953262329102
vt 0.9750262498855591 0.9490194916725159
vt 1 0.9782953262329102
vt 0.9750262498855591 0.9490194916725159
vt 1 0.9490194916725159
vt 1 0.9782953262329102
vt 0 0.9490194916725159
vt 0 0.9136413335800171
vt 0.02497372403740883 0.9490194916725159
vt 0 0.9136413335800171
vt 0.02497372403740883 0.9136413335800171
vt 0.02497372403740883 0.9490194916725159
vt 0.02497372403740883 0.9490194916725159
vt 0.02497372403740883 0.9136413335800171
vt 0.0586589053273201 0.9490194916725159
vt 0.02497372403740883 0.9136413335800171
vt 0.0586589053273201 0.9136413335800171
vt 0.0586589053273201 0.9490194916725159
vt 0.0586589053273201 0.9490194916725159
vt 0.0586589053273201 0.9136413335800171
vt 0.09936554729938507 0.9490194916725159
vt 0.0586589053273201 0.9136413335800171
vt 0.09936554729938507 0.9136413335800171
vt 0.09936554729938507 0.9490194916725159
vt 0.09936554729938507 0.9490194916725159
vt 0.09936554729938507 0.9136413335800171
vt 0.9006344676017761 0.9490194916725159
vt 0.09936554729938507 0.9136413335800171
vt 0.9006344676017761 0.9136413335800171
vt 0.9006344676017761 0.9490194916725159
vt 0.9006344676017761 0.9490194916725159
vt 0.9006344676017761 0.9136413335800171
vt 0.9413411021232605 0.9490194916725159
vt 0.9006344676017761 0.9136413335800171
vt 0.9413411021232605 0.9136413335800171
vt 0.9413411021232605 0.9490194916725159
vt 0.9413411021232605 0.9490194916725159
vt 0.9413411021232605 0.9136413335800171
vt 0.9750262498855591 0.9490194916725159
vt 0.9413411021232605 0.9136413335800171
vt 0.9750262498855591 0.9136413335800171
vt 0.9750262498855591 0.9490194916725159
vt 0.9750262498855591 0.9490194916725159
vt 0.9750262498855591 0.9136413335800171
vt 1 0.9490194916725159
vt 0.9750262498855591 0.9136413335800171
vt 1 0.9136413335800171
vt 1 0.9490194916725159
vt 0 0.9136413335800171
vt 0 0.0863586813211441
vt 0.02497372403740883 0.9136413335800171
vt 0 0.0863586813211441
vt 0.02497372403740883 0.0863586813211441
vt 0.02497372403740883 0.9136413335800171
vt 0.02497372403740883 0.9136413335800171
vt 0.02497372403740883 0.0863586813211441
vt 0.0586589053273201 0.9136413335800171
vt 0.02497372403740883 0.0863586813211441
vt 0.0586589053273201 0.0863586813211441
vt 0.0586589053273201 0.9136413335800171
vt 0.0586589053273201 0.9136413335800171
vt 0.0586589053273201 0.0863586813211441
vt 0.09936554729938507 0.9136413335800171
vt 0.0586589053273201 0.0863586813211441
vt 0.09936554729938507 0.0863586813211441
vt 0.09936554729938507 0.9136413335800171
vt 0.09936554729938507 0.9136413335800171
vt 0.09936554729938507 0.0863586813211441
vt 0.9006344676017761 0.9136413335800171
vt 0.09936554729938507 0.0863586813211441
vt 0.9006344676017761 0.0863586813211441
vt 0.9006344676017761 0.9136413335800171
vt 0.9006344676017761 0.9136413335800171
vt 0.9006344676017761 0.0863586813211441
vt 0.9413411021232605 0.9136413335800171
vt 0.9006344676017761 0.0863586813211441
vt 0.9413411021232605 0.0863586813211441
vt 0.9413411021232605 0.9136413335800171
vt 0.9413411021232605 0.9136413335800171
vt 0.9413411021232605 0.0863586813211441
vt 0.9750262498855591 0.9136413335800171
vt 0.9413411021232605 0.0863586813211441
vt 0.9750262498855591 0.0863586813211441
vt 0.9750262498855591 0.9136413335800171
vt 0.9750262498855591 0.9136413335800171
vt 0.9750262498855591 0.0863586813211441
vt 1 0.9136413335800171
vt 0.9750262498855591 0.0863586813211441
vt 1 0.0863586813211441
vt 1 0.9136413335800171
vt 0 0.0863586813211441
vt 0 0.05098050460219383
vt 0.02497372403740883 0.0863586813211441
vt 0 0.05098050460219383
vt 0.02497372403740883 0.05098050460219383
vt 0.02497372403740883 0.0863586813211441
vt 0.02497372403740883 0.0863586813211441
vt 0.02497372403740883 0.05098050460219383
vt 0.0586589053273201 0.0863586813211441
vt 0.02497372403740883 0.05098050460219383
vt 0.0586589053273201 0.05098050460219383
vt 0.0586589053273201 0.0863586813211441
vt 0.0586589053273201 0.0863586813211441
vt 0.0586589053273201 0.05098050460219383
vt 0.09936554729938507 0.0863586813211441
vt 0.0586589053273201 0.05098050460219383
vt 0.09936554729938507 0.05098050460219383
vt 0.09936554729938507 0.0863586813211441
vt 0.09936554729938507 0.0863586813211441
vt 0.09936554729938507 0.05098050460219383
vt 0.9006344676017761 0.0863586813211441
vt 0.09936554729938507 0.05098050460219383
vt 0.9006344676017761 0.05098050460219383
vt 0.9006344676017761 0.0863586813211441
vt 0.9006344676017761 0.0863586813211441
vt 0.9006344676017761 0.05098050460219383
vt 0.9413411021232605 0.0863586813211441
vt 0.9006344676017761 0.05098050460219383
vt 0.9413411021232605 0.05098050460219383
vt 0.9413411021232605 0.0863586813211441
vt 0.9413411021232605 0.0863586813211441
vt 0.9413411021232605 0.05098050460219383
vt 0.9750262498855591 0.0863586813211441
vt 0.9413411021232605 0.05098050460219383
vt 0.9750262498855591 0.05098050460219383
vt 0.9750262498855591 0.0863586813211441
vt 0.9750262498855591 0.0863586813211441
vt 0.9750262498855591 0.05098050460219383
vt 1 0.0863586813211441
vt 0.9750262498855591 0.05098050460219383
vt 1 0.05098050460219383
vt 1 0.0863586813211441
vt 0 0.05098050460219383
vt 0 0.02170468308031559
vt 0.02497372403740883 0.05098050460219383
vt 0 0.02170468308031559
vt 0.02497372403740883 0.02170468308031559
vt 0.02497372403740883 0.05098050460219383
vt 0.02497372403740883 0.05098050460219383
vt 0.02497372403740883 0.02170468308031559
vt 0.0586589053273201 0.05098050460219383
vt 0.02497372403740883 0.02170468308031559
vt 0.0586589053273201 0.02170468308031559
vt 0.0586589053273201 0.05098050460219383
vt 0.0586589053273201 0.05098050460219383
vt 0.0586589053273201 0.02170468308031559
vt 0.09936554729938507 0.05098050460219383
vt 0.0586589053273201 0.02170468308031559
vt 0.09936554729938507 0.02170468308031559
vt 0.09936554729938507 0.05098050460219383
vt 0.09936554729938507 0.05098050460219383
vt 0.09936554729938507 0.02170468308031559
vt 0.9006344676017761 0.05098050460219383
vt 0.09936554729938507 0.02170468308031559
vt 0.9006344676017761 0.02170468308031559
vt 0.9006344676017761 0.05098050460219383
vt 0.9006344676017761 0.05098050460219383
vt 0.9006344676017761 0.02170468308031559
vt 0.9413411021232605 0.05098050460219383
vt 0.9006344676017761 0.02170468308031559
vt 0.9413411021232605 0.02170468308031559
vt 0.9413411021232605 0.05098050460219383
vt 0.9413411021232605 0.05098050460219383
vt 0.9413411021232605 0.02170468308031559
vt 0.9750262498855591 0.05098050460219383
vt 0.9413411021232605 0.02170468308031559
vt 0.9750262498855591 0.02170468308031559
vt 0.9750262498855591 0.05098050460219383
vt 0.9750262498855591 0.05098050460219383
vt 0.9750262498855591 0.02170468308031559
vt 1 0.05098050460219383
vt 0.9750262498855591 0.02170468308031559
vt 1 0.02170468308031559
vt 1 0.05098050460219383
vt 0 0.02170468308031559
vt 0 0
vt 0.02497372403740883 0.02170468308031559
vt 0 0
vt 0.02497372403740883 0
vt 0.02497372403740883 0.02170468308031559
vt 0.02497372403740883 0.02170468308031559
vt 0.02497372403740883 0
vt 0.0586589053273201 0.02170468308031559
vt 0.02497372403740883 0
vt 0.0586589053273201 0
vt 0.0586589053273201 0.02170468308031559
vt 0.0586589053273201 0.02170468308031559
vt 0.0586589053273201 0
vt 0.09936554729938507 0.02170468308031559
vt 0.0586589053273201 0
vt 0.09936554729938507 0
vt 0.09936554729938507 0.02170468308031559
vt 0.09936554729938507 0.02170468308031559
vt 0.09936554729938507 0
vt 0.9006344676017761 0.02170468308031559
vt 0.09936554729938507 0
vt 0.9006344676017761 0
vt 0.9006344676017761 0.02170468308031559
vt 0.9006344676017761 0.02170468308031559
vt 0.9006344676017761 0
vt 0.9413411021232605 0.02170468308031559
vt 0.9006344676017761 0
vt 0.9413411021232605 0
vt 0.9413411021232605 0.02170468308031559
vt 0.9413411021232605 0.02170468308031559
vt 0.9413411021232605 0
vt 0.9750262498855591 0.02170468308031559
vt 0.9413411021232605 0
vt 0.9750262498855591 0
vt 0.9750262498855591 0.02170468308031559
vt 0.9750262498855591 0.02170468308031559
vt 0.9750262498855591 0
vt 1 0.02170468308031559
vt 0.9750262498855591 0
vt 1 0
vt 1 0.02170468308031559
vn 0.5773502691896257 0.5773502691896257 0.5773502691896257
vn 0.639602143648227 0.4264014489670335 0.639602143648227
vn 0.639602143648227 0.639602143648227 0.4264014489670335
vn 0.639602143648227 0.4264014489670335 0.639602143648227
vn 0.7276068680966881 0.48507125533189915 0.48507125533189915
vn 0.639602143648227 0.639602143648227 0.4264014489670335
vn 0.639602143648227 0.639602143648227 0.4264014489670335
vn 0.7276068680966881 0.48507125533189915 0.48507125533189915
vn 0.688247200043142 0.688247200043142 0.2294157432818214
vn 0.7276068680966881 0.48507125533189915 0.48507125533189915
vn 0.8017837363809595 0.5345224710524249 0.26726123552621245
vn 0.688247200043142 0.688247200043142 0.2294157432818214
vn 0.688247200043142 0.688247200043142 0.2294157432818214
vn 0.8017837363809595 0.5345224710524249 0.26726123552621245
vn 0.7071067811865476 0.7071067811865476 5.268356063861754e-9
vn 0.8017837363809595 0.5345224710524249 0.26726123552621245
vn 0.8320502851678979 0.5547002099801474 6.199257710336878e-9
vn 0.7071067811865476 0.7071067811865476 5.268356063861754e-9
vn 0.7071067811865476 0.7071067811865476 5.268356063861754e-9
vn 0.8320502851678979 0.5547002099801474 6.199257710336878e-9
vn 0.7071067811865476 0.7071067811865476 -5.268356063861754e-9
vn 0.8320502851678979 0.5547002099801474 6.199257710336878e-9
vn 0.8320502851678979 0.5547002099801474 -6.199257710336878e-9
vn 0.7071067811865476 0.7071067811865476 -5.268356063861754e-9
vn 0.7071067811865476 0.7071067811865476 -5.268356063861754e-9
vn 0.8320502851678979 0.5547002099801474 -6.199257710336878e-9
vn 0.688247200043142 0.688247200043142 -0.2294157432818214
vn 0.8320502851678979 0.5547002099801474 -6.199257710336878e-9
vn 0.8017837363809595 0.5345224710524249 -0.26726123552621245
vn 0.688247200043142 0.688247200043142 -0.2294157432818214
vn 0.688247200043142 0.688247200043142 -0.2294157432818214
vn 0.8017837363809595 0.5345224710524249 -0.26726123552621245
vn 0.639602143648227 0.639602143648227 -0.4264014489670335
vn 0.8017837363809595 0.5345224710524249 -0.26726123552621245
vn 0.7276068680966881 0.48507125533189915 -0.48507125533189915
vn 0.639602143648227 0.639602143648227 -0.4264014489670335
vn 0.639602143648227 0.639602143648227 -0.4264014489670335
vn 0.7276068680966881 0.48507125533189915 -0.48507125533189915
vn 0.5773502691896257 0.5773502691896257 -0.5773502691896257
vn 0.7276068680966881 0.48507125533189915 -0.48507125533189915
vn 0.639602143648227 0.4264014489670335 -0.639602143648227
vn 0.5773502691896257 0.5773502691896257 -0.5773502691896257
vn 0.639602143648227 0.4264014489670335 0.639602143648227
vn 0.688247200043142 0.2294157432818214 0.688247200043142
vn 0.7276068680966881 0.48507125533189915 0.48507125533189915
vn 0.688247200043142 0.2294157432818214 0.688247200043142
vn 0.8017837363809595 0.26726123552621245 0.5345224710524249
vn 0.7276068680966881 0.48507125533189915 0.48507125533189915
vn 0.7276068680966881 0.48507125533189915 0.48507125533189915
vn 0.8017837363809595 0.26726123552621245 0.5345224710524249
vn 0.8017837363809595 0.5345224710524249 0.26726123552621245
vn 0.8017837363809595 0.26726123552621245 0.5345224710524249
vn 0.9045340337332909 0.30151134457776363 0.30151134457776363
vn 0.8017837363809595 0.5345224710524249 0.26726123552621245
vn 0.8017837363809595 0.5345224710524249 0.26726123552621245
vn 0.9045340337332909 0.30151134457776363 0.30151134457776363
vn 0.8320502851678979 0.5547002099801474 6.199257710336878e-9
vn 0.9045340337332909 0.30151134457776363 0.30151134457776363
vn 0.9486833010307459 0.31622775707614137 7.068241395285323e-9
vn 0.8320502851678979 0.5547002099801474 6.199257710336878e-9
vn 0.8320502851678979 0.5547002099801474 6.199257710336878e-9
vn 0.9486833010307459 0.31622775707614137 7.068241395285323e-9
vn 0.8320502851678979 0.5547002099801474 -6.199257710336878e-9
vn 0.9486833010307459 0.31622775707614137 7.068241395285323e-9
vn 0.9486833010307459 0.31622775707614137 -7.068241395285323e-9
vn 0.8320502851678979 0.5547002099801474 -6.199257710336878e-9
vn 0.8320502851678979 0.5547002099801474 -6.199257710336878e-9
vn 0.9486833010307459 0.31622775707614137 -7.068241395285323e-9
vn 0.8017837363809595 0.5345224710524249 -0.26726123552621245
vn 0.9486833010307459 0.31622775707614137 -7.068241395285323e-9
vn 0.9045340337332909 0.30151134457776363 -0.30151134457776363
vn 0.8017837363809595 0.5345224710524249 -0.26726123552621245
vn 0.8017837363809595 0.5345224710524249 -0.26726123552621245
vn 0.9045340337332909 0.30151134457776363 -0.30151134457776363
vn 0.7276068680966881 0.48507125533189915 -0.48507125533189915
vn 0.9045340337332909 0.30151134457776363 -0.30151134457776363
vn 0.8017837363809595 0.26726123552621245 -0.5345224710524249
vn 0.7276068680966881 0.48507125533189915 -0.48507125533189915
vn 0.7276068680966881 0.48507125533189915 -0.48507125533189915
vn 0.8017837363809595 0.26726123552621245 -0.5345224710524249
vn 0.639602143648227 0.4264014489670335 -0.639602143648227
vn 0.8017837363809595 0.26726123552621245 -0.5345224710524249
vn 0.688247200043142 0.2294157432818214 -0.688247200043142
vn 0.639602143648227 0.4264014489670335 -0.639602143648227
vn 0.688247200043142 0.2294157432818214 0.688247200043142
vn 0.7071067811865476 5.268356063861754e-9 0.7071067811865476
vn 0.8017837363809595 0.26726123552621245 0.5345224710524249
vn 0.7071067811865476 5.268356063861754e-9 0.7071067811865476
vn 0.8320502851678979 6.199257710336878e-9 0.5547002099801474
vn 0.8017837363809595 0.26726123552621245 0.5345224710524249
vn 0.8017837363809595 0.26726123552621245 0.5345224710524249
vn 0.8320502851678979 6.199257710336878e-9 0.5547002099801474
vn 0.9045340337332909 0.30151134457776363 0.30151134457776363
vn 0.8320502851678979 6.199257710336878e-9 0.5547002099801474
vn 0.9486833010307459 7.068241395285323e-9 0.31622775707614137
vn 0.9045340337332909 0.30151134457776363 0.30151134457776363
vn 0.9045340337332909 0.30151134457776363 0.30151134457776363
vn 0.9486833010307459 7.068241395285323e-9 0.31622775707614137
vn 0.9486833010307459 0.31622775707614137 7.068241395285323e-9
vn 0.9486833010307459 7.068241395285323e-9 0.31622775707614137
vn 1 7.450580596923828e-9 7.450580596923828e-9
vn 0.9486833010307459 0.31622775707614137 7.068241395285323e-9
vn 0.9486833010307459 0.31622775707614137 7.068241395285323e-9
vn 1 7.450580596923828e-9 7.450580596923828e-9
vn 0.9486833010307459 0.31622775707614137 -7.068241395285323e-9
vn 1 7.450580596923828e-9 7.450580596923828e-9
vn 1 7.450580596923828e-9 -7.450580596923828e-9
vn 0.9486833010307459 0.31622775707614137 -7.068241395285323e-9
vn 0.9486833010307459 0.31622775707614137 -7.068241395285323e-9
vn 1 7.450580596923828e-9 -7.450580596923828e-9
vn 0.9045340337332909 0.30151134457776363 -0.30151134457776363
vn 1 7.450580596923828e-9 -7.450580596923828e-9
vn 0.9486833010307459 7.068241395285323e-9 -0.31622775707614137
vn 0.9045340337332909 0.30151134457776363 -0.30151134457776363
vn 0.9045340337332909 0.30151134457776363 -0.30151134457776363
vn 0.9486833010307459 7.068241395285323e-9 -0.31622775707614137
vn 0.8017837363809595 0.26726123552621245 -0.5345224710524249
vn 0.9486833010307459 7.068241395285323e-9 -0.31622775707614137
vn 0.8320502851678979 6.199257710336878e-9 -0.5547002099801474
vn 0.8017837363809595 0.26726123552621245 -0.5345224710524249
vn 0.8017837363809595 0.26726123552621245 -0.5345224710524249
vn 0.8320502851678979 6.199257710336878e-9 -0.5547002099801474
vn 0.688247200043142 0.2294157432818214 -0.688247200043142
vn 0.8320502851678979 6.199257710336878e-9 -0.5547002099801474
vn 0.7071067811865476 5.268356063861754e-9 -0.7071067811865476
vn 0.688247200043142 0.2294157432818214 -0.688247200043142
vn 0.7071067811865476 5.268356063861754e-9 0.7071067811865476
vn 0.7071067811865476 -5.268356063861754e-9 0.7071067811865476
vn 0.8320502851678979 6.199257710336878e-9 0.5547002099801474
vn 0.7071067811865476 -5.268356063861754e-9 0.7071067811865476
vn 0.8320502851678979 -6.199257710336878e-9 0.5547002099801474
vn 0.8320502851678979 6.199257710336878e-9 0.5547002099801474
vn 0.8320502851678979 6.199257710336878e-9 0.5547002099801474
vn 0.8320502851678979 -6.199257710336878e-9 0.5547002099801474
vn 0.9486833010307459 7.068241395285323e-9 0.31622775707614137
vn 0.8320502851678979 -6.199257710336878e-9 0.5547002099801474
vn 0.9486833010307459 -7.068241395285323e-9 0.31622775707614137
vn 0.9486833010307459 7.068241395285323e-9 0.31622775707614137
vn 0.9486833010307459 7.068241395285323e-9 0.31622775707614137
vn 0.9486833010307459 -7.068241395285323e-9 0.31622775707614137
vn 1 7.450580596923828e-9 7.450580596923828e-9
vn 0.9486833010307459 -7.068241395285323e-9 0.31622775707614137
vn 1 -7.450580596923828e-9 7.450580596923828e-9
vn 1 7.450580596923828e-9 7.450580596923828e-9
vn 1 7.450580596923828e-9 7.450580596923828e-9
vn 1 -7.450580596923828e-9 7.450580596923828e-9
vn 1 7.450580596923828e-9 -7.450580596923828e-9
vn 1 -7.450580596923828e-9 7.450580596923828e-9
vn 1 -7.450580596923828e-9 -7.450580596923828e-9
vn 1 7.450580596923828e-9 -7.450580596923828e-9
vn 1 7.450580596923828e-9 -7.450580596923828e-9
vn 1 -7.450580596923828e-9 -7.450580596923828e-9
vn 0.9486833010307459 7.068241395285323e-9 -0.31622775707614137
vn 1 -7.450580596923828e-9 -7.450580596923828e-9
vn 0.9486833010307459 -7.068241395285323e-9 -0.31622775707614137
vn 0.9486833010307459 7.068241395285323e-9 -0.31622775707614137
vn 0.9486833010307459 7.068241395285323e-9 -0.31622775707614137
vn 0.9486833010307459 -7.068241395285323e-9 -0.31622775707614137
vn 0.8320502851678979 6.199257710336878e-9 -0.5547002099801474
vn 0.9486833010307459 -7.068241395285323e-9 -0.31622775707614137
vn 0.8320502851678979 -6.199257710336878e-9 -0.5547002099801474
vn 0.8320502851678979 6.199257710336878e-9 -0.5547002099801474
vn 0.8320502851678979 6.199257710336878e-9 -0.5547002099801474
vn 0.8320502851678979 -6.199257710336878e-9 -0.5547002099801474
vn 0.7071067811865476 5.268356063861754e-9 -0.7071067811865476
vn 0.8320502851678979 -6.199257710336878e-9 -0.5547002099801474
vn 0.7071067811865476 -5.268356063861754e-9 -0.7071067811865476
vn 0.7071067811865476 5.268356063861754e-9 -0.7071067811865476
vn 0.7071067811865476 -5.268356063861754e-9 0.7071067811865476
vn 0.688247200043142 -0.2294157432818214 0.688247200043142
vn 0.8320502851678979 -6.199257710336878e-9 0.5547002099801474
vn 0.688247200043142 -0.2294157432818214 0.688247200043142
vn 0.8017837363809595 -0.26726123552621245 0.5345224710524249
vn 0.8320502851678979 -6.199257710336878e-9 0.5547002099801474
vn 0.8320502851678979 -6.199257710336878e-9 0.5547002099801474
vn 0.8017837363809595 -0.26726123552621245 0.5345224710524249
vn 0.9486833010307459 -7.068241395285323e-9 0.31622775707614137
vn 0.8017837363809595 -0.26726123552621245 0.5345224710524249
vn 0.9045340337332909 -0.30151134457776363 0.30151134457776363
vn 0.9486833010307459 -7.068241395285323e-9 0.31622775707614137
vn 0.9486833010307459 -7.068241395285323e-9 0.31622775707614137
vn 0.9045340337332909 -0.30151134457776363 0.30151134457776363
vn 1 -7.450580596923828e-9 7.450580596923828e-9
vn 0.9045340337332909 -0.30151134457776363 0.30151134457776363
vn 0.9486833010307459 -0.31622775707614137 7.068241395285323e-9
vn 1 -7.450580596923828e-9 7.450580596923828e-9
vn 1 -7.450580596923828e-9 7.450580596923828e-9
vn 0.9486833010307459 -0.31622775707614137 7.068241395285323e-9
vn 1 -7.450580596923828e-9 -7.450580596923828e-9
vn 0.9486833010307459 -0.31622775707614137 7.068241395285323e-9
vn 0.9486833010307459 -0.31622775707614137 -7.068241395285323e-9
vn 1 -7.450580596923828e-9 -7.450580596923828e-9
vn 1 -7.450580596923828e-9 -7.450580596923828e-9
vn 0.9486833010307459 -0.31622775707614137 -7.068241395285323e-9
vn 0.9486833010307459 -7.068241395285323e-9 -0.31622775707614137
vn 0.9486833010307459 -0.31622775707614137 -7.068241395285323e-9
vn 0.9045340337332909 -0.30151134457776363 -0.30151134457776363
vn 0.9486833010307459 -7.068241395285323e-9 -0.31622775707614137
vn 0.9486833010307459 -7.068241395285323e-9 -0.31622775707614137
vn 0.9045340337332909 -0.30151134457776363 -0.30151134457776363
vn 0.8320502851678979 -6.199257710336878e-9 -0.5547002099801474
vn 0.9045340337332909 -0.30151134457776363 -0.30151134457776363
vn 0.8017837363809595 -0.26726123552621245 -0.5345224710524249
vn 0.8320502851678979 -6.199257710336878e-9 -0.5547002099801474
vn 0.8320502851678979 -6.199257710336878e-9 -0.5547002099801474
vn 0.8017837363809595 -0.26726123552621245 -0.5345224710524249
vn 0.7071067811865476 -5.268356063861754e-9 -0.7071067811865476
vn 0.8017837363809595 -0.26726123552621245 -0.5345224710524249
vn 0.688247200043142 -0.2294157432818214 -0.688247200043142
vn 0.7071067811865476 -5.268356063861754e-9 -0.7071067811865476
vn 0.688247200043142 -0.2294157432818214 0.688247200043142
vn 0.639602143648227 -0.4264014489670335 0.639602143648227
vn 0.8017837363809595 -0.26726123552621245 0.5345224710524249
vn 0.639602143648227 -0.4264014489670335 0.639602143648227
vn 0.7276068680966881 -0.48507125533189915 0.48507125533189915
vn 0.8017837363809595 -0.26726123552621245 0.5345224710524249
vn 0.8017837363809595 -0.26726123552621245 0.5345224710524249
vn 0.7276068680966881 -0.48507125533189915 0.48507125533189915
vn 0.9045340337332909 -0.30151134457776363 0.30151134457776363
vn 0.7276068680966881 -0.48507125533189915 0.48507125533189915
vn 0.8017837363809595 -0.5345224710524249 0.26726123552621245
vn 0.9045340337332909 -0.30151134457776363 0.30151134457776363
vn 0.9045340337332909 -0.30151134457776363 0.30151134457776363
vn 0.8017837363809595 -0.5345224710524249 0.26726123552621245
vn 0.9486833010307459 -0.31622775707614137 7.068241395285323e-9
vn 0.8017837363809595 -0.5345224710524249 0.26726123552621245
vn 0.8320502851678979 -0.5547002099801474 6.199257710336878e-9
vn 0.9486833010307459 -0.31622775707614137 7.068241395285323e-9
vn 0.9486833010307459 -0.31622775707614137 7.068241395285323e-9
vn 0.8320502851678979 -0.5547002099801474 6.199257710336878e-9
vn 0.9486833010307459 -0.31622775707614137 -7.068241395285323e-9
vn 0.8320502851678979 -0.5547002099801474 6.199257710336878e-9
vn 0.8320502851678979 -0.5547002099801474 -6.199257710336878e-9
vn 0.9486833010307459 -0.31622775707614137 -7.068241395285323e-9
vn 0.9486833010307459 -0.31622775707614137 -7.068241395285323e-9
vn 0.8320502851678979 -0.5547002099801474 -6.199257710336878e-9
vn 0.9045340337332909 -0.30151134457776363 -0.30151134457776363
vn 0.8320502851678979 -0.5547002099801474 -6.199257710336878e-9
vn 0.8017837363809595 -0.5345224710524249 -0.26726123552621245
vn 0.9045340337332909 -0.30151134457776363 -0.30151134457776363
vn 0.9045340337332909 -0.30151134457776363 -0.30151134457776363
vn 0.8017837363809595 -0.5345224710524249 -0.26726123552621245
vn 0.8017837363809595 -0.26726123552621245 -0.5345224710524249
vn 0.8017837363809595 -0.5345224710524249 -0.26726123552621245
vn 0.7276068680966881 -0.48507125533189915 -0.48507125533189915
vn 0.8017837363809595 -0.26726123552621245 -0.5345224710524249
vn 0.8017837363809595 -0.26726123552621245 -0.5345224710524249
vn 0.7276068680966881 -0.48507125533189915 -0.48507125533189915
vn 0.688247200043142 -0.2294157432818214 -0.688247200043142
vn 0.7276068680966881 -0.48507125533189915 -0.48507125533189915
vn 0.639602143648227 -0.4264014489670335 -0.639602143648227
vn 0.688247200043142 -0.2294157432818214 -0.688247200043142
vn 0.639602143648227 -0.4264014489670335 0.639602143648227
vn 0.5773502691896257 -0.5773502691896257 0.5773502691896257
vn 0.7276068680966881 -0.48507125533189915 0.48507125533189915
vn 0.5773502691896257 -0.5773502691896257 0.5773502691896257
vn 0.639602143648227 -0.639602143648227 0.4264014489670335
vn 0.7276068680966881 -0.48507125533189915 0.48507125533189915
vn 0.7276068680966881 -0.48507125533189915 0.48507125533189915
vn 0.639602143648227 -0.639602143648227 0.4264014489670335
vn 0.8017837363809595 -0.5345224710524249 0.26726123552621245
vn 0.639602143648227 -0.639602143648227 0.4264014489670335
vn 0.688247200043142 -0.688247200043142 0.2294157432818214
vn 0.8017837363809595 -0.5345224710524249 0.26726123552621245
vn 0.8017837363809595 -0.5345224710524249 0.26726123552621245
vn 0.688247200043142 -0.688247200043142 0.2294157432818214
vn 0.8320502851678979 -0.5547002099801474 6.199257710336878e-9
vn 0.688247200043142 -0.688247200043142 0.2294157432818214
vn 0.7071067811865476 -0.7071067811865476 5.268356063861754e-9
vn 0.8320502851678979 -0.5547002099801474 6.199257710336878e-9
vn 0.8320502851678979 -0.5547002099801474 6.199257710336878e-9
vn 0.7071067811865476 -0.7071067811865476 5.268356063861754e-9
vn 0.8320502851678979 -0.5547002099801474 -6.199257710336878e-9
vn 0.7071067811865476 -0.7071067811865476 5.268356063861754e-9
vn 0.7071067811865476 -0.7071067811865476 -5.268356063861754e-9
vn 0.8320502851678979 -0.5547002099801474 -6.199257710336878e-9
vn 0.8320502851678979 -0.5547002099801474 -6.199257710336878e-9
vn 0.7071067811865476 -0.7071067811865476 -5.268356063861754e-9
vn 0.8017837363809595 -0.5345224710524249 -0.26726123552621245
vn 0.7071067811865476 -0.7071067811865476 -5.268356063861754e-9
vn 0.688247200043142 -0.688247200043142 -0.2294157432818214
vn 0.8017837363809595 -0.5345224710524249 -0.26726123552621245
vn 0.8017837363809595 -0.5345224710524249 -0.26726123552621245
vn 0.688247200043142 -0.688247200043142 -0.2294157432818214
vn 0.7276068680966881 -0.48507125533189915 -0.48507125533189915
vn 0.688247200043142 -0.688247200043142 -0.2294157432818214
vn 0.639602143648227 -0.639602143648227 -0.4264014489670335
vn 0.7276068680966881 -0.48507125533189915 -0.48507125533189915
vn 0.7276068680966881 -0.48507125533189915 -0.48507125533189915
vn 0.639602143648227 -0.639602143648227 -0.4264014489670335
vn 0.639602143648227 -0.4264014489670335 -0.639602143648227
vn 0.639602143648227 -0.639602143648227 -0.4264014489670335
vn 0.5773502691896257 -0.5773502691896257 -0.5773502691896257
vn 0.639602143648227 -0.4264014489670335 -0.639602143648227
vn -0.5773502691896257 0.5773502691896257 -0.5773502691896257
vn -0.639602143648227 0.4264014489670335 -0.639602143648227
vn -0.639602143648227 0.639602143648227 -0.4264014489670335
vn -0.639602143648227 0.4264014489670335 -0.639602143648227
vn -0.7276068680966881 0.48507125533189915 -0.48507125533189915
vn -0.639602143648227 0.639602143648227 -0.4264014489670335
vn -0.639602143648227 0.639602143648227 -0.4264014489670335
vn -0.7276068680966881 0.48507125533189915 -0.48507125533189915
vn -0.688247200043142 0.688247200043142 -0.2294157432818214
vn -0.7276068680966881 0.48507125533189915 -0.48507125533189915
vn -0.8017837363809595 0.5345224710524249 -0.26726123552621245
vn -0.688247200043142 0.688247200043142 -0.2294157432818214
vn -0.688247200043142 0.688247200043142 -0.2294157432818214
vn -0.8017837363809595 0.5345224710524249 -0.26726123552621245
vn -0.7071067811865476 0.7071067811865476 -5.268356063861754e-9
vn -0.8017837363809595 0.5345224710524249 -0.26726123552621245
vn -0.8320502851678979 0.5547002099801474 -6.199257710336878e-9
vn -0.7071067811865476 0.7071067811865476 -5.268356063861754e-9
vn -0.7071067811865476 0.7071067811865476 -5.268356063861754e-9
vn -0.8320502851678979 0.5547002099801474 -6.199257710336878e-9
vn -0.7071067811865476 0.7071067811865476 5.268356063861754e-9
vn -0.8320502851678979 0.5547002099801474 -6.199257710336878e-9
vn -0.8320502851678979 0.5547002099801474 6.199257710336878e-9
vn -0.7071067811865476 0.7071067811865476 5.268356063861754e-9
vn -0.7071067811865476 0.7071067811865476 5.268356063861754e-9
vn -0.8320502851678979 0.5547002099801474 6.199257710336878e-9
vn -0.688247200043142 0.688247200043142 0.2294157432818214
vn -0.8320502851678979 0.5547002099801474 6.199257710336878e-9
vn -0.8017837363809595 0.5345224710524249 0.26726123552621245
vn -0.688247200043142 0.688247200043142 0.2294157432818214
vn -0.688247200043142 0.688247200043142 0.2294157432818214
vn -0.8017837363809595 0.5345224710524249 0.26726123552621245
vn -0.639602143648227 0.639602143648227 0.4264014489670335
vn -0.8017837363809595 0.5345224710524249 0.26726123552621245
vn -0.7276068680966881 0.48507125533189915 0.48507125533189915
vn -0.639602143648227 0.639602143648227 0.4264014489670335
vn -0.639602143648227 0.639602143648227 0.4264014489670335
vn -0.7276068680966881 0.48507125533189915 0.48507125533189915
vn -0.5773502691896257 0.5773502691896257 0.5773502691896257
vn -0.7276068680966881 0.48507125533189915 0.48507125533189915
vn -0.639602143648227 0.4264014489670335 0.639602143648227
vn -0.5773502691896257 0.5773502691896257 0.5773502691896257
vn -0.639602143648227 0.4264014489670335 -0.639602143648227
vn -0.688247200043142 0.2294157432818214 -0.688247200043142
vn -0.7276068680966881 0.48507125533189915 -0.48507125533189915
vn -0.688247200043142 0.2294157432818214 -0.688247200043142
vn -0.8017837363809595 0.26726123552621245 -0.5345224710524249
vn -0.7276068680966881 0.48507125533189915 -0.48507125533189915
vn -0.7276068680966881 0.48507125533189915 -0.48507125533189915
vn -0.8017837363809595 0.26726123552621245 -0.5345224710524249
vn -0.8017837363809595 0.5345224710524249 -0.26726123552621245
vn -0.8017837363809595 0.26726123552621245 -0.5345224710524249
vn -0.9045340337332909 0.30151134457776363 -0.30151134457776363
vn -0.8017837363809595 0.5345224710524249 -0.26726123552621245
vn -0.8017837363809595 0.5345224710524249 -0.26726123552621245
vn -0.9045340337332909 0.30151134457776363 -0.30151134457776363
vn -0.8320502851678979 0.5547002099801474 -6.199257710336878e-9
vn -0.9045340337332909 0.30151134457776363 -0.30151134457776363
vn -0.9486833010307459 0.31622775707614137 -7.068241395285323e-9
vn -0.8320502851678979 0.5547002099801474 -6.199257710336878e-9
vn -0.8320502851678979 0.5547002099801474 -6.199257710336878e-9
vn -0.9486833010307459 0.31622775707614137 -7.068241395285323e-9
vn -0.8320502851678979 0.5547002099801474 6.199257710336878e-9
vn -0.9486833010307459 0.31622775707614137 -7.068241395285323e-9
vn -0.9486833010307459 0.31622775707614137 7.068241395285323e-9
vn -0.8320502851678979 0.5547002099801474 6.199257710336878e-9
vn -0.8320502851678979 0.5547002099801474 6.199257710336878e-9
vn -0.9486833010307459 0.31622775707614137 7.068241395285323e-9
vn -0.8017837363809595 0.5345224710524249 0.26726123552621245
vn -0.9486833010307459 0.31622775707614137 7.068241395285323e-9
vn -0.9045340337332909 0.30151134457776363 0.30151134457776363
vn -0.8017837363809595 0.5345224710524249 0.26726123552621245
vn -0.8017837363809595 0.5345224710524249 0.26726123552621245
vn -0.9045340337332909 0.30151134457776363 0.30151134457776363
vn -0.7276068680966881 0.48507125533189915 0.48507125533189915
vn -0.9045340337332909 0.30151134457776363 0.30151134457776363
vn -0.8017837363809595 0.26726123552621245 0.5345224710524249
vn -0.7276068680966881 0.48507125533189915 0.48507125533189915
vn -0.7276068680966881 0.48507125533189915 0.48507125533189915
vn -0.8017837363809595 0.26726123552621245 0.5345224710524249
vn -0.639602143648227 0.4264014489670335 0.639602143648227
vn -0.8017837363809595 0.26726123552621245 0.5345224710524249
vn -0.688247200043142 0.2294157432818214 0.688247200043142
vn -0.639602143648227 0.4264014489670335 0.639602143648227
vn -0.688247200043142 0.2294157432818214 -0.688247200043142
vn -0.7071067811865476 5.268356063861754e-9 -0.7071067811865476
vn -0.8017837363809595 0.26726123552621245 -0.5345224710524249
vn -0.7071067811865476 5.268356063861754e-9 -0.7071067811865476
vn -0.8320502851678979 6.199257710336878e-9 -0.5547002099801474
vn -0.8017837363809595 0.26726123552621245 -0.5345224710524249
vn -0.8017837363809595 0.26726123552621245 -0.5345224710524249
vn -0.8320502851678979 6.199257710336878e-9 -0.5547002099801474
vn -0.9045340337332909 0.30151134457776363 -0.30151134457776363
vn -0.8320502851678979 6.199257710336878e-9 -0.5547002099801474
vn -0.9486833010307459 7.068241395285323e-9 -0.31622775707614137
vn -0.9045340337332909 0.30151134457776363 -0.30151134457776363
vn -0.9045340337332909 0.30151134457776363 -0.30151134457776363
vn -0.9486833010307459 7.068241395285323e-9 -0.31622775707614137
vn -0.9486833010307459 0.31622775707614137 -7.068241395285323e-9
vn -0.9486833010307459 7.068241395285323e-9 -0.31622775707614137
vn -1 7.450580596923828e-9 -7.450580596923828e-9
vn -0.9486833010307459 0.31622775707614137 -7.068241395285323e-9
vn -0.9486833010307459 0.31622775707614137 -7.068241395285323e-9
vn -1 7.450580596923828e-9 -7.450580596923828e-9
vn -0.9486833010307459 0.31622775707614137 7.068241395285323e-9
vn -1 7.450580596923828e-9 -7.450580596923828e-9
vn -1 7.450580596923828e-9 7.450580596923828e-9
vn -0.9486833010307459 0.31622775707614137 7.068241395285323e-9
vn -0.9486833010307459 0.31622775707614137 7.068241395285323e-9
vn -1 7.450580596923828e-9 7.450580596923828e-9
vn -0.9045340337332909 0.30151134457776363 0.30151134457776363
vn -1 7.450580596923828e-9 7.450580596923828e-9
vn -0.9486833010307459 7.068241395285323e-9 0.31622775707614137
vn -0.9045340337332909 0.30151134457776363 0.30151134457776363
vn -0.9045340337332909 0.30151134457776363 0.30151134457776363
vn -0.9486833010307459 7.068241395285323e-9 0.31622775707614137
vn -0.8017837363809595 0.26726123552621245 0.5345224710524249
vn -0.9486833010307459 7.068241395285323e-9 0.31622775707614137
vn -0.8320502851678979 6.199257710336878e-9 0.5547002099801474
vn -0.8017837363809595 0.26726123552621245 0.5345224710524249
vn -0.8017837363809595 0.26726123552621245 0.5345224710524249
vn -0.8320502851678979 6.199257710336878e-9 0.5547002099801474
vn -0.688247200043142 0.2294157432818214 0.688247200043142
vn -0.8320502851678979 6.199257710336878e-9 0.5547002099801474
vn -0.7071067811865476 5.268356063861754e-9 0.7071067811865476
vn -0.688247200043142 0.2294157432818214 0.688247200043142
vn -0.7071067811865476 5.268356063861754e-9 -0.7071067811865476
vn -0.7071067811865476 -5.268356063861754e-9 -0.7071067811865476
vn -0.8320502851678979 6.199257710336878e-9 -0.5547002099801474
vn -0.7071067811865476 -5.268356063861754e-9 -0.7071067811865476
vn -0.8320502851678979 -6.199257710336878e-9 -0.5547002099801474
vn -0.8320502851678979 6.199257710336878e-9 -0.5547002099801474
vn -0.8320502851678979 6.199257710336878e-9 -0.5547002099801474
vn -0.8320502851678979 -6.199257710336878e-9 -0.5547002099801474
vn -0.9486833010307459 7.068241395285323e-9 -0.31622775707614137
vn -0.8320502851678979 -6.199257710336878e-9 -0.5547002099801474
vn -0.9486833010307459 -7.068241395285323e-9 -0.31622775707614137
vn -0.9486833010307459 7.068241395285323e-9 -0.31622775707614137
vn -0.9486833010307459 7.068241395285323e-9 -0.31622775707614137
vn -0.9486833010307459 -7.068241395285323e-9 -0.31622775707614137
vn -1 7.450580596923828e-9 -7.450580596923828e-9
vn -0.9486833010307459 -7.068241395285323e-9 -0.31622775707614137
vn -1 -7.450580596923828e-9 -7.450580596923828e-9
vn -1 7.450580596923828e-9 -7.450580596923828e-9
vn -1 7.450580596923828e-9 -7.450580596923828e-9
vn -1 -7.450580596923828e-9 -7.450580596923828e-9
vn -1 7.450580596923828e-9 7.450580596923828e-9
vn -1 -7.450580596923828e-9 -7.450580596923828e-9
vn -1 -7.450580596923828e-9 7.450580596923828e-9
vn -1 7.450580596923828e-9 7.450580596923828e-9
vn -1 7.450580596923828e-9 7.450580596923828e-9
vn -1 -7.450580596923828e-9 7.450580596923828e-9
vn -0.9486833010307459 7.068241395285323e-9 0.31622775707614137
vn -1 -7.450580596923828e-9 7.450580596923828e-9
vn -0.9486833010307459 -7.068241395285323e-9 0.31622775707614137
vn -0.9486833010307459 7.068241395285323e-9 0.31622775707614137
vn -0.9486833010307459 7.068241395285323e-9 0.31622775707614137
vn -0.9486833010307459 -7.068241395285323e-9 0.31622775707614137
vn -0.8320502851678979 6.199257710336878e-9 0.5547002099801474
vn -0.9486833010307459 -7.068241395285323e-9 0.31622775707614137
vn -0.8320502851678979 -6.199257710336878e-9 0.5547002099801474
vn -0.8320502851678979 6.199257710336878e-9 0.5547002099801474
vn -0.8320502851678979 6.199257710336878e-9 0.5547002099801474
vn -0.8320502851678979 -6.199257710336878e-9 0.5547002099801474
vn -0.7071067811865476 5.268356063861754e-9 0.7071067811865476
vn -0.8320502851678979 -6.199257710336878e-9 0.5547002099801474
vn -0.7071067811865476 -5.268356063861754e-9 0.7071067811865476
vn -0.7071067811865476 5.268356063861754e-9 0.7071067811865476
vn -0.7071067811865476 -5.268356063861754e-9 -0.7071067811865476
vn -0.688247200043142 -0.2294157432818214 -0.688247200043142
vn -0.8320502851678979 -6.199257710336878e-9 -0.5547002099801474
vn -0.688247200043142 -0.2294157432818214 -0.688247200043142
vn -0.8017837363809595 -0.26726123552621245 -0.5345224710524249
vn -0.8320502851678979 -6.199257710336878e-9 -0.5547002099801474
vn -0.8320502851678979 -6.199257710336878e-9 -0.5547002099801474
vn -0.8017837363809595 -0.26726123552621245 -0.5345224710524249
vn -0.9486833010307459 -7.068241395285323e-9 -0.31622775707614137
vn -0.8017837363809595 -0.26726123552621245 -0.5345224710524249
vn -0.9045340337332909 -0.30151134457776363 -0.30151134457776363
vn -0.9486833010307459 -7.068241395285323e-9 -0.31622775707614137
vn -0.9486833010307459 -7.068241395285323e-9 -0.31622775707614137
vn -0.9045340337332909 -0.30151134457776363 -0.30151134457776363
vn -1 -7.450580596923828e-9 -7.450580596923828e-9
vn -0.9045340337332909 -0.30151134457776363 -0.30151134457776363
vn -0.9486833010307459 -0.31622775707614137 -7.068241395285323e-9
vn -1 -7.450580596923828e-9 -7.450580596923828e-9
vn -1 -7.450580596923828e-9 -7.450580596923828e-9
vn -0.9486833010307459 -0.31622775707614137 -7.068241395285323e-9
vn -1 -7.450580596923828e-9 7.450580596923828e-9
vn -0.9486833010307459 -0.31622775707614137 -7.068241395285323e-9
vn -0.9486833010307459 -0.31622775707614137 7.068241395285323e-9
vn -1 -7.450580596923828e-9 7.450580596923828e-9
vn -1 -7.450580596923828e-9 7.450580596923828e-9
vn -0.9486833010307459 -0.31622775707614137 7.068241395285323e-9
vn -0.9486833010307459 -7.068241395285323e-9 0.31622775707614137
vn -0.9486833010307459 -0.31622775707614137 7.068241395285323e-9
vn -0.9045340337332909 -0.30151134457776363 0.30151134457776363
vn -0.9486833010307459 -7.068241395285323e-9 0.31622775707614137
vn -0.9486833010307459 -7.068241395285323e-9 0.31622775707614137
vn -0.9045340337332909 -0.30151134457776363 0.30151134457776363
vn -0.8320502851678979 -6.199257710336878e-9 0.5547002099801474
vn -0.9045340337332909 -0.30151134457776363 0.30151134457776363
vn -0.8017837363809595 -0.26726123552621245 0.5345224710524249
vn -0.8320502851678979 -6.199257710336878e-9 0.5547002099801474
vn -0.8320502851678979 -6.199257710336878e-9 0.5547002099801474
vn -0.8017837363809595 -0.26726123552621245 0.5345224710524249
vn -0.7071067811865476 -5.268356063861754e-9 0.7071067811865476
vn -0.8017837363809595 -0.26726123552621245 0.5345224710524249
vn -0.688247200043142 -0.2294157432818214 0.688247200043142
vn -0.7071067811865476 -5.268356063861754e-9 0.7071067811865476
vn -0.688247200043142 -0.2294157432818214 -0.688247200043142
vn -0.639602143648227 -0.4264014489670335 -0.639602143648227
vn -0.8017837363809595 -0.26726123552621245 -0.5345224710524249
vn -0.639602143648227 -0.4264014489670335 -0.639602143648227
vn -0.7276068680966881 -0.48507125533189915 -0.48507125533189915
vn -0.8017837363809595 -0.26726123552621245 -0.5345224710524249
vn -0.8017837363809595 -0.26726123552621245 -0.5345224710524249
vn -0.7276068680966881 -0.48507125533189915 -0.48507125533189915
vn -0.9045340337332909 -0.30151134457776363 -0.30151134457776363
vn -0.7276068680966881 -0.48507125533189915 -0.48507125533189915
vn -0.8017837363809595 -0.5345224710524249 -0.26726123552621245
vn -0.9045340337332909 -0.30151134457776363 -0.30151134457776363
vn -0.9045340337332909 -0.30151134457776363 -0.30151134457776363
vn -0.8017837363809595 -0.5345224710524249 -0.26726123552621245
vn -0.9486833010307459 -0.31622775707614137 -7.068241395285323e-9
vn -0.8017837363809595 -0.5345224710524249 -0.26726123552621245
vn -0.8320502851678979 -0.5547002099801474 -6.199257710336878e-9
vn -0.9486833010307459 -0.31622775707614137 -7.068241395285323e-9
vn -0.9486833010307459 -0.31622775707614137 -7.068241395285323e-9
vn -0.8320502851678979 -0.5547002099801474 -6.199257710336878e-9
vn -0.9486833010307459 -0.31622775707614137 7.068241395285323e-9
vn -0.8320502851678979 -0.5547002099801474 -6.199257710336878e-9
vn -0.8320502851678979 -0.5547002099801474 6.199257710336878e-9
vn -0.9486833010307459 -0.31622775707614137 7.068241395285323e-9
vn -0.9486833010307459 -0.31622775707614137 7.068241395285323e-9
vn -0.8320502851678979 -0.5547002099801474 6.199257710336878e-9
vn -0.9045340337332909 -0.30151134457776363 0.30151134457776363
vn -0.8320502851678979 -0.5547002099801474 6.199257710336878e-9
vn -0.8017837363809595 -0.5345224710524249 0.26726123552621245
vn -0.9045340337332909 -0.30151134457776363 0.30151134457776363
vn -0.9045340337332909 -0.30151134457776363 0.30151134457776363
vn -0.8017837363809595 -0.5345224710524249 0.26726123552621245
vn -0.8017837363809595 -0.26726123552621245 0.5345224710524249
vn -0.8017837363809595 -0.5345224710524249 0.26726123552621245
vn -0.7276068680966881 -0.48507125533189915 0.48507125533189915
vn -0.8017837363809595 -0.26726123552621245 0.5345224710524249
vn -0.8017837363809595 -0.26726123552621245 0.5345224710524249
vn -0.7276068680966881 -0.48507125533189915 0.48507125533189915
vn -0.688247200043142 -0.2294157432818214 0.688247200043142
vn -0.7276068680966881 -0.48507125533189915 0.48507125533189915
vn -0.639602143648227 -0.4264014489670335 0.639602143648227
vn -0.688247200043142 -0.2294157432818214 0.688247200043142
vn -0.639602143648227 -0.4264014489670335 -0.639602143648227
vn -0.5773502691896257 -0.5773502691896257 -0.5773502691896257
vn -0.7276068680966881 -0.48507125533189915 -0.48507125533189915
vn -0.5773502691896257 -0.5773502691896257 -0.5773502691896257
vn -0.639602143648227 -0.639602143648227 -0.4264014489670335
vn -0.7276068680966881 -0.48507125533189915 -0.48507125533189915
vn -0.7276068680966881 -0.48507125533189915 -0.48507125533189915
vn -0.639602143648227 -0.639602143648227 -0.4264014489670335
vn -0.8017837363809595 -0.5345224710524249 -0.26726123552621245
vn -0.639602143648227 -0.639602143648227 -0.4264014489670335
vn -0.688247200043142 -0.688247200043142 -0.2294157432818214
vn -0.8017837363809595 -0.5345224710524249 -0.26726123552621245
vn -0.8017837363809595 -0.5345224710524249 -0.26726123552621245
vn -0.688247200043142 -0.688247200043142 -0.2294157432818214
vn -0.8320502851678979 -0.5547002099801474 -6.199257710336878e-9
vn -0.688247200043142 -0.688247200043142 -0.2294157432818214
vn -0.7071067811865476 -0.7071067811865476 -5.268356063861754e-9
vn -0.8320502851678979 -0.5547002099801474 -6.199257710336878e-9
vn -0.8320502851678979 -0.5547002099801474 -6.199257710336878e-9
vn -0.7071067811865476 -0.7071067811865476 -5.268356063861754e-9
vn -0.8320502851678979 -0.5547002099801474 6.199257710336878e-9
vn -0.7071067811865476 -0.7071067811865476 -5.268356063861754e-9
vn -0.7071067811865476 -0.7071067811865476 5.268356063861754e-9
vn -0.8320502851678979 -0.5547002099801474 6.199257710336878e-9
vn -0.8320502851678979 -0.5547002099801474 6.199257710336878e-9
vn -0.7071067811865476 -0.7071067811865476 5.268356063861754e-9
vn -0.8017837363809595 -0.5345224710524249 0.26726123552621245
vn -0.7071067811865476 -0.7071067811865476 5.268356063861754e-9
vn -0.688247200043142 -0.688247200043142 0.2294157432818214
vn -0.8017837363809595 -0.5345224710524249 0.26726123552621245
vn -0.8017837363809595 -0.5345224710524249 0.26726123552621245
vn -0.688247200043142 -0.688247200043142 0.2294157432818214
vn -0.7276068680966881 -0.48507125533189915 0.48507125533189915
vn -0.688247200043142 -0.688247200043142 0.2294157432818214
vn -0.639602143648227 -0.639602143648227 0.4264014489670335
vn -0.7276068680966881 -0.48507125533189915 0.48507125533189915
vn -0.7276068680966881 -0.48507125533189915 0.48507125533189915
vn -0.639602143648227 -0.639602143648227 0.4264014489670335
vn -0.639602143648227 -0.4264014489670335 0.639602143648227
vn -0.639602143648227 -0.639602143648227 0.4264014489670335
vn -0.5773502691896257 -0.5773502691896257 0.5773502691896257
vn -0.639602143648227 -0.4264014489670335 0.639602143648227
vn -0.5773502691896257 0.5773502691896257 -0.5773502691896257
vn -0.639602143648227 0.639602143648227 -0.4264014489670335
vn -0.4264014489670335 0.639602143648227 -0.639602143648227
vn -0.639602143648227 0.639602143648227 -0.4264014489670335
vn -0.48507125533189915 0.7276068680966881 -0.48507125533189915
vn -0.4264014489670335 0.639602143648227 -0.639602143648227
vn -0.4264014489670335 0.639602143648227 -0.639602143648227
vn -0.48507125533189915 0.7276068680966881 -0.48507125533189915
vn -0.2294157432818214 0.688247200043142 -0.688247200043142
vn -0.48507125533189915 0.7276068680966881 -0.48507125533189915
vn -0.26726123552621245 0.8017837363809595 -0.5345224710524249
vn -0.2294157432818214 0.688247200043142 -0.688247200043142
vn -0.2294157432818214 0.688247200043142 -0.688247200043142
vn -0.26726123552621245 0.8017837363809595 -0.5345224710524249
vn -5.268356063861754e-9 0.7071067811865476 -0.7071067811865476
vn -0.26726123552621245 0.8017837363809595 -0.5345224710524249
vn -6.199257710336878e-9 0.8320502851678979 -0.5547002099801474
vn -5.268356063861754e-9 0.7071067811865476 -0.7071067811865476
vn -5.268356063861754e-9 0.7071067811865476 -0.7071067811865476
vn -6.199257710336878e-9 0.8320502851678979 -0.5547002099801474
vn 5.268356063861754e-9 0.7071067811865476 -0.7071067811865476
vn -6.199257710336878e-9 0.8320502851678979 -0.5547002099801474
vn 6.199257710336878e-9 0.8320502851678979 -0.5547002099801474
vn 5.268356063861754e-9 0.7071067811865476 -0.7071067811865476
vn 5.268356063861754e-9 0.7071067811865476 -0.7071067811865476
vn 6.199257710336878e-9 0.8320502851678979 -0.5547002099801474
vn 0.2294157432818214 0.688247200043142 -0.688247200043142
vn 6.199257710336878e-9 0.8320502851678979 -0.5547002099801474
vn 0.26726123552621245 0.8017837363809595 -0.5345224710524249
vn 0.2294157432818214 0.688247200043142 -0.688247200043142
vn 0.2294157432818214 0.688247200043142 -0.688247200043142
vn 0.26726123552621245 0.8017837363809595 -0.5345224710524249
vn 0.4264014489670335 0.639602143648227 -0.639602143648227
vn 0.26726123552621245 0.8017837363809595 -0.5345224710524249
vn 0.48507125533189915 0.7276068680966881 -0.48507125533189915
vn 0.4264014489670335 0.639602143648227 -0.639602143648227
vn 0.4264014489670335 0.639602143648227 -0.639602143648227
vn 0.48507125533189915 0.7276068680966881 -0.48507125533189915
vn 0.5773502691896257 0.5773502691896257 -0.5773502691896257
vn 0.48507125533189915 0.7276068680966881 -0.48507125533189915
vn 0.639602143648227 0.639602143648227 -0.4264014489670335
vn 0.5773502691896257 0.5773502691896257 -0.5773502691896257
vn -0.639602143648227 0.639602143648227 -0.4264014489670335
vn -0.688247200043142 0.688247200043142 -0.2294157432818214
vn -0.48507125533189915 0.7276068680966881 -0.48507125533189915
vn -0.688247200043142 0.688247200043142 -0.2294157432818214
vn -0.5345224710524249 0.8017837363809595 -0.26726123552621245
vn -0.48507125533189915 0.7276068680966881 -0.48507125533189915
vn -0.48507125533189915 0.7276068680966881 -0.48507125533189915
vn -0.5345224710524249 0.8017837363809595 -0.26726123552621245
vn -0.26726123552621245 0.8017837363809595 -0.5345224710524249
vn -0.5345224710524249 0.8017837363809595 -0.26726123552621245
vn -0.30151134457776363 0.9045340337332909 -0.30151134457776363
vn -0.26726123552621245 0.8017837363809595 -0.5345224710524249
vn -0.26726123552621245 0.8017837363809595 -0.5345224710524249
vn -0.30151134457776363 0.9045340337332909 -0.30151134457776363
vn -6.199257710336878e-9 0.8320502851678979 -0.5547002099801474
vn -0.30151134457776363 0.9045340337332909 -0.30151134457776363
vn -7.068241395285323e-9 0.9486833010307459 -0.31622775707614137
vn -6.199257710336878e-9 0.8320502851678979 -0.5547002099801474
vn -6.199257710336878e-9 0.8320502851678979 -0.5547002099801474
vn -7.068241395285323e-9 0.9486833010307459 -0.31622775707614137
vn 6.199257710336878e-9 0.8320502851678979 -0.5547002099801474
vn -7.068241395285323e-9 0.9486833010307459 -0.31622775707614137
vn 7.068241395285323e-9 0.9486833010307459 -0.31622775707614137
vn 6.199257710336878e-9 0.8320502851678979 -0.5547002099801474
vn 6.199257710336878e-9 0.8320502851678979 -0.5547002099801474
vn 7.068241395285323e-9 0.9486833010307459 -0.31622775707614137
vn 0.26726123552621245 0.8017837363809595 -0.5345224710524249
vn 7.068241395285323e-9 0.9486833010307459 -0.31622775707614137
vn 0.30151134457776363 0.9045340337332909 -0.30151134457776363
vn 0.26726123552621245 0.8017837363809595 -0.5345224710524249
vn 0.26726123552621245 0.8017837363809595 -0.5345224710524249
vn 0.30151134457776363 0.9045340337332909 -0.30151134457776363
vn 0.48507125533189915 0.7276068680966881 -0.48507125533189915
vn 0.30151134457776363 0.9045340337332909 -0.30151134457776363
vn 0.5345224710524249 0.8017837363809595 -0.26726123552621245
vn 0.48507125533189915 0.7276068680966881 -0.48507125533189915
vn 0.48507125533189915 0.7276068680966881 -0.48507125533189915
vn 0.5345224710524249 0.8017837363809595 -0.26726123552621245
vn 0.639602143648227 0.639602143648227 -0.4264014489670335
vn 0.5345224710524249 0.8017837363809595 -0.26726123552621245
vn 0.688247200043142 0.688247200043142 -0.2294157432818214
vn 0.639602143648227 0.639602143648227 -0.4264014489670335
vn -0.688247200043142 0.688247200043142 -0.2294157432818214
vn -0.7071067811865476 0.7071067811865476 -5.268356063861754e-9
vn -0.5345224710524249 0.8017837363809595 -0.26726123552621245
vn -0.7071067811865476 0.7071067811865476 -5.268356063861754e-9
vn -0.5547002099801474 0.8320502851678979 -6.199257710336878e-9
vn -0.5345224710524249 0.8017837363809595 -0.26726123552621245
vn -0.5345224710524249 0.8017837363809595 -0.26726123552621245
vn -0.5547002099801474 0.8320502851678979 -6.199257710336878e-9
vn -0.30151134457776363 0.9045340337332909 -0.30151134457776363
vn -0.5547002099801474 0.8320502851678979 -6.199257710336878e-9
vn -0.31622775707614137 0.9486833010307459 -7.068241395285323e-9
vn -0.30151134457776363 0.9045340337332909 -0.30151134457776363
vn -0.30151134457776363 0.9045340337332909 -0.30151134457776363
vn -0.31622775707614137 0.9486833010307459 -7.068241395285323e-9
vn -7.068241395285323e-9 0.9486833010307459 -0.31622775707614137
vn -0.31622775707614137 0.9486833010307459 -7.068241395285323e-9
vn -7.450580596923828e-9 1 -7.450580596923828e-9
vn -7.068241395285323e-9 0.9486833010307459 -0.31622775707614137
vn -7.068241395285323e-9 0.9486833010307459 -0.31622775707614137
vn -7.450580596923828e-9 1 -7.450580596923828e-9
vn 7.068241395285323e-9 0.9486833010307459 -0.31622775707614137
vn -7.450580596923828e-9 1 -7.450580596923828e-9
vn 7.450580596923828e-9 1 -7.450580596923828e-9
vn 7.068241395285323e-9 0.9486833010307459 -0.31622775707614137
vn 7.068241395285323e-9 0.9486833010307459 -0.31622775707614137
vn 7.450580596923828e-9 1 -7.450580596923828e-9
vn 0.30151134457776363 0.9045340337332909 -0.30151134457776363
vn 7.450580596923828e-9 1 -7.450580596923828e-9
vn 0.31622775707614137 0.9486833010307459 -7.068241395285323e-9
vn 0.30151134457776363 0.9045340337332909 -0.30151134457776363
vn 0.30151134457776363 0.9045340337332909 -0.30151134457776363
vn 0.31622775707614137 0.9486833010307459 -7.068241395285323e-9
vn 0.5345224710524249 0.8017837363809595 -0.26726123552621245
vn 0.31622775707614137 0.9486833010307459 -7.068241395285323e-9
vn 0.5547002099801474 0.8320502851678979 -6.199257710336878e-9
vn 0.5345224710524249 0.8017837363809595 -0.26726123552621245
vn 0.5345224710524249 0.8017837363809595 -0.26726123552621245
vn 0.5547002099801474 0.8320502851678979 -6.199257710336878e-9
vn 0.688247200043142 0.688247200043142 -0.2294157432818214
vn 0.5547002099801474 0.8320502851678979 -6.199257710336878e-9
vn 0.7071067811865476 0.7071067811865476 -5.268356063861754e-9
vn 0.688247200043142 0.688247200043142 -0.2294157432818214
vn -0.7071067811865476 0.7071067811865476 -5.268356063861754e-9
vn -0.7071067811865476 0.7071067811865476 5.268356063861754e-9
vn -0.5547002099801474 0.8320502851678979 -6.199257710336878e-9
vn -0.7071067811865476 0.7071067811865476 5.268356063861754e-9
vn -0.5547002099801474 0.8320502851678979 6.199257710336878e-9
vn -0.5547002099801474 0.8320502851678979 -6.199257710336878e-9
vn -0.5547002099801474 0.8320502851678979 -6.199257710336878e-9
vn -0.5547002099801474 0.8320502851678979 6.199257710336878e-9
vn -0.31622775707614137 0.9486833010307459 -7.068241395285323e-9
vn -0.5547002099801474 0.8320502851678979 6.199257710336878e-9
vn -0.31622775707614137 0.9486833010307459 7.068241395285323e-9
vn -0.31622775707614137 0.9486833010307459 -7.068241395285323e-9
vn -0.31622775707614137 0.9486833010307459 -7.068241395285323e-9
vn -0.31622775707614137 0.9486833010307459 7.068241395285323e-9
vn -7.450580596923828e-9 1 -7.450580596923828e-9
vn -0.31622775707614137 0.9486833010307459 7.068241395285323e-9
vn -7.450580596923828e-9 1 7.450580596923828e-9
vn -7.450580596923828e-9 1 -7.450580596923828e-9
vn -7.450580596923828e-9 1 -7.450580596923828e-9
vn -7.450580596923828e-9 1 7.450580596923828e-9
vn 7.450580596923828e-9 1 -7.450580596923828e-9
vn -7.450580596923828e-9 1 7.450580596923828e-9
vn 7.450580596923828e-9 1 7.450580596923828e-9
vn 7.450580596923828e-9 1 -7.450580596923828e-9
vn 7.450580596923828e-9 1 -7.450580596923828e-9
vn 7.450580596923828e-9 1 7.450580596923828e-9
vn 0.31622775707614137 0.9486833010307459 -7.068241395285323e-9
vn 7.450580596923828e-9 1 7.450580596923828e-9
vn 0.31622775707614137 0.9486833010307459 7.068241395285323e-9
vn 0.31622775707614137 0.9486833010307459 -7.068241395285323e-9
vn 0.31622775707614137 0.9486833010307459 -7.068241395285323e-9
vn 0.31622775707614137 0.9486833010307459 7.068241395285323e-9
vn 0.5547002099801474 0.8320502851678979 -6.199257710336878e-9
vn 0.31622775707614137 0.9486833010307459 7.068241395285323e-9
vn 0.5547002099801474 0.8320502851678979 6.199257710336878e-9
vn 0.5547002099801474 0.8320502851678979 -6.199257710336878e-9
vn 0.5547002099801474 0.8320502851678979 -6.199257710336878e-9
vn 0.5547002099801474 0.8320502851678979 6.199257710336878e-9
vn 0.7071067811865476 0.7071067811865476 -5.268356063861754e-9
vn 0.5547002099801474 0.8320502851678979 6.199257710336878e-9
vn 0.7071067811865476 0.7071067811865476 5.268356063861754e-9
vn 0.7071067811865476 0.7071067811865476 -5.268356063861754e-9
vn -0.7071067811865476 0.7071067811865476 5.268356063861754e-9
vn -0.688247200043142 0.688247200043142 0.2294157432818214
vn -0.5547002099801474 0.8320502851678979 6.199257710336878e-9
vn -0.688247200043142 0.688247200043142 0.2294157432818214
vn -0.5345224710524249 0.8017837363809595 0.26726123552621245
vn -0.5547002099801474 0.8320502851678979 6.199257710336878e-9
vn -0.5547002099801474 0.8320502851678979 6.199257710336878e-9
vn -0.5345224710524249 0.8017837363809595 0.26726123552621245
vn -0.31622775707614137 0.9486833010307459 7.068241395285323e-9
vn -0.5345224710524249 0.8017837363809595 0.26726123552621245
vn -0.30151134457776363 0.9045340337332909 0.30151134457776363
vn -0.31622775707614137 0.9486833010307459 7.068241395285323e-9
vn -0.31622775707614137 0.9486833010307459 7.068241395285323e-9
vn -0.30151134457776363 0.9045340337332909 0.30151134457776363
vn -7.450580596923828e-9 1 7.450580596923828e-9
vn -0.30151134457776363 0.9045340337332909 0.30151134457776363
vn -7.068241395285323e-9 0.9486833010307459 0.31622775707614137
vn -7.450580596923828e-9 1 7.450580596923828e-9
vn -7.450580596923828e-9 1 7.450580596923828e-9
vn -7.068241395285323e-9 0.9486833010307459 0.31622775707614137
vn 7.450580596923828e-9 1 7.450580596923828e-9
vn -7.068241395285323e-9 0.9486833010307459 0.31622775707614137
vn 7.068241395285323e-9 0.9486833010307459 0.31622775707614137
vn 7.450580596923828e-9 1 7.450580596923828e-9
vn 7.450580596923828e-9 1 7.450580596923828e-9
vn 7.068241395285323e-9 0.9486833010307459 0.31622775707614137
vn 0.31622775707614137 0.9486833010307459 7.068241395285323e-9
vn 7.068241395285323e-9 0.9486833010307459 0.31622775707614137
vn 0.30151134457776363 0.9045340337332909 0.30151134457776363
vn 0.31622775707614137 0.9486833010307459 7.068241395285323e-9
vn 0.31622775707614137 0.9486833010307459 7.068241395285323e-9
vn 0.30151134457776363 0.9045340337332909 0.30151134457776363
vn 0.5547002099801474 0.8320502851678979 6.199257710336878e-9
vn 0.30151134457776363 0.9045340337332909 0.30151134457776363
vn 0.5345224710524249 0.8017837363809595 0.26726123552621245
vn 0.5547002099801474 0.8320502851678979 6.199257710336878e-9
vn 0.5547002099801474 0.8320502851678979 6.199257710336878e-9
vn 0.5345224710524249 0.8017837363809595 0.26726123552621245
vn 0.7071067811865476 0.7071067811865476 5.268356063861754e-9
vn 0.5345224710524249 0.8017837363809595 0.26726123552621245
vn 0.688247200043142 0.688247200043142 0.2294157432818214
vn 0.7071067811865476 0.7071067811865476 5.268356063861754e-9
vn -0.688247200043142 0.688247200043142 0.2294157432818214
vn -0.639602143648227 0.639602143648227 0.4264014489670335
vn -0.5345224710524249 0.8017837363809595 0.26726123552621245
vn -0.639602143648227 0.639602143648227 0.4264014489670335
vn -0.48507125533189915 0.7276068680966881 0.48507125533189915
vn -0.5345224710524249 0.8017837363809595 0.26726123552621245
vn -0.5345224710524249 0.8017837363809595 0.26726123552621245
vn -0.48507125533189915 0.7276068680966881 0.48507125533189915
vn -0.30151134457776363 0.9045340337332909 0.30151134457776363
vn -0.48507125533189915 0.7276068680966881 0.48507125533189915
vn -0.26726123552621245 0.8017837363809595 0.5345224710524249
vn -0.30151134457776363 0.9045340337332909 0.30151134457776363
vn -0.30151134457776363 0.9045340337332909 0.30151134457776363
vn -0.26726123552621245 0.8017837363809595 0.5345224710524249
vn -7.068241395285323e-9 0.9486833010307459 0.31622775707614137
vn -0.26726123552621245 0.8017837363809595 0.5345224710524249
vn -6.199257710336878e-9 0.8320502851678979 0.5547002099801474
vn -7.068241395285323e-9 0.9486833010307459 0.31622775707614137
vn -7.068241395285323e-9 0.9486833010307459 0.31622775707614137
vn -6.199257710336878e-9 0.8320502851678979 0.5547002099801474
vn 7.068241395285323e-9 0.9486833010307459 0.31622775707614137
vn -6.199257710336878e-9 0.8320502851678979 0.5547002099801474
vn 6.199257710336878e-9 0.8320502851678979 0.5547002099801474
vn 7.068241395285323e-9 0.9486833010307459 0.31622775707614137
vn 7.068241395285323e-9 0.9486833010307459 0.31622775707614137
vn 6.199257710336878e-9 0.8320502851678979 0.5547002099801474
vn 0.30151134457776363 0.9045340337332909 0.30151134457776363
vn 6.199257710336878e-9 0.8320502851678979 0.5547002099801474
vn 0.26726123552621245 0.8017837363809595 0.5345224710524249
vn 0.30151134457776363 0.9045340337332909 0.30151134457776363
vn 0.30151134457776363 0.9045340337332909 0.30151134457776363
vn 0.26726123552621245 0.8017837363809595 0.5345224710524249
vn 0.5345224710524249 0.8017837363809595 0.26726123552621245
vn 0.26726123552621245 0.8017837363809595 0.5345224710524249
vn 0.48507125533189915 0.7276068680966881 0.48507125533189915
vn 0.5345224710524249 0.8017837363809595 0.26726123552621245
vn 0.5345224710524249 0.8017837363809595 0.26726123552621245
vn 0.48507125533189915 0.7276068680966881 0.48507125533189915
vn 0.688247200043142 0.688247200043142 0.2294157432818214
vn 0.48507125533189915 0.7276068680966881 0.48507125533189915
vn 0.639602143648227 0.639602143648227 0.4264014489670335
vn 0.688247200043142 0.688247200043142 0.2294157432818214
vn -0.639602143648227 0.639602143648227 0.4264014489670335
vn -0.5773502691896257 0.5773502691896257 0.5773502691896257
vn -0.48507125533189915 0.7276068680966881 0.48507125533189915
vn -0.5773502691896257 0.5773502691896257 0.5773502691896257
vn -0.4264014489670335 0.639602143648227 0.639602143648227
vn -0.48507125533189915 0.7276068680966881 0.48507125533189915
vn -0.48507125533189915 0.7276068680966881 0.48507125533189915
vn -0.4264014489670335 0.639602143648227 0.639602143648227
vn -0.26726123552621245 0.8017837363809595 0.5345224710524249
vn -0.4264014489670335 0.639602143648227 0.639602143648227
vn -0.2294157432818214 0.688247200043142 0.688247200043142
vn -0.26726123552621245 0.8017837363809595 0.5345224710524249
vn -0.26726123552621245 0.8017837363809595 0.5345224710524249
vn -0.2294157432818214 0.688247200043142 0.688247200043142
vn -6.199257710336878e-9 0.8320502851678979 0.5547002099801474
vn -0.2294157432818214 0.688247200043142 0.688247200043142
vn -5.268356063861754e-9 0.7071067811865476 0.7071067811865476
vn -6.199257710336878e-9 0.8320502851678979 0.5547002099801474
vn -6.199257710336878e-9 0.8320502851678979 0.5547002099801474
vn -5.268356063861754e-9 0.7071067811865476 0.7071067811865476
vn 6.199257710336878e-9 0.8320502851678979 0.5547002099801474
vn -5.268356063861754e-9 0.7071067811865476 0.7071067811865476
vn 5.268356063861754e-9 0.7071067811865476 0.7071067811865476
vn 6.199257710336878e-9 0.8320502851678979 0.5547002099801474
vn 6.199257710336878e-9 0.8320502851678979 0.5547002099801474
vn 5.268356063861754e-9 0.7071067811865476 0.7071067811865476
vn 0.26726123552621245 0.8017837363809595 0.5345224710524249
vn 5.268356063861754e-9 0.7071067811865476 0.7071067811865476
vn 0.2294157432818214 0.688247200043142 0.688247200043142
vn 0.26726123552621245 0.8017837363809595 0.5345224710524249
vn 0.26726123552621245 0.8017837363809595 0.5345224710524249
vn 0.2294157432818214 0.688247200043142 0.688247200043142
vn 0.48507125533189915 0.7276068680966881 0.48507125533189915
vn 0.2294157432818214 0.688247200043142 0.688247200043142
vn 0.4264014489670335 0.639602143648227 0.639602143648227
vn 0.48507125533189915 0.7276068680966881 0.48507125533189915
vn 0.48507125533189915 0.7276068680966881 0.48507125533189915
vn 0.4264014489670335 0.639602143648227 0.639602143648227
vn 0.639602143648227 0.639602143648227 0.4264014489670335
vn 0.4264014489670335 0.639602143648227 0.639602143648227
vn 0.5773502691896257 0.5773502691896257 0.5773502691896257
vn 0.639602143648227 0.639602143648227 0.4264014489670335
vn -0.5773502691896257 -0.5773502691896257 0.5773502691896257
vn -0.639602143648227 -0.639602143648227 0.4264014489670335
vn -0.4264014489670335 -0.639602143648227 0.639602143648227
vn -0.639602143648227 -0.639602143648227 0.4264014489670335
vn -0.48507125533189915 -0.7276068680966881 0.48507125533189915
vn -0.4264014489670335 -0.639602143648227 0.639602143648227
vn -0.4264014489670335 -0.639602143648227 0.639602143648227
vn -0.48507125533189915 -0.7276068680966881 0.48507125533189915
vn -0.2294157432818214 -0.688247200043142 0.688247200043142
vn -0.48507125533189915 -0.7276068680966881 0.48507125533189915
vn -0.26726123552621245 -0.8017837363809595 0.5345224710524249
vn -0.2294157432818214 -0.688247200043142 0.688247200043142
vn -0.2294157432818214 -0.688247200043142 0.688247200043142
vn -0.26726123552621245 -0.8017837363809595 0.5345224710524249
vn -5.268356063861754e-9 -0.7071067811865476 0.7071067811865476
vn -0.26726123552621245 -0.8017837363809595 0.5345224710524249
vn -6.199257710336878e-9 -0.8320502851678979 0.5547002099801474
vn -5.268356063861754e-9 -0.7071067811865476 0.7071067811865476
vn -5.268356063861754e-9 -0.7071067811865476 0.7071067811865476
vn -6.199257710336878e-9 -0.8320502851678979 0.5547002099801474
vn 5.268356063861754e-9 -0.7071067811865476 0.7071067811865476
vn -6.199257710336878e-9 -0.8320502851678979 0.5547002099801474
vn 6.199257710336878e-9 -0.8320502851678979 0.5547002099801474
vn 5.268356063861754e-9 -0.7071067811865476 0.7071067811865476
vn 5.268356063861754e-9 -0.7071067811865476 0.7071067811865476
vn 6.199257710336878e-9 -0.8320502851678979 0.5547002099801474
vn 0.2294157432818214 -0.688247200043142 0.688247200043142
vn 6.199257710336878e-9 -0.8320502851678979 0.5547002099801474
vn 0.26726123552621245 -0.8017837363809595 0.5345224710524249
vn 0.2294157432818214 -0.688247200043142 0.688247200043142
vn 0.2294157432818214 -0.688247200043142 0.688247200043142
vn 0.26726123552621245 -0.8017837363809595 0.5345224710524249
vn 0.4264014489670335 -0.639602143648227 0.639602143648227
vn 0.26726123552621245 -0.8017837363809595 0.5345224710524249
vn 0.48507125533189915 -0.7276068680966881 0.48507125533189915
vn 0.4264014489670335 -0.639602143648227 0.639602143648227
vn 0.4264014489670335 -0.639602143648227 0.639602143648227
vn 0.48507125533189915 -0.7276068680966881 0.48507125533189915
vn 0.5773502691896257 -0.5773502691896257 0.5773502691896257
vn 0.48507125533189915 -0.7276068680966881 0.48507125533189915
vn 0.639602143648227 -0.639602143648227 0.4264014489670335
vn 0.5773502691896257 -0.5773502691896257 0.5773502691896257
vn -0.639602143648227 -0.639602143648227 0.4264014489670335
vn -0.688247200043142 -0.688247200043142 0.2294157432818214
vn -0.48507125533189915 -0.7276068680966881 0.48507125533189915
vn -0.688247200043142 -0.688247200043142 0.2294157432818214
vn -0.5345224710524249 -0.8017837363809595 0.26726123552621245
vn -0.48507125533189915 -0.7276068680966881 0.48507125533189915
vn -0.48507125533189915 -0.7276068680966881 0.48507125533189915
vn -0.5345224710524249 -0.8017837363809595 0.26726123552621245
vn -0.26726123552621245 -0.8017837363809595 0.5345224710524249
vn -0.5345224710524249 -0.8017837363809595 0.26726123552621245
vn -0.30151134457776363 -0.9045340337332909 0.30151134457776363
vn -0.26726123552621245 -0.8017837363809595 0.5345224710524249
vn -0.26726123552621245 -0.8017837363809595 0.5345224710524249
vn -0.30151134457776363 -0.9045340337332909 0.30151134457776363
vn -6.199257710336878e-9 -0.8320502851678979 0.5547002099801474
vn -0.30151134457776363 -0.9045340337332909 0.30151134457776363
vn -7.068241395285323e-9 -0.9486833010307459 0.31622775707614137
vn -6.199257710336878e-9 -0.8320502851678979 0.5547002099801474
vn -6.199257710336878e-9 -0.8320502851678979 0.5547002099801474
vn -7.068241395285323e-9 -0.9486833010307459 0.31622775707614137
vn 6.199257710336878e-9 -0.8320502851678979 0.5547002099801474
vn -7.068241395285323e-9 -0.9486833010307459 0.31622775707614137
vn 7.068241395285323e-9 -0.9486833010307459 0.31622775707614137
vn 6.199257710336878e-9 -0.8320502851678979 0.5547002099801474
vn 6.199257710336878e-9 -0.8320502851678979 0.5547002099801474
vn 7.068241395285323e-9 -0.9486833010307459 0.31622775707614137
vn 0.26726123552621245 -0.8017837363809595 0.5345224710524249
vn 7.068241395285323e-9 -0.9486833010307459 0.31622775707614137
vn 0.30151134457776363 -0.9045340337332909 0.30151134457776363
vn 0.26726123552621245 -0.8017837363809595 0.5345224710524249
vn 0.26726123552621245 -0.8017837363809595 0.5345224710524249
vn 0.30151134457776363 -0.9045340337332909 0.30151134457776363
vn 0.48507125533189915 -0.7276068680966881 0.48507125533189915
vn 0.30151134457776363 -0.9045340337332909 0.30151134457776363
vn 0.5345224710524249 -0.8017837363809595 0.26726123552621245
vn 0.48507125533189915 -0.7276068680966881 0.48507125533189915
vn 0.48507125533189915 -0.7276068680966881 0.48507125533189915
vn 0.5345224710524249 -0.8017837363809595 0.26726123552621245
vn 0.639602143648227 -0.639602143648227 0.4264014489670335
vn 0.5345224710524249 -0.8017837363809595 0.26726123552621245
vn 0.688247200043142 -0.688247200043142 0.2294157432818214
vn 0.639602143648227 -0.639602143648227 0.4264014489670335
vn -0.688247200043142 -0.688247200043142 0.2294157432818214
vn -0.7071067811865476 -0.7071067811865476 5.268356063861754e-9
vn -0.5345224710524249 -0.8017837363809595 0.26726123552621245
vn -0.7071067811865476 -0.7071067811865476 5.268356063861754e-9
vn -0.5547002099801474 -0.8320502851678979 6.199257710336878e-9
vn -0.5345224710524249 -0.8017837363809595 0.26726123552621245
vn -0.5345224710524249 -0.8017837363809595 0.26726123552621245
vn -0.5547002099801474 -0.8320502851678979 6.199257710336878e-9
vn -0.30151134457776363 -0.9045340337332909 0.30151134457776363
vn -0.5547002099801474 -0.8320502851678979 6.199257710336878e-9
vn -0.31622775707614137 -0.9486833010307459 7.068241395285323e-9
vn -0.30151134457776363 -0.9045340337332909 0.30151134457776363
vn -0.30151134457776363 -0.9045340337332909 0.30151134457776363
vn -0.31622775707614137 -0.9486833010307459 7.068241395285323e-9
vn -7.068241395285323e-9 -0.9486833010307459 0.31622775707614137
vn -0.31622775707614137 -0.9486833010307459 7.068241395285323e-9
vn -7.450580596923828e-9 -1 7.450580596923828e-9
vn -7.068241395285323e-9 -0.9486833010307459 0.31622775707614137
vn -7.068241395285323e-9 -0.9486833010307459 0.31622775707614137
vn -7.450580596923828e-9 -1 7.450580596923828e-9
vn 7.068241395285323e-9 -0.9486833010307459 0.31622775707614137
vn -7.450580596923828e-9 -1 7.450580596923828e-9
vn 7.450580596923828e-9 -1 7.450580596923828e-9
vn 7.068241395285323e-9 -0.9486833010307459 0.31622775707614137
vn 7.068241395285323e-9 -0.9486833010307459 0.31622775707614137
vn 7.450580596923828e-9 -1 7.450580596923828e-9
vn 0.30151134457776363 -0.9045340337332909 0.30151134457776363
vn 7.450580596923828e-9 -1 7.450580596923828e-9
vn 0.31622775707614137 -0.9486833010307459 7.068241395285323e-9
vn 0.30151134457776363 -0.9045340337332909 0.30151134457776363
vn 0.30151134457776363 -0.9045340337332909 0.30151134457776363
vn 0.31622775707614137 -0.9486833010307459 7.068241395285323e-9
vn 0.5345224710524249 -0.8017837363809595 0.26726123552621245
vn 0.31622775707614137 -0.9486833010307459 7.068241395285323e-9
vn 0.5547002099801474 -0.8320502851678979 6.199257710336878e-9
vn 0.5345224710524249 -0.8017837363809595 0.26726123552621245
vn 0.5345224710524249 -0.8017837363809595 0.26726123552621245
vn 0.5547002099801474 -0.8320502851678979 6.199257710336878e-9
vn 0.688247200043142 -0.688247200043142 0.2294157432818214
vn 0.5547002099801474 -0.8320502851678979 6.199257710336878e-9
vn 0.7071067811865476 -0.7071067811865476 5.268356063861754e-9
vn 0.688247200043142 -0.688247200043142 0.2294157432818214
vn -0.7071067811865476 -0.7071067811865476 5.268356063861754e-9
vn -0.7071067811865476 -0.7071067811865476 -5.268356063861754e-9
vn -0.5547002099801474 -0.8320502851678979 6.199257710336878e-9
vn -0.7071067811865476 -0.7071067811865476 -5.268356063861754e-9
vn -0.5547002099801474 -0.8320502851678979 -6.199257710336878e-9
vn -0.5547002099801474 -0.8320502851678979 6.199257710336878e-9
vn -0.5547002099801474 -0.8320502851678979 6.199257710336878e-9
vn -0.5547002099801474 -0.8320502851678979 -6.199257710336878e-9
vn -0.31622775707614137 -0.9486833010307459 7.068241395285323e-9
vn -0.5547002099801474 -0.8320502851678979 -6.199257710336878e-9
vn -0.31622775707614137 -0.9486833010307459 -7.068241395285323e-9
vn -0.31622775707614137 -0.9486833010307459 7.068241395285323e-9
vn -0.31622775707614137 -0.9486833010307459 7.068241395285323e-9
vn -0.31622775707614137 -0.9486833010307459 -7.068241395285323e-9
vn -7.450580596923828e-9 -1 7.450580596923828e-9
vn -0.31622775707614137 -0.9486833010307459 -7.068241395285323e-9
vn -7.450580596923828e-9 -1 -7.450580596923828e-9
vn -7.450580596923828e-9 -1 7.450580596923828e-9
vn -7.450580596923828e-9 -1 7.450580596923828e-9
vn -7.450580596923828e-9 -1 -7.450580596923828e-9
vn 7.450580596923828e-9 -1 7.450580596923828e-9
vn -7.450580596923828e-9 -1 -7.450580596923828e-9
vn 7.450580596923828e-9 -1 -7.450580596923828e-9
vn 7.450580596923828e-9 -1 7.450580596923828e-9
vn 7.450580596923828e-9 -1 7.450580596923828e-9
vn 7.450580596923828e-9 -1 -7.450580596923828e-9
vn 0.31622775707614137 -0.9486833010307459 7.068241395285323e-9
vn 7.450580596923828e-9 -1 -7.450580596923828e-9
vn 0.31622775707614137 -0.9486833010307459 -7.068241395285323e-9
vn 0.31622775707614137 -0.9486833010307459 7.068241395285323e-9
vn 0.31622775707614137 -0.9486833010307459 7.068241395285323e-9
vn 0.31622775707614137 -0.9486833010307459 -7.068241395285323e-9
vn 0.5547002099801474 -0.8320502851678979 6.199257710336878e-9
vn 0.31622775707614137 -0.9486833010307459 -7.068241395285323e-9
vn 0.5547002099801474 -0.8320502851678979 -6.199257710336878e-9
vn 0.5547002099801474 -0.8320502851678979 6.199257710336878e-9
vn 0.5547002099801474 -0.8320502851678979 6.199257710336878e-9
vn 0.5547002099801474 -0.8320502851678979 -6.199257710336878e-9
vn 0.7071067811865476 -0.7071067811865476 5.268356063861754e-9
vn 0.5547002099801474 -0.8320502851678979 -6.199257710336878e-9
vn 0.7071067811865476 -0.7071067811865476 -5.268356063861754e-9
vn 0.7071067811865476 -0.7071067811865476 5.268356063861754e-9
vn -0.7071067811865476 -0.7071067811865476 -5.268356063861754e-9
vn -0.688247200043142 -0.688247200043142 -0.2294157432818214
vn -0.5547002099801474 -0.8320502851678979 -6.199257710336878e-9
vn -0.688247200043142 -0.688247200043142 -0.2294157432818214
vn -0.5345224710524249 -0.8017837363809595 -0.26726123552621245
vn -0.5547002099801474 -0.8320502851678979 -6.199257710336878e-9
vn -0.5547002099801474 -0.8320502851678979 -6.199257710336878e-9
vn -0.5345224710524249 -0.8017837363809595 -0.26726123552621245
vn -0.31622775707614137 -0.9486833010307459 -7.068241395285323e-9
vn -0.5345224710524249 -0.8017837363809595 -0.26726123552621245
vn -0.30151134457776363 -0.9045340337332909 -0.30151134457776363
vn -0.31622775707614137 -0.9486833010307459 -7.068241395285323e-9
vn -0.31622775707614137 -0.9486833010307459 -7.068241395285323e-9
vn -0.30151134457776363 -0.9045340337332909 -0.30151134457776363
vn -7.450580596923828e-9 -1 -7.450580596923828e-9
vn -0.30151134457776363 -0.9045340337332909 -0.30151134457776363
vn -7.068241395285323e-9 -0.9486833010307459 -0.31622775707614137
vn -7.450580596923828e-9 -1 -7.450580596923828e-9
vn -7.450580596923828e-9 -1 -7.450580596923828e-9
vn -7.068241395285323e-9 -0.9486833010307459 -0.31622775707614137
vn 7.450580596923828e-9 -1 -7.450580596923828e-9
vn -7.068241395285323e-9 -0.9486833010307459 -0.31622775707614137
vn 7.068241395285323e-9 -0.9486833010307459 -0.31622775707614137
vn 7.450580596923828e-9 -1 -7.450580596923828e-9
vn 7.450580596923828e-9 -1 -7.450580596923828e-9
vn 7.068241395285323e-9 -0.9486833010307459 -0.31622775707614137
vn 0.31622775707614137 -0.9486833010307459 -7.068241395285323e-9
vn 7.068241395285323e-9 -0.9486833010307459 -0.31622775707614137
vn 0.30151134457776363 -0.9045340337332909 -0.30151134457776363
vn 0.31622775707614137 -0.9486833010307459 -7.068241395285323e-9
vn 0.31622775707614137 -0.9486833010307459 -7.068241395285323e-9
vn 0.30151134457776363 -0.9045340337332909 -0.30151134457776363
vn 0.5547002099801474 -0.8320502851678979 -6.199257710336878e-9
vn 0.30151134457776363 -0.9045340337332909 -0.30151134457776363
vn 0.5345224710524249 -0.8017837363809595 -0.26726123552621245
vn 0.5547002099801474 -0.8320502851678979 -6.199257710336878e-9
vn 0.5547002099801474 -0.8320502851678979 -6.199257710336878e-9
vn 0.5345224710524249 -0.8017837363809595 -0.26726123552621245
vn 0.7071067811865476 -0.7071067811865476 -5.268356063861754e-9
vn 0.5345224710524249 -0.8017837363809595 -0.26726123552621245
vn 0.688247200043142 -0.688247200043142 -0.2294157432818214
vn 0.7071067811865476 -0.7071067811865476 -5.268356063861754e-9
vn -0.688247200043142 -0.688247200043142 -0.2294157432818214
vn -0.639602143648227 -0.639602143648227 -0.4264014489670335
vn -0.5345224710524249 -0.8017837363809595 -0.26726123552621245
vn -0.639602143648227 -0.639602143648227 -0.4264014489670335
vn -0.48507125533189915 -0.7276068680966881 -0.48507125533189915
vn -0.5345224710524249 -0.8017837363809595 -0.26726123552621245
vn -0.5345224710524249 -0.8017837363809595 -0.26726123552621245
vn -0.48507125533189915 -0.7276068680966881 -0.48507125533189915
vn -0.30151134457776363 -0.9045340337332909 -0.30151134457776363
vn -0.48507125533189915 -0.7276068680966881 -0.48507125533189915
vn -0.26726123552621245 -0.8017837363809595 -0.5345224710524249
vn -0.30151134457776363 -0.9045340337332909 -0.30151134457776363
vn -0.30151134457776363 -0.9045340337332909 -0.30151134457776363
vn -0.26726123552621245 -0.8017837363809595 -0.5345224710524249
vn -7.068241395285323e-9 -0.9486833010307459 -0.31622775707614137
vn -0.26726123552621245 -0.8017837363809595 -0.5345224710524249
vn -6.199257710336878e-9 -0.8320502851678979 -0.5547002099801474
vn -7.068241395285323e-9 -0.9486833010307459 -0.31622775707614137
vn -7.068241395285323e-9 -0.9486833010307459 -0.31622775707614137
vn -6.199257710336878e-9 -0.8320502851678979 -0.5547002099801474
vn 7.068241395285323e-9 -0.9486833010307459 -0.31622775707614137
vn -6.199257710336878e-9 -0.8320502851678979 -0.5547002099801474
vn 6.199257710336878e-9 -0.8320502851678979 -0.5547002099801474
vn 7.068241395285323e-9 -0.9486833010307459 -0.31622775707614137
vn 7.068241395285323e-9 -0.9486833010307459 -0.31622775707614137
vn 6.199257710336878e-9 -0.8320502851678979 -0.5547002099801474
vn 0.30151134457776363 -0.9045340337332909 -0.30151134457776363
vn 6.199257710336878e-9 -0.8320502851678979 -0.5547002099801474
vn 0.26726123552621245 -0.8017837363809595 -0.5345224710524249
vn 0.30151134457776363 -0.9045340337332909 -0.30151134457776363
vn 0.30151134457776363 -0.9045340337332909 -0.30151134457776363
vn 0.26726123552621245 -0.8017837363809595 -0.5345224710524249
vn 0.5345224710524249 -0.8017837363809595 -0.26726123552621245
vn 0.26726123552621245 -0.8017837363809595 -0.5345224710524249
vn 0.48507125533189915 -0.7276068680966881 -0.48507125533189915
vn 0.5345224710524249 -0.8017837363809595 -0.26726123552621245
vn 0.5345224710524249 -0.8017837363809595 -0.26726123552621245
vn 0.48507125533189915 -0.7276068680966881 -0.48507125533189915
vn 0.688247200043142 -0.688247200043142 -0.2294157432818214
vn 0.48507125533189915 -0.7276068680966881 -0.48507125533189915
vn 0.639602143648227 -0.639602143648227 -0.4264014489670335
vn 0.688247200043142 -0.688247200043142 -0.2294157432818214
vn -0.639602143648227 -0.639602143648227 -0.4264014489670335
vn -0.5773502691896257 -0.5773502691896257 -0.5773502691896257
vn -0.48507125533189915 -0.7276068680966881 -0.48507125533189915
vn -0.5773502691896257 -0.5773502691896257 -0.5773502691896257
vn -0.4264014489670335 -0.639602143648227 -0.639602143648227
vn -0.48507125533189915 -0.7276068680966881 -0.48507125533189915
vn -0.48507125533189915 -0.7276068680966881 -0.48507125533189915
vn -0.4264014489670335 -0.639602143648227 -0.639602143648227
vn -0.26726123552621245 -0.8017837363809595 -0.5345224710524249
vn -0.4264014489670335 -0.639602143648227 -0.639602143648227
vn -0.2294157432818214 -0.688247200043142 -0.688247200043142
vn -0.26726123552621245 -0.8017837363809595 -0.5345224710524249
vn -0.26726123552621245 -0.8017837363809595 -0.5345224710524249
vn -0.2294157432818214 -0.688247200043142 -0.688247200043142
vn -6.199257710336878e-9 -0.8320502851678979 -0.5547002099801474
vn -0.2294157432818214 -0.688247200043142 -0.688247200043142
vn -5.268356063861754e-9 -0.7071067811865476 -0.7071067811865476
vn -6.199257710336878e-9 -0.8320502851678979 -0.5547002099801474
vn -6.199257710336878e-9 -0.8320502851678979 -0.5547002099801474
vn -5.268356063861754e-9 -0.7071067811865476 -0.7071067811865476
vn 6.199257710336878e-9 -0.8320502851678979 -0.5547002099801474
vn -5.268356063861754e-9 -0.7071067811865476 -0.7071067811865476
vn 5.268356063861754e-9 -0.7071067811865476 -0.7071067811865476
vn 6.199257710336878e-9 -0.8320502851678979 -0.5547002099801474
vn 6.199257710336878e-9 -0.8320502851678979 -0.5547002099801474
vn 5.268356063861754e-9 -0.7071067811865476 -0.7071067811865476
vn 0.26726123552621245 -0.8017837363809595 -0.5345224710524249
vn 5.268356063861754e-9 -0.7071067811865476 -0.7071067811865476
vn 0.2294157432818214 -0.688247200043142 -0.688247200043142
vn 0.26726123552621245 -0.8017837363809595 -0.5345224710524249
vn 0.26726123552621245 -0.8017837363809595 -0.5345224710524249
vn 0.2294157432818214 -0.688247200043142 -0.688247200043142
vn 0.48507125533189915 -0.7276068680966881 -0.48507125533189915
vn 0.2294157432818214 -0.688247200043142 -0.688247200043142
vn 0.4264014489670335 -0.639602143648227 -0.639602143648227
vn 0.48507125533189915 -0.7276068680966881 -0.48507125533189915
vn 0.48507125533189915 -0.7276068680966881 -0.48507125533189915
vn 0.4264014489670335 -0.639602143648227 -0.639602143648227
vn 0.639602143648227 -0.639602143648227 -0.4264014489670335
vn 0.4264014489670335 -0.639602143648227 -0.639602143648227
vn 0.5773502691896257 -0.5773502691896257 -0.5773502691896257
vn 0.639602143648227 -0.639602143648227 -0.4264014489670335
vn -0.5773502691896257 0.5773502691896257 0.5773502691896257
vn -0.639602143648227 0.4264014489670335 0.639602143648227
vn -0.4264014489670335 0.639602143648227 0.639602143648227
vn -0.639602143648227 0.4264014489670335 0.639602143648227
vn -0.48507125533189915 0.48507125533189915 0.7276068680966881
vn -0.4264014489670335 0.639602143648227 0.639602143648227
vn -0.4264014489670335 0.639602143648227 0.639602143648227
vn -0.48507125533189915 0.48507125533189915 0.7276068680966881
vn -0.2294157432818214 0.688247200043142 0.688247200043142
vn -0.48507125533189915 0.48507125533189915 0.7276068680966881
vn -0.26726123552621245 0.5345224710524249 0.8017837363809595
vn -0.2294157432818214 0.688247200043142 0.688247200043142
vn -0.2294157432818214 0.688247200043142 0.688247200043142
vn -0.26726123552621245 0.5345224710524249 0.8017837363809595
vn -5.268356063861754e-9 0.7071067811865476 0.7071067811865476
vn -0.26726123552621245 0.5345224710524249 0.8017837363809595
vn -6.199257710336878e-9 0.5547002099801474 0.8320502851678979
vn -5.268356063861754e-9 0.7071067811865476 0.7071067811865476
vn -5.268356063861754e-9 0.7071067811865476 0.7071067811865476
vn -6.199257710336878e-9 0.5547002099801474 0.8320502851678979
vn 5.268356063861754e-9 0.7071067811865476 0.7071067811865476
vn -6.199257710336878e-9 0.5547002099801474 0.8320502851678979
vn 6.199257710336878e-9 0.5547002099801474 0.8320502851678979
vn 5.268356063861754e-9 0.7071067811865476 0.7071067811865476
vn 5.268356063861754e-9 0.7071067811865476 0.7071067811865476
vn 6.199257710336878e-9 0.5547002099801474 0.8320502851678979
vn 0.2294157432818214 0.688247200043142 0.688247200043142
vn 6.199257710336878e-9 0.5547002099801474 0.8320502851678979
vn 0.26726123552621245 0.5345224710524249 0.8017837363809595
vn 0.2294157432818214 0.688247200043142 0.688247200043142
vn 0.2294157432818214 0.688247200043142 0.688247200043142
vn 0.26726123552621245 0.5345224710524249 0.8017837363809595
vn 0.4264014489670335 0.639602143648227 0.639602143648227
vn 0.26726123552621245 0.5345224710524249 0.8017837363809595
vn 0.48507125533189915 0.48507125533189915 0.7276068680966881
vn 0.4264014489670335 0.639602143648227 0.639602143648227
vn 0.4264014489670335 0.639602143648227 0.639602143648227
vn 0.48507125533189915 0.48507125533189915 0.7276068680966881
vn 0.5773502691896257 0.5773502691896257 0.5773502691896257
vn 0.48507125533189915 0.48507125533189915 0.7276068680966881
vn 0.639602143648227 0.4264014489670335 0.639602143648227
vn 0.5773502691896257 0.5773502691896257 0.5773502691896257
vn -0.639602143648227 0.4264014489670335 0.639602143648227
vn -0.688247200043142 0.2294157432818214 0.688247200043142
vn -0.48507125533189915 0.48507125533189915 0.7276068680966881
vn -0.688247200043142 0.2294157432818214 0.688247200043142
vn -0.5345224710524249 0.26726123552621245 0.8017837363809595
vn -0.48507125533189915 0.48507125533189915 0.7276068680966881
vn -0.48507125533189915 0.48507125533189915 0.7276068680966881
vn -0.5345224710524249 0.26726123552621245 0.8017837363809595
vn -0.26726123552621245 0.5345224710524249 0.8017837363809595
vn -0.5345224710524249 0.26726123552621245 0.8017837363809595
vn -0.30151134457776363 0.30151134457776363 0.9045340337332909
vn -0.26726123552621245 0.5345224710524249 0.8017837363809595
vn -0.26726123552621245 0.5345224710524249 0.8017837363809595
vn -0.30151134457776363 0.30151134457776363 0.9045340337332909
vn -6.199257710336878e-9 0.5547002099801474 0.8320502851678979
vn -0.30151134457776363 0.30151134457776363 0.9045340337332909
vn -7.068241395285323e-9 0.31622775707614137 0.9486833010307459
vn -6.199257710336878e-9 0.5547002099801474 0.8320502851678979
vn -6.199257710336878e-9 0.5547002099801474 0.8320502851678979
vn -7.068241395285323e-9 0.31622775707614137 0.9486833010307459
vn 6.199257710336878e-9 0.5547002099801474 0.8320502851678979
vn -7.068241395285323e-9 0.31622775707614137 0.9486833010307459
vn 7.068241395285323e-9 0.31622775707614137 0.9486833010307459
vn 6.199257710336878e-9 0.5547002099801474 0.8320502851678979
vn 6.199257710336878e-9 0.5547002099801474 0.8320502851678979
vn 7.068241395285323e-9 0.31622775707614137 0.9486833010307459
vn 0.26726123552621245 0.5345224710524249 0.8017837363809595
vn 7.068241395285323e-9 0.31622775707614137 0.9486833010307459
vn 0.30151134457776363 0.30151134457776363 0.9045340337332909
vn 0.26726123552621245 0.5345224710524249 0.8017837363809595
vn 0.26726123552621245 0.5345224710524249 0.8017837363809595
vn 0.30151134457776363 0.30151134457776363 0.9045340337332909
vn 0.48507125533189915 0.48507125533189915 0.7276068680966881
vn 0.30151134457776363 0.30151134457776363 0.9045340337332909
vn 0.5345224710524249 0.26726123552621245 0.8017837363809595
vn 0.48507125533189915 0.48507125533189915 0.7276068680966881
vn 0.48507125533189915 0.48507125533189915 0.7276068680966881
vn 0.5345224710524249 0.26726123552621245 0.8017837363809595
vn 0.639602143648227 0.4264014489670335 0.639602143648227
vn 0.5345224710524249 0.26726123552621245 0.8017837363809595
vn 0.688247200043142 0.2294157432818214 0.688247200043142
vn 0.639602143648227 0.4264014489670335 0.639602143648227
vn -0.688247200043142 0.2294157432818214 0.688247200043142
vn -0.7071067811865476 5.268356063861754e-9 0.7071067811865476
vn -0.5345224710524249 0.26726123552621245 0.8017837363809595
vn -0.7071067811865476 5.268356063861754e-9 0.7071067811865476
vn -0.5547002099801474 6.199257710336878e-9 0.8320502851678979
vn -0.5345224710524249 0.26726123552621245 0.8017837363809595
vn -0.5345224710524249 0.26726123552621245 0.8017837363809595
vn -0.5547002099801474 6.199257710336878e-9 0.8320502851678979
vn -0.30151134457776363 0.30151134457776363 0.9045340337332909
vn -0.5547002099801474 6.199257710336878e-9 0.8320502851678979
vn -0.31622775707614137 7.068241395285323e-9 0.9486833010307459
vn -0.30151134457776363 0.30151134457776363 0.9045340337332909
vn -0.30151134457776363 0.30151134457776363 0.9045340337332909
vn -0.31622775707614137 7.068241395285323e-9 0.9486833010307459
vn -7.068241395285323e-9 0.31622775707614137 0.9486833010307459
vn -0.31622775707614137 7.068241395285323e-9 0.9486833010307459
vn -7.450580596923828e-9 7.450580596923828e-9 1
vn -7.068241395285323e-9 0.31622775707614137 0.9486833010307459
vn -7.068241395285323e-9 0.31622775707614137 0.9486833010307459
vn -7.450580596923828e-9 7.450580596923828e-9 1
vn 7.068241395285323e-9 0.31622775707614137 0.9486833010307459
vn -7.450580596923828e-9 7.450580596923828e-9 1
vn 7.450580596923828e-9 7.450580596923828e-9 1
vn 7.068241395285323e-9 0.31622775707614137 0.9486833010307459
vn 7.068241395285323e-9 0.31622775707614137 0.9486833010307459
vn 7.450580596923828e-9 7.450580596923828e-9 1
vn 0.30151134457776363 0.30151134457776363 0.9045340337332909
vn 7.450580596923828e-9 7.450580596923828e-9 1
vn 0.31622775707614137 7.068241395285323e-9 0.9486833010307459
vn 0.30151134457776363 0.30151134457776363 0.9045340337332909
vn 0.30151134457776363 0.30151134457776363 0.9045340337332909
vn 0.31622775707614137 7.068241395285323e-9 0.9486833010307459
vn 0.5345224710524249 0.26726123552621245 0.8017837363809595
vn 0.31622775707614137 7.068241395285323e-9 0.9486833010307459
vn 0.5547002099801474 6.199257710336878e-9 0.8320502851678979
vn 0.5345224710524249 0.26726123552621245 0.8017837363809595
vn 0.5345224710524249 0.26726123552621245 0.8017837363809595
vn 0.5547002099801474 6.199257710336878e-9 0.8320502851678979
vn 0.688247200043142 0.2294157432818214 0.688247200043142
vn 0.5547002099801474 6.199257710336878e-9 0.8320502851678979
vn 0.7071067811865476 5.268356063861754e-9 0.7071067811865476
vn 0.688247200043142 0.2294157432818214 0.688247200043142
vn -0.7071067811865476 5.268356063861754e-9 0.7071067811865476
vn -0.7071067811865476 -5.268356063861754e-9 0.7071067811865476
vn -0.5547002099801474 6.199257710336878e-9 0.8320502851678979
vn -0.7071067811865476 -5.268356063861754e-9 0.7071067811865476
vn -0.5547002099801474 -6.199257710336878e-9 0.8320502851678979
vn -0.5547002099801474 6.199257710336878e-9 0.8320502851678979
vn -0.5547002099801474 6.199257710336878e-9 0.8320502851678979
vn -0.5547002099801474 -6.199257710336878e-9 0.8320502851678979
vn -0.31622775707614137 7.068241395285323e-9 0.9486833010307459
vn -0.5547002099801474 -6.199257710336878e-9 0.8320502851678979
vn -0.31622775707614137 -7.068241395285323e-9 0.9486833010307459
vn -0.31622775707614137 7.068241395285323e-9 0.9486833010307459
vn -0.31622775707614137 7.068241395285323e-9 0.9486833010307459
vn -0.31622775707614137 -7.068241395285323e-9 0.9486833010307459
vn -7.450580596923828e-9 7.450580596923828e-9 1
vn -0.31622775707614137 -7.068241395285323e-9 0.9486833010307459
vn -7.450580596923828e-9 -7.450580596923828e-9 1
vn -7.450580596923828e-9 7.450580596923828e-9 1
vn -7.450580596923828e-9 7.450580596923828e-9 1
vn -7.450580596923828e-9 -7.450580596923828e-9 1
vn 7.450580596923828e-9 7.450580596923828e-9 1
vn -7.450580596923828e-9 -7.450580596923828e-9 1
vn 7.450580596923828e-9 -7.450580596923828e-9 1
vn 7.450580596923828e-9 7.450580596923828e-9 1
vn 7.450580596923828e-9 7.450580596923828e-9 1
vn 7.450580596923828e-9 -7.450580596923828e-9 1
vn 0.31622775707614137 7.068241395285323e-9 0.9486833010307459
vn 7.450580596923828e-9 -7.450580596923828e-9 1
vn 0.31622775707614137 -7.068241395285323e-9 0.9486833010307459
vn 0.31622775707614137 7.068241395285323e-9 0.9486833010307459
vn 0.31622775707614137 7.068241395285323e-9 0.9486833010307459
vn 0.31622775707614137 -7.068241395285323e-9 0.9486833010307459
vn 0.5547002099801474 6.199257710336878e-9 0.8320502851678979
vn 0.31622775707614137 -7.068241395285323e-9 0.9486833010307459
vn 0.5547002099801474 -6.199257710336878e-9 0.8320502851678979
vn 0.5547002099801474 6.199257710336878e-9 0.8320502851678979
vn 0.5547002099801474 6.199257710336878e-9 0.8320502851678979
vn 0.5547002099801474 -6.199257710336878e-9 0.8320502851678979
vn 0.7071067811865476 5.268356063861754e-9 0.7071067811865476
vn 0.5547002099801474 -6.199257710336878e-9 0.8320502851678979
vn 0.7071067811865476 -5.268356063861754e-9 0.7071067811865476
vn 0.7071067811865476 5.268356063861754e-9 0.7071067811865476
vn -0.7071067811865476 -5.268356063861754e-9 0.7071067811865476
vn -0.688247200043142 -0.2294157432818214 0.688247200043142
vn -0.5547002099801474 -6.199257710336878e-9 0.8320502851678979
vn -0.688247200043142 -0.2294157432818214 0.688247200043142
vn -0.5345224710524249 -0.26726123552621245 0.8017837363809595
vn -0.5547002099801474 -6.199257710336878e-9 0.8320502851678979
vn -0.5547002099801474 -6.199257710336878e-9 0.8320502851678979
vn -0.5345224710524249 -0.26726123552621245 0.8017837363809595
vn -0.31622775707614137 -7.068241395285323e-9 0.9486833010307459
vn -0.5345224710524249 -0.26726123552621245 0.8017837363809595
vn -0.30151134457776363 -0.30151134457776363 0.9045340337332909
vn -0.31622775707614137 -7.068241395285323e-9 0.9486833010307459
vn -0.31622775707614137 -7.068241395285323e-9 0.9486833010307459
vn -0.30151134457776363 -0.30151134457776363 0.9045340337332909
vn -7.450580596923828e-9 -7.450580596923828e-9 1
vn -0.30151134457776363 -0.30151134457776363 0.9045340337332909
vn -7.068241395285323e-9 -0.31622775707614137 0.9486833010307459
vn -7.450580596923828e-9 -7.450580596923828e-9 1
vn -7.450580596923828e-9 -7.450580596923828e-9 1
vn -7.068241395285323e-9 -0.31622775707614137 0.9486833010307459
vn 7.450580596923828e-9 -7.450580596923828e-9 1
vn -7.068241395285323e-9 -0.31622775707614137 0.9486833010307459
vn 7.068241395285323e-9 -0.31622775707614137 0.9486833010307459
vn 7.450580596923828e-9 -7.450580596923828e-9 1
vn 7.450580596923828e-9 -7.450580596923828e-9 1
vn 7.068241395285323e-9 -0.31622775707614137 0.9486833010307459
vn 0.31622775707614137 -7.068241395285323e-9 0.9486833010307459
vn 7.068241395285323e-9 -0.31622775707614137 0.9486833010307459
vn 0.30151134457776363 -0.30151134457776363 0.9045340337332909
vn 0.31622775707614137 -7.068241395285323e-9 0.9486833010307459
vn 0.31622775707614137 -7.068241395285323e-9 0.9486833010307459
vn 0.30151134457776363 -0.30151134457776363 0.9045340337332909
vn 0.5547002099801474 -6.199257710336878e-9 0.8320502851678979
vn 0.30151134457776363 -0.30151134457776363 0.9045340337332909
vn 0.5345224710524249 -0.26726123552621245 0.8017837363809595
vn 0.5547002099801474 -6.199257710336878e-9 0.8320502851678979
vn 0.5547002099801474 -6.199257710336878e-9 0.8320502851678979
vn 0.5345224710524249 -0.26726123552621245 0.8017837363809595
vn 0.7071067811865476 -5.268356063861754e-9 0.7071067811865476
vn 0.5345224710524249 -0.26726123552621245 0.8017837363809595
vn 0.688247200043142 -0.2294157432818214 0.688247200043142
vn 0.7071067811865476 -5.268356063861754e-9 0.7071067811865476
vn -0.688247200043142 -0.2294157432818214 0.688247200043142
vn -0.639602143648227 -0.4264014489670335 0.639602143648227
vn -0.5345224710524249 -0.26726123552621245 0.8017837363809595
vn -0.639602143648227 -0.4264014489670335 0.639602143648227
vn -0.48507125533189915 -0.48507125533189915 0.7276068680966881
vn -0.5345224710524249 -0.26726123552621245 0.8017837363809595
vn -0.5345224710524249 -0.26726123552621245 0.8017837363809595
vn -0.48507125533189915 -0.48507125533189915 0.7276068680966881
vn -0.30151134457776363 -0.30151134457776363 0.9045340337332909
vn -0.48507125533189915 -0.48507125533189915 0.7276068680966881
vn -0.26726123552621245 -0.5345224710524249 0.8017837363809595
vn -0.30151134457776363 -0.30151134457776363 0.9045340337332909
vn -0.30151134457776363 -0.30151134457776363 0.9045340337332909
vn -0.26726123552621245 -0.5345224710524249 0.8017837363809595
vn -7.068241395285323e-9 -0.31622775707614137 0.9486833010307459
vn -0.26726123552621245 -0.5345224710524249 0.8017837363809595
vn -6.199257710336878e-9 -0.5547002099801474 0.8320502851678979
vn -7.068241395285323e-9 -0.31622775707614137 0.9486833010307459
vn -7.068241395285323e-9 -0.31622775707614137 0.9486833010307459
vn -6.199257710336878e-9 -0.5547002099801474 0.8320502851678979
vn 7.068241395285323e-9 -0.31622775707614137 0.9486833010307459
vn -6.199257710336878e-9 -0.5547002099801474 0.8320502851678979
vn 6.199257710336878e-9 -0.5547002099801474 0.8320502851678979
vn 7.068241395285323e-9 -0.31622775707614137 0.9486833010307459
vn 7.068241395285323e-9 -0.31622775707614137 0.9486833010307459
vn 6.199257710336878e-9 -0.5547002099801474 0.8320502851678979
vn 0.30151134457776363 -0.30151134457776363 0.9045340337332909
vn 6.199257710336878e-9 -0.5547002099801474 0.8320502851678979
vn 0.26726123552621245 -0.5345224710524249 0.8017837363809595
vn 0.30151134457776363 -0.30151134457776363 0.9045340337332909
vn 0.30151134457776363 -0.30151134457776363 0.9045340337332909
vn 0.26726123552621245 -0.5345224710524249 0.8017837363809595
vn 0.5345224710524249 -0.26726123552621245 0.8017837363809595
vn 0.26726123552621245 -0.5345224710524249 0.8017837363809595
vn 0.48507125533189915 -0.48507125533189915 0.7276068680966881
vn 0.5345224710524249 -0.26726123552621245 0.8017837363809595
vn 0.5345224710524249 -0.26726123552621245 0.8017837363809595
vn 0.48507125533189915 -0.48507125533189915 0.7276068680966881
vn 0.688247200043142 -0.2294157432818214 0.688247200043142
vn 0.48507125533189915 -0.48507125533189915 0.7276068680966881
vn 0.639602143648227 -0.4264014489670335 0.639602143648227
vn 0.688247200043142 -0.2294157432818214 0.688247200043142
vn -0.639602143648227 -0.4264014489670335 0.639602143648227
vn -0.5773502691896257 -0.5773502691896257 0.5773502691896257
vn -0.48507125533189915 -0.48507125533189915 0.7276068680966881
vn -0.5773502691896257 -0.5773502691896257 0.5773502691896257
vn -0.4264014489670335 -0.639602143648227 0.639602143648227
vn -0.48507125533189915 -0.48507125533189915 0.7276068680966881
vn -0.48507125533189915 -0.48507125533189915 0.7276068680966881
vn -0.4264014489670335 -0.639602143648227 0.639602143648227
vn -0.26726123552621245 -0.5345224710524249 0.8017837363809595
vn -0.4264014489670335 -0.639602143648227 0.639602143648227
vn -0.2294157432818214 -0.688247200043142 0.688247200043142
vn -0.26726123552621245 -0.5345224710524249 0.8017837363809595
vn -0.26726123552621245 -0.5345224710524249 0.8017837363809595
vn -0.2294157432818214 -0.688247200043142 0.688247200043142
vn -6.199257710336878e-9 -0.5547002099801474 0.8320502851678979
vn -0.2294157432818214 -0.688247200043142 0.688247200043142
vn -5.268356063861754e-9 -0.7071067811865476 0.7071067811865476
vn -6.199257710336878e-9 -0.5547002099801474 0.8320502851678979
vn -6.199257710336878e-9 -0.5547002099801474 0.8320502851678979
vn -5.268356063861754e-9 -0.7071067811865476 0.7071067811865476
vn 6.199257710336878e-9 -0.5547002099801474 0.8320502851678979
vn -5.268356063861754e-9 -0.7071067811865476 0.7071067811865476
vn 5.268356063861754e-9 -0.7071067811865476 0.7071067811865476
vn 6.199257710336878e-9 -0.5547002099801474 0.8320502851678979
vn 6.199257710336878e-9 -0.5547002099801474 0.8320502851678979
vn 5.268356063861754e-9 -0.7071067811865476 0.7071067811865476
vn 0.26726123552621245 -0.5345224710524249 0.8017837363809595
vn 5.268356063861754e-9 -0.7071067811865476 0.7071067811865476
vn 0.2294157432818214 -0.688247200043142 0.688247200043142
vn 0.26726123552621245 -0.5345224710524249 0.8017837363809595
vn 0.26726123552621245 -0.5345224710524249 0.8017837363809595
vn 0.2294157432818214 -0.688247200043142 0.688247200043142
vn 0.48507125533189915 -0.48507125533189915 0.7276068680966881
vn 0.2294157432818214 -0.688247200043142 0.688247200043142
vn 0.4264014489670335 -0.639602143648227 0.639602143648227
vn 0.48507125533189915 -0.48507125533189915 0.7276068680966881
vn 0.48507125533189915 -0.48507125533189915 0.7276068680966881
vn 0.4264014489670335 -0.639602143648227 0.639602143648227
vn 0.639602143648227 -0.4264014489670335 0.639602143648227
vn 0.4264014489670335 -0.639602143648227 0.639602143648227
vn 0.5773502691896257 -0.5773502691896257 0.5773502691896257
vn 0.639602143648227 -0.4264014489670335 0.639602143648227
vn 0.5773502691896257 0.5773502691896257 -0.5773502691896257
vn 0.639602143648227 0.4264014489670335 -0.639602143648227
vn 0.4264014489670335 0.639602143648227 -0.639602143648227
vn 0.639602143648227 0.4264014489670335 -0.639602143648227
vn 0.48507125533189915 0.48507125533189915 -0.7276068680966881
vn 0.4264014489670335 0.639602143648227 -0.639602143648227
vn 0.4264014489670335 0.639602143648227 -0.639602143648227
vn 0.48507125533189915 0.48507125533189915 -0.7276068680966881
vn 0.2294157432818214 0.688247200043142 -0.688247200043142
vn 0.48507125533189915 0.48507125533189915 -0.7276068680966881
vn 0.26726123552621245 0.5345224710524249 -0.8017837363809595
vn 0.2294157432818214 0.688247200043142 -0.688247200043142
vn 0.2294157432818214 0.688247200043142 -0.688247200043142
vn 0.26726123552621245 0.5345224710524249 -0.8017837363809595
vn 5.268356063861754e-9 0.7071067811865476 -0.7071067811865476
vn 0.26726123552621245 0.5345224710524249 -0.8017837363809595
vn 6.199257710336878e-9 0.5547002099801474 -0.8320502851678979
vn 5.268356063861754e-9 0.7071067811865476 -0.7071067811865476
vn 5.268356063861754e-9 0.7071067811865476 -0.7071067811865476
vn 6.199257710336878e-9 0.5547002099801474 -0.8320502851678979
vn -5.268356063861754e-9 0.7071067811865476 -0.7071067811865476
vn 6.199257710336878e-9 0.5547002099801474 -0.8320502851678979
vn -6.199257710336878e-9 0.5547002099801474 -0.8320502851678979
vn -5.268356063861754e-9 0.7071067811865476 -0.7071067811865476
vn -5.268356063861754e-9 0.7071067811865476 -0.7071067811865476
vn -6.199257710336878e-9 0.5547002099801474 -0.8320502851678979
vn -0.2294157432818214 0.688247200043142 -0.688247200043142
vn -6.199257710336878e-9 0.5547002099801474 -0.8320502851678979
vn -0.26726123552621245 0.5345224710524249 -0.8017837363809595
vn -0.2294157432818214 0.688247200043142 -0.688247200043142
vn -0.2294157432818214 0.688247200043142 -0.688247200043142
vn -0.26726123552621245 0.5345224710524249 -0.8017837363809595
vn -0.4264014489670335 0.639602143648227 -0.639602143648227
vn -0.26726123552621245 0.5345224710524249 -0.8017837363809595
vn -0.48507125533189915 0.48507125533189915 -0.7276068680966881
vn -0.4264014489670335 0.639602143648227 -0.639602143648227
vn -0.4264014489670335 0.639602143648227 -0.639602143648227
vn -0.48507125533189915 0.48507125533189915 -0.7276068680966881
vn -0.5773502691896257 0.5773502691896257 -0.5773502691896257
vn -0.48507125533189915 0.48507125533189915 -0.7276068680966881
vn -0.639602143648227 0.4264014489670335 -0.639602143648227
vn -0.5773502691896257 0.5773502691896257 -0.5773502691896257
vn 0.639602143648227 0.4264014489670335 -0.639602143648227
vn 0.688247200043142 0.2294157432818214 -0.688247200043142
vn 0.48507125533189915 0.48507125533189915 -0.7276068680966881
vn 0.688247200043142 0.2294157432818214 -0.688247200043142
vn 0.5345224710524249 0.26726123552621245 -0.8017837363809595
vn 0.48507125533189915 0.48507125533189915 -0.7276068680966881
vn 0.48507125533189915 0.48507125533189915 -0.7276068680966881
vn 0.5345224710524249 0.26726123552621245 -0.8017837363809595
vn 0.26726123552621245 0.5345224710524249 -0.8017837363809595
vn 0.5345224710524249 0.26726123552621245 -0.8017837363809595
vn 0.30151134457776363 0.30151134457776363 -0.9045340337332909
vn 0.26726123552621245 0.5345224710524249 -0.8017837363809595
vn 0.26726123552621245 0.5345224710524249 -0.8017837363809595
vn 0.30151134457776363 0.30151134457776363 -0.9045340337332909
vn 6.199257710336878e-9 0.5547002099801474 -0.8320502851678979
vn 0.30151134457776363 0.30151134457776363 -0.9045340337332909
vn 7.068241395285323e-9 0.31622775707614137 -0.9486833010307459
vn 6.199257710336878e-9 0.5547002099801474 -0.8320502851678979
vn 6.199257710336878e-9 0.5547002099801474 -0.8320502851678979
vn 7.068241395285323e-9 0.31622775707614137 -0.9486833010307459
vn -6.199257710336878e-9 0.5547002099801474 -0.8320502851678979
vn 7.068241395285323e-9 0.31622775707614137 -0.9486833010307459
vn -7.068241395285323e-9 0.31622775707614137 -0.9486833010307459
vn -6.199257710336878e-9 0.5547002099801474 -0.8320502851678979
vn -6.199257710336878e-9 0.5547002099801474 -0.8320502851678979
vn -7.068241395285323e-9 0.31622775707614137 -0.9486833010307459
vn -0.26726123552621245 0.5345224710524249 -0.8017837363809595
vn -7.068241395285323e-9 0.31622775707614137 -0.9486833010307459
vn -0.30151134457776363 0.30151134457776363 -0.9045340337332909
vn -0.26726123552621245 0.5345224710524249 -0.8017837363809595
vn -0.26726123552621245 0.5345224710524249 -0.8017837363809595
vn -0.30151134457776363 0.30151134457776363 -0.9045340337332909
vn -0.48507125533189915 0.48507125533189915 -0.7276068680966881
vn -0.30151134457776363 0.30151134457776363 -0.9045340337332909
vn -0.5345224710524249 0.26726123552621245 -0.8017837363809595
vn -0.48507125533189915 0.48507125533189915 -0.7276068680966881
vn -0.48507125533189915 0.48507125533189915 -0.7276068680966881
vn -0.5345224710524249 0.26726123552621245 -0.8017837363809595
vn -0.639602143648227 0.4264014489670335 -0.639602143648227
vn -0.5345224710524249 0.26726123552621245 -0.8017837363809595
vn -0.688247200043142 0.2294157432818214 -0.688247200043142
vn -0.639602143648227 0.4264014489670335 -0.639602143648227
vn 0.688247200043142 0.2294157432818214 -0.688247200043142
vn 0.7071067811865476 5.268356063861754e-9 -0.7071067811865476
vn 0.5345224710524249 0.26726123552621245 -0.8017837363809595
vn 0.7071067811865476 5.268356063861754e-9 -0.7071067811865476
vn 0.5547002099801474 6.199257710336878e-9 -0.8320502851678979
vn 0.5345224710524249 0.26726123552621245 -0.8017837363809595
vn 0.5345224710524249 0.26726123552621245 -0.8017837363809595
vn 0.5547002099801474 6.199257710336878e-9 -0.8320502851678979
vn 0.30151134457776363 0.30151134457776363 -0.9045340337332909
vn 0.5547002099801474 6.199257710336878e-9 -0.8320502851678979
vn 0.31622775707614137 7.068241395285323e-9 -0.9486833010307459
vn 0.30151134457776363 0.30151134457776363 -0.9045340337332909
vn 0.30151134457776363 0.30151134457776363 -0.9045340337332909
vn 0.31622775707614137 7.068241395285323e-9 -0.9486833010307459
vn 7.068241395285323e-9 0.31622775707614137 -0.9486833010307459
vn 0.31622775707614137 7.068241395285323e-9 -0.9486833010307459
vn 7.450580596923828e-9 7.450580596923828e-9 -1
vn 7.068241395285323e-9 0.31622775707614137 -0.9486833010307459
vn 7.068241395285323e-9 0.31622775707614137 -0.9486833010307459
vn 7.450580596923828e-9 7.450580596923828e-9 -1
vn -7.068241395285323e-9 0.31622775707614137 -0.9486833010307459
vn 7.450580596923828e-9 7.450580596923828e-9 -1
vn -7.450580596923828e-9 7.450580596923828e-9 -1
vn -7.068241395285323e-9 0.31622775707614137 -0.9486833010307459
vn -7.068241395285323e-9 0.31622775707614137 -0.9486833010307459
vn -7.450580596923828e-9 7.450580596923828e-9 -1
vn -0.30151134457776363 0.30151134457776363 -0.9045340337332909
vn -7.450580596923828e-9 7.450580596923828e-9 -1
vn -0.31622775707614137 7.068241395285323e-9 -0.9486833010307459
vn -0.30151134457776363 0.30151134457776363 -0.9045340337332909
vn -0.30151134457776363 0.30151134457776363 -0.9045340337332909
vn -0.31622775707614137 7.068241395285323e-9 -0.9486833010307459
vn -0.5345224710524249 0.26726123552621245 -0.8017837363809595
vn -0.31622775707614137 7.068241395285323e-9 -0.9486833010307459
vn -0.5547002099801474 6.199257710336878e-9 -0.8320502851678979
vn -0.5345224710524249 0.26726123552621245 -0.8017837363809595
vn -0.5345224710524249 0.26726123552621245 -0.8017837363809595
vn -0.5547002099801474 6.199257710336878e-9 -0.8320502851678979
vn -0.688247200043142 0.2294157432818214 -0.688247200043142
vn -0.5547002099801474 6.199257710336878e-9 -0.8320502851678979
vn -0.7071067811865476 5.268356063861754e-9 -0.7071067811865476
vn -0.688247200043142 0.2294157432818214 -0.688247200043142
vn 0.7071067811865476 5.268356063861754e-9 -0.7071067811865476
vn 0.7071067811865476 -5.268356063861754e-9 -0.7071067811865476
vn 0.5547002099801474 6.199257710336878e-9 -0.8320502851678979
vn 0.7071067811865476 -5.268356063861754e-9 -0.7071067811865476
vn 0.5547002099801474 -6.199257710336878e-9 -0.8320502851678979
vn 0.5547002099801474 6.199257710336878e-9 -0.8320502851678979
vn 0.5547002099801474 6.199257710336878e-9 -0.8320502851678979
vn 0.5547002099801474 -6.199257710336878e-9 -0.8320502851678979
vn 0.31622775707614137 7.068241395285323e-9 -0.9486833010307459
vn 0.5547002099801474 -6.199257710336878e-9 -0.8320502851678979
vn 0.31622775707614137 -7.068241395285323e-9 -0.9486833010307459
vn 0.31622775707614137 7.068241395285323e-9 -0.9486833010307459
vn 0.31622775707614137 7.068241395285323e-9 -0.9486833010307459
vn 0.31622775707614137 -7.068241395285323e-9 -0.9486833010307459
vn 7.450580596923828e-9 7.450580596923828e-9 -1
vn 0.31622775707614137 -7.068241395285323e-9 -0.9486833010307459
vn 7.450580596923828e-9 -7.450580596923828e-9 -1
vn 7.450580596923828e-9 7.450580596923828e-9 -1
vn 7.450580596923828e-9 7.450580596923828e-9 -1
vn 7.450580596923828e-9 -7.450580596923828e-9 -1
vn -7.450580596923828e-9 7.450580596923828e-9 -1
vn 7.450580596923828e-9 -7.450580596923828e-9 -1
vn -7.450580596923828e-9 -7.450580596923828e-9 -1
vn -7.450580596923828e-9 7.450580596923828e-9 -1
vn -7.450580596923828e-9 7.450580596923828e-9 -1
vn -7.450580596923828e-9 -7.450580596923828e-9 -1
vn -0.31622775707614137 7.068241395285323e-9 -0.9486833010307459
vn -7.450580596923828e-9 -7.450580596923828e-9 -1
vn -0.31622775707614137 -7.068241395285323e-9 -0.9486833010307459
vn -0.31622775707614137 7.068241395285323e-9 -0.9486833010307459
vn -0.31622775707614137 7.068241395285323e-9 -0.9486833010307459
vn -0.31622775707614137 -7.068241395285323e-9 -0.9486833010307459
vn -0.5547002099801474 6.199257710336878e-9 -0.8320502851678979
vn -0.31622775707614137 -7.068241395285323e-9 -0.9486833010307459
vn -0.5547002099801474 -6.199257710336878e-9 -0.8320502851678979
vn -0.5547002099801474 6.199257710336878e-9 -0.8320502851678979
vn -0.5547002099801474 6.199257710336878e-9 -0.8320502851678979
vn -0.5547002099801474 -6.199257710336878e-9 -0.8320502851678979
vn -0.7071067811865476 5.268356063861754e-9 -0.7071067811865476
vn -0.5547002099801474 -6.199257710336878e-9 -0.8320502851678979
vn -0.7071067811865476 -5.268356063861754e-9 -0.7071067811865476
vn -0.7071067811865476 5.268356063861754e-9 -0.7071067811865476
vn 0.7071067811865476 -5.268356063861754e-9 -0.7071067811865476
vn 0.688247200043142 -0.2294157432818214 -0.688247200043142
vn 0.5547002099801474 -6.199257710336878e-9 -0.8320502851678979
vn 0.688247200043142 -0.2294157432818214 -0.688247200043142
vn 0.5345224710524249 -0.26726123552621245 -0.8017837363809595
vn 0.5547002099801474 -6.199257710336878e-9 -0.8320502851678979
vn 0.5547002099801474 -6.199257710336878e-9 -0.8320502851678979
vn 0.5345224710524249 -0.26726123552621245 -0.8017837363809595
vn 0.31622775707614137 -7.068241395285323e-9 -0.9486833010307459
vn 0.5345224710524249 -0.26726123552621245 -0.8017837363809595
vn 0.30151134457776363 -0.30151134457776363 -0.9045340337332909
vn 0.31622775707614137 -7.068241395285323e-9 -0.9486833010307459
vn 0.31622775707614137 -7.068241395285323e-9 -0.9486833010307459
vn 0.30151134457776363 -0.30151134457776363 -0.9045340337332909
vn 7.450580596923828e-9 -7.450580596923828e-9 -1
vn 0.30151134457776363 -0.30151134457776363 -0.9045340337332909
vn 7.068241395285323e-9 -0.31622775707614137 -0.9486833010307459
vn 7.450580596923828e-9 -7.450580596923828e-9 -1
vn 7.450580596923828e-9 -7.450580596923828e-9 -1
vn 7.068241395285323e-9 -0.31622775707614137 -0.9486833010307459
vn -7.450580596923828e-9 -7.450580596923828e-9 -1
vn 7.068241395285323e-9 -0.31622775707614137 -0.9486833010307459
vn -7.068241395285323e-9 -0.31622775707614137 -0.9486833010307459
vn -7.450580596923828e-9 -7.450580596923828e-9 -1
vn -7.450580596923828e-9 -7.450580596923828e-9 -1
vn -7.068241395285323e-9 -0.31622775707614137 -0.9486833010307459
vn -0.31622775707614137 -7.068241395285323e-9 -0.9486833010307459
vn -7.068241395285323e-9 -0.31622775707614137 -0.9486833010307459
vn -0.30151134457776363 -0.30151134457776363 -0.9045340337332909
vn -0.31622775707614137 -7.068241395285323e-9 -0.9486833010307459
vn -0.31622775707614137 -7.068241395285323e-9 -0.9486833010307459
vn -0.30151134457776363 -0.30151134457776363 -0.9045340337332909
vn -0.5547002099801474 -6.199257710336878e-9 -0.8320502851678979
vn -0.30151134457776363 -0.30151134457776363 -0.9045340337332909
vn -0.5345224710524249 -0.26726123552621245 -0.8017837363809595
vn -0.5547002099801474 -6.199257710336878e-9 -0.8320502851678979
vn -0.5547002099801474 -6.199257710336878e-9 -0.8320502851678979
vn -0.5345224710524249 -0.26726123552621245 -0.8017837363809595
vn -0.7071067811865476 -5.268356063861754e-9 -0.7071067811865476
vn -0.5345224710524249 -0.26726123552621245 -0.8017837363809595
vn -0.688247200043142 -0.2294157432818214 -0.688247200043142
vn -0.7071067811865476 -5.268356063861754e-9 -0.7071067811865476
vn 0.688247200043142 -0.2294157432818214 -0.688247200043142
vn 0.639602143648227 -0.4264014489670335 -0.639602143648227
vn 0.5345224710524249 -0.26726123552621245 -0.8017837363809595
vn 0.639602143648227 -0.4264014489670335 -0.639602143648227
vn 0.48507125533189915 -0.48507125533189915 -0.7276068680966881
vn 0.5345224710524249 -0.26726123552621245 -0.8017837363809595
vn 0.5345224710524249 -0.26726123552621245 -0.8017837363809595
vn 0.48507125533189915 -0.48507125533189915 -0.7276068680966881
vn 0.30151134457776363 -0.30151134457776363 -0.9045340337332909
vn 0.48507125533189915 -0.48507125533189915 -0.7276068680966881
vn 0.26726123552621245 -0.5345224710524249 -0.8017837363809595
vn 0.30151134457776363 -0.30151134457776363 -0.9045340337332909
vn 0.30151134457776363 -0.30151134457776363 -0.9045340337332909
vn 0.26726123552621245 -0.5345224710524249 -0.8017837363809595
vn 7.068241395285323e-9 -0.31622775707614137 -0.9486833010307459
vn 0.26726123552621245 -0.5345224710524249 -0.8017837363809595
vn 6.199257710336878e-9 -0.5547002099801474 -0.8320502851678979
vn 7.068241395285323e-9 -0.31622775707614137 -0.9486833010307459
vn 7.068241395285323e-9 -0.31622775707614137 -0.9486833010307459
vn 6.199257710336878e-9 -0.5547002099801474 -0.8320502851678979
vn -7.068241395285323e-9 -0.31622775707614137 -0.9486833010307459
vn 6.199257710336878e-9 -0.5547002099801474 -0.8320502851678979
vn -6.199257710336878e-9 -0.5547002099801474 -0.8320502851678979
vn -7.068241395285323e-9 -0.31622775707614137 -0.9486833010307459
vn -7.068241395285323e-9 -0.31622775707614137 -0.9486833010307459
vn -6.199257710336878e-9 -0.5547002099801474 -0.8320502851678979
vn -0.30151134457776363 -0.30151134457776363 -0.9045340337332909
vn -6.199257710336878e-9 -0.5547002099801474 -0.8320502851678979
vn -0.26726123552621245 -0.5345224710524249 -0.8017837363809595
vn -0.30151134457776363 -0.30151134457776363 -0.9045340337332909
vn -0.30151134457776363 -0.30151134457776363 -0.9045340337332909
vn -0.26726123552621245 -0.5345224710524249 -0.8017837363809595
vn -0.5345224710524249 -0.26726123552621245 -0.8017837363809595
vn -0.26726123552621245 -0.5345224710524249 -0.8017837363809595
vn -0.48507125533189915 -0.48507125533189915 -0.7276068680966881
vn -0.5345224710524249 -0.26726123552621245 -0.8017837363809595
vn -0.5345224710524249 -0.26726123552621245 -0.8017837363809595
vn -0.48507125533189915 -0.48507125533189915 -0.7276068680966881
vn -0.688247200043142 -0.2294157432818214 -0.688247200043142
vn -0.48507125533189915 -0.48507125533189915 -0.7276068680966881
vn -0.639602143648227 -0.4264014489670335 -0.639602143648227
vn -0.688247200043142 -0.2294157432818214 -0.688247200043142
vn 0.639602143648227 -0.4264014489670335 -0.639602143648227
vn 0.5773502691896257 -0.5773502691896257 -0.5773502691896257
vn 0.48507125533189915 -0.48507125533189915 -0.7276068680966881
vn 0.5773502691896257 -0.5773502691896257 -0.5773502691896257
vn 0.4264014489670335 -0.639602143648227 -0.639602143648227
vn 0.48507125533189915 -0.48507125533189915 -0.7276068680966881
vn 0.48507125533189915 -0.48507125533189915 -0.7276068680966881
vn 0.4264014489670335 -0.639602143648227 -0.639602143648227
vn 0.26726123552621245 -0.5345224710524249 -0.8017837363809595
vn 0.4264014489670335 -0.639602143648227 -0.639602143648227
vn 0.2294157432818214 -0.688247200043142 -0.688247200043142
vn 0.26726123552621245 -0.5345224710524249 -0.8017837363809595
vn 0.26726123552621245 -0.5345224710524249 -0.8017837363809595
vn 0.2294157432818214 -0.688247200043142 -0.688247200043142
vn 6.199257710336878e-9 -0.5547002099801474 -0.8320502851678979
vn 0.2294157432818214 -0.688247200043142 -0.688247200043142
vn 5.268356063861754e-9 -0.7071067811865476 -0.7071067811865476
vn 6.199257710336878e-9 -0.5547002099801474 -0.8320502851678979
vn 6.199257710336878e-9 -0.5547002099801474 -0.8320502851678979
vn 5.268356063861754e-9 -0.7071067811865476 -0.7071067811865476
vn -6.199257710336878e-9 -0.5547002099801474 -0.8320502851678979
vn 5.268356063861754e-9 -0.7071067811865476 -0.7071067811865476
vn -5.268356063861754e-9 -0.7071067811865476 -0.7071067811865476
vn -6.199257710336878e-9 -0.5547002099801474 -0.8320502851678979
vn -6.199257710336878e-9 -0.5547002099801474 -0.8320502851678979
vn -5.268356063861754e-9 -0.7071067811865476 -0.7071067811865476
vn -0.26726123552621245 -0.5345224710524249 -0.8017837363809595
vn -5.268356063861754e-9 -0.7071067811865476 -0.7071067811865476
vn -0.2294157432818214 -0.688247200043142 -0.688247200043142
vn -0.26726123552621245 -0.5345224710524249 -0.8017837363809595
vn -0.26726123552621245 -0.5345224710524249 -0.8017837363809595
vn -0.2294157432818214 -0.688247200043142 -0.688247200043142
vn -0.48507125533189915 -0.48507125533189915 -0.7276068680966881
vn -0.2294157432818214 -0.688247200043142 -0.688247200043142
vn -0.4264014489670335 -0.639602143648227 -0.639602143648227
vn -0.48507125533189915 -0.48507125533189915 -0.7276068680966881
vn -0.48507125533189915 -0.48507125533189915 -0.7276068680966881
vn -0.4264014489670335 -0.639602143648227 -0.639602143648227
vn -0.639602143648227 -0.4264014489670335 -0.639602143648227
vn -0.4264014489670335 -0.639602143648227 -0.639602143648227
vn -0.5773502691896257 -0.5773502691896257 -0.5773502691896257
vn -0.639602143648227 -0.4264014489670335 -0.639602143648227
f 2349/2349/2349 2350/2350/2350 2351/2351/2351
f 2352/2352/2352 2353/2353/2353 2354/2354/2354
f 2355/2355/2355 2356/2356/2356 2357/2357/2357
f 2358/2358/2358 2359/2359/2359 2360/2360/2360
f 2361/2361/2361 2362/2362/2362 2363/2363/2363
f 2364/2364/2364 2365/2365/2365 2366/2366/2366
f 2367/2367/2367 2368/2368/2368 2369/2369/2369
f 2370/2370/2370 2371/2371/2371 2372/2372/2372
f 2373/2373/2373 2374/2374/2374 2375/2375/2375
f 2376/2376/2376 2377/2377/2377 2378/2378/2378
f 2379/2379/2379 2380/2380/2380 2381/2381/2381
f 2382/2382/2382 2383/2383/2383 2384/2384/2384
f 2385/2385/2385 2386/2386/2386 2387/2387/2387
f 2388/2388/2388 2389/2389/2389 2390/2390/2390
f 2391/2391/2391 2392/2392/2392 2393/2393/2393
f 2394/2394/2394 2395/2395/2395 2396/2396/2396
f 2397/2397/2397 2398/2398/2398 2399/2399/2399
f 2400/2400/2400 2401/2401/2401 2402/2402/2402
f 2403/2403/2403 2404/2404/2404 2405/2405/2405
f 2406/2406/2406 2407/2407/2407 2408/2408/2408
f 2409/2409/2409 2410/2410/2410 2411/2411/2411
f 2412/2412/2412 2413/2413/2413 2414/2414/2414
f 2415/2415/2415 2416/2416/2416 2417/2417/2417
f 2418/2418/2418 2419/2419/2419 2420/2420/2420
f 2421/2421/2421 2422/2422/2422 2423/2423/2423
f 2424/2424/2424 2425/2425/2425 2426/2426/2426
f 2427/2427/2427 2428/2428/2428 2429/2429/2429
f 2430/2430/2430 2431/2431/2431 2432/2432/2432
f 2433/2433/2433 2434/2434/2434 2435/2435/2435
f 2436/2436/2436 2437/2437/2437 2438/2438/2438
f 2439/2439/2439 2440/2440/2440 2441/2441/2441
f 2442/2442/2442 2443/2443/2443 2444/2444/2444
f 2445/2445/2445 2446/2446/2446 2447/2447/2447
f 2448/2448/2448 2449/2449/2449 2450/2450/2450
f 2451/2451/2451 2452/2452/2452 2453/2453/2453
f 2454/2454/2454 2455/2455/2455 2456/2456/2456
f 2457/2457/2457 2458/2458/2458 2459/2459/2459
f 2460/2460/2460 2461/2461/2461 2462/2462/2462
f 2463/2463/2463 2464/2464/2464 2465/2465/2465
f 2466/2466/2466 2467/2467/2467 2468/2468/2468
f 2469/2469/2469 2470/2470/2470 2471/2471/2471
f 2472/2472/2472 2473/2473/2473 2474/2474/2474
f 2475/2475/2475 2476/2476/2476 2477/2477/2477
f 2478/2478/2478 2479/2479/2479 2480/2480/2480
f 2481/2481/2481 2482/2482/2482 2483/2483/2483
f 2484/2484/2484 2485/2485/2485 2486/2486/2486
f 2487/2487/2487 2488/2488/2488 2489/2489/2489
f 2490/2490/2490 2491/2491/2491 2492/2492/2492
f 2493/2493/2493 2494/2494/2494 2495/2495/2495
f 2496/2496/2496 2497/2497/2497 2498/2498/2498
f 2499/2499/2499 2500/2500/2500 2501/2501/2501
f 2502/2502/2502 2503/2503/2503 2504/2504/2504
f 2505/2505/2505 2506/2506/2506 2507/2507/2507
f 2508/2508/2508 2509/2509/2509 2510/2510/2510
f 2511/2511/2511 2512/2512/2512 2513/2513/2513
f 2514/2514/2514 2515/2515/2515 2516/2516/2516
f 2517/2517/2517 2518/2518/2518 2519/2519/2519
f 2520/2520/2520 2521/2521/2521 2522/2522/2522
f 2523/2523/2523 2524/2524/2524 2525/2525/2525
f 2526/2526/2526 2527/2527/2527 2528/2528/2528
f 2529/2529/2529 2530/2530/2530 2531/2531/2531
f 2532/2532/2532 2533/2533/2533 2534/2534/2534
f 2535/2535/2535 2536/2536/2536 2537/2537/2537
f 2538/2538/2538 2539/2539/2539 2540/2540/2540
f 2541/2541/2541 2542/2542/2542 2543/2543/2543
f 2544/2544/2544 2545/2545/2545 2546/2546/2546
f 2547/2547/2547 2548/2548/2548 2549/2549/2549
f 2550/2550/2550 2551/2551/2551 2552/2552/2552
f 2553/2553/2553 2554/2554/2554 2555/2555/2555
f 2556/2556/2556 2557/2557/2557 2558/2558/2558
f 2559/2559/2559 2560/2560/2560 2561/2561/2561
f 2562/2562/2562 2563/2563/2563 2564/2564/2564
f 2565/2565/2565 2566/2566/2566 2567/2567/2567
f 2568/2568/2568 2569/2569/2569 2570/2570/2570
f 2571/2571/2571 2572/2572/2572 2573/2573/2573
f 2574/2574/2574 2575/2575/2575 2576/2576/2576
f 2577/2577/2577 2578/2578/2578 2579/2579/2579
f 2580/2580/2580 2581/2581/2581 2582/2582/2582
f 2583/2583/2583 2584/2584/2584 2585/2585/2585
f 2586/2586/2586 2587/2587/2587 2588/2588/2588
f 2589/2589/2589 2590/2590/2590 2591/2591/2591
f 2592/2592/2592 2593/2593/2593 2594/2594/2594
f 2595/2595/2595 2596/2596/2596 2597/2597/2597
f 2598/2598/2598 2599/2599/2599 2600/2600/2600
f 2601/2601/2601 2602/2602/2602 2603/2603/2603
f 2604/2604/2604 2605/2605/2605 2606/2606/2606
f 2607/2607/2607 2608/2608/2608 2609/2609/2609
f 2610/2610/2610 2611/2611/2611 2612/2612/2612
f 2613/2613/2613 2614/2614/2614 2615/2615/2615
f 2616/2616/2616 2617/2617/2617 2618/2618/2618
f 2619/2619/2619 2620/2620/2620 2621/2621/2621
f 2622/2622/2622 2623/2623/2623 2624/2624/2624
f 2625/2625/2625 2626/2626/2626 2627/2627/2627
f 2628/2628/2628 2629/2629/2629 2630/2630/2630
f 2631/2631/2631 2632/2632/2632 2633/2633/2633
f 2634/2634/2634 2635/2635/2635 2636/2636/2636
f 2637/2637/2637 2638/2638/2638 2639/2639/2639
f 2640/2640/2640 2641/2641/2641 2642/2642/2642
f 2643/2643/2643 2644/2644/2644 2645/2645/2645
f 2646/2646/2646 2647/2647/2647 2648/2648/2648
f 2649/2649/2649 2650/2650/2650 2651/2651/2651
f 2652/2652/2652 2653/2653/2653 2654/2654/2654
f 2655/2655/2655 2656/2656/2656 2657/2657/2657
f 2658/2658/2658 2659/2659/2659 2660/2660/2660
f 2661/2661/2661 2662/2662/2662 2663/2663/2663
f 2664/2664/2664 2665/2665/2665 2666/2666/2666
f 2667/2667/2667 2668/2668/2668 2669/2669/2669
f 2670/2670/2670 2671/2671/2671 2672/2672/2672
f 2673/2673/2673 2674/2674/2674 2675/2675/2675
f 2676/2676/2676 2677/2677/2677 2678/2678/2678
f 2679/2679/2679 2680/2680/2680 2681/2681/2681
f 2682/2682/2682 2683/2683/2683 2684/2684/2684
f 2685/2685/2685 2686/2686/2686 2687/2687/2687
f 2688/2688/2688 2689/2689/2689 2690/2690/2690
f 2691/2691/2691 2692/2692/2692 2693/2693/2693
f 2694/2694/2694 2695/2695/2695 2696/2696/2696
f 2697/2697/2697 2698/2698/2698 2699/2699/2699
f 2700/2700/2700 2701/2701/2701 2702/2702/2702
f 2703/2703/2703 2704/2704/2704 2705/2705/2705
f 2706/2706/2706 2707/2707/2707 2708/2708/2708
f 2709/2709/2709 2710/2710/2710 2711/2711/2711
f 2712/2712/2712 2713/2713/2713 2714/2714/2714
f 2715/2715/2715 2716/2716/2716 2717/2717/2717
f 2718/2718/2718 2719/2719/2719 2720/2720/2720
f 2721/2721/2721 2722/2722/2722 2723/2723/2723
f 2724/2724/2724 2725/2725/2725 2726/2726/2726
f 2727/2727/2727 2728/2728/2728 2729/2729/2729
f 2730/2730/2730 2731/2731/2731 2732/2732/2732
f 2733/2733/2733 2734/2734/2734 2735/2735/2735
f 2736/2736/2736 2737/2737/2737 2738/2738/2738
f 2739/2739/2739 2740/2740/2740 2741/2741/2741
f 2742/2742/2742 2743/2743/2743 2744/2744/2744
f 2745/2745/2745 2746/2746/2746 2747/2747/2747
f 2748/2748/2748 2749/2749/2749 2750/2750/2750
f 2751/2751/2751 2752/2752/2752 2753/2753/2753
f 2754/2754/2754 2755/2755/2755 2756/2756/2756
f 2757/2757/2757 2758/2758/2758 2759/2759/2759
f 2760/2760/2760 2761/2761/2761 2762/2762/2762
f 2763/2763/2763 2764/2764/2764 2765/2765/2765
f 2766/2766/2766 2767/2767/2767 2768/2768/2768
f 2769/2769/2769 2770/2770/2770 2771/2771/2771
f 2772/2772/2772 2773/2773/2773 2774/2774/2774
f 2775/2775/2775 2776/2776/2776 2777/2777/2777
f 2778/2778/2778 2779/2779/2779 2780/2780/2780
f 2781/2781/2781 2782/2782/2782 2783/2783/2783
f 2784/2784/2784 2785/2785/2785 2786/2786/2786
f 2787/2787/2787 2788/2788/2788 2789/2789/2789
f 2790/2790/2790 2791/2791/2791 2792/2792/2792
f 2793/2793/2793 2794/2794/2794 2795/2795/2795
f 2796/2796/2796 2797/2797/2797 2798/2798/2798
f 2799/2799/2799 2800/2800/2800 2801/2801/2801
f 2802/2802/2802 2803/2803/2803 2804/2804/2804
f 2805/2805/2805 2806/2806/2806 2807/2807/2807
f 2808/2808/2808 2809/2809/2809 2810/2810/2810
f 2811/2811/2811 2812/2812/2812 2813/2813/2813
f 2814/2814/2814 2815/2815/2815 2816/2816/2816
f 2817/2817/2817 2818/2818/2818 2819/2819/2819
f 2820/2820/2820 2821/2821/2821 2822/2822/2822
f 2823/2823/2823 2824/2824/2824 2825/2825/2825
f 2826/2826/2826 2827/2827/2827 2828/2828/2828
f 2829/2829/2829 2830/2830/2830 2831/2831/2831
f 2832/2832/2832 2833/2833/2833 2834/2834/2834
f 2835/2835/2835 2836/2836/2836 2837/2837/2837
f 2838/2838/2838 2839/2839/2839 2840/2840/2840
f 2841/2841/2841 2842/2842/2842 2843/2843/2843
f 2844/2844/2844 2845/2845/2845 2846/2846/2846
f 2847/2847/2847 2848/2848/2848 2849/2849/2849
f 2850/2850/2850 2851/2851/2851 2852/2852/2852
f 2853/2853/2853 2854/2854/2854 2855/2855/2855
f 2856/2856/2856 2857/2857/2857 2858/2858/2858
f 2859/2859/2859 2860/2860/2860 2861/2861/2861
f 2862/2862/2862 2863/2863/2863 2864/2864/2864
f 2865/2865/2865 2866/2866/2866 2867/2867/2867
f 2868/2868/2868 2869/2869/2869 2870/2870/2870
f 2871/2871/2871 2872/2872/2872 2873/2873/2873
f 2874/2874/2874 2875/2875/2875 2876/2876/2876
f 2877/2877/2877 2878/2878/2878 2879/2879/2879
f 2880/2880/2880 2881/2881/2881 2882/2882/2882
f 2883/2883/2883 2884/2884/2884 2885/2885/2885
f 2886/2886/2886 2887/2887/2887 2888/2888/2888
f 2889/2889/2889 2890/2890/2890 2891/2891/2891
f 2892/2892/2892 2893/2893/2893 2894/2894/2894
f 2895/2895/2895 2896/2896/2896 2897/2897/2897
f 2898/2898/2898 2899/2899/2899 2900/2900/2900
f 2901/2901/2901 2902/2902/2902 2903/2903/2903
f 2904/2904/2904 2905/2905/2905 2906/2906/2906
f 2907/2907/2907 2908/2908/2908 2909/2909/2909
f 2910/2910/2910 2911/2911/2911 2912/2912/2912
f 2913/2913/2913 2914/2914/2914 2915/2915/2915
f 2916/2916/2916 2917/2917/2917 2918/2918/2918
f 2919/2919/2919 2920/2920/2920 2921/2921/2921
f 2922/2922/2922 2923/2923/2923 2924/2924/2924
f 2925/2925/2925 2926/2926/2926 2927/2927/2927
f 2928/2928/2928 2929/2929/2929 2930/2930/2930
f 2931/2931/2931 2932/2932/2932 2933/2933/2933
f 2934/2934/2934 2935/2935/2935 2936/2936/2936
f 2937/2937/2937 2938/2938/2938 2939/2939/2939
f 2940/2940/2940 2941/2941/2941 2942/2942/2942
f 2943/2943/2943 2944/2944/2944 2945/2945/2945
f 2946/2946/2946 2947/2947/2947 2948/2948/2948
f 2949/2949/2949 2950/2950/2950 2951/2951/2951
f 2952/2952/2952 2953/2953/2953 2954/2954/2954
f 2955/2955/2955 2956/2956/2956 2957/2957/2957
f 2958/2958/2958 2959/2959/2959 2960/2960/2960
f 2961/2961/2961 2962/2962/2962 2963/2963/2963
f 2964/2964/2964 2965/2965/2965 2966/2966/2966
f 2967/2967/2967 2968/2968/2968 2969/2969/2969
f 2970/2970/2970 2971/2971/2971 2972/2972/2972
f 2973/2973/2973 2974/2974/2974 2975/2975/2975
f 2976/2976/2976 2977/2977/2977 2978/2978/2978
f 2979/2979/2979 2980/2980/2980 2981/2981/2981
f 2982/2982/2982 2983/2983/2983 2984/2984/2984
f 2985/2985/2985 2986/2986/2986 2987/2987/2987
f 2988/2988/2988 2989/2989/2989 2990/2990/2990
f 2991/2991/2991 2992/2992/2992 2993/2993/2993
f 2994/2994/2994 2995/2995/2995 2996/2996/2996
f 2997/2997/2997 2998/2998/2998 2999/2999/2999
f 3000/3000/3000 3001/3001/3001 3002/3002/3002
f 3003/3003/3003 3004/3004/3004 3005/3005/3005
f 3006/3006/3006 3007/3007/3007 3008/3008/3008
f 3009/3009/3009 3010/3010/3010 3011/3011/3011
f 3012/3012/3012 3013/3013/3013 3014/3014/3014
f 3015/3015/3015 3016/3016/3016 3017/3017/3017
f 3018/3018/3018 3019/3019/3019 3020/3020/3020
f 3021/3021/3021 3022/3022/3022 3023/3023/3023
f 3024/3024/3024 3025/3025/3025 3026/3026/3026
f 3027/3027/3027 3028/3028/3028 3029/3029/3029
f 3030/3030/3030 3031/3031/3031 3032/3032/3032
f 3033/3033/3033 3034/3034/3034 3035/3035/3035
f 3036/3036/3036 3037/3037/3037 3038/3038/3038
f 3039/3039/3039 3040/3040/3040 3041/3041/3041
f 3042/3042/3042 3043/3043/3043 3044/3044/3044
f 3045/3045/3045 3046/3046/3046 3047/3047/3047
f 3048/3048/3048 3049/3049/3049 3050/3050/3050
f 3051/3051/3051 3052/3052/3052 3053/3053/3053
f 3054/3054/3054 3055/3055/3055 3056/3056/3056
f 3057/3057/3057 3058/3058/3058 3059/3059/3059
f 3060/3060/3060 3061/3061/3061 3062/3062/3062
f 3063/3063/3063 3064/3064/3064 3065/3065/3065
f 3066/3066/3066 3067/3067/3067 3068/3068/3068
f 3069/3069/3069 3070/3070/3070 3071/3071/3071
f 3072/3072/3072 3073/3073/3073 3074/3074/3074
f 3075/3075/3075 3076/3076/3076 3077/3077/3077
f 3078/3078/3078 3079/3079/3079 3080/3080/3080
f 3081/3081/3081 3082/3082/3082 3083/3083/3083
f 3084/3084/3084 3085/3085/3085 3086/3086/3086
f 3087/3087/3087 3088/3088/3088 3089/3089/3089
f 3090/3090/3090 3091/3091/3091 3092/3092/3092
f 3093/3093/3093 3094/3094/3094 3095/3095/3095
f 3096/3096/3096 3097/3097/3097 3098/3098/3098
f 3099/3099/3099 3100/3100/3100 3101/3101/3101
f 3102/3102/3102 3103/3103/3103 3104/3104/3104
f 3105/3105/3105 3106/3106/3106 3107/3107/3107
f 3108/3108/3108 3109/3109/3109 3110/3110/3110
f 3111/3111/3111 3112/3112/3112 3113/3113/3113
f 3114/3114/3114 3115/3115/3115 3116/3116/3116
f 3117/3117/3117 3118/3118/3118 3119/3119/3119
f 3120/3120/3120 3121/3121/3121 3122/3122/3122
f 3123/3123/3123 3124/3124/3124 3125/3125/3125
f 3126/3126/3126 3127/3127/3127 3128/3128/3128
f 3129/3129/3129 3130/3130/3130 3131/3131/3131
f 3132/3132/3132 3133/3133/3133 3134/3134/3134
f 3135/3135/3135 3136/3136/3136 3137/3137/3137
f 3138/3138/3138 3139/3139/3139 3140/3140/3140
f 3141/3141/3141 3142/3142/3142 3143/3143/3143
f 3144/3144/3144 3145/3145/3145 3146/3146/3146
f 3147/3147/3147 3148/3148/3148 3149/3149/3149
f 3150/3150/3150 3151/3151/3151 3152/3152/3152
f 3153/3153/3153 3154/3154/3154 3155/3155/3155
f 3156/3156/3156 3157/3157/3157 3158/3158/3158
f 3159/3159/3159 3160/3160/3160 3161/3161/3161
f 3162/3162/3162 3163/3163/3163 3164/3164/3164
f 3165/3165/3165 3166/3166/3166 3167/3167/3167
f 3168/3168/3168 3169/3169/3169 3170/3170/3170
f 3171/3171/3171 3172/3172/3172 3173/3173/3173
f 3174/3174/3174 3175/3175/3175 3176/3176/3176
f 3177/3177/3177 3178/3178/3178 3179/3179/3179
f 3180/3180/3180 3181/3181/3181 3182/3182/3182
f 3183/3183/3183 3184/3184/3184 3185/3185/3185
f 3186/3186/3186 3187/3187/3187 3188/3188/3188
f 3189/3189/3189 3190/3190/3190 3191/3191/3191
f 3192/3192/3192 3193/3193/3193 3194/3194/3194
f 3195/3195/3195 3196/3196/3196 3197/3197/3197
f 3198/3198/3198 3199/3199/3199 3200/3200/3200
f 3201/3201/3201 3202/3202/3202 3203/3203/3203
f 3204/3204/3204 3205/3205/3205 3206/3206/3206
f 3207/3207/3207 3208/3208/3208 3209/3209/3209
f 3210/3210/3210 3211/3211/3211 3212/3212/3212
f 3213/3213/3213 3214/3214/3214 3215/3215/3215
f 3216/3216/3216 3217/3217/3217 3218/3218/3218
f 3219/3219/3219 3220/3220/3220 3221/3221/3221
f 3222/3222/3222 3223/3223/3223 3224/3224/3224
f 3225/3225/3225 3226/3226/3226 3227/3227/3227
f 3228/3228/3228 3229/3229/3229 3230/3230/3230
f 3231/3231/3231 3232/3232/3232 3233/3233/3233
f 3234/3234/3234 3235/3235/3235 3236/3236/3236
f 3237/3237/3237 3238/3238/3238 3239/3239/3239
f 3240/3240/3240 3241/3241/3241 3242/3242/3242
f 3243/3243/3243 3244/3244/3244 3245/3245/3245
f 3246/3246/3246 3247/3247/3247 3248/3248/3248
f 3249/3249/3249 3250/3250/3250 3251/3251/3251
f 3252/3252/3252 3253/3253/3253 3254/3254/3254
f 3255/3255/3255 3256/3256/3256 3257/3257/3257
f 3258/3258/3258 3259/3259/3259 3260/3260/3260
f 3261/3261/3261 3262/3262/3262 3263/3263/3263
f 3264/3264/3264 3265/3265/3265 3266/3266/3266
f 3267/3267/3267 3268/3268/3268 3269/3269/3269
f 3270/3270/3270 3271/3271/3271 3272/3272/3272
f 3273/3273/3273 3274/3274/3274 3275/3275/3275
f 3276/3276/3276 3277/3277/3277 3278/3278/3278
f 3279/3279/3279 3280/3280/3280 3281/3281/3281
f 3282/3282/3282 3283/3283/3283 3284/3284/3284
f 3285/3285/3285 3286/3286/3286 3287/3287/3287
f 3288/3288/3288 3289/3289/3289 3290/3290/3290
f 3291/3291/3291 3292/3292/3292 3293/3293/3293
f 3294/3294/3294 3295/3295/3295 3296/3296/3296
f 3297/3297/3297 3298/3298/3298 3299/3299/3299
f 3300/3300/3300 3301/3301/3301 3302/3302/3302
f 3303/3303/3303 3304/3304/3304 3305/3305/3305
f 3306/3306/3306 3307/3307/3307 3308/3308/3308
f 3309/3309/3309 3310/3310/3310 3311/3311/3311
f 3312/3312/3312 3313/3313/3313 3314/3314/3314
f 3315/3315/3315 3316/3316/3316 3317/3317/3317
f 3318/3318/3318 3319/3319/3319 3320/3320/3320
f 3321/3321/3321 3322/3322/3322 3323/3323/3323
f 3324/3324/3324 3325/3325/3325 3326/3326/3326
f 3327/3327/3327 3328/3328/3328 3329/3329/3329
f 3330/3330/3330 3331/3331/3331 3332/3332/3332
f 3333/3333/3333 3334/3334/3334 3335/3335/3335
f 3336/3336/3336 3337/3337/3337 3338/3338/3338
f 3339/3339/3339 3340/3340/3340 3341/3341/3341
f 3342/3342/3342 3343/3343/3343 3344/3344/3344
f 3345/3345/3345 3346/3346/3346 3347/3347/3347
f 3348/3348/3348 3349/3349/3349 3350/3350/3350
f 3351/3351/3351 3352/3352/3352 3353/3353/3353
f 3354/3354/3354 3355/3355/3355 3356/3356/3356
f 3357/3357/3357 3358/3358/3358 3359/3359/3359
f 3360/3360/3360 3361/3361/3361 3362/3362/3362
f 3363/3363/3363 3364/3364/3364 3365/3365/3365
f 3366/3366/3366 3367/3367/3367 3368/3368/3368
f 3369/3369/3369 3370/3370/3370 3371/3371/3371
f 3372/3372/3372 3373/3373/3373 3374/3374/3374
f 3375/3375/3375 3376/3376/3376 3377/3377/3377
f 3378/3378/3378 3379/3379/3379 3380/3380/3380
f 3381/3381/3381 3382/3382/3382 3383/3383/3383
f 3384/3384/3384 3385/3385/3385 3386/3386/3386
f 3387/3387/3387 3388/3388/3388 3389/3389/3389
f 3390/3390/3390 3391/3391/3391 3392/3392/3392
f 3393/3393/3393 3394/3394/3394 3395/3395/3395
f 3396/3396/3396 3397/3397/3397 3398/3398/3398
f 3399/3399/3399 3400/3400/3400 3401/3401/3401
f 3402/3402/3402 3403/3403/3403 3404/3404/3404
f 3405/3405/3405 3406/3406/3406 3407/3407/3407
f 3408/3408/3408 3409/3409/3409 3410/3410/3410
f 3411/3411/3411 3412/3412/3412 3413/3413/3413
f 3414/3414/3414 3415/3415/3415 3416/3416/3416
f 3417/3417/3417 3418/3418/3418 3419/3419/3419
f 3420/3420/3420 3421/3421/3421 3422/3422/3422
f 3423/3423/3423 3424/3424/3424 3425/3425/3425
f 3426/3426/3426 3427/3427/3427 3428/3428/3428
f 3429/3429/3429 3430/3430/3430 3431/3431/3431
f 3432/3432/3432 3433/3433/3433 3434/3434/3434
f 3435/3435/3435 3436/3436/3436 3437/3437/3437
f 3438/3438/3438 3439/3439/3439 3440/3440/3440
f 3441/3441/3441 3442/3442/3442 3443/3443/3443
f 3444/3444/3444 3445/3445/3445 3446/3446/3446
f 3447/3447/3447 3448/3448/3448 3449/3449/3449
f 3450/3450/3450 3451/3451/3451 3452/3452/3452
f 3453/3453/3453 3454/3454/3454 3455/3455/3455
f 3456/3456/3456 3457/3457/3457 3458/3458/3458
f 3459/3459/3459 3460/3460/3460 3461/3461/3461
f 3462/3462/3462 3463/3463/3463 3464/3464/3464
f 3465/3465/3465 3466/3466/3466 3467/3467/3467
f 3468/3468/3468 3469/3469/3469 3470/3470/3470
f 3471/3471/3471 3472/3472/3472 3473/3473/3473
f 3474/3474/3474 3475/3475/3475 3476/3476/3476
f 3477/3477/3477 3478/3478/3478 3479/3479/3479
f 3480/3480/3480 3481/3481/3481 3482/3482/3482
f 3483/3483/3483 3484/3484/3484 3485/3485/3485
f 3486/3486/3486 3487/3487/3487 3488/3488/3488
f 3489/3489/3489 3490/3490/3490 3491/3491/3491
f 3492/3492/3492 3493/3493/3493 3494/3494/3494
f 3495/3495/3495 3496/3496/3496 3497/3497/3497
f 3498/3498/3498 3499/3499/3499 3500/3500/3500
f 3501/3501/3501 3502/3502/3502 3503/3503/3503
f 3504/3504/3504 3505/3505/3505 3506/3506/3506
f 3507/3507/3507 3508/3508/3508 3509/3509/3509
f 3510/3510/3510 3511/3511/3511 3512/3512/3512
f 3513/3513/3513 3514/3514/3514 3515/3515/3515
f 3516/3516/3516 3517/3517/3517 3518/3518/3518
f 3519/3519/3519 3520/3520/3520 3521/3521/3521
f 3522/3522/3522 3523/3523/3523 3524/3524/3524
f 3525/3525/3525 3526/3526/3526 3527/3527/3527
f 3528/3528/3528 3529/3529/3529 3530/3530/3530
f 3531/3531/3531 3532/3532/3532 3533/3533/3533
f 3534/3534/3534 3535/3535/3535 3536/3536/3536
f 3537/3537/3537 3538/3538/3538 3539/3539/3539
f 3540/3540/3540 3541/3541/3541 3542/3542/3542
f 3543/3543/3543 3544/3544/3544 3545/3545/3545
f 3546/3546/3546 3547/3547/3547 3548/3548/3548
f 3549/3549/3549 3550/3550/3550 3551/3551/3551
f 3552/3552/3552 3553/3553/3553 3554/3554/3554
f 3555/3555/3555 3556/3556/3556 3557/3557/3557
f 3558/3558/3558 3559/3559/3559 3560/3560/3560
f 3561/3561/3561 3562/3562/3562 3563/3563/3563
f 3564/3564/3564 3565/3565/3565 3566/3566/3566
f 3567/3567/3567 3568/3568/3568 3569/3569/3569
f 3570/3570/3570 3571/3571/3571 3572/3572/3572
f 3573/3573/3573 3574/3574/3574 3575/3575/3575
f 3576/3576/3576 3577/3577/3577 3578/3578/3578
f 3579/3579/3579 3580/3580/3580 3581/3581/3581
f 3582/3582/3582 3583/3583/3583 3584/3584/3584
f 3585/3585/3585 3586/3586/3586 3587/3587/3587
f 3588/3588/3588 3589/3589/3589 3590/3590/3590
f 3591/3591/3591 3592/3592/3592 3593/3593/3593
f 3594/3594/3594 3595/3595/3595 3596/3596/3596
f 3597/3597/3597 3598/3598/3598 3599/3599/3599
f 3600/3600/3600 3601/3601/3601 3602/3602/3602
f 3603/3603/3603 3604/3604/3604 3605/3605/3605
f 3606/3606/3606 3607/3607/3607 3608/3608/3608
f 3609/3609/3609 3610/3610/3610 3611/3611/3611
f 3612/3612/3612 3613/3613/3613 3614/3614/3614
f 3615/3615/3615 3616/3616/3616 3617/3617/3617
f 3618/3618/3618 3619/3619/3619 3620/3620/3620
f 3621/3621/3621 3622/3622/3622 3623/3623/3623
f 3624/3624/3624 3625/3625/3625 3626/3626/3626
f 3627/3627/3627 3628/3628/3628 3629/3629/3629
f 3630/3630/3630 3631/3631/3631 3632/3632/3632
f 3633/3633/3633 3634/3634/3634 3635/3635/3635
f 3636/3636/3636 3637/3637/3637 3638/3638/3638
f 3639/3639/3639 3640/3640/3640 3641/3641/3641
f 3642/3642/3642 3643/3643/3643 3644/3644/3644
f 3645/3645/3645 3646/3646/3646 3647/3647/3647
f 3648/3648/3648 3649/3649/3649 3650/3650/3650
f 3651/3651/3651 3652/3652/3652 3653/3653/3653
f 3654/3654/3654 3655/3655/3655 3656/3656/3656
f 3657/3657/3657 3658/3658/3658 3659/3659/3659
f 3660/3660/3660 3661/3661/3661 3662/3662/3662
f 3663/3663/3663 3664/3664/3664 3665/3665/3665
f 3666/3666/3666 3667/3667/3667 3668/3668/3668
f 3669/3669/3669 3670/3670/3670 3671/3671/3671
f 3672/3672/3672 3673/3673/3673 3674/3674/3674
f 3675/3675/3675 3676/3676/3676 3677/3677/3677
f 3678/3678/3678 3679/3679/3679 3680/3680/3680
f 3681/3681/3681 3682/3682/3682 3683/3683/3683
f 3684/3684/3684 3685/3685/3685 3686/3686/3686
f 3687/3687/3687 3688/3688/3688 3689/3689/3689
f 3690/3690/3690 3691/3691/3691 3692/3692/3692
f 3693/3693/3693 3694/3694/3694 3695/3695/3695
f 3696/3696/3696 3697/3697/3697 3698/3698/3698
f 3699/3699/3699 3700/3700/3700 3701/3701/3701
f 3702/3702/3702 3703/3703/3703 3704/3704/3704
f 3705/3705/3705 3706/3706/3706 3707/3707/3707
f 3708/3708/3708 3709/3709/3709 3710/3710/3710
f 3711/3711/3711 3712/3712/3712 3713/3713/3713
f 3714/3714/3714 3715/3715/3715 3716/3716/3716
f 3717/3717/3717 3718/3718/3718 3719/3719/3719
f 3720/3720/3720 3721/3721/3721 3722/3722/3722
f 3723/3723/3723 3724/3724/3724 3725/3725/3725
f 3726/3726/3726 3727/3727/3727 3728/3728/3728
f 3729/3729/3729 3730/3730/3730 3731/3731/3731
f 3732/3732/3732 3733/3733/3733 3734/3734/3734
f 3735/3735/3735 3736/3736/3736 3737/3737/3737
f 3738/3738/3738 3739/3739/3739 3740/3740/3740
f 3741/3741/3741 3742/3742/3742 3743/3743/3743
f 3744/3744/3744 3745/3745/3745 3746/3746/3746
f 3747/3747/3747 3748/3748/3748 3749/3749/3749
f 3750/3750/3750 3751/3751/3751 3752/3752/3752
f 3753/3753/3753 3754/3754/3754 3755/3755/3755
f 3756/3756/3756 3757/3757/3757 3758/3758/3758
f 3759/3759/3759 3760/3760/3760 3761/3761/3761
f 3762/3762/3762 3763/3763/3763 3764/3764/3764
f 3765/3765/3765 3766/3766/3766 3767/3767/3767
f 3768/3768/3768 3769/3769/3769 3770/3770/3770
f 3771/3771/3771 3772/3772/3772 3773/3773/3773
f 3774/3774/3774 3775/3775/3775 3776/3776/3776
f 3777/3777/3777 3778/3778/3778 3779/3779/3779
f 3780/3780/3780 3781/3781/3781 3782/3782/3782
f 3783/3783/3783 3784/3784/3784 3785/3785/3785
f 3786/3786/3786 3787/3787/3787 3788/3788/3788
f 3789/3789/3789 3790/3790/3790 3791/3791/3791
f 3792/3792/3792 3793/3793/3793 3794/3794/3794
f 3795/3795/3795 3796/3796/3796 3797/3797/3797
f 3798/3798/3798 3799/3799/3799 3800/3800/3800
f 3801/3801/3801 3802/3802/3802 3803/3803/3803
f 3804/3804/3804 3805/3805/3805 3806/3806/3806
f 3807/3807/3807 3808/3808/3808 3809/3809/3809
f 3810/3810/3810 3811/3811/3811 3812/3812/3812
f 3813/3813/3813 3814/3814/3814 3815/3815/3815
f 3816/3816/3816 3817/3817/3817 3818/3818/3818
f 3819/3819/3819 3820/3820/3820 3821/3821/3821
f 3822/3822/3822 3823/3823/3823 3824/3824/3824
f 3825/3825/3825 3826/3826/3826 3827/3827/3827
f 3828/3828/3828 3829/3829/3829 3830/3830/3830
f 3831/3831/3831 3832/3832/3832 3833/3833/3833
f 3834/3834/3834 3835/3835/3835 3836/3836/3836
f 3837/3837/3837 3838/3838/3838 3839/3839/3839
f 3840/3840/3840 3841/3841/3841 3842/3842/3842
f 3843/3843/3843 3844/3844/3844 3845/3845/3845
f 3846/3846/3846 3847/3847/3847 3848/3848/3848
f 3849/3849/3849 3850/3850/3850 3851/3851/3851
f 3852/3852/3852 3853/3853/3853 3854/3854/3854
f 3855/3855/3855 3856/3856/3856 3857/3857/3857
f 3858/3858/3858 3859/3859/3859 3860/3860/3860
f 3861/3861/3861 3862/3862/3862 3863/3863/3863
f 3864/3864/3864 3865/3865/3865 3866/3866/3866
f 3867/3867/3867 3868/3868/3868 3869/3869/3869
f 3870/3870/3870 3871/3871/3871 3872/3872/3872
f 3873/3873/3873 3874/3874/3874 3875/3875/3875
f 3876/3876/3876 3877/3877/3877 3878/3878/3878
f 3879/3879/3879 3880/3880/3880 3881/3881/3881
f 3882/3882/3882 3883/3883/3883 3884/3884/3884
f 3885/3885/3885 3886/3886/3886 3887/3887/3887
f 3888/3888/3888 3889/3889/3889 3890/3890/3890
f 3891/3891/3891 3892/3892/3892 3893/3893/3893
f 3894/3894/3894 3895/3895/3895 3896/3896/3896
f 3897/3897/3897 3898/3898/3898 3899/3899/3899
f 3900/3900/3900 3901/3901/3901 3902/3902/3902
f 3903/3903/3903 3904/3904/3904 3905/3905/3905
f 3906/3906/3906 3907/3907/3907 3908/3908/3908
f 3909/3909/3909 3910/3910/3910 3911/3911/3911
f 3912/3912/3912 3913/3913/3913 3914/3914/3914
f 3915/3915/3915 3916/3916/3916 3917/3917/3917
f 3918/3918/3918 3919/3919/3919 3920/3920/3920
f 3921/3921/3921 3922/3922/3922 3923/3923/3923
f 3924/3924/3924 3925/3925/3925 3926/3926/3926
f 3927/3927/3927 3928/3928/3928 3929/3929/3929
f 3930/3930/3930 3931/3931/3931 3932/3932/3932
f 3933/3933/3933 3934/3934/3934 3935/3935/3935
f 3936/3936/3936 3937/3937/3937 3938/3938/3938
f 3939/3939/3939 3940/3940/3940 3941/3941/3941
f 3942/3942/3942 3943/3943/3943 3944/3944/3944
f 3945/3945/3945 3946/3946/3946 3947/3947/3947
f 3948/3948/3948 3949/3949/3949 3950/3950/3950
f 3951/3951/3951 3952/3952/3952 3953/3953/3953
f 3954/3954/3954 3955/3955/3955 3956/3956/3956
f 3957/3957/3957 3958/3958/3958 3959/3959/3959
f 3960/3960/3960 3961/3961/3961 3962/3962/3962
f 3963/3963/3963 3964/3964/3964 3965/3965/3965
f 3966/3966/3966 3967/3967/3967 3968/3968/3968
f 3969/3969/3969 3970/3970/3970 3971/3971/3971
f 3972/3972/3972 3973/3973/3973 3974/3974/3974
f 3975/3975/3975 3976/3976/3976 3977/3977/3977
f 3978/3978/3978 3979/3979/3979 3980/3980/3980
f 3981/3981/3981 3982/3982/3982 3983/3983/3983
f 3984/3984/3984 3985/3985/3985 3986/3986/3986
f 3987/3987/3987 3988/3988/3988 3989/3989/3989
f 3990/3990/3990 3991/3991/3991 3992/3992/3992
f 3993/3993/3993 3994/3994/3994 3995/3995/3995
f 3996/3996/3996 3997/3997/3997 3998/3998/3998
f 3999/3999/3999 4000/4000/4000 4001/4001/4001
f 4002/4002/4002 4003/4003/4003 4004/4004/4004
f 4005/4005/4005 4006/4006/4006 4007/4007/4007
f 4008/4008/4008 4009/4009/4009 4010/4010/4010
f 4011/4011/4011 4012/4012/4012 4013/4013/4013
f 4014/4014/4014 4015/4015/4015 4016/4016/4016
f 4017/4017/4017 4018/4018/4018 4019/4019/4019
f 4020/4020/4020 4021/4021/4021 4022/4022/4022
f 4023/4023/4023 4024/4024/4024 4025/4025/4025
f 4026/4026/4026 4027/4027/4027 4028/4028/4028
f 4029/4029/4029 4030/4030/4030 4031/4031/4031
f 4032/4032/4032 4033/4033/4033 4034/4034/4034
f 4035/4035/4035 4036/4036/4036 4037/4037/4037
f 4038/4038/4038 4039/4039/4039 4040/4040/4040
f 4041/4041/4041 4042/4042/4042 4043/4043/4043
f 4044/4044/4044 4045/4045/4045 4046/4046/4046
f 4047/4047/4047 4048/4048/4048 4049/4049/4049
f 4050/4050/4050 4051/4051/4051 4052/4052/4052
f 4053/4053/4053 4054/4054/4054 4055/4055/4055
f 4056/4056/4056 4057/4057/4057 4058/4058/4058
f 4059/4059/4059 4060/4060/4060 4061/4061/4061
f 4062/4062/4062 4063/4063/4063 4064/4064/4064
f 4065/4065/4065 4066/4066/4066 4067/4067/4067
f 4068/4068/4068 4069/4069/4069 4070/4070/4070
f 4071/4071/4071 4072/4072/4072 4073/4073/4073
f 4074/4074/4074 4075/4075/4075 4076/4076/4076
f 4077/4077/4077 4078/4078/4078 4079/4079/4079
f 4080/4080/4080 4081/4081/4081 4082/4082/4082
f 4083/4083/4083 4084/4084/4084 4085/4085/4085
f 4086/4086/4086 4087/4087/4087 4088/4088/4088
f 4089/4089/4089 4090/4090/4090 4091/4091/4091
f 4092/4092/4092 4093/4093/4093 4094/4094/4094
f 4095/4095/4095 4096/4096/4096 4097/4097/4097
f 4098/4098/4098 4099/4099/4099 4100/4100/4100
f 4101/4101/4101 4102/4102/4102 4103/4103/4103
f 4104/4104/4104 4105/4105/4105 4106/4106/4106
f 4107/4107/4107 4108/4108/4108 4109/4109/4109
f 4110/4110/4110 4111/4111/4111 4112/4112/4112
