mtllib J3_link.mtl
o spline_shaft
usemtl shaft_steel
v 0 -0.009999999776482582 0.3980000051259994
v 0.003826834261417389 -0.00923879537731409 0.3980000051259994
v 0.007071067579090595 -0.007071067579090595 0.3980000051259994
v 0.00923879537731409 -0.003826834261417389 0.3980000051259994
v 0.009999999776482582 1.0348266036693566e-17 0.3980000051259994
v 0.00923879537731409 0.003826834261417389 0.3980000051259994
v 0.007071067579090595 0.007071067579090595 0.3980000051259994
v 0.003826834261417389 0.00923879537731409 0.3980000051259994
v 1.224646790546622e-18 0.009999999776482582 0.3980000051259994
v -0.003826834261417389 0.00923879537731409 0.3980000051259994
v -0.007071067579090595 0.007071067579090595 0.3980000051259994
v -0.00923879537731409 0.003826834261417389 0.3980000051259994
v -0.009999999776482582 1.2797559410991657e-17 0.3980000051259994
v -0.00923879537731409 -0.003826834261417389 0.3980000051259994
v -0.007071067579090595 -0.007071067579090595 0.3980000051259994
v -0.003826834261417389 -0.00923879537731409 0.3980000051259994
v -2.449293581093244e-18 -0.009999999776482582 0.3980000051259994
v 0 -0.009999999776482582 0.03999999487400055
v 0.003826834261417389 -0.00923879537731409 0.03999999487400055
v 0.007071067579090595 -0.007071067579090595 0.03999999487400055
v 0.00923879537731409 -0.003826834261417389 0.03999999487400055
v 0.009999999776482582 -1.1572912723842612e-17 0.03999999487400055
v 0.00923879537731409 0.003826834261417389 0.03999999487400055
v 0.007071067579090595 0.007071067579090595 0.03999999487400055
v 0.003826834261417389 0.00923879537731409 0.03999999487400055
v 1.224646790546622e-18 0.009999999776482582 0.03999999487400055
v -0.003826834261417389 0.00923879537731409 0.03999999487400055
v -0.007071067579090595 0.007071067579090595 0.03999999487400055
v -0.00923879537731409 0.003826834261417389 0.03999999487400055
v -0.009999999776482582 -9.123618522363908e-18 0.03999999487400055
v -0.00923879537731409 -0.003826834261417389 0.03999999487400055
v -0.007071067579090595 -0.007071067579090595 0.03999999487400055
v -0.003826834261417389 -0.00923879537731409 0.03999999487400055
v -2.449293581093244e-18 -0.009999999776482582 0.03999999487400055
v 0 1.0960588966677783e-17 0.3980000051259994
v 0 1.0960588966677783e-17 0.3980000051259994
v 0 1.0960588966677783e-17 0.3980000051259994
v 0 1.0960588966677783e-17 0.3980000051259994
v 0 1.0960588966677783e-17 0.3980000051259994
v 0 1.0960588966677783e-17 0.3980000051259994
v 0 1.0960588966677783e-17 0.3980000051259994
v 0 1.0960588966677783e-17 0.3980000051259994
v 0 1.0960588966677783e-17 0.3980000051259994
v 0 1.0960588966677783e-17 0.3980000051259994
v 0 1.0960588966677783e-17 0.3980000051259994
v 0 1.0960588966677783e-17 0.3980000051259994
v 0 1.0960588966677783e-17 0.3980000051259994
v 0 1.0960588966677783e-17 0.3980000051259994
v 0 1.0960588966677783e-17 0.3980000051259994
v 0 1.0960588966677783e-17 0.3980000051259994
v 0 -0.009999999776482582 0.3980000051259994
v 0.003826834261417389 -0.00923879537731409 0.3980000051259994
v 0.007071067579090595 -0.007071067579090595 0.3980000051259994
v 0.00923879537731409 -0.003826834261417389 0.3980000051259994
v 0.009999999776482582 1.0348266036693566e-17 0.3980000051259994
v 0.00923879537731409 0.003826834261417389 0.3980000051259994
v 0.007071067579090595 0.007071067579090595 0.3980000051259994
v 0.003826834261417389 0.00923879537731409 0.3980000051259994
v 1.224646790546622e-18 0.009999999776482582 0.3980000051259994
v -0.003826834261417389 0.00923879537731409 0.3980000051259994
v -0.007071067579090595 0.007071067579090595 0.3980000051259994
v -0.00923879537731409 0.003826834261417389 0.3980000051259994
v -0.009999999776482582 1.2797559410991657e-17 0.3980000051259994
v -0.00923879537731409 -0.003826834261417389 0.3980000051259994
v -0.007071067579090595 -0.007071067579090595 0.3980000051259994
v -0.003826834261417389 -0.00923879537731409 0.3980000051259994
v -2.449293581093244e-18 -0.009999999776482582 0.3980000051259994
v 0 -1.0960588966677783e-17 0.03999999487400055
v 0 -1.0960588966677783e-17 0.03999999487400055
v 0 -1.0960588966677783e-17 0.03999999487400055
v 0 -1.0960588966677783e-17 0.03999999487400055
v 0 -1.0960588966677783e-17 0.03999999487400055
v 0 -1.0960588966677783e-17 0.03999999487400055
v 0 -1.0960588966677783e-17 0.03999999487400055
v 0 -1.0960588966677783e-17 0.03999999487400055
v 0 -1.0960588966677783e-17 0.03999999487400055
v 0 -1.0960588966677783e-17 0.03999999487400055
v 0 -1.0960588966677783e-17 0.03999999487400055
v 0 -1.0960588966677783e-17 0.03999999487400055
v 0 -1.0960588966677783e-17 0.03999999487400055
v 0 -1.0960588966677783e-17 0.03999999487400055
v 0 -1.0960588966677783e-17 0.03999999487400055
v 0 -1.0960588966677783e-17 0.03999999487400055
v 0 -0.009999999776482582 0.03999999487400055
v 0.003826834261417389 -0.00923879537731409 0.03999999487400055
v 0.007071067579090595 -0.007071067579090595 0.03999999487400055
v 0.00923879537731409 -0.003826834261417389 0.03999999487400055
v 0.009999999776482582 -1.1572912723842612e-17 0.03999999487400055
v 0.00923879537731409 0.003826834261417389 0.03999999487400055
v 0.007071067579090595 0.007071067579090595 0.03999999487400055
v 0.003826834261417389 0.00923879537731409 0.03999999487400055
v 1.224646790546622e-18 0.009999999776482582 0.03999999487400055
v -0.003826834261417389 0.00923879537731409 0.03999999487400055
v -0.007071067579090595 0.007071067579090595 0.03999999487400055
v -0.00923879537731409 0.003826834261417389 0.03999999487400055
v -0.009999999776482582 -9.123618522363908e-18 0.03999999487400055
v -0.00923879537731409 -0.003826834261417389 0.03999999487400055
v -0.007071067579090595 -0.007071067579090595 0.03999999487400055
v -0.003826834261417389 -0.00923879537731409 0.03999999487400055
v -2.449293581093244e-18 -0.009999999776482582 0.03999999487400055
vt 0 1
vt 0.0625 1
vt 0.125 1
vt 0.1875 1
vt 0.25 1
vt 0.3125 1
vt 0.375 1
vt 0.4375 1
vt 0.5 1
vt 0.5625 1
vt 0.625 1
vt 0.6875 1
vt 0.75 1
vt 0.8125 1
vt 0.875 1
vt 0.9375 1
vt 1 1
vt 0 0
vt 0.0625 0
vt 0.125 0
vt 0.1875 0
vt 0.25 0
vt 0.3125 0
vt 0.375 0
vt 0.4375 0
vt 0.5 0
vt 0.5625 0
vt 0.625 0
vt 0.6875 0
vt 0.75 0
vt 0.8125 0
vt 0.875 0
vt 0.9375 0
vt 1 0
vt 0.5 0.5
vt 0.5 0.5
vt 0.5 0.5
vt 0.5 0.5
vt 0.5 0.5
vt 0.5 0.5
vt 0.5 0.5
vt 0.5 0.5
vt 0.5 0.5
vt 0.5 0.5
vt 0.5 0.5
vt 0.5 0.5
vt 0.5 0.5
vt 0.5 0.5
vt 0.5 0.5
vt 0.5 0.5
vt 1 0.5
vt 0.9619397521018982 0.6913416981697083
vt 0.8535534143447876 0.8535534143447876
vt 0.6913416981697083 0.9619397521018982
vt 0.5 1
vt 0.30865827202796936 0.9619397521018982
vt 0.1464466154575348 0.8535534143447876
vt 0.03806023299694061 0.6913416981697083
vt 0 0.5
vt 0.03806023299694061 0.30865827202796936
vt 0.1464466154575348 0.1464466154575348
vt 0.30865827202796936 0.03806023299694061
vt 0.5 0
vt 0.6913416981697083 0.03806023299694061
vt 0.8535534143447876 0.1464466154575348
vt 0.9619397521018982 0.30865827202796936
vt 1 0.5
vt 0.5 0.5
vt 0.5 0.5
vt 0.5 0.5
vt 0.5 0.5
vt 0.5 0.5
vt 0.5 0.5
vt 0.5 0.5
vt 0.5 0.5
vt 0.5 0.5
vt 0.5 0.5
vt 0.5 0.5
vt 0.5 0.5
vt 0.5 0.5
vt 0.5 0.5
vt 0.5 0.5
vt 0.5 0.5
vt 1 0.5
vt 0.9619397521018982 0.30865827202796936
vt 0.8535534143447876 0.1464466154575348
vt 0.6913416981697083 0.03806023299694061
vt 0.5 0
vt 0.30865827202796936 0.03806023299694061
vt 0.1464466154575348 0.1464466154575348
vt 0.03806023299694061 0.30865827202796936
vt 0 0.5
vt 0.03806023299694061 0.6913416981697083
vt 0.1464466154575348 0.8535534143447876
vt 0.30865827202796936 0.9619397521018982
vt 0.5 1
vt 0.6913416981697083 0.9619397521018982
vt 0.8535534143447876 0.8535534143447876
vt 0.9619397521018982 0.6913416981697083
vt 1 0.5
vn 0 -1 6.123234262925839e-17
vn 0.3826834370613369 -0.9238795305660377 5.657130722319695e-17
vn 0.7071067811865476 -0.7071067811865476 4.329780375814312e-17
vn 0.9238795305660377 -0.3826834370613369 2.3432603017245014e-17
vn 1 -6.123234262925839e-17 3.74939976039497e-33
vn 0.9238795305660377 0.3826834370613369 -2.3432603017245014e-17
vn 0.7071067811865476 0.7071067811865476 -4.329780375814312e-17
vn 0.3826834370613369 0.9238795305660377 -5.657130722319695e-17
vn 1.2246468525851679e-16 1 -6.123234262925839e-17
vn -0.3826834370613369 0.9238795305660377 -5.657130722319695e-17
vn -0.7071067811865476 0.7071067811865476 -4.329780375814312e-17
vn -0.9238795305660377 0.3826834370613369 -2.3432603017245014e-17
vn -1 1.8369701465288538e-16 -1.1248198179158957e-32
vn -0.9238795305660377 -0.3826834370613369 2.3432603017245014e-17
vn -0.7071067811865476 -0.7071067811865476 4.329780375814312e-17
vn -0.3826834370613369 -0.9238795305660377 5.657130722319695e-17
vn -2.4492937051703357e-16 -1 6.123234262925839e-17
vn 0 -1 6.123234262925839e-17
vn 0.3826834370613369 -0.9238795305660377 5.657130722319695e-17
vn 0.7071067811865476 -0.7071067811865476 4.329780375814312e-17
vn 0.9238795305660377 -0.3826834370613369 2.3432603017245014e-17
vn 1 -6.123234262925839e-17 3.74939976039497e-33
vn 0.9238795305660377 0.3826834370613369 -2.3432603017245014e-17
vn 0.7071067811865476 0.7071067811865476 -4.329780375814312e-17
vn 0.3826834370613369 0.9238795305660377 -5.657130722319695e-17
vn 1.2246468525851679e-16 1 -6.123234262925839e-17
vn -0.3826834370613369 0.9238795305660377 -5.657130722319695e-17
vn -0.7071067811865476 0.7071067811865476 -4.329780375814312e-17
vn -0.9238795305660377 0.3826834370613369 -2.3432603017245014e-17
vn -1 1.8369701465288538e-16 -1.1248198179158957e-32
vn -0.9238795305660377 -0.3826834370613369 2.3432603017245014e-17
vn -0.7071067811865476 -0.7071067811865476 4.329780375814312e-17
vn -0.3826834370613369 -0.9238795305660377 5.657130722319695e-17
vn -2.4492937051703357e-16 -1 6.123234262925839e-17
vn 0 6.123234262925839e-17 1
vn 0 6.123234262925839e-17 1
vn 0 6.123234262925839e-17 1
vn 0 6.123234262925839e-17 1
vn 0 6.123234262925839e-17 1
vn 0 6.123234262925839e-17 1
vn 0 6.123234262925839e-17 1
vn 0 6.123234262925839e-17 1
vn 0 6.123234262925839e-17 1
vn 0 6.123234262925839e-17 1
vn 0 6.123234262925839e-17 1
vn 0 6.123234262925839e-17 1
vn 0 6.123234262925839e-17 1
vn 0 6.123234262925839e-17 1
vn 0 6.123234262925839e-17 1
vn 0 6.123234262925839e-17 1
vn 0 6.123234262925839e-17 1
vn 0 6.123234262925839e-17 1
vn 0 6.123234262925839e-17 1
vn 0 6.123234262925839e-17 1
vn 0 6.123234262925839e-17 1
vn 0 6.123234262925839e-17 1
vn 0 6.123234262925839e-17 1
vn 0 6.123234262925839e-17 1
vn 0 6.123234262925839e-17 1
vn 0 6.123234262925839e-17 1
vn 0 6.123234262925839e-17 1
vn 0 6.123234262925839e-17 1
vn 0 6.123234262925839e-17 1
vn 0 6.123234262925839e-17 1
vn 0 6.123234262925839e-17 1
vn 0 6.123234262925839e-17 1
vn 0 6.123234262925839e-17 1
vn 0 -6.123234262925839e-17 -1
vn 0 -6.123234262925839e-17 -1
vn 0 -6.123234262925839e-17 -1
vn 0 -6.123234262925839e-17 -1
vn 0 -6.123234262925839e-17 -1
vn 0 -6.123234262925839e-17 -1
vn 0 -6.123234262925839e-17 -1
vn 0 -6.123234262925839e-17 -1
vn 0 -6.123234262925839e-17 -1
vn 0 -6.123234262925839e-17 -1
vn 0 -6.123234262925839e-17 -1
vn 0 -6.123234262925839e-17 -1
vn 0 -6.123234262925839e-17 -1
vn 0 -6.123234262925839e-17 -1
vn 0 -6.123234262925839e-17 -1
vn 0 -6.123234262925839e-17 -1
vn 0 -6.123234262925839e-17 -1
vn 0 -6.123234262925839e-17 -1
vn 0 -6.123234262925839e-17 -1
vn 0 -6.123234262925839e-17 -1
vn 0 -6.123234262925839e-17 -1
vn 0 -6.123234262925839e-17 -1
vn 0 -6.123234262925839e-17 -1
vn 0 -6.123234262925839e-17 -1
vn 0 -6.123234262925839e-17 -1
vn 0 -6.123234262925839e-17 -1
vn 0 -6.123234262925839e-17 -1
vn 0 -6.123234262925839e-17 -1
vn 0 -6.123234262925839e-17 -1
vn 0 -6.123234262925839e-17 -1
vn 0 -6.123234262925839e-17 -1
vn 0 -6.123234262925839e-17 -1
vn 0 -6.123234262925839e-17 -1
f 1/1/1 18/18/18 2/2/2
f 18/18/18 19/19/19 2/2/2
f 2/2/2 19/19/19 3/3/3
f 19/19/19 20/20/20 3/3/3
f 3/3/3 20/20/20 4/4/4
f 20/20/20 21/21/21 4/4/4
f 4/4/4 21/21/21 5/5/5
f 21/21/21 22/22/22 5/5/5
f 5/5/5 22/22/22 6/6/6
f 22/22/22 23/23/23 6/6/6
f 6/6/6 23/23/23 7/7/7
f 23/23/23 24/24/24 7/7/7
f 7/7/7 24/24/24 8/8/8
f 24/24/24 25/25/25 8/8/8
f 8/8/8 25/25/25 9/9/9
f 25/25/25 26/26/26 9/9/9
f 9/9/9 26/26/26 10/10/10
f 26/26/26 27/27/27 10/10/10
f 10/10/10 27/27/27 11/11/11
f 27/27/27 28/28/28 11/11/11
f 11/11/11 28/28/28 12/12/12
f 28/28/28 29/29/29 12/12/12
f 12/12/12 29/29/29 13/13/13
f 29/29/29 30/30/30 13/13/13
f 13/13/13 30/30/30 14/14/14
f 30/30/30 31/31/31 14/14/14
f 14/14/14 31/31/31 15/15/15
f 31/31/31 32/32/32 15/15/15
f 15/15/15 32/32/32 16/16/16
f 32/32/32 33/33/33 16/16/16
f 16/16/16 33/33/33 17/17/17
f 33/33/33 34/34/34 17/17/17
f 51/51/51 52/52/52 35/35/35
f 52/52/52 53/53/53 36/36/36
f 53/53/53 54/54/54 37/37/37
f 54/54/54 55/55/55 38/38/38
f 55/55/55 56/56/56 39/39/39
f 56/56/56 57/57/57 40/40/40
f 57/57/57 58/58/58 41/41/41
f 58/58/58 59/59/59 42/42/42
f 59/59/59 60/60/60 43/43/43
f 60/60/60 61/61/61 44/44/44
f 61/61/61 62/62/62 45/45/45
f 62/62/62 63/63/63 46/46/46
f 63/63/63 64/64/64 47/47/47
f 64/64/64 65/65/65 48/48/48
f 65/65/65 66/66/66 49/49/49
f 66/66/66 67/67/67 50/50/50
f 85/85/85 84/84/84 68/68/68
f 86/86/86 85/85/85 69/69/69
f 87/87/87 86/86/86 70/70/70
f 88/88/88 87/87/87 71/71/71
f 89/89/89 88/88/88 72/72/72
f 90/90/90 89/89/89 73/73/73
f 91/91/91 90/90/90 74/74/74
f 92/92/92 91/91/91 75/75/75
f 93/93/93 92/92/92 76/76/76
f 94/94/94 93/93/93 77/77/77
f 95/95/95 94/94/94 78/78/78
f 96/96/96 95/95/95 79/79/79
f 97/97/97 96/96/96 80/80/80
f 98/98/98 97/97/97 81/81/81
f 99/99/99 98/98/98 82/82/82
f 100/100/100 99/99/99 83/83/83
o screw_groove
usemtl screw_groove
v 0.01076761484146116 0.0002506047603674233 0.042086040973663336
v 0.00970000624656675 -0.0003572029818315059 0.04304038584232331
v 0.008632397651672341 -0.0002506047603674233 0.04191396236419678
v 0.00970000624656675 0.0003572029818315059 0.04095961749553681
v 0.01076761484146116 0.0002506047603674233 0.042086040973663336
v 0.00936768054962156 0.005343579687178135 0.04384551048278809
v 0.008414244651794411 0.0044572544284164906 0.044697231054306036
v 0.007427966594696023 0.004365525674074888 0.04349773228168488
v 0.008381372690200783 0.005251850467175245 0.04264601171016694
v 0.00936768054962156 0.005343579687178135 0.04384551048278809
v 0.0054642021656036155 0.009242366999387741 0.04569177925586701
v 0.004950231313705422 0.007916382513940334 0.04632233679294587
v 0.0042219817638396995 0.007566497195512056 0.044992959499359136
v 0.004735952615737893 0.00889248214662075 0.04436240196228028
v 0.0054642021656036155 0.009242366999387741 0.04569177925586701
v 0.00016633272171018287 0.010656905360519886 0.04752593338489533
v 0.000302380323410012 0.009157480672001839 0.047917371988296514
v -0.0001841127872467263 0.008743084967136383 0.04649904966354371
v -0.0003201603889465554 0.01024250965565443 0.046107625961303716
v 0.00016633272171018287 0.010656905360519886 0.04752593338489533
v -0.0050857901573181374 0.00924445316195488 0.049344187974929815
v -0.004268312454223655 0.007928409613668919 0.04948479533195496
v -0.004629069566726707 0.00754785630851984 0.04802020490169526
v -0.0054465174674988015 0.008863899856805801 0.04787959754467011
v -0.0050857901573181374 0.00924445316195488 0.049344187974929815
v -0.00888817906379702 0.005435681901872158 0.051142251491546636
v -0.007563942670822166 0.004627434071153402 0.05102787017822266
v -0.0079201400279999 0.004251421429216862 0.049560984969139105
v -0.009244406223297141 0.0050596692599356174 0.04967536628246308
v -0.00888817906379702 0.005435681901872158 0.051142251491546636
v -0.01026015877723696 0.0003012471424881369 0.05291638374328614
v -0.008753323554992698 0.00017670467786956578 0.05255045592784882
v -0.009139829874038718 -0.00031286070588976145 0.05112535357475281
v -0.010646694898605369 -0.0001883182703750208 0.051491266489028936
v -0.01026015877723696 0.0003012471424881369 0.05291638374328614
v -0.008901768922805808 -0.004758183378726244 0.054663500189781195
v -0.007570439577102683 -0.004229184240102768 0.054057067632675176
v -0.007895255088806175 -0.0049485270865261555 0.052716529369354254
v -0.0092265844345093 -0.0054775262251496315 0.05332296192646027
v -0.008901768922805808 -0.004758183378726244 0.054663500189781195
v -0.005254679918289207 -0.0084031131118536 0.05638133585453034
v -0.004365795850753806 -0.0074320086278021336 0.05555259287357331
v -0.004442209005355857 -0.008399567566812038 0.054336866736412054
v -0.005331122875213645 -0.009370671585202217 0.05516562461853028
v -0.005254679918289207 -0.0084031131118536 0.05638133585453034
v -0.00035753250122072533 -0.009714914485812187 0.05806847512722016
v -0.0000051498413086159545 -0.008600100874900818 0.05704230666160584
v 0.0003567993640899436 -0.009685085155069828 0.055987885594367987
v 0.000004446506500221936 -0.010799898765981197 0.057014054059982305
v -0.00035753250122072533 -0.009714914485812187 0.05806847512722016
v 0.004454857110977151 -0.008426198735833168 0.05972436666488648
v 0.0043544232845306174 -0.0074326274916529655 0.05853158831596375
v 0.005240833759307839 -0.008377188816666603 0.057670137286186224
v 0.005341267585754372 -0.009370760060846806 0.05886293053627015
v 0.004454857110977151 -0.008426198735833168 0.05972436666488648
v 0.007917588949203469 -0.004965971689671278 0.06134945750236512
v 0.0075568020343780296 -0.004232505802065134 0.060025876760482794
v 0.008878773450851418 -0.004741895478218794 0.05938326418399811
v 0.00923953056335447 -0.0054753609001636505 0.06070684492588044
v 0.007917588949203469 -0.004965971689671278 0.06134945750236512
v 0.009165710210800149 -0.0003182492800988257 0.06294508874416352
v 0.008738464117050149 0.0001677862019278109 0.06153044700622559
v 0.010234272480010964 0.000305459660012275 0.061125984787940985
v 0.010661518573760964 -0.00018057582201436162 0.06254062652587891
v 0.009165710210800149 -0.0003182492800988257 0.06294508874416352
v 0.00794330835342405 0.004257142078131437 0.06451352536678315
v 0.007551318407058694 0.004611106589436531 0.06305029094219208
v 0.008865481615066506 0.005429186392575502 0.06289613842964173
v 0.009257441759109475 0.005075221881270409 0.0643593728542328
v 0.00794330835342405 0.004257142078131437 0.06451352536678315
v 0.004645293951034524 0.007560752797871828 0.06605785191059113
v 0.004262512922286965 0.007905479520559311 0.06458998322486878
v 0.005069947242736794 0.009231340140104294 0.06469080448150635
v 0.005452698469161965 0.008886612951755524 0.0661586880683899
v 0.004645293951034524 0.007560752797871828 0.06605785191059113
v 0.00019235014915464088 0.00875814724713564 0.06758194267749787
v -0.00029762983322145775 0.009131734259426594 0.06615353226661683
v -0.00017484426498415306 0.01064184308052063 0.06650637686252595
v 0.00031513571739194557 0.010268256068229675 0.0679347723722458
v 0.00019235014915464088 0.00875814724713564 0.06758194267749787
v -0.004219824075698875 0.007579740136861801 0.06909028291702271
v -0.004933917522430442 0.007893521338701248 0.06774432063102723
v -0.005467528104782127 0.009228452108800411 0.06833865344524384
v -0.004753434658050559 0.008914670906960964 0.06968460083007813
v -0.004219824075698875 0.007579740136861801 0.06909028291702271
v -0.007429593801498435 0.0043735806830227375 0.07058793902397156
v -0.00838851332664492 0.004442861303687096 0.0693649709224701
v -0.009367460012435935 0.005333079025149345 0.07018299996852875
v -0.008408510684967063 0.005263798404484987 0.07140596807003022
v -0.007429593801498435 0.0043735806830227375 0.07058793902397156
v -0.008600258827209495 0.000006032182227500016 0.07208023071289063
v -0.009675705432891868 -0.00035922983079217374 0.07101719677448273
v -0.010799729824066184 -0.00001027249891194515 0.07203443944454194
v -0.009724313020706199 0.00035498951910994947 0.07309747338294983
v -0.008600258827209495 0.000006032182227500016 0.07208023071289063
v -0.007428967952728294 -0.00435786135494709 0.07357134521007538
v -0.008364403247833274 -0.005244456231594086 0.07270019352436066
v -0.009365522861480735 -0.005353233776986599 0.07388589382171631
v -0.008430087566375755 -0.004466638900339603 0.07475704550743104
v -0.007428967952728294 -0.00435786135494709 0.07357134521007538
v -0.004223519563674949 -0.0075584896840155125 0.07506651282310486
v -0.004724913835525535 -0.00887833908200264 0.07441335022449494
v -0.005461806058883689 -0.009250849485397339 0.075731760263443
v -0.004960441589355491 -0.007931000553071499 0.07638492286205292
v -0.004223519563674949 -0.0075584896840155125 0.07506651282310486
v 0.00017879009246823951 -0.008733953349292278 0.07657120227813721
v 0.0003231227397918479 -0.010226077400147915 0.07615559399127961
v -0.00016098618507387474 -0.010666036047041416 0.07756700217723847
v -0.00030531883239748314 -0.009173912927508354 0.07798261046409607
v 0.00017879009246823951 -0.008733953349292278 0.07657120227813721
v 0.004618769884109475 -0.007540124002844095 0.07809052467346192
v 0.005442267656326272 -0.008849497884511948 0.07792488336563111
v 0.0050955474376678245 -0.009252490475773811 0.07938686609268189
v 0.004272079467773415 -0.007943116128444672 0.0795525074005127
v 0.004618769884109475 -0.007540124002844095 0.07809052467346192
v 0.007905608415603615 -0.004248213022947311 0.07962909936904908
v 0.009235715866088845 -0.005049991887062788 0.07971837222576142
v 0.008902198076248147 -0.005439758766442537 0.08118700087070466
v 0.007572090625762917 -0.004637979902327061 0.08109772801399232
v 0.007905608415603615 -0.004248213022947311 0.07962909936904908
v 0.009123748540878274 0.0003091179532930255 0.08119094967842103
v 0.010636961460113503 0.00019285605230834335 0.08153240978717805
v 0.010276263952255227 -0.0002987422049045563 0.08296357691287995
v 0.00876302123069761 -0.00018248030391987413 0.08262210190296174
v 0.009123748540878274 0.0003091179532930255 0.08119094967842103
v 0.00788149833679197 0.004937281366437674 0.08277932405471802
v 0.009218221902847268 0.005478402599692345 0.08336271941661835
v 0.008916205167770364 0.004768245853483677 0.08471345007419587
v 0.007579481601715066 0.004227124620229006 0.08413003981113434
v 0.00788149833679197 0.004937281366437674 0.08277932405471802
v 0.0044346213340759055 0.008382654748857021 0.08439669609069825
v 0.005324786901473977 0.009370101615786552 0.08520450294017792
v 0.005263513326644875 0.008419313468039036 0.0864342361688614
v 0.004373347759246804 0.007431867066770792 0.08562642931938172
v 0.0044346213340759055 0.008382654748857021 0.08439669609069825
v -0.0003559529781341775 0.009666290134191513 0.08604464530944825
v -0.000009739398956321033 0.010799483396112919 0.08705260455608368
v 0.0003581106662750022 0.009733710438013077 0.08812443017959595
v 0.000011897087097145764 0.008600516244769096 0.08711647093296052
v -0.0003559529781341775 0.009666290134191513 0.08604464530944825
v -0.005231732130050681 0.008360984735190868 0.08772382736206055
v -0.005347216129303001 0.009370589628815651 0.08890167474746705
v -0.004462742805480979 0.00844309851527214 0.0897834211587906
v -0.004347229003906272 0.007433493621647358 0.0886055588722229
v -0.005231732130050681 0.008360984735190868 0.08772382736206055
v -0.00886397957801821 0.0047318716533482075 0.08943395912647248
v -0.00924726724624636 0.005473978817462921 0.09074634909629822
v -0.007931703329086326 0.004977112635970116 0.09141152203083039
v -0.007548445463180564 0.004235005006194115 0.09009913206100464
v -0.00886397957801821 0.0047318716533482075 0.08943395912647248
v -0.010217779874801658 -0.00030781098757870495 0.0911738932132721
v -0.010670506954193137 0.00017582745931576937 0.09258141219615937
v -0.009182238578796409 0.0003216962795704603 0.09301001429557801
v -0.008729481697082542 -0.000161942167324014 0.09160249531269074
v -0.010217779874801658 -0.00030781098757870495 0.0911738932132721
v -0.008851015567779563 -0.005424779839813709 0.09294152855873108
v -0.009265416860580467 -0.005084841977804899 0.09440191686153412
v -0.007958137989044212 -0.004260889254510403 0.09458107352256775
v -0.007543736696243308 -0.004600827116519213 0.09312068521976472
v -0.008851015567779563 -0.005424779839813709 0.09294152855873108
v -0.005059832334518455 -0.00922277383506298 0.09473406374454499
v -0.005456352233886741 -0.008900756016373634 0.09620345234870911
v -0.004655563831329368 -0.007569207809865475 0.09612772464752198
v -0.0042590737342834695 -0.007891225628554821 0.09465835094451905
v -0.005059832334518455 -0.00922277383506298 0.09473406374454499
v 0.00018039941787717506 -0.010631995275616646 0.09654795229434968
v -0.00031163692474367455 -0.01028426829725504 0.09798217415809632
v -0.00019731521606447533 -0.008767995052039623 0.0976537823677063
v 0.000294750928878762 -0.009115722961723804 0.09621956050395966
v 0.00018039941787717506 -0.010631995275616646 0.09654795229434968
v 0.00546983480453489 -0.009219108149409294 0.09837908148765565
v 0.004764920473098733 -0.008928213268518448 0.09973496794700623
v 0.004219061136245705 -0.0075881872326135635 0.0991636872291565
v 0.0049239754676818626 -0.00787908211350441 0.09780778586864472
v 0.00546983480453489 -0.009219108149409294 0.09837908148765565
v 0.009368127584457375 -0.005324323661625385 0.10022286176681519
v 0.008425956964492776 -0.005270402878522873 0.10145956873893738
v 0.007430648803710915 -0.004379348363727331 0.10066247582435608
v 0.008372819423675515 -0.0044332691468298435 0.0994257539510727
v 0.009368127584457375 -0.005324323661625385 0.10022286176681519
v 0.010799145698547341 0.000018308714061276987 0.10207394361495972
v 0.009743100404739358 -0.0003530636022333056 0.10315412878990174
v 0.008600836992263772 -0.000010617522093525622 0.1021551251411438
v 0.009656912088394143 0.0003607547841966152 0.10107493996620179
v 0.010799145698547341 0.000018308714061276987 0.10207394361495972
v 0.00936431288719175 0.005360678303986788 0.10392526388168336
v 0.00844619274139402 0.004475965164601803 0.10481650233268738
v 0.007429277896881081 0.004351972136646509 0.10364580750465394
v 0.00834739804267881 0.005236685276031494 0.10275456905364991
v 0.00936431288719175 0.005360678303986788 0.10392526388168336
v 0.005459433794021584 0.009258986450731754 0.10577157735824586
v 0.004970765113830544 0.007945673540234566 0.10644716620445252
v 0.0042254090309142844 0.007550650741904974 0.10514009594917298
v 0.0047140777111053245 0.00886396411806345 0.1044645369052887
v 0.005459433794021584 0.009258986450731754 0.10577157735824586
v 0.00015569329261777565 0.010674886405467987 0.10760787725448609
v 0.00030828118324277565 0.009190498851239681 0.10804755091667176
v -0.0001732945442199929 0.008725103922188282 0.10664344429969788
v -0.0003258526325226052 0.010209491476416588 0.10620377063751221
v 0.00015569329261777565 0.010674886405467987 0.10760787725448609
v -0.005105131864547752 0.009260319173336029 0.10942933559417725
v -0.004275912046432517 0.007957990281283855 0.10961995124816895
v -0.004608535766601585 0.007532675750553608 0.10816100835800171
v -0.005437755584716819 0.008835004642605782 0.10797039270401002
v -0.005105131864547752 0.009260319173336029 0.10942933559417725
v -0.008916044235229514 0.005443706642836332 0.11123148202896119
v -0.007580482959747337 0.004648623988032341 0.11116737723350525
v -0.007891231775283836 0.004245214629918337 0.10969743728637696
v -0.009226793050766013 0.005040297284722328 0.10976157188415528
v -0.008916044235229514 0.005443706642836332 0.11123148202896119
v -0.010292196273803733 0.0002961787104140967 0.11301050186157227
v -0.008772993087768577 0.0001882260403363034 0.11269358396530152
v -0.009107822179794334 -0.00030526399496011436 0.11125678420066834
v -0.010626995563507102 -0.0001973113394342363 0.11157370209693909
v -0.010292196273803733 0.0002961787104140967 0.11301050186157227
v -0.008930498361587547 -0.004778319038450718 0.11476308703422547
v -0.007588738203048728 -0.00422523682937026 0.11420289278030396
v -0.00786789655685427 -0.004926002584397793 0.11284238696098328
v -0.009209656715393089 -0.0054790847934782505 0.11340258121490479
v -0.008930498361587547 -0.004778319038450718 0.11476308703422547
v -0.005272203683853172 -0.0084355054423213 0.11648682355880738
v -0.004381054639816306 -0.007432006765156984 0.11570019125938416
v -0.004427158832550071 -0.008365746587514877 0.11445680856704712
v -0.005318337678909324 -0.00936924573034048 0.11524344086647034
v -0.005272203683853172 -0.0084355054423213 0.11648682355880738
v -0.00035860538482668236 -0.009752495214343071 0.11818010210990906
v -0.000018620491027854236 -0.008601252920925617 0.1171906054019928
v 0.0003550112247466819 -0.009647504426538944 0.11610168814659119
v 0.000015026330947853772 -0.010798746719956398 0.11709115505218506
v -0.00035860538482668236 -0.009752495214343071 0.11818010210990906
v 0.00447077155113218 -0.00845998153090477 0.11984217762947083
v 0.0043402373790740745 -0.0074346368201076984 0.11867955923080445
v 0.005222535133361794 -0.008344784379005432 0.11777780055999756
v 0.0053530693054199 -0.009370129555463791 0.11894038915634156
v 0.00447077155113218 -0.00845998153090477 0.11984217762947083
v 0.007945990562438943 -0.004988197702914476 0.12147331833839417
v 0.007540321350097634 -0.004237664397805929 0.12017247676849366
v 0.008849090337753274 -0.004721858073025942 0.11948496699333191
v 0.009254759550094582 -0.005472390912473202 0.12078577876091004
v 0.007945990562438943 -0.004988197702914476 0.12147331833839417
v 0.009198880195617654 -0.0003250093723181635 0.1230746865272522
v 0.008720761537551858 0.00015609142428729683 0.12167469263076783
v 0.01020110249519346 0.00031012159888632596 0.1212220847606659
v 0.010679221153259255 -0.00017097918316721916 0.12262204885482789
v 0.009198880195617654 -0.0003250093723181635 0.1230746865272522
v 0.00797305107116697 0.004264866467565298 0.12464839816093445
v 0.007536357641220071 0.004590678960084915 0.12319130301475525
v 0.008836424350738503 0.005420275963842869 0.12298718690872193
v 0.009273087978363015 0.005094463471323252 0.12444431185722352
v 0.00797305107116697 0.004264866467565298 0.12464839816093445
v 0.004665827751159646 0.007577958051115274 0.1261974334716797
v 0.004255688190460183 0.007877172902226448 0.12472695708274842
v 0.005049562454223611 0.00921403057873249 0.12477756142616273
v 0.0054597020149230735 0.00891481526196003 0.126248037815094
v 0.004665827751159646 0.007577958051115274 0.1261974334716797
v 0.00020203590393064186 0.00877811573445797 0.12772551774978638
v -0.00029190778732302025 0.00909988209605217 0.12628588676452637
v -0.0001860797405243142 0.010621876455843449 0.12658975124359131
v 0.0003078639507293479 0.010300109162926674 0.12802938222885132
v 0.00020203590393064186 0.00877811573445797 0.12772551774978638
v -0.004218661785125755 0.007596759591251612 0.1292370319366455
v -0.004914247989654563 0.007864679209887981 0.12787160873413086
v -0.0054722368717193826 0.009209387935698032 0.12841970324516297
v -0.004776650667190574 0.00894146878272295 0.12978515625
v -0.004218661785125755 0.007596759591251612 0.1292370319366455
v -0.007432186603546165 0.004384950734674931 0.130737042427063
v -0.008357310295105003 0.004423473961651325 0.12948698401451111
v -0.009368711709976218 0.005315049551427364 0.13026294708251954
v -0.00844358801841738 0.00527652632445097 0.1315130352973938
v -0.007432186603546165 0.004384950734674931 0.130737042427063
v -0.00860174894332888 0.000015473493476747535 0.13222990036010743
v -0.009638124704360984 -0.00036185712087899446 0.13113287687301636
v -0.010798269510269187 -0.00002598924038466066 0.13211334347724915
v -0.009761863946914695 0.0003513413539621979 0.13321036696434022
v -0.00860174894332888 0.000015473493476747535 0.13222990036010743
v -0.007429951429367088 -0.004346058238297701 0.1337202548980713
v -0.008330547809600852 -0.005228601861745119 0.13280916810035706
v -0.009362959861755393 -0.00536775728687644 0.13396448493003846
v -0.008462363481521629 -0.004485213663429022 0.1348755717277527
v -0.007429951429367088 -0.004346058238297701 0.1337202548980713
v -0.0042275726795196755 -0.007542991545051336 0.13521373867988587
v -0.004703426361084007 -0.008849374018609524 0.13451591730117798
v -0.00545700788497927 -0.009266788139939308 0.13581124544143677
v -0.004981154203414939 -0.007960406132042408 0.13650906682014466
v -0.0042275726795196755 -0.007542991545051336 0.13521373867988587
v 0.00016764402389524147 -0.008716539479792118 0.1367158055305481
v 0.00032839775085447 -0.010192756541073322 0.1362522006034851
v -0.000150495767593406 -0.010683450847864151 0.13764858841896058
v -0.0003112494945526345 -0.009207233786582947 0.13811219334602357
v 0.00016764402389524147 -0.008716539479792118 0.1367158055305481
v 0.004598295688629128 -0.007525509223341942 0.13823167085647584
v 0.0054329991340636985 -0.00882041733711958 0.13801611065864564
v 0.0051146209239959495 -0.009267933666706085 0.1394715666770935
v 0.0042798876762389915 -0.007973025552928448 0.1396871268749237
v 0.004598295688629128 -0.007525509223341942 0.13823167085647584
v 0.00787696838378904 -0.004242421127855778 0.13976598381996155
v 0.009217596054077126 -0.0050305817276239395 0.13980493545532227
v 0.008929735422134377 -0.005447519011795521 0.1412757694721222
v 0.007589107751846291 -0.004659358412027359 0.1412367880344391
v 0.00787696838378904 -0.004242421127855778 0.13976598381996155
v 0.009092068672180154 0.00030130345840007067 0.14132285714149476
v 0.010616725683212258 0.00020168692572042346 0.14161515831947327
v 0.010307943820953347 -0.0002935536322183907 0.1430571734905243
v 0.008783257007598855 -0.00019393711409065872 0.14276487231254578
v 0.009092068672180154 0.00030130345840007067 0.14132285714149476
v 0.00785446763038633 0.004914695397019386 0.14290574789047242
v 0.009200847148895241 0.005479574203491211 0.14344257712364197
v 0.008944636583328225 0.004788401536643505 0.14481247067451478
v 0.007598257064819314 0.0042235227301716805 0.14427564144134522
v 0.00785446763038633 0.004914695397019386 0.14290574789047242
v 0.004419809579849221 0.008348849602043629 0.14451721906661988
v 0.005311733484268166 0.009368105791509151 0.14528245329856873
v 0.0052807986736297385 0.00845168437808752 0.14653912782669068
v 0.004388874769210793 0.007432427257299423 0.14577389359474183
v 0.004419809579849221 0.008348849602043629 0.14451721906661988
v -0.0003539860248565896 0.00962873362004757 0.1461590588092804
v -0.000020349025726340564 0.010797688737511635 0.14712975025177003
v 0.0003589749336242454 0.009771265089511871 0.1482354462146759
v 0.00002533793449399635 0.00860231090337038 0.14726475477218628
v -0.0003539860248565896 0.00962873362004757 0.1461590588092804
v -0.005213224887847923 0.008328592404723167 0.14783210158348084
v -0.005358749628067039 0.009369377978146076 0.14897907376289368
v -0.00447889566421511 0.00847684033215046 0.149900621175766
v -0.004333370923995994 0.007436055690050125 0.14875364899635315
v -0.005213224887847923 0.008328592404723167 0.14783210158348084
v -0.008834058046340965 0.004711853340268135 0.14953625798225403
v -0.00926201939582827 0.005470593925565481 0.1508251190185547
v -0.007960432767868064 0.004999220371246338 0.15153480172157288
v -0.0075324714183807595 0.004240479785948992 0.15024594068527222
v -0.008834058046340965 0.004711853340268135 0.14953625798225403
v -0.010184311866760276 -0.0003123983624391258 0.1512705445289612
v -0.010687643289566062 0.0001660240814089775 0.15266258120536805
v -0.00921570658683779 0.0003281803510617465 0.1531390905380249
v -0.008712345361709617 -0.0001502420927863568 0.15174708366394044
v -0.010184311866760276 -0.0003123983624391258 0.1512705445289612
v -0.008821630477905296 -0.005415685940533876 0.15303314328193665
v -0.009280467033386253 -0.005104093812406063 0.15448654294013978
v -0.007988059520721458 -0.004269082099199295 0.15471551418304444
v -0.007529222965240501 -0.004580674227327108 0.15326211452484131
v -0.008821630477905296 -0.005415685940533876 0.15303314328193665
v -0.005039119720459007 -0.009205123409628868 0.15482134222984315
v -0.0054627597332000954 -0.008928796276450157 0.15629244446754456
v -0.004676038026809715 -0.007587008643895388 0.15626696348190308
v -0.004252398014068626 -0.007863335311412811 0.15479586124420167
v -0.005039119720459007 -0.009205123409628868 0.15482134222984315
v 0.00019190311431882545 -0.010611487552523613 0.15663180351257325
v -0.0003037989139557107 -0.01031577493995428 0.15807638168334961
v -0.00020652413368227318 -0.00878850556910038 0.1577971339225769
v 0.00028917789459226295 -0.009084218181669712 0.15635255575180054
v 0.00019190311431882545 -0.010611487552523613 0.15663180351257325
v 0.0054746627807616965 -0.009199287742376328 0.1584605634212494
v 0.004788643121719338 -0.008954425342381 0.15983513593673707
v 0.004218673706054665 -0.007605449296534061 0.15931037664413453
v 0.004904693365097024 -0.007850311696529388 0.15793580412864686
v 0.0054746627807616965 -0.009199287742376328 0.1584605634212494
v 0.009369021654129006 -0.0053056408651173115 0.16030309200286866
v 0.00846121311187742 -0.0052825165912508965 0.16156617403030396
v 0.007433986663818337 -0.0043906862847507 0.16081157922744752
v 0.008341795206069924 -0.004413810558617115 0.1595484972000122
v 0.009369021654129006 -0.0053056408651173115 0.16030309200286866
v 0.010797029733657815 0.0000333686730300542 0.16215265393257142
v 0.009780621528625466 -0.00034977428731508553 0.16326621770858765
v 0.008602952957153298 -0.000020554101865855046 0.1623045861721039
v 0.009619390964508034 0.0003625888784881681 0.16119102239608765
v 0.010797029733657815 0.0000333686730300542 0.16215265393257142
v 0.009361422061920144 0.00537449587136507 0.164003586769104
v 0.008478647470474221 0.004494403954595327 0.16493425369262696
v 0.007431006431579568 0.004340142477303743 0.16379467248916627
v 0.00831378102302549 0.005220233928412199 0.16286400556564332
v 0.009361422061920144 0.00537449587136507 0.164003586769104
v 0.005454546213150002 0.009274262003600597 0.16585079431533814
v 0.004991626739501931 0.007975203916430473 0.16657063961029053
v 0.004230028390884377 0.007535525131970644 0.16528741121292115
v 0.0046929478645324485 0.008834583684802055 0.16456756591796876
v 0.005454546213150002 0.009274262003600597 0.16585079431533814
v 0.00014535188674924537 0.010691729374229908 0.16768909096717835
v 0.000314211845397927 0.009224114008247852 0.1681765377521515
v -0.0001618802547455056 0.008708261884748936 0.16678828597068787
v -0.00033074021339418724 0.010175878182053566 0.16630086898803711
v 0.00014535188674924537 0.010691729374229908 0.16768909096717835
v -0.0051239371299743874 0.009275323711335659 0.16951361894607545
v -0.004283988475799583 0.007988209836184978 0.16975403428077698
v -0.004588091373443626 0.007518621627241373 0.1683024823665619
v -0.00542804002761843 0.008805735036730766 0.16806206703186036
v -0.0051239371299743874 0.009275323711335659 0.16951361894607545
v -0.008943223953247093 0.005451185628771782 0.17131978869438172
v -0.007597947120666526 0.004670172929763794 0.17130599021911622
v -0.007862830162048362 0.004239826928824186 0.16983473896980286
v -0.009208136796951316 0.005020839627832174 0.16984850764274598
v -0.008943223953247093 0.005451185628771782 0.17131978869438172
v -0.010323518514633201 0.0002908605965785682 0.17310354709625245
v -0.008793795108795188 0.0001996058999793604 0.1728360116481781
v -0.009076470136642478 -0.00029724385240115225 0.17138919830322266
v -0.010606223344802879 -0.0002059891412500292 0.1716567635536194
v -0.010323518514633201 0.0002908605965785682 0.17310354709625245
v -0.008958631753921531 -0.004798495210707188 0.1748615562915802
v -0.007607990503311179 -0.0042219869792461395 0.17434827089309693
v -0.007841193675994895 -0.004903367720544338 0.17296937704086304
v -0.009191805124282859 -0.005479876417666674 0.17348266243934632
v -0.008958631753921531 -0.004798495210707188 0.1748615562915802
v -0.005289280414581321 -0.008467847481369972 0.1765911340713501
v -0.004396849870681785 -0.00743313180282712 0.17584750652313233
v -0.004412585496902488 -0.008331969380378723 0.1745779275894165
v -0.005305016040802024 -0.009366685524582863 0.17532155513763428
v -0.005289280414581321 -0.008467847481369972 0.1765911340713501
v -0.00035923123359682396 -0.00979001447558403 0.17829049229621888
v -0.000032031536102317126 -0.008603688329458237 0.17733887434005738
v 0.00035283565521238014 -0.00960998423397541 0.1762167274951935
v 0.000025635957717873303 -0.010796310380101204 0.17716834545135499
v -0.00035923123359682396 -0.00979001447558403 0.17829049229621888
v 0.004487162828445412 -0.008493668399751186 0.17995879650115967
v 0.004326677322387673 -0.0074377465061843395 0.17882773876190186
v 0.005203849077224709 -0.008312408812344074 0.177886700630188
v 0.0053643345832824485 -0.009368331171572208 0.1790177583694458
v 0.004487162828445412 -0.008493668399751186 0.17995879650115967
v 0.007975018024444558 -0.005010169465094805 0.1815960466861725
v 0.007524883747100808 -0.0042434437200427055 0.18031949400901795
v 0.008818930387496926 -0.004701852798461914 0.17958787679672242
v 0.009269064664840676 -0.005468578543514013 0.18086439967155457
v 0.007975018024444558 -0.005010169465094805 0.1815960466861725
v 0.009232646226882912 -0.0003311963228043169 0.1832032561302185
v 0.008704221248626687 0.00014440668746829033 0.1818195939064026
v 0.0101673364639282 0.00031465335632674396 0.18131933212280274
v 0.010695791244506814 -0.00016094965394586325 0.18270302414894105
v 0.009232646226882912 -0.0003311963228043169 0.1832032561302185
v 0.008003121614456155 0.004273548722267151 0.1847824513912201
v 0.007522261142730691 0.004570827819406986 0.18333316445350648
v 0.008806651830673196 0.005411026068031788 0.18307936787605286
v 0.00928751230239866 0.0051137469708919525 0.1845286250114441
v 0.008003121614456155 0.004273548722267151 0.1847824513912201
v 0.004686152935028054 0.007596367038786411 0.18633634448051453
v 0.00424913167953489 0.007849724031984806 0.1848650336265564
v 0.005028462409973122 0.009196064434945583 0.18486536145210267
v 0.005465513467788674 0.008942706510424614 0.18633670210838318
v 0.004686152935028054 0.007596367038786411 0.18633634448051453
v 0.0002107381820678489 0.008799160830676556 0.18786866068840027
v -0.0002865731716156228 0.00906873494386673 0.1864195227622986
v -0.00019794106483461693 0.010600834153592587 0.18667409420013428
v 0.00029937028884885475 0.010331260040402412 0.18812323212623597
v 0.0002107381820678489 0.008799160830676556 0.18786866068840027
v -0.00421910881996157 0.007614230737090111 0.18938366174697877
v -0.004895353317260764 0.007835960015654564 0.1880003571510315
v -0.005477213859558128 0.00918878149241209 0.18850166201591492
v -0.004800969362258933 0.008967053145170212 0.1898849666118622
v -0.00421910881996157 0.007614230737090111 0.18938366174697877
v -0.007435911893844627 0.00439685583114624 0.19088590741157532
v -0.008326107263565086 0.004404612351208925 0.18961015939712525
v -0.00936883091926577 0.00529648270457983 0.190343177318573
v -0.00847863554954531 0.005288725718855858 0.1916188955307007
v -0.007435911893844627 0.00439685583114624 0.19088590741157532
v -0.008604490756988548 0.000025847190045169555 0.19237918257713318
v -0.009600633382797263 -0.000362963619409129 0.19124937653541565
v -0.010795497894287132 -0.00004045844616484828 0.19219187498092652
v -0.009799355268478416 0.0003483523614704609 0.19332171082496644
v -0.008604490756988548 0.000025847190045169555 0.19237918257713318
v -0.007432425022125266 -0.004334243480116129 0.19386906027793885
v -0.008297139406204246 -0.005211604293435812 0.19291908144950867
v -0.009359711408615135 -0.005380912218242884 0.1940425992012024
v -0.008494967222213767 -0.004503551404923201 0.19499260783195496
v -0.007432425022125266 -0.004334243480116129 0.19386906027793885
v -0.0042327582836151345 -0.007528259884566069 0.1953611433506012
v -0.0046825945377350076 -0.00881960615515709 0.19461948275566102
v -0.0054520010948181374 -0.009281416423618793 0.19589019417762757
v -0.005002164840698264 -0.007990069687366486 0.19663185477256775
v -0.0042327582836151345 -0.007528259884566069 0.1953611433506012
v 0.0001560211181640403 -0.008700274862349033 0.1968608558177948
v 0.00033292770385739967 -0.010158860124647617 0.19634977579116822
v -0.0001402437686920388 -0.010699717327952385 0.19772947430610657
v -0.0003171503543853982 -0.009241132065653801 0.19824058413505555
v 0.0001560211181640403 -0.008700274862349033 0.1968608558177948
v 0.004577910900115945 -0.007512010168284178 0.19837347269058228
v 0.005422866344451882 -0.008790957741439342 0.1981082320213318
v 0.005133157968521096 -0.009282482787966728 0.19955546259880066
v 0.0042882025241851585 -0.008003536611795425 0.19982070326805115
v 0.004577910900115945 -0.007512010168284178 0.19837347269058228
v 0.007848864793777444 -0.0042374287731945515 0.19990370273590088
v 0.009198433160781838 -0.005011069588363171 0.1998922884464264
v 0.008956557512283303 -0.005454701837152243 0.20136356949806214
v 0.0076069891452789085 -0.0046810610219836235 0.20137498378753663
v 0.007848864793777444 -0.0042374287731945515 0.19990370273590088
v 0.00906107425689695 0.00029308858211152256 0.20145577788352967
v 0.010595417022705056 0.00021021942666266114 0.20169854760169983
v 0.010338908433914162 -0.00028809785726480186 0.20314971208572388
v 0.008804565668106057 -0.0002052287309197709 0.20290694236755372
v 0.00906107425689695 0.00029308858211152256 0.20145577788352967
v 0.00782809257507322 0.004892024211585522 0.20303327441215516
v 0.009182548522949197 0.005479991901665926 0.2035228967666626
v 0.008972442150115945 0.004808598663657904 0.20491037368774415
v 0.007617986202239968 0.004220630973577499 0.2044207513332367
v 0.00782809257507322 0.004892024211585522 0.20303327441215516
v 0.004405504465103127 0.008315112441778183 0.20463893413543702
v 0.005298143625259377 0.009364984929561615 0.2053607165813446
v 0.005297607183456399 0.008483991958200932 0.20664284229278565
v 0.004404968023300149 0.007434119936078787 0.20592105984687806
v 0.004405504465103127 0.008315112441778183 0.20463893413543702
v -0.00035163164138796166 0.009591260924935341 0.20627472400665284
v -0.000030958652496360095 0.010794611647725105 0.20720697045326233
v 0.0003593623638152854 0.009808736853301525 0.20834527015686036
v 0.000038719177246071546 0.008605387061834335 0.20741299390792847
v -0.00035163164138796166 0.009591260924935341 0.20627472400665284
v -0.005194389820098899 0.008296237327158451 0.2079416275024414
v -0.005369776487350486 0.009366988204419613 0.20905638337135315
v -0.004495555162429832 0.008510458283126354 0.21001664400100709
v -0.004320168495178245 0.00743970787152648 0.20890185832977295
v -0.005194389820098899 0.008296237327158451 0.2079416275024414
v -0.00880371928215029 0.004691853653639555 0.20963979363441468
v -0.009275877475738548 0.005466339644044638 0.21090359091758729
v -0.007989728450775169 0.005021036136895418 0.21165699362754822
v -0.007517570257186912 0.0042465501464903355 0.21039316654205323
v -0.00880371928215029 0.004691853653639555 0.20963979363441468
v -0.01015024781227114 -0.0003168959519825876 0.21136841773986817
v -0.010703617334365867 0.0001557462674099952 0.2127433478832245
v -0.009249740839004539 0.0003340467228554189 0.213267183303833
v -0.008696371316909812 -0.00013859549653716385 0.2118922531604767
v -0.01015024781227114 -0.0003168959519825876 0.21136841773986817
v -0.008791530132293723 -0.005406311247497797 0.21312586069107056
v -0.009294235706329368 -0.005123433656990528 0.21457061767578126
v -0.008018249273300193 -0.004278276581317186 0.21484912037849427
v -0.007515543699264549 -0.004561154171824455 0.21340439319610596
v -0.008791530132293723 -0.005406311247497797 0.21312586069107056
v -0.0050176024436950906 -0.009186867624521255 0.21490967869758607
v -0.005467885732650779 -0.008956553414463997 0.21638081073760987
v -0.004696214199066184 -0.007606039755046368 0.21640557646751404
v -0.004245930910110496 -0.007836353965103626 0.21493444442749024
v -0.0050176024436950906 -0.009186867624521255 0.21490967869758607
v 0.00020418167114255592 -0.010589918121695518 0.2167166829109192
v -0.0002946197986603005 -0.01034656073898077 0.21816993355751038
v -0.0002146899700165017 -0.008810078725218773 0.2179400682449341
v 0.00028411149978635475 -0.009053436107933521 0.2164868175983429
v 0.00020418167114255592 -0.010589918121695518 0.2167166829109192
v 0.005479967594146706 -0.009177829138934612 0.21854305863380433
v 0.0048136472702026145 -0.00897930283099413 0.21993467807769776
v 0.004220014810562112 -0.007623063400387764 0.219456946849823
v 0.004886335134506203 -0.007821590639650822 0.21806532740592957
v 0.005479967594146706 -0.009177829138934612 0.21854305863380433
v 0.009368157386779763 -0.00528749730437994 0.22038320302963257
v 0.008495873212814309 -0.005295080598443747 0.22167122960090638
v 0.007437980175018288 -0.004403394181281328 0.2209600567817688
v 0.00831029415130613 -0.004395810887217522 0.2196720004081726
v 0.009368157386779763 -0.00528749730437994 0.22038320302963257
v 0.010793632268905617 0.000047285710024880245 0.22223103642463685
v 0.009818053245544411 -0.00034705124562606215 0.2233767867088318
v 0.008606350421905495 -0.00003132835263386369 0.22245368957519532
v 0.009581929445266701 0.0003630085848271847 0.22130793929100037
v 0.010793632268905617 0.000047285710024880245 0.22223103642463685
v 0.009357786178588845 0.005387024022638798 0.224081552028656
v 0.00851137042045591 0.004512668587267399 0.2250506043434143
v 0.007434195280075051 0.004328378010541201 0.22394344806671143
v 0.008280640840530373 0.0052027334459125996 0.22297439575195313
v 0.009357786178588845 0.005387024022638798 0.224081552028656
v 0.005449390411376931 0.00928825605660677 0.22592947483062745
v 0.005012756586074807 0.008005005307495594 0.2266927719116211
v 0.004235750436782815 0.007521204650402069 0.22543490529060364
v 0.004672384262084939 0.00880445446819067 0.22467160820961
v 0.005449390411376931 0.00928825605660677 0.22592947483062745
v 0.00013515949249265358 0.010707413777709007 0.22776967883110047
v 0.0003200531005859153 0.009258285164833069 0.22830430269241334
v -0.00015004873275759056 0.008692579343914986 0.2269335448741913
v -0.0003349423408508523 0.010141707956790924 0.22639892101287842
v 0.00013515949249265358 0.010707413777709007 0.22776967883110047
v -0.00514226555824282 0.009289407171308994 0.22959712743759156
v -0.004292571544647239 0.008018997497856617 0.22988707423210145
v -0.004567795991897605 0.007505675312131643 0.2284446120262146
v -0.005417490005493186 0.008776085451245308 0.22815463542938233
v -0.00514226555824282 0.009289407171308994 0.22959712743759156
v -0.008969718217849754 0.00545806298032403 0.23140717148780823
v -0.007616275548934959 0.004692016635090113 0.23144373893737794
v -0.00783505439758303 0.004235224798321724 0.22997287511825562
v -0.009188497066497825 0.005001270677894354 0.22993627786636353
v -0.008969718217849754 0.00545806298032403 0.23140717148780823
v -0.010354125499725364 0.00028526425012387335 0.23319560885429383
v -0.008815640211105369 0.0002108023181790486 0.2329777240753174
v -0.009045863151550315 -0.0002888406452257186 0.23152262568473816
v -0.010584378242492698 -0.0002143787278328091 0.23174048066139222
v -0.010354125499725364 0.00028526425012387335 0.23319560885429383
v -0.008986109495162986 -0.004818709101527929 0.2349588930606842
v -0.007628196477890037 -0.004219455644488335 0.23449311256408692
v -0.00781514644622805 -0.004880668129771948 0.23309746980667115
v -0.009173059463500999 -0.00547992205247283 0.23356325030326844
v -0.008986109495162986 -0.004818709101527929 0.2349588930606842
v -0.005305790901184104 -0.008500113151967525 0.23669425249099732
v -0.004413181543350242 -0.007435391657054424 0.235994553565979
v -0.004398518800735496 -0.008298283442854881 0.2347002387046814
v -0.005291128158569358 -0.009363004937767982 0.2353999674320221
v -0.005305790901184104 -0.008500113151967525 0.23669425249099732
v -0.00035941004753115013 -0.009827427566051483 0.23839972019195557
v -0.000045382976532004626 -0.008607405237853527 0.23748708367347718
v 0.00035033226013181373 -0.009572569280862808 0.23633298873901368
v 0.00003627538681028053 -0.010792592540383339 0.23724565505981446
v -0.00035941004753115013 -0.009827427566051483 0.23839972019195557
v 0.004504060745239236 -0.00852720346301794 0.240074223279953
v 0.004313802719116189 -0.007441936992108822 0.23897603750228882
v 0.00518483519554136 -0.008280079811811447 0.2379968523979187
v 0.0053750932216644065 -0.009365346282720566 0.2390950381755829
v 0.004504060745239236 -0.00852720346301794 0.240074223279953
v 0.00800461173057554 -0.005031811073422432 0.24171764254570008
v 0.007510548830032326 -0.0042497930116951466 0.24046689867973328
v 0.008788383007049538 -0.004681852646172047 0.23969200849533082
v 0.009282445907592751 -0.005463870707899332 0.2409427523612976
v 0.00800461173057554 -0.005031811073422432 0.24171764254570008
v 0.00926694869995115 -0.00033671961864456534 0.24333084225654603
v 0.008688813447952248 0.0001328199723502621 0.2419650912284851
v 0.010133033990859963 0.00031913688872009516 0.24141780138015748
v 0.010711169242858865 -0.00015040271682664752 0.24278358221054078
v 0.00926694869995115 -0.00033671961864456534 0.24333084225654603
v 0.008033460378646828 0.004283278714865446 0.2449156105518341
v 0.007508999109268166 0.004551667720079422 0.24347586035728455
v 0.008776193857192971 0.005401556380093098 0.24317268133163453
v 0.009300655126571633 0.0051331669092178345 0.24461246132850648
v 0.008033460378646828 0.004283278714865446 0.2449156105518341
v 0.00470612049102781 0.007616034243255854 0.24647462964057923
v 0.004242724180221535 0.007823236286640167 0.24500415325164795
v 0.005006527900695779 0.009177546948194504 0.24495429396629334
v 0.005469924211502053 0.008970344439148903 0.24642477035522461
v 0.00470612049102781 0.007616034243255854 0.24647462964057923
v 0.0002183377742767112 0.008821255527436733 0.24801141619682313
v -0.00028180480003359154 0.009038327261805534 0.24655444025993348
v -0.00021063685417177513 0.010578742250800133 0.2467595398426056
v 0.0002894759178161399 0.010361670516431332 0.24821648597717286
v 0.0002183377742767112 0.008821255527436733 0.24801141619682313
v -0.004221135377883933 0.007632120978087187 0.2495301127433777
v -0.004877322912216209 0.007807393558323383 0.24813056588172913
v -0.005482548475265525 0.009166651405394077 0.24858457446098328
v -0.00482636094093325 0.008991378359496593 0.24998409152030945
v -0.004221135377883933 0.007632120978087187 0.2495301127433777
v -0.007440203428268455 0.004410261288285255 0.25103402733802793
v -0.00829436779022219 0.004387364722788334 0.24973407983779908
v -0.009367072582244895 0.005278638564050198 0.25042319893836973
v -0.008512938022613548 0.005301535129547119 0.251723176240921
v -0.007440203428268455 0.004410261288285255 0.25103402733802793
v -0.008608514070510886 0.000036971756344428286 0.25252810716629026
v -0.009563261270523093 -0.00036275244201533496 0.25136677026748655
v -0.010791474580764793 -0.00005387956844060682 0.25227016806602476
v -0.009836727380752586 0.00034584462991915643 0.25343150496482847
v -0.008608514070510886 0.000036971756344428286 0.25252810716629026
v -0.007436299324035667 -0.004322564695030451 0.2540178060531616
v -0.008264207839965843 -0.0051936437375843525 0.25302997827529905
v -0.009355688095092796 -0.005392850376665592 0.25412038564682005
v -0.00852777957916262 -0.0045217713341116905 0.2551082134246826
v -0.007436299324035667 -0.004322564695030451 0.2540178060531616
v -0.004238986968994163 -0.0075143687427043915 0.25550872683525083
v -0.004662328958511375 -0.008789140731096268 0.2547240316867828
v -0.005446696281433128 -0.009294788353145123 0.25596866607666013
v -0.005023354291915916 -0.008020015433430672 0.25675336122512815
v -0.004238986968994163 -0.0075143687427043915 0.25550872683525083
v 0.0001439809799194114 -0.008685177192091942 0.2570063531398773
v 0.00033680200576780006 -0.010124427266418934 0.2564483344554901
v -0.0001301109790802224 -0.010714816860854626 0.2578097343444824
v -0.00032293200492861107 -0.009275566786527634 0.2583677530288696
v 0.0001439809799194114 -0.008685177192091942 0.2570063531398773
v 0.0045577645301818626 -0.0074996137991547585 0.25851590037345884
v 0.005411928892135598 -0.008761117234826088 0.25820130705833433
v 0.005151247978210427 -0.009296088479459286 0.2596386134624481
v 0.004297053813934304 -0.008034584112465382 0.2599532067775726
v 0.0045577645301818626 -0.0074996137991547585 0.25851590037345884
v 0.007821387052535989 -0.004233209416270256 0.26004225611686704
v 0.009178316593170144 -0.004991439636796713 0.25998047590255735
v 0.008982694149017312 -0.005461261607706547 0.2614505052566528
v 0.0076257646083831565 -0.004703031852841377 0.2615122854709625
v 0.007821387052535989 -0.004233209416270256 0.26004225611686704
v 0.009030854701995827 0.0002845062699634582 0.26158968210220335
v 0.010573065280914284 0.00021847180323675275 0.2617826223373413
v 0.010369157791137673 -0.0002823547984007746 0.26324123740196226
v 0.008826947212219216 -0.0002163203462259844 0.2630482971668243
v 0.009030854701995827 0.0002845062699634582 0.26158968210220335
v 0.007802373170852639 0.004869307857006788 0.2631619036197662
v 0.009163326025009133 0.005479671526700258 0.2636037528514862
v 0.008999621868133523 0.004828828852623701 0.26500717401504514
v 0.007638639211654641 0.004218465182930231 0.2645653247833252
v 0.007802373170852639 0.004869307857006788 0.2631619036197662
v 0.004391676187515237 0.00828149076551199 0.26476184129714964
v 0.005283987522125222 0.009360750205814838 0.2654393076896667
v 0.005313849449157693 0.008516209200024605 0.2667453944683075
v 0.004421538114547707 0.007436949294060469 0.2660679280757904
v 0.004391676187515237 0.00828149076551199 0.26476184129714964
v -0.0003489196300506814 0.00955391488969326 0.26639161109924314
v -0.00004162788391115502 0.010790254920721054 0.26728436946868894
v 0.00035930275917051 0.009846081957221031 0.2684538722038269
v 0.00005198121070859596 0.008609741926193237 0.2675611138343811
v -0.0003489196300506814 0.00955391488969326 0.26639161109924314
v -0.005175256729125999 0.008263937197625637 0.26805240511894224
v -0.00538032650947573 0.009363401681184769 0.2691336631774902
v -0.004512721300125144 0.00854389276355505 0.270131504535675
v -0.004307651519775413 0.007444429211318493 0.26905024647712705
v -0.005175256729125999 0.008263937197625637 0.26805240511894224
v -0.008772993087768577 0.004671842325478792 0.2697445511817932
v -0.00928878188133242 0.005461160093545914 0.2709818840026855
v -0.008019620180130027 0.0050424798391759396 0.2717780530452728
v -0.007503831386566184 0.004253162071108818 0.27054072022438047
v -0.008772993087768577 0.004671842325478792 0.2697445511817932
v -0.010115706920623802 -0.0003213923191651702 0.271467512845993
v -0.010718429088592552 0.00014490188914351165 0.27282372713088987
v -0.009284281730651878 0.0003391979553271085 0.2733942627906799
v -0.008681559562683128 -0.00012709626753348857 0.27203807830810545
v -0.010115706920623802 -0.0003213923191651702 0.271467512845993
v -0.008760654926300071 -0.005396782420575619 0.27321982979774473
v -0.009306693077087425 -0.005142965354025364 0.2746541857719421
v -0.00804867744445803 -0.004288570489734411 0.2749818921089172
v -0.0075026392936706765 -0.004542387556284666 0.2735475361347198
v -0.008760654926300071 -0.005396782420575619 0.27321982979774473
v -0.004995161294937156 -0.009168120101094246 0.27499920725822447
v -0.0054715514183044656 -0.008984091691672802 0.27646864056587217
v -0.004715913534164451 -0.00762636074796319 0.27654356360435484
v -0.004239553213119529 -0.007810389157384634 0.27507413029670713
v -0.004995161294937156 -0.009168120101094246 0.27499920725822447
v 0.00021738409996030494 -0.010567311197519302 0.27680266499519346
v -0.0002839207649231179 -0.010376587510108948 0.27826291918754575
v -0.0002216339111328347 -0.008832688443362713 0.2780826449394226
v 0.00027967095375058815 -0.009023412130773067 0.2766224205493927
v 0.00021738409996030494 -0.010567311197519302 0.27680266499519346
v 0.005484557151794411 -0.00915546901524067 0.2786260604858398
v 0.004838711023330666 -0.00900348648428917 0.2800331175327301
v 0.004222130775451638 -0.0076415762305259705 0.27960301041603086
v 0.004867947101592995 -0.00779355876147747 0.2781959533691406
v 0.005484557151794411 -0.00915546901524067 0.2786260604858398
v 0.009365564584732033 -0.005269896239042282 0.2804631948471069
v 0.008529847860336282 -0.00530807813629508 0.2817747354507446
v 0.007442629337310769 -0.004417446907609701 0.28110784888267515
v 0.00827834606170652 -0.004379264544695616 0.27979633808135984
v 0.009365564584732033 -0.005269896239042282 0.2804631948471069
v 0.010788983106613137 0.000060262529586907476 0.2823092699050903
v 0.009855365753173806 -0.0003447120834607631 0.2834858655929565
v 0.008611029386520364 -0.000042756710172398016 0.2826024055480957
v 0.009544646739959695 0.00036221789196133614 0.28142583966255186
v 0.010788983106613137 0.000060262529586907476 0.2823092699050903
v 0.009353345632553078 0.005398405250161886 0.2841591894626617
v 0.00854421257972715 0.004530869424343109 0.28516552448272703
v 0.007438755035400368 0.004316817037761211 0.2840921342372894
v 0.008247888088226296 0.0051843528635799885 0.2830858290195465
v 0.009353345632553078 0.005398405250161886 0.2841591894626617
v 0.005443876981735207 0.009301017969846725 0.2860077381134033
v 0.005033975839614846 0.008035100065171719 0.28681362271308897
v 0.004242455959320046 0.007507759612053633 0.28558257818222044
v 0.0046523571014404075 0.008773677051067352 0.28477672338485716
v 0.005443876981735207 0.009301017969846725 0.2860077381134033
v 0.00012505650520322487 0.010721921920776367 0.2878496706485748
v 0.0003257453441619651 0.009292973205447197 0.28843090534210203
v -0.00013782978057863549 0.0086780721321702 0.2870792508125305
v -0.0003385186195373757 0.010107021778821945 0.2864980161190033
v 0.00012505650520322487 0.010721921920776367 0.2878496706485748
v -0.005160087347030662 0.00930252205580473 0.28967992067337034
v -0.004301691055297874 0.008050290867686272 0.2900190711021423
v -0.004547768831253074 0.0074938260950148106 0.28858736753463743
v -0.00540619492530825 0.008746056817471981 0.28824821710586546
v -0.005160087347030662 0.00930252205580473 0.28967992067337034
v -0.00899549722671511 0.005464294925332069 0.2914936602115631
v -0.0076354682445526345 0.0047141010873019695 0.291580593585968
v -0.007807874679565452 0.004231382627040148 0.2901118159294128
v -0.009167903661727927 0.004981576465070248 0.2900249123573303
v -0.00899549722671511 0.005464294925332069 0.2914936602115631
v -0.010383957624435447 0.00027936900733038783 0.293286657333374
v -0.008838498592376731 0.0002217801084043458 0.29311872124671934
v -0.009016031026840232 -0.0002800878428388387 0.29165700674057005
v -0.010561490058898948 -0.00022249894391279668 0.2918249428272247
v -0.010383957624435447 0.00027936900733038783 0.293286657333374
v -0.009012931585311912 -0.00483895605430007 0.29505515694618223
v -0.007649296522140525 -0.004217660985887051 0.2946374177932739
v -0.007789754867553733 -0.004857946652919054 0.2932266354560852
v -0.00915338993072512 -0.005479241721332073 0.2936443746089935
v -0.009012931585311912 -0.00483895605430007 0.29505515694618223
v -0.005321764945983909 -0.008532276377081871 0.2967962384223938
v -0.004429990053176902 -0.007438793312758207 0.296141242980957
v -0.004384928941726707 -0.008264739997684956 0.2948237419128418
v -0.005276703834533714 -0.009358222596347332 0.29547873735427854
v -0.005321764945983909 -0.008532276377081871 0.2967962384223938
v -0.0003590822219848855 -0.009864692576229572 0.29850775599479673
v -0.00005858540534975365 -0.008612397126853466 0.297635143995285
v 0.000347471237182595 -0.009535303339362144 0.2964505016803741
v 0.00004697442054746315 -0.01078759878873825 0.29732311367988584
v -0.0003590822219848855 -0.009864692576229572 0.29850775599479673
v 0.004521495103836037 -0.00856051966547966 0.3001884877681732
v 0.0043017029762267844 -0.007447180803865194 0.2991244554519653
v 0.005165612697601296 -0.00824781134724617 0.2981082558631897
v 0.005385404825210549 -0.009361149743199348 0.29917228817939756
v 0.004521495103836037 -0.00856051966547966 0.3001884877681732
v 0.008034771680831887 -0.005053031723946333 0.3018381655216217
v 0.007497376203536965 -0.004256648942828178 0.30061466097831724
v 0.008757537603378274 -0.0046618166379630566 0.29979745149612425
v 0.009294933080673196 -0.005458199419081211 0.3010209560394287
v 0.008034771680831887 -0.005053031723946333 0.3018381655216217
v 0.009301757812499978 -0.00034146668622270226 0.3034574449062347
v 0.008674627542495705 0.00012143853382440284 0.30211118459701536
v 0.010098224878311135 0.0003236760385334492 0.30151755213737486
v 0.010725384950637795 -0.00013922920334152877 0.3028638124465942
v 0.009301757812499978 -0.00034146668622270226 0.3034574449062347
v 0.008063918352127053 0.004294168204069138 0.305047994852066
v 0.007496482133865334 0.0045333318412303925 0.30361942052841184
v 0.008744931221008279 0.00539200846105814 0.30326727628707884
v 0.009312397241592385 0.005152844358235598 0.304695850610733
v 0.008063918352127053 0.004294168204069138 0.305047994852066
v 0.004725551605224587 0.007637028582394123 0.30661231875419614
v 0.004236346483230569 0.007797826547175646 0.3051443755626678
v 0.0049835503101348655 0.00915860291570425 0.3050444483757019
v 0.005472755432128884 0.008997805416584015 0.3065123617649078
v 0.004725551605224587 0.007637028582394123 0.30661231875419614
v 0.00022447705268857643 0.008844373747706413 0.3081538438796997
v -0.00027784109115602806 0.009008694440126419 0.30669072866439817
v -0.00022449493408205345 0.010555626824498177 0.30684614777565
v 0.00027785301208493873 0.010391305200755596 0.3083092629909515
v 0.00022447705268857643 0.008844373747706413 0.3081538438796997
v -0.004223042726516746 0.007651390973478556 0.30967566967010496
v -0.004858309030532859 0.00778005039319396 0.30826148986816404
v -0.005486065149307273 0.009144240990281105 0.3086675763130188
v -0.00485079884529116 0.0090155815705657 0.3100817561149597
v -0.004223042726516746 0.007651390973478556 0.30967566967010496
v -0.007445210218429588 0.004424928221851587 0.3111815214157104
v -0.008262270689010642 0.004371490329504013 0.30985880494117735
v -0.00936364531517031 0.005261247977614403 0.3105032205581665
v -0.008546614646911643 0.005314686335623264 0.31182593703269956
v -0.007445210218429588 0.004424928221851587 0.3111815214157104
v -0.008613848686218284 0.00004866426024818793 0.3126766443252563
v -0.009526038169860862 -0.0003614255110733211 0.31148514747619627
v -0.010786139965057395 -0.00006645493704127148 0.3123483419418335
v -0.009873950481414817 0.00034363483428023756 0.3135398685932159
v -0.008613848686218284 0.00004866426024818793 0.3126766443252563
v -0.007441514730453513 -0.004311148077249527 0.3141664624214172
v -0.00823166370391848 -0.005174876190721989 0.313141918182373
v -0.009350800514221214 -0.0054037002846598625 0.3141979336738586
v -0.008560651540756248 -0.004539972171187401 0.3152224779129028
v -0.007441514730453513 -0.004311148077249527 0.3141664624214172
v -0.00424613952636721 -0.0075013828463852406 0.3156564891338348
v -0.004642510414123557 -0.008758071810007095 0.314829683303833
v -0.00544097423553469 -0.009306947700679302 0.3160467505455017
v -0.005044573545455955 -0.008050259202718735 0.3168735563755035
v -0.00424613952636721 -0.0075013828463852406 0.3156564891338348
v 0.00013161301612851783 -0.00867126602679491 0.31715223789215086
v 0.00034011006355283424 -0.01008949801325798 0.31654796600341795
v -0.00012000799179079369 -0.010728729888796806 0.31788948774337766
v -0.0003285050392151101 -0.009310497902333736 0.3184937596321106
v 0.00013161301612851783 -0.00867126602679491 0.31715223789215086
v 0.004537856578826882 -0.007488311268389225 0.31865898370742796
v 0.005400276184082009 -0.008730905130505562 0.3182953655719757
v 0.005168861150741555 -0.009308705106377602 0.31972104907035825
v 0.004306441545486428 -0.00806611031293869 0.3200846672058105
v 0.004537856578826882 -0.007488311268389225 0.31865898370742796
v 0.007794564962387063 -0.00422974256798625 0.3201816141605377
v 0.009157276153564431 -0.004971683025360107 0.32006955742835996
v 0.009008115530014016 -0.005467160139232874 0.32153660655021665
v 0.007645404338836648 -0.004725219681859016 0.3216486632823944
v 0.007794564962387063 -0.00422974256798625 0.3201816141605377
v 0.009001410007476784 0.0002755876921582967 0.32172453999519346
v 0.010549700260162331 0.00022646022262051702 0.32186744213104246
v 0.010398602485656716 -0.00027630652766674757 0.32333180904388426
v 0.00885031223297117 -0.0002271790726808831 0.32318893671035764
v 0.009001410007476784 0.0002755876921582967 0.32172453999519346
v 0.007777309417724587 0.004846589174121618 0.32329163551330564
v 0.009143209457397439 0.005478634033352137 0.32368514537811277
v 0.009026056528091408 0.004849088378250599 0.3251028716564178
v 0.007660186290740945 0.004217043519020081 0.3247093617916107
v 0.007777309417724587 0.004846589174121618 0.32329163551330564
v 0.004378324747085549 0.008248037658631802 0.3248859405517578
v 0.005269294977188088 0.009355423972010612 0.3255182862281799
v 0.005329555273056008 0.008548310026526451 0.3268467843532562
v 0.004438585042953469 0.0074409241788089275 0.3262144386768341
v 0.004378324747085549 0.008248037658631802 0.3248859405517578
v -0.00034593939781191185 0.009516739286482334 0.32650972008705137
v -0.000052326917648337634 0.010784624144434929 0.3273619472980499
v 0.0003587365150451438 0.009883255697786808 0.3285613417625427
v 0.00006512403488156959 0.008615370839834213 0.32770911455154417
v -0.00034593939781191185 0.009516739286482334 0.32650972008705137
v -0.0051559150218963845 0.00823170319199562 0.32816446423530576
v -0.005390399694442771 0.009358588606119156 0.3292109429836273
v -0.004530423879623435 0.00857707392424345 0.3302452027797699
v -0.004295939207077049 0.007450188510119915 0.32919872403144834
v -0.0051559150218963845 0.00823170319199562 0.32816446423530576
v -0.008741998672485374 0.004651769530028105 0.3298506498336792
v -0.009300851821899436 0.0054549784399569035 0.33105999827384947
v -0.008050078153610252 0.005063452757894993 0.33189800977706907
v -0.007491225004196189 0.004260243847966194 0.3306886613368988
v -0.008741998672485374 0.004651769530028105 0.3298506498336792
v -0.010080659389495872 -0.0003260033845435828 0.33156791925430296
v -0.01073201894760134 0.00013336818665266037 0.3329038381576538
v -0.009319329261779807 0.00034350919304415584 0.3335203886032104
v -0.008667969703674339 -0.00011586237087612972 0.3321844696998596
v -0.010080659389495872 -0.0003260033845435828 0.33156791925430296
v -0.008729034662246726 -0.00538725545629859 0.3333150506019592
v -0.009317690134048484 -0.0051628234796226025 0.33473739624023435
v -0.008079165220260642 -0.0043000876903533936 0.3351138889789581
v -0.007490479946136497 -0.004524519667029381 0.3336915135383606
v -0.008729034662246726 -0.00538725545629859 0.3333150506019592
v -0.004971647262573264 -0.009149004705250263 0.3350899875164032
v -0.0054735183715820535 -0.009011488407850266 0.3365560233592987
v -0.004735016822814964 -0.007648041006177664 0.3366809546947479
v -0.0042331457138061745 -0.0077855573035776615 0.3352149188518524
v -0.004971647262573264 -0.009149004705250263 0.3350899875164032
v 0.00023151040077207252 -0.01054369192570448 0.33688983917236326
v -0.00027167201042177513 -0.010405820794403553 0.3383553683757782
v -0.00022726655006410912 -0.008856307715177536 0.33822483420372007
v 0.00027591586112973854 -0.008994178846478462 0.33675930500030515
v 0.00023151040077207252 -0.01054369192570448 0.33688983917236326
v 0.005487120151519753 -0.00913294032216072 0.3387091517448425
v 0.004862642288207986 -0.0090276338160038 0.34013003706932066
v 0.004223978519439675 -0.007661540526896715 0.33974809050559995
v 0.004848456382751443 -0.007766847498714924 0.3383272051811218
v 0.005487120151519753 -0.00913294032216072 0.3387091517448425
v 0.009361362457275368 -0.00525266956537962 0.34054324626922605
v 0.0085632264614105 -0.005321333184838295 0.3418767511844635
v 0.007447993755340554 -0.00443268334493041 0.34125504493713377
v 0.008246099948883034 -0.004364019725471735 0.33992151021957395
v 0.009361362457275368 -0.00525266956537962 0.34054324626922605
v 0.010783022642135598 0.00007247938629006967 0.34238741397857664
v 0.009892469644546487 -0.0003425920440349728 0.34359351396560667
v 0.008616960048675515 -0.00005467376104206778 0.3427507936954498
v 0.009507513046264626 0.0003603976801969111 0.3415446937084198
v 0.010783022642135598 0.00007247938629006967 0.34238741397857664
v 0.009348011016845681 0.005408750381320715 0.34423664808273313
v 0.008577114343643166 0.004549091216176748 0.34527907371520994
v 0.007444596290588357 0.004305571783334017 0.34424076080322263
v 0.008215522766113259 0.005165231414139271 0.34319830536842344
v 0.009348011016845681 0.005408750381320715 0.34423664808273313
v 0.005437946319580056 0.009312584064900875 0.3460856437683105
v 0.005055195093154885 0.00806549470871687 0.3469331622123718
v 0.004250025749206521 0.007495246361941099 0.3457304298877716
v 0.004632776975631692 0.008742336183786392 0.3448829412460327
v 0.005437946319580056 0.009312584064900875 0.3460856437683105
v 0.00011495351791379615 0.010735237039625645 0.34792918562889097
v 0.00033119916915891334 0.009328136220574379 0.34855631589889524
v -0.00012534260749819115 0.008664759807288647 0.34722534418106077
v -0.00034158825874330834 0.010071860626339912 0.3465981841087341
v 0.00011495351791379615 0.010735237039625645 0.34792918562889097
v -0.005177491903305076 0.00931463111191988 0.34976202845573423
v -0.004311376810073875 0.008082035928964615 0.35014996528625486
v -0.00452803969383242 0.007483069319278002 0.3487307488918304
v -0.005394154787063621 0.00871566403657198 0.3483427822589874
v -0.005177491903305076 0.00931463111191988 0.34976202845573423
v -0.009020560979843162 0.005469851195812225 0.3515793442726135
v -0.007655555009841941 0.004736380185931921 0.3517164945602417
v -0.0077814102172851785 0.004228285513818264 0.3502515912055969
v -0.0091464161872864 0.004961756523698568 0.35011444091796873
v -0.009020560979843162 0.005469851195812225 0.3515793442726135
v -0.01041301488876345 0.0002731629938352853 0.3533767223358154
v -0.008862370252609275 0.00023251136008184403 0.35325894355773924
v -0.008987003564834617 -0.0002710115222726017 0.351792311668396
v -0.010537618398666404 -0.00023035990307107568 0.3519101500511169
v -0.01041301488876345 0.0002731629938352853 0.3533767223358154
v -0.009039008617401145 -0.004859228618443012 0.35515031814575193
v -0.007671260833740257 -0.004216617904603481 0.35478112697601316
v -0.007765078544616721 -0.004835242871195078 0.3533568739891052
v -0.00913282632827761 -0.005477853585034609 0.35372606515884397
v -0.009039008617401145 -0.004859228618443012 0.35515031814575193
v -0.005337172746658347 -0.008564312011003494 0.35689709186553953
v -0.004447275400161765 -0.007443344220519066 0.3562875747680664
v -0.004371815919876121 -0.00823139026761055 0.3549484372138977
v -0.005261713266372703 -0.009352358058094978 0.3555579543113708
v -0.005337172746658347 -0.008564312011003494 0.35689709186553953
v -0.00035824775695803 -0.009901764802634716 0.3586146593093872
v -0.0000716388225555642 -0.008618660271167755 0.35778305530548093
v 0.000344341993331887 -0.009498229250311852 0.3565692663192749
v 0.000057733058929421155 -0.010781333781778812 0.35740081071853635
v -0.00035824775695803 -0.009901764802634716 0.3586146593093872
v 0.004539495706558205 -0.008593546226620674 0.36030164957046507
v 0.00429037809371946 -0.007453445810824633 0.3592729926109314
v 0.005146181583404519 -0.00821561086922884 0.35822097063064573
v 0.005395299196243264 -0.009355710819363594 0.3592496275901794
v 0.004539495706558205 -0.008593546226620674 0.36030164957046507
v 0.008065527677535989 -0.005073725711554289 0.36195758581161497
v 0.007485395669937112 -0.004263933748006821 0.3607627511024475
v 0.008726453781127907 -0.004641689360141754 0.35990420579910276
v 0.009306585788726784 -0.005451481323689222 0.36109904050827024
v 0.008065527677535989 -0.005073725711554289 0.36195758581161497
v 0.009337013959884621 -0.00034530326956883073 0.3635831236839294
v 0.008661603927612282 0.0001103882968891412 0.3622578740119934
v 0.010062968730926491 0.0003283954574726522 0.3616186141967773
v 0.01073837876319883 -0.00012729610898531973 0.3629438042640686
v 0.009337013959884621 -0.00034530326956883073 0.3635831236839294
v 0.008094406127929665 0.00430635130032897 0.3651795744895935
v 0.007484680414199807 0.004515973851084709 0.3637638449668884
v 0.008712893724441506 0.005382548552006483 0.36336318254470823
v 0.009322619438171365 0.005172926001250744 0.3647789120674133
v 0.008094406127929665 0.00430635130032897 0.3651795744895935
v 0.004744237661361672 0.007659418974071741 0.3667494416236877
v 0.004229849576950051 0.007773607037961483 0.36528573036193845
v 0.004959410429000832 0.009139353409409523 0.3651358842849731
v 0.005473828315734841 0.009025164879858494 0.3665995955467224
v 0.004744237661361672 0.007659418974071741 0.3667494416236877
v 0.0002303481101989524 0.008868488483130932 0.3682955265045166
v -0.00027354955673219994 0.008979867212474346 0.3668280005455017
v -0.00023805499076845482 0.010531510226428509 0.3669335603713989
v 0.0002658724784850852 0.01042013056576252 0.3684010863304138
v 0.0002303481101989524 0.008868488483130932 0.3682955265045166
v -0.004224890470504783 0.00767201604321599 0.36982027292251585
v -0.004838371276855491 0.007753947749733925 0.3683930993080139
v -0.005487763881683372 0.009121565148234367 0.368750786781311
v -0.004874253273010276 0.00903963390737772 0.37017796039581297
v -0.004224890470504783 0.00767201604321599 0.36982027292251585
v -0.007450962066650413 0.004440693184733391 0.3713283896446228
v -0.008229935169219993 0.0043568359687924385 0.3699844241142273
v -0.009358668327331565 0.005244141444563866 0.3705833315849304
v -0.008579695224761985 0.005327998660504818 0.37192723751068113
v -0.007450962066650413 0.004440693184733391 0.3713283896446228
v -0.008620405197143577 0.00006076945282984525 0.37282482385635374
v -0.009489023685455344 -0.00035915119224227965 0.37160453796386717
v -0.010779583454132102 -0.00007835219730623066 0.3724264860153198
v -0.009910964965820335 0.000341568433213979 0.37364683151245115
v -0.008620405197143577 0.00006076945282984525 0.37282482385635374
v -0.007447981834411643 -0.004300098400563002 0.3743149995803833
v -0.008199477195739768 -0.005155431572347879 0.37325499057769773
v -0.009344989061355613 -0.005413565319031477 0.37427530288696287
v -0.008593523502349876 -0.004558232147246599 0.3753353714942932
v -0.007447981834411643 -0.004300098400563002 0.3743149995803833
v -0.0042541563510895 -0.007489355280995369 0.37580440044403074
v -0.004623138904571555 -0.008726478554308414 0.3749364376068115
v -0.0054347753524780495 -0.009317927993834019 0.3761244773864746
v -0.005065762996673606 -0.008080804720520973 0.3769924998283386
v -0.0042541563510895 -0.007489355280995369 0.37580440044403074
v 0.00011900663375852272 -0.008658556267619133 0.37729851007461546
v 0.0003429114818572776 -0.010054114274680614 0.37664870023727415
v -0.00010993480682375267 -0.010741440579295158 0.3779687643051147
v -0.00033380985260011986 -0.009345883503556252 0.37861857414245603
v 0.00011900663375852272 -0.008658556267619133 0.37729851007461546
v 0.004518276453018166 -0.007478099316358566 0.37880263328552244
v 0.0053879082202911155 -0.008700335398316383 0.3783904671669006
v 0.0051860272884368674 -0.00932029727846384 0.37980285882949827
v 0.004316425323486306 -0.008098061196506023 0.3802150249481201
v 0.004518276453018166 -0.007478099316358566 0.37880263328552244
v 0.007768428325653054 -0.00422701146453619 0.38032171726226804
v 0.0091353118419647 -0.004951798357069492 0.3801595330238342
v 0.009032821655273415 -0.0054723662324249744 0.38162187337875364
v 0.00766593813896177 -0.004747578874230385 0.38178411722183225
v 0.007768428325653054 -0.00422701146453619 0.38032171726226804
v 0.00897276997566221 0.00026636163238435984 0.3818603515625
v 0.010525321960449197 0.00023419804347213358 0.3819530367851257
v 0.010427212715148904 -0.0002699380274862051 0.38342145681381223
v 0.008874690532684304 -0.00023777445312589407 0.3833287715911865
v 0.00897276997566221 0.00026636163238435984 0.3818603515625
v 0.007752990722656228 0.004823912866413593 0.38342241048812864
v 0.009122198820114114 0.0054769027046859264 0.3837671637535095
v 0.00905177593231199 0.004869374446570873 0.3851975560188293
v 0.007682567834854104 0.004216385073959827 0.38485280275344846
v 0.007752990722656228 0.004823912866413593 0.38342241048812864
v 0.004365450143814065 0.008214806206524372 0.3850111722946167
v 0.0052540063858032005 0.009349028579890728 0.3855976819992065
v 0.005344605445861794 0.008580276742577553 0.3869470715522766
v 0.0044560492038726585 0.00744605390354991 0.38636056184768675
v 0.004365450143814065 0.008214806206524372 0.3850111722946167
v -0.00034269094467165306 0.00947977788746357 0.38662914037704466
v -0.00006317496299745873 0.010777726769447327 0.38743976354598997
v 0.0003576040267944114 0.009920215234160423 0.388667619228363
v 0.00007805824279782936 0.008622266352176666 0.3878569960594177
v -0.00034269094467165306 0.00947977788746357 0.38662914037704466
v -0.005136424303054832 0.008199534378945827 0.38827780485153196
v -0.00540011525154116 0.009352512657642365 0.38928834199905393
v -0.00454872250556948 0.008609925396740437 0.390357768535614
v -0.004285031557083152 0.007456947583705187 0.3893472909927368
v -0.005136424303054832 0.008199534378945827 0.38827780485153196
v -0.008710825443267844 0.004631567280739546 0.3899580597877502
v -0.009312087297439597 0.005447695963084698 0.39113805294036863
v -0.008081161975860618 0.00508383521810174 0.39201692342758176
v -0.007479900121688865 0.004267706535756588 0.39083693027496336
v -0.008710825443267844 0.004631567280739546 0.3899580597877502
v -0.010045164823532127 -0.00033087111660279334 0.39166966676712034
v -0.01074444651603701 0.00012099243758711964 0.3929837703704834
v -0.009354823827743552 0.00034682845580391586 0.39364556074142454
v -0.00865554213523867 -0.00010503507655812427 0.3923314571380615
v -0.010045164823532127 -0.00033087111660279334 0.39166966676712034
v -0.008695983886718772 -0.005379137583076954 0.3934122085571289
v -0.009326243400573753 -0.005184560548514128 0.3948210835456848
v -0.008110159635543845 -0.004311753902584314 0.39524457454681394
v -0.007479900121688865 -0.004506330471485853 0.39383569955825803
v -0.008695983886718772 -0.005379137583076954 0.3934122085571289
v -0.005067044496536277 -0.009032298810780048 0.39512614011764524
v -0.005632513761520408 -0.008921506814658642 0.39657107591629026
v -0.004632973670959495 -0.007768594194203615 0.39687386751174925
v -0.004067474603652976 -0.007879386655986309 0.3954289317131042
v -0.005067044496536277 -0.009032298810780048 0.39512614011764524
vt 0 0
vt 0 0.25
vt 0 0.5
vt 0 0.75
vt 0 1
vt 0.004716981202363968 0
vt 0.004716981202363968 0.25
vt 0.004716981202363968 0.5
vt 0.004716981202363968 0.75
vt 0.004716981202363968 1
vt 0.009433962404727936 0
vt 0.009433962404727936 0.25
vt 0.009433962404727936 0.5
vt 0.009433962404727936 0.75
vt 0.009433962404727936 1
vt 0.014150943607091904 0
vt 0.014150943607091904 0.25
vt 0.014150943607091904 0.5
vt 0.014150943607091904 0.75
vt 0.014150943607091904 1
vt 0.01886792480945587 0
vt 0.01886792480945587 0.25
vt 0.01886792480945587 0.5
vt 0.01886792480945587 0.75
vt 0.01886792480945587 1
vt 0.02358490601181984 0
vt 0.02358490601181984 0.25
vt 0.02358490601181984 0.5
vt 0.02358490601181984 0.75
vt 0.02358490601181984 1
vt 0.028301887214183807 0
vt 0.028301887214183807 0.25
vt 0.028301887214183807 0.5
vt 0.028301887214183807 0.75
vt 0.028301887214183807 1
vt 0.033018868416547775 0
vt 0.033018868416547775 0.25
vt 0.033018868416547775 0.5
vt 0.033018868416547775 0.75
vt 0.033018868416547775 1
vt 0.03773584961891174 0
vt 0.03773584961891174 0.25
vt 0.03773584961891174 0.5
vt 0.03773584961891174 0.75
vt 0.03773584961891174 1
vt 0.04245283082127571 0
vt 0.04245283082127571 0.25
vt 0.04245283082127571 0.5
vt 0.04245283082127571 0.75
vt 0.04245283082127571 1
vt 0.04716981202363968 0
vt 0.04716981202363968 0.25
vt 0.04716981202363968 0.5
vt 0.04716981202363968 0.75
vt 0.04716981202363968 1
vt 0.05188679322600365 0
vt 0.05188679322600365 0.25
vt 0.05188679322600365 0.5
vt 0.05188679322600365 0.75
vt 0.05188679322600365 1
vt 0.056603774428367615 0
vt 0.056603774428367615 0.25
vt 0.056603774428367615 0.5
vt 0.056603774428367615 0.75
vt 0.056603774428367615 1
vt 0.06132075563073158 0
vt 0.06132075563073158 0.25
vt 0.06132075563073158 0.5
vt 0.06132075563073158 0.75
vt 0.06132075563073158 1
vt 0.06603773683309555 0
vt 0.06603773683309555 0.25
vt 0.06603773683309555 0.5
vt 0.06603773683309555 0.75
vt 0.06603773683309555 1
vt 0.07075471431016922 0
vt 0.07075471431016922 0.25
vt 0.07075471431016922 0.5
vt 0.07075471431016922 0.75
vt 0.07075471431016922 1
vt 0.07547169923782349 0
vt 0.07547169923782349 0.25
vt 0.07547169923782349 0.5
vt 0.07547169923782349 0.75
vt 0.07547169923782349 1
vt 0.08018867671489716 0
vt 0.08018867671489716 0.25
vt 0.08018867671489716 0.5
vt 0.08018867671489716 0.75
vt 0.08018867671489716 1
vt 0.08490566164255142 0
vt 0.08490566164255142 0.25
vt 0.08490566164255142 0.5
vt 0.08490566164255142 0.75
vt 0.08490566164255142 1
vt 0.08962263911962509 0
vt 0.08962263911962509 0.25
vt 0.08962263911962509 0.5
vt 0.08962263911962509 0.75
vt 0.08962263911962509 1
vt 0.09433962404727936 0
vt 0.09433962404727936 0.25
vt 0.09433962404727936 0.5
vt 0.09433962404727936 0.75
vt 0.09433962404727936 1
vt 0.09905660152435303 0
vt 0.09905660152435303 0.25
vt 0.09905660152435303 0.5
vt 0.09905660152435303 0.75
vt 0.09905660152435303 1
vt 0.1037735864520073 0
vt 0.1037735864520073 0.25
vt 0.1037735864520073 0.5
vt 0.1037735864520073 0.75
vt 0.1037735864520073 1
vt 0.10849056392908096 0
vt 0.10849056392908096 0.25
vt 0.10849056392908096 0.5
vt 0.10849056392908096 0.75
vt 0.10849056392908096 1
vt 0.11320754885673523 0
vt 0.11320754885673523 0.25
vt 0.11320754885673523 0.5
vt 0.11320754885673523 0.75
vt 0.11320754885673523 1
vt 0.1179245263338089 0
vt 0.1179245263338089 0.25
vt 0.1179245263338089 0.5
vt 0.1179245263338089 0.75
vt 0.1179245263338089 1
vt 0.12264151126146317 0
vt 0.12264151126146317 0.25
vt 0.12264151126146317 0.5
vt 0.12264151126146317 0.75
vt 0.12264151126146317 1
vt 0.12735849618911743 0
vt 0.12735849618911743 0.25
vt 0.12735849618911743 0.5
vt 0.12735849618911743 0.75
vt 0.12735849618911743 1
vt 0.1320754736661911 0
vt 0.1320754736661911 0.25
vt 0.1320754736661911 0.5
vt 0.1320754736661911 0.75
vt 0.1320754736661911 1
vt 0.13679245114326477 0
vt 0.13679245114326477 0.25
vt 0.13679245114326477 0.5
vt 0.13679245114326477 0.75
vt 0.13679245114326477 1
vt 0.14150942862033844 0
vt 0.14150942862033844 0.25
vt 0.14150942862033844 0.5
vt 0.14150942862033844 0.75
vt 0.14150942862033844 1
vt 0.1462264209985733 0
vt 0.1462264209985733 0.25
vt 0.1462264209985733 0.5
vt 0.1462264209985733 0.75
vt 0.1462264209985733 1
vt 0.15094339847564697 0
vt 0.15094339847564697 0.25
vt 0.15094339847564697 0.5
vt 0.15094339847564697 0.75
vt 0.15094339847564697 1
vt 0.15566037595272064 0
vt 0.15566037595272064 0.25
vt 0.15566037595272064 0.5
vt 0.15566037595272064 0.75
vt 0.15566037595272064 1
vt 0.1603773534297943 0
vt 0.1603773534297943 0.25
vt 0.1603773534297943 0.5
vt 0.1603773534297943 0.75
vt 0.1603773534297943 1
vt 0.16509434580802917 0
vt 0.16509434580802917 0.25
vt 0.16509434580802917 0.5
vt 0.16509434580802917 0.75
vt 0.16509434580802917 1
vt 0.16981132328510284 0
vt 0.16981132328510284 0.25
vt 0.16981132328510284 0.5
vt 0.16981132328510284 0.75
vt 0.16981132328510284 1
vt 0.1745283007621765 0
vt 0.1745283007621765 0.25
vt 0.1745283007621765 0.5
vt 0.1745283007621765 0.75
vt 0.1745283007621765 1
vt 0.17924527823925018 0
vt 0.17924527823925018 0.25
vt 0.17924527823925018 0.5
vt 0.17924527823925018 0.75
vt 0.17924527823925018 1
vt 0.18396227061748505 0
vt 0.18396227061748505 0.25
vt 0.18396227061748505 0.5
vt 0.18396227061748505 0.75
vt 0.18396227061748505 1
vt 0.18867924809455872 0
vt 0.18867924809455872 0.25
vt 0.18867924809455872 0.5
vt 0.18867924809455872 0.75
vt 0.18867924809455872 1
vt 0.19339622557163239 0
vt 0.19339622557163239 0.25
vt 0.19339622557163239 0.5
vt 0.19339622557163239 0.75
vt 0.19339622557163239 1
vt 0.19811320304870605 0
vt 0.19811320304870605 0.25
vt 0.19811320304870605 0.5
vt 0.19811320304870605 0.75
vt 0.19811320304870605 1
vt 0.20283019542694092 0
vt 0.20283019542694092 0.25
vt 0.20283019542694092 0.5
vt 0.20283019542694092 0.75
vt 0.20283019542694092 1
vt 0.2075471729040146 0
vt 0.2075471729040146 0.25
vt 0.2075471729040146 0.5
vt 0.2075471729040146 0.75
vt 0.2075471729040146 1
vt 0.21226415038108826 0
vt 0.21226415038108826 0.25
vt 0.21226415038108826 0.5
vt 0.21226415038108826 0.75
vt 0.21226415038108826 1
vt 0.21698112785816193 0
vt 0.21698112785816193 0.25
vt 0.21698112785816193 0.5
vt 0.21698112785816193 0.75
vt 0.21698112785816193 1
vt 0.2216981202363968 0
vt 0.2216981202363968 0.25
vt 0.2216981202363968 0.5
vt 0.2216981202363968 0.75
vt 0.2216981202363968 1
vt 0.22641509771347046 0
vt 0.22641509771347046 0.25
vt 0.22641509771347046 0.5
vt 0.22641509771347046 0.75
vt 0.22641509771347046 1
vt 0.23113207519054413 0
vt 0.23113207519054413 0.25
vt 0.23113207519054413 0.5
vt 0.23113207519054413 0.75
vt 0.23113207519054413 1
vt 0.2358490526676178 0
vt 0.2358490526676178 0.25
vt 0.2358490526676178 0.5
vt 0.2358490526676178 0.75
vt 0.2358490526676178 1
vt 0.24056604504585266 0
vt 0.24056604504585266 0.25
vt 0.24056604504585266 0.5
vt 0.24056604504585266 0.75
vt 0.24056604504585266 1
vt 0.24528302252292633 0
vt 0.24528302252292633 0.25
vt 0.24528302252292633 0.5
vt 0.24528302252292633 0.75
vt 0.24528302252292633 1
vt 0.25 0
vt 0.25 0.25
vt 0.25 0.5
vt 0.25 0.75
vt 0.25 1
vt 0.25471699237823486 0
vt 0.25471699237823486 0.25
vt 0.25471699237823486 0.5
vt 0.25471699237823486 0.75
vt 0.25471699237823486 1
vt 0.25943395495414734 0
vt 0.25943395495414734 0.25
vt 0.25943395495414734 0.5
vt 0.25943395495414734 0.75
vt 0.25943395495414734 1
vt 0.2641509473323822 0
vt 0.2641509473323822 0.25
vt 0.2641509473323822 0.5
vt 0.2641509473323822 0.75
vt 0.2641509473323822 1
vt 0.2688679099082947 0
vt 0.2688679099082947 0.25
vt 0.2688679099082947 0.5
vt 0.2688679099082947 0.75
vt 0.2688679099082947 1
vt 0.27358490228652954 0
vt 0.27358490228652954 0.25
vt 0.27358490228652954 0.5
vt 0.27358490228652954 0.75
vt 0.27358490228652954 1
vt 0.2783018946647644 0
vt 0.2783018946647644 0.25
vt 0.2783018946647644 0.5
vt 0.2783018946647644 0.75
vt 0.2783018946647644 1
vt 0.2830188572406769 0
vt 0.2830188572406769 0.25
vt 0.2830188572406769 0.5
vt 0.2830188572406769 0.75
vt 0.2830188572406769 1
vt 0.28773584961891174 0
vt 0.28773584961891174 0.25
vt 0.28773584961891174 0.5
vt 0.28773584961891174 0.75
vt 0.28773584961891174 1
vt 0.2924528419971466 0
vt 0.2924528419971466 0.25
vt 0.2924528419971466 0.5
vt 0.2924528419971466 0.75
vt 0.2924528419971466 1
vt 0.2971698045730591 0
vt 0.2971698045730591 0.25
vt 0.2971698045730591 0.5
vt 0.2971698045730591 0.75
vt 0.2971698045730591 1
vt 0.30188679695129395 0
vt 0.30188679695129395 0.25
vt 0.30188679695129395 0.5
vt 0.30188679695129395 0.75
vt 0.30188679695129395 1
vt 0.3066037595272064 0
vt 0.3066037595272064 0.25
vt 0.3066037595272064 0.5
vt 0.3066037595272064 0.75
vt 0.3066037595272064 1
vt 0.3113207519054413 0
vt 0.3113207519054413 0.25
vt 0.3113207519054413 0.5
vt 0.3113207519054413 0.75
vt 0.3113207519054413 1
vt 0.31603774428367615 0
vt 0.31603774428367615 0.25
vt 0.31603774428367615 0.5
vt 0.31603774428367615 0.75
vt 0.31603774428367615 1
vt 0.3207547068595886 0
vt 0.3207547068595886 0.25
vt 0.3207547068595886 0.5
vt 0.3207547068595886 0.75
vt 0.3207547068595886 1
vt 0.3254716992378235 0
vt 0.3254716992378235 0.25
vt 0.3254716992378235 0.5
vt 0.3254716992378235 0.75
vt 0.3254716992378235 1
vt 0.33018869161605835 0
vt 0.33018869161605835 0.25
vt 0.33018869161605835 0.5
vt 0.33018869161605835 0.75
vt 0.33018869161605835 1
vt 0.3349056541919708 0
vt 0.3349056541919708 0.25
vt 0.3349056541919708 0.5
vt 0.3349056541919708 0.75
vt 0.3349056541919708 1
vt 0.3396226465702057 0
vt 0.3396226465702057 0.25
vt 0.3396226465702057 0.5
vt 0.3396226465702057 0.75
vt 0.3396226465702057 1
vt 0.34433960914611816 0
vt 0.34433960914611816 0.25
vt 0.34433960914611816 0.5
vt 0.34433960914611816 0.75
vt 0.34433960914611816 1
vt 0.349056601524353 0
vt 0.349056601524353 0.25
vt 0.349056601524353 0.5
vt 0.349056601524353 0.75
vt 0.349056601524353 1
vt 0.3537735939025879 0
vt 0.3537735939025879 0.25
vt 0.3537735939025879 0.5
vt 0.3537735939025879 0.75
vt 0.3537735939025879 1
vt 0.35849055647850037 0
vt 0.35849055647850037 0.25
vt 0.35849055647850037 0.5
vt 0.35849055647850037 0.75
vt 0.35849055647850037 1
vt 0.36320754885673523 0
vt 0.36320754885673523 0.25
vt 0.36320754885673523 0.5
vt 0.36320754885673523 0.75
vt 0.36320754885673523 1
vt 0.3679245412349701 0
vt 0.3679245412349701 0.25
vt 0.3679245412349701 0.5
vt 0.3679245412349701 0.75
vt 0.3679245412349701 1
vt 0.37264150381088257 0
vt 0.37264150381088257 0.25
vt 0.37264150381088257 0.5
vt 0.37264150381088257 0.75
vt 0.37264150381088257 1
vt 0.37735849618911743 0
vt 0.37735849618911743 0.25
vt 0.37735849618911743 0.5
vt 0.37735849618911743 0.75
vt 0.37735849618911743 1
vt 0.3820754587650299 0
vt 0.3820754587650299 0.25
vt 0.3820754587650299 0.5
vt 0.3820754587650299 0.75
vt 0.3820754587650299 1
vt 0.38679245114326477 0
vt 0.38679245114326477 0.25
vt 0.38679245114326477 0.5
vt 0.38679245114326477 0.75
vt 0.38679245114326477 1
vt 0.39150944352149963 0
vt 0.39150944352149963 0.25
vt 0.39150944352149963 0.5
vt 0.39150944352149963 0.75
vt 0.39150944352149963 1
vt 0.3962264060974121 0
vt 0.3962264060974121 0.25
vt 0.3962264060974121 0.5
vt 0.3962264060974121 0.75
vt 0.3962264060974121 1
vt 0.400943398475647 0
vt 0.400943398475647 0.25
vt 0.400943398475647 0.5
vt 0.400943398475647 0.75
vt 0.400943398475647 1
vt 0.40566039085388184 0
vt 0.40566039085388184 0.25
vt 0.40566039085388184 0.5
vt 0.40566039085388184 0.75
vt 0.40566039085388184 1
vt 0.4103773534297943 0
vt 0.4103773534297943 0.25
vt 0.4103773534297943 0.5
vt 0.4103773534297943 0.75
vt 0.4103773534297943 1
vt 0.4150943458080292 0
vt 0.4150943458080292 0.25
vt 0.4150943458080292 0.5
vt 0.4150943458080292 0.75
vt 0.4150943458080292 1
vt 0.41981130838394165 0
vt 0.41981130838394165 0.25
vt 0.41981130838394165 0.5
vt 0.41981130838394165 0.75
vt 0.41981130838394165 1
vt 0.4245283007621765 0
vt 0.4245283007621765 0.25
vt 0.4245283007621765 0.5
vt 0.4245283007621765 0.75
vt 0.4245283007621765 1
vt 0.4292452931404114 0
vt 0.4292452931404114 0.25
vt 0.4292452931404114 0.5
vt 0.4292452931404114 0.75
vt 0.4292452931404114 1
vt 0.43396225571632385 0
vt 0.43396225571632385 0.25
vt 0.43396225571632385 0.5
vt 0.43396225571632385 0.75
vt 0.43396225571632385 1
vt 0.4386792480945587 0
vt 0.4386792480945587 0.25
vt 0.4386792480945587 0.5
vt 0.4386792480945587 0.75
vt 0.4386792480945587 1
vt 0.4433962404727936 0
vt 0.4433962404727936 0.25
vt 0.4433962404727936 0.5
vt 0.4433962404727936 0.75
vt 0.4433962404727936 1
vt 0.44811320304870605 0
vt 0.44811320304870605 0.25
vt 0.44811320304870605 0.5
vt 0.44811320304870605 0.75
vt 0.44811320304870605 1
vt 0.4528301954269409 0
vt 0.4528301954269409 0.25
vt 0.4528301954269409 0.5
vt 0.4528301954269409 0.75
vt 0.4528301954269409 1
vt 0.4575471580028534 0
vt 0.4575471580028534 0.25
vt 0.4575471580028534 0.5
vt 0.4575471580028534 0.75
vt 0.4575471580028534 1
vt 0.46226415038108826 0
vt 0.46226415038108826 0.25
vt 0.46226415038108826 0.5
vt 0.46226415038108826 0.75
vt 0.46226415038108826 1
vt 0.4669811427593231 0
vt 0.4669811427593231 0.25
vt 0.4669811427593231 0.5
vt 0.4669811427593231 0.75
vt 0.4669811427593231 1
vt 0.4716981053352356 0
vt 0.4716981053352356 0.25
vt 0.4716981053352356 0.5
vt 0.4716981053352356 0.75
vt 0.4716981053352356 1
vt 0.47641509771347046 0
vt 0.47641509771347046 0.25
vt 0.47641509771347046 0.5
vt 0.47641509771347046 0.75
vt 0.47641509771347046 1
vt 0.4811320900917053 0
vt 0.4811320900917053 0.25
vt 0.4811320900917053 0.5
vt 0.4811320900917053 0.75
vt 0.4811320900917053 1
vt 0.4858490526676178 0
vt 0.4858490526676178 0.25
vt 0.4858490526676178 0.5
vt 0.4858490526676178 0.75
vt 0.4858490526676178 1
vt 0.49056604504585266 0
vt 0.49056604504585266 0.25
vt 0.49056604504585266 0.5
vt 0.49056604504585266 0.75
vt 0.49056604504585266 1
vt 0.49528300762176514 0
vt 0.49528300762176514 0.25
vt 0.49528300762176514 0.5
vt 0.49528300762176514 0.75
vt 0.49528300762176514 1
vt 0.5 0
vt 0.5 0.25
vt 0.5 0.5
vt 0.5 0.75
vt 0.5 1
vt 0.5047169923782349 0
vt 0.5047169923782349 0.25
vt 0.5047169923782349 0.5
vt 0.5047169923782349 0.75
vt 0.5047169923782349 1
vt 0.5094339847564697 0
vt 0.5094339847564697 0.25
vt 0.5094339847564697 0.5
vt 0.5094339847564697 0.75
vt 0.5094339847564697 1
vt 0.5141509175300598 0
vt 0.5141509175300598 0.25
vt 0.5141509175300598 0.5
vt 0.5141509175300598 0.75
vt 0.5141509175300598 1
vt 0.5188679099082947 0
vt 0.5188679099082947 0.25
vt 0.5188679099082947 0.5
vt 0.5188679099082947 0.75
vt 0.5188679099082947 1
vt 0.5235849022865295 0
vt 0.5235849022865295 0.25
vt 0.5235849022865295 0.5
vt 0.5235849022865295 0.75
vt 0.5235849022865295 1
vt 0.5283018946647644 0
vt 0.5283018946647644 0.25
vt 0.5283018946647644 0.5
vt 0.5283018946647644 0.75
vt 0.5283018946647644 1
vt 0.5330188870429993 0
vt 0.5330188870429993 0.25
vt 0.5330188870429993 0.5
vt 0.5330188870429993 0.75
vt 0.5330188870429993 1
vt 0.5377358198165894 0
vt 0.5377358198165894 0.25
vt 0.5377358198165894 0.5
vt 0.5377358198165894 0.75
vt 0.5377358198165894 1
vt 0.5424528121948242 0
vt 0.5424528121948242 0.25
vt 0.5424528121948242 0.5
vt 0.5424528121948242 0.75
vt 0.5424528121948242 1
vt 0.5471698045730591 0
vt 0.5471698045730591 0.25
vt 0.5471698045730591 0.5
vt 0.5471698045730591 0.75
vt 0.5471698045730591 1
vt 0.551886796951294 0
vt 0.551886796951294 0.25
vt 0.551886796951294 0.5
vt 0.551886796951294 0.75
vt 0.551886796951294 1
vt 0.5566037893295288 0
vt 0.5566037893295288 0.25
vt 0.5566037893295288 0.5
vt 0.5566037893295288 0.75
vt 0.5566037893295288 1
vt 0.5613207817077637 0
vt 0.5613207817077637 0.25
vt 0.5613207817077637 0.5
vt 0.5613207817077637 0.75
vt 0.5613207817077637 1
vt 0.5660377144813538 0
vt 0.5660377144813538 0.25
vt 0.5660377144813538 0.5
vt 0.5660377144813538 0.75
vt 0.5660377144813538 1
vt 0.5707547068595886 0
vt 0.5707547068595886 0.25
vt 0.5707547068595886 0.5
vt 0.5707547068595886 0.75
vt 0.5707547068595886 1
vt 0.5754716992378235 0
vt 0.5754716992378235 0.25
vt 0.5754716992378235 0.5
vt 0.5754716992378235 0.75
vt 0.5754716992378235 1
vt 0.5801886916160583 0
vt 0.5801886916160583 0.25
vt 0.5801886916160583 0.5
vt 0.5801886916160583 0.75
vt 0.5801886916160583 1
vt 0.5849056839942932 0
vt 0.5849056839942932 0.25
vt 0.5849056839942932 0.5
vt 0.5849056839942932 0.75
vt 0.5849056839942932 1
vt 0.5896226167678833 0
vt 0.5896226167678833 0.25
vt 0.5896226167678833 0.5
vt 0.5896226167678833 0.75
vt 0.5896226167678833 1
vt 0.5943396091461182 0
vt 0.5943396091461182 0.25
vt 0.5943396091461182 0.5
vt 0.5943396091461182 0.75
vt 0.5943396091461182 1
vt 0.599056601524353 0
vt 0.599056601524353 0.25
vt 0.599056601524353 0.5
vt 0.599056601524353 0.75
vt 0.599056601524353 1
vt 0.6037735939025879 0
vt 0.6037735939025879 0.25
vt 0.6037735939025879 0.5
vt 0.6037735939025879 0.75
vt 0.6037735939025879 1
vt 0.6084905862808228 0
vt 0.6084905862808228 0.25
vt 0.6084905862808228 0.5
vt 0.6084905862808228 0.75
vt 0.6084905862808228 1
vt 0.6132075190544128 0
vt 0.6132075190544128 0.25
vt 0.6132075190544128 0.5
vt 0.6132075190544128 0.75
vt 0.6132075190544128 1
vt 0.6179245114326477 0
vt 0.6179245114326477 0.25
vt 0.6179245114326477 0.5
vt 0.6179245114326477 0.75
vt 0.6179245114326477 1
vt 0.6226415038108826 0
vt 0.6226415038108826 0.25
vt 0.6226415038108826 0.5
vt 0.6226415038108826 0.75
vt 0.6226415038108826 1
vt 0.6273584961891174 0
vt 0.6273584961891174 0.25
vt 0.6273584961891174 0.5
vt 0.6273584961891174 0.75
vt 0.6273584961891174 1
vt 0.6320754885673523 0
vt 0.6320754885673523 0.25
vt 0.6320754885673523 0.5
vt 0.6320754885673523 0.75
vt 0.6320754885673523 1
vt 0.6367924809455872 0
vt 0.6367924809455872 0.25
vt 0.6367924809455872 0.5
vt 0.6367924809455872 0.75
vt 0.6367924809455872 1
vt 0.6415094137191772 0
vt 0.6415094137191772 0.25
vt 0.6415094137191772 0.5
vt 0.6415094137191772 0.75
vt 0.6415094137191772 1
vt 0.6462264060974121 0
vt 0.6462264060974121 0.25
vt 0.6462264060974121 0.5
vt 0.6462264060974121 0.75
vt 0.6462264060974121 1
vt 0.650943398475647 0
vt 0.650943398475647 0.25
vt 0.650943398475647 0.5
vt 0.650943398475647 0.75
vt 0.650943398475647 1
vt 0.6556603908538818 0
vt 0.6556603908538818 0.25
vt 0.6556603908538818 0.5
vt 0.6556603908538818 0.75
vt 0.6556603908538818 1
vt 0.6603773832321167 0
vt 0.6603773832321167 0.25
vt 0.6603773832321167 0.5
vt 0.6603773832321167 0.75
vt 0.6603773832321167 1
vt 0.6650943160057068 0
vt 0.6650943160057068 0.25
vt 0.6650943160057068 0.5
vt 0.6650943160057068 0.75
vt 0.6650943160057068 1
vt 0.6698113083839417 0
vt 0.6698113083839417 0.25
vt 0.6698113083839417 0.5
vt 0.6698113083839417 0.75
vt 0.6698113083839417 1
vt 0.6745283007621765 0
vt 0.6745283007621765 0.25
vt 0.6745283007621765 0.5
vt 0.6745283007621765 0.75
vt 0.6745283007621765 1
vt 0.6792452931404114 0
vt 0.6792452931404114 0.25
vt 0.6792452931404114 0.5
vt 0.6792452931404114 0.75
vt 0.6792452931404114 1
vt 0.6839622855186462 0
vt 0.6839622855186462 0.25
vt 0.6839622855186462 0.5
vt 0.6839622855186462 0.75
vt 0.6839622855186462 1
vt 0.6886792182922363 0
vt 0.6886792182922363 0.25
vt 0.6886792182922363 0.5
vt 0.6886792182922363 0.75
vt 0.6886792182922363 1
vt 0.6933962106704712 0
vt 0.6933962106704712 0.25
vt 0.6933962106704712 0.5
vt 0.6933962106704712 0.75
vt 0.6933962106704712 1
vt 0.698113203048706 0
vt 0.698113203048706 0.25
vt 0.698113203048706 0.5
vt 0.698113203048706 0.75
vt 0.698113203048706 1
vt 0.7028301954269409 0
vt 0.7028301954269409 0.25
vt 0.7028301954269409 0.5
vt 0.7028301954269409 0.75
vt 0.7028301954269409 1
vt 0.7075471878051758 0
vt 0.7075471878051758 0.25
vt 0.7075471878051758 0.5
vt 0.7075471878051758 0.75
vt 0.7075471878051758 1
vt 0.7122641801834106 0
vt 0.7122641801834106 0.25
vt 0.7122641801834106 0.5
vt 0.7122641801834106 0.75
vt 0.7122641801834106 1
vt 0.7169811129570007 0
vt 0.7169811129570007 0.25
vt 0.7169811129570007 0.5
vt 0.7169811129570007 0.75
vt 0.7169811129570007 1
vt 0.7216981053352356 0
vt 0.7216981053352356 0.25
vt 0.7216981053352356 0.5
vt 0.7216981053352356 0.75
vt 0.7216981053352356 1
vt 0.7264150977134705 0
vt 0.7264150977134705 0.25
vt 0.7264150977134705 0.5
vt 0.7264150977134705 0.75
vt 0.7264150977134705 1
vt 0.7311320900917053 0
vt 0.7311320900917053 0.25
vt 0.7311320900917053 0.5
vt 0.7311320900917053 0.75
vt 0.7311320900917053 1
vt 0.7358490824699402 0
vt 0.7358490824699402 0.25
vt 0.7358490824699402 0.5
vt 0.7358490824699402 0.75
vt 0.7358490824699402 1
vt 0.7405660152435303 0
vt 0.7405660152435303 0.25
vt 0.7405660152435303 0.5
vt 0.7405660152435303 0.75
vt 0.7405660152435303 1
vt 0.7452830076217651 0
vt 0.7452830076217651 0.25
vt 0.7452830076217651 0.5
vt 0.7452830076217651 0.75
vt 0.7452830076217651 1
vt 0.75 0
vt 0.75 0.25
vt 0.75 0.5
vt 0.75 0.75
vt 0.75 1
vt 0.7547169923782349 0
vt 0.7547169923782349 0.25
vt 0.7547169923782349 0.5
vt 0.7547169923782349 0.75
vt 0.7547169923782349 1
vt 0.7594339847564697 0
vt 0.7594339847564697 0.25
vt 0.7594339847564697 0.5
vt 0.7594339847564697 0.75
vt 0.7594339847564697 1
vt 0.7641509175300598 0
vt 0.7641509175300598 0.25
vt 0.7641509175300598 0.5
vt 0.7641509175300598 0.75
vt 0.7641509175300598 1
vt 0.7688679099082947 0
vt 0.7688679099082947 0.25
vt 0.7688679099082947 0.5
vt 0.7688679099082947 0.75
vt 0.7688679099082947 1
vt 0.7735849022865295 0
vt 0.7735849022865295 0.25
vt 0.7735849022865295 0.5
vt 0.7735849022865295 0.75
vt 0.7735849022865295 1
vt 0.7783018946647644 0
vt 0.7783018946647644 0.25
vt 0.7783018946647644 0.5
vt 0.7783018946647644 0.75
vt 0.7783018946647644 1
vt 0.7830188870429993 0
vt 0.7830188870429993 0.25
vt 0.7830188870429993 0.5
vt 0.7830188870429993 0.75
vt 0.7830188870429993 1
vt 0.7877358198165894 0
vt 0.7877358198165894 0.25
vt 0.7877358198165894 0.5
vt 0.7877358198165894 0.75
vt 0.7877358198165894 1
vt 0.7924528121948242 0
vt 0.7924528121948242 0.25
vt 0.7924528121948242 0.5
vt 0.7924528121948242 0.75
vt 0.7924528121948242 1
vt 0.7971698045730591 0
vt 0.7971698045730591 0.25
vt 0.7971698045730591 0.5
vt 0.7971698045730591 0.75
vt 0.7971698045730591 1
vt 0.801886796951294 0
vt 0.801886796951294 0.25
vt 0.801886796951294 0.5
vt 0.801886796951294 0.75
vt 0.801886796951294 1
vt 0.8066037893295288 0
vt 0.8066037893295288 0.25
vt 0.8066037893295288 0.5
vt 0.8066037893295288 0.75
vt 0.8066037893295288 1
vt 0.8113207817077637 0
vt 0.8113207817077637 0.25
vt 0.8113207817077637 0.5
vt 0.8113207817077637 0.75
vt 0.8113207817077637 1
vt 0.8160377144813538 0
vt 0.8160377144813538 0.25
vt 0.8160377144813538 0.5
vt 0.8160377144813538 0.75
vt 0.8160377144813538 1
vt 0.8207547068595886 0
vt 0.8207547068595886 0.25
vt 0.8207547068595886 0.5
vt 0.8207547068595886 0.75
vt 0.8207547068595886 1
vt 0.8254716992378235 0
vt 0.8254716992378235 0.25
vt 0.8254716992378235 0.5
vt 0.8254716992378235 0.75
vt 0.8254716992378235 1
vt 0.8301886916160583 0
vt 0.8301886916160583 0.25
vt 0.8301886916160583 0.5
vt 0.8301886916160583 0.75
vt 0.8301886916160583 1
vt 0.8349056839942932 0
vt 0.8349056839942932 0.25
vt 0.8349056839942932 0.5
vt 0.8349056839942932 0.75
vt 0.8349056839942932 1
vt 0.8396226167678833 0
vt 0.8396226167678833 0.25
vt 0.8396226167678833 0.5
vt 0.8396226167678833 0.75
vt 0.8396226167678833 1
vt 0.8443396091461182 0
vt 0.8443396091461182 0.25
vt 0.8443396091461182 0.5
vt 0.8443396091461182 0.75
vt 0.8443396091461182 1
vt 0.849056601524353 0
vt 0.849056601524353 0.25
vt 0.849056601524353 0.5
vt 0.849056601524353 0.75
vt 0.849056601524353 1
vt 0.8537735939025879 0
vt 0.8537735939025879 0.25
vt 0.8537735939025879 0.5
vt 0.8537735939025879 0.75
vt 0.8537735939025879 1
vt 0.8584905862808228 0
vt 0.8584905862808228 0.25
vt 0.8584905862808228 0.5
vt 0.8584905862808228 0.75
vt 0.8584905862808228 1
vt 0.8632075190544128 0
vt 0.8632075190544128 0.25
vt 0.8632075190544128 0.5
vt 0.8632075190544128 0.75
vt 0.8632075190544128 1
vt 0.8679245114326477 0
vt 0.8679245114326477 0.25
vt 0.8679245114326477 0.5
vt 0.8679245114326477 0.75
vt 0.8679245114326477 1
vt 0.8726415038108826 0
vt 0.8726415038108826 0.25
vt 0.8726415038108826 0.5
vt 0.8726415038108826 0.75
vt 0.8726415038108826 1
vt 0.8773584961891174 0
vt 0.8773584961891174 0.25
vt 0.8773584961891174 0.5
vt 0.8773584961891174 0.75
vt 0.8773584961891174 1
vt 0.8820754885673523 0
vt 0.8820754885673523 0.25
vt 0.8820754885673523 0.5
vt 0.8820754885673523 0.75
vt 0.8820754885673523 1
vt 0.8867924809455872 0
vt 0.8867924809455872 0.25
vt 0.8867924809455872 0.5
vt 0.8867924809455872 0.75
vt 0.8867924809455872 1
vt 0.8915094137191772 0
vt 0.8915094137191772 0.25
vt 0.8915094137191772 0.5
vt 0.8915094137191772 0.75
vt 0.8915094137191772 1
vt 0.8962264060974121 0
vt 0.8962264060974121 0.25
vt 0.8962264060974121 0.5
vt 0.8962264060974121 0.75
vt 0.8962264060974121 1
vt 0.900943398475647 0
vt 0.900943398475647 0.25
vt 0.900943398475647 0.5
vt 0.900943398475647 0.75
vt 0.900943398475647 1
vt 0.9056603908538818 0
vt 0.9056603908538818 0.25
vt 0.9056603908538818 0.5
vt 0.9056603908538818 0.75
vt 0.9056603908538818 1
vt 0.9103773832321167 0
vt 0.9103773832321167 0.25
vt 0.9103773832321167 0.5
vt 0.9103773832321167 0.75
vt 0.9103773832321167 1
vt 0.9150943160057068 0
vt 0.9150943160057068 0.25
vt 0.9150943160057068 0.5
vt 0.9150943160057068 0.75
vt 0.9150943160057068 1
vt 0.9198113083839417 0
vt 0.9198113083839417 0.25
vt 0.9198113083839417 0.5
vt 0.9198113083839417 0.75
vt 0.9198113083839417 1
vt 0.9245283007621765 0
vt 0.9245283007621765 0.25
vt 0.9245283007621765 0.5
vt 0.9245283007621765 0.75
vt 0.9245283007621765 1
vt 0.9292452931404114 0
vt 0.9292452931404114 0.25
vt 0.9292452931404114 0.5
vt 0.9292452931404114 0.75
vt 0.9292452931404114 1
vt 0.9339622855186462 0
vt 0.9339622855186462 0.25
vt 0.9339622855186462 0.5
vt 0.9339622855186462 0.75
vt 0.9339622855186462 1
vt 0.9386792182922363 0
vt 0.9386792182922363 0.25
vt 0.9386792182922363 0.5
vt 0.9386792182922363 0.75
vt 0.9386792182922363 1
vt 0.9433962106704712 0
vt 0.9433962106704712 0.25
vt 0.9433962106704712 0.5
vt 0.9433962106704712 0.75
vt 0.9433962106704712 1
vt 0.948113203048706 0
vt 0.948113203048706 0.25
vt 0.948113203048706 0.5
vt 0.948113203048706 0.75
vt 0.948113203048706 1
vt 0.9528301954269409 0
vt 0.9528301954269409 0.25
vt 0.9528301954269409 0.5
vt 0.9528301954269409 0.75
vt 0.9528301954269409 1
vt 0.9575471878051758 0
vt 0.9575471878051758 0.25
vt 0.9575471878051758 0.5
vt 0.9575471878051758 0.75
vt 0.9575471878051758 1
vt 0.9622641801834106 0
vt 0.9622641801834106 0.25
vt 0.9622641801834106 0.5
vt 0.9622641801834106 0.75
vt 0.9622641801834106 1
vt 0.9669811129570007 0
vt 0.9669811129570007 0.25
vt 0.9669811129570007 0.5
vt 0.9669811129570007 0.75
vt 0.9669811129570007 1
vt 0.9716981053352356 0
vt 0.9716981053352356 0.25
vt 0.9716981053352356 0.5
vt 0.9716981053352356 0.75
vt 0.9716981053352356 1
vt 0.9764150977134705 0
vt 0.9764150977134705 0.25
vt 0.9764150977134705 0.5
vt 0.9764150977134705 0.75
vt 0.9764150977134705 1
vt 0.9811320900917053 0
vt 0.9811320900917053 0.25
vt 0.9811320900917053 0.5
vt 0.9811320900917053 0.75
vt 0.9811320900917053 1
vt 0.9858490824699402 0
vt 0.9858490824699402 0.25
vt 0.9858490824699402 0.5
vt 0.9858490824699402 0.75
vt 0.9858490824699402 1
vt 0.9905660152435303 0
vt 0.9905660152435303 0.25
vt 0.9905660152435303 0.5
vt 0.9905660152435303 0.75
vt 0.9905660152435303 1
vt 0.9952830076217651 0
vt 0.9952830076217651 0.25
vt 0.9952830076217651 0.5
vt 0.9952830076217651 0.75
vt 0.9952830076217651 1
vt 1 0
vt 1 0.25
vt 1 0.5
vt 1 0.75
vt 1 1
vn 0.9705558023558725 0.22782251709177376 0.07821978790125257
vn 4.5551616508889845e-17 -0.3247299868384589 0.9458067644333563
vn -0.9705558023558725 -0.22782251709177376 -0.07821978790125257
vn -1.6441042250028248e-16 0.3247299868384589 -0.9458067644333563
vn 0.9705558023558725 0.22782251709177376 0.07821978790125257
vn 0.8816843671863673 0.4445700071072209 0.15808284359746483
vn 0.014945320484971715 -0.3611799406012749 0.9323763660147447
vn -0.8816843671863673 -0.4445700071072209 -0.15808284359746483
vn -0.014945320484971715 0.3611799406012749 -0.9323763660147447
vn 0.8816843671863673 0.4445700071072209 0.15808284359746483
vn 0.5646484446453205 0.7617590362971639 0.3176402124719674
vn 0.09740738551985989 -0.443681835276277 0.8908749801695298
vn -0.5646484446453205 -0.7617590362971639 -0.3176402124719674
vn -0.09740738551985989 0.443681835276277 -0.8908749801695298
vn 0.5646484446453205 0.7617590362971639 0.3176402124719674
vn 0.15929098572303385 0.8699181755102394 0.46676412649679966
vn 0.2829720610859343 -0.4931949561644199 0.8226089884378569
vn -0.15929098572303385 -0.8699181755102394 -0.46676412649679966
vn -0.2829720610859343 0.4931949561644199 -0.8226089884378569
vn 0.15929098572303385 0.8699181755102394 0.46676412649679966
vn -0.20760700992346778 0.7711805476748007 0.60181383526688
vn 0.5355474468426756 -0.4252232404934396 0.7296397247440342
vn 0.20760700992346778 -0.7711805476748007 -0.60181383526688
vn -0.5355474468426756 0.4252232404934396 -0.7296397247440342
vn -0.20760700992346778 0.7711805476748007 0.60181383526688
vn -0.4400235977205384 0.538300152513952 0.7187573855290322
vn 0.7638443929466645 -0.196470728241727 0.6147690593288726
vn 0.4400235977205384 -0.538300152513952 -0.7187573855290322
vn -0.7638443929466645 0.196470728241727 -0.6147690593288726
vn -0.4400235977205384 0.538300152513952 0.7187573855290322
vn -0.5092364067009043 0.27913994218739435 0.8141002240301677
vn 0.8606263987006524 0.16591951235290522 0.4814487691126853
vn 0.5092364067009043 -0.27913994218739435 -0.8141002240301677
vn -0.8606263987006524 -0.16591951235290522 -0.4814487691126853
vn -0.5092364067009043 0.27913994218739435 0.8141002240301677
vn -0.45749962046019566 0.08651986664498569 0.8849906270433098
vn 0.752783201870117 0.5674281290554956 0.33368063974218587
vn 0.45749962046019566 -0.08651986664498569 -0.8849906270433098
vn -0.752783201870117 -0.5674281290554956 -0.33368063974218587
vn -0.45749962046019566 0.08651986664498569 0.8849906270433098
vn -0.3693063959530736 -0.0016112323374376815 0.9293062949525881
vn 0.4387794749972227 0.8812106285706951 0.17589883574146326
vn 0.3693063959530736 0.0016112323374376815 -0.9293062949525881
vn -0.4387794749972227 -0.8812106285706951 -0.17589883574146326
vn -0.3693063959530736 -0.0016112323374376815 0.9293062949525881
vn -0.3247006476567276 -0.013559050611800214 0.9457196421550144
vn -0.00436301102160985 0.999908070956602 0.01283798156535498
vn 0.3247006476567276 0.013559050611800214 -0.9457196421550144
vn 0.00436301102160985 -0.999908070956602 -0.01283798156535498
vn -0.3247006476567276 -0.013559050611800214 0.9457196421550144
vn -0.3572617732522707 -0.022277571031964843 0.9337385796900323
vn -0.4485648347972099 0.880969121596131 -0.1506087506670614
vn 0.3572617732522707 0.022277571031964843 -0.9337385796900323
vn 0.4485648347972099 -0.880969121596131 0.1506087506670614
vn -0.3572617732522707 -0.022277571031964843 0.9337385796900323
vn -0.436906780509927 -0.10185285558265357 0.893721690994523
vn -0.764876737656467 0.5649341450947152 -0.3095367310968179
vn 0.436906780509927 0.10185285558265357 -0.893721690994523
vn 0.764876737656467 -0.5649341450947152 0.3095367310968179
vn -0.436906780509927 -0.10185285558265357 0.893721690994523
vn -0.48571261323710535 -0.28350406628405334 0.8268667980653167
vn -0.8741182468140366 0.15834638083714975 -0.4591772144418006
vn 0.48571261323710535 0.28350406628405334 -0.8268667980653167
vn 0.8741182468140366 -0.15834638083714975 0.4591772144418006
vn -0.48571261323710535 -0.28350406628405334 0.8268667980653167
vn -0.41916547309443525 -0.5327473420574077 0.7351738404597146
vn -0.775514219998967 -0.21096161816994188 -0.5950402425370181
vn 0.41916547309443525 0.5327473420574077 -0.7351738404597146
vn 0.775514219998967 0.21096161816994188 0.5950402425370181
vn -0.41916547309443525 -0.5327473420574077 0.7351738404597146
vn -0.19302499447745403 -0.7593577564530709 0.6213832546999776
vn -0.5409933391575009 -0.4459698550139208 -0.7130477511401881
vn 0.19302499447745403 0.7593577564530709 -0.6213832546999776
vn 0.5409933391575009 0.4459698550139208 0.7130477511401881
vn -0.19302499447745403 -0.7593577564530709 0.6213832546999776
vn 0.16691870917788945 -0.8562256658124509 0.488892374383578
vn -0.2785409045536658 -0.516600957668642 -0.8096532683971996
vn -0.16691870917788945 0.8562256658124509 -0.488892374383578
vn 0.2785409045536658 0.516600957668642 0.8096532683971996
vn 0.16691870917788945 -0.8562256658124509 0.488892374383578
vn 0.5671426018737101 -0.7494145580152425 0.34165346387053797
vn -0.08203956455396652 -0.4641589803752359 -0.8819444147931416
vn -0.5671426018737101 0.7494145580152425 -0.34165346387053797
vn 0.08203956455396652 0.4641589803752359 0.8819444147931416
vn 0.5671426018737101 -0.7494145580152425 0.34165346387053797
vn 0.8808567510671204 -0.43613558941866615 0.1840574142541121
vn 0.00909265032612483 -0.37315317782644863 -0.927725190769373
vn -0.8808567510671204 0.43613558941866615 -0.1840574142541121
vn -0.00909265032612483 0.37315317782644863 0.927725190769373
vn 0.8808567510671204 -0.43613558941866615 0.1840574142541121
vn 0.9997558241916041 0.007411218895004418 0.020817440511668724
vn 0.02209592080173412 -0.3246451657969003 -0.9455777528096918
vn -0.9997558241916041 -0.007411218895004418 -0.020817440511668724
vn -0.02209592080173412 0.3246451657969003 0.9455777528096918
vn 0.9997558241916041 0.007411218895004418 0.020817440511668724
vn 0.8802569606154402 0.4524420251944649 -0.14298215666997924
vn 0.029858283974333096 -0.35355329840095395 -0.9349377241655799
vn -0.8802569606154402 -0.4524420251944649 0.14298215666997924
vn -0.029858283974333096 0.35355329840095395 0.9349377241655799
vn 0.8802569606154402 0.4524420251944649 -0.14298215666997924
vn 0.5628579272552311 0.7692545074975966 -0.30238792373468726
vn 0.10705599097959495 -0.43060835830541877 -0.8961670918712029
vn -0.5628579272552311 -0.7692545074975966 0.30238792373468726
vn -0.10705599097959495 0.43060835830541877 0.8961670918712029
vn 0.5628579272552311 0.7692545074975966 -0.30238792373468726
vn 0.1544312089979001 0.8782194854520097 -0.45263841756953704
vn 0.2856532945403294 -0.4782566749773677 -0.830465380469197
vn -0.1544312089979001 -0.8782194854520097 0.45263841756953704
vn -0.2856532945403294 0.4782566749773677 0.830465380469197
vn 0.1544312089979001 0.8782194854520097 -0.45263841756953704
vn -0.2167060747505688 0.7783483533583604 -0.5892472469095887
vn 0.531903256150414 -0.4119920647276417 -0.7398252933619138
vn 0.2167060747505688 -0.7783483533583604 0.5892472469095887
vn -0.531903256150414 0.4119920647276417 0.7398252933619138
vn -0.2167060747505688 0.7783483533583604 -0.5892472469095887
vn -0.4529949559639969 0.5416116873482354 -0.7081330030431952
vn 0.7561920769339233 -0.18727823814700637 -0.6269771959959248
vn 0.4529949559639969 -0.5416116873482354 0.7081330030431952
vn -0.7561920769339233 0.18727823814700637 0.6269771959959248
vn -0.4529949559639969 0.5416116873482354 -0.7081330030431952
vn -0.5238703997834268 0.2763000680542205 -0.8057407006127877
vn 0.8517977692988562 0.17060743467907288 -0.4953116831346891
vn 0.5238703997834268 -0.2763000680542205 0.8057407006127877
vn -0.8517977692988562 -0.17060743467907288 0.4953116831346891
vn -0.5238703997834268 0.2763000680542205 -0.8057407006127877
vn -0.47031223479943224 0.07683435034403042 -0.8791489546175747
vn 0.7448898180829762 0.5687627962652035 -0.34878079147352314
vn 0.47031223479943224 -0.07683435034403042 0.8791489546175747
vn -0.7448898180829762 -0.5687627962652035 0.34878079147352314
vn -0.47031223479943224 0.07683435034403042 -0.8791489546175747
vn -0.37676531867420676 -0.016662882990782064 -0.9261588648686352
vn 0.43247114853902396 0.8810155833296368 -0.1917817708012864
vn 0.37676531867420676 0.016662882990782064 0.9261588648686352
vn -0.43247114853902396 -0.8810155833296368 0.1917817708012864
vn -0.37676531867420676 -0.016662882990782064 -0.9261588648686352
vn -0.324581051245325 -0.030645615824967477 -0.9453612999288624
vn -0.00983181957920405 0.999530304815125 -0.029025938054526967
vn 0.324581051245325 0.030645615824967477 0.9453612999288624
vn 0.00983181957920405 -0.999530304815125 0.029025938054526967
vn -0.324581051245325 -0.030645615824967477 -0.9453612999288624
vn -0.349533727667088 -0.0373245617036139 -0.9361800309325035
vn -0.45453855448571023 0.8804980526749672 0.1346026809600464
vn 0.349533727667088 0.0373245617036139 0.9361800309325035
vn 0.45453855448571023 -0.8804980526749672 -0.1346026809600464
vn -0.349533727667088 -0.0373245617036139 -0.9361800309325035
vn -0.4237596312850739 -0.11147311119972328 -0.8988890478655263
vn -0.772197787448438 0.5631698998517856 0.2941942231939075
vn 0.4237596312850739 0.11147311119972328 0.8988890478655263
vn 0.772197787448438 -0.5631698998517856 -0.2941942231939075
vn -0.4237596312850739 -0.11147311119972328 -0.8988890478655263
vn -0.4707027471883467 -0.2861396728812475 -0.8346035054999207
vn -0.8822914871896234 0.15353163926971633 0.44496041102088646
vn 0.4707027471883467 0.2861396728812475 0.8346035054999207
vn 0.8822914871896234 -0.15353163926971633 -0.44496041102088646
vn -0.4707027471883467 -0.2861396728812475 -0.8346035054999207
vn -0.40586384015818944 -0.5290412757484143 -0.7452448401743806
vn -0.782581042486797 -0.22000684157951736 0.5823777997129382
vn 0.40586384015818944 0.5290412757484143 0.7452448401743806
vn 0.782581042486797 0.22000684157951736 -0.5823777997129382
vn -0.40586384015818944 -0.5290412757484143 -0.7452448401743806
vn -0.18375952474347113 -0.751620766740595 -0.6334813809973691
vn -0.5442201429189981 -0.4588777069247949 0.702321640082852
vn 0.18375952474347113 0.751620766740595 0.6334813809973691
vn 0.5442201429189981 0.4588777069247949 -0.702321640082852
vn -0.18375952474347113 -0.751620766740595 -0.6334813809973691
vn 0.1716825560573864 -0.84727277619103 -0.5026469363988474
vn -0.27563050163070113 -0.5311570719994004 0.8011866146134943
vn -0.1716825560573864 0.84727277619103 0.5026469363988474
vn 0.27563050163070113 0.5311570719994004 -0.8011866146134943
vn 0.1716825560573864 -0.84727277619103 -0.5026469363988474
vn 0.5685421184899659 -0.7413278761398462 -0.3566410514241546
vn -0.07230515016149314 -0.4768777478544156 0.8759906271538666
vn -0.5685421184899659 0.7413278761398462 0.3566410514241546
vn 0.07230515016149314 0.4768777478544156 -0.8759906271538666
vn 0.5685421184899659 -0.7413278761398462 -0.3566410514241546
vn 0.880666889696747 -0.4295342755765814 -0.199815253413645
vn 0.02415977980232154 -0.38051515865142627 0.9244590413189668
vn -0.880666889696747 0.4295342755765814 0.199815253413645
vn -0.02415977980232154 0.38051515865142627 -0.9244590413189668
vn 0.880666889696747 -0.4295342755765814 -0.199815253413645
vn 0.9992323610149931 0.01314828929535994 -0.036902726037624255
vn 0.03917248536387557 -0.32446288973958626 0.9450869534451601
vn -0.9992323610149931 -0.01314828929535994 0.036902726037624255
vn -0.03917248536387557 0.32446288973958626 -0.9450869534451601
vn 0.9992323610149931 0.01314828929535994 -0.036902726037624255
vn 0.8795685950220339 0.4585028683693485 0.12702049577940222
vn 0.04490074516192415 -0.3457818628011841 0.9372400047168532
vn -0.8795685950220339 -0.4585028683693485 -0.12702049577940222
vn -0.04490074516192415 0.3457818628011841 -0.9372400047168532
vn 0.8795685950220339 0.4585028683693485 0.12702049577940222
vn 0.5609187037061867 0.7765165178066161 0.28704059888116584
vn 0.11666715853908238 -0.4174049781700704 0.9012002320889957
vn -0.5609187037061867 -0.7765165178066161 -0.28704059888116584
vn -0.11666715853908238 0.4174049781700704 -0.9012002320889957
vn 0.5609187037061867 0.7765165178066161 0.28704059888116584
vn 0.14953800924620045 0.8862644368034349 0.43837624462118546
vn 0.28824511285350035 -0.46317845767694665 0.8380814228105034
vn -0.14953800924620045 -0.8862644368034349 -0.43837624462118546
vn -0.28824511285350035 0.46317845767694665 -0.8380814228105034
vn 0.14953800924620045 0.8862644368034349 0.43837624462118546
vn -0.22573539290738462 0.7852926141579952 0.5765058911562402
vn 0.5281000150007884 -0.39864260053974515 0.7497962731242909
vn 0.22573539290738462 -0.7852926141579952 -0.5765058911562402
vn -0.5281000150007884 0.39864260053974515 -0.7497962731242909
vn -0.22573539290738462 0.7852926141579952 0.5765058911562402
vn -0.4658315237243545 0.5447692936011831 0.6973000847941395
vn 0.7483175368501804 -0.17803323201282054 0.6390031551890397
vn 0.4658315237243545 -0.5447692936011831 -0.6973000847941395
vn -0.7483175368501804 0.17803323201282054 -0.6390031551890397
vn -0.4658315237243545 0.5447692936011831 0.6973000847941395
vn -0.5383513377366291 0.2733830413833024 0.7971446229143101
vn 0.8427203305381192 0.17524427191671593 0.5090303425711509
vn 0.5383513377366291 -0.2733830413833024 -0.7971446229143101
vn -0.8427203305381192 -0.17524427191671593 -0.5090303425711509
vn -0.5383513377366291 0.2733830413833024 0.7971446229143101
vn -0.482988896218062 0.06712893427642128 0.8730495016394947
vn 0.7367790512626555 0.5699309839156786 0.36377919565776073
vn 0.482988896218062 -0.06712893427642128 -0.8730495016394947
vn -0.7367790512626555 -0.5699309839156786 -0.36377919565776073
vn -0.482988896218062 0.06712893427642128 0.8730495016394947
vn -0.38411650464532066 -0.03170831907273859 0.9227399922841986
vn 0.4260364111307107 0.8805632459927265 0.2076086370978269
vn 0.38411650464532066 0.03170831907273859 -0.9227399922841986
vn -0.4260364111307107 -0.8805632459927265 -0.2076086370978269
vn -0.38411650464532066 -0.03170831907273859 0.9227399922841986
vn -0.32436925124531785 -0.04772323735406515 0.9447259292847844
vn -0.015298268409842107 0.9988605748940471 0.045205253079640476
vn 0.32436925124531785 0.04772323735406515 -0.9447259292847844
vn 0.015298268409842107 -0.9988605748940471 -0.045205253079640476
vn -0.32436925124531785 -0.04772323735406515 0.9447259292847844
vn -0.3417059444736674 -0.05236204657793517 0.9383470912138691
vn -0.46038040740566305 0.8797692698903232 -0.11855763254064802
vn 0.3417059444736674 0.05236204657793517 -0.9383470912138691
vn 0.46038040740566305 -0.8797692698903232 0.11855763254064802
vn -0.3417059444736674 -0.05236204657793517 0.9383470912138691
vn -0.41049028216143524 -0.12106354762664816 0.9037927559385922
vn -0.7792942931882447 0.5612394078194226 -0.2787664465367698
vn 0.41049028216143524 0.12106354762664816 -0.9037927559385922
vn 0.7792942931882447 -0.5612394078194226 0.2787664465367698
vn -0.41049028216143524 -0.12106354762664816 0.9037927559385922
vn -0.45555541546500095 -0.288695905606995 0.8420949694222543
vn -0.8902070010789154 0.14866845450898544 -0.43061489275685016
vn 0.45555541546500095 0.288695905606995 -0.8420949694222543
vn 0.8902070010789154 -0.14866845450898544 0.43061489275685016
vn -0.45555541546500095 -0.288695905606995 0.8420949694222543
vn -0.3924405958811603 -0.5251861925760609 0.7550959156503897
vn -0.7894163065396821 -0.2289928178623558 -0.5695473503903821
vn 0.3924405958811603 0.5251861925760609 -0.7550959156503897
vn 0.7894163065396821 0.2289928178623558 0.5695473503903821
vn -0.3924405958811603 -0.5251861925760609 0.7550959156503897
vn -0.174431829717603 -0.7436694463308764 0.6453908051524261
vn -0.5472805069556983 -0.4716556512951885 -0.6913935155232693
vn 0.174431829717603 0.7436694463308764 -0.6453908051524261
vn 0.5472805069556983 0.4716556512951885 0.6913935155232693
vn -0.174431829717603 -0.7436694463308764 0.6453908051524261
vn 0.17641208050288157 -0.8380727397311724 0.5162488360976046
vn -0.27262818800574207 -0.5455576774906827 -0.7924901839364813
vn -0.17641208050288157 0.8380727397311724 -0.5162488360976046
vn 0.27262818800574207 0.5455576774906827 0.7924901839364813
vn 0.17641208050288157 -0.8380727397311724 0.5162488360976046
vn 0.5697967901818083 -0.7330129012379072 0.37151541625791873
vn -0.06253788755506635 -0.4894496308339683 -0.8697862217215457
vn -0.5697967901818083 0.7330129012379072 -0.37151541625791873
vn 0.06253788755506635 0.4894496308339683 0.8697862217215457
vn 0.5697967901818083 -0.7330129012379072 0.37151541625791873
vn 0.8802406551494694 -0.42277218756246315 0.21549957411949205
vn 0.03922731820577387 -0.38775101488996383 -0.9209290786798873
vn -0.8802406551494694 0.42277218756246315 -0.21549957411949205
vn -0.03922731820577387 0.38775101488996383 0.9209290786798873
vn 0.8802406551494694 -0.42277218756246315 0.21549957411949205
vn 0.9984171702549848 0.018846695706538664 0.0529901519244268
vn 0.05623852204968487 -0.3241811163489731 -0.9443218902685675
vn -0.9984171702549848 -0.018846695706538664 -0.0529901519244268
vn -0.05623852204968487 0.3241811163489731 0.9443218902685675
vn 0.9984171702549848 0.018846695706538664 0.0529901519244268
vn 0.8786356519933538 0.46440884845191366 -0.11101266831214061
vn 0.0599276121768949 -0.33790376575927944 -0.9392708482564939
vn -0.8786356519933538 -0.46440884845191366 0.11101266831214061
vn -0.0599276121768949 0.33790376575927944 0.9392708482564939
vn 0.8786356519933538 0.46440884845191366 -0.11101266831214061
vn 0.5588298962445304 0.7835436956233878 -0.2716034317017576
vn 0.12623937058283297 -0.40407641538720673 -0.9059723350316363
vn -0.5588298962445304 -0.7835436956233878 0.2716034317017576
vn -0.12623937058283297 0.40407641538720673 0.9059723350316363
vn 0.5588298962445304 0.7835436956233878 -0.2716034317017576
vn 0.1446117447048076 0.894050649291862 -0.42398216919374276
vn 0.29074806089976835 -0.4479647594529888 -0.8454543981618704
vn -0.1446117447048076 -0.894050649291862 0.42398216919374276
vn -0.29074806089976835 0.4479647594529888 0.8454543981618704
vn 0.1446117447048076 0.894050649291862 -0.42398216919374276
vn -0.23469288341154115 0.7920109526359158 -0.5635937378828175
vn 0.5241397493964881 -0.38517825874905287 -0.7595493611936187
vn 0.23469288341154115 -0.7920109526359158 0.5635937378828175
vn -0.5241397493964881 0.38517825874905287 0.7595493611936187
vn -0.23469288341154115 0.7920109526359158 -0.5635937378828175
vn -0.4785297243998127 0.547771695597138 -0.6862619560841732
vn 0.7402235661425859 -0.16873782407744134 -0.6508430063024135
vn 0.4785297243998127 -0.547771695597138 0.6862619560841732
vn -0.7402235661425859 0.16873782407744134 0.6508430063024135
vn -0.4785297243998127 0.547771695597138 -0.6862619560841732
vn -0.5526749473688598 0.2703895858063132 -0.7883145783494799
vn 0.8333967772117531 0.179829102454981 -0.5226005220465241
vn 0.5526749473688598 -0.2703895858063132 0.7883145783494799
vn -0.8333967772117531 -0.179829102454981 0.5226005220465241
vn -0.5526749473688598 0.2703895858063132 -0.7883145783494799
vn -0.4955258361581151 0.057406425384962635 -0.8666940913749912
vn 0.7284531789036823 0.5709325824588876 -0.378671298664086
vn 0.4955258361581151 -0.057406425384962635 0.8666940913749912
vn -0.7284531789036823 -0.5709325824588876 0.378671298664086
vn -0.4955258361581151 0.057406425384962635 -0.8666940913749912
vn -0.3913577776972078 -0.04674313195834987 -0.9190506892716132
vn 0.4194769619700357 0.879853856894069 -0.2233747274984798
vn 0.3913577776972078 0.04674313195834987 0.9190506892716132
vn -0.4194769619700357 -0.879853856894069 0.2233747274984798
vn -0.3913577776972078 -0.04674313195834987 -0.9190506892716132
vn -0.3240653183200917 -0.06478690169606306 -0.9438137140509891
vn -0.0207609557663859 0.9978990784267565 -0.06137110061499873
vn 0.3240653183200917 0.06478690169606306 0.9438137140509891
vn 0.0207609557663859 -0.9978990784267565 0.06137110061499873
vn -0.3240653183200917 -0.06478690169606306 -0.9438137140509891
vn -0.3337807324268929 -0.06738557599832408 -0.9402391221428414
vn -0.4660890050938507 0.8787827990804652 0.10247844344508299
vn 0.3337807324268929 0.06738557599832408 0.9402391221428414
vn 0.4660890050938507 -0.8787827990804652 -0.10247844344508299
vn -0.3337807324268929 -0.06738557599832408 -0.9402391221428414
vn -0.3971026334489276 -0.13062136180181488 -0.9084313723936255
vn -0.7861644605858902 0.5591427073698032 0.26325818829974307
vn 0.3971026334489276 0.13062136180181488 0.9084313723936255
vn 0.7861644605858902 -0.5591427073698032 -0.26325818829974307
vn -0.3971026334489276 -0.13062136180181488 -0.9084313723936255
vn -0.4402750711043277 -0.29117214550946574 -0.8493389449704362
vn -0.8978624537393209 0.143757346390716 0.41614521446714403
vn 0.4402750711043277 0.29117214550946574 0.8493389449704362
vn 0.8978624537393209 -0.143757346390716 -0.41614521446714403
vn -0.4402750711043277 -0.29117214550946574 -0.8493389449704362
vn -0.37889951117947496 -0.521183605154108 -0.7647240091343555
vn -0.7960173604546606 -0.2379179929858891 0.5565531335536267
vn 0.37889951117947496 0.521183605154108 0.7647240091343555
vn 0.7960173604546606 0.2379179929858891 -0.5565531335536267
vn -0.37889951117947496 -0.521183605154108 -0.7647240091343555
vn -0.16504396464336352 -0.7355065926718056 -0.6571077094899367
vn -0.5501720391560604 -0.4843006802528708 0.6802672845562023
vn 0.16504396464336352 0.7355065926718056 0.6571077094899367
vn 0.5501720391560604 0.4843006802528708 -0.6802672845562023
vn -0.16504396464336352 -0.7355065926718056 -0.6571077094899367
vn 0.1811072685731507 -0.8286283650490287 -0.5296934867507307
vn -0.26953265852795943 -0.5597984357146119 0.7835673917145379
vn -0.1811072685731507 0.8286283650490287 0.5296934867507307
vn 0.26953265852795943 0.5597984357146119 -0.7835673917145379
vn 0.1811072685731507 -0.8286283650490287 -0.5296934867507307
vn 0.5709067663971321 -0.7244718177443203 -0.386271988857865
vn -0.05273898808987544 -0.5018699877541719 0.8633337214118786
vn -0.5709067663971321 0.7244718177443203 0.386271988857865
vn 0.05273898808987544 0.5018699877541719 -0.8633337214118786
vn 0.5709067663971321 -0.7244718177443203 -0.386271988857865
vn 0.8795564806553621 -0.4158884005810938 -0.23112169002335836
vn 0.054287645455694235 -0.3948663436025184 0.9171332630762309
vn -0.8795564806553621 0.4158884005810938 0.23112169002335836
vn -0.054287645455694235 0.3948663436025184 -0.9171332630762309
vn 0.8795564806553621 -0.4158884005810938 -0.23112169002335836
vn 0.9973104597637913 0.024510351944675747 -0.06907307357634822
vn 0.07328900547913199 -0.32380142158785263 0.9432822276782096
vn -0.9973104597637913 -0.024510351944675747 0.06907307357634822
vn -0.07328900547913199 0.32380142158785263 -0.9432822276782096
vn 0.9973104597637913 0.024510351944675747 -0.06907307357634822
vn 0.8774569489296722 0.4701606853576568 0.0949643760525453
vn 0.07493527156591451 -0.3299227323005344 0.9410290621371333
vn -0.8774569489296722 -0.4701606853576568 -0.0949643760525453
vn -0.07493527156591451 0.3299227323005344 -0.9410290621371333
vn 0.8774569489296722 0.4701606853576568 0.0949643760525453
vn 0.5565902510162257 0.7903350477225957 0.25608163701252973
vn 0.13577112681804326 -0.39062732821493945 0.9104814614116075
vn -0.5565902510162257 -0.7903350477225957 -0.25608163701252973
vn -0.13577112681804326 0.39062732821493945 -0.9104814614116075
vn 0.5565902510162257 0.7903350477225957 0.25608163701252973
vn 0.13965241565627826 0.9015758008273017 0.409460960488269
vn 0.29316270382454124 -0.4326200489810685 0.8525816807238484
vn -0.13965241565627826 -0.9015758008273017 -0.409460960488269
vn -0.29316270382454124 0.4326200489810685 -0.8525816807238484
vn 0.13965241565627826 0.9015758008273017 0.409460960488269
vn -0.24357673149639725 0.798500942773087 0.5505148683405593
vn 0.520024542484283 -0.37160238941189916 0.769081360713793
vn 0.24357673149639725 -0.798500942773087 -0.5505148683405593
vn -0.520024542484283 0.37160238941189916 -0.769081360713793
vn -0.24357673149639725 0.798500942773087 0.5505148683405593
vn -0.4910861663292699 0.550617588150578 0.6750219617606977
vn 0.7319128919774934 -0.15939391736526126 0.6624930925406681
vn 0.4910861663292699 -0.550617588150578 -0.6750219617606977
vn -0.7319128919774934 0.15939391736526126 -0.6624930925406681
vn -0.4910861663292699 0.550617588150578 0.6750219617606977
vn -0.5668371888712611 0.26732018462148033 0.7792531810691977
vn 0.8238297762980091 0.18436138470856894 0.5360180775991714
vn 0.5668371888712611 -0.26732018462148033 -0.7792531810691977
vn -0.8238297762980091 -0.18436138470856894 -0.5360180775991714
vn -0.5668371888712611 0.26732018462148033 0.7792531810691977
vn -0.5079194231447243 0.047669424894575804 0.860084580446918
vn 0.7199142521904739 0.5717678623736013 0.3934526414319176
vn 0.5079194231447243 -0.047669424894575804 -0.860084580446918
vn -0.7199142521904739 -0.5717678623736013 -0.3934526414319176
vn -0.5079194231447243 0.047669424894575804 0.860084580446918
vn -0.3984869207159472 -0.06176306811053888 0.9150920704693576
vn 0.4127942080588296 0.8788879034639833 0.2390752913576973
vn 0.3984869207159472 0.06176306811053888 -0.9150920704693576
vn -0.4127942080588296 -0.8788879034639833 -0.2390752913576973
vn -0.3984869207159472 -0.06176306811053888 0.9150920704693576
vn -0.3236692336052175 -0.08183170328117775 0.94262495169368
vn -0.026218968987920623 0.9966460915333027 0.07751860355167414
vn 0.3236692336052175 0.08183170328117775 -0.94262495169368
vn 0.026218968987920623 -0.9966460915333027 -0.07751860355167414
vn -0.3236692336052175 -0.08183170328117775 0.94262495169368
vn -0.32576030262927763 -0.0823908293394232 0.941855602771276
vn -0.4716634199423288 0.8775385106079333 -0.08637002193073896
vn 0.32576030262927763 0.0823908293394232 -0.941855602771276
vn 0.4716634199423288 -0.8775385106079333 0.08637002193073896
vn -0.32576030262927763 -0.0823908293394232 0.941855602771276
vn -0.3836006162769876 -0.1401438839658868 0.9128035160859489
vn -0.7928068204341764 0.5568795318333377 -0.24767424673981342
vn 0.3836006162769876 0.1401438839658868 -0.9128035160859489
vn 0.7928068204341764 -0.5568795318333377 0.24767424673981342
vn -0.3836006162769876 -0.1401438839658868 0.9128035160859489
vn -0.4248661936918712 -0.29356804089223004 0.8563331844699698
vn -0.9052556309135642 0.1387983434859532 -0.40155605156047647
vn 0.4248661936918712 0.29356804089223004 -0.8563331844699698
vn 0.9052556309135642 -0.1387983434859532 0.40155605156047647
vn -0.4248661936918712 -0.29356804089223004 0.8563331844699698
vn -0.36524421239386656 -0.5170353092194576 0.7741260584253211
vn -0.8023813882828583 -0.2467813169160015 -0.5433995669472667
vn 0.36524421239386656 0.5170353092194576 -0.7741260584253211
vn 0.8023813882828583 0.2467813169160015 0.5433995669472667
vn -0.36524421239386656 -0.5170353092194576 0.7741260584253211
vn -0.15559768190048673 -0.7271351586822333 0.6686283140844084
vn -0.5528919211106198 -0.49681026735005984 -0.6689469947807303
vn 0.15559768190048673 0.7271351586822333 -0.6686283140844084
vn 0.5528919211106198 0.49681026735005984 0.6689469947807303
vn -0.15559768190048673 -0.7271351586822333 0.6686283140844084
vn 0.18576862256948898 -0.8189424425786264 0.542976329697702
vn -0.266342160195801 -0.5738751826002706 -0.774421802700402
vn -0.18576862256948898 0.8189424425786264 -0.542976329697702
vn 0.266342160195801 0.5738751826002706 0.774421802700402
vn 0.18576862256948898 -0.8189424425786264 0.542976329697702
vn 0.5718753908549944 -0.7157050935482558 0.4009049218998561
vn -0.04290800803445267 -0.5141332612881201 -0.8566363828858524
vn -0.5718753908549944 0.7157050935482558 -0.4009049218998561
vn 0.04290800803445267 0.5141332612881201 0.8566363828858524
vn 0.5718753908549944 -0.7157050935482558 0.4009049218998561
vn 0.8785932264616138 -0.40892137030414355 0.24669263329972518
vn 0.06933144408288273 -0.4018696803016918 -0.9130684042915942
vn -0.8785932264616138 0.40892137030414355 -0.24669263329972518
vn -0.06933144408288273 0.4018696803016918 0.9130684042915942
vn 0.8785932264616138 -0.40892137030414355 0.24669263329972518
vn 0.9959125253387432 0.030138925777343773 0.08514626842319438
vn 0.09031889365062934 -0.323325447220864 -0.9419677025403548
vn -0.9959125253387432 -0.030138925777343773 -0.08514626842319438
vn -0.09031889365062934 0.323325447220864 0.9419677025403548
vn 0.9959125253387432 0.030138925777343773 0.08514626842319438
vn 0.8760316566408564 0.47575865252072025 -0.07888118352779222
vn 0.08991990087370426 -0.32184230740613157 -0.9425136288618646
vn -0.8760316566408564 -0.47575865252072025 0.07888118352779222
vn -0.08991990087370426 0.32184230740613157 0.9425136288618646
vn 0.8760316566408564 0.47575865252072025 -0.07888118352779222
vn 0.5541990943115784 0.7968892975957167 -0.24048037600110253
vn 0.14526057478239765 -0.37706229700416566 -0.9147258548832158
vn -0.5541990943115784 -0.7968892975957167 0.24048037600110253
vn -0.14526057478239765 0.37706229700416566 0.9147258548832158
vn 0.5541990943115784 0.7968892975957167 -0.24048037600110253
vn 0.1346605138633288 0.9088376872139288 -0.3948171783315681
vn 0.29548930421748365 -0.4171488782279591 -0.8594608103259989
vn -0.1346605138633288 -0.9088376872139288 0.3948171783315681
vn -0.29548930421748365 0.4171488782279591 0.8594608103259989
vn 0.1346605138633288 0.9088376872139288 -0.3948171783315681
vn -0.2523848067570837 0.8047603809114567 -0.5372733369835474
vn 0.5157561954823775 -0.3579186538392068 -0.778389224010375
vn 0.2523848067570837 -0.8047603809114567 0.5372733369835474
vn -0.5157561954823775 0.3579186538392068 0.778389224010375
vn -0.2523848067570837 0.8047603809114567 -0.5372733369835474
vn -0.5034973032127265 0.5533058650819584 -0.663583517971489
vn 0.7233881911868254 -0.15000381985917247 -0.6739498340968041
vn 0.5034973032127265 -0.5533058650819584 0.663583517971489
vn -0.7233881911868254 0.15000381985917247 0.6739498340968041
vn -0.5034973032127265 0.5533058650819584 -0.663583517971489
vn -0.580833790524119 0.26417565247416147 -0.7699632019942478
vn 0.8140221301835664 0.1888400778050472 -0.5492789788313336
vn 0.580833790524119 -0.26417565247416147 0.7699632019942478
vn -0.8140221301835664 -0.1888400778050472 0.5492789788313336
vn -0.580833790524119 0.26417565247416147 -0.7699632019942478
vn -0.5201659207854059 0.037920750716065627 -0.8532229670599596
vn 0.711164657697787 0.5724367534740572 -0.4081188465553518
vn 0.5201659207854059 -0.037920750716065627 0.8532229670599596
vn -0.711164657697787 -0.5724367534740572 0.4081188465553518
vn -0.5201659207854059 0.037920750716065627 -0.8532229670599596
vn -0.405501787923067 -0.07676374262404391 -0.9108653181505736
vn 0.40598992097008607 0.8776657707525327 -0.2547056711580365
vn 0.405501787923067 0.07676374262404391 0.9108653181505736
vn -0.40598992097008607 -0.8776657707525327 0.2547056711580365
vn -0.405501787923067 -0.07676374262404391 -0.9108653181505736
vn -0.3231810317794003 -0.09885261166371244 -0.9411600192662593
vn -0.03167097620196179 0.9951019811450396 -0.09364291958088539
vn 0.3231810317794003 0.09885261166371244 0.9411600192662593
vn 0.03167097620196179 -0.9951019811450396 0.09364291958088539
vn -0.3231810317794003 -0.09885261166371244 -0.9411600192662593
vn -0.317647010805421 -0.09737334422408672 -0.9431960604036672
vn -0.4771023587903248 0.8760365655020564 0.07023727742494917
vn 0.317647010805421 0.09737334422408672 0.9431960604036672
vn 0.4771023587903248 -0.8760365655020564 -0.07023727742494917
vn -0.317647010805421 -0.09737334422408672 -0.9431960604036672
vn -0.36998822590634345 -0.14962832348828028 -0.9169078893219116
vn -0.799219845864531 0.5544497960793733 0.23201952849666965
vn 0.36998822590634345 0.14962832348828028 0.9169078893219116
vn 0.799219845864531 -0.5544497960793733 -0.23201952849666965
vn -0.36998822590634345 -0.14962832348828028 -0.9169078893219116
vn -0.40933335444983376 -0.295883034163306 -0.8630755673920811
vn -0.9123843453228235 0.13379170207263313 0.38685215117193095
vn 0.40933335444983376 0.295883034163306 0.8630755673920811
vn 0.9123843453228235 -0.13379170207263313 -0.38685215117193095
vn -0.40933335444983376 -0.295883034163306 -0.8630755673920811
vn -0.3514785238637189 -0.5127428869384603 -0.7832991632553904
vn -0.8085056077354026 -0.2555816214664443 0.5300912346275786
vn 0.3514785238637189 0.5127428869384603 0.7832991632553904
vn 0.8085056077354026 0.2555816214664443 -0.5300912346275786
vn -0.3514785238637189 -0.5127428869384603 -0.7832991632553904
vn -0.14609500716605414 -0.7185581898334877 -0.6799488044730809
vn -0.5554374486251266 -0.5091818002404397 0.6574367916147641
vn 0.14609500716605414 0.7185581898334877 0.6799488044730809
vn 0.5554374486251266 0.5091818002404397 -0.6574367916147641
vn -0.14609500716605414 -0.7185581898334877 -0.6799488044730809
vn 0.1903962471800488 -0.80901788766858 -0.5560929117440921
vn -0.26305488050273135 -0.5877837009329221 0.7650571552252099
vn -0.1903962471800488 0.80901788766858 0.5560929117440921
vn 0.26305488050273135 0.5877837009329221 -0.7650571552252099
vn 0.1903962471800488 -0.80901788766858 -0.5560929117440921
vn 0.5727087902488649 -0.7067116557128844 -0.415407363020006
vn -0.033042923547201106 -0.5262328534606598 0.849698269471055
vn -0.5727087902488649 0.7067116557128844 0.415407363020006
vn 0.033042923547201106 0.5262328534606598 -0.849698269471055
vn 0.5727087902488649 -0.7067116557128844 -0.415407363020006
vn 0.8773558027811601 -0.4018651493751984 -0.2622044947057074
vn 0.08435422326501485 -0.4087588261013822 0.9087357080590461
vn -0.8773558027811601 0.4018651493751984 0.2622044947057074
vn -0.08435422326501485 0.4087588261013822 -0.9087357080590461
vn 0.8773558027811601 -0.4018651493751984 -0.2622044947057074
vn 0.9942237529606629 0.03573366553349958 -0.10120392381896436
vn 0.10732309805235735 -0.3227544810647097 0.9403782736628351
vn -0.9942237529606629 -0.03573366553349958 0.10120392381896436
vn -0.10732309805235735 0.3227544810647097 -0.9403782736628351
vn 0.9942237529606629 0.03573366553349958 -0.10120392381896436
vn 0.8743591866274188 0.4812027790889391 0.0627686080562579
vn 0.10487759190003361 -0.31366589894780655 0.9437236854898335
vn -0.8743591866274188 -0.4812027790889391 -0.0627686080562579
vn -0.10487759190003361 0.31366589894780655 -0.9437236854898335
vn 0.8743591866274188 0.4812027790889391 0.0627686080562579
vn 0.5516560035093168 0.8032051262856981 0.22480475729064234
vn 0.15470577473583566 -0.36338584903802285 0.9187038957043232
vn -0.5516560035093168 -0.8032051262856981 -0.22480475729064234
vn -0.15470577473583566 0.36338584903802285 -0.9187038957043232
vn 0.5516560035093168 0.8032051262856981 0.22480475729064234
vn 0.12963666095920998 0.9158341340913408 0.3800554893282177
vn 0.29772800397765165 -0.4015558089694438 0.866089468779282
vn -0.12963666095920998 -0.9158341340913408 -0.3800554893282177
vn -0.29772800397765165 0.4015558089694438 -0.866089468779282
vn 0.12963666095920998 0.9158341340913408 0.3800554893282177
vn -0.26111489353354844 0.8107871953067872 0.5238732063214506
vn 0.5113365565341979 -0.3441307487614074 0.7874699700361039
vn 0.26111489353354844 -0.8107871953067872 -0.5238732063214506
vn -0.5113365565341979 0.3441307487614074 -0.7874699700361039
vn -0.26111489353354844 0.8107871953067872 0.5238732063214506
vn -0.5157595267221762 0.555835544027258 0.6519501197110397
vn 0.7146522501749104 -0.14056994215640833 0.685209641410628
vn 0.5157595267221762 -0.555835544027258 -0.6519501197110397
vn -0.7146522501749104 0.14056994215640833 -0.685209641410628
vn -0.5157595267221762 0.555835544027258 0.6519501197110397
vn -0.5946606986641884 0.2609567639125448 0.7604473820275218
vn 0.8039767205314073 0.19326411329965326 0.5623792451309544
vn 0.5946606986641884 -0.2609567639125448 -0.7604473820275218
vn -0.8039767205314073 -0.19326411329965326 -0.5623792451309544
vn -0.5946606986641884 0.2609567639125448 0.7604473820275218
vn -0.5322616753188742 0.02816319868236844 0.8461113066415806
vn 0.7022069111566144 0.5729392183145483 0.42266547770193047
vn 0.5322616753188742 -0.02816319868236844 -0.8461113066415806
vn -0.7022069111566144 -0.5729392183145483 -0.42266547770193047
vn -0.5322616753188742 0.02816319868236844 0.8461113066415806
vn -0.41240026706279237 -0.0917407851592963 0.9063716942098828
vn 0.3990659421579254 0.8761879218564138 0.27026116887660007
vn 0.41240026706279237 0.0917407851592963 -0.9063716942098828
vn -0.3990659421579254 -0.8761879218564138 -0.27026116887660007
vn -0.41240026706279237 -0.0917407851592963 0.9063716942098828
vn -0.32260077640485196 -0.11584464262651781 0.9394193727179152
vn -0.0371156901864403 0.9932672004633214 0.10973920915397671
vn 0.32260077640485196 0.11584464262651781 -0.9394193727179152
vn 0.0371156901864403 -0.9932672004633214 -0.10973920915397671
vn -0.32260077640485196 -0.11584464262651781 0.9394193727179152
vn -0.30944312483986974 -0.11232865915841361 0.9442601467927205
vn -0.48240473621237956 0.8742771104238796 -0.05408516126199646
vn 0.30944312483986974 0.11232865915841361 -0.9442601467927205
vn 0.48240473621237956 -0.8742771104238796 0.05408516126199646
vn -0.30944312483986974 -0.11232865915841361 0.9442601467927205
vn -0.35626945551455275 -0.1590718209047889 0.920743303457266
vn -0.8054020626779208 0.5518534931635855 -0.21629895865976523
vn 0.35626945551455275 0.1590718209047889 -0.920743303457266
vn 0.8054020626779208 -0.5518534931635855 0.21629895865976523
vn -0.35626945551455275 -0.1590718209047889 0.920743303457266
vn -0.39368114049885455 -0.29811659587437433 0.869564060250765
vn -0.9192464919955693 0.12873758336788954 -0.3720383334851875
vn 0.39368114049885455 0.29811659587437433 -0.869564060250765
vn 0.9192464919955693 -0.12873758336788954 0.3720383334851875
vn -0.39368114049885455 -0.29811659587437433 0.869564060250765
vn -0.33760633488759656 -0.508308044345555 0.792240427330846
vn -0.8143873281321422 -0.26431790210396217 -0.5166326803495407
vn 0.33760633488759656 0.508308044345555 -0.792240427330846
vn 0.8143873281321422 0.26431790210396217 0.5166326803495407
vn -0.33760633488759656 -0.508308044345555 0.792240427330846
vn -0.13653802426107287 -0.7097786433323924 0.6910655869019315
vn -0.557805816922395 -0.5214127718010851 -0.6457409635529168
vn 0.13653802426107287 0.7097786433323924 -0.6910655869019315
vn 0.557805816922395 0.5214127718010851 0.6457409635529168
vn -0.13653802426107287 -0.7097786433323924 0.6910655869019315
vn 0.19498887219126837 -0.7988576709185556 0.569039331976409
vn -0.2596697450980118 -0.60151992877654 -0.7554769346349364
vn -0.19498887219126837 0.7988576709185556 -0.569039331976409
vn 0.2596697450980118 0.60151992877654 0.7554769346349364
vn 0.19498887219126837 -0.7988576709185556 0.569039331976409
vn 0.5733716439345173 -0.6975138724406162 0.4297898971412949
vn -0.0231614204344379 -0.538174923419599 -0.8425148665784883
vn -0.5733716439345173 0.6975138724406162 -0.4297898971412949
vn 0.0231614204344379 0.538174923419599 0.8425148665784883
vn 0.5733716439345173 -0.6975138724406162 0.4297898971412949
vn 0.8758474018930349 -0.39471683025950366 0.2776507743679292
vn 0.09935142266989146 -0.4155319701001682 -0.9041363152966158
vn -0.8758474018930349 0.39471683025950366 -0.2776507743679292
vn -0.09935142266989146 0.4155319701001682 0.9041363152966158
vn 0.8758474018930349 -0.39471683025950366 0.2776507743679292
vn 0.992244606704794 0.04129605390483213 0.1172402507551822
vn 0.1242966218332174 -0.3220895861670828 -0.9385140639775026
vn -0.992244606704794 -0.04129605390483213 -0.1172402507551822
vn -0.1242966218332174 0.3220895861670828 0.9385140639775026
vn 0.992244606704794 0.04129605390483213 0.1172402507551822
vn 0.8724387965967639 0.48649356225448587 -0.04663217856513736
vn 0.11980445121437998 -0.3053967105433437 -0.9446585323060003
vn -0.8724387965967639 -0.48649356225448587 0.04663217856513736
vn -0.11980445121437998 0.3053967105433437 0.9446585323060003
vn 0.8724387965967639 0.48649356225448587 -0.04663217856513736
vn 0.5489601915418759 0.8092815620218023 -0.2090599470818321
vn 0.1641048048462205 -0.34960249162131996 -0.9224140669344484
vn -0.5489601915418759 -0.8092815620218023 0.2090599470818321
vn -0.1641048048462205 0.34960249162131996 0.9224140669344484
vn 0.5489601915418759 0.8092815620218023 -0.2090599470818321
vn 0.12458115568546949 0.9225631172906308 -0.36518054474884987
vn 0.2998790149292841 -0.3858453637027016 -0.872465432962345
vn -0.12458115568546949 -0.9225631172906308 0.36518054474884987
vn -0.2998790149292841 0.3858453637027016 0.872465432962345
vn 0.12458115568546949 0.9225631172906308 -0.36518054474884987
vn -0.26976519819711464 0.8165792225773439 -0.5103186368306101
vn 0.5067675287917149 -0.3302423471509023 -0.796320704183058
vn 0.26976519819711464 -0.8165792225773439 0.5103186368306101
vn -0.5067675287917149 0.3302423471509023 0.796320704183058
vn -0.26976519819711464 0.8165792225773439 -0.5103186368306101
vn -0.5278696382100088 0.5582054815678776 -0.640125210723346
vn 0.7057078580161943 -0.13109444266508713 -0.6962691047551408
vn 0.5278696382100088 -0.5582054815678776 0.640125210723346
vn -0.7057078580161943 0.13109444266508713 0.6962691047551408
vn -0.5278696382100088 0.5582054815678776 -0.640125210723346
vn -0.6083139208974813 0.257664115415957 -0.7507085834524907
vn 0.7936965101753993 0.19763278648998944 -0.5753148107250453
vn 0.6083139208974813 -0.257664115415957 0.7507085834524907
vn -0.7936965101753993 -0.19763278648998944 0.5753148107250453
vn -0.6083139208974813 0.257664115415957 -0.7507085834524907
vn -0.5442030962901321 0.018399351994828665 -0.8387517235954889
vn 0.693043343411834 0.5732755596808169 -0.43708815681186414
vn 0.5442030962901321 -0.018399351994828665 0.8387517235954889
vn -0.693043343411834 -0.5732755596808169 0.43708815681186414
vn -0.5442030962901321 0.018399351994828665 -0.8387517235954889
vn -0.4191801783357799 -0.10669001032347468 -0.9016125663429725
vn 0.3920237325403804 0.8744550727929004 -0.28573714982807435
vn 0.4191801783357799 0.10669001032347468 0.9016125663429725
vn -0.3920237325403804 -0.8744550727929004 0.28573714982807435
vn -0.4191801783357799 -0.10669001032347468 -0.9016125663429725
vn -0.321928447571503 -0.1328028912455555 -0.9374035772926319
vn -0.04255233731890996 0.9911422792025528 -0.12580254753329412
vn 0.321928447571503 0.1328028912455555 0.9374035772926319
vn 0.04255233731890996 -0.9911422792025528 0.12580254753329412
vn -0.321928447571503 -0.1328028912455555 -0.9374035772926319
vn -0.30115091206873007 -0.12725236760990172 -0.9450475983239398
vn -0.48756998973298016 0.8722600971937572 0.03791870192028102
vn 0.30115091206873007 0.12725236760990172 0.9450475983239398
vn 0.48756998973298016 -0.8722600971937572 -0.03791870192028102
vn -0.30115091206873007 -0.12725236760990172 -0.9450475983239398
vn -0.3424482898155646 -0.16847164715047971 -0.9243086459126082
vn -0.8113524299697351 0.549090086192641 0.20051760926952134
vn 0.3424482898155646 0.16847164715047971 0.9243086459126082
vn 0.8113524299697351 -0.549090086192641 -0.20051760926952134
vn -0.3424482898155646 -0.16847164715047971 -0.9243086459126082
vn -0.3779140939650394 -0.3002682869285589 -0.8757967192491487
vn -0.9258400702438832 0.12363552919777393 0.3571196161663312
vn 0.3779140939650394 0.3002682869285589 0.8757967192491487
vn 0.9258400702438832 -0.12363552919777393 -0.3571196161663312
vn -0.3779140939650394 -0.3002682869285589 -0.8757967192491487
vn -0.3236314301358407 -0.5037326727185377 -0.8009469969130724
vn -0.8200236544178608 -0.27298974941789295 0.5030286303064
vn 0.3236314301358407 0.5037326727185377 0.8009469969130724
vn 0.8200236544178608 0.27298974941789295 -0.5030286303064
vn -0.3236314301358407 -0.5037326727185377 -0.8009469969130724
vn -0.12692852583725647 -0.7007997778581134 -0.7019749430590807
vn -0.5599936351669981 -0.533501158207896 0.6338640570053525
vn 0.12692852583725647 0.7007997778581134 0.7019749430590807
vn 0.5599936351669981 0.533501158207896 -0.6338640570053525
vn -0.12692852583725647 -0.7007997778581134 -0.7019749430590807
vn 0.19954853082664886 -0.788464797377864 -0.5818106626221367
vn -0.2561831233599117 -0.6150798339178287 0.745685594076469
vn -0.19954853082664886 0.788464797377864 0.5818106626221367
vn 0.2561831233599117 0.6150798339178287 -0.745685594076469
vn 0.19954853082664886 -0.788464797377864 -0.5818106626221367
vn 0.5738301880594204 -0.6881332406319512 -0.4440625613683946
vn -0.013283890253020918 -0.5499672120189601 0.8350805972861769
vn -0.5738301880594204 0.6881332406319512 0.4440625613683946
vn 0.013283890253020918 0.5499672120189601 -0.8350805972861769
vn 0.5738301880594204 -0.6881332406319512 -0.4440625613683946
vn 0.8740692871526952 -0.38747707615791527 -0.29302627306863216
vn 0.11431803377858833 -0.42218803707833946 0.8992711762871844
vn -0.8740692871526952 0.38747707615791527 0.29302627306863216
vn -0.11431803377858833 0.42218803707833946 -0.8992711762871844
vn 0.8740692871526952 -0.38747707615791527 -0.29302627306863216
vn 0.9899756499675837 0.046826926014673934 -0.13324958338124893
vn 0.14123438186903056 -0.3213317964866859 0.9363753125455156
vn -0.9899756499675837 -0.046826926014673934 0.13324958338124893
vn -0.14123438186903056 0.3213317964866859 -0.9363753125455156
vn 0.9899756499675837 0.046826926014673934 -0.13324958338124893
vn 0.8702701932255174 0.4916308823650594 0.03047730775796924
vn 0.1346964267406937 -0.2970379353240271 0.945317585577317
vn -0.8702701932255174 -0.4916308823650594 -0.03047730775796924
vn -0.1346964267406937 0.2970379353240271 -0.945317585577317
vn 0.8702701932255174 0.4916308823650594 0.03047730775796924
vn 0.5461114658158289 0.8151173611247248 0.19325101422127602
vn 0.17345551859826136 -0.33571662944158226 0.9258550252518973
vn -0.5461114658158289 -0.8151173611247248 -0.19325101422127602
vn -0.17345551859826136 0.33571662944158226 -0.9258550252518973
vn 0.5461114658158289 0.8151173611247248 0.19325101422127602
vn 0.11949480384925168 0.9290226148477394 0.3501970487518386
vn 0.3019422528570911 -0.3700221700784821 0.878586631807015
vn -0.11949480384925168 -0.9290226148477394 -0.3501970487518386
vn -0.3019422528570911 0.3700221700784821 -0.878586631807015
vn 0.11949480384925168 0.9290226148477394 0.3501970487518386
vn -0.2783334258898647 0.8221346150778149 0.4966137117753237
vn 0.502050878524542 -0.3162572395894088 0.8049386770307554
vn 0.2783334258898647 -0.8221346150778149 -0.4966137117753237
vn -0.502050878524542 0.3162572395894088 -0.8049386770307554
vn -0.2783334258898647 0.8221346150778149 0.4966137117753237
vn -0.5398241505072184 0.5604147547115508 0.6281124017488848
vn 0.6965578248873648 -0.12157987146203865 0.7071248344128902
vn 0.5398241505072184 -0.5604147547115508 -0.6281124017488848
vn -0.6965578248873648 0.12157987146203865 -0.7071248344128902
vn -0.5398241505072184 0.5604147547115508 0.6281124017488848
vn -0.621789445678836 0.2542985637905124 0.7407497051612567
vn 0.7831844606574376 0.20194501966284983 0.5880818902313605
vn 0.621789445678836 -0.2542985637905124 -0.7407497051612567
vn -0.7831844606574376 -0.20194501966284983 -0.5880818902313605
vn -0.621789445678836 0.2542985637905124 0.7407497051612567
vn -0.5559867037484466 0.008631986586168573 0.831146361396423
vn 0.6836764835235708 0.5734458584807554 0.45138266832933915
vn 0.5559867037484466 -0.008631986586168573 -0.831146361396423
vn -0.6836764835235708 -0.5734458584807554 -0.45138266832933915
vn -0.5559867037484466 0.008631986586168573 0.831146361396423
vn -0.4258393894759964 -0.12160708616610874 0.8965893881621058
vn 0.38486513252925264 0.8724678699828585 0.3011289517977549
vn 0.4258393894759964 0.12160708616610874 -0.8965893881621058
vn -0.38486513252925264 -0.8724678699828585 -0.3011289517977549
vn -0.4258393894759964 -0.12160708616610874 0.8965893881621058
vn -0.3211640097113106 -0.14972236647900092 0.935113304280332
vn -0.04797976719570838 0.9887278434946868 0.14182804179072556
vn 0.3211640097113106 0.14972236647900092 -0.935113304280332
vn 0.04797976719570838 -0.9887278434946868 -0.14182804179072556
vn -0.3211640097113106 -0.14972236647900092 0.935113304280332
vn -0.29277267665499634 -0.1421399991816432 0.9455582374644681
vn -0.4925971997692141 0.8699857720508966 -0.021742934680817193
vn 0.29277267665499634 0.1421399991816432 -0.9455582374644681
vn 0.4925971997692141 -0.8699857720508966 0.021742934680817193
vn -0.29277267665499634 -0.1421399991816432 0.9455582374644681
vn -0.32852879352058334 -0.17782493036040076 0.9276028923899649
vn -0.8170697734429045 0.5461593896677008 -0.18468055231606045
vn 0.32852879352058334 0.17782493036040076 -0.9276028923899649
vn 0.8170697734429045 -0.5461593896677008 0.18468055231606045
vn -0.32852879352058334 -0.17782493036040076 0.9276028923899649
vn -0.362036972966535 -0.302337616455359 0.8817716234271324
vn -0.9321631398064153 0.1184853415904017 -0.3421010152198489
vn 0.362036972966535 0.302337616455359 -0.8817716234271324
vn 0.9321631398064153 -0.1184853415904017 0.3421010152198489
vn -0.362036972966535 -0.302337616455359 0.8817716234271324
vn -0.3095578006122619 -0.4990184389113395 0.809416188191581
vn -0.8254116295367926 -0.2815966050285299 -0.48928416473642655
vn 0.3095578006122619 0.4990184389113395 -0.809416188191581
vn 0.8254116295367926 0.2815966050285299 0.48928416473642655
vn -0.3095578006122619 -0.4990184389113395 0.809416188191581
vn -0.11726861554335184 -0.6916247073478425 0.7126733725870193
vn -0.5619977076876029 -0.5454449019039854 -0.6218106106692223
vn 0.11726861554335184 0.6916247073478425 -0.7126733725870193
vn 0.5619977076876029 0.5454449019039854 0.6218106106692223
vn -0.11726861554335184 -0.6916247073478425 0.7126733725870193
vn 0.2040795909439179 -0.777842434450737 0.5944011000392866
vn -0.2525887810508589 -0.628459340137473 -0.7356886335136714
vn -0.2040795909439179 0.777842434450737 -0.5944011000392866
vn 0.2525887810508589 0.628459340137473 0.7356886335136714
vn 0.2040795909439179 -0.777842434450737 0.5944011000392866
vn 0.5740920478190196 -0.6785680856074967 0.4582179326760811
vn -0.003411457875264565 -0.5616050364864869 -0.8273984197157843
vn -0.5740920478190196 0.6785680856074967 -0.4582179326760811
vn 0.003411457875264565 0.5616050364864869 0.8273984197157843
vn 0.5740920478190196 -0.6785680856074967 0.4582179326760811
vn 0.8720235193374198 -0.3801453396249786 0.30832531923893336
vn 0.129249336432033 -0.4287255177905096 -0.8941415097327372
vn -0.8720235193374198 0.3801453396249786 -0.30832531923893336
vn -0.129249336432033 0.4287255177905096 0.8941415097327372
vn 0.8720235193374198 -0.3801453396249786 0.30832531923893336
vn 0.9874175356545359 0.05232690735012491 0.14922635507541804
vn 0.15813131710527195 -0.3204819874309235 -0.933962409459223
vn -0.9874175356545359 -0.05232690735012491 -0.14922635507541804
vn -0.15813131710527195 0.3204819874309235 0.933962409459223
vn 0.9874175356545359 0.05232690735012491 0.14922635507541804
vn 0.8678532186985191 0.4966145721935704 -0.014309349377853157
vn 0.149549424636534 -0.28859263656255935 -0.9457004069538895
vn -0.8678532186985191 -0.4966145721935704 0.014309349377853157
vn -0.149549424636534 0.28859263656255935 0.9457004069538895
vn 0.8678532186985191 0.4966145721935704 -0.014309349377853157
vn 0.5431097720355368 0.8207113108187548 -0.17738297498257408
vn 0.1827556622575193 -0.3217327266217196 -0.9290255220032276
vn -0.5431097720355368 -0.8207113108187548 0.17738297498257408
vn -0.1827556622575193 0.3217327266217196 0.9290255220032276
vn 0.5431097720355368 0.8207113108187548 -0.17738297498257408
vn 0.11437848777717438 0.9352107498805595 -0.3351095564761598
vn 0.3039176779595504 -0.35409096087160524 -0.8844510367751842
vn -0.11437848777717438 -0.9352107498805595 0.3351095564761598
vn -0.3039176779595504 0.35409096087160524 0.8844510367751842
vn 0.11437848777717438 0.9352107498805595 -0.3351095564761598
vn -0.28681740389065097 0.8274515335898475 -0.4827626087273501
vn 0.49718824539355344 -0.30217942905682915 -0.8133212411448308
vn 0.28681740389065097 -0.8274515335898475 0.4827626087273501
vn -0.49718824539355344 0.30217942905682915 0.8133212411448308
vn -0.28681740389065097 0.8274515335898475 -0.4827626087273501
vn -0.5516196416750911 0.5624626204867322 -0.6159152307529357
vn 0.6872048994694714 -0.11202883009016024 -0.717773618471579
vn 0.5516196416750911 -0.5624626204867322 0.6159152307529357
vn -0.6872048994694714 0.11202883009016024 0.717773618471579
vn -0.5516196416750911 0.5624626204867322 -0.6159152307529357
vn -0.6350833105929494 0.250861016066405 -0.7305737055386199
vn 0.7724436450297912 0.20619967389690985 -0.6006767098347479
vn 0.6350833105929494 -0.250861016066405 0.7305737055386199
vn -0.7724436450297912 -0.20619967389690985 0.6006767098347479
vn -0.6350833105929494 0.250861016066405 -0.7305737055386199
vn -0.567608887591189 -0.0011361306426602884 -0.8232975524891688
vn 0.6741090941871611 0.5734501420587345 -0.46554469571350743
vn 0.567608887591189 0.0011361306426602884 0.8232975524891688
vn -0.6741090941871611 -0.5734501420587345 0.46554469571350743
vn -0.567608887591189 -0.0011361306426602884 -0.8232975524891688
vn -0.4323757811604072 -0.13648770511925218 -0.8913037025712435
vn 0.37759202519379886 0.8702270342658388 -0.3164319379312526
vn 0.4323757811604072 0.13648770511925218 0.8913037025712435
vn -0.37759202519379886 -0.8702270342658388 0.3164319379312526
vn -0.4323757811604072 -0.13648770511925218 -0.8913037025712435
vn -0.3203075193394486 -0.16659807967849688 -0.9325492871167967
vn -0.05339690211274192 0.9860246021632296 -0.15781081957079765
vn 0.3203075193394486 0.16659807967849688 0.9325492871167967
vn 0.05339690211274192 -0.9860246021632296 0.15781081957079765
vn -0.3203075193394486 -0.16659807967849688 -0.9325492871167967
vn -0.28431063752137503 -0.1569870255700531 -0.9457920147658558
vn -0.4974856711920145 0.8674543564896772 0.005562945776361758
vn 0.28431063752137503 0.1569870255700531 0.9457920147658558
vn 0.4974856711920145 -0.8674543564896772 -0.005562945776361758
vn -0.28431063752137503 -0.1569870255700531 -0.9457920147658558
vn -0.31451499394758436 -0.1871287520691859 -0.9306251386735586
vn -0.8225531257615947 0.5430610361855046 0.16879296868340365
vn 0.31451499394758436 0.1871287520691859 0.9306251386735586
vn 0.8225531257615947 -0.5430610361855046 -0.16879296868340365
vn -0.31451499394758436 -0.1871287520691859 -0.9306251386735586
vn -0.34605451906690554 -0.3043238773651617 -0.8874870407497828
vn -0.9382138409931893 0.11328662377247367 0.32698765946598146
vn 0.34605451906690554 0.3043238773651617 0.8874870407497828
vn 0.9382138409931893 -0.11328662377247367 -0.32698765946598146
vn -0.34605451906690554 -0.3043238773651617 -0.8874870407497828
vn -0.2953894725552763 -0.49416708798510195 -0.8176453685161068
vn -0.8305484906571317 -0.29013810449217553 0.47540412807299837
vn 0.2953894725552763 0.49416708798510195 0.8176453685161068
vn 0.8305484906571317 0.29013810449217553 -0.47540412807299837
vn -0.2953894725552763 -0.49416708798510195 -0.8176453685161068
vn -0.10756147538038095 -0.6822559760692941 -0.7231578749704178
vn -0.5638156431222282 -0.557241489341037 0.6095849761334766
vn 0.10756147538038095 0.6822559760692941 0.7231578749704178
vn 0.5638156431222282 0.557241489341037 -0.6095849761334766
vn -0.10756147538038095 -0.6822559760692941 -0.7231578749704178
vn 0.20854561686667059 -0.7669930103214625 -0.6068199467747585
vn -0.2489139149635515 -0.6416553880677381 0.7254793077001978
vn -0.20854561686667059 0.7669930103214625 0.6068199467747585
vn 0.2489139149635515 0.6416553880677381 -0.7254793077001978
vn 0.20854561686667059 -0.7669930103214625 -0.6068199467747585
vn 0.5741620645568026 -0.6688183529455197 -0.4722498643590194
vn 0.006453889221965115 -0.5730845154415805 0.8194708570016384
vn -0.5741620645568026 0.6688183529455197 0.4722498643590194
vn -0.006453889221965115 0.5730845154415805 -0.8194708570016384
vn 0.5741620645568026 -0.6688183529455197 -0.4722498643590194
vn 0.869712311440154 -0.3727209050369283 -0.3235423036913063
vn 0.14414082809236187 -0.4351426466140193 0.8887487264545559
vn -0.869712311440154 0.3727209050369283 0.3235423036913063
vn -0.14414082809236187 0.4351426466140193 -0.8887487264545559
vn 0.869712311440154 -0.3727209050369283 -0.3235423036913063
vn 0.9845709903433496 0.05779688493108066 -0.1651650237386207
vn 0.17498247345886772 -0.319540799037836 0.9312759052678632
vn -0.9845709903433496 -0.05779688493108066 0.1651650237386207
vn -0.17498247345886772 0.319540799037836 -0.9312759052678632
vn 0.9845709903433496 0.05779688493108066 -0.1651650237386207
vn 0.8651876090707332 0.5014448303351693 -0.0018663441808276875
vn 0.16435939136085997 -0.2800637494250608 0.9458066857077425
vn -0.8651876090707332 -0.5014448303351693 0.0018663441808276875
vn -0.16435939136085997 0.2800637494250608 -0.9458066857077425
vn 0.8651876090707332 0.5014448303351693 -0.0018663441808276875
vn 0.539954795956662 0.8260624629396587 0.1614609105804395
vn 0.1920030530214675 -0.3076550906293272 0.9319244458861974
vn -0.539954795956662 -0.8260624629396587 -0.1614609105804395
vn -0.1920030530214675 0.3076550906293272 -0.9319244458861974
vn 0.539954795956662 0.8260624629396587 0.1614609105804395
vn 0.1092327619308576 0.9411256992515605 0.3199228374611879
vn 0.305805213807194 -0.33805627460804966 0.8900568107747187
vn -0.1092327619308576 -0.9411256992515605 -0.3199228374611879
vn -0.305805213807194 0.33805627460804966 -0.8900568107747187
vn 0.1092327619308576 0.9411256992515605 0.3199228374611879
vn -0.2952151806339965 0.8325281490421548 0.46876953631361395
vn 0.4921815082390931 -0.2880127123195782 0.8214657877780495
vn 0.2952151806339965 -0.8325281490421548 -0.46876953631361395
vn -0.4921815082390931 0.2880127123195782 -0.8214657877780495
vn -0.2952151806339965 0.8325281490421548 0.46876953631361395
vn -0.5632529222482481 0.5643480383796592 0.6035374364162007
vn 0.6776520011639846 -0.10244365778266125 0.7282122371249717
vn 0.5632529222482481 -0.5643480383796592 -0.6035374364162007
vn -0.6776520011639846 0.10244365778266125 -0.7282122371249717
vn -0.5632529222482481 0.5643480383796592 0.6035374364162007
vn -0.6481917454190059 0.24735204698764593 0.7201836057712534
vn 0.7614771663305234 0.21039601993452592 0.6130954574558085
vn 0.6481917454190059 -0.24735204698764593 -0.7201836057712534
vn -0.7614771663305234 -0.21039601993452592 -0.6130954574558085
vn -0.6481917454190059 0.24735204698764593 0.7201836057712534
vn -0.5790661153242483 -0.010902498248553681 0.8152076849583944
vn 0.6643435787588178 0.5732889626953968 0.4795699892753531
vn 0.5790661153242483 0.010902498248553681 -0.8152076849583944
vn -0.6643435787588178 -0.5732889626953968 -0.4795699892753531
vn -0.5790661153242483 -0.010902498248553681 0.8152076849583944
vn -0.43878721160223255 -0.15132777037422016 0.8857571274609677
vn 0.37020584400412226 0.8677335850865785 0.3316414605835477
vn 0.43878721160223255 0.15132777037422016 -0.8857571274609677
vn -0.37020584400412226 -0.8677335850865785 -0.3316414605835477
vn -0.43878721160223255 -0.15132777037422016 0.8857571274609677
vn -0.3193588229876398 -0.18342514181265862 0.9297124068930971
vn -0.058803199565524725 0.9830333397218897 0.1737458969762593
vn 0.3193588229876398 0.18342514181265862 -0.9297124068930971
vn 0.058803199565524725 -0.9830333397218897 -0.1737458969762593
vn -0.3193588229876398 -0.18342514181265862 0.9297124068930971
vn -0.275767064043468 -0.17178899417884091 0.9457489454754194
vn -0.5022352360651231 0.8646658698258729 0.01061608274633027
vn 0.275767064043468 0.17178899417884091 -0.9457489454754194
vn 0.5022352360651231 -0.8646658698258729 -0.01061608274633027
vn -0.275767064043468 -0.17178899417884091 0.9457489454754194
vn -0.30041092064511915 -0.19638023898125656 0.9333745660209605
vn -0.8278018260158133 0.5397943273934082 -0.1528601352831509
vn 0.30041092064511915 0.19638023898125656 -0.9333745660209605
vn 0.8278018260158133 -0.5397943273934082 0.1528601352831509
vn -0.30041092064511915 -0.19638023898125656 0.9333745660209605
vn -0.3299713666123337 -0.3062266647386607 0.8929412785950848
vn -0.943990408827579 0.10803836577834763 -0.31178489309375484
vn 0.3299713666123337 0.3062266647386607 -0.8929412785950848
vn 0.943990408827579 -0.10803836577834763 0.31178489309375484
vn -0.3299713666123337 -0.3062266647386607 0.8929412785950848
vn -0.2811303797579376 -0.4891804565985884 0.8256319945709191
vn -0.8354310834728549 -0.2986145858322701 -0.46139379481695864
vn 0.2811303797579376 0.4891804565985884 -0.8256319945709191
vn 0.8354310834728549 0.2986145858322701 0.46139379481695864
vn -0.2811303797579376 -0.4891804565985884 0.8256319945709191
vn -0.09780803485786066 -0.6726974957035478 0.7334246161613469
vn -0.5654423796504472 -0.5688900910960024 -0.5971925816250746
vn 0.09780803485786066 0.6726974957035478 -0.7334246161613469
vn 0.5654423796504472 0.5688900910960024 0.5971925816250746
vn -0.09780803485786066 -0.6726974957035478 0.7334246161613469
vn 0.21291233791042005 -0.7559189864563881 0.6190757807249981
vn -0.2451884565849421 -0.6546649848246218 -0.715049913224295
vn -0.21291233791042005 0.7559189864563881 -0.6190757807249981
vn 0.2451884565849421 0.6546649848246218 0.715049913224295
vn 0.21291233791042005 -0.7559189864563881 0.6190757807249981
vn 0.5740417928026587 -0.658885966132721 0.4861535804139064
vn 0.01630857394727591 -0.5844024994801591 -0.8113000363719632
vn -0.5740417928026587 0.658885966132721 -0.4861535804139064
vn -0.01630857394727591 0.5844024994801591 0.8113000363719632
vn 0.5740417928026587 -0.658885966132721 0.4861535804139064
vn 0.8671376114702278 -0.36520376824987505 0.3386717738900008
vn 0.1589879423791966 -0.4414376998392905 -0.8830943275430014
vn -0.8671376114702278 0.36520376824987505 -0.3386717738900008
vn -0.1589879423791966 0.4414376998392905 0.8830943275430014
vn 0.8671376114702278 -0.36520376824987505 0.3386717738900008
vn 0.9814368466350021 0.06323711561155916 0.18106016479688172
vn 0.19178279724514088 -0.3185089145867101 -0.928316449283123
vn -0.9814368466350021 -0.06323711561155916 -0.18106016479688172
vn -0.19178279724514088 0.3185089145867101 0.928316449283123
vn 0.9814368466350021 0.06323711561155916 0.18106016479688172
vn 0.8622735287675325 0.5061212863181759 0.01804453164873644
vn 0.17912216738588985 -0.2714541890973553 -0.9456362262373827
vn -0.8622735287675325 -0.5061212863181759 -0.01804453164873644
vn -0.17912216738588985 0.2714541890973553 0.9456362262373827
vn 0.8622735287675325 0.5061212863181759 0.01804453164873644
vn 0.5366468366645666 0.8311695955099853 -0.1454897803891441
vn 0.20119531725737583 -0.29348814885807845 -0.9345507748611428
vn -0.5366468366645666 -0.8311695955099853 0.1454897803891441
vn -0.20119531725737583 0.29348814885807845 0.9345507748611428
vn 0.5366468366645666 0.8311695955099853 -0.1454897803891441
vn 0.10405867290986083 0.9467657571742726 -0.3046414181204926
vn 0.30760466517981017 -0.3219228330943243 -0.8954021775113912
vn -0.10405867290986083 -0.9467657571742726 0.3046414181204926
vn -0.30760466517981017 0.3219228330943243 0.8954021775113912
vn 0.10405867290986083 0.9467657571742726 -0.3046414181204926
vn -0.30352455451668264 0.8373628279144941 -0.45463869086615427
vn 0.4870322836275012 -0.27376111743475556 -0.8293698844818608
vn 0.30352455451668264 -0.8373628279144941 0.45463869086615427
vn -0.4870322836275012 0.27376111743475556 0.8293698844818608
vn -0.30352455451668264 0.8373628279144941 -0.45463869086615427
vn -0.5747206246194562 0.5660703812843015 -0.5909826791621456
vn 0.6679021149098683 -0.09282702992966337 -0.7384374769832328
vn 0.5747206246194562 -0.5660703812843015 0.5909826791621456
vn -0.6679021149098683 0.09282702992966337 0.7384374769832328
vn -0.5747206246194562 0.5660703812843015 -0.5909826791621456
vn -0.6611108190564428 0.2437725665656968 -0.7095825679344809
vn 0.7502882448639797 0.21453295556651877 -0.6253344389963047
vn 0.6611108190564428 -0.2437725665656968 0.7095825679344809
vn -0.7502882448639797 -0.21453295556651877 0.6253344389963047
vn -0.6611108190564428 0.2437725665656968 -0.7095825679344809
vn -0.5903549783045773 -0.020664410639950684 -0.8068791617856453
vn 0.6543827186046757 0.5729625338158423 -0.4934543468598528
vn 0.5903549783045773 0.020664410639950684 0.8068791617856453
vn -0.6543827186046757 -0.5729625338158423 0.4934543468598528
vn -0.5903549783045773 -0.020664410639950684 -0.8068791617856453
vn -0.44507148886391046 -0.16612306246367625 -0.8799514179306444
vn 0.3627084469685605 0.864988440523699 -0.3467529095163211
vn 0.44507148886391046 0.16612306246367625 0.8799514179306444
vn -0.3627084469685605 -0.864988440523699 0.3467529095163211
vn -0.44507148886391046 -0.16612306246367625 -0.8799514179306444
vn -0.3183178859127464 -0.20019861788202273 -0.92660360289941
vn -0.06419776475983296 0.979754939413194 -0.18962833568665208
vn 0.3183178859127464 0.20019861788202273 0.92660360289941
vn 0.06419776475983296 -0.979754939413194 0.18962833568665208
vn -0.3183178859127464 -0.20019861788202273 -0.92660360289941
vn -0.26714411124384513 -0.18654130222197685 -0.9454291969222578
vn -0.5068454171916519 0.8616206093321547 -0.02678896500253592
vn 0.26714411124384513 0.18654130222197685 0.9454291969222578
vn 0.5068454171916519 -0.8616206093321547 0.02678896500253592
vn -0.26714411124384513 -0.18654130222197685 -0.9454291969222578
vn -0.28622057735863893 -0.2055763580847394 -0.9358504913142389
vn -0.8328151242992127 0.5363588420819686 0.1368874035803768
vn 0.28622057735863893 0.2055763580847394 0.9358504913142389
vn 0.8328151242992127 -0.5363588420819686 -0.1368874035803768
vn -0.28622057735863893 -0.2055763580847394 -0.9358504913142389
vn -0.31379241010886394 -0.30804527060742637 -0.8981327488820724
vn -0.9494911463538672 0.10273978147966484 0.29649806120298633
vn 0.31379241010886394 0.30804527060742637 0.8981327488820724
vn 0.9494911463538672 -0.10273978147966484 -0.29649806120298633
vn -0.31379241010886394 -0.30804527060742637 -0.8981327488820724
vn -0.26628494160009125 -0.48517447522941715 -0.8328853813478152
vn -0.8392506457592064 -0.30828646618072547 0.44790379364608557
vn 0.26628494160009125 0.48517447522941715 0.8328853813478152
vn 0.8392506457592064 0.30828646618072547 -0.44790379364608557
vn -0.26628494160009125 -0.48517447522941715 -0.8328853813478152
vn -0.19730197288689186 -0.5744111057022426 -0.7944330136272454
vn -0.7113872372447851 -0.47369105968847924 0.5191772131521545
vn 0.19730197288689186 0.5744111057022426 0.7944330136272454
vn 0.7113872372447851 0.47369105968847924 -0.5191772131521545
vn -0.19730197288689186 -0.5744111057022426 -0.7944330136272454
f 101/101/101 106/106/106 102/102/102
f 106/106/106 107/107/107 102/102/102
f 102/102/102 107/107/107 103/103/103
f 107/107/107 108/108/108 103/103/103
f 103/103/103 108/108/108 104/104/104
f 108/108/108 109/109/109 104/104/104
f 104/104/104 109/109/109 105/105/105
f 109/109/109 110/110/110 105/105/105
f 106/106/106 111/111/111 107/107/107
f 111/111/111 112/112/112 107/107/107
f 107/107/107 112/112/112 108/108/108
f 112/112/112 113/113/113 108/108/108
f 108/108/108 113/113/113 109/109/109
f 113/113/113 114/114/114 109/109/109
f 109/109/109 114/114/114 110/110/110
f 114/114/114 115/115/115 110/110/110
f 111/111/111 116/116/116 112/112/112
f 116/116/116 117/117/117 112/112/112
f 112/112/112 117/117/117 113/113/113
f 117/117/117 118/118/118 113/113/113
f 113/113/113 118/118/118 114/114/114
f 118/118/118 119/119/119 114/114/114
f 114/114/114 119/119/119 115/115/115
f 119/119/119 120/120/120 115/115/115
f 116/116/116 121/121/121 117/117/117
f 121/121/121 122/122/122 117/117/117
f 117/117/117 122/122/122 118/118/118
f 122/122/122 123/123/123 118/118/118
f 118/118/118 123/123/123 119/119/119
f 123/123/123 124/124/124 119/119/119
f 119/119/119 124/124/124 120/120/120
f 124/124/124 125/125/125 120/120/120
f 121/121/121 126/126/126 122/122/122
f 126/126/126 127/127/127 122/122/122
f 122/122/122 127/127/127 123/123/123
f 127/127/127 128/128/128 123/123/123
f 123/123/123 128/128/128 124/124/124
f 128/128/128 129/129/129 124/124/124
f 124/124/124 129/129/129 125/125/125
f 129/129/129 130/130/130 125/125/125
f 126/126/126 131/131/131 127/127/127
f 131/131/131 132/132/132 127/127/127
f 127/127/127 132/132/132 128/128/128
f 132/132/132 133/133/133 128/128/128
f 128/128/128 133/133/133 129/129/129
f 133/133/133 134/134/134 129/129/129
f 129/129/129 134/134/134 130/130/130
f 134/134/134 135/135/135 130/130/130
f 131/131/131 136/136/136 132/132/132
f 136/136/136 137/137/137 132/132/132
f 132/132/132 137/137/137 133/133/133
f 137/137/137 138/138/138 133/133/133
f 133/133/133 138/138/138 134/134/134
f 138/138/138 139/139/139 134/134/134
f 134/134/134 139/139/139 135/135/135
f 139/139/139 140/140/140 135/135/135
f 136/136/136 141/141/141 137/137/137
f 141/141/141 142/142/142 137/137/137
f 137/137/137 142/142/142 138/138/138
f 142/142/142 143/143/143 138/138/138
f 138/138/138 143/143/143 139/139/139
f 143/143/143 144/144/144 139/139/139
f 139/139/139 144/144/144 140/140/140
f 144/144/144 145/145/145 140/140/140
f 141/141/141 146/146/146 142/142/142
f 146/146/146 147/147/147 142/142/142
f 142/142/142 147/147/147 143/143/143
f 147/147/147 148/148/148 143/143/143
f 143/143/143 148/148/148 144/144/144
f 148/148/148 149/149/149 144/144/144
f 144/144/144 149/149/149 145/145/145
f 149/149/149 150/150/150 145/145/145
f 146/146/146 151/151/151 147/147/147
f 151/151/151 152/152/152 147/147/147
f 147/147/147 152/152/152 148/148/148
f 152/152/152 153/153/153 148/148/148
f 148/148/148 153/153/153 149/149/149
f 153/153/153 154/154/154 149/149/149
f 149/149/149 154/154/154 150/150/150
f 154/154/154 155/155/155 150/150/150
f 151/151/151 156/156/156 152/152/152
f 156/156/156 157/157/157 152/152/152
f 152/152/152 157/157/157 153/153/153
f 157/157/157 158/158/158 153/153/153
f 153/153/153 158/158/158 154/154/154
f 158/158/158 159/159/159 154/154/154
f 154/154/154 159/159/159 155/155/155
f 159/159/159 160/160/160 155/155/155
f 156/156/156 161/161/161 157/157/157
f 161/161/161 162/162/162 157/157/157
f 157/157/157 162/162/162 158/158/158
f 162/162/162 163/163/163 158/158/158
f 158/158/158 163/163/163 159/159/159
f 163/163/163 164/164/164 159/159/159
f 159/159/159 164/164/164 160/160/160
f 164/164/164 165/165/165 160/160/160
f 161/161/161 166/166/166 162/162/162
f 166/166/166 167/167/167 162/162/162
f 162/162/162 167/167/167 163/163/163
f 167/167/167 168/168/168 163/163/163
f 163/163/163 168/168/168 164/164/164
f 168/168/168 169/169/169 164/164/164
f 164/164/164 169/169/169 165/165/165
f 169/169/169 170/170/170 165/165/165
f 166/166/166 171/171/171 167/167/167
f 171/171/171 172/172/172 167/167/167
f 167/167/167 172/172/172 168/168/168
f 172/172/172 173/173/173 168/168/168
f 168/168/168 173/173/173 169/169/169
f 173/173/173 174/174/174 169/169/169
f 169/169/169 174/174/174 170/170/170
f 174/174/174 175/175/175 170/170/170
f 171/171/171 176/176/176 172/172/172
f 176/176/176 177/177/177 172/172/172
f 172/172/172 177/177/177 173/173/173
f 177/177/177 178/178/178 173/173/173
f 173/173/173 178/178/178 174/174/174
f 178/178/178 179/179/179 174/174/174
f 174/174/174 179/179/179 175/175/175
f 179/179/179 180/180/180 175/175/175
f 176/176/176 181/181/181 177/177/177
f 181/181/181 182/182/182 177/177/177
f 177/177/177 182/182/182 178/178/178
f 182/182/182 183/183/183 178/178/178
f 178/178/178 183/183/183 179/179/179
f 183/183/183 184/184/184 179/179/179
f 179/179/179 184/184/184 180/180/180
f 184/184/184 185/185/185 180/180/180
f 181/181/181 186/186/186 182/182/182
f 186/186/186 187/187/187 182/182/182
f 182/182/182 187/187/187 183/183/183
f 187/187/187 188/188/188 183/183/183
f 183/183/183 188/188/188 184/184/184
f 188/188/188 189/189/189 184/184/184
f 184/184/184 189/189/189 185/185/185
f 189/189/189 190/190/190 185/185/185
f 186/186/186 191/191/191 187/187/187
f 191/191/191 192/192/192 187/187/187
f 187/187/187 192/192/192 188/188/188
f 192/192/192 193/193/193 188/188/188
f 188/188/188 193/193/193 189/189/189
f 193/193/193 194/194/194 189/189/189
f 189/189/189 194/194/194 190/190/190
f 194/194/194 195/195/195 190/190/190
f 191/191/191 196/196/196 192/192/192
f 196/196/196 197/197/197 192/192/192
f 192/192/192 197/197/197 193/193/193
f 197/197/197 198/198/198 193/193/193
f 193/193/193 198/198/198 194/194/194
f 198/198/198 199/199/199 194/194/194
f 194/194/194 199/199/199 195/195/195
f 199/199/199 200/200/200 195/195/195
f 196/196/196 201/201/201 197/197/197
f 201/201/201 202/202/202 197/197/197
f 197/197/197 202/202/202 198/198/198
f 202/202/202 203/203/203 198/198/198
f 198/198/198 203/203/203 199/199/199
f 203/203/203 204/204/204 199/199/199
f 199/199/199 204/204/204 200/200/200
f 204/204/204 205/205/205 200/200/200
f 201/201/201 206/206/206 202/202/202
f 206/206/206 207/207/207 202/202/202
f 202/202/202 207/207/207 203/203/203
f 207/207/207 208/208/208 203/203/203
f 203/203/203 208/208/208 204/204/204
f 208/208/208 209/209/209 204/204/204
f 204/204/204 209/209/209 205/205/205
f 209/209/209 210/210/210 205/205/205
f 206/206/206 211/211/211 207/207/207
f 211/211/211 212/212/212 207/207/207
f 207/207/207 212/212/212 208/208/208
f 212/212/212 213/213/213 208/208/208
f 208/208/208 213/213/213 209/209/209
f 213/213/213 214/214/214 209/209/209
f 209/209/209 214/214/214 210/210/210
f 214/214/214 215/215/215 210/210/210
f 211/211/211 216/216/216 212/212/212
f 216/216/216 217/217/217 212/212/212
f 212/212/212 217/217/217 213/213/213
f 217/217/217 218/218/218 213/213/213
f 213/213/213 218/218/218 214/214/214
f 218/218/218 219/219/219 214/214/214
f 214/214/214 219/219/219 215/215/215
f 219/219/219 220/220/220 215/215/215
f 216/216/216 221/221/221 217/217/217
f 221/221/221 222/222/222 217/217/217
f 217/217/217 222/222/222 218/218/218
f 222/222/222 223/223/223 218/218/218
f 218/218/218 223/223/223 219/219/219
f 223/223/223 224/224/224 219/219/219
f 219/219/219 224/224/224 220/220/220
f 224/224/224 225/225/225 220/220/220
f 221/221/221 226/226/226 222/222/222
f 226/226/226 227/227/227 222/222/222
f 222/222/222 227/227/227 223/223/223
f 227/227/227 228/228/228 223/223/223
f 223/223/223 228/228/228 224/224/224
f 228/228/228 229/229/229 224/224/224
f 224/224/224 229/229/229 225/225/225
f 229/229/229 230/230/230 225/225/225
f 226/226/226 231/231/231 227/227/227
f 231/231/231 232/232/232 227/227/227
f 227/227/227 232/232/232 228/228/228
f 232/232/232 233/233/233 228/228/228
f 228/228/228 233/233/233 229/229/229
f 233/233/233 234/234/234 229/229/229
f 229/229/229 234/234/234 230/230/230
f 234/234/234 235/235/235 230/230/230
f 231/231/231 236/236/236 232/232/232
f 236/236/236 237/237/237 232/232/232
f 232/232/232 237/237/237 233/233/233
f 237/237/237 238/238/238 233/233/233
f 233/233/233 238/238/238 234/234/234
f 238/238/238 239/239/239 234/234/234
f 234/234/234 239/239/239 235/235/235
f 239/239/239 240/240/240 235/235/235
f 236/236/236 241/241/241 237/237/237
f 241/241/241 242/242/242 237/237/237
f 237/237/237 242/242/242 238/238/238
f 242/242/242 243/243/243 238/238/238
f 238/238/238 243/243/243 239/239/239
f 243/243/243 244/244/244 239/239/239
f 239/239/239 244/244/244 240/240/240
f 244/244/244 245/245/245 240/240/240
f 241/241/241 246/246/246 242/242/242
f 246/246/246 247/247/247 242/242/242
f 242/242/242 247/247/247 243/243/243
f 247/247/247 248/248/248 243/243/243
f 243/243/243 248/248/248 244/244/244
f 248/248/248 249/249/249 244/244/244
f 244/244/244 249/249/249 245/245/245
f 249/249/249 250/250/250 245/245/245
f 246/246/246 251/251/251 247/247/247
f 251/251/251 252/252/252 247/247/247
f 247/247/247 252/252/252 248/248/248
f 252/252/252 253/253/253 248/248/248
f 248/248/248 253/253/253 249/249/249
f 253/253/253 254/254/254 249/249/249
f 249/249/249 254/254/254 250/250/250
f 254/254/254 255/255/255 250/250/250
f 251/251/251 256/256/256 252/252/252
f 256/256/256 257/257/257 252/252/252
f 252/252/252 257/257/257 253/253/253
f 257/257/257 258/258/258 253/253/253
f 253/253/253 258/258/258 254/254/254
f 258/258/258 259/259/259 254/254/254
f 254/254/254 259/259/259 255/255/255
f 259/259/259 260/260/260 255/255/255
f 256/256/256 261/261/261 257/257/257
f 261/261/261 262/262/262 257/257/257
f 257/257/257 262/262/262 258/258/258
f 262/262/262 263/263/263 258/258/258
f 258/258/258 263/263/263 259/259/259
f 263/263/263 264/264/264 259/259/259
f 259/259/259 264/264/264 260/260/260
f 264/264/264 265/265/265 260/260/260
f 261/261/261 266/266/266 262/262/262
f 266/266/266 267/267/267 262/262/262
f 262/262/262 267/267/267 263/263/263
f 267/267/267 268/268/268 263/263/263
f 263/263/263 268/268/268 264/264/264
f 268/268/268 269/269/269 264/264/264
f 264/264/264 269/269/269 265/265/265
f 269/269/269 270/270/270 265/265/265
f 266/266/266 271/271/271 267/267/267
f 271/271/271 272/272/272 267/267/267
f 267/267/267 272/272/272 268/268/268
f 272/272/272 273/273/273 268/268/268
f 268/268/268 273/273/273 269/269/269
f 273/273/273 274/274/274 269/269/269
f 269/269/269 274/274/274 270/270/270
f 274/274/274 275/275/275 270/270/270
f 271/271/271 276/276/276 272/272/272
f 276/276/276 277/277/277 272/272/272
f 272/272/272 277/277/277 273/273/273
f 277/277/277 278/278/278 273/273/273
f 273/273/273 278/278/278 274/274/274
f 278/278/278 279/279/279 274/274/274
f 274/274/274 279/279/279 275/275/275
f 279/279/279 280/280/280 275/275/275
f 276/276/276 281/281/281 277/277/277
f 281/281/281 282/282/282 277/277/277
f 277/277/277 282/282/282 278/278/278
f 282/282/282 283/283/283 278/278/278
f 278/278/278 283/283/283 279/279/279
f 283/283/283 284/284/284 279/279/279
f 279/279/279 284/284/284 280/280/280
f 284/284/284 285/285/285 280/280/280
f 281/281/281 286/286/286 282/282/282
f 286/286/286 287/287/287 282/282/282
f 282/282/282 287/287/287 283/283/283
f 287/287/287 288/288/288 283/283/283
f 283/283/283 288/288/288 284/284/284
f 288/288/288 289/289/289 284/284/284
f 284/284/284 289/289/289 285/285/285
f 289/289/289 290/290/290 285/285/285
f 286/286/286 291/291/291 287/287/287
f 291/291/291 292/292/292 287/287/287
f 287/287/287 292/292/292 288/288/288
f 292/292/292 293/293/293 288/288/288
f 288/288/288 293/293/293 289/289/289
f 293/293/293 294/294/294 289/289/289
f 289/289/289 294/294/294 290/290/290
f 294/294/294 295/295/295 290/290/290
f 291/291/291 296/296/296 292/292/292
f 296/296/296 297/297/297 292/292/292
f 292/292/292 297/297/297 293/293/293
f 297/297/297 298/298/298 293/293/293
f 293/293/293 298/298/298 294/294/294
f 298/298/298 299/299/299 294/294/294
f 294/294/294 299/299/299 295/295/295
f 299/299/299 300/300/300 295/295/295
f 296/296/296 301/301/301 297/297/297
f 301/301/301 302/302/302 297/297/297
f 297/297/297 302/302/302 298/298/298
f 302/302/302 303/303/303 298/298/298
f 298/298/298 303/303/303 299/299/299
f 303/303/303 304/304/304 299/299/299
f 299/299/299 304/304/304 300/300/300
f 304/304/304 305/305/305 300/300/300
f 301/301/301 306/306/306 302/302/302
f 306/306/306 307/307/307 302/302/302
f 302/302/302 307/307/307 303/303/303
f 307/307/307 308/308/308 303/303/303
f 303/303/303 308/308/308 304/304/304
f 308/308/308 309/309/309 304/304/304
f 304/304/304 309/309/309 305/305/305
f 309/309/309 310/310/310 305/305/305
f 306/306/306 311/311/311 307/307/307
f 311/311/311 312/312/312 307/307/307
f 307/307/307 312/312/312 308/308/308
f 312/312/312 313/313/313 308/308/308
f 308/308/308 313/313/313 309/309/309
f 313/313/313 314/314/314 309/309/309
f 309/309/309 314/314/314 310/310/310
f 314/314/314 315/315/315 310/310/310
f 311/311/311 316/316/316 312/312/312
f 316/316/316 317/317/317 312/312/312
f 312/312/312 317/317/317 313/313/313
f 317/317/317 318/318/318 313/313/313
f 313/313/313 318/318/318 314/314/314
f 318/318/318 319/319/319 314/314/314
f 314/314/314 319/319/319 315/315/315
f 319/319/319 320/320/320 315/315/315
f 316/316/316 321/321/321 317/317/317
f 321/321/321 322/322/322 317/317/317
f 317/317/317 322/322/322 318/318/318
f 322/322/322 323/323/323 318/318/318
f 318/318/318 323/323/323 319/319/319
f 323/323/323 324/324/324 319/319/319
f 319/319/319 324/324/324 320/320/320
f 324/324/324 325/325/325 320/320/320
f 321/321/321 326/326/326 322/322/322
f 326/326/326 327/327/327 322/322/322
f 322/322/322 327/327/327 323/323/323
f 327/327/327 328/328/328 323/323/323
f 323/323/323 328/328/328 324/324/324
f 328/328/328 329/329/329 324/324/324
f 324/324/324 329/329/329 325/325/325
f 329/329/329 330/330/330 325/325/325
f 326/326/326 331/331/331 327/327/327
f 331/331/331 332/332/332 327/327/327
f 327/327/327 332/332/332 328/328/328
f 332/332/332 333/333/333 328/328/328
f 328/328/328 333/333/333 329/329/329
f 333/333/333 334/334/334 329/329/329
f 329/329/329 334/334/334 330/330/330
f 334/334/334 335/335/335 330/330/330
f 331/331/331 336/336/336 332/332/332
f 336/336/336 337/337/337 332/332/332
f 332/332/332 337/337/337 333/333/333
f 337/337/337 338/338/338 333/333/333
f 333/333/333 338/338/338 334/334/334
f 338/338/338 339/339/339 334/334/334
f 334/334/334 339/339/339 335/335/335
f 339/339/339 340/340/340 335/335/335
f 336/336/336 341/341/341 337/337/337
f 341/341/341 342/342/342 337/337/337
f 337/337/337 342/342/342 338/338/338
f 342/342/342 343/343/343 338/338/338
f 338/338/338 343/343/343 339/339/339
f 343/343/343 344/344/344 339/339/339
f 339/339/339 344/344/344 340/340/340
f 344/344/344 345/345/345 340/340/340
f 341/341/341 346/346/346 342/342/342
f 346/346/346 347/347/347 342/342/342
f 342/342/342 347/347/347 343/343/343
f 347/347/347 348/348/348 343/343/343
f 343/343/343 348/348/348 344/344/344
f 348/348/348 349/349/349 344/344/344
f 344/344/344 349/349/349 345/345/345
f 349/349/349 350/350/350 345/345/345
f 346/346/346 351/351/351 347/347/347
f 351/351/351 352/352/352 347/347/347
f 347/347/347 352/352/352 348/348/348
f 352/352/352 353/353/353 348/348/348
f 348/348/348 353/353/353 349/349/349
f 353/353/353 354/354/354 349/349/349
f 349/349/349 354/354/354 350/350/350
f 354/354/354 355/355/355 350/350/350
f 351/351/351 356/356/356 352/352/352
f 356/356/356 357/357/357 352/352/352
f 352/352/352 357/357/357 353/353/353
f 357/357/357 358/358/358 353/353/353
f 353/353/353 358/358/358 354/354/354
f 358/358/358 359/359/359 354/354/354
f 354/354/354 359/359/359 355/355/355
f 359/359/359 360/360/360 355/355/355
f 356/356/356 361/361/361 357/357/357
f 361/361/361 362/362/362 357/357/357
f 357/357/357 362/362/362 358/358/358
f 362/362/362 363/363/363 358/358/358
f 358/358/358 363/363/363 359/359/359
f 363/363/363 364/364/364 359/359/359
f 359/359/359 364/364/364 360/360/360
f 364/364/364 365/365/365 360/360/360
f 361/361/361 366/366/366 362/362/362
f 366/366/366 367/367/367 362/362/362
f 362/362/362 367/367/367 363/363/363
f 367/367/367 368/368/368 363/363/363
f 363/363/363 368/368/368 364/364/364
f 368/368/368 369/369/369 364/364/364
f 364/364/364 369/369/369 365/365/365
f 369/369/369 370/370/370 365/365/365
f 366/366/366 371/371/371 367/367/367
f 371/371/371 372/372/372 367/367/367
f 367/367/367 372/372/372 368/368/368
f 372/372/372 373/373/373 368/368/368
f 368/368/368 373/373/373 369/369/369
f 373/373/373 374/374/374 369/369/369
f 369/369/369 374/374/374 370/370/370
f 374/374/374 375/375/375 370/370/370
f 371/371/371 376/376/376 372/372/372
f 376/376/376 377/377/377 372/372/372
f 372/372/372 377/377/377 373/373/373
f 377/377/377 378/378/378 373/373/373
f 373/373/373 378/378/378 374/374/374
f 378/378/378 379/379/379 374/374/374
f 374/374/374 379/379/379 375/375/375
f 379/379/379 380/380/380 375/375/375
f 376/376/376 381/381/381 377/377/377
f 381/381/381 382/382/382 377/377/377
f 377/377/377 382/382/382 378/378/378
f 382/382/382 383/383/383 378/378/378
f 378/378/378 383/383/383 379/379/379
f 383/383/383 384/384/384 379/379/379
f 379/379/379 384/384/384 380/380/380
f 384/384/384 385/385/385 380/380/380
f 381/381/381 386/386/386 382/382/382
f 386/386/386 387/387/387 382/382/382
f 382/382/382 387/387/387 383/383/383
f 387/387/387 388/388/388 383/383/383
f 383/383/383 388/388/388 384/384/384
f 388/388/388 389/389/389 384/384/384
f 384/384/384 389/389/389 385/385/385
f 389/389/389 390/390/390 385/385/385
f 386/386/386 391/391/391 387/387/387
f 391/391/391 392/392/392 387/387/387
f 387/387/387 392/392/392 388/388/388
f 392/392/392 393/393/393 388/388/388
f 388/388/388 393/393/393 389/389/389
f 393/393/393 394/394/394 389/389/389
f 389/389/389 394/394/394 390/390/390
f 394/394/394 395/395/395 390/390/390
f 391/391/391 396/396/396 392/392/392
f 396/396/396 397/397/397 392/392/392
f 392/392/392 397/397/397 393/393/393
f 397/397/397 398/398/398 393/393/393
f 393/393/393 398/398/398 394/394/394
f 398/398/398 399/399/399 394/394/394
f 394/394/394 399/399/399 395/395/395
f 399/399/399 400/400/400 395/395/395
f 396/396/396 401/401/401 397/397/397
f 401/401/401 402/402/402 397/397/397
f 397/397/397 402/402/402 398/398/398
f 402/402/402 403/403/403 398/398/398
f 398/398/398 403/403/403 399/399/399
f 403/403/403 404/404/404 399/399/399
f 399/399/399 404/404/404 400/400/400
f 404/404/404 405/405/405 400/400/400
f 401/401/401 406/406/406 402/402/402
f 406/406/406 407/407/407 402/402/402
f 402/402/402 407/407/407 403/403/403
f 407/407/407 408/408/408 403/403/403
f 403/403/403 408/408/408 404/404/404
f 408/408/408 409/409/409 404/404/404
f 404/404/404 409/409/409 405/405/405
f 409/409/409 410/410/410 405/405/405
f 406/406/406 411/411/411 407/407/407
f 411/411/411 412/412/412 407/407/407
f 407/407/407 412/412/412 408/408/408
f 412/412/412 413/413/413 408/408/408
f 408/408/408 413/413/413 409/409/409
f 413/413/413 414/414/414 409/409/409
f 409/409/409 414/414/414 410/410/410
f 414/414/414 415/415/415 410/410/410
f 411/411/411 416/416/416 412/412/412
f 416/416/416 417/417/417 412/412/412
f 412/412/412 417/417/417 413/413/413
f 417/417/417 418/418/418 413/413/413
f 413/413/413 418/418/418 414/414/414
f 418/418/418 419/419/419 414/414/414
f 414/414/414 419/419/419 415/415/415
f 419/419/419 420/420/420 415/415/415
f 416/416/416 421/421/421 417/417/417
f 421/421/421 422/422/422 417/417/417
f 417/417/417 422/422/422 418/418/418
f 422/422/422 423/423/423 418/418/418
f 418/418/418 423/423/423 419/419/419
f 423/423/423 424/424/424 419/419/419
f 419/419/419 424/424/424 420/420/420
f 424/424/424 425/425/425 420/420/420
f 421/421/421 426/426/426 422/422/422
f 426/426/426 427/427/427 422/422/422
f 422/422/422 427/427/427 423/423/423
f 427/427/427 428/428/428 423/423/423
f 423/423/423 428/428/428 424/424/424
f 428/428/428 429/429/429 424/424/424
f 424/424/424 429/429/429 425/425/425
f 429/429/429 430/430/430 425/425/425
f 426/426/426 431/431/431 427/427/427
f 431/431/431 432/432/432 427/427/427
f 427/427/427 432/432/432 428/428/428
f 432/432/432 433/433/433 428/428/428
f 428/428/428 433/433/433 429/429/429
f 433/433/433 434/434/434 429/429/429
f 429/429/429 434/434/434 430/430/430
f 434/434/434 435/435/435 430/430/430
f 431/431/431 436/436/436 432/432/432
f 436/436/436 437/437/437 432/432/432
f 432/432/432 437/437/437 433/433/433
f 437/437/437 438/438/438 433/433/433
f 433/433/433 438/438/438 434/434/434
f 438/438/438 439/439/439 434/434/434
f 434/434/434 439/439/439 435/435/435
f 439/439/439 440/440/440 435/435/435
f 436/436/436 441/441/441 437/437/437
f 441/441/441 442/442/442 437/437/437
f 437/437/437 442/442/442 438/438/438
f 442/442/442 443/443/443 438/438/438
f 438/438/438 443/443/443 439/439/439
f 443/443/443 444/444/444 439/439/439
f 439/439/439 444/444/444 440/440/440
f 444/444/444 445/445/445 440/440/440
f 441/441/441 446/446/446 442/442/442
f 446/446/446 447/447/447 442/442/442
f 442/442/442 447/447/447 443/443/443
f 447/447/447 448/448/448 443/443/443
f 443/443/443 448/448/448 444/444/444
f 448/448/448 449/449/449 444/444/444
f 444/444/444 449/449/449 445/445/445
f 449/449/449 450/450/450 445/445/445
f 446/446/446 451/451/451 447/447/447
f 451/451/451 452/452/452 447/447/447
f 447/447/447 452/452/452 448/448/448
f 452/452/452 453/453/453 448/448/448
f 448/448/448 453/453/453 449/449/449
f 453/453/453 454/454/454 449/449/449
f 449/449/449 454/454/454 450/450/450
f 454/454/454 455/455/455 450/450/450
f 451/451/451 456/456/456 452/452/452
f 456/456/456 457/457/457 452/452/452
f 452/452/452 457/457/457 453/453/453
f 457/457/457 458/458/458 453/453/453
f 453/453/453 458/458/458 454/454/454
f 458/458/458 459/459/459 454/454/454
f 454/454/454 459/459/459 455/455/455
f 459/459/459 460/460/460 455/455/455
f 456/456/456 461/461/461 457/457/457
f 461/461/461 462/462/462 457/457/457
f 457/457/457 462/462/462 458/458/458
f 462/462/462 463/463/463 458/458/458
f 458/458/458 463/463/463 459/459/459
f 463/463/463 464/464/464 459/459/459
f 459/459/459 464/464/464 460/460/460
f 464/464/464 465/465/465 460/460/460
f 461/461/461 466/466/466 462/462/462
f 466/466/466 467/467/467 462/462/462
f 462/462/462 467/467/467 463/463/463
f 467/467/467 468/468/468 463/463/463
f 463/463/463 468/468/468 464/464/464
f 468/468/468 469/469/469 464/464/464
f 464/464/464 469/469/469 465/465/465
f 469/469/469 470/470/470 465/465/465
f 466/466/466 471/471/471 467/467/467
f 471/471/471 472/472/472 467/467/467
f 467/467/467 472/472/472 468/468/468
f 472/472/472 473/473/473 468/468/468
f 468/468/468 473/473/473 469/469/469
f 473/473/473 474/474/474 469/469/469
f 469/469/469 474/474/474 470/470/470
f 474/474/474 475/475/475 470/470/470
f 471/471/471 476/476/476 472/472/472
f 476/476/476 477/477/477 472/472/472
f 472/472/472 477/477/477 473/473/473
f 477/477/477 478/478/478 473/473/473
f 473/473/473 478/478/478 474/474/474
f 478/478/478 479/479/479 474/474/474
f 474/474/474 479/479/479 475/475/475
f 479/479/479 480/480/480 475/475/475
f 476/476/476 481/481/481 477/477/477
f 481/481/481 482/482/482 477/477/477
f 477/477/477 482/482/482 478/478/478
f 482/482/482 483/483/483 478/478/478
f 478/478/478 483/483/483 479/479/479
f 483/483/483 484/484/484 479/479/479
f 479/479/479 484/484/484 480/480/480
f 484/484/484 485/485/485 480/480/480
f 481/481/481 486/486/486 482/482/482
f 486/486/486 487/487/487 482/482/482
f 482/482/482 487/487/487 483/483/483
f 487/487/487 488/488/488 483/483/483
f 483/483/483 488/488/488 484/484/484
f 488/488/488 489/489/489 484/484/484
f 484/484/484 489/489/489 485/485/485
f 489/489/489 490/490/490 485/485/485
f 486/486/486 491/491/491 487/487/487
f 491/491/491 492/492/492 487/487/487
f 487/487/487 492/492/492 488/488/488
f 492/492/492 493/493/493 488/488/488
f 488/488/488 493/493/493 489/489/489
f 493/493/493 494/494/494 489/489/489
f 489/489/489 494/494/494 490/490/490
f 494/494/494 495/495/495 490/490/490
f 491/491/491 496/496/496 492/492/492
f 496/496/496 497/497/497 492/492/492
f 492/492/492 497/497/497 493/493/493
f 497/497/497 498/498/498 493/493/493
f 493/493/493 498/498/498 494/494/494
f 498/498/498 499/499/499 494/494/494
f 494/494/494 499/499/499 495/495/495
f 499/499/499 500/500/500 495/495/495
f 496/496/496 501/501/501 497/497/497
f 501/501/501 502/502/502 497/497/497
f 497/497/497 502/502/502 498/498/498
f 502/502/502 503/503/503 498/498/498
f 498/498/498 503/503/503 499/499/499
f 503/503/503 504/504/504 499/499/499
f 499/499/499 504/504/504 500/500/500
f 504/504/504 505/505/505 500/500/500
f 501/501/501 506/506/506 502/502/502
f 506/506/506 507/507/507 502/502/502
f 502/502/502 507/507/507 503/503/503
f 507/507/507 508/508/508 503/503/503
f 503/503/503 508/508/508 504/504/504
f 508/508/508 509/509/509 504/504/504
f 504/504/504 509/509/509 505/505/505
f 509/509/509 510/510/510 505/505/505
f 506/506/506 511/511/511 507/507/507
f 511/511/511 512/512/512 507/507/507
f 507/507/507 512/512/512 508/508/508
f 512/512/512 513/513/513 508/508/508
f 508/508/508 513/513/513 509/509/509
f 513/513/513 514/514/514 509/509/509
f 509/509/509 514/514/514 510/510/510
f 514/514/514 515/515/515 510/510/510
f 511/511/511 516/516/516 512/512/512
f 516/516/516 517/517/517 512/512/512
f 512/512/512 517/517/517 513/513/513
f 517/517/517 518/518/518 513/513/513
f 513/513/513 518/518/518 514/514/514
f 518/518/518 519/519/519 514/514/514
f 514/514/514 519/519/519 515/515/515
f 519/519/519 520/520/520 515/515/515
f 516/516/516 521/521/521 517/517/517
f 521/521/521 522/522/522 517/517/517
f 517/517/517 522/522/522 518/518/518
f 522/522/522 523/523/523 518/518/518
f 518/518/518 523/523/523 519/519/519
f 523/523/523 524/524/524 519/519/519
f 519/519/519 524/524/524 520/520/520
f 524/524/524 525/525/525 520/520/520
f 521/521/521 526/526/526 522/522/522
f 526/526/526 527/527/527 522/522/522
f 522/522/522 527/527/527 523/523/523
f 527/527/527 528/528/528 523/523/523
f 523/523/523 528/528/528 524/524/524
f 528/528/528 529/529/529 524/524/524
f 524/524/524 529/529/529 525/525/525
f 529/529/529 530/530/530 525/525/525
f 526/526/526 531/531/531 527/527/527
f 531/531/531 532/532/532 527/527/527
f 527/527/527 532/532/532 528/528/528
f 532/532/532 533/533/533 528/528/528
f 528/528/528 533/533/533 529/529/529
f 533/533/533 534/534/534 529/529/529
f 529/529/529 534/534/534 530/530/530
f 534/534/534 535/535/535 530/530/530
f 531/531/531 536/536/536 532/532/532
f 536/536/536 537/537/537 532/532/532
f 532/532/532 537/537/537 533/533/533
f 537/537/537 538/538/538 533/533/533
f 533/533/533 538/538/538 534/534/534
f 538/538/538 539/539/539 534/534/534
f 534/534/534 539/539/539 535/535/535
f 539/539/539 540/540/540 535/535/535
f 536/536/536 541/541/541 537/537/537
f 541/541/541 542/542/542 537/537/537
f 537/537/537 542/542/542 538/538/538
f 542/542/542 543/543/543 538/538/538
f 538/538/538 543/543/543 539/539/539
f 543/543/543 544/544/544 539/539/539
f 539/539/539 544/544/544 540/540/540
f 544/544/544 545/545/545 540/540/540
f 541/541/541 546/546/546 542/542/542
f 546/546/546 547/547/547 542/542/542
f 542/542/542 547/547/547 543/543/543
f 547/547/547 548/548/548 543/543/543
f 543/543/543 548/548/548 544/544/544
f 548/548/548 549/549/549 544/544/544
f 544/544/544 549/549/549 545/545/545
f 549/549/549 550/550/550 545/545/545
f 546/546/546 551/551/551 547/547/547
f 551/551/551 552/552/552 547/547/547
f 547/547/547 552/552/552 548/548/548
f 552/552/552 553/553/553 548/548/548
f 548/548/548 553/553/553 549/549/549
f 553/553/553 554/554/554 549/549/549
f 549/549/549 554/554/554 550/550/550
f 554/554/554 555/555/555 550/550/550
f 551/551/551 556/556/556 552/552/552
f 556/556/556 557/557/557 552/552/552
f 552/552/552 557/557/557 553/553/553
f 557/557/557 558/558/558 553/553/553
f 553/553/553 558/558/558 554/554/554
f 558/558/558 559/559/559 554/554/554
f 554/554/554 559/559/559 555/555/555
f 559/559/559 560/560/560 555/555/555
f 556/556/556 561/561/561 557/557/557
f 561/561/561 562/562/562 557/557/557
f 557/557/557 562/562/562 558/558/558
f 562/562/562 563/563/563 558/558/558
f 558/558/558 563/563/563 559/559/559
f 563/563/563 564/564/564 559/559/559
f 559/559/559 564/564/564 560/560/560
f 564/564/564 565/565/565 560/560/560
f 561/561/561 566/566/566 562/562/562
f 566/566/566 567/567/567 562/562/562
f 562/562/562 567/567/567 563/563/563
f 567/567/567 568/568/568 563/563/563
f 563/563/563 568/568/568 564/564/564
f 568/568/568 569/569/569 564/564/564
f 564/564/564 569/569/569 565/565/565
f 569/569/569 570/570/570 565/565/565
f 566/566/566 571/571/571 567/567/567
f 571/571/571 572/572/572 567/567/567
f 567/567/567 572/572/572 568/568/568
f 572/572/572 573/573/573 568/568/568
f 568/568/568 573/573/573 569/569/569
f 573/573/573 574/574/574 569/569/569
f 569/569/569 574/574/574 570/570/570
f 574/574/574 575/575/575 570/570/570
f 571/571/571 576/576/576 572/572/572
f 576/576/576 577/577/577 572/572/572
f 572/572/572 577/577/577 573/573/573
f 577/577/577 578/578/578 573/573/573
f 573/573/573 578/578/578 574/574/574
f 578/578/578 579/579/579 574/574/574
f 574/574/574 579/579/579 575/575/575
f 579/579/579 580/580/580 575/575/575
f 576/576/576 581/581/581 577/577/577
f 581/581/581 582/582/582 577/577/577
f 577/577/577 582/582/582 578/578/578
f 582/582/582 583/583/583 578/578/578
f 578/578/578 583/583/583 579/579/579
f 583/583/583 584/584/584 579/579/579
f 579/579/579 584/584/584 580/580/580
f 584/584/584 585/585/585 580/580/580
f 581/581/581 586/586/586 582/582/582
f 586/586/586 587/587/587 582/582/582
f 582/582/582 587/587/587 583/583/583
f 587/587/587 588/588/588 583/583/583
f 583/583/583 588/588/588 584/584/584
f 588/588/588 589/589/589 584/584/584
f 584/584/584 589/589/589 585/585/585
f 589/589/589 590/590/590 585/585/585
f 586/586/586 591/591/591 587/587/587
f 591/591/591 592/592/592 587/587/587
f 587/587/587 592/592/592 588/588/588
f 592/592/592 593/593/593 588/588/588
f 588/588/588 593/593/593 589/589/589
f 593/593/593 594/594/594 589/589/589
f 589/589/589 594/594/594 590/590/590
f 594/594/594 595/595/595 590/590/590
f 591/591/591 596/596/596 592/592/592
f 596/596/596 597/597/597 592/592/592
f 592/592/592 597/597/597 593/593/593
f 597/597/597 598/598/598 593/593/593
f 593/593/593 598/598/598 594/594/594
f 598/598/598 599/599/599 594/594/594
f 594/594/594 599/599/599 595/595/595
f 599/599/599 600/600/600 595/595/595
f 596/596/596 601/601/601 597/597/597
f 601/601/601 602/602/602 597/597/597
f 597/597/597 602/602/602 598/598/598
f 602/602/602 603/603/603 598/598/598
f 598/598/598 603/603/603 599/599/599
f 603/603/603 604/604/604 599/599/599
f 599/599/599 604/604/604 600/600/600
f 604/604/604 605/605/605 600/600/600
f 601/601/601 606/606/606 602/602/602
f 606/606/606 607/607/607 602/602/602
f 602/602/602 607/607/607 603/603/603
f 607/607/607 608/608/608 603/603/603
f 603/603/603 608/608/608 604/604/604
f 608/608/608 609/609/609 604/604/604
f 604/604/604 609/609/609 605/605/605
f 609/609/609 610/610/610 605/605/605
f 606/606/606 611/611/611 607/607/607
f 611/611/611 612/612/612 607/607/607
f 607/607/607 612/612/612 608/608/608
f 612/612/612 613/613/613 608/608/608
f 608/608/608 613/613/613 609/609/609
f 613/613/613 614/614/614 609/609/609
f 609/609/609 614/614/614 610/610/610
f 614/614/614 615/615/615 610/610/610
f 611/611/611 616/616/616 612/612/612
f 616/616/616 617/617/617 612/612/612
f 612/612/612 617/617/617 613/613/613
f 617/617/617 618/618/618 613/613/613
f 613/613/613 618/618/618 614/614/614
f 618/618/618 619/619/619 614/614/614
f 614/614/614 619/619/619 615/615/615
f 619/619/619 620/620/620 615/615/615
f 616/616/616 621/621/621 617/617/617
f 621/621/621 622/622/622 617/617/617
f 617/617/617 622/622/622 618/618/618
f 622/622/622 623/623/623 618/618/618
f 618/618/618 623/623/623 619/619/619
f 623/623/623 624/624/624 619/619/619
f 619/619/619 624/624/624 620/620/620
f 624/624/624 625/625/625 620/620/620
f 621/621/621 626/626/626 622/622/622
f 626/626/626 627/627/627 622/622/622
f 622/622/622 627/627/627 623/623/623
f 627/627/627 628/628/628 623/623/623
f 623/623/623 628/628/628 624/624/624
f 628/628/628 629/629/629 624/624/624
f 624/624/624 629/629/629 625/625/625
f 629/629/629 630/630/630 625/625/625
f 626/626/626 631/631/631 627/627/627
f 631/631/631 632/632/632 627/627/627
f 627/627/627 632/632/632 628/628/628
f 632/632/632 633/633/633 628/628/628
f 628/628/628 633/633/633 629/629/629
f 633/633/633 634/634/634 629/629/629
f 629/629/629 634/634/634 630/630/630
f 634/634/634 635/635/635 630/630/630
f 631/631/631 636/636/636 632/632/632
f 636/636/636 637/637/637 632/632/632
f 632/632/632 637/637/637 633/633/633
f 637/637/637 638/638/638 633/633/633
f 633/633/633 638/638/638 634/634/634
f 638/638/638 639/639/639 634/634/634
f 634/634/634 639/639/639 635/635/635
f 639/639/639 640/640/640 635/635/635
f 636/636/636 641/641/641 637/637/637
f 641/641/641 642/642/642 637/637/637
f 637/637/637 642/642/642 638/638/638
f 642/642/642 643/643/643 638/638/638
f 638/638/638 643/643/643 639/639/639
f 643/643/643 644/644/644 639/639/639
f 639/639/639 644/644/644 640/640/640
f 644/644/644 645/645/645 640/640/640
f 641/641/641 646/646/646 642/642/642
f 646/646/646 647/647/647 642/642/642
f 642/642/642 647/647/647 643/643/643
f 647/647/647 648/648/648 643/643/643
f 643/643/643 648/648/648 644/644/644
f 648/648/648 649/649/649 644/644/644
f 644/644/644 649/649/649 645/645/645
f 649/649/649 650/650/650 645/645/645
f 646/646/646 651/651/651 647/647/647
f 651/651/651 652/652/652 647/647/647
f 647/647/647 652/652/652 648/648/648
f 652/652/652 653/653/653 648/648/648
f 648/648/648 653/653/653 649/649/649
f 653/653/653 654/654/654 649/649/649
f 649/649/649 654/654/654 650/650/650
f 654/654/654 655/655/655 650/650/650
f 651/651/651 656/656/656 652/652/652
f 656/656/656 657/657/657 652/652/652
f 652/652/652 657/657/657 653/653/653
f 657/657/657 658/658/658 653/653/653
f 653/653/653 658/658/658 654/654/654
f 658/658/658 659/659/659 654/654/654
f 654/654/654 659/659/659 655/655/655
f 659/659/659 660/660/660 655/655/655
f 656/656/656 661/661/661 657/657/657
f 661/661/661 662/662/662 657/657/657
f 657/657/657 662/662/662 658/658/658
f 662/662/662 663/663/663 658/658/658
f 658/658/658 663/663/663 659/659/659
f 663/663/663 664/664/664 659/659/659
f 659/659/659 664/664/664 660/660/660
f 664/664/664 665/665/665 660/660/660
f 661/661/661 666/666/666 662/662/662
f 666/666/666 667/667/667 662/662/662
f 662/662/662 667/667/667 663/663/663
f 667/667/667 668/668/668 663/663/663
f 663/663/663 668/668/668 664/664/664
f 668/668/668 669/669/669 664/664/664
f 664/664/664 669/669/669 665/665/665
f 669/669/669 670/670/670 665/665/665
f 666/666/666 671/671/671 667/667/667
f 671/671/671 672/672/672 667/667/667
f 667/667/667 672/672/672 668/668/668
f 672/672/672 673/673/673 668/668/668
f 668/668/668 673/673/673 669/669/669
f 673/673/673 674/674/674 669/669/669
f 669/669/669 674/674/674 670/670/670
f 674/674/674 675/675/675 670/670/670
f 671/671/671 676/676/676 672/672/672
f 676/676/676 677/677/677 672/672/672
f 672/672/672 677/677/677 673/673/673
f 677/677/677 678/678/678 673/673/673
f 673/673/673 678/678/678 674/674/674
f 678/678/678 679/679/679 674/674/674
f 674/674/674 679/679/679 675/675/675
f 679/679/679 680/680/680 675/675/675
f 676/676/676 681/681/681 677/677/677
f 681/681/681 682/682/682 677/677/677
f 677/677/677 682/682/682 678/678/678
f 682/682/682 683/683/683 678/678/678
f 678/678/678 683/683/683 679/679/679
f 683/683/683 684/684/684 679/679/679
f 679/679/679 684/684/684 680/680/680
f 684/684/684 685/685/685 680/680/680
f 681/681/681 686/686/686 682/682/682
f 686/686/686 687/687/687 682/682/682
f 682/682/682 687/687/687 683/683/683
f 687/687/687 688/688/688 683/683/683
f 683/683/683 688/688/688 684/684/684
f 688/688/688 689/689/689 684/684/684
f 684/684/684 689/689/689 685/685/685
f 689/689/689 690/690/690 685/685/685
f 686/686/686 691/691/691 687/687/687
f 691/691/691 692/692/692 687/687/687
f 687/687/687 692/692/692 688/688/688
f 692/692/692 693/693/693 688/688/688
f 688/688/688 693/693/693 689/689/689
f 693/693/693 694/694/694 689/689/689
f 689/689/689 694/694/694 690/690/690
f 694/694/694 695/695/695 690/690/690
f 691/691/691 696/696/696 692/692/692
f 696/696/696 697/697/697 692/692/692
f 692/692/692 697/697/697 693/693/693
f 697/697/697 698/698/698 693/693/693
f 693/693/693 698/698/698 694/694/694
f 698/698/698 699/699/699 694/694/694
f 694/694/694 699/699/699 695/695/695
f 699/699/699 700/700/700 695/695/695
f 696/696/696 701/701/701 697/697/697
f 701/701/701 702/702/702 697/697/697
f 697/697/697 702/702/702 698/698/698
f 702/702/702 703/703/703 698/698/698
f 698/698/698 703/703/703 699/699/699
f 703/703/703 704/704/704 699/699/699
f 699/699/699 704/704/704 700/700/700
f 704/704/704 705/705/705 700/700/700
f 701/701/701 706/706/706 702/702/702
f 706/706/706 707/707/707 702/702/702
f 702/702/702 707/707/707 703/703/703
f 707/707/707 708/708/708 703/703/703
f 703/703/703 708/708/708 704/704/704
f 708/708/708 709/709/709 704/704/704
f 704/704/704 709/709/709 705/705/705
f 709/709/709 710/710/710 705/705/705
f 706/706/706 711/711/711 707/707/707
f 711/711/711 712/712/712 707/707/707
f 707/707/707 712/712/712 708/708/708
f 712/712/712 713/713/713 708/708/708
f 708/708/708 713/713/713 709/709/709
f 713/713/713 714/714/714 709/709/709
f 709/709/709 714/714/714 710/710/710
f 714/714/714 715/715/715 710/710/710
f 711/711/711 716/716/716 712/712/712
f 716/716/716 717/717/717 712/712/712
f 712/712/712 717/717/717 713/713/713
f 717/717/717 718/718/718 713/713/713
f 713/713/713 718/718/718 714/714/714
f 718/718/718 719/719/719 714/714/714
f 714/714/714 719/719/719 715/715/715
f 719/719/719 720/720/720 715/715/715
f 716/716/716 721/721/721 717/717/717
f 721/721/721 722/722/722 717/717/717
f 717/717/717 722/722/722 718/718/718
f 722/722/722 723/723/723 718/718/718
f 718/718/718 723/723/723 719/719/719
f 723/723/723 724/724/724 719/719/719
f 719/719/719 724/724/724 720/720/720
f 724/724/724 725/725/725 720/720/720
f 721/721/721 726/726/726 722/722/722
f 726/726/726 727/727/727 722/722/722
f 722/722/722 727/727/727 723/723/723
f 727/727/727 728/728/728 723/723/723
f 723/723/723 728/728/728 724/724/724
f 728/728/728 729/729/729 724/724/724
f 724/724/724 729/729/729 725/725/725
f 729/729/729 730/730/730 725/725/725
f 726/726/726 731/731/731 727/727/727
f 731/731/731 732/732/732 727/727/727
f 727/727/727 732/732/732 728/728/728
f 732/732/732 733/733/733 728/728/728
f 728/728/728 733/733/733 729/729/729
f 733/733/733 734/734/734 729/729/729
f 729/729/729 734/734/734 730/730/730
f 734/734/734 735/735/735 730/730/730
f 731/731/731 736/736/736 732/732/732
f 736/736/736 737/737/737 732/732/732
f 732/732/732 737/737/737 733/733/733
f 737/737/737 738/738/738 733/733/733
f 733/733/733 738/738/738 734/734/734
f 738/738/738 739/739/739 734/734/734
f 734/734/734 739/739/739 735/735/735
f 739/739/739 740/740/740 735/735/735
f 736/736/736 741/741/741 737/737/737
f 741/741/741 742/742/742 737/737/737
f 737/737/737 742/742/742 738/738/738
f 742/742/742 743/743/743 738/738/738
f 738/738/738 743/743/743 739/739/739
f 743/743/743 744/744/744 739/739/739
f 739/739/739 744/744/744 740/740/740
f 744/744/744 745/745/745 740/740/740
f 741/741/741 746/746/746 742/742/742
f 746/746/746 747/747/747 742/742/742
f 742/742/742 747/747/747 743/743/743
f 747/747/747 748/748/748 743/743/743
f 743/743/743 748/748/748 744/744/744
f 748/748/748 749/749/749 744/744/744
f 744/744/744 749/749/749 745/745/745
f 749/749/749 750/750/750 745/745/745
f 746/746/746 751/751/751 747/747/747
f 751/751/751 752/752/752 747/747/747
f 747/747/747 752/752/752 748/748/748
f 752/752/752 753/753/753 748/748/748
f 748/748/748 753/753/753 749/749/749
f 753/753/753 754/754/754 749/749/749
f 749/749/749 754/754/754 750/750/750
f 754/754/754 755/755/755 750/750/750
f 751/751/751 756/756/756 752/752/752
f 756/756/756 757/757/757 752/752/752
f 752/752/752 757/757/757 753/753/753
f 757/757/757 758/758/758 753/753/753
f 753/753/753 758/758/758 754/754/754
f 758/758/758 759/759/759 754/754/754
f 754/754/754 759/759/759 755/755/755
f 759/759/759 760/760/760 755/755/755
f 756/756/756 761/761/761 757/757/757
f 761/761/761 762/762/762 757/757/757
f 757/757/757 762/762/762 758/758/758
f 762/762/762 763/763/763 758/758/758
f 758/758/758 763/763/763 759/759/759
f 763/763/763 764/764/764 759/759/759
f 759/759/759 764/764/764 760/760/760
f 764/764/764 765/765/765 760/760/760
f 761/761/761 766/766/766 762/762/762
f 766/766/766 767/767/767 762/762/762
f 762/762/762 767/767/767 763/763/763
f 767/767/767 768/768/768 763/763/763
f 763/763/763 768/768/768 764/764/764
f 768/768/768 769/769/769 764/764/764
f 764/764/764 769/769/769 765/765/765
f 769/769/769 770/770/770 765/765/765
f 766/766/766 771/771/771 767/767/767
f 771/771/771 772/772/772 767/767/767
f 767/767/767 772/772/772 768/768/768
f 772/772/772 773/773/773 768/768/768
f 768/768/768 773/773/773 769/769/769
f 773/773/773 774/774/774 769/769/769
f 769/769/769 774/774/774 770/770/770
f 774/774/774 775/775/775 770/770/770
f 771/771/771 776/776/776 772/772/772
f 776/776/776 777/777/777 772/772/772
f 772/772/772 777/777/777 773/773/773
f 777/777/777 778/778/778 773/773/773
f 773/773/773 778/778/778 774/774/774
f 778/778/778 779/779/779 774/774/774
f 774/774/774 779/779/779 775/775/775
f 779/779/779 780/780/780 775/775/775
f 776/776/776 781/781/781 777/777/777
f 781/781/781 782/782/782 777/777/777
f 777/777/777 782/782/782 778/778/778
f 782/782/782 783/783/783 778/778/778
f 778/778/778 783/783/783 779/779/779
f 783/783/783 784/784/784 779/779/779
f 779/779/779 784/784/784 780/780/780
f 784/784/784 785/785/785 780/780/780
f 781/781/781 786/786/786 782/782/782
f 786/786/786 787/787/787 782/782/782
f 782/782/782 787/787/787 783/783/783
f 787/787/787 788/788/788 783/783/783
f 783/783/783 788/788/788 784/784/784
f 788/788/788 789/789/789 784/784/784
f 784/784/784 789/789/789 785/785/785
f 789/789/789 790/790/790 785/785/785
f 786/786/786 791/791/791 787/787/787
f 791/791/791 792/792/792 787/787/787
f 787/787/787 792/792/792 788/788/788
f 792/792/792 793/793/793 788/788/788
f 788/788/788 793/793/793 789/789/789
f 793/793/793 794/794/794 789/789/789
f 789/789/789 794/794/794 790/790/790
f 794/794/794 795/795/795 790/790/790
f 791/791/791 796/796/796 792/792/792
f 796/796/796 797/797/797 792/792/792
f 792/792/792 797/797/797 793/793/793
f 797/797/797 798/798/798 793/793/793
f 793/793/793 798/798/798 794/794/794
f 798/798/798 799/799/799 794/794/794
f 794/794/794 799/799/799 795/795/795
f 799/799/799 800/800/800 795/795/795
f 796/796/796 801/801/801 797/797/797
f 801/801/801 802/802/802 797/797/797
f 797/797/797 802/802/802 798/798/798
f 802/802/802 803/803/803 798/798/798
f 798/798/798 803/803/803 799/799/799
f 803/803/803 804/804/804 799/799/799
f 799/799/799 804/804/804 800/800/800
f 804/804/804 805/805/805 800/800/800
f 801/801/801 806/806/806 802/802/802
f 806/806/806 807/807/807 802/802/802
f 802/802/802 807/807/807 803/803/803
f 807/807/807 808/808/808 803/803/803
f 803/803/803 808/808/808 804/804/804
f 808/808/808 809/809/809 804/804/804
f 804/804/804 809/809/809 805/805/805
f 809/809/809 810/810/810 805/805/805
f 806/806/806 811/811/811 807/807/807
f 811/811/811 812/812/812 807/807/807
f 807/807/807 812/812/812 808/808/808
f 812/812/812 813/813/813 808/808/808
f 808/808/808 813/813/813 809/809/809
f 813/813/813 814/814/814 809/809/809
f 809/809/809 814/814/814 810/810/810
f 814/814/814 815/815/815 810/810/810
f 811/811/811 816/816/816 812/812/812
f 816/816/816 817/817/817 812/812/812
f 812/812/812 817/817/817 813/813/813
f 817/817/817 818/818/818 813/813/813
f 813/813/813 818/818/818 814/814/814
f 818/818/818 819/819/819 814/814/814
f 814/814/814 819/819/819 815/815/815
f 819/819/819 820/820/820 815/815/815
f 816/816/816 821/821/821 817/817/817
f 821/821/821 822/822/822 817/817/817
f 817/817/817 822/822/822 818/818/818
f 822/822/822 823/823/823 818/818/818
f 818/818/818 823/823/823 819/819/819
f 823/823/823 824/824/824 819/819/819
f 819/819/819 824/824/824 820/820/820
f 824/824/824 825/825/825 820/820/820
f 821/821/821 826/826/826 822/822/822
f 826/826/826 827/827/827 822/822/822
f 822/822/822 827/827/827 823/823/823
f 827/827/827 828/828/828 823/823/823
f 823/823/823 828/828/828 824/824/824
f 828/828/828 829/829/829 824/824/824
f 824/824/824 829/829/829 825/825/825
f 829/829/829 830/830/830 825/825/825
f 826/826/826 831/831/831 827/827/827
f 831/831/831 832/832/832 827/827/827
f 827/827/827 832/832/832 828/828/828
f 832/832/832 833/833/833 828/828/828
f 828/828/828 833/833/833 829/829/829
f 833/833/833 834/834/834 829/829/829
f 829/829/829 834/834/834 830/830/830
f 834/834/834 835/835/835 830/830/830
f 831/831/831 836/836/836 832/832/832
f 836/836/836 837/837/837 832/832/832
f 832/832/832 837/837/837 833/833/833
f 837/837/837 838/838/838 833/833/833
f 833/833/833 838/838/838 834/834/834
f 838/838/838 839/839/839 834/834/834
f 834/834/834 839/839/839 835/835/835
f 839/839/839 840/840/840 835/835/835
f 836/836/836 841/841/841 837/837/837
f 841/841/841 842/842/842 837/837/837
f 837/837/837 842/842/842 838/838/838
f 842/842/842 843/843/843 838/838/838
f 838/838/838 843/843/843 839/839/839
f 843/843/843 844/844/844 839/839/839
f 839/839/839 844/844/844 840/840/840
f 844/844/844 845/845/845 840/840/840
f 841/841/841 846/846/846 842/842/842
f 846/846/846 847/847/847 842/842/842
f 842/842/842 847/847/847 843/843/843
f 847/847/847 848/848/848 843/843/843
f 843/843/843 848/848/848 844/844/844
f 848/848/848 849/849/849 844/844/844
f 844/844/844 849/849/849 845/845/845
f 849/849/849 850/850/850 845/845/845
f 846/846/846 851/851/851 847/847/847
f 851/851/851 852/852/852 847/847/847
f 847/847/847 852/852/852 848/848/848
f 852/852/852 853/853/853 848/848/848
f 848/848/848 853/853/853 849/849/849
f 853/853/853 854/854/854 849/849/849
f 849/849/849 854/854/854 850/850/850
f 854/854/854 855/855/855 850/850/850
f 851/851/851 856/856/856 852/852/852
f 856/856/856 857/857/857 852/852/852
f 852/852/852 857/857/857 853/853/853
f 857/857/857 858/858/858 853/853/853
f 853/853/853 858/858/858 854/854/854
f 858/858/858 859/859/859 854/854/854
f 854/854/854 859/859/859 855/855/855
f 859/859/859 860/860/860 855/855/855
f 856/856/856 861/861/861 857/857/857
f 861/861/861 862/862/862 857/857/857
f 857/857/857 862/862/862 858/858/858
f 862/862/862 863/863/863 858/858/858
f 858/858/858 863/863/863 859/859/859
f 863/863/863 864/864/864 859/859/859
f 859/859/859 864/864/864 860/860/860
f 864/864/864 865/865/865 860/860/860
f 861/861/861 866/866/866 862/862/862
f 866/866/866 867/867/867 862/862/862
f 862/862/862 867/867/867 863/863/863
f 867/867/867 868/868/868 863/863/863
f 863/863/863 868/868/868 864/864/864
f 868/868/868 869/869/869 864/864/864
f 864/864/864 869/869/869 865/865/865
f 869/869/869 870/870/870 865/865/865
f 866/866/866 871/871/871 867/867/867
f 871/871/871 872/872/872 867/867/867
f 867/867/867 872/872/872 868/868/868
f 872/872/872 873/873/873 868/868/868
f 868/868/868 873/873/873 869/869/869
f 873/873/873 874/874/874 869/869/869
f 869/869/869 874/874/874 870/870/870
f 874/874/874 875/875/875 870/870/870
f 871/871/871 876/876/876 872/872/872
f 876/876/876 877/877/877 872/872/872
f 872/872/872 877/877/877 873/873/873
f 877/877/877 878/878/878 873/873/873
f 873/873/873 878/878/878 874/874/874
f 878/878/878 879/879/879 874/874/874
f 874/874/874 879/879/879 875/875/875
f 879/879/879 880/880/880 875/875/875
f 876/876/876 881/881/881 877/877/877
f 881/881/881 882/882/882 877/877/877
f 877/877/877 882/882/882 878/878/878
f 882/882/882 883/883/883 878/878/878
f 878/878/878 883/883/883 879/879/879
f 883/883/883 884/884/884 879/879/879
f 879/879/879 884/884/884 880/880/880
f 884/884/884 885/885/885 880/880/880
f 881/881/881 886/886/886 882/882/882
f 886/886/886 887/887/887 882/882/882
f 882/882/882 887/887/887 883/883/883
f 887/887/887 888/888/888 883/883/883
f 883/883/883 888/888/888 884/884/884
f 888/888/888 889/889/889 884/884/884
f 884/884/884 889/889/889 885/885/885
f 889/889/889 890/890/890 885/885/885
f 886/886/886 891/891/891 887/887/887
f 891/891/891 892/892/892 887/887/887
f 887/887/887 892/892/892 888/888/888
f 892/892/892 893/893/893 888/888/888
f 888/888/888 893/893/893 889/889/889
f 893/893/893 894/894/894 889/889/889
f 889/889/889 894/894/894 890/890/890
f 894/894/894 895/895/895 890/890/890
f 891/891/891 896/896/896 892/892/892
f 896/896/896 897/897/897 892/892/892
f 892/892/892 897/897/897 893/893/893
f 897/897/897 898/898/898 893/893/893
f 893/893/893 898/898/898 894/894/894
f 898/898/898 899/899/899 894/894/894
f 894/894/894 899/899/899 895/895/895
f 899/899/899 900/900/900 895/895/895
f 896/896/896 901/901/901 897/897/897
f 901/901/901 902/902/902 897/897/897
f 897/897/897 902/902/902 898/898/898
f 902/902/902 903/903/903 898/898/898
f 898/898/898 903/903/903 899/899/899
f 903/903/903 904/904/904 899/899/899
f 899/899/899 904/904/904 900/900/900
f 904/904/904 905/905/905 900/900/900
f 901/901/901 906/906/906 902/902/902
f 906/906/906 907/907/907 902/902/902
f 902/902/902 907/907/907 903/903/903
f 907/907/907 908/908/908 903/903/903
f 903/903/903 908/908/908 904/904/904
f 908/908/908 909/909/909 904/904/904
f 904/904/904 909/909/909 905/905/905
f 909/909/909 910/910/910 905/905/905
f 906/906/906 911/911/911 907/907/907
f 911/911/911 912/912/912 907/907/907
f 907/907/907 912/912/912 908/908/908
f 912/912/912 913/913/913 908/908/908
f 908/908/908 913/913/913 909/909/909
f 913/913/913 914/914/914 909/909/909
f 909/909/909 914/914/914 910/910/910
f 914/914/914 915/915/915 910/910/910
f 911/911/911 916/916/916 912/912/912
f 916/916/916 917/917/917 912/912/912
f 912/912/912 917/917/917 913/913/913
f 917/917/917 918/918/918 913/913/913
f 913/913/913 918/918/918 914/914/914
f 918/918/918 919/919/919 914/914/914
f 914/914/914 919/919/919 915/915/915
f 919/919/919 920/920/920 915/915/915
f 916/916/916 921/921/921 917/917/917
f 921/921/921 922/922/922 917/917/917
f 917/917/917 922/922/922 918/918/918
f 922/922/922 923/923/923 918/918/918
f 918/918/918 923/923/923 919/919/919
f 923/923/923 924/924/924 919/919/919
f 919/919/919 924/924/924 920/920/920
f 924/924/924 925/925/925 920/920/920
f 921/921/921 926/926/926 922/922/922
f 926/926/926 927/927/927 922/922/922
f 922/922/922 927/927/927 923/923/923
f 927/927/927 928/928/928 923/923/923
f 923/923/923 928/928/928 924/924/924
f 928/928/928 929/929/929 924/924/924
f 924/924/924 929/929/929 925/925/925
f 929/929/929 930/930/930 925/925/925
f 926/926/926 931/931/931 927/927/927
f 931/931/931 932/932/932 927/927/927
f 927/927/927 932/932/932 928/928/928
f 932/932/932 933/933/933 928/928/928
f 928/928/928 933/933/933 929/929/929
f 933/933/933 934/934/934 929/929/929
f 929/929/929 934/934/934 930/930/930
f 934/934/934 935/935/935 930/930/930
f 931/931/931 936/936/936 932/932/932
f 936/936/936 937/937/937 932/932/932
f 932/932/932 937/937/937 933/933/933
f 937/937/937 938/938/938 933/933/933
f 933/933/933 938/938/938 934/934/934
f 938/938/938 939/939/939 934/934/934
f 934/934/934 939/939/939 935/935/935
f 939/939/939 940/940/940 935/935/935
f 936/936/936 941/941/941 937/937/937
f 941/941/941 942/942/942 937/937/937
f 937/937/937 942/942/942 938/938/938
f 942/942/942 943/943/943 938/938/938
f 938/938/938 943/943/943 939/939/939
f 943/943/943 944/944/944 939/939/939
f 939/939/939 944/944/944 940/940/940
f 944/944/944 945/945/945 940/940/940
f 941/941/941 946/946/946 942/942/942
f 946/946/946 947/947/947 942/942/942
f 942/942/942 947/947/947 943/943/943
f 947/947/947 948/948/948 943/943/943
f 943/943/943 948/948/948 944/944/944
f 948/948/948 949/949/949 944/944/944
f 944/944/944 949/949/949 945/945/945
f 949/949/949 950/950/950 945/945/945
f 946/946/946 951/951/951 947/947/947
f 951/951/951 952/952/952 947/947/947
f 947/947/947 952/952/952 948/948/948
f 952/952/952 953/953/953 948/948/948
f 948/948/948 953/953/953 949/949/949
f 953/953/953 954/954/954 949/949/949
f 949/949/949 954/954/954 950/950/950
f 954/954/954 955/955/955 950/950/950
f 951/951/951 956/956/956 952/952/952
f 956/956/956 957/957/957 952/952/952
f 952/952/952 957/957/957 953/953/953
f 957/957/957 958/958/958 953/953/953
f 953/953/953 958/958/958 954/954/954
f 958/958/958 959/959/959 954/954/954
f 954/954/954 959/959/959 955/955/955
f 959/959/959 960/960/960 955/955/955
f 956/956/956 961/961/961 957/957/957
f 961/961/961 962/962/962 957/957/957
f 957/957/957 962/962/962 958/958/958
f 962/962/962 963/963/963 958/958/958
f 958/958/958 963/963/963 959/959/959
f 963/963/963 964/964/964 959/959/959
f 959/959/959 964/964/964 960/960/960
f 964/964/964 965/965/965 960/960/960
f 961/961/961 966/966/966 962/962/962
f 966/966/966 967/967/967 962/962/962
f 962/962/962 967/967/967 963/963/963
f 967/967/967 968/968/968 963/963/963
f 963/963/963 968/968/968 964/964/964
f 968/968/968 969/969/969 964/964/964
f 964/964/964 969/969/969 965/965/965
f 969/969/969 970/970/970 965/965/965
f 966/966/966 971/971/971 967/967/967
f 971/971/971 972/972/972 967/967/967
f 967/967/967 972/972/972 968/968/968
f 972/972/972 973/973/973 968/968/968
f 968/968/968 973/973/973 969/969/969
f 973/973/973 974/974/974 969/969/969
f 969/969/969 974/974/974 970/970/970
f 974/974/974 975/975/975 970/970/970
f 971/971/971 976/976/976 972/972/972
f 976/976/976 977/977/977 972/972/972
f 972/972/972 977/977/977 973/973/973
f 977/977/977 978/978/978 973/973/973
f 973/973/973 978/978/978 974/974/974
f 978/978/978 979/979/979 974/974/974
f 974/974/974 979/979/979 975/975/975
f 979/979/979 980/980/980 975/975/975
f 976/976/976 981/981/981 977/977/977
f 981/981/981 982/982/982 977/977/977
f 977/977/977 982/982/982 978/978/978
f 982/982/982 983/983/983 978/978/978
f 978/978/978 983/983/983 979/979/979
f 983/983/983 984/984/984 979/979/979
f 979/979/979 984/984/984 980/980/980
f 984/984/984 985/985/985 980/980/980
f 981/981/981 986/986/986 982/982/982
f 986/986/986 987/987/987 982/982/982
f 982/982/982 987/987/987 983/983/983
f 987/987/987 988/988/988 983/983/983
f 983/983/983 988/988/988 984/984/984
f 988/988/988 989/989/989 984/984/984
f 984/984/984 989/989/989 985/985/985
f 989/989/989 990/990/990 985/985/985
f 986/986/986 991/991/991 987/987/987
f 991/991/991 992/992/992 987/987/987
f 987/987/987 992/992/992 988/988/988
f 992/992/992 993/993/993 988/988/988
f 988/988/988 993/993/993 989/989/989
f 993/993/993 994/994/994 989/989/989
f 989/989/989 994/994/994 990/990/990
f 994/994/994 995/995/995 990/990/990
f 991/991/991 996/996/996 992/992/992
f 996/996/996 997/997/997 992/992/992
f 992/992/992 997/997/997 993/993/993
f 997/997/997 998/998/998 993/993/993
f 993/993/993 998/998/998 994/994/994
f 998/998/998 999/999/999 994/994/994
f 994/994/994 999/999/999 995/995/995
f 999/999/999 1000/1000/1000 995/995/995
f 996/996/996 1001/1001/1001 997/997/997
f 1001/1001/1001 1002/1002/1002 997/997/997
f 997/997/997 1002/1002/1002 998/998/998
f 1002/1002/1002 1003/1003/1003 998/998/998
f 998/998/998 1003/1003/1003 999/999/999
f 1003/1003/1003 1004/1004/1004 999/999/999
f 999/999/999 1004/1004/1004 1000/1000/1000
f 1004/1004/1004 1005/1005/1005 1000/1000/1000
f 1001/1001/1001 1006/1006/1006 1002/1002/1002
f 1006/1006/1006 1007/1007/1007 1002/1002/1002
f 1002/1002/1002 1007/1007/1007 1003/1003/1003
f 1007/1007/1007 1008/1008/1008 1003/1003/1003
f 1003/1003/1003 1008/1008/1008 1004/1004/1004
f 1008/1008/1008 1009/1009/1009 1004/1004/1004
f 1004/1004/1004 1009/1009/1009 1005/1005/1005
f 1009/1009/1009 1010/1010/1010 1005/1005/1005
f 1006/1006/1006 1011/1011/1011 1007/1007/1007
f 1011/1011/1011 1012/1012/1012 1007/1007/1007
f 1007/1007/1007 1012/1012/1012 1008/1008/1008
f 1012/1012/1012 1013/1013/1013 1008/1008/1008
f 1008/1008/1008 1013/1013/1013 1009/1009/1009
f 1013/1013/1013 1014/1014/1014 1009/1009/1009
f 1009/1009/1009 1014/1014/1014 1010/1010/1010
f 1014/1014/1014 1015/1015/1015 1010/1010/1010
f 1011/1011/1011 1016/1016/1016 1012/1012/1012
f 1016/1016/1016 1017/1017/1017 1012/1012/1012
f 1012/1012/1012 1017/1017/1017 1013/1013/1013
f 1017/1017/1017 1018/1018/1018 1013/1013/1013
f 1013/1013/1013 1018/1018/1018 1014/1014/1014
f 1018/1018/1018 1019/1019/1019 1014/1014/1014
f 1014/1014/1014 1019/1019/1019 1015/1015/1015
f 1019/1019/1019 1020/1020/1020 1015/1015/1015
f 1016/1016/1016 1021/1021/1021 1017/1017/1017
f 1021/1021/1021 1022/1022/1022 1017/1017/1017
f 1017/1017/1017 1022/1022/1022 1018/1018/1018
f 1022/1022/1022 1023/1023/1023 1018/1018/1018
f 1018/1018/1018 1023/1023/1023 1019/1019/1019
f 1023/1023/1023 1024/1024/1024 1019/1019/1019
f 1019/1019/1019 1024/1024/1024 1020/1020/1020
f 1024/1024/1024 1025/1025/1025 1020/1020/1020
f 1021/1021/1021 1026/1026/1026 1022/1022/1022
f 1026/1026/1026 1027/1027/1027 1022/1022/1022
f 1022/1022/1022 1027/1027/1027 1023/1023/1023
f 1027/1027/1027 1028/1028/1028 1023/1023/1023
f 1023/1023/1023 1028/1028/1028 1024/1024/1024
f 1028/1028/1028 1029/1029/1029 1024/1024/1024
f 1024/1024/1024 1029/1029/1029 1025/1025/1025
f 1029/1029/1029 1030/1030/1030 1025/1025/1025
f 1026/1026/1026 1031/1031/1031 1027/1027/1027
f 1031/1031/1031 1032/1032/1032 1027/1027/1027
f 1027/1027/1027 1032/1032/1032 1028/1028/1028
f 1032/1032/1032 1033/1033/1033 1028/1028/1028
f 1028/1028/1028 1033/1033/1033 1029/1029/1029
f 1033/1033/1033 1034/1034/1034 1029/1029/1029
f 1029/1029/1029 1034/1034/1034 1030/1030/1030
f 1034/1034/1034 1035/1035/1035 1030/1030/1030
f 1031/1031/1031 1036/1036/1036 1032/1032/1032
f 1036/1036/1036 1037/1037/1037 1032/1032/1032
f 1032/1032/1032 1037/1037/1037 1033/1033/1033
f 1037/1037/1037 1038/1038/1038 1033/1033/1033
f 1033/1033/1033 1038/1038/1038 1034/1034/1034
f 1038/1038/1038 1039/1039/1039 1034/1034/1034
f 1034/1034/1034 1039/1039/1039 1035/1035/1035
f 1039/1039/1039 1040/1040/1040 1035/1035/1035
f 1036/1036/1036 1041/1041/1041 1037/1037/1037
f 1041/1041/1041 1042/1042/1042 1037/1037/1037
f 1037/1037/1037 1042/1042/1042 1038/1038/1038
f 1042/1042/1042 1043/1043/1043 1038/1038/1038
f 1038/1038/1038 1043/1043/1043 1039/1039/1039
f 1043/1043/1043 1044/1044/1044 1039/1039/1039
f 1039/1039/1039 1044/1044/1044 1040/1040/1040
f 1044/1044/1044 1045/1045/1045 1040/1040/1040
f 1041/1041/1041 1046/1046/1046 1042/1042/1042
f 1046/1046/1046 1047/1047/1047 1042/1042/1042
f 1042/1042/1042 1047/1047/1047 1043/1043/1043
f 1047/1047/1047 1048/1048/1048 1043/1043/1043
f 1043/1043/1043 1048/1048/1048 1044/1044/1044
f 1048/1048/1048 1049/1049/1049 1044/1044/1044
f 1044/1044/1044 1049/1049/1049 1045/1045/1045
f 1049/1049/1049 1050/1050/1050 1045/1045/1045
f 1046/1046/1046 1051/1051/1051 1047/1047/1047
f 1051/1051/1051 1052/1052/1052 1047/1047/1047
f 1047/1047/1047 1052/1052/1052 1048/1048/1048
f 1052/1052/1052 1053/1053/1053 1048/1048/1048
f 1048/1048/1048 1053/1053/1053 1049/1049/1049
f 1053/1053/1053 1054/1054/1054 1049/1049/1049
f 1049/1049/1049 1054/1054/1054 1050/1050/1050
f 1054/1054/1054 1055/1055/1055 1050/1050/1050
f 1051/1051/1051 1056/1056/1056 1052/1052/1052
f 1056/1056/1056 1057/1057/1057 1052/1052/1052
f 1052/1052/1052 1057/1057/1057 1053/1053/1053
f 1057/1057/1057 1058/1058/1058 1053/1053/1053
f 1053/1053/1053 1058/1058/1058 1054/1054/1054
f 1058/1058/1058 1059/1059/1059 1054/1054/1054
f 1054/1054/1054 1059/1059/1059 1055/1055/1055
f 1059/1059/1059 1060/1060/1060 1055/1055/1055
f 1056/1056/1056 1061/1061/1061 1057/1057/1057
f 1061/1061/1061 1062/1062/1062 1057/1057/1057
f 1057/1057/1057 1062/1062/1062 1058/1058/1058
f 1062/1062/1062 1063/1063/1063 1058/1058/1058
f 1058/1058/1058 1063/1063/1063 1059/1059/1059
f 1063/1063/1063 1064/1064/1064 1059/1059/1059
f 1059/1059/1059 1064/1064/1064 1060/1060/1060
f 1064/1064/1064 1065/1065/1065 1060/1060/1060
f 1061/1061/1061 1066/1066/1066 1062/1062/1062
f 1066/1066/1066 1067/1067/1067 1062/1062/1062
f 1062/1062/1062 1067/1067/1067 1063/1063/1063
f 1067/1067/1067 1068/1068/1068 1063/1063/1063
f 1063/1063/1063 1068/1068/1068 1064/1064/1064
f 1068/1068/1068 1069/1069/1069 1064/1064/1064
f 1064/1064/1064 1069/1069/1069 1065/1065/1065
f 1069/1069/1069 1070/1070/1070 1065/1065/1065
f 1066/1066/1066 1071/1071/1071 1067/1067/1067
f 1071/1071/1071 1072/1072/1072 1067/1067/1067
f 1067/1067/1067 1072/1072/1072 1068/1068/1068
f 1072/1072/1072 1073/1073/1073 1068/1068/1068
f 1068/1068/1068 1073/1073/1073 1069/1069/1069
f 1073/1073/1073 1074/1074/1074 1069/1069/1069
f 1069/1069/1069 1074/1074/1074 1070/1070/1070
f 1074/1074/1074 1075/1075/1075 1070/1070/1070
f 1071/1071/1071 1076/1076/1076 1072/1072/1072
f 1076/1076/1076 1077/1077/1077 1072/1072/1072
f 1072/1072/1072 1077/1077/1077 1073/1073/1073
f 1077/1077/1077 1078/1078/1078 1073/1073/1073
f 1073/1073/1073 1078/1078/1078 1074/1074/1074
f 1078/1078/1078 1079/1079/1079 1074/1074/1074
f 1074/1074/1074 1079/1079/1079 1075/1075/1075
f 1079/1079/1079 1080/1080/1080 1075/1075/1075
f 1076/1076/1076 1081/1081/1081 1077/1077/1077
f 1081/1081/1081 1082/1082/1082 1077/1077/1077
f 1077/1077/1077 1082/1082/1082 1078/1078/1078
f 1082/1082/1082 1083/1083/1083 1078/1078/1078
f 1078/1078/1078 1083/1083/1083 1079/1079/1079
f 1083/1083/1083 1084/1084/1084 1079/1079/1079
f 1079/1079/1079 1084/1084/1084 1080/1080/1080
f 1084/1084/1084 1085/1085/1085 1080/1080/1080
f 1081/1081/1081 1086/1086/1086 1082/1082/1082
f 1086/1086/1086 1087/1087/1087 1082/1082/1082
f 1082/1082/1082 1087/1087/1087 1083/1083/1083
f 1087/1087/1087 1088/1088/1088 1083/1083/1083
f 1083/1083/1083 1088/1088/1088 1084/1084/1084
f 1088/1088/1088 1089/1089/1089 1084/1084/1084
f 1084/1084/1084 1089/1089/1089 1085/1085/1085
f 1089/1089/1089 1090/1090/1090 1085/1085/1085
f 1086/1086/1086 1091/1091/1091 1087/1087/1087
f 1091/1091/1091 1092/1092/1092 1087/1087/1087
f 1087/1087/1087 1092/1092/1092 1088/1088/1088
f 1092/1092/1092 1093/1093/1093 1088/1088/1088
f 1088/1088/1088 1093/1093/1093 1089/1089/1089
f 1093/1093/1093 1094/1094/1094 1089/1089/1089
f 1089/1089/1089 1094/1094/1094 1090/1090/1090
f 1094/1094/1094 1095/1095/1095 1090/1090/1090
f 1091/1091/1091 1096/1096/1096 1092/1092/1092
f 1096/1096/1096 1097/1097/1097 1092/1092/1092
f 1092/1092/1092 1097/1097/1097 1093/1093/1093
f 1097/1097/1097 1098/1098/1098 1093/1093/1093
f 1093/1093/1093 1098/1098/1098 1094/1094/1094
f 1098/1098/1098 1099/1099/1099 1094/1094/1094
f 1094/1094/1094 1099/1099/1099 1095/1095/1095
f 1099/1099/1099 1100/1100/1100 1095/1095/1095
f 1096/1096/1096 1101/1101/1101 1097/1097/1097
f 1101/1101/1101 1102/1102/1102 1097/1097/1097
f 1097/1097/1097 1102/1102/1102 1098/1098/1098
f 1102/1102/1102 1103/1103/1103 1098/1098/1098
f 1098/1098/1098 1103/1103/1103 1099/1099/1099
f 1103/1103/1103 1104/1104/1104 1099/1099/1099
f 1099/1099/1099 1104/1104/1104 1100/1100/1100
f 1104/1104/1104 1105/1105/1105 1100/1100/1100
f 1101/1101/1101 1106/1106/1106 1102/1102/1102
f 1106/1106/1106 1107/1107/1107 1102/1102/1102
f 1102/1102/1102 1107/1107/1107 1103/1103/1103
f 1107/1107/1107 1108/1108/1108 1103/1103/1103
f 1103/1103/1103 1108/1108/1108 1104/1104/1104
f 1108/1108/1108 1109/1109/1109 1104/1104/1104
f 1104/1104/1104 1109/1109/1109 1105/1105/1105
f 1109/1109/1109 1110/1110/1110 1105/1105/1105
f 1106/1106/1106 1111/1111/1111 1107/1107/1107
f 1111/1111/1111 1112/1112/1112 1107/1107/1107
f 1107/1107/1107 1112/1112/1112 1108/1108/1108
f 1112/1112/1112 1113/1113/1113 1108/1108/1108
f 1108/1108/1108 1113/1113/1113 1109/1109/1109
f 1113/1113/1113 1114/1114/1114 1109/1109/1109
f 1109/1109/1109 1114/1114/1114 1110/1110/1110
f 1114/1114/1114 1115/1115/1115 1110/1110/1110
f 1111/1111/1111 1116/1116/1116 1112/1112/1112
f 1116/1116/1116 1117/1117/1117 1112/1112/1112
f 1112/1112/1112 1117/1117/1117 1113/1113/1113
f 1117/1117/1117 1118/1118/1118 1113/1113/1113
f 1113/1113/1113 1118/1118/1118 1114/1114/1114
f 1118/1118/1118 1119/1119/1119 1114/1114/1114
f 1114/1114/1114 1119/1119/1119 1115/1115/1115
f 1119/1119/1119 1120/1120/1120 1115/1115/1115
f 1116/1116/1116 1121/1121/1121 1117/1117/1117
f 1121/1121/1121 1122/1122/1122 1117/1117/1117
f 1117/1117/1117 1122/1122/1122 1118/1118/1118
f 1122/1122/1122 1123/1123/1123 1118/1118/1118
f 1118/1118/1118 1123/1123/1123 1119/1119/1119
f 1123/1123/1123 1124/1124/1124 1119/1119/1119
f 1119/1119/1119 1124/1124/1124 1120/1120/1120
f 1124/1124/1124 1125/1125/1125 1120/1120/1120
f 1121/1121/1121 1126/1126/1126 1122/1122/1122
f 1126/1126/1126 1127/1127/1127 1122/1122/1122
f 1122/1122/1122 1127/1127/1127 1123/1123/1123
f 1127/1127/1127 1128/1128/1128 1123/1123/1123
f 1123/1123/1123 1128/1128/1128 1124/1124/1124
f 1128/1128/1128 1129/1129/1129 1124/1124/1124
f 1124/1124/1124 1129/1129/1129 1125/1125/1125
f 1129/1129/1129 1130/1130/1130 1125/1125/1125
f 1126/1126/1126 1131/1131/1131 1127/1127/1127
f 1131/1131/1131 1132/1132/1132 1127/1127/1127
f 1127/1127/1127 1132/1132/1132 1128/1128/1128
f 1132/1132/1132 1133/1133/1133 1128/1128/1128
f 1128/1128/1128 1133/1133/1133 1129/1129/1129
f 1133/1133/1133 1134/1134/1134 1129/1129/1129
f 1129/1129/1129 1134/1134/1134 1130/1130/1130
f 1134/1134/1134 1135/1135/1135 1130/1130/1130
f 1131/1131/1131 1136/1136/1136 1132/1132/1132
f 1136/1136/1136 1137/1137/1137 1132/1132/1132
f 1132/1132/1132 1137/1137/1137 1133/1133/1133
f 1137/1137/1137 1138/1138/1138 1133/1133/1133
f 1133/1133/1133 1138/1138/1138 1134/1134/1134
f 1138/1138/1138 1139/1139/1139 1134/1134/1134
f 1134/1134/1134 1139/1139/1139 1135/1135/1135
f 1139/1139/1139 1140/1140/1140 1135/1135/1135
f 1136/1136/1136 1141/1141/1141 1137/1137/1137
f 1141/1141/1141 1142/1142/1142 1137/1137/1137
f 1137/1137/1137 1142/1142/1142 1138/1138/1138
f 1142/1142/1142 1143/1143/1143 1138/1138/1138
f 1138/1138/1138 1143/1143/1143 1139/1139/1139
f 1143/1143/1143 1144/1144/1144 1139/1139/1139
f 1139/1139/1139 1144/1144/1144 1140/1140/1140
f 1144/1144/1144 1145/1145/1145 1140/1140/1140
f 1141/1141/1141 1146/1146/1146 1142/1142/1142
f 1146/1146/1146 1147/1147/1147 1142/1142/1142
f 1142/1142/1142 1147/1147/1147 1143/1143/1143
f 1147/1147/1147 1148/1148/1148 1143/1143/1143
f 1143/1143/1143 1148/1148/1148 1144/1144/1144
f 1148/1148/1148 1149/1149/1149 1144/1144/1144
f 1144/1144/1144 1149/1149/1149 1145/1145/1145
f 1149/1149/1149 1150/1150/1150 1145/1145/1145
f 1146/1146/1146 1151/1151/1151 1147/1147/1147
f 1151/1151/1151 1152/1152/1152 1147/1147/1147
f 1147/1147/1147 1152/1152/1152 1148/1148/1148
f 1152/1152/1152 1153/1153/1153 1148/1148/1148
f 1148/1148/1148 1153/1153/1153 1149/1149/1149
f 1153/1153/1153 1154/1154/1154 1149/1149/1149
f 1149/1149/1149 1154/1154/1154 1150/1150/1150
f 1154/1154/1154 1155/1155/1155 1150/1150/1150
f 1151/1151/1151 1156/1156/1156 1152/1152/1152
f 1156/1156/1156 1157/1157/1157 1152/1152/1152
f 1152/1152/1152 1157/1157/1157 1153/1153/1153
f 1157/1157/1157 1158/1158/1158 1153/1153/1153
f 1153/1153/1153 1158/1158/1158 1154/1154/1154
f 1158/1158/1158 1159/1159/1159 1154/1154/1154
f 1154/1154/1154 1159/1159/1159 1155/1155/1155
f 1159/1159/1159 1160/1160/1160 1155/1155/1155
f 1156/1156/1156 1161/1161/1161 1157/1157/1157
f 1161/1161/1161 1162/1162/1162 1157/1157/1157
f 1157/1157/1157 1162/1162/1162 1158/1158/1158
f 1162/1162/1162 1163/1163/1163 1158/1158/1158
f 1158/1158/1158 1163/1163/1163 1159/1159/1159
f 1163/1163/1163 1164/1164/1164 1159/1159/1159
f 1159/1159/1159 1164/1164/1164 1160/1160/1160
f 1164/1164/1164 1165/1165/1165 1160/1160/1160
o shaft_stopper
usemtl shaft_steel
v 0 -0.01899999938905239 0.4079999998882413
v 0.003950322046875954 -0.018584804609417915 0.4079999998882413
v 0.0077279964461922646 -0.017357364296913147 0.4079999998882413
v 0.01116792019456625 -0.015371322631835938 0.4079999998882413
v 0.014119751751422882 -0.012713481672108173 0.4079999998882413
v 0.016454482451081276 -0.009499999694526196 0.4079999998882413
v 0.018070073798298836 -0.005871322937309742 0.4079999998882413
v 0.018895916640758514 -0.001986040733754635 0.4079999998882413
v 0.018895916640758514 0.001986040733754635 0.4079999998882413
v 0.018070073798298836 0.005871322937309742 0.4079999998882413
v 0.016454482451081276 0.009499999694526196 0.4079999998882413
v 0.014119751751422882 0.012713481672108173 0.4079999998882413
v 0.01116792019456625 0.015371322631835938 0.4079999998882413
v 0.0077279964461922646 0.017357364296913147 0.4079999998882413
v 0.003950322046875954 0.018584804609417915 0.4079999998882413
v 2.3268288710193087e-18 0.01899999938905239 0.4079999998882413
v -0.003950322046875954 0.018584804609417915 0.4079999998882413
v -0.0077279964461922646 0.017357364296913147 0.4079999998882413
v -0.01116792019456625 0.015371322631835938 0.4079999998882413
v -0.014119751751422882 0.012713481672108173 0.4079999998882413
v -0.016454482451081276 0.009499999694526196 0.4079999998882413
v -0.018070073798298836 0.005871322937309742 0.4079999998882413
v -0.018895916640758514 0.001986040733754635 0.4079999998882413
v -0.018895916640758514 -0.001986040733754635 0.4079999998882413
v -0.018070073798298836 -0.005871322937309742 0.4079999998882413
v -0.016454482451081276 -0.009499999694526196 0.4079999998882413
v -0.014119751751422882 -0.012713481672108173 0.4079999998882413
v -0.01116792019456625 -0.015371322631835938 0.4079999998882413
v -0.0077279964461922646 -0.017357364296913147 0.4079999998882413
v -0.003950322046875954 -0.018584804609417915 0.4079999998882413
v -4.653657742038617e-18 -0.01899999938905239 0.4079999998882413
v 0 -0.01899999938905239 0.39800000011175873
v 0.003950322046875954 -0.018584804609417915 0.39800000011175873
v 0.0077279964461922646 -0.017357364296913147 0.39800000011175873
v 0.01116792019456625 -0.015371322631835938 0.39800000011175873
v 0.014119751751422882 -0.012713481672108173 0.39800000011175873
v 0.016454482451081276 -0.009499999694526196 0.39800000011175873
v 0.018070073798298836 -0.005871322937309742 0.39800000011175873
v 0.018895916640758514 -0.001986040733754635 0.39800000011175873
v 0.018895916640758514 0.001986040733754635 0.39800000011175873
v 0.018070073798298836 0.005871322937309742 0.39800000011175873
v 0.016454482451081276 0.009499999694526196 0.39800000011175873
v 0.014119751751422882 0.012713481672108173 0.39800000011175873
v 0.01116792019456625 0.015371322631835938 0.39800000011175873
v 0.0077279964461922646 0.017357364296913147 0.39800000011175873
v 0.003950322046875954 0.018584804609417915 0.39800000011175873
v 2.3268288710193087e-18 0.01899999938905239 0.39800000011175873
v -0.003950322046875954 0.018584804609417915 0.39800000011175873
v -0.0077279964461922646 0.017357364296913147 0.39800000011175873
v -0.01116792019456625 0.015371322631835938 0.39800000011175873
v -0.014119751751422882 0.012713481672108173 0.39800000011175873
v -0.016454482451081276 0.009499999694526196 0.39800000011175873
v -0.018070073798298836 0.005871322937309742 0.39800000011175873
v -0.018895916640758514 0.001986040733754635 0.39800000011175873
v -0.018895916640758514 -0.001986040733754635 0.39800000011175873
v -0.018070073798298836 -0.005871322937309742 0.39800000011175873
v -0.016454482451081276 -0.009499999694526196 0.39800000011175873
v -0.014119751751422882 -0.012713481672108173 0.39800000011175873
v -0.01116792019456625 -0.015371322631835938 0.39800000011175873
v -0.0077279964461922646 -0.017357364296913147 0.39800000011175873
v -0.003950322046875954 -0.018584804609417915 0.39800000011175873
v -4.653657742038617e-18 -0.01899999938905239 0.39800000011175873
v 0 3.061616976366555e-19 0.4079999998882413
v 0 3.061616976366555e-19 0.4079999998882413
v 0 3.061616976366555e-19 0.4079999998882413
v 0 3.061616976366555e-19 0.4079999998882413
v 0 3.061616976366555e-19 0.4079999998882413
v 0 3.061616976366555e-19 0.4079999998882413
v 0 3.061616976366555e-19 0.4079999998882413
v 0 3.061616976366555e-19 0.4079999998882413
v 0 3.061616976366555e-19 0.4079999998882413
v 0 3.061616976366555e-19 0.4079999998882413
v 0 3.061616976366555e-19 0.4079999998882413
v 0 3.061616976366555e-19 0.4079999998882413
v 0 3.061616976366555e-19 0.4079999998882413
v 0 3.061616976366555e-19 0.4079999998882413
v 0 3.061616976366555e-19 0.4079999998882413
v 0 3.061616976366555e-19 0.4079999998882413
v 0 3.061616976366555e-19 0.4079999998882413
v 0 3.061616976366555e-19 0.4079999998882413
v 0 3.061616976366555e-19 0.4079999998882413
v 0 3.061616976366555e-19 0.4079999998882413
v 0 3.061616976366555e-19 0.4079999998882413
v 0 3.061616976366555e-19 0.4079999998882413
v 0 3.061616976366555e-19 0.4079999998882413
v 0 3.061616976366555e-19 0.4079999998882413
v 0 3.061616976366555e-19 0.4079999998882413
v 0 3.061616976366555e-19 0.4079999998882413
v 0 3.061616976366555e-19 0.4079999998882413
v 0 3.061616976366555e-19 0.4079999998882413
v 0 3.061616976366555e-19 0.4079999998882413
v 0 3.061616976366555e-19 0.4079999998882413
v 0 -0.01899999938905239 0.4079999998882413
v 0.003950322046875954 -0.018584804609417915 0.4079999998882413
v 0.0077279964461922646 -0.017357364296913147 0.4079999998882413
v 0.01116792019456625 -0.015371322631835938 0.4079999998882413
v 0.014119751751422882 -0.012713481672108173 0.4079999998882413
v 0.016454482451081276 -0.009499999694526196 0.4079999998882413
v 0.018070073798298836 -0.005871322937309742 0.4079999998882413
v 0.018895916640758514 -0.001986040733754635 0.4079999998882413
v 0.018895916640758514 0.001986040733754635 0.4079999998882413
v 0.018070073798298836 0.005871322937309742 0.4079999998882413
v 0.016454482451081276 0.009499999694526196 0.4079999998882413
v 0.014119751751422882 0.012713481672108173 0.4079999998882413
v 0.01116792019456625 0.015371322631835938 0.4079999998882413
v 0.0077279964461922646 0.017357364296913147 0.4079999998882413
v 0.003950322046875954 0.018584804609417915 0.4079999998882413
v 2.3268288710193087e-18 0.01899999938905239 0.4079999998882413
v -0.003950322046875954 0.018584804609417915 0.4079999998882413
v -0.0077279964461922646 0.017357364296913147 0.4079999998882413
v -0.01116792019456625 0.015371322631835938 0.4079999998882413
v -0.014119751751422882 0.012713481672108173 0.4079999998882413
v -0.016454482451081276 0.009499999694526196 0.4079999998882413
v -0.018070073798298836 0.005871322937309742 0.4079999998882413
v -0.018895916640758514 0.001986040733754635 0.4079999998882413
v -0.018895916640758514 -0.001986040733754635 0.4079999998882413
v -0.018070073798298836 -0.005871322937309742 0.4079999998882413
v -0.016454482451081276 -0.009499999694526196 0.4079999998882413
v -0.014119751751422882 -0.012713481672108173 0.4079999998882413
v -0.01116792019456625 -0.015371322631835938 0.4079999998882413
v -0.0077279964461922646 -0.017357364296913147 0.4079999998882413
v -0.003950322046875954 -0.018584804609417915 0.4079999998882413
v -4.653657742038617e-18 -0.01899999938905239 0.4079999998882413
v 0 -3.061616976366555e-19 0.39800000011175873
v 0 -3.061616976366555e-19 0.39800000011175873
v 0 -3.061616976366555e-19 0.39800000011175873
v 0 -3.061616976366555e-19 0.39800000011175873
v 0 -3.061616976366555e-19 0.39800000011175873
v 0 -3.061616976366555e-19 0.39800000011175873
v 0 -3.061616976366555e-19 0.39800000011175873
v 0 -3.061616976366555e-19 0.39800000011175873
v 0 -3.061616976366555e-19 0.39800000011175873
v 0 -3.061616976366555e-19 0.39800000011175873
v 0 -3.061616976366555e-19 0.39800000011175873
v 0 -3.061616976366555e-19 0.39800000011175873
v 0 -3.061616976366555e-19 0.39800000011175873
v 0 -3.061616976366555e-19 0.39800000011175873
v 0 -3.061616976366555e-19 0.39800000011175873
v 0 -3.061616976366555e-19 0.39800000011175873
v 0 -3.061616976366555e-19 0.39800000011175873
v 0 -3.061616976366555e-19 0.39800000011175873
v 0 -3.061616976366555e-19 0.39800000011175873
v 0 -3.061616976366555e-19 0.39800000011175873
v 0 -3.061616976366555e-19 0.39800000011175873
v 0 -3.061616976366555e-19 0.39800000011175873
v 0 -3.061616976366555e-19 0.39800000011175873
v 0 -3.061616976366555e-19 0.39800000011175873
v 0 -3.061616976366555e-19 0.39800000011175873
v 0 -3.061616976366555e-19 0.39800000011175873
v 0 -3.061616976366555e-19 0.39800000011175873
v 0 -3.061616976366555e-19 0.39800000011175873
v 0 -3.061616976366555e-19 0.39800000011175873
v 0 -3.061616976366555e-19 0.39800000011175873
v 0 -0.01899999938905239 0.39800000011175873
v 0.003950322046875954 -0.018584804609417915 0.39800000011175873
v 0.0077279964461922646 -0.017357364296913147 0.39800000011175873
v 0.01116792019456625 -0.015371322631835938 0.39800000011175873
v 0.014119751751422882 -0.012713481672108173 0.39800000011175873
v 0.016454482451081276 -0.009499999694526196 0.39800000011175873
v 0.018070073798298836 -0.005871322937309742 0.39800000011175873
v 0.018895916640758514 -0.001986040733754635 0.39800000011175873
v 0.018895916640758514 0.001986040733754635 0.39800000011175873
v 0.018070073798298836 0.005871322937309742 0.39800000011175873
v 0.016454482451081276 0.009499999694526196 0.39800000011175873
v 0.014119751751422882 0.012713481672108173 0.39800000011175873
v 0.01116792019456625 0.015371322631835938 0.39800000011175873
v 0.0077279964461922646 0.017357364296913147 0.39800000011175873
v 0.003950322046875954 0.018584804609417915 0.39800000011175873
v 2.3268288710193087e-18 0.01899999938905239 0.39800000011175873
v -0.003950322046875954 0.018584804609417915 0.39800000011175873
v -0.0077279964461922646 0.017357364296913147 0.39800000011175873
v -0.01116792019456625 0.015371322631835938 0.39800000011175873
v -0.014119751751422882 0.012713481672108173 0.39800000011175873
v -0.016454482451081276 0.009499999694526196 0.39800000011175873
v -0.018070073798298836 0.005871322937309742 0.39800000011175873
v -0.018895916640758514 0.001986040733754635 0.39800000011175873
v -0.018895916640758514 -0.001986040733754635 0.39800000011175873
v -0.018070073798298836 -0.005871322937309742 0.39800000011175873
v -0.016454482451081276 -0.009499999694526196 0.39800000011175873
v -0.014119751751422882 -0.012713481672108173 0.39800000011175873
v -0.01116792019456625 -0.015371322631835938 0.39800000011175873
v -0.0077279964461922646 -0.017357364296913147 0.39800000011175873
v -0.003950322046875954 -0.018584804609417915 0.39800000011175873
v -4.653657742038617e-18 -0.01899999938905239 0.39800000011175873
vt 0 1
vt 0.03333333507180214 1
vt 0.06666667014360428 1
vt 0.10000000149011612 1
vt 0.13333334028720856 1
vt 0.1666666716337204 1
vt 0.20000000298023224 1
vt 0.23333333432674408 1
vt 0.2666666805744171 1
vt 0.30000001192092896 1
vt 0.3333333432674408 1
vt 0.36666667461395264 1
vt 0.4000000059604645 1
vt 0.4333333373069763 1
vt 0.46666666865348816 1
vt 0.5 1
vt 0.5333333611488342 1
vt 0.5666666626930237 1
vt 0.6000000238418579 1
vt 0.6333333253860474 1
vt 0.6666666865348816 1
vt 0.699999988079071 1
vt 0.7333333492279053 1
vt 0.7666666507720947 1
vt 0.800000011920929 1
vt 0.8333333134651184 1
vt 0.8666666746139526 1
vt 0.8999999761581421 1
vt 0.9333333373069763 1
vt 0.9666666388511658 1
vt 1 1
vt 0 0
vt 0.03333333507180214 0
vt 0.06666667014360428 0
vt 0.10000000149011612 0
vt 0.13333334028720856 0
vt 0.1666666716337204 0
vt 0.20000000298023224 0
vt 0.23333333432674408 0
vt 0.2666666805744171 0
vt 0.30000001192092896 0
vt 0.3333333432674408 0
vt 0.36666667461395264 0
vt 0.4000000059604645 0
vt 0.4333333373069763 0
vt 0.46666666865348816 0
vt 0.5 0
vt 0.5333333611488342 0
vt 0.5666666626930237 0
vt 0.6000000238418579 0
vt 0.6333333253860474 0
vt 0.6666666865348816 0
vt 0.699999988079071 0
vt 0.7333333492279053 0
vt 0.7666666507720947 0
vt 0.800000011920929 0
vt 0.8333333134651184 0
vt 0.8666666746139526 0
vt 0.8999999761581421 0
vt 0.9333333373069763 0
vt 0.9666666388511658 0
vt 1 0
vt 0.5 0.5
vt 0.5 0.5
vt 0.5 0.5
vt 0.5 0.5
vt 0.5 0.5
vt 0.5 0.5
vt 0.5 0.5
vt 0.5 0.5
vt 0.5 0.5
vt 0.5 0.5
vt 0.5 0.5
vt 0.5 0.5
vt 0.5 0.5
vt 0.5 0.5
vt 0.5 0.5
vt 0.5 0.5
vt 0.5 0.5
vt 0.5 0.5
vt 0.5 0.5
vt 0.5 0.5
vt 0.5 0.5
vt 0.5 0.5
vt 0.5 0.5
vt 0.5 0.5
vt 0.5 0.5
vt 0.5 0.5
vt 0.5 0.5
vt 0.5 0.5
vt 0.5 0.5
vt 0.5 0.5
vt 1 0.5
vt 0.9890738129615784 0.603955864906311
vt 0.9567727446556091 0.7033683061599731
vt 0.9045084714889526 0.7938926219940186
vt 0.834565281867981 0.8715724349021912
vt 0.75 0.9330127239227295
vt 0.6545084714889526 0.9755282402038574
vt 0.5522642135620117 0.9972609281539917
vt 0.4477357566356659 0.9972609281539917
vt 0.345491498708725 0.9755282402038574
vt 0.25 0.9330127239227295
vt 0.16543470323085785 0.8715724349021912
vt 0.09549150615930557 0.7938926219940186
vt 0.04322727024555206 0.7033683061599731
vt 0.010926200076937675 0.603955864906311
vt 0 0.5
vt 0.010926200076937675 0.39604416489601135
vt 0.04322727024555206 0.29663166403770447
vt 0.09549150615930557 0.20610737800598145
vt 0.16543470323085785 0.12842757999897003
vt 0.25 0.0669872984290123
vt 0.345491498708725 0.024471741169691086
vt 0.4477357566356659 0.002739052288234234
vt 0.5522642135620117 0.002739052288234234
vt 0.6545084714889526 0.024471741169691086
vt 0.75 0.0669872984290123
vt 0.834565281867981 0.12842757999897003
vt 0.9045084714889526 0.20610737800598145
vt 0.9567727446556091 0.29663166403770447
vt 0.9890738129615784 0.39604416489601135
vt 1 0.5
vt 0.5 0.5
vt 0.5 0.5
vt 0.5 0.5
vt 0.5 0.5
vt 0.5 0.5
vt 0.5 0.5
vt 0.5 0.5
vt 0.5 0.5
vt 0.5 0.5
vt 0.5 0.5
vt 0.5 0.5
vt 0.5 0.5
vt 0.5 0.5
vt 0.5 0.5
vt 0.5 0.5
vt 0.5 0.5
vt 0.5 0.5
vt 0.5 0.5
vt 0.5 0.5
vt 0.5 0.5
vt 0.5 0.5
vt 0.5 0.5
vt 0.5 0.5
vt 0.5 0.5
vt 0.5 0.5
vt 0.5 0.5
vt 0.5 0.5
vt 0.5 0.5
vt 0.5 0.5
vt 0.5 0.5
vt 1 0.5
vt 0.9890738129615784 0.39604416489601135
vt 0.9567727446556091 0.29663166403770447
vt 0.9045084714889526 0.20610737800598145
vt 0.834565281867981 0.12842757999897003
vt 0.75 0.0669872984290123
vt 0.6545084714889526 0.024471741169691086
vt 0.5522642135620117 0.002739052288234234
vt 0.4477357566356659 0.002739052288234234
vt 0.345491498708725 0.024471741169691086
vt 0.25 0.0669872984290123
vt 0.16543470323085785 0.12842757999897003
vt 0.09549150615930557 0.20610737800598145
vt 0.04322727024555206 0.29663166403770447
vt 0.010926200076937675 0.39604416489601135
vt 0 0.5
vt 0.010926200076937675 0.603955864906311
vt 0.04322727024555206 0.7033683061599731
vt 0.09549150615930557 0.7938926219940186
vt 0.16543470323085785 0.8715724349021912
vt 0.25 0.9330127239227295
vt 0.345491498708725 0.9755282402038574
vt 0.4477357566356659 0.9972609281539917
vt 0.5522642135620117 0.9972609281539917
vt 0.6545084714889526 0.9755282402038574
vt 0.75 0.9330127239227295
vt 0.834565281867981 0.8715724349021912
vt 0.9045084714889526 0.7938926219940186
vt 0.9567727446556091 0.7033683061599731
vt 0.9890738129615784 0.603955864906311
vt 1 0.5
vn 0 -1 6.123234262925839e-17
vn 0.2079116802331908 -0.9781476029836251 5.98942673959718e-17
vn 0.40673665266027326 -0.9135454533753186 5.59385271245546e-17
vn 0.5877852429542022 -0.8090170011595983 4.953800384026539e-17
vn 0.7431448101926803 -0.6691306233342523 4.097243287873461e-17
vn 0.8660253998985324 -0.5000000067305869 3.06161717267588e-17
vn 0.9510565161477913 -0.3090169948284817 1.892183379232834e-17
vn 0.9945218954774298 -0.10452846222910053 6.400522029939773e-18
vn 0.9945218954774298 0.10452846222910053 -6.400522029939773e-18
vn 0.9510565161477913 0.3090169948284817 -1.892183379232834e-17
vn 0.8660253998985324 0.5000000067305869 -3.06161717267588e-17
vn 0.7431448101926803 0.6691306233342523 -4.097243287873461e-17
vn 0.5877852429542022 0.8090170011595983 -4.953800384026539e-17
vn 0.40673665266027326 0.9135454533753186 -5.59385271245546e-17
vn 0.2079116802331908 0.9781476029836251 -5.98942673959718e-17
vn 1.2246468525851679e-16 1 -6.123234262925839e-17
vn -0.2079116802331908 0.9781476029836251 -5.98942673959718e-17
vn -0.40673665266027326 0.9135454533753186 -5.59385271245546e-17
vn -0.5877852429542022 0.8090170011595983 -4.953800384026539e-17
vn -0.7431448101926803 0.6691306233342523 -4.097243287873461e-17
vn -0.8660253998985324 0.5000000067305869 -3.06161717267588e-17
vn -0.9510565161477913 0.3090169948284817 -1.892183379232834e-17
vn -0.9945218954774298 0.10452846222910053 -6.400522029939773e-18
vn -0.9945218954774298 -0.10452846222910053 6.400522029939773e-18
vn -0.9510565161477913 -0.3090169948284817 1.892183379232834e-17
vn -0.8660253998985324 -0.5000000067305869 3.06161717267588e-17
vn -0.7431448101926803 -0.6691306233342523 4.097243287873461e-17
vn -0.5877852429542022 -0.8090170011595983 4.953800384026539e-17
vn -0.40673665266027326 -0.9135454533753186 5.59385271245546e-17
vn -0.2079116802331908 -0.9781476029836251 5.98942673959718e-17
vn -2.4492937051703357e-16 -1 6.123234262925839e-17
vn 0 -1 6.123234262925839e-17
vn 0.2079116802331908 -0.9781476029836251 5.98942673959718e-17
vn 0.40673665266027326 -0.9135454533753186 5.59385271245546e-17
vn 0.5877852429542022 -0.8090170011595983 4.953800384026539e-17
vn 0.7431448101926803 -0.6691306233342523 4.097243287873461e-17
vn 0.8660253998985324 -0.5000000067305869 3.06161717267588e-17
vn 0.9510565161477913 -0.3090169948284817 1.892183379232834e-17
vn 0.9945218954774298 -0.10452846222910053 6.400522029939773e-18
vn 0.9945218954774298 0.10452846222910053 -6.400522029939773e-18
vn 0.9510565161477913 0.3090169948284817 -1.892183379232834e-17
vn 0.8660253998985324 0.5000000067305869 -3.06161717267588e-17
vn 0.7431448101926803 0.6691306233342523 -4.097243287873461e-17
vn 0.5877852429542022 0.8090170011595983 -4.953800384026539e-17
vn 0.40673665266027326 0.9135454533753186 -5.59385271245546e-17
vn 0.2079116802331908 0.9781476029836251 -5.98942673959718e-17
vn 1.2246468525851679e-16 1 -6.123234262925839e-17
vn -0.2079116802331908 0.9781476029836251 -5.98942673959718e-17
vn -0.40673665266027326 0.9135454533753186 -5.59385271245546e-17
vn -0.5877852429542022 0.8090170011595983 -4.953800384026539e-17
vn -0.7431448101926803 0.6691306233342523 -4.097243287873461e-17
vn -0.8660253998985324 0.5000000067305869 -3.06161717267588e-17
vn -0.9510565161477913 0.3090169948284817 -1.892183379232834e-17
vn -0.9945218954774298 0.10452846222910053 -6.400522029939773e-18
vn -0.9945218954774298 -0.10452846222910053 6.400522029939773e-18
vn -0.9510565161477913 -0.3090169948284817 1.892183379232834e-17
vn -0.8660253998985324 -0.5000000067305869 3.06161717267588e-17
vn -0.7431448101926803 -0.6691306233342523 4.097243287873461e-17
vn -0.5877852429542022 -0.8090170011595983 4.953800384026539e-17
vn -0.40673665266027326 -0.9135454533753186 5.59385271245546e-17
vn -0.2079116802331908 -0.9781476029836251 5.98942673959718e-17
vn -2.4492937051703357e-16 -1 6.123234262925839e-17
vn 0 6.123234262925839e-17 1
vn 0 6.123234262925839e-17 1
vn 0 6.123234262925839e-17 1
vn 0 6.123234262925839e-17 1
vn 0 6.123234262925839e-17 1
vn 0 6.123234262925839e-17 1
vn 0 6.123234262925839e-17 1
vn 0 6.123234262925839e-17 1
vn 0 6.123234262925839e-17 1
vn 0 6.123234262925839e-17 1
vn 0 6.123234262925839e-17 1
vn 0 6.123234262925839e-17 1
vn 0 6.123234262925839e-17 1
vn 0 6.123234262925839e-17 1
vn 0 6.123234262925839e-17 1
vn 0 6.123234262925839e-17 1
vn 0 6.123234262925839e-17 1
vn 0 6.123234262925839e-17 1
vn 0 6.123234262925839e-17 1
vn 0 6.123234262925839e-17 1
vn 0 6.123234262925839e-17 1
vn 0 6.123234262925839e-17 1
vn 0 6.123234262925839e-17 1
vn 0 6.123234262925839e-17 1
vn 0 6.123234262925839e-17 1
vn 0 6.123234262925839e-17 1
vn 0 6.123234262925839e-17 1
vn 0 6.123234262925839e-17 1
vn 0 6.123234262925839e-17 1
vn 0 6.123234262925839e-17 1
vn 0 6.123234262925839e-17 1
vn 0 6.123234262925839e-17 1
vn 0 6.123234262925839e-17 1
vn 0 6.123234262925839e-17 1
vn 0 6.123234262925839e-17 1
vn 0 6.123234262925839e-17 1
vn 0 6.123234262925839e-17 1
vn 0 6.123234262925839e-17 1
vn 0 6.123234262925839e-17 1
vn 0 6.123234262925839e-17 1
vn 0 6.123234262925839e-17 1
vn 0 6.123234262925839e-17 1
vn 0 6.123234262925839e-17 1
vn 0 6.123234262925839e-17 1
vn 0 6.123234262925839e-17 1
vn 0 6.123234262925839e-17 1
vn 0 6.123234262925839e-17 1
vn 0 6.123234262925839e-17 1
vn 0 6.123234262925839e-17 1
vn 0 6.123234262925839e-17 1
vn 0 6.123234262925839e-17 1
vn 0 6.123234262925839e-17 1
vn 0 6.123234262925839e-17 1
vn 0 6.123234262925839e-17 1
vn 0 6.123234262925839e-17 1
vn 0 6.123234262925839e-17 1
vn 0 6.123234262925839e-17 1
vn 0 6.123234262925839e-17 1
vn 0 6.123234262925839e-17 1
vn 0 6.123234262925839e-17 1
vn 0 6.123234262925839e-17 1
vn 0 -6.123234262925839e-17 -1
vn 0 -6.123234262925839e-17 -1
vn 0 -6.123234262925839e-17 -1
vn 0 -6.123234262925839e-17 -1
vn 0 -6.123234262925839e-17 -1
vn 0 -6.123234262925839e-17 -1
vn 0 -6.123234262925839e-17 -1
vn 0 -6.123234262925839e-17 -1
vn 0 -6.123234262925839e-17 -1
vn 0 -6.123234262925839e-17 -1
vn 0 -6.123234262925839e-17 -1
vn 0 -6.123234262925839e-17 -1
vn 0 -6.123234262925839e-17 -1
vn 0 -6.123234262925839e-17 -1
vn 0 -6.123234262925839e-17 -1
vn 0 -6.123234262925839e-17 -1
vn 0 -6.123234262925839e-17 -1
vn 0 -6.123234262925839e-17 -1
vn 0 -6.123234262925839e-17 -1
vn 0 -6.123234262925839e-17 -1
vn 0 -6.123234262925839e-17 -1
vn 0 -6.123234262925839e-17 -1
vn 0 -6.123234262925839e-17 -1
vn 0 -6.123234262925839e-17 -1
vn 0 -6.123234262925839e-17 -1
vn 0 -6.123234262925839e-17 -1
vn 0 -6.123234262925839e-17 -1
vn 0 -6.123234262925839e-17 -1
vn 0 -6.123234262925839e-17 -1
vn 0 -6.123234262925839e-17 -1
vn 0 -6.123234262925839e-17 -1
vn 0 -6.123234262925839e-17 -1
vn 0 -6.123234262925839e-17 -1
vn 0 -6.123234262925839e-17 -1
vn 0 -6.123234262925839e-17 -1
vn 0 -6.123234262925839e-17 -1
vn 0 -6.123234262925839e-17 -1
vn 0 -6.123234262925839e-17 -1
vn 0 -6.123234262925839e-17 -1
vn 0 -6.123234262925839e-17 -1
vn 0 -6.123234262925839e-17 -1
vn 0 -6.123234262925839e-17 -1
vn 0 -6.123234262925839e-17 -1
vn 0 -6.123234262925839e-17 -1
vn 0 -6.123234262925839e-17 -1
vn 0 -6.123234262925839e-17 -1
vn 0 -6.123234262925839e-17 -1
vn 0 -6.123234262925839e-17 -1
vn 0 -6.123234262925839e-17 -1
vn 0 -6.123234262925839e-17 -1
vn 0 -6.123234262925839e-17 -1
vn 0 -6.123234262925839e-17 -1
vn 0 -6.123234262925839e-17 -1
vn 0 -6.123234262925839e-17 -1
vn 0 -6.123234262925839e-17 -1
vn 0 -6.123234262925839e-17 -1
vn 0 -6.123234262925839e-17 -1
vn 0 -6.123234262925839e-17 -1
vn 0 -6.123234262925839e-17 -1
vn 0 -6.123234262925839e-17 -1
vn 0 -6.123234262925839e-17 -1
f 1166/1166/1166 1197/1197/1197 1167/1167/1167
f 1197/1197/1197 1198/1198/1198 1167/1167/1167
f 1167/1167/1167 1198/1198/1198 1168/1168/1168
f 1198/1198/1198 1199/1199/1199 1168/1168/1168
f 1168/1168/1168 1199/1199/1199 1169/1169/1169
f 1199/1199/1199 1200/1200/1200 1169/1169/1169
f 1169/1169/1169 1200/1200/1200 1170/1170/1170
f 1200/1200/1200 1201/1201/1201 1170/1170/1170
f 1170/1170/1170 1201/1201/1201 1171/1171/1171
f 1201/1201/1201 1202/1202/1202 1171/1171/1171
f 1171/1171/1171 1202/1202/1202 1172/1172/1172
f 1202/1202/1202 1203/1203/1203 1172/1172/1172
f 1172/1172/1172 1203/1203/1203 1173/1173/1173
f 1203/1203/1203 1204/1204/1204 1173/1173/1173
f 1173/1173/1173 1204/1204/1204 1174/1174/1174
f 1204/1204/1204 1205/1205/1205 1174/1174/1174
f 1174/1174/1174 1205/1205/1205 1175/1175/1175
f 1205/1205/1205 1206/1206/1206 1175/1175/1175
f 1175/1175/1175 1206/1206/1206 1176/1176/1176
f 1206/1206/1206 1207/1207/1207 1176/1176/1176
f 1176/1176/1176 1207/1207/1207 1177/1177/1177
f 1207/1207/1207 1208/1208/1208 1177/1177/1177
f 1177/1177/1177 1208/1208/1208 1178/1178/1178
f 1208/1208/1208 1209/1209/1209 1178/1178/1178
f 1178/1178/1178 1209/1209/1209 1179/1179/1179
f 1209/1209/1209 1210/1210/1210 1179/1179/1179
f 1179/1179/1179 1210/1210/1210 1180/1180/1180
f 1210/1210/1210 1211/1211/1211 1180/1180/1180
f 1180/1180/1180 1211/1211/1211 1181/1181/1181
f 1211/1211/1211 1212/1212/1212 1181/1181/1181
f 1181/1181/1181 1212/1212/1212 1182/1182/1182
f 1212/1212/1212 1213/1213/1213 1182/1182/1182
f 1182/1182/1182 1213/1213/1213 1183/1183/1183
f 1213/1213/1213 1214/1214/1214 1183/1183/1183
f 1183/1183/1183 1214/1214/1214 1184/1184/1184
f 1214/1214/1214 1215/1215/1215 1184/1184/1184
f 1184/1184/1184 1215/1215/1215 1185/1185/1185
f 1215/1215/1215 1216/1216/1216 1185/1185/1185
f 1185/1185/1185 1216/1216/1216 1186/1186/1186
f 1216/1216/1216 1217/1217/1217 1186/1186/1186
f 1186/1186/1186 1217/1217/1217 1187/1187/1187
f 1217/1217/1217 1218/1218/1218 1187/1187/1187
f 1187/1187/1187 1218/1218/1218 1188/1188/1188
f 1218/1218/1218 1219/1219/1219 1188/1188/1188
f 1188/1188/1188 1219/1219/1219 1189/1189/1189
f 1219/1219/1219 1220/1220/1220 1189/1189/1189
f 1189/1189/1189 1220/1220/1220 1190/1190/1190
f 1220/1220/1220 1221/1221/1221 1190/1190/1190
f 1190/1190/1190 1221/1221/1221 1191/1191/1191
f 1221/1221/1221 1222/1222/1222 1191/1191/1191
f 1191/1191/1191 1222/1222/1222 1192/1192/1192
f 1222/1222/1222 1223/1223/1223 1192/1192/1192
f 1192/1192/1192 1223/1223/1223 1193/1193/1193
f 1223/1223/1223 1224/1224/1224 1193/1193/1193
f 1193/1193/1193 1224/1224/1224 1194/1194/1194
f 1224/1224/1224 1225/1225/1225 1194/1194/1194
f 1194/1194/1194 1225/1225/1225 1195/1195/1195
f 1225/1225/1225 1226/1226/1226 1195/1195/1195
f 1195/1195/1195 1226/1226/1226 1196/1196/1196
f 1226/1226/1226 1227/1227/1227 1196/1196/1196
f 1258/1258/1258 1259/1259/1259 1228/1228/1228
f 1259/1259/1259 1260/1260/1260 1229/1229/1229
f 1260/1260/1260 1261/1261/1261 1230/1230/1230
f 1261/1261/1261 1262/1262/1262 1231/1231/1231
f 1262/1262/1262 1263/1263/1263 1232/1232/1232
f 1263/1263/1263 1264/1264/1264 1233/1233/1233
f 1264/1264/1264 1265/1265/1265 1234/1234/1234
f 1265/1265/1265 1266/1266/1266 1235/1235/1235
f 1266/1266/1266 1267/1267/1267 1236/1236/1236
f 1267/1267/1267 1268/1268/1268 1237/1237/1237
f 1268/1268/1268 1269/1269/1269 1238/1238/1238
f 1269/1269/1269 1270/1270/1270 1239/1239/1239
f 1270/1270/1270 1271/1271/1271 1240/1240/1240
f 1271/1271/1271 1272/1272/1272 1241/1241/1241
f 1272/1272/1272 1273/1273/1273 1242/1242/1242
f 1273/1273/1273 1274/1274/1274 1243/1243/1243
f 1274/1274/1274 1275/1275/1275 1244/1244/1244
f 1275/1275/1275 1276/1276/1276 1245/1245/1245
f 1276/1276/1276 1277/1277/1277 1246/1246/1246
f 1277/1277/1277 1278/1278/1278 1247/1247/1247
f 1278/1278/1278 1279/1279/1279 1248/1248/1248
f 1279/1279/1279 1280/1280/1280 1249/1249/1249
f 1280/1280/1280 1281/1281/1281 1250/1250/1250
f 1281/1281/1281 1282/1282/1282 1251/1251/1251
f 1282/1282/1282 1283/1283/1283 1252/1252/1252
f 1283/1283/1283 1284/1284/1284 1253/1253/1253
f 1284/1284/1284 1285/1285/1285 1254/1254/1254
f 1285/1285/1285 1286/1286/1286 1255/1255/1255
f 1286/1286/1286 1287/1287/1287 1256/1256/1256
f 1287/1287/1287 1288/1288/1288 1257/1257/1257
f 1320/1320/1320 1319/1319/1319 1289/1289/1289
f 1321/1321/1321 1320/1320/1320 1290/1290/1290
f 1322/1322/1322 1321/1321/1321 1291/1291/1291
f 1323/1323/1323 1322/1322/1322 1292/1292/1292
f 1324/1324/1324 1323/1323/1323 1293/1293/1293
f 1325/1325/1325 1324/1324/1324 1294/1294/1294
f 1326/1326/1326 1325/1325/1325 1295/1295/1295
f 1327/1327/1327 1326/1326/1326 1296/1296/1296
f 1328/1328/1328 1327/1327/1327 1297/1297/1297
f 1329/1329/1329 1328/1328/1328 1298/1298/1298
f 1330/1330/1330 1329/1329/1329 1299/1299/1299
f 1331/1331/1331 1330/1330/1330 1300/1300/1300
f 1332/1332/1332 1331/1331/1331 1301/1301/1301
f 1333/1333/1333 1332/1332/1332 1302/1302/1302
f 1334/1334/1334 1333/1333/1333 1303/1303/1303
f 1335/1335/1335 1334/1334/1334 1304/1304/1304
f 1336/1336/1336 1335/1335/1335 1305/1305/1305
f 1337/1337/1337 1336/1336/1336 1306/1306/1306
f 1338/1338/1338 1337/1337/1337 1307/1307/1307
f 1339/1339/1339 1338/1338/1338 1308/1308/1308
f 1340/1340/1340 1339/1339/1339 1309/1309/1309
f 1341/1341/1341 1340/1340/1340 1310/1310/1310
f 1342/1342/1342 1341/1341/1341 1311/1311/1311
f 1343/1343/1343 1342/1342/1342 1312/1312/1312
f 1344/1344/1344 1343/1343/1343 1313/1313/1313
f 1345/1345/1345 1344/1344/1344 1314/1314/1314
f 1346/1346/1346 1345/1345/1345 1315/1315/1315
f 1347/1347/1347 1346/1346/1346 1316/1316/1316
f 1348/1348/1348 1347/1347/1347 1317/1317/1317
f 1349/1349/1349 1348/1348/1348 1318/1318/1318
