mtllib rg6_v2_gripper_body.mtl
o sculpted_cover_-1
usemtl anodized_silver
v -0.020999999716877937 -0.01850000023841858 0
v -0.02173437550663948 -0.01850000023841858 0.000017361111531499773
v -0.022437499836087227 -0.01850000023841858 0.00006944444612599909
v 0.02173437550663948 -0.01850000023841858 0.000017361111531499773
v 0.020999999716877937 -0.01850000023841858 0
v 0.023109374567866325 -0.01850000023841858 0.00015624999650754035
v 0.022437499836087227 -0.01850000023841858 0.00006944444612599909
v 0.02435937523841858 -0.01850000023841858 0.0004340277810115367
v 0.023749999701976776 -0.01850000023841858 0.00027777778450399637
v 0.025484375655651093 -0.01850000023841858 0.0008506944286637008
v 0.024937499314546585 -0.01850000023841858 0.0006249999860301614
v 0.026484375819563866 -0.01850000023841858 0.0014062500558793545
v 0.026000000536441803 -0.01850000023841858 0.0011111111380159855
v 0.0273593757301569 -0.01850000023841858 0.0021006944589316845
v 0.02693749964237213 -0.01850000023841858 0.0017361111240461469
v 0.02810937538743019 -0.01850000023841858 0.002934027696028352
v 0.02775000035762787 -0.01850000023841858 0.0024999999441206455
v 0.028734374791383743 -0.01850000023841858 0.00390625
v 0.028437500819563866 -0.01850000023841858 0.0034027777146548033
v 0.029234375804662704 -0.01850000023841858 0.0050173611380159855
v 0.028999999165534973 -0.01850000023841858 0.004444444552063942
v 0.029609374701976776 -0.01850000023841858 0.006267361342906952
v 0.02943749912083149 -0.01850000023841858 0.005625000223517418
v 0.029859375208616257 -0.01850000023841858 0.007656250149011612
v 0.029750000685453415 -0.01850000023841858 0.0069444444961845875
v 0.029984375461935997 -0.01850000023841858 0.009184028021991253
v 0.02993750013411045 -0.01850000023841858 0.008402777835726738
v 0.029999999329447746 -0.01850000023841858 0.05299999937415123
v 0.029999999329447746 -0.01850000023841858 0.009999999776482582
v 0.037486109882593155 -0.01850000023841858 0.07762152701616287
v 0.036748263984918594 -0.01850000023841858 0.0761844590306282
v 0.035999998450279236 -0.01850000023841858 0.07474999874830246
v 0.03888889029622078 -0.01850000023841858 0.08055555820465088
v 0.038203123956918716 -0.01850000023841858 0.07907421886920929
v 0.04012500122189522 -0.01850000023841858 0.08365625143051147
v 0.03953298553824425 -0.01850000023841858 0.08207856118679047
v 0.041111111640930176 -0.01850000023841858 0.08702778071165085
v 0.040654513984918594 -0.01850000023841858 0.08530165255069733
v 0.04176389053463936 -0.01850000023841858 0.090774305164814
v 0.041484374552965164 -0.01850000023841858 0.08884765952825546
v 0.041999999433755875 -0.01850000023841858 0.0949999988079071
v 0.04193923622369766 -0.01850000023841858 0.09282074868679047
v 0.0417083315551281 -0.01850000023841858 0.09906307607889175
v 0.04192708432674408 -0.01850000023841858 0.09707819670438766
v 0.040833331644535065 -0.01850000023841858 0.1027546301484108
v 0.041343748569488525 -0.01850000023841858 0.10095507651567459
v 0.039374999701976776 -0.01850000023841858 0.1060781255364418
v 0.040177084505558014 -0.01850000023841858 0.104462169110775
v 0.03733333200216293 -0.01850000023841858 0.10903703421354294
v 0.03842708468437195 -0.01850000023841858 0.10760293900966644
v 0.034708332270383835 -0.01850000023841858 0.11163483560085297
v 0.03609374910593033 -0.01850000023841858 0.1103808581829071
v 0.03150000050663948 -0.01850000023841858 0.11387500166893005
v 0.03317708149552345 -0.01850000023841858 0.11279940605163574
v 0.027708332985639572 -0.01850000023841858 0.11576099693775177
v 0.02967708371579647 -0.01850000023841858 0.11486205458641052
v 0.023333333432674408 -0.01850000023841858 0.11729629337787628
v 0.025593750178813934 -0.01850000023841858 0.11657226830720901
v 0.01837499998509884 -0.01850000023841858 0.11848437786102295
v 0.020927082747220993 -0.01850000023841858 0.11793351918458939
v 0.01283333357423544 -0.01850000023841858 0.11932870000600815
v 0.015677083283662796 -0.01850000023841858 0.118949294090271
v 0.006708333268761635 -0.01850000023841858 0.11983275413513184
v 0.009843749925494194 -0.01850000023841858 0.11962305009365082
v 0 -0.01850000023841858 0.11999999731779099
v 0.003427083371207118 -0.01850000023841858 0.11995825916528702
v -0.006708333268761635 -0.01850000023841858 0.11983275413513184
v -0.003427083371207118 -0.01850000023841858 0.11995825916528702
v -0.01283333357423544 -0.01850000023841858 0.11932870000600815
v -0.009843749925494194 -0.01850000023841858 0.11962305009365082
v -0.01837499998509884 -0.01850000023841858 0.11848437786102295
v -0.015677083283662796 -0.01850000023841858 0.118949294090271
v -0.023333333432674408 -0.01850000023841858 0.11729629337787628
v -0.020927082747220993 -0.01850000023841858 0.11793351918458939
v -0.027708332985639572 -0.01850000023841858 0.11576099693775177
v -0.025593750178813934 -0.01850000023841858 0.11657226830720901
v -0.03150000050663948 -0.01850000023841858 0.11387500166893005
v -0.02967708371579647 -0.01850000023841858 0.11486205458641052
v -0.034708332270383835 -0.01850000023841858 0.11163483560085297
v -0.03317708149552345 -0.01850000023841858 0.11279940605163574
v -0.03733333200216293 -0.01850000023841858 0.10903703421354294
v -0.03609374910593033 -0.01850000023841858 0.1103808581829071
v -0.039374999701976776 -0.01850000023841858 0.1060781255364418
v -0.03842708468437195 -0.01850000023841858 0.10760293900966644
v -0.040833331644535065 -0.01850000023841858 0.1027546301484108
v -0.040177084505558014 -0.01850000023841858 0.104462169110775
v -0.0417083315551281 -0.01850000023841858 0.09906307607889175
v -0.041343748569488525 -0.01850000023841858 0.10095507651567459
v -0.041999999433755875 -0.01850000023841858 0.0949999988079071
v -0.04192708432674408 -0.01850000023841858 0.09707819670438766
v -0.04176389053463936 -0.01850000023841858 0.090774305164814
v -0.04193923622369766 -0.01850000023841858 0.09282074868679047
v -0.041111111640930176 -0.01850000023841858 0.08702778071165085
v -0.041484374552965164 -0.01850000023841858 0.08884765952825546
v -0.04012500122189522 -0.01850000023841858 0.08365625143051147
v -0.040654513984918594 -0.01850000023841858 0.08530165255069733
v -0.03888889029622078 -0.01850000023841858 0.08055555820465088
v -0.03953298553824425 -0.01850000023841858 0.08207856118679047
v -0.037486109882593155 -0.01850000023841858 0.07762152701616287
v -0.038203123956918716 -0.01850000023841858 0.07907421886920929
v -0.035999998450279236 -0.01850000023841858 0.07474999874830246
v -0.036748263984918594 -0.01850000023841858 0.0761844590306282
v -0.029984375461935997 -0.01850000023841858 0.009184028021991253
v -0.029999999329447746 -0.01850000023841858 0.009999999776482582
v -0.029999999329447746 -0.01850000023841858 0.05299999937415123
v -0.029859375208616257 -0.01850000023841858 0.007656250149011612
v -0.02993750013411045 -0.01850000023841858 0.008402777835726738
v -0.029609374701976776 -0.01850000023841858 0.006267361342906952
v -0.029750000685453415 -0.01850000023841858 0.0069444444961845875
v -0.029234375804662704 -0.01850000023841858 0.0050173611380159855
v -0.02943749912083149 -0.01850000023841858 0.005625000223517418
v -0.028734374791383743 -0.01850000023841858 0.00390625
v -0.028999999165534973 -0.01850000023841858 0.004444444552063942
v -0.02810937538743019 -0.01850000023841858 0.002934027696028352
v -0.028437500819563866 -0.01850000023841858 0.0034027777146548033
v -0.0273593757301569 -0.01850000023841858 0.0021006944589316845
v -0.02775000035762787 -0.01850000023841858 0.0024999999441206455
v -0.026484375819563866 -0.01850000023841858 0.0014062500558793545
v -0.02693749964237213 -0.01850000023841858 0.0017361111240461469
v -0.025484375655651093 -0.01850000023841858 0.0008506944286637008
v -0.026000000536441803 -0.01850000023841858 0.0011111111380159855
v -0.02435937523841858 -0.01850000023841858 0.0004340277810115367
v -0.024937499314546585 -0.01850000023841858 0.0006249999860301614
v -0.023109374567866325 -0.01850000023841858 0.00015624999650754035
v -0.023749999701976776 -0.01850000023841858 0.00027777778450399637
v 0.035251736640930176 -0.01850000023841858 0.07330512255430222
v -0.035251736640930176 -0.01850000023841858 0.07330512255430222
v 0.034513890743255615 -0.01850000023841858 0.07183680683374405
v 0.030060764402151108 -0.01850000023841858 0.05541883781552315
v 0.033796876668930054 -0.01850000023841858 0.07033202797174454
v -0.030060764402151108 -0.01850000023841858 0.05541883781552315
v 0.03311111032962799 -0.01850000023841858 0.06877777725458145
v -0.034513890743255615 -0.01850000023841858 0.07183680683374405
v -0.03023611195385456 -0.01850000023841858 0.057684026658535004
v 0.03246701508760452 -0.01850000023841858 0.06716102361679077
v -0.033796876668930054 -0.01850000023841858 0.07033202797174454
v -0.030515624210238457 -0.01850000023841858 0.05980859324336052
v 0.03187499940395355 -0.01850000023841858 0.06546875089406967
v -0.03311111032962799 -0.01850000023841858 0.06877777725458145
v -0.030888888984918594 -0.01850000023841858 0.06180555373430252
v 0.031345486640930176 -0.01850000023841858 0.06368793547153473
v -0.03246701508760452 -0.01850000023841858 0.06716102361679077
v -0.031345486640930176 -0.01850000023841858 0.06368793547153473
v 0.030888888984918594 -0.01850000023841858 0.06180555373430252
v -0.03187499940395355 -0.01850000023841858 0.06546875089406967
v 0.030515624210238457 -0.01850000023841858 0.05980859324336052
v 0.03023611195385456 -0.01850000023841858 0.057684026658535004
v -0.022437499836087227 -0.020999999716877937 0.00006944444612599909
v -0.02173437550663948 -0.020999999716877937 0.000017361111531499773
v -0.020999999716877937 -0.020999999716877937 1.5308084881832774e-19
v 0.020999999716877937 -0.020999999716877937 1.5308084881832774e-19
v 0.02173437550663948 -0.020999999716877937 0.000017361111531499773
v 0.022437499836087227 -0.020999999716877937 0.00006944444612599909
v 0.023109374567866325 -0.020999999716877937 0.00015624999650754035
v 0.023749999701976776 -0.020999999716877937 0.00027777778450399637
v 0.02435937523841858 -0.020999999716877937 0.0004340277810115367
v 0.024937499314546585 -0.020999999716877937 0.0006249999860301614
v 0.025484375655651093 -0.020999999716877937 0.0008506944286637008
v 0.026000000536441803 -0.020999999716877937 0.0011111111380159855
v 0.026484375819563866 -0.020999999716877937 0.0014062500558793545
v 0.02693749964237213 -0.020999999716877937 0.0017361111240461469
v 0.0273593757301569 -0.020999999716877937 0.0021006944589316845
v 0.02775000035762787 -0.020999999716877937 0.0024999999441206455
v 0.02810937538743019 -0.020999999716877937 0.002934027696028352
v 0.028437500819563866 -0.020999999716877937 0.0034027777146548033
v 0.028734374791383743 -0.020999999716877937 0.00390625
v 0.028999999165534973 -0.020999999716877937 0.004444444552063942
v 0.029234375804662704 -0.020999999716877937 0.0050173611380159855
v 0.02943749912083149 -0.020999999716877937 0.005625000223517418
v 0.029609374701976776 -0.020999999716877937 0.006267361342906952
v 0.029750000685453415 -0.020999999716877937 0.0069444444961845875
v 0.029859375208616257 -0.020999999716877937 0.007656250149011612
v 0.02993750013411045 -0.020999999716877937 0.008402777835726738
v 0.029984375461935997 -0.020999999716877937 0.009184028021991253
v 0.029999999329447746 -0.020999999716877937 0.009999999776482582
v 0.029999999329447746 -0.020999999716877937 0.05299999937415123
v 0.035999998450279236 -0.020999999716877937 0.07474999874830246
v 0.036748263984918594 -0.020999999716877937 0.0761844590306282
v 0.037486109882593155 -0.020999999716877937 0.07762152701616287
v 0.038203123956918716 -0.020999999716877937 0.07907421886920929
v 0.03888889029622078 -0.020999999716877937 0.08055555820465088
v 0.03953298553824425 -0.020999999716877937 0.08207856118679047
v 0.04012500122189522 -0.020999999716877937 0.08365625143051147
v 0.040654513984918594 -0.020999999716877937 0.08530165255069733
v 0.041111111640930176 -0.020999999716877937 0.08702778071165085
v 0.041484374552965164 -0.020999999716877937 0.08884765952825546
v 0.04176389053463936 -0.020999999716877937 0.090774305164814
v 0.04193923622369766 -0.020999999716877937 0.09282074868679047
v 0.041999999433755875 -0.020999999716877937 0.0949999988079071
v 0.04192708432674408 -0.020999999716877937 0.09707819670438766
v 0.0417083315551281 -0.020999999716877937 0.09906307607889175
v 0.041343748569488525 -0.020999999716877937 0.10095507651567459
v 0.040833331644535065 -0.020999999716877937 0.1027546301484108
v 0.040177084505558014 -0.020999999716877937 0.104462169110775
v 0.039374999701976776 -0.020999999716877937 0.1060781255364418
v 0.03842708468437195 -0.020999999716877937 0.10760293900966644
v 0.03733333200216293 -0.020999999716877937 0.10903703421354294
v 0.03609374910593033 -0.020999999716877937 0.1103808581829071
v 0.034708332270383835 -0.020999999716877937 0.11163483560085297
v 0.03317708149552345 -0.020999999716877937 0.11279940605163574
v 0.03150000050663948 -0.020999999716877937 0.11387500166893005
v 0.02967708371579647 -0.020999999716877937 0.11486205458641052
v 0.027708332985639572 -0.020999999716877937 0.11576099693775177
v 0.025593750178813934 -0.020999999716877937 0.11657226830720901
v 0.023333333432674408 -0.020999999716877937 0.11729629337787628
v 0.020927082747220993 -0.020999999716877937 0.11793351918458939
v 0.01837499998509884 -0.020999999716877937 0.11848437786102295
v 0.015677083283662796 -0.020999999716877937 0.118949294090271
v 0.01283333357423544 -0.020999999716877937 0.11932870000600815
v 0.009843749925494194 -0.020999999716877937 0.11962305009365082
v 0.006708333268761635 -0.020999999716877937 0.11983275413513184
v 0.003427083371207118 -0.020999999716877937 0.11995825916528702
v 0 -0.020999999716877937 0.11999999731779099
v -0.003427083371207118 -0.020999999716877937 0.11995825916528702
v -0.006708333268761635 -0.020999999716877937 0.11983275413513184
v -0.009843749925494194 -0.020999999716877937 0.11962305009365082
v -0.01283333357423544 -0.020999999716877937 0.11932870000600815
v -0.015677083283662796 -0.020999999716877937 0.118949294090271
v -0.01837499998509884 -0.020999999716877937 0.11848437786102295
v -0.020927082747220993 -0.020999999716877937 0.11793351918458939
v -0.023333333432674408 -0.020999999716877937 0.11729629337787628
v -0.025593750178813934 -0.020999999716877937 0.11657226830720901
v -0.027708332985639572 -0.020999999716877937 0.11576099693775177
v -0.02967708371579647 -0.020999999716877937 0.11486205458641052
v -0.03150000050663948 -0.020999999716877937 0.11387500166893005
v -0.03317708149552345 -0.020999999716877937 0.11279940605163574
v -0.034708332270383835 -0.020999999716877937 0.11163483560085297
v -0.03609374910593033 -0.020999999716877937 0.1103808581829071
v -0.03733333200216293 -0.020999999716877937 0.10903703421354294
v -0.03842708468437195 -0.020999999716877937 0.10760293900966644
v -0.039374999701976776 -0.020999999716877937 0.1060781255364418
v -0.040177084505558014 -0.020999999716877937 0.104462169110775
v -0.040833331644535065 -0.020999999716877937 0.1027546301484108
v -0.041343748569488525 -0.020999999716877937 0.10095507651567459
v -0.0417083315551281 -0.020999999716877937 0.09906307607889175
v -0.04192708432674408 -0.020999999716877937 0.09707819670438766
v -0.041999999433755875 -0.020999999716877937 0.0949999988079071
v -0.04193923622369766 -0.020999999716877937 0.09282074868679047
v -0.04176389053463936 -0.020999999716877937 0.090774305164814
v -0.041484374552965164 -0.020999999716877937 0.08884765952825546
v -0.041111111640930176 -0.020999999716877937 0.08702778071165085
v -0.040654513984918594 -0.020999999716877937 0.08530165255069733
v -0.04012500122189522 -0.020999999716877937 0.08365625143051147
v -0.03953298553824425 -0.020999999716877937 0.08207856118679047
v -0.03888889029622078 -0.020999999716877937 0.08055555820465088
v -0.038203123956918716 -0.020999999716877937 0.07907421886920929
v -0.037486109882593155 -0.020999999716877937 0.07762152701616287
v -0.036748263984918594 -0.020999999716877937 0.0761844590306282
v -0.035999998450279236 -0.020999999716877937 0.07474999874830246
v -0.029999999329447746 -0.020999999716877937 0.05299999937415123
v -0.029999999329447746 -0.020999999716877937 0.009999999776482582
v -0.029984375461935997 -0.020999999716877937 0.009184028021991253
v -0.02993750013411045 -0.020999999716877937 0.008402777835726738
v -0.029859375208616257 -0.020999999716877937 0.007656250149011612
v -0.029750000685453415 -0.020999999716877937 0.0069444444961845875
v -0.029609374701976776 -0.020999999716877937 0.006267361342906952
v -0.02943749912083149 -0.020999999716877937 0.005625000223517418
v -0.029234375804662704 -0.020999999716877937 0.0050173611380159855
v -0.028999999165534973 -0.020999999716877937 0.004444444552063942
v -0.028734374791383743 -0.020999999716877937 0.00390625
v -0.028437500819563866 -0.020999999716877937 0.0034027777146548033
v -0.02810937538743019 -0.020999999716877937 0.002934027696028352
v -0.02775000035762787 -0.020999999716877937 0.0024999999441206455
v -0.0273593757301569 -0.020999999716877937 0.0021006944589316845
v -0.02693749964237213 -0.020999999716877937 0.0017361111240461469
v -0.026484375819563866 -0.020999999716877937 0.0014062500558793545
v -0.026000000536441803 -0.020999999716877937 0.0011111111380159855
v -0.025484375655651093 -0.020999999716877937 0.0008506944286637008
v -0.024937499314546585 -0.020999999716877937 0.0006249999860301614
v -0.02435937523841858 -0.020999999716877937 0.0004340277810115367
v -0.023749999701976776 -0.020999999716877937 0.00027777778450399637
v -0.023109374567866325 -0.020999999716877937 0.00015624999650754035
v 0.035251736640930176 -0.020999999716877937 0.07330512255430222
v -0.035251736640930176 -0.020999999716877937 0.07330512255430222
v 0.034513890743255615 -0.020999999716877937 0.07183680683374405
v 0.030060764402151108 -0.020999999716877937 0.05541883781552315
v 0.033796876668930054 -0.020999999716877937 0.07033202797174454
v -0.030060764402151108 -0.020999999716877937 0.05541883781552315
v 0.03311111032962799 -0.020999999716877937 0.06877777725458145
v -0.034513890743255615 -0.020999999716877937 0.07183680683374405
v -0.03023611195385456 -0.020999999716877937 0.057684026658535004
v 0.03246701508760452 -0.020999999716877937 0.06716102361679077
v -0.033796876668930054 -0.020999999716877937 0.07033202797174454
v -0.030515624210238457 -0.020999999716877937 0.05980859324336052
v 0.03187499940395355 -0.020999999716877937 0.06546875089406967
v -0.03311111032962799 -0.020999999716877937 0.06877777725458145
v -0.030888888984918594 -0.020999999716877937 0.06180555373430252
v 0.031345486640930176 -0.020999999716877937 0.06368793547153473
v -0.03246701508760452 -0.020999999716877937 0.06716102361679077
v -0.031345486640930176 -0.020999999716877937 0.06368793547153473
v 0.030888888984918594 -0.020999999716877937 0.06180555373430252
v -0.03187499940395355 -0.020999999716877937 0.06546875089406967
v 0.030515624210238457 -0.020999999716877937 0.05980859324336052
v 0.03023611195385456 -0.020999999716877937 0.057684026658535004
vt -0.020999999716877937 0
vt -0.02173437550663948 0.000017361111531499773
vt -0.022437499836087227 0.00006944444612599909
vt 0.02173437550663948 0.000017361111531499773
vt 0.020999999716877937 0
vt 0.023109374567866325 0.00015624999650754035
vt 0.022437499836087227 0.00006944444612599909
vt 0.02435937523841858 0.0004340277810115367
vt 0.023749999701976776 0.00027777778450399637
vt 0.025484375655651093 0.0008506944286637008
vt 0.024937499314546585 0.0006249999860301614
vt 0.026484375819563866 0.0014062500558793545
vt 0.026000000536441803 0.0011111111380159855
vt 0.0273593757301569 0.0021006944589316845
vt 0.02693749964237213 0.0017361111240461469
vt 0.02810937538743019 0.002934027696028352
vt 0.02775000035762787 0.0024999999441206455
vt 0.028734374791383743 0.00390625
vt 0.028437500819563866 0.0034027777146548033
vt 0.029234375804662704 0.0050173611380159855
vt 0.028999999165534973 0.004444444552063942
vt 0.029609374701976776 0.006267361342906952
vt 0.02943749912083149 0.005625000223517418
vt 0.029859375208616257 0.007656250149011612
vt 0.029750000685453415 0.0069444444961845875
vt 0.029984375461935997 0.009184028021991253
vt 0.02993750013411045 0.008402777835726738
vt 0.029999999329447746 0.05299999937415123
vt 0.029999999329447746 0.009999999776482582
vt 0.037486109882593155 0.07762152701616287
vt 0.036748263984918594 0.0761844590306282
vt 0.035999998450279236 0.07474999874830246
vt 0.03888889029622078 0.08055555820465088
vt 0.038203123956918716 0.07907421886920929
vt 0.04012500122189522 0.08365625143051147
vt 0.03953298553824425 0.08207856118679047
vt 0.041111111640930176 0.08702778071165085
vt 0.040654513984918594 0.08530165255069733
vt 0.04176389053463936 0.090774305164814
vt 0.041484374552965164 0.08884765952825546
vt 0.041999999433755875 0.0949999988079071
vt 0.04193923622369766 0.09282074868679047
vt 0.0417083315551281 0.09906307607889175
vt 0.04192708432674408 0.09707819670438766
vt 0.040833331644535065 0.1027546301484108
vt 0.041343748569488525 0.10095507651567459
vt 0.039374999701976776 0.1060781255364418
vt 0.040177084505558014 0.104462169110775
vt 0.03733333200216293 0.10903703421354294
vt 0.03842708468437195 0.10760293900966644
vt 0.034708332270383835 0.11163483560085297
vt 0.03609374910593033 0.1103808581829071
vt 0.03150000050663948 0.11387500166893005
vt 0.03317708149552345 0.11279940605163574
vt 0.027708332985639572 0.11576099693775177
vt 0.02967708371579647 0.11486205458641052
vt 0.023333333432674408 0.11729629337787628
vt 0.025593750178813934 0.11657226830720901
vt 0.01837499998509884 0.11848437786102295
vt 0.020927082747220993 0.11793351918458939
vt 0.01283333357423544 0.11932870000600815
vt 0.015677083283662796 0.118949294090271
vt 0.006708333268761635 0.11983275413513184
vt 0.009843749925494194 0.11962305009365082
vt 0 0.11999999731779099
vt 0.003427083371207118 0.11995825916528702
vt -0.006708333268761635 0.11983275413513184
vt -0.003427083371207118 0.11995825916528702
vt -0.01283333357423544 0.11932870000600815
vt -0.009843749925494194 0.11962305009365082
vt -0.01837499998509884 0.11848437786102295
vt -0.015677083283662796 0.118949294090271
vt -0.023333333432674408 0.11729629337787628
vt -0.020927082747220993 0.11793351918458939
vt -0.027708332985639572 0.11576099693775177
vt -0.025593750178813934 0.11657226830720901
vt -0.03150000050663948 0.11387500166893005
vt -0.02967708371579647 0.11486205458641052
vt -0.034708332270383835 0.11163483560085297
vt -0.03317708149552345 0.11279940605163574
vt -0.03733333200216293 0.10903703421354294
vt -0.03609374910593033 0.1103808581829071
vt -0.039374999701976776 0.1060781255364418
vt -0.03842708468437195 0.10760293900966644
vt -0.040833331644535065 0.1027546301484108
vt -0.040177084505558014 0.104462169110775
vt -0.0417083315551281 0.09906307607889175
vt -0.041343748569488525 0.10095507651567459
vt -0.041999999433755875 0.0949999988079071
vt -0.04192708432674408 0.09707819670438766
vt -0.04176389053463936 0.090774305164814
vt -0.04193923622369766 0.09282074868679047
vt -0.041111111640930176 0.08702778071165085
vt -0.041484374552965164 0.08884765952825546
vt -0.04012500122189522 0.08365625143051147
vt -0.040654513984918594 0.08530165255069733
vt -0.03888889029622078 0.08055555820465088
vt -0.03953298553824425 0.08207856118679047
vt -0.037486109882593155 0.07762152701616287
vt -0.038203123956918716 0.07907421886920929
vt -0.035999998450279236 0.07474999874830246
vt -0.036748263984918594 0.0761844590306282
vt -0.029984375461935997 0.009184028021991253
vt -0.029999999329447746 0.009999999776482582
vt -0.029999999329447746 0.05299999937415123
vt -0.029859375208616257 0.007656250149011612
vt -0.02993750013411045 0.008402777835726738
vt -0.029609374701976776 0.006267361342906952
vt -0.029750000685453415 0.0069444444961845875
vt -0.029234375804662704 0.0050173611380159855
vt -0.02943749912083149 0.005625000223517418
vt -0.028734374791383743 0.00390625
vt -0.028999999165534973 0.004444444552063942
vt -0.02810937538743019 0.002934027696028352
vt -0.028437500819563866 0.0034027777146548033
vt -0.0273593757301569 0.0021006944589316845
vt -0.02775000035762787 0.0024999999441206455
vt -0.026484375819563866 0.0014062500558793545
vt -0.02693749964237213 0.0017361111240461469
vt -0.025484375655651093 0.0008506944286637008
vt -0.026000000536441803 0.0011111111380159855
vt -0.02435937523841858 0.0004340277810115367
vt -0.024937499314546585 0.0006249999860301614
vt -0.023109374567866325 0.00015624999650754035
vt -0.023749999701976776 0.00027777778450399637
vt 0.035251736640930176 0.07330512255430222
vt -0.035251736640930176 0.07330512255430222
vt 0.034513890743255615 0.07183680683374405
vt 0.030060764402151108 0.05541883781552315
vt 0.033796876668930054 0.07033202797174454
vt -0.030060764402151108 0.05541883781552315
vt 0.03311111032962799 0.06877777725458145
vt -0.034513890743255615 0.07183680683374405
vt -0.03023611195385456 0.057684026658535004
vt 0.03246701508760452 0.06716102361679077
vt -0.033796876668930054 0.07033202797174454
vt -0.030515624210238457 0.05980859324336052
vt 0.03187499940395355 0.06546875089406967
vt -0.03311111032962799 0.06877777725458145
vt -0.030888888984918594 0.06180555373430252
vt 0.031345486640930176 0.06368793547153473
vt -0.03246701508760452 0.06716102361679077
vt -0.031345486640930176 0.06368793547153473
vt 0.030888888984918594 0.06180555373430252
vt -0.03187499940395355 0.06546875089406967
vt 0.030515624210238457 0.05980859324336052
vt 0.03023611195385456 0.057684026658535004
vt -0.020999999716877937 1
vt 0.020999999716877937 1
vt -0.020999999716877937 0.9975000023841858
vt 0.020999999716877937 0.9975000023841858
vt 0.02173437550663948 1
vt 0.02173437550663948 0.9975000023841858
vt 0.022437499836087227 1
vt 0.022437499836087227 0.9975000023841858
vt 0.023109374567866325 1
vt 0.023109374567866325 0.9975000023841858
vt 0.023749999701976776 1
vt 0.023749999701976776 0.9975000023841858
vt 0.02435937523841858 1
vt 0.02435937523841858 0.9975000023841858
vt 0.024937499314546585 1
vt 0.024937499314546585 0.9975000023841858
vt 0.025484375655651093 1
vt 0.025484375655651093 0.9975000023841858
vt 0.026000000536441803 1
vt 0.026000000536441803 0.9975000023841858
vt 0.026484375819563866 1
vt 0.026484375819563866 0.9975000023841858
vt 0.02693749964237213 1
vt 0.02693749964237213 0.9975000023841858
vt 0.0273593757301569 1
vt 0.0273593757301569 0.9975000023841858
vt 0.0021006944589316845 1
vt 0.0024999999441206455 1
vt 0.0021006944589316845 0.9975000023841858
vt 0.0024999999441206455 0.9975000023841858
vt 0.002934027696028352 1
vt 0.002934027696028352 0.9975000023841858
vt 0.0034027777146548033 1
vt 0.0034027777146548033 0.9975000023841858
vt 0.00390625 1
vt 0.00390625 0.9975000023841858
vt 0.004444444552063942 1
vt 0.004444444552063942 0.9975000023841858
vt 0.0050173611380159855 1
vt 0.0050173611380159855 0.9975000023841858
vt 0.005625000223517418 1
vt 0.005625000223517418 0.9975000023841858
vt 0.006267361342906952 1
vt 0.006267361342906952 0.9975000023841858
vt 0.0069444444961845875 1
vt 0.0069444444961845875 0.9975000023841858
vt 0.007656250149011612 1
vt 0.007656250149011612 0.9975000023841858
vt 0.008402777835726738 1
vt 0.008402777835726738 0.9975000023841858
vt 0.009184028021991253 1
vt 0.009184028021991253 0.9975000023841858
vt 0.009999999776482582 1
vt 0.009999999776482582 0.9975000023841858
vt 0.05299999937415123 1
vt 0.05299999937415123 0.9975000023841858
vt 0.05541883781552315 1
vt 0.05541883781552315 0.9975000023841858
vt 0.057684026658535004 1
vt 0.057684026658535004 0.9975000023841858
vt 0.05980859324336052 1
vt 0.05980859324336052 0.9975000023841858
vt 0.06180555373430252 1
vt 0.06180555373430252 0.9975000023841858
vt 0.06368793547153473 1
vt 0.06368793547153473 0.9975000023841858
vt 0.06546875089406967 1
vt 0.06546875089406967 0.9975000023841858
vt 0.06716102361679077 1
vt 0.06716102361679077 0.9975000023841858
vt 0.06877777725458145 1
vt 0.06877777725458145 0.9975000023841858
vt 0.07033202797174454 1
vt 0.07033202797174454 0.9975000023841858
vt 0.07183680683374405 1
vt 0.07183680683374405 0.9975000023841858
vt 0.07330512255430222 1
vt 0.07330512255430222 0.9975000023841858
vt 0.07474999874830246 1
vt 0.07474999874830246 0.9975000023841858
vt 0.0761844590306282 1
vt 0.0761844590306282 0.9975000023841858
vt 0.07762152701616287 1
vt 0.07762152701616287 0.9975000023841858
vt 0.07907421886920929 1
vt 0.07907421886920929 0.9975000023841858
vt 0.08055555820465088 1
vt 0.08055555820465088 0.9975000023841858
vt 0.08207856118679047 1
vt 0.08207856118679047 0.9975000023841858
vt 0.08365625143051147 1
vt 0.08365625143051147 0.9975000023841858
vt 0.08530165255069733 1
vt 0.08530165255069733 0.9975000023841858
vt 0.08702778071165085 1
vt 0.08702778071165085 0.9975000023841858
vt 0.08884765952825546 1
vt 0.08884765952825546 0.9975000023841858
vt 0.090774305164814 1
vt 0.090774305164814 0.9975000023841858
vt 0.09282074868679047 1
vt 0.09282074868679047 0.9975000023841858
vt 0.0949999988079071 1
vt 0.0949999988079071 0.9975000023841858
vt 0.09707819670438766 1
vt 0.09707819670438766 0.9975000023841858
vt 0.09906307607889175 1
vt 0.09906307607889175 0.9975000023841858
vt 0.10095507651567459 1
vt 0.10095507651567459 0.9975000023841858
vt 0.1027546301484108 1
vt 0.1027546301484108 0.9975000023841858
vt 0.104462169110775 1
vt 0.104462169110775 0.9975000023841858
vt 0.1060781255364418 1
vt 0.1060781255364418 0.9975000023841858
vt 0.10760293900966644 1
vt 0.10760293900966644 0.9975000023841858
vt 0.10903703421354294 1
vt 0.10903703421354294 0.9975000023841858
vt 0.1103808581829071 1
vt 0.1103808581829071 0.9975000023841858
vt 0.03609374910593033 1
vt 0.034708332270383835 1
vt 0.03609374910593033 0.9975000023841858
vt 0.034708332270383835 0.9975000023841858
vt 0.03317708149552345 1
vt 0.03317708149552345 0.9975000023841858
vt 0.03150000050663948 1
vt 0.03150000050663948 0.9975000023841858
vt 0.02967708371579647 1
vt 0.02967708371579647 0.9975000023841858
vt 0.027708332985639572 1
vt 0.027708332985639572 0.9975000023841858
vt 0.025593750178813934 1
vt 0.025593750178813934 0.9975000023841858
vt 0.023333333432674408 1
vt 0.023333333432674408 0.9975000023841858
vt 0.020927082747220993 1
vt 0.020927082747220993 0.9975000023841858
vt 0.01837499998509884 1
vt 0.01837499998509884 0.9975000023841858
vt 0.015677083283662796 1
vt 0.015677083283662796 0.9975000023841858
vt 0.01283333357423544 1
vt 0.01283333357423544 0.9975000023841858
vt 0.009843749925494194 1
vt 0.009843749925494194 0.9975000023841858
vt 0.006708333268761635 1
vt 0.006708333268761635 0.9975000023841858
vt 0.003427083371207118 1
vt 0.003427083371207118 0.9975000023841858
vt 0 1
vt 0 0.9975000023841858
vt -0.003427083371207118 1
vt -0.003427083371207118 0.9975000023841858
vt -0.006708333268761635 1
vt -0.006708333268761635 0.9975000023841858
vt -0.009843749925494194 1
vt -0.009843749925494194 0.9975000023841858
vt -0.01283333357423544 1
vt -0.01283333357423544 0.9975000023841858
vt -0.015677083283662796 1
vt -0.015677083283662796 0.9975000023841858
vt -0.01837499998509884 1
vt -0.01837499998509884 0.9975000023841858
vt -0.020927082747220993 1
vt -0.020927082747220993 0.9975000023841858
vt -0.023333333432674408 1
vt -0.023333333432674408 0.9975000023841858
vt -0.025593750178813934 1
vt -0.025593750178813934 0.9975000023841858
vt -0.027708332985639572 1
vt -0.027708332985639572 0.9975000023841858
vt -0.02967708371579647 1
vt -0.02967708371579647 0.9975000023841858
vt -0.03150000050663948 1
vt -0.03150000050663948 0.9975000023841858
vt -0.03317708149552345 1
vt -0.03317708149552345 0.9975000023841858
vt -0.034708332270383835 1
vt -0.034708332270383835 0.9975000023841858
vt -0.03609374910593033 1
vt -0.03609374910593033 0.9975000023841858
vt -0.0273593757301569 1
vt -0.02693749964237213 1
vt -0.0273593757301569 0.9975000023841858
vt -0.02693749964237213 0.9975000023841858
vt -0.026484375819563866 1
vt -0.026484375819563866 0.9975000023841858
vt -0.026000000536441803 1
vt -0.026000000536441803 0.9975000023841858
vt -0.025484375655651093 1
vt -0.025484375655651093 0.9975000023841858
vt -0.024937499314546585 1
vt -0.024937499314546585 0.9975000023841858
vt -0.02435937523841858 1
vt -0.02435937523841858 0.9975000023841858
vt -0.023749999701976776 1
vt -0.023749999701976776 0.9975000023841858
vt -0.023109374567866325 1
vt -0.023109374567866325 0.9975000023841858
vt -0.022437499836087227 1
vt -0.022437499836087227 0.9975000023841858
vt -0.02173437550663948 1
vt -0.02173437550663948 0.9975000023841858
vn 0 1 -6.123234262925839e-17
vn 0 -1 6.123234262925839e-17
vn 0 -6.123234262925839e-17 -1
vn 0.02363403291353982 -6.121523559114753e-17 -0.999720677233517
vn 0.07387176345672149 -6.106504195481992e-17 -0.9972677486832681
vn 0.12813401303037336 -6.072759078501511e-17 -0.9917568626960602
vn 0.18637793915526957 -6.015943533555348e-17 -0.9824781238257851
vn 0.2483751444827566 -5.931356080091701e-17 -0.9686639188093926
vn 0.3136607098702512 -5.814226033986389e-17 -0.9495351278829499
vn 0.3814868297167256 -5.660159977040955e-17 -0.9243742741729034
vn 0.450816636703644 -5.465700187507294e-17 -0.8926165806611563
vn 0.5203351207596483 -5.229009497421827e-17 -0.8539621549600674
vn 0.5885409734622619 -4.9504351094985026e-17 -0.8084673911519827
vn 0.6538620522290648 -4.632923087696214e-17 -0.7566137830193127
vn 0.7148342982752731 -4.281940297781712e-17 -0.6992938767137162
vn 0.7702376805990974 -3.905134873476516e-17 -0.6377569406798508
vn 0.8192315704916112 -3.5114472160980026e-17 -0.5734628444021882
vn 0.8614000109414987 -3.110157092316904e-17 -0.5079271809521381
vn 0.8967298147322221 -2.7100110712252488e-17 -0.44257839912304187
vn 0.9255460143439064 -2.318471676947429e-17 -0.37863514804110454
vn 0.9484127937928998 -1.9412986355058883e-17 -0.31703812478934895
vn 0.9660177076101821 -1.5827083335536386e-17 -0.2584758955561789
vn 0.9791052577932786 -1.2451848673696493e-17 -0.20335411026472447
vn 0.9883996503245244 -9.299684982851621e-18 -0.15187538061963063
vn 0.9945686479189709 -6.373226041013281e-18 -0.10408268144427378
vn 0.9982048212075092 -3.667369743426231e-18 -0.05989269503106738
vn 0.9998167358596687 -1.1722350995875146e-18 -0.019144051162635383
vn 1 0 0
vn 0.9996846021600349 -1.5377684177740215e-18 -0.025113665684897365
vn 0.9970172687281473 -4.725837956556064e-18 -0.07717879150301271
vn 0.9914564658624444 -7.987025347006053e-18 -0.13043801707919125
vn 0.9829759297261637 -1.1250486331119208e-17 -0.18373437778212398
vn 0.9718190481401645 -1.44341826490189e-17 -0.23572810115033982
vn 0.9585244153270992 -1.745185507989728e-17 -0.28501043002290705
vn 0.9439070052872587 -2.021961575992843e-17 -0.33021139497243146
vn 0.9289921894950165 -2.266204666750347e-17 -0.37009932701540443
vn 0.9149031222988319 -2.471787276180576e-17 -0.4036734779594132
vn 0.902755061970435 -2.6339395510534567e-17 -0.4301549698501181
vn 0.8935276714977103 -2.749381715493764e-17 -0.4490081294006604
vn 0.8879887954937693 -2.815861408011904e-17 -0.45986508790896996
vn 0.8866224823676392 -2.8319580248660444e-17 -0.46249386348387933
vn 0.8895941563604566 -2.7967982949696385e-17 -0.45675183302240563
vn 0.8967194681156819 -2.7101395239770597e-17 -0.4425993622931787
vn 0.9074759974151844 -2.5723946941006796e-17 -0.4201039325158908
vn 0.9210219736285177 -2.38506455660352e-17 -0.3895106212844911
vn 0.9362546645732591 -2.1512272420008504e-17 -0.3513220788177339
vn 0.9519216682414515 -1.875801001296572e-17 -0.3063415373931715
vn 0.9667493630238414 -1.5658687699722615e-17 -0.2557257693174404
vn 0.9796075272445619 -1.2302839289977869e-17 -0.20092061259560903
vn 0.9896392985350303 -8.791492416410864e-18 -0.14357596872420247
vn 0.9963492892589411 -5.227425444303679e-18 -0.08537033321478103
vn 0.9996115061547007 -1.7066549788036306e-18 -0.027871791530693888
vn 0.9993850632338909 2.14706061297944e-18 0.03506416097658667
vn 0.9939816923435956 6.707776979215321e-18 0.1095463157105775
vn 0.9819354650120676 1.1586146236778994e-17 0.18921612656307785
vn 0.9620504916637822 1.670856023509447e-17 0.27287149262881005
vn 0.933436908589282 2.1966587986538247e-17 0.3587416029446325
vn 0.8957300736799723 2.7223792642351583e-17 0.4445982850903402
vn 0.849270827159483 3.2328071472162776e-17 0.5279574434893852
vn 0.7951352798710988 3.713325699104366e-17 0.606432095707598
vn 0.7350405424134849 4.15169458517566e-17 0.6780231566904554
vn 0.6710619238243852 4.539773603623543e-17 0.7414013045531516
vn 0.6053533578146331 4.8738302448578214e-17 0.7959568532166481
vn 0.5398595194892556 5.1542635117730996e-17 0.8417551301992937
vn 0.4761487152218695 5.384556245532595e-17 0.8793647712937805
vn 0.4153553910065816 5.570056324933652e-17 0.9096592214460149
vn 0.3581982559308266 5.716930435288998e-17 0.9336455480792023
vn 0.30504005850157695 5.831397606807383e-17 0.952339520711681
vn 0.25599658990213786 5.919194067938526e-17 0.9666776846283754
vn 0.21098772022357115 5.985392317814916e-17 0.9774887119117337
vn 0.16982113133992166 6.034293266310624e-17 0.9854749024457339
vn 0.1322456617116301 6.069453712916824e-17 0.9912169716860446
vn 0.09798475875810678 6.093768626612102e-17 0.9951879154466836
vn 0.0667332637881156 6.109584491843258e-17 0.9977708511999064
vn 0.038221202645975776 6.1187595235096e-17 0.9992693028750034
vn 0.012178010227627736 6.122779604428014e-17 0.9999258452839869
vn -0.012178010227627736 6.122779604428014e-17 0.9999258452839869
vn -0.038221202645975776 6.1187595235096e-17 0.9992693028750034
vn -0.0667332637881156 6.109584491843258e-17 0.9977708511999064
vn -0.09798475875810678 6.093768626612102e-17 0.9951879154466836
vn -0.1322456617116301 6.069453712916824e-17 0.9912169716860446
vn -0.16982113133992166 6.034293266310624e-17 0.9854749024457339
vn -0.21098772022357115 5.985392317814916e-17 0.9774887119117337
vn -0.25599658990213786 5.919194067938526e-17 0.9666776846283754
vn -0.30504005850157695 5.831397606807383e-17 0.952339520711681
vn -0.3581982559308266 5.716930435288998e-17 0.9336455480792023
vn -0.4153553910065816 5.570056324933652e-17 0.9096592214460149
vn -0.4761487152218695 5.384556245532595e-17 0.8793647712937805
vn -0.5398595194892556 5.1542635117730996e-17 0.8417551301992937
vn -0.6053533578146331 4.8738302448578214e-17 0.7959568532166481
vn -0.6710619238243852 4.539773603623543e-17 0.7414013045531516
vn -0.7350405424134849 4.15169458517566e-17 0.6780231566904554
vn -0.7951352798710988 3.713325699104366e-17 0.606432095707598
vn -0.849270827159483 3.2328071472162776e-17 0.5279574434893852
vn -0.8957300736799723 2.7223792642351583e-17 0.4445982850903402
vn -0.933436908589282 2.1966587986538247e-17 0.3587416029446325
vn -0.9620504916637822 1.670856023509447e-17 0.27287149262881005
vn -0.9819354650120676 1.1586146236778994e-17 0.18921612656307785
vn -0.9939816923435956 6.707776979215321e-18 0.1095463157105775
vn -0.9993850632338909 2.14706061297944e-18 0.03506416097658667
vn -0.9996115061547007 -1.7066549788036306e-18 -0.027871791530693888
vn -0.9963492892589411 -5.227425444303679e-18 -0.08537033321478103
vn -0.9896392985350303 -8.791492416410864e-18 -0.14357596872420247
vn -0.9796075272445619 -1.2302839289977869e-17 -0.20092061259560903
vn -0.9667493630238414 -1.5658687699722615e-17 -0.2557257693174404
vn -0.9519216682414515 -1.875801001296572e-17 -0.3063415373931715
vn -0.9362546645732591 -2.1512272420008504e-17 -0.3513220788177339
vn -0.9210219736285177 -2.38506455660352e-17 -0.3895106212844911
vn -0.9074759974151844 -2.5723946941006796e-17 -0.4201039325158908
vn -0.8967194681156819 -2.7101395239770597e-17 -0.4425993622931787
vn -0.8895941563604566 -2.7967982949696385e-17 -0.45675183302240563
vn -0.8866224823676392 -2.8319580248660444e-17 -0.46249386348387933
vn -0.8879887954937693 -2.815861408011904e-17 -0.45986508790896996
vn -0.8935276714977103 -2.749381715493764e-17 -0.4490081294006604
vn -0.902755061970435 -2.6339395510534567e-17 -0.4301549698501181
vn -0.9149031222988319 -2.471787276180576e-17 -0.4036734779594132
vn -0.9289921894950165 -2.266204666750347e-17 -0.37009932701540443
vn -0.9439070052872587 -2.021961575992843e-17 -0.33021139497243146
vn -0.9585244153270992 -1.745185507989728e-17 -0.28501043002290705
vn -0.9718190481401645 -1.44341826490189e-17 -0.23572810115033982
vn -0.9829759297261637 -1.1250486331119208e-17 -0.18373437778212398
vn -0.9914564658624444 -7.987025347006053e-18 -0.13043801707919125
vn -0.9970172687281473 -4.725837956556064e-18 -0.07717879150301271
vn -0.9996846021600349 -1.5377684177740215e-18 -0.025113665684897365
vn -1 0 0
vn -0.9998167358596687 -1.1722350995875146e-18 -0.019144051162635383
vn -0.9982048212075092 -3.667369743426231e-18 -0.05989269503106738
vn -0.9945686479189709 -6.373226041013281e-18 -0.10408268144427378
vn -0.9883996503245244 -9.299684982851621e-18 -0.15187538061963063
vn -0.9791052577932786 -1.2451848673696493e-17 -0.20335411026472447
vn -0.9660177076101821 -1.5827083335536386e-17 -0.2584758955561789
vn -0.9484127937928998 -1.9412986355058883e-17 -0.31703812478934895
vn -0.9255460143439064 -2.318471676947429e-17 -0.37863514804110454
vn -0.8967298147322221 -2.7100110712252488e-17 -0.44257839912304187
vn -0.8614000109414987 -3.110157092316904e-17 -0.5079271809521381
vn -0.8192315704916112 -3.5114472160980026e-17 -0.5734628444021882
vn -0.7702376805990974 -3.905134873476516e-17 -0.6377569406798508
vn -0.7148342982752731 -4.281940297781712e-17 -0.6992938767137162
vn -0.6538620522290648 -4.632923087696214e-17 -0.7566137830193127
vn -0.5885409734622619 -4.9504351094985026e-17 -0.8084673911519827
vn -0.5203351207596483 -5.229009497421827e-17 -0.8539621549600674
vn -0.450816636703644 -5.465700187507294e-17 -0.8926165806611563
vn -0.3814868297167256 -5.660159977040955e-17 -0.9243742741729034
vn -0.3136607098702512 -5.814226033986389e-17 -0.9495351278829499
vn -0.2483751444827566 -5.931356080091701e-17 -0.9686639188093926
vn -0.18637793915526957 -6.015943533555348e-17 -0.9824781238257851
vn -0.12813401303037336 -6.072759078501511e-17 -0.9917568626960602
vn -0.07387176345672149 -6.106504195481992e-17 -0.9972677486832681
vn -0.02363403291353982 -6.121523559114753e-17 -0.999720677233517
f 1/1/1 2/2/1 3/3/1
f 4/4/1 5/5/1 1/1/1
f 6/6/1 7/7/1 4/4/1
f 8/8/1 9/9/1 6/6/1
f 10/10/1 11/11/1 8/8/1
f 12/12/1 13/13/1 10/10/1
f 14/14/1 15/15/1 12/12/1
f 16/16/1 17/17/1 14/14/1
f 18/18/1 19/19/1 16/16/1
f 20/20/1 21/21/1 18/18/1
f 22/22/1 23/23/1 20/20/1
f 24/24/1 25/25/1 22/22/1
f 26/26/1 27/27/1 24/24/1
f 28/28/1 29/29/1 26/26/1
f 30/30/1 31/31/1 32/32/1
f 33/33/1 34/34/1 30/30/1
f 35/35/1 36/36/1 33/33/1
f 37/37/1 38/38/1 35/35/1
f 39/39/1 40/40/1 37/37/1
f 41/41/1 42/42/1 39/39/1
f 43/43/1 44/44/1 41/41/1
f 45/45/1 46/46/1 43/43/1
f 47/47/1 48/48/1 45/45/1
f 49/49/1 50/50/1 47/47/1
f 51/51/1 52/52/1 49/49/1
f 53/53/1 54/54/1 51/51/1
f 55/55/1 56/56/1 53/53/1
f 57/57/1 58/58/1 55/55/1
f 59/59/1 60/60/1 57/57/1
f 61/61/1 62/62/1 59/59/1
f 63/63/1 64/64/1 61/61/1
f 65/65/1 66/66/1 63/63/1
f 67/67/1 68/68/1 65/65/1
f 69/69/1 70/70/1 67/67/1
f 71/71/1 72/72/1 69/69/1
f 73/73/1 74/74/1 71/71/1
f 75/75/1 76/76/1 73/73/1
f 77/77/1 78/78/1 75/75/1
f 79/79/1 80/80/1 77/77/1
f 81/81/1 82/82/1 79/79/1
f 83/83/1 84/84/1 81/81/1
f 85/85/1 86/86/1 83/83/1
f 87/87/1 88/88/1 85/85/1
f 89/89/1 90/90/1 87/87/1
f 91/91/1 92/92/1 89/89/1
f 93/93/1 94/94/1 91/91/1
f 95/95/1 96/96/1 93/93/1
f 97/97/1 98/98/1 95/95/1
f 99/99/1 100/100/1 97/97/1
f 101/101/1 102/102/1 99/99/1
f 103/103/1 104/104/1 105/105/1
f 106/106/1 107/107/1 103/103/1
f 108/108/1 109/109/1 106/106/1
f 110/110/1 111/111/1 108/108/1
f 112/112/1 113/113/1 110/110/1
f 114/114/1 115/115/1 112/112/1
f 116/116/1 117/117/1 114/114/1
f 118/118/1 119/119/1 116/116/1
f 120/120/1 121/121/1 118/118/1
f 122/122/1 123/123/1 120/120/1
f 124/124/1 125/125/1 122/122/1
f 1/1/1 3/3/1 124/124/1
f 6/6/1 4/4/1 1/1/1
f 10/10/1 8/8/1 6/6/1
f 14/14/1 12/12/1 10/10/1
f 18/18/1 16/16/1 14/14/1
f 22/22/1 20/20/1 18/18/1
f 26/26/1 24/24/1 22/22/1
f 30/30/1 32/32/1 126/126/1
f 35/35/1 33/33/1 30/30/1
f 39/39/1 37/37/1 35/35/1
f 43/43/1 41/41/1 39/39/1
f 47/47/1 45/45/1 43/43/1
f 51/51/1 49/49/1 47/47/1
f 55/55/1 53/53/1 51/51/1
f 59/59/1 57/57/1 55/55/1
f 63/63/1 61/61/1 59/59/1
f 67/67/1 65/65/1 63/63/1
f 71/71/1 69/69/1 67/67/1
f 75/75/1 73/73/1 71/71/1
f 79/79/1 77/77/1 75/75/1
f 83/83/1 81/81/1 79/79/1
f 87/87/1 85/85/1 83/83/1
f 91/91/1 89/89/1 87/87/1
f 95/95/1 93/93/1 91/91/1
f 99/99/1 97/97/1 95/95/1
f 127/127/1 101/101/1 99/99/1
f 106/106/1 103/103/1 105/105/1
f 110/110/1 108/108/1 106/106/1
f 114/114/1 112/112/1 110/110/1
f 118/118/1 116/116/1 114/114/1
f 122/122/1 120/120/1 118/118/1
f 1/1/1 124/124/1 122/122/1
f 10/10/1 6/6/1 1/1/1
f 18/18/1 14/14/1 10/10/1
f 26/26/1 22/22/1 18/18/1
f 35/35/1 30/30/1 126/126/1
f 43/43/1 39/39/1 35/35/1
f 51/51/1 47/47/1 43/43/1
f 59/59/1 55/55/1 51/51/1
f 67/67/1 63/63/1 59/59/1
f 75/75/1 71/71/1 67/67/1
f 83/83/1 79/79/1 75/75/1
f 91/91/1 87/87/1 83/83/1
f 99/99/1 95/95/1 91/91/1
f 110/110/1 106/106/1 105/105/1
f 118/118/1 114/114/1 110/110/1
f 1/1/1 122/122/1 118/118/1
f 18/18/1 10/10/1 1/1/1
f 28/28/1 26/26/1 18/18/1
f 35/35/1 126/126/1 128/128/1
f 51/51/1 43/43/1 35/35/1
f 67/67/1 59/59/1 51/51/1
f 83/83/1 75/75/1 67/67/1
f 99/99/1 91/91/1 83/83/1
f 118/118/1 110/110/1 105/105/1
f 18/18/1 1/1/1 118/118/1
f 129/129/1 28/28/1 18/18/1
f 35/35/1 128/128/1 130/130/1
f 67/67/1 51/51/1 35/35/1
f 99/99/1 83/83/1 67/67/1
f 118/118/1 105/105/1 131/131/1
f 129/129/1 18/18/1 118/118/1
f 67/67/1 35/35/1 130/130/1
f 127/127/1 99/99/1 67/67/1
f 129/129/1 118/118/1 131/131/1
f 67/67/1 130/130/1 132/132/1
f 133/133/1 127/127/1 67/67/1
f 129/129/1 131/131/1 134/134/1
f 67/67/1 132/132/1 135/135/1
f 136/136/1 133/133/1 67/67/1
f 129/129/1 134/134/1 137/137/1
f 67/67/1 135/135/1 138/138/1
f 139/139/1 136/136/1 67/67/1
f 129/129/1 137/137/1 140/140/1
f 67/67/1 138/138/1 141/141/1
f 142/142/1 139/139/1 67/67/1
f 129/129/1 140/140/1 143/143/1
f 67/67/1 141/141/1 144/144/1
f 145/145/1 142/142/1 67/67/1
f 129/129/1 143/143/1 145/145/1
f 67/67/1 144/144/1 146/146/1
f 129/129/1 145/145/1 67/67/1
f 67/67/1 146/146/1 147/147/1
f 147/147/1 129/129/1 67/67/1
f 148/3/2 149/2/2 150/1/2
f 150/1/2 151/5/2 152/4/2
f 152/4/2 153/7/2 154/6/2
f 154/6/2 155/9/2 156/8/2
f 156/8/2 157/11/2 158/10/2
f 158/10/2 159/13/2 160/12/2
f 160/12/2 161/15/2 162/14/2
f 162/14/2 163/17/2 164/16/2
f 164/16/2 165/19/2 166/18/2
f 166/18/2 167/21/2 168/20/2
f 168/20/2 169/23/2 170/22/2
f 170/22/2 171/25/2 172/24/2
f 172/24/2 173/27/2 174/26/2
f 174/26/2 175/29/2 176/28/2
f 177/32/2 178/31/2 179/30/2
f 179/30/2 180/34/2 181/33/2
f 181/33/2 182/36/2 183/35/2
f 183/35/2 184/38/2 185/37/2
f 185/37/2 186/40/2 187/39/2
f 187/39/2 188/42/2 189/41/2
f 189/41/2 190/44/2 191/43/2
f 191/43/2 192/46/2 193/45/2
f 193/45/2 194/48/2 195/47/2
f 195/47/2 196/50/2 197/49/2
f 197/49/2 198/52/2 199/51/2
f 199/51/2 200/54/2 201/53/2
f 201/53/2 202/56/2 203/55/2
f 203/55/2 204/58/2 205/57/2
f 205/57/2 206/60/2 207/59/2
f 207/59/2 208/62/2 209/61/2
f 209/61/2 210/64/2 211/63/2
f 211/63/2 212/66/2 213/65/2
f 213/65/2 214/68/2 215/67/2
f 215/67/2 216/70/2 217/69/2
f 217/69/2 218/72/2 219/71/2
f 219/71/2 220/74/2 221/73/2
f 221/73/2 222/76/2 223/75/2
f 223/75/2 224/78/2 225/77/2
f 225/77/2 226/80/2 227/79/2
f 227/79/2 228/82/2 229/81/2
f 229/81/2 230/84/2 231/83/2
f 231/83/2 232/86/2 233/85/2
f 233/85/2 234/88/2 235/87/2
f 235/87/2 236/90/2 237/89/2
f 237/89/2 238/92/2 239/91/2
f 239/91/2 240/94/2 241/93/2
f 241/93/2 242/96/2 243/95/2
f 243/95/2 244/98/2 245/97/2
f 245/97/2 246/100/2 247/99/2
f 247/99/2 248/102/2 249/101/2
f 250/105/2 251/104/2 252/103/2
f 252/103/2 253/107/2 254/106/2
f 254/106/2 255/109/2 256/108/2
f 256/108/2 257/111/2 258/110/2
f 258/110/2 259/113/2 260/112/2
f 260/112/2 261/115/2 262/114/2
f 262/114/2 263/117/2 264/116/2
f 264/116/2 265/119/2 266/118/2
f 266/118/2 267/121/2 268/120/2
f 268/120/2 269/123/2 270/122/2
f 270/122/2 271/125/2 272/124/2
f 272/124/2 148/3/2 150/1/2
f 150/1/2 152/4/2 154/6/2
f 154/6/2 156/8/2 158/10/2
f 158/10/2 160/12/2 162/14/2
f 162/14/2 164/16/2 166/18/2
f 166/18/2 168/20/2 170/22/2
f 170/22/2 172/24/2 174/26/2
f 273/126/2 177/32/2 179/30/2
f 179/30/2 181/33/2 183/35/2
f 183/35/2 185/37/2 187/39/2
f 187/39/2 189/41/2 191/43/2
f 191/43/2 193/45/2 195/47/2
f 195/47/2 197/49/2 199/51/2
f 199/51/2 201/53/2 203/55/2
f 203/55/2 205/57/2 207/59/2
f 207/59/2 209/61/2 211/63/2
f 211/63/2 213/65/2 215/67/2
f 215/67/2 217/69/2 219/71/2
f 219/71/2 221/73/2 223/75/2
f 223/75/2 225/77/2 227/79/2
f 227/79/2 229/81/2 231/83/2
f 231/83/2 233/85/2 235/87/2
f 235/87/2 237/89/2 239/91/2
f 239/91/2 241/93/2 243/95/2
f 243/95/2 245/97/2 247/99/2
f 247/99/2 249/101/2 274/127/2
f 250/105/2 252/103/2 254/106/2
f 254/106/2 256/108/2 258/110/2
f 258/110/2 260/112/2 262/114/2
f 262/114/2 264/116/2 266/118/2
f 266/118/2 268/120/2 270/122/2
f 270/122/2 272/124/2 150/1/2
f 150/1/2 154/6/2 158/10/2
f 158/10/2 162/14/2 166/18/2
f 166/18/2 170/22/2 174/26/2
f 273/126/2 179/30/2 183/35/2
f 183/35/2 187/39/2 191/43/2
f 191/43/2 195/47/2 199/51/2
f 199/51/2 203/55/2 207/59/2
f 207/59/2 211/63/2 215/67/2
f 215/67/2 219/71/2 223/75/2
f 223/75/2 227/79/2 231/83/2
f 231/83/2 235/87/2 239/91/2
f 239/91/2 243/95/2 247/99/2
f 250/105/2 254/106/2 258/110/2
f 258/110/2 262/114/2 266/118/2
f 266/118/2 270/122/2 150/1/2
f 150/1/2 158/10/2 166/18/2
f 166/18/2 174/26/2 176/28/2
f 275/128/2 273/126/2 183/35/2
f 183/35/2 191/43/2 199/51/2
f 199/51/2 207/59/2 215/67/2
f 215/67/2 223/75/2 231/83/2
f 231/83/2 239/91/2 247/99/2
f 250/105/2 258/110/2 266/118/2
f 266/118/2 150/1/2 166/18/2
f 166/18/2 176/28/2 276/129/2
f 277/130/2 275/128/2 183/35/2
f 183/35/2 199/51/2 215/67/2
f 215/67/2 231/83/2 247/99/2
f 278/131/2 250/105/2 266/118/2
f 266/118/2 166/18/2 276/129/2
f 277/130/2 183/35/2 215/67/2
f 215/67/2 247/99/2 274/127/2
f 278/131/2 266/118/2 276/129/2
f 279/132/2 277/130/2 215/67/2
f 215/67/2 274/127/2 280/133/2
f 281/134/2 278/131/2 276/129/2
f 282/135/2 279/132/2 215/67/2
f 215/67/2 280/133/2 283/136/2
f 284/137/2 281/134/2 276/129/2
f 285/138/2 282/135/2 215/67/2
f 215/67/2 283/136/2 286/139/2
f 287/140/2 284/137/2 276/129/2
f 288/141/2 285/138/2 215/67/2
f 215/67/2 286/139/2 289/142/2
f 290/143/2 287/140/2 276/129/2
f 291/144/2 288/141/2 215/67/2
f 215/67/2 289/142/2 292/145/2
f 292/145/2 290/143/2 276/129/2
f 293/146/2 291/144/2 215/67/2
f 215/67/2 292/145/2 276/129/2
f 294/147/2 293/146/2 215/67/2
f 215/67/2 276/129/2 294/147/2
f 1/148/3 5/149/3 150/150/3
f 5/149/3 151/151/3 150/150/3
f 5/149/4 4/152/4 151/151/4
f 4/152/4 152/153/4 151/151/4
f 4/152/5 7/154/5 152/153/5
f 7/154/5 153/155/5 152/153/5
f 7/154/6 6/156/6 153/155/6
f 6/156/6 154/157/6 153/155/6
f 6/156/7 9/158/7 154/157/7
f 9/158/7 155/159/7 154/157/7
f 9/158/8 8/160/8 155/159/8
f 8/160/8 156/161/8 155/159/8
f 8/160/9 11/162/9 156/161/9
f 11/162/9 157/163/9 156/161/9
f 11/162/10 10/164/10 157/163/10
f 10/164/10 158/165/10 157/163/10
f 10/164/11 13/166/11 158/165/11
f 13/166/11 159/167/11 158/165/11
f 13/166/12 12/168/12 159/167/12
f 12/168/12 160/169/12 159/167/12
f 12/168/13 15/170/13 160/169/13
f 15/170/13 161/171/13 160/169/13
f 15/170/14 14/172/14 161/171/14
f 14/172/14 162/173/14 161/171/14
f 14/174/15 17/175/15 162/176/15
f 17/175/15 163/177/15 162/176/15
f 17/175/16 16/178/16 163/177/16
f 16/178/16 164/179/16 163/177/16
f 16/178/17 19/180/17 164/179/17
f 19/180/17 165/181/17 164/179/17
f 19/180/18 18/182/18 165/181/18
f 18/182/18 166/183/18 165/181/18
f 18/182/19 21/184/19 166/183/19
f 21/184/19 167/185/19 166/183/19
f 21/184/20 20/186/20 167/185/20
f 20/186/20 168/187/20 167/185/20
f 20/186/21 23/188/21 168/187/21
f 23/188/21 169/189/21 168/187/21
f 23/188/22 22/190/22 169/189/22
f 22/190/22 170/191/22 169/189/22
f 22/190/23 25/192/23 170/191/23
f 25/192/23 171/193/23 170/191/23
f 25/192/24 24/194/24 171/193/24
f 24/194/24 172/195/24 171/193/24
f 24/194/25 27/196/25 172/195/25
f 27/196/25 173/197/25 172/195/25
f 27/196/26 26/198/26 173/197/26
f 26/198/26 174/199/26 173/197/26
f 26/198/27 29/200/27 174/199/27
f 29/200/27 175/201/27 174/199/27
f 29/200/28 28/202/28 175/201/28
f 28/202/28 176/203/28 175/201/28
f 28/202/29 129/204/29 176/203/29
f 129/204/29 276/205/29 176/203/29
f 129/204/30 147/206/30 276/205/30
f 147/206/30 294/207/30 276/205/30
f 147/206/31 146/208/31 294/207/31
f 146/208/31 293/209/31 294/207/31
f 146/208/32 144/210/32 293/209/32
f 144/210/32 291/211/32 293/209/32
f 144/210/33 141/212/33 291/211/33
f 141/212/33 288/213/33 291/211/33
f 141/212/34 138/214/34 288/213/34
f 138/214/34 285/215/34 288/213/34
f 138/214/35 135/216/35 285/215/35
f 135/216/35 282/217/35 285/215/35
f 135/216/36 132/218/36 282/217/36
f 132/218/36 279/219/36 282/217/36
f 132/218/37 130/220/37 279/219/37
f 130/220/37 277/221/37 279/219/37
f 130/220/38 128/222/38 277/221/38
f 128/222/38 275/223/38 277/221/38
f 128/222/39 126/224/39 275/223/39
f 126/224/39 273/225/39 275/223/39
f 126/224/40 32/226/40 273/225/40
f 32/226/40 177/227/40 273/225/40
f 32/226/41 31/228/41 177/227/41
f 31/228/41 178/229/41 177/227/41
f 31/228/42 30/230/42 178/229/42
f 30/230/42 179/231/42 178/229/42
f 30/230/43 34/232/43 179/231/43
f 34/232/43 180/233/43 179/231/43
f 34/232/44 33/234/44 180/233/44
f 33/234/44 181/235/44 180/233/44
f 33/234/45 36/236/45 181/235/45
f 36/236/45 182/237/45 181/235/45
f 36/236/46 35/238/46 182/237/46
f 35/238/46 183/239/46 182/237/46
f 35/238/47 38/240/47 183/239/47
f 38/240/47 184/241/47 183/239/47
f 38/240/48 37/242/48 184/241/48
f 37/242/48 185/243/48 184/241/48
f 37/242/49 40/244/49 185/243/49
f 40/244/49 186/245/49 185/243/49
f 40/244/50 39/246/50 186/245/50
f 39/246/50 187/247/50 186/245/50
f 39/246/51 42/248/51 187/247/51
f 42/248/51 188/249/51 187/247/51
f 42/248/52 41/250/52 188/249/52
f 41/250/52 189/251/52 188/249/52
f 41/250/53 44/252/53 189/251/53
f 44/252/53 190/253/53 189/251/53
f 44/252/54 43/254/54 190/253/54
f 43/254/54 191/255/54 190/253/54
f 43/254/55 46/256/55 191/255/55
f 46/256/55 192/257/55 191/255/55
f 46/256/56 45/258/56 192/257/56
f 45/258/56 193/259/56 192/257/56
f 45/258/57 48/260/57 193/259/57
f 48/260/57 194/261/57 193/259/57
f 48/260/58 47/262/58 194/261/58
f 47/262/58 195/263/58 194/261/58
f 47/262/59 50/264/59 195/263/59
f 50/264/59 196/265/59 195/263/59
f 50/264/60 49/266/60 196/265/60
f 49/266/60 197/267/60 196/265/60
f 49/266/61 52/268/61 197/267/61
f 52/268/61 198/269/61 197/267/61
f 52/270/62 51/271/62 198/272/62
f 51/271/62 199/273/62 198/272/62
f 51/271/63 54/274/63 199/273/63
f 54/274/63 200/275/63 199/273/63
f 54/274/64 53/276/64 200/275/64
f 53/276/64 201/277/64 200/275/64
f 53/276/65 56/278/65 201/277/65
f 56/278/65 202/279/65 201/277/65
f 56/278/66 55/280/66 202/279/66
f 55/280/66 203/281/66 202/279/66
f 55/280/67 58/282/67 203/281/67
f 58/282/67 204/283/67 203/281/67
f 58/282/68 57/284/68 204/283/68
f 57/284/68 205/285/68 204/283/68
f 57/284/69 60/286/69 205/285/69
f 60/286/69 206/287/69 205/285/69
f 60/286/70 59/288/70 206/287/70
f 59/288/70 207/289/70 206/287/70
f 59/288/71 62/290/71 207/289/71
f 62/290/71 208/291/71 207/289/71
f 62/290/72 61/292/72 208/291/72
f 61/292/72 209/293/72 208/291/72
f 61/292/73 64/294/73 209/293/73
f 64/294/73 210/295/73 209/293/73
f 64/294/74 63/296/74 210/295/74
f 63/296/74 211/297/74 210/295/74
f 63/296/75 66/298/75 211/297/75
f 66/298/75 212/299/75 211/297/75
f 66/298/76 65/300/76 212/299/76
f 65/300/76 213/301/76 212/299/76
f 65/300/77 68/302/77 213/301/77
f 68/302/77 214/303/77 213/301/77
f 68/302/78 67/304/78 214/303/78
f 67/304/78 215/305/78 214/303/78
f 67/304/79 70/306/79 215/305/79
f 70/306/79 216/307/79 215/305/79
f 70/306/80 69/308/80 216/307/80
f 69/308/80 217/309/80 216/307/80
f 69/308/81 72/310/81 217/309/81
f 72/310/81 218/311/81 217/309/81
f 72/310/82 71/312/82 218/311/82
f 71/312/82 219/313/82 218/311/82
f 71/312/83 74/314/83 219/313/83
f 74/314/83 220/315/83 219/313/83
f 74/314/84 73/316/84 220/315/84
f 73/316/84 221/317/84 220/315/84
f 73/316/85 76/318/85 221/317/85
f 76/318/85 222/319/85 221/317/85
f 76/318/86 75/320/86 222/319/86
f 75/320/86 223/321/86 222/319/86
f 75/320/87 78/322/87 223/321/87
f 78/322/87 224/323/87 223/321/87
f 78/322/88 77/324/88 224/323/88
f 77/324/88 225/325/88 224/323/88
f 77/324/89 80/326/89 225/325/89
f 80/326/89 226/327/89 225/325/89
f 80/326/90 79/328/90 226/327/90
f 79/328/90 227/329/90 226/327/90
f 79/328/91 82/330/91 227/329/91
f 82/330/91 228/331/91 227/329/91
f 82/268/92 81/266/92 228/269/92
f 81/266/92 229/267/92 228/269/92
f 81/266/93 84/264/93 229/267/93
f 84/264/93 230/265/93 229/267/93
f 84/264/94 83/262/94 230/265/94
f 83/262/94 231/263/94 230/265/94
f 83/262/95 86/260/95 231/263/95
f 86/260/95 232/261/95 231/263/95
f 86/260/96 85/258/96 232/261/96
f 85/258/96 233/259/96 232/261/96
f 85/258/97 88/256/97 233/259/97
f 88/256/97 234/257/97 233/259/97
f 88/256/98 87/254/98 234/257/98
f 87/254/98 235/255/98 234/257/98
f 87/254/99 90/252/99 235/255/99
f 90/252/99 236/253/99 235/255/99
f 90/252/100 89/250/100 236/253/100
f 89/250/100 237/251/100 236/253/100
f 89/250/101 92/248/101 237/251/101
f 92/248/101 238/249/101 237/251/101
f 92/248/102 91/246/102 238/249/102
f 91/246/102 239/247/102 238/249/102
f 91/246/103 94/244/103 239/247/103
f 94/244/103 240/245/103 239/247/103
f 94/244/104 93/242/104 240/245/104
f 93/242/104 241/243/104 240/245/104
f 93/242/105 96/240/105 241/243/105
f 96/240/105 242/241/105 241/243/105
f 96/240/106 95/238/106 242/241/106
f 95/238/106 243/239/106 242/241/106
f 95/238/107 98/236/107 243/239/107
f 98/236/107 244/237/107 243/239/107
f 98/236/108 97/234/108 244/237/108
f 97/234/108 245/235/108 244/237/108
f 97/234/109 100/232/109 245/235/109
f 100/232/109 246/233/109 245/235/109
f 100/232/110 99/230/110 246/233/110
f 99/230/110 247/231/110 246/233/110
f 99/230/111 102/228/111 247/231/111
f 102/228/111 248/229/111 247/231/111
f 102/228/112 101/226/112 248/229/112
f 101/226/112 249/227/112 248/229/112
f 101/226/113 127/224/113 249/227/113
f 127/224/113 274/225/113 249/227/113
f 127/224/114 133/222/114 274/225/114
f 133/222/114 280/223/114 274/225/114
f 133/222/115 136/220/115 280/223/115
f 136/220/115 283/221/115 280/223/115
f 136/220/116 139/218/116 283/221/116
f 139/218/116 286/219/116 283/221/116
f 139/218/117 142/216/117 286/219/117
f 142/216/117 289/217/117 286/219/117
f 142/216/118 145/214/118 289/217/118
f 145/214/118 292/215/118 289/217/118
f 145/214/119 143/212/119 292/215/119
f 143/212/119 290/213/119 292/215/119
f 143/212/120 140/210/120 290/213/120
f 140/210/120 287/211/120 290/213/120
f 140/210/121 137/208/121 287/211/121
f 137/208/121 284/209/121 287/211/121
f 137/208/122 134/206/122 284/209/122
f 134/206/122 281/207/122 284/209/122
f 134/206/123 131/204/123 281/207/123
f 131/204/123 278/205/123 281/207/123
f 131/204/124 105/202/124 278/205/124
f 105/202/124 250/203/124 278/205/124
f 105/202/125 104/200/125 250/203/125
f 104/200/125 251/201/125 250/203/125
f 104/200/126 103/198/126 251/201/126
f 103/198/126 252/199/126 251/201/126
f 103/198/127 107/196/127 252/199/127
f 107/196/127 253/197/127 252/199/127
f 107/196/128 106/194/128 253/197/128
f 106/194/128 254/195/128 253/197/128
f 106/194/129 109/192/129 254/195/129
f 109/192/129 255/193/129 254/195/129
f 109/192/130 108/190/130 255/193/130
f 108/190/130 256/191/130 255/193/130
f 108/190/131 111/188/131 256/191/131
f 111/188/131 257/189/131 256/191/131
f 111/188/132 110/186/132 257/189/132
f 110/186/132 258/187/132 257/189/132
f 110/186/133 113/184/133 258/187/133
f 113/184/133 259/185/133 258/187/133
f 113/184/134 112/182/134 259/185/134
f 112/182/134 260/183/134 259/185/134
f 112/182/135 115/180/135 260/183/135
f 115/180/135 261/181/135 260/183/135
f 115/180/136 114/178/136 261/181/136
f 114/178/136 262/179/136 261/181/136
f 114/178/137 117/175/137 262/179/137
f 117/175/137 263/177/137 262/179/137
f 117/175/138 116/174/138 263/177/138
f 116/174/138 264/176/138 263/177/138
f 116/332/139 119/333/139 264/334/139
f 119/333/139 265/335/139 264/334/139
f 119/333/140 118/336/140 265/335/140
f 118/336/140 266/337/140 265/335/140
f 118/336/141 121/338/141 266/337/141
f 121/338/141 267/339/141 266/337/141
f 121/338/142 120/340/142 267/339/142
f 120/340/142 268/341/142 267/339/142
f 120/340/143 123/342/143 268/341/143
f 123/342/143 269/343/143 268/341/143
f 123/342/144 122/344/144 269/343/144
f 122/344/144 270/345/144 269/343/144
f 122/344/145 125/346/145 270/345/145
f 125/346/145 271/347/145 270/345/145
f 125/346/146 124/348/146 271/347/146
f 124/348/146 272/349/146 271/347/146
f 124/348/147 3/350/147 272/349/147
f 3/350/147 148/351/147 272/349/147
f 3/350/148 2/352/148 148/351/148
f 2/352/148 149/353/148 148/351/148
f 2/352/149 1/148/149 149/353/149
f 1/148/149 150/150/149 149/353/149
o sculpted_cover_1
usemtl anodized_silver
v -0.020999999716877937 0.020999999716877937 0
v -0.02173437550663948 0.020999999716877937 0.000017361111531499773
v -0.022437499836087227 0.020999999716877937 0.00006944444612599909
v 0.02173437550663948 0.020999999716877937 0.000017361111531499773
v 0.020999999716877937 0.020999999716877937 0
v 0.023109374567866325 0.020999999716877937 0.00015624999650754035
v 0.022437499836087227 0.020999999716877937 0.00006944444612599909
v 0.02435937523841858 0.020999999716877937 0.0004340277810115367
v 0.023749999701976776 0.020999999716877937 0.00027777778450399637
v 0.025484375655651093 0.020999999716877937 0.0008506944286637008
v 0.024937499314546585 0.020999999716877937 0.0006249999860301614
v 0.026484375819563866 0.020999999716877937 0.0014062500558793545
v 0.026000000536441803 0.020999999716877937 0.0011111111380159855
v 0.0273593757301569 0.020999999716877937 0.0021006944589316845
v 0.02693749964237213 0.020999999716877937 0.0017361111240461469
v 0.02810937538743019 0.020999999716877937 0.002934027696028352
v 0.02775000035762787 0.020999999716877937 0.0024999999441206455
v 0.028734374791383743 0.020999999716877937 0.00390625
v 0.028437500819563866 0.020999999716877937 0.0034027777146548033
v 0.029234375804662704 0.020999999716877937 0.0050173611380159855
v 0.028999999165534973 0.020999999716877937 0.004444444552063942
v 0.029609374701976776 0.020999999716877937 0.006267361342906952
v 0.02943749912083149 0.020999999716877937 0.005625000223517418
v 0.029859375208616257 0.020999999716877937 0.007656250149011612
v 0.029750000685453415 0.020999999716877937 0.0069444444961845875
v 0.029984375461935997 0.020999999716877937 0.009184028021991253
v 0.02993750013411045 0.020999999716877937 0.008402777835726738
v 0.029999999329447746 0.020999999716877937 0.05299999937415123
v 0.029999999329447746 0.020999999716877937 0.009999999776482582
v 0.037486109882593155 0.020999999716877937 0.07762152701616287
v 0.036748263984918594 0.020999999716877937 0.0761844590306282
v 0.035999998450279236 0.020999999716877937 0.07474999874830246
v 0.03888889029622078 0.020999999716877937 0.08055555820465088
v 0.038203123956918716 0.020999999716877937 0.07907421886920929
v 0.04012500122189522 0.020999999716877937 0.08365625143051147
v 0.03953298553824425 0.020999999716877937 0.08207856118679047
v 0.041111111640930176 0.020999999716877937 0.08702778071165085
v 0.040654513984918594 0.020999999716877937 0.08530165255069733
v 0.04176389053463936 0.020999999716877937 0.090774305164814
v 0.041484374552965164 0.020999999716877937 0.08884765952825546
v 0.041999999433755875 0.020999999716877937 0.0949999988079071
v 0.04193923622369766 0.020999999716877937 0.09282074868679047
v 0.0417083315551281 0.020999999716877937 0.09906307607889175
v 0.04192708432674408 0.020999999716877937 0.09707819670438766
v 0.040833331644535065 0.020999999716877937 0.1027546301484108
v 0.041343748569488525 0.020999999716877937 0.10095507651567459
v 0.039374999701976776 0.020999999716877937 0.1060781255364418
v 0.040177084505558014 0.020999999716877937 0.104462169110775
v 0.03733333200216293 0.020999999716877937 0.10903703421354294
v 0.03842708468437195 0.020999999716877937 0.10760293900966644
v 0.034708332270383835 0.020999999716877937 0.11163483560085297
v 0.03609374910593033 0.020999999716877937 0.1103808581829071
v 0.03150000050663948 0.020999999716877937 0.11387500166893005
v 0.03317708149552345 0.020999999716877937 0.11279940605163574
v 0.027708332985639572 0.020999999716877937 0.11576099693775177
v 0.02967708371579647 0.020999999716877937 0.11486205458641052
v 0.023333333432674408 0.020999999716877937 0.11729629337787628
v 0.025593750178813934 0.020999999716877937 0.11657226830720901
v 0.01837499998509884 0.020999999716877937 0.11848437786102295
v 0.020927082747220993 0.020999999716877937 0.11793351918458939
v 0.01283333357423544 0.020999999716877937 0.11932870000600815
v 0.015677083283662796 0.020999999716877937 0.118949294090271
v 0.006708333268761635 0.020999999716877937 0.11983275413513184
v 0.009843749925494194 0.020999999716877937 0.11962305009365082
v 0 0.020999999716877937 0.11999999731779099
v 0.003427083371207118 0.020999999716877937 0.11995825916528702
v -0.006708333268761635 0.020999999716877937 0.11983275413513184
v -0.003427083371207118 0.020999999716877937 0.11995825916528702
v -0.01283333357423544 0.020999999716877937 0.11932870000600815
v -0.009843749925494194 0.020999999716877937 0.11962305009365082
v -0.01837499998509884 0.020999999716877937 0.11848437786102295
v -0.015677083283662796 0.020999999716877937 0.118949294090271
v -0.023333333432674408 0.020999999716877937 0.11729629337787628
v -0.020927082747220993 0.020999999716877937 0.11793351918458939
v -0.027708332985639572 0.020999999716877937 0.11576099693775177
v -0.025593750178813934 0.020999999716877937 0.11657226830720901
v -0.03150000050663948 0.020999999716877937 0.11387500166893005
v -0.02967708371579647 0.020999999716877937 0.11486205458641052
v -0.034708332270383835 0.020999999716877937 0.11163483560085297
v -0.03317708149552345 0.020999999716877937 0.11279940605163574
v -0.03733333200216293 0.020999999716877937 0.10903703421354294
v -0.03609374910593033 0.020999999716877937 0.1103808581829071
v -0.039374999701976776 0.020999999716877937 0.1060781255364418
v -0.03842708468437195 0.020999999716877937 0.10760293900966644
v -0.040833331644535065 0.020999999716877937 0.1027546301484108
v -0.040177084505558014 0.020999999716877937 0.104462169110775
v -0.0417083315551281 0.020999999716877937 0.09906307607889175
v -0.041343748569488525 0.020999999716877937 0.10095507651567459
v -0.041999999433755875 0.020999999716877937 0.0949999988079071
v -0.04192708432674408 0.020999999716877937 0.09707819670438766
v -0.04176389053463936 0.020999999716877937 0.090774305164814
v -0.04193923622369766 0.020999999716877937 0.09282074868679047
v -0.041111111640930176 0.020999999716877937 0.08702778071165085
v -0.041484374552965164 0.020999999716877937 0.08884765952825546
v -0.04012500122189522 0.020999999716877937 0.08365625143051147
v -0.040654513984918594 0.020999999716877937 0.08530165255069733
v -0.03888889029622078 0.020999999716877937 0.08055555820465088
v -0.03953298553824425 0.020999999716877937 0.08207856118679047
v -0.037486109882593155 0.020999999716877937 0.07762152701616287
v -0.038203123956918716 0.020999999716877937 0.07907421886920929
v -0.035999998450279236 0.020999999716877937 0.07474999874830246
v -0.036748263984918594 0.020999999716877937 0.0761844590306282
v -0.029984375461935997 0.020999999716877937 0.009184028021991253
v -0.029999999329447746 0.020999999716877937 0.009999999776482582
v -0.029999999329447746 0.020999999716877937 0.05299999937415123
v -0.029859375208616257 0.020999999716877937 0.007656250149011612
v -0.02993750013411045 0.020999999716877937 0.008402777835726738
v -0.029609374701976776 0.020999999716877937 0.006267361342906952
v -0.029750000685453415 0.020999999716877937 0.0069444444961845875
v -0.029234375804662704 0.020999999716877937 0.0050173611380159855
v -0.02943749912083149 0.020999999716877937 0.005625000223517418
v -0.028734374791383743 0.020999999716877937 0.00390625
v -0.028999999165534973 0.020999999716877937 0.004444444552063942
v -0.02810937538743019 0.020999999716877937 0.002934027696028352
v -0.028437500819563866 0.020999999716877937 0.0034027777146548033
v -0.0273593757301569 0.020999999716877937 0.0021006944589316845
v -0.02775000035762787 0.020999999716877937 0.0024999999441206455
v -0.026484375819563866 0.020999999716877937 0.0014062500558793545
v -0.02693749964237213 0.020999999716877937 0.0017361111240461469
v -0.025484375655651093 0.020999999716877937 0.0008506944286637008
v -0.026000000536441803 0.020999999716877937 0.0011111111380159855
v -0.02435937523841858 0.020999999716877937 0.0004340277810115367
v -0.024937499314546585 0.020999999716877937 0.0006249999860301614
v -0.023109374567866325 0.020999999716877937 0.00015624999650754035
v -0.023749999701976776 0.020999999716877937 0.00027777778450399637
v 0.035251736640930176 0.020999999716877937 0.07330512255430222
v -0.035251736640930176 0.020999999716877937 0.07330512255430222
v 0.034513890743255615 0.020999999716877937 0.07183680683374405
v 0.030060764402151108 0.020999999716877937 0.05541883781552315
v 0.033796876668930054 0.020999999716877937 0.07033202797174454
v -0.030060764402151108 0.020999999716877937 0.05541883781552315
v 0.03311111032962799 0.020999999716877937 0.06877777725458145
v -0.034513890743255615 0.020999999716877937 0.07183680683374405
v -0.03023611195385456 0.020999999716877937 0.057684026658535004
v 0.03246701508760452 0.020999999716877937 0.06716102361679077
v -0.033796876668930054 0.020999999716877937 0.07033202797174454
v -0.030515624210238457 0.020999999716877937 0.05980859324336052
v 0.03187499940395355 0.020999999716877937 0.06546875089406967
v -0.03311111032962799 0.020999999716877937 0.06877777725458145
v -0.030888888984918594 0.020999999716877937 0.06180555373430252
v 0.031345486640930176 0.020999999716877937 0.06368793547153473
v -0.03246701508760452 0.020999999716877937 0.06716102361679077
v -0.031345486640930176 0.020999999716877937 0.06368793547153473
v 0.030888888984918594 0.020999999716877937 0.06180555373430252
v -0.03187499940395355 0.020999999716877937 0.06546875089406967
v 0.030515624210238457 0.020999999716877937 0.05980859324336052
v 0.03023611195385456 0.020999999716877937 0.057684026658535004
v -0.022437499836087227 0.01850000023841858 0.00006944444612599909
v -0.02173437550663948 0.01850000023841858 0.000017361111531499773
v -0.020999999716877937 0.01850000023841858 1.5308084881832774e-19
v 0.020999999716877937 0.01850000023841858 1.5308084881832774e-19
v 0.02173437550663948 0.01850000023841858 0.000017361111531499773
v 0.022437499836087227 0.01850000023841858 0.00006944444612599909
v 0.023109374567866325 0.01850000023841858 0.00015624999650754035
v 0.023749999701976776 0.01850000023841858 0.00027777778450399637
v 0.02435937523841858 0.01850000023841858 0.0004340277810115367
v 0.024937499314546585 0.01850000023841858 0.0006249999860301614
v 0.025484375655651093 0.01850000023841858 0.0008506944286637008
v 0.026000000536441803 0.01850000023841858 0.0011111111380159855
v 0.026484375819563866 0.01850000023841858 0.0014062500558793545
v 0.02693749964237213 0.01850000023841858 0.0017361111240461469
v 0.0273593757301569 0.01850000023841858 0.0021006944589316845
v 0.02775000035762787 0.01850000023841858 0.0024999999441206455
v 0.02810937538743019 0.01850000023841858 0.002934027696028352
v 0.028437500819563866 0.01850000023841858 0.0034027777146548033
v 0.028734374791383743 0.01850000023841858 0.00390625
v 0.028999999165534973 0.01850000023841858 0.004444444552063942
v 0.029234375804662704 0.01850000023841858 0.0050173611380159855
v 0.02943749912083149 0.01850000023841858 0.005625000223517418
v 0.029609374701976776 0.01850000023841858 0.006267361342906952
v 0.029750000685453415 0.01850000023841858 0.0069444444961845875
v 0.029859375208616257 0.01850000023841858 0.007656250149011612
v 0.02993750013411045 0.01850000023841858 0.008402777835726738
v 0.029984375461935997 0.01850000023841858 0.009184028021991253
v 0.029999999329447746 0.01850000023841858 0.009999999776482582
v 0.029999999329447746 0.01850000023841858 0.05299999937415123
v 0.035999998450279236 0.01850000023841858 0.07474999874830246
v 0.036748263984918594 0.01850000023841858 0.0761844590306282
v 0.037486109882593155 0.01850000023841858 0.07762152701616287
v 0.038203123956918716 0.01850000023841858 0.07907421886920929
v 0.03888889029622078 0.01850000023841858 0.08055555820465088
v 0.03953298553824425 0.01850000023841858 0.08207856118679047
v 0.04012500122189522 0.01850000023841858 0.08365625143051147
v 0.040654513984918594 0.01850000023841858 0.08530165255069733
v 0.041111111640930176 0.01850000023841858 0.08702778071165085
v 0.041484374552965164 0.01850000023841858 0.08884765952825546
v 0.04176389053463936 0.01850000023841858 0.090774305164814
v 0.04193923622369766 0.01850000023841858 0.09282074868679047
v 0.041999999433755875 0.01850000023841858 0.0949999988079071
v 0.04192708432674408 0.01850000023841858 0.09707819670438766
v 0.0417083315551281 0.01850000023841858 0.09906307607889175
v 0.041343748569488525 0.01850000023841858 0.10095507651567459
v 0.040833331644535065 0.01850000023841858 0.1027546301484108
v 0.040177084505558014 0.01850000023841858 0.104462169110775
v 0.039374999701976776 0.01850000023841858 0.1060781255364418
v 0.03842708468437195 0.01850000023841858 0.10760293900966644
v 0.03733333200216293 0.01850000023841858 0.10903703421354294
v 0.03609374910593033 0.01850000023841858 0.1103808581829071
v 0.034708332270383835 0.01850000023841858 0.11163483560085297
v 0.03317708149552345 0.01850000023841858 0.11279940605163574
v 0.03150000050663948 0.01850000023841858 0.11387500166893005
v 0.02967708371579647 0.01850000023841858 0.11486205458641052
v 0.027708332985639572 0.01850000023841858 0.11576099693775177
v 0.025593750178813934 0.01850000023841858 0.11657226830720901
v 0.023333333432674408 0.01850000023841858 0.11729629337787628
v 0.020927082747220993 0.01850000023841858 0.11793351918458939
v 0.01837499998509884 0.01850000023841858 0.11848437786102295
v 0.015677083283662796 0.01850000023841858 0.118949294090271
v 0.01283333357423544 0.01850000023841858 0.11932870000600815
v 0.009843749925494194 0.01850000023841858 0.11962305009365082
v 0.006708333268761635 0.01850000023841858 0.11983275413513184
v 0.003427083371207118 0.01850000023841858 0.11995825916528702
v 0 0.01850000023841858 0.11999999731779099
v -0.003427083371207118 0.01850000023841858 0.11995825916528702
v -0.006708333268761635 0.01850000023841858 0.11983275413513184
v -0.009843749925494194 0.01850000023841858 0.11962305009365082
v -0.01283333357423544 0.01850000023841858 0.11932870000600815
v -0.015677083283662796 0.01850000023841858 0.118949294090271
v -0.01837499998509884 0.01850000023841858 0.11848437786102295
v -0.020927082747220993 0.01850000023841858 0.11793351918458939
v -0.023333333432674408 0.01850000023841858 0.11729629337787628
v -0.025593750178813934 0.01850000023841858 0.11657226830720901
v -0.027708332985639572 0.01850000023841858 0.11576099693775177
v -0.02967708371579647 0.01850000023841858 0.11486205458641052
v -0.03150000050663948 0.01850000023841858 0.11387500166893005
v -0.03317708149552345 0.01850000023841858 0.11279940605163574
v -0.034708332270383835 0.01850000023841858 0.11163483560085297
v -0.03609374910593033 0.01850000023841858 0.1103808581829071
v -0.03733333200216293 0.01850000023841858 0.10903703421354294
v -0.03842708468437195 0.01850000023841858 0.10760293900966644
v -0.039374999701976776 0.01850000023841858 0.1060781255364418
v -0.040177084505558014 0.01850000023841858 0.104462169110775
v -0.040833331644535065 0.01850000023841858 0.1027546301484108
v -0.041343748569488525 0.01850000023841858 0.10095507651567459
v -0.0417083315551281 0.01850000023841858 0.09906307607889175
v -0.04192708432674408 0.01850000023841858 0.09707819670438766
v -0.041999999433755875 0.01850000023841858 0.0949999988079071
v -0.04193923622369766 0.01850000023841858 0.09282074868679047
v -0.04176389053463936 0.01850000023841858 0.090774305164814
v -0.041484374552965164 0.01850000023841858 0.08884765952825546
v -0.041111111640930176 0.01850000023841858 0.08702778071165085
v -0.040654513984918594 0.01850000023841858 0.08530165255069733
v -0.04012500122189522 0.01850000023841858 0.08365625143051147
v -0.03953298553824425 0.01850000023841858 0.08207856118679047
v -0.03888889029622078 0.01850000023841858 0.08055555820465088
v -0.038203123956918716 0.01850000023841858 0.07907421886920929
v -0.037486109882593155 0.01850000023841858 0.07762152701616287
v -0.036748263984918594 0.01850000023841858 0.0761844590306282
v -0.035999998450279236 0.01850000023841858 0.07474999874830246
v -0.029999999329447746 0.01850000023841858 0.05299999937415123
v -0.029999999329447746 0.01850000023841858 0.009999999776482582
v -0.029984375461935997 0.01850000023841858 0.009184028021991253
v -0.02993750013411045 0.01850000023841858 0.008402777835726738
v -0.029859375208616257 0.01850000023841858 0.007656250149011612
v -0.029750000685453415 0.01850000023841858 0.0069444444961845875
v -0.029609374701976776 0.01850000023841858 0.006267361342906952
v -0.02943749912083149 0.01850000023841858 0.005625000223517418
v -0.029234375804662704 0.01850000023841858 0.0050173611380159855
v -0.028999999165534973 0.01850000023841858 0.004444444552063942
v -0.028734374791383743 0.01850000023841858 0.00390625
v -0.028437500819563866 0.01850000023841858 0.0034027777146548033
v -0.02810937538743019 0.01850000023841858 0.002934027696028352
v -0.02775000035762787 0.01850000023841858 0.0024999999441206455
v -0.0273593757301569 0.01850000023841858 0.0021006944589316845
v -0.02693749964237213 0.01850000023841858 0.0017361111240461469
v -0.026484375819563866 0.01850000023841858 0.0014062500558793545
v -0.026000000536441803 0.01850000023841858 0.0011111111380159855
v -0.025484375655651093 0.01850000023841858 0.0008506944286637008
v -0.024937499314546585 0.01850000023841858 0.0006249999860301614
v -0.02435937523841858 0.01850000023841858 0.0004340277810115367
v -0.023749999701976776 0.01850000023841858 0.00027777778450399637
v -0.023109374567866325 0.01850000023841858 0.00015624999650754035
v 0.035251736640930176 0.01850000023841858 0.07330512255430222
v -0.035251736640930176 0.01850000023841858 0.07330512255430222
v 0.034513890743255615 0.01850000023841858 0.07183680683374405
v 0.030060764402151108 0.01850000023841858 0.05541883781552315
v 0.033796876668930054 0.01850000023841858 0.07033202797174454
v -0.030060764402151108 0.01850000023841858 0.05541883781552315
v 0.03311111032962799 0.01850000023841858 0.06877777725458145
v -0.034513890743255615 0.01850000023841858 0.07183680683374405
v -0.03023611195385456 0.01850000023841858 0.057684026658535004
v 0.03246701508760452 0.01850000023841858 0.06716102361679077
v -0.033796876668930054 0.01850000023841858 0.07033202797174454
v -0.030515624210238457 0.01850000023841858 0.05980859324336052
v 0.03187499940395355 0.01850000023841858 0.06546875089406967
v -0.03311111032962799 0.01850000023841858 0.06877777725458145
v -0.030888888984918594 0.01850000023841858 0.06180555373430252
v 0.031345486640930176 0.01850000023841858 0.06368793547153473
v -0.03246701508760452 0.01850000023841858 0.06716102361679077
v -0.031345486640930176 0.01850000023841858 0.06368793547153473
v 0.030888888984918594 0.01850000023841858 0.06180555373430252
v -0.03187499940395355 0.01850000023841858 0.06546875089406967
v 0.030515624210238457 0.01850000023841858 0.05980859324336052
v 0.03023611195385456 0.01850000023841858 0.057684026658535004
vt -0.020999999716877937 0
vt -0.02173437550663948 0.000017361111531499773
vt -0.022437499836087227 0.00006944444612599909
vt 0.02173437550663948 0.000017361111531499773
vt 0.020999999716877937 0
vt 0.023109374567866325 0.00015624999650754035
vt 0.022437499836087227 0.00006944444612599909
vt 0.02435937523841858 0.0004340277810115367
vt 0.023749999701976776 0.00027777778450399637
vt 0.025484375655651093 0.0008506944286637008
vt 0.024937499314546585 0.0006249999860301614
vt 0.026484375819563866 0.0014062500558793545
vt 0.026000000536441803 0.0011111111380159855
vt 0.0273593757301569 0.0021006944589316845
vt 0.02693749964237213 0.0017361111240461469
vt 0.02810937538743019 0.002934027696028352
vt 0.02775000035762787 0.0024999999441206455
vt 0.028734374791383743 0.00390625
vt 0.028437500819563866 0.0034027777146548033
vt 0.029234375804662704 0.0050173611380159855
vt 0.028999999165534973 0.004444444552063942
vt 0.029609374701976776 0.006267361342906952
vt 0.02943749912083149 0.005625000223517418
vt 0.029859375208616257 0.007656250149011612
vt 0.029750000685453415 0.0069444444961845875
vt 0.029984375461935997 0.009184028021991253
vt 0.02993750013411045 0.008402777835726738
vt 0.029999999329447746 0.05299999937415123
vt 0.029999999329447746 0.009999999776482582
vt 0.037486109882593155 0.07762152701616287
vt 0.036748263984918594 0.0761844590306282
vt 0.035999998450279236 0.07474999874830246
vt 0.03888889029622078 0.08055555820465088
vt 0.038203123956918716 0.07907421886920929
vt 0.04012500122189522 0.08365625143051147
vt 0.03953298553824425 0.08207856118679047
vt 0.041111111640930176 0.08702778071165085
vt 0.040654513984918594 0.08530165255069733
vt 0.04176389053463936 0.090774305164814
vt 0.041484374552965164 0.08884765952825546
vt 0.041999999433755875 0.0949999988079071
vt 0.04193923622369766 0.09282074868679047
vt 0.0417083315551281 0.09906307607889175
vt 0.04192708432674408 0.09707819670438766
vt 0.040833331644535065 0.1027546301484108
vt 0.041343748569488525 0.10095507651567459
vt 0.039374999701976776 0.1060781255364418
vt 0.040177084505558014 0.104462169110775
vt 0.03733333200216293 0.10903703421354294
vt 0.03842708468437195 0.10760293900966644
vt 0.034708332270383835 0.11163483560085297
vt 0.03609374910593033 0.1103808581829071
vt 0.03150000050663948 0.11387500166893005
vt 0.03317708149552345 0.11279940605163574
vt 0.027708332985639572 0.11576099693775177
vt 0.02967708371579647 0.11486205458641052
vt 0.023333333432674408 0.11729629337787628
vt 0.025593750178813934 0.11657226830720901
vt 0.01837499998509884 0.11848437786102295
vt 0.020927082747220993 0.11793351918458939
vt 0.01283333357423544 0.11932870000600815
vt 0.015677083283662796 0.118949294090271
vt 0.006708333268761635 0.11983275413513184
vt 0.009843749925494194 0.11962305009365082
vt 0 0.11999999731779099
vt 0.003427083371207118 0.11995825916528702
vt -0.006708333268761635 0.11983275413513184
vt -0.003427083371207118 0.11995825916528702
vt -0.01283333357423544 0.11932870000600815
vt -0.009843749925494194 0.11962305009365082
vt -0.01837499998509884 0.11848437786102295
vt -0.015677083283662796 0.118949294090271
vt -0.023333333432674408 0.11729629337787628
vt -0.020927082747220993 0.11793351918458939
vt -0.027708332985639572 0.11576099693775177
vt -0.025593750178813934 0.11657226830720901
vt -0.03150000050663948 0.11387500166893005
vt -0.02967708371579647 0.11486205458641052
vt -0.034708332270383835 0.11163483560085297
vt -0.03317708149552345 0.11279940605163574
vt -0.03733333200216293 0.10903703421354294
vt -0.03609374910593033 0.1103808581829071
vt -0.039374999701976776 0.1060781255364418
vt -0.03842708468437195 0.10760293900966644
vt -0.040833331644535065 0.1027546301484108
vt -0.040177084505558014 0.104462169110775
vt -0.0417083315551281 0.09906307607889175
vt -0.041343748569488525 0.10095507651567459
vt -0.041999999433755875 0.0949999988079071
vt -0.04192708432674408 0.09707819670438766
vt -0.04176389053463936 0.090774305164814
vt -0.04193923622369766 0.09282074868679047
vt -0.041111111640930176 0.08702778071165085
vt -0.041484374552965164 0.08884765952825546
vt -0.04012500122189522 0.08365625143051147
vt -0.040654513984918594 0.08530165255069733
vt -0.03888889029622078 0.08055555820465088
vt -0.03953298553824425 0.08207856118679047
vt -0.037486109882593155 0.07762152701616287
vt -0.038203123956918716 0.07907421886920929
vt -0.035999998450279236 0.07474999874830246
vt -0.036748263984918594 0.0761844590306282
vt -0.029984375461935997 0.009184028021991253
vt -0.029999999329447746 0.009999999776482582
vt -0.029999999329447746 0.05299999937415123
vt -0.029859375208616257 0.007656250149011612
vt -0.02993750013411045 0.008402777835726738
vt -0.029609374701976776 0.006267361342906952
vt -0.029750000685453415 0.0069444444961845875
vt -0.029234375804662704 0.0050173611380159855
vt -0.02943749912083149 0.005625000223517418
vt -0.028734374791383743 0.00390625
vt -0.028999999165534973 0.004444444552063942
vt -0.02810937538743019 0.002934027696028352
vt -0.028437500819563866 0.0034027777146548033
vt -0.0273593757301569 0.0021006944589316845
vt -0.02775000035762787 0.0024999999441206455
vt -0.026484375819563866 0.0014062500558793545
vt -0.02693749964237213 0.0017361111240461469
vt -0.025484375655651093 0.0008506944286637008
vt -0.026000000536441803 0.0011111111380159855
vt -0.02435937523841858 0.0004340277810115367
vt -0.024937499314546585 0.0006249999860301614
vt -0.023109374567866325 0.00015624999650754035
vt -0.023749999701976776 0.00027777778450399637
vt 0.035251736640930176 0.07330512255430222
vt -0.035251736640930176 0.07330512255430222
vt 0.034513890743255615 0.07183680683374405
vt 0.030060764402151108 0.05541883781552315
vt 0.033796876668930054 0.07033202797174454
vt -0.030060764402151108 0.05541883781552315
vt 0.03311111032962799 0.06877777725458145
vt -0.034513890743255615 0.07183680683374405
vt -0.03023611195385456 0.057684026658535004
vt 0.03246701508760452 0.06716102361679077
vt -0.033796876668930054 0.07033202797174454
vt -0.030515624210238457 0.05980859324336052
vt 0.03187499940395355 0.06546875089406967
vt -0.03311111032962799 0.06877777725458145
vt -0.030888888984918594 0.06180555373430252
vt 0.031345486640930176 0.06368793547153473
vt -0.03246701508760452 0.06716102361679077
vt -0.031345486640930176 0.06368793547153473
vt 0.030888888984918594 0.06180555373430252
vt -0.03187499940395355 0.06546875089406967
vt 0.030515624210238457 0.05980859324336052
vt 0.03023611195385456 0.057684026658535004
vt -0.020999999716877937 1
vt 0.020999999716877937 1
vt -0.020999999716877937 0.9975000023841858
vt 0.020999999716877937 0.9975000023841858
vt 0.02173437550663948 1
vt 0.02173437550663948 0.9975000023841858
vt 0.022437499836087227 1
vt 0.022437499836087227 0.9975000023841858
vt 0.023109374567866325 1
vt 0.023109374567866325 0.9975000023841858
vt 0.023749999701976776 1
vt 0.023749999701976776 0.9975000023841858
vt 0.02435937523841858 1
vt 0.02435937523841858 0.9975000023841858
vt 0.024937499314546585 1
vt 0.024937499314546585 0.9975000023841858
vt 0.025484375655651093 1
vt 0.025484375655651093 0.9975000023841858
vt 0.026000000536441803 1
vt 0.026000000536441803 0.9975000023841858
vt 0.026484375819563866 1
vt 0.026484375819563866 0.9975000023841858
vt 0.02693749964237213 1
vt 0.02693749964237213 0.9975000023841858
vt 0.0273593757301569 1
vt 0.0273593757301569 0.9975000023841858
vt 0.0021006944589316845 1
vt 0.0024999999441206455 1
vt 0.0021006944589316845 0.9975000023841858
vt 0.0024999999441206455 0.9975000023841858
vt 0.002934027696028352 1
vt 0.002934027696028352 0.9975000023841858
vt 0.0034027777146548033 1
vt 0.0034027777146548033 0.9975000023841858
vt 0.00390625 1
vt 0.00390625 0.9975000023841858
vt 0.004444444552063942 1
vt 0.004444444552063942 0.9975000023841858
vt 0.0050173611380159855 1
vt 0.0050173611380159855 0.9975000023841858
vt 0.005625000223517418 1
vt 0.005625000223517418 0.9975000023841858
vt 0.006267361342906952 1
vt 0.006267361342906952 0.9975000023841858
vt 0.0069444444961845875 1
vt 0.0069444444961845875 0.9975000023841858
vt 0.007656250149011612 1
vt 0.007656250149011612 0.9975000023841858
vt 0.008402777835726738 1
vt 0.008402777835726738 0.9975000023841858
vt 0.009184028021991253 1
vt 0.009184028021991253 0.9975000023841858
vt 0.009999999776482582 1
vt 0.009999999776482582 0.9975000023841858
vt 0.05299999937415123 1
vt 0.05299999937415123 0.9975000023841858
vt 0.05541883781552315 1
vt 0.05541883781552315 0.9975000023841858
vt 0.057684026658535004 1
vt 0.057684026658535004 0.9975000023841858
vt 0.05980859324336052 1
vt 0.05980859324336052 0.9975000023841858
vt 0.06180555373430252 1
vt 0.06180555373430252 0.9975000023841858
vt 0.06368793547153473 1
vt 0.06368793547153473 0.9975000023841858
vt 0.06546875089406967 1
vt 0.06546875089406967 0.9975000023841858
vt 0.06716102361679077 1
vt 0.06716102361679077 0.9975000023841858
vt 0.06877777725458145 1
vt 0.06877777725458145 0.9975000023841858
vt 0.07033202797174454 1
vt 0.07033202797174454 0.9975000023841858
vt 0.07183680683374405 1
vt 0.07183680683374405 0.9975000023841858
vt 0.07330512255430222 1
vt 0.07330512255430222 0.9975000023841858
vt 0.07474999874830246 1
vt 0.07474999874830246 0.9975000023841858
vt 0.0761844590306282 1
vt 0.0761844590306282 0.9975000023841858
vt 0.07762152701616287 1
vt 0.07762152701616287 0.9975000023841858
vt 0.07907421886920929 1
vt 0.07907421886920929 0.9975000023841858
vt 0.08055555820465088 1
vt 0.08055555820465088 0.9975000023841858
vt 0.08207856118679047 1
vt 0.08207856118679047 0.9975000023841858
vt 0.08365625143051147 1
vt 0.08365625143051147 0.9975000023841858
vt 0.08530165255069733 1
vt 0.08530165255069733 0.9975000023841858
vt 0.08702778071165085 1
vt 0.08702778071165085 0.9975000023841858
vt 0.08884765952825546 1
vt 0.08884765952825546 0.9975000023841858
vt 0.090774305164814 1
vt 0.090774305164814 0.9975000023841858
vt 0.09282074868679047 1
vt 0.09282074868679047 0.9975000023841858
vt 0.0949999988079071 1
vt 0.0949999988079071 0.9975000023841858
vt 0.09707819670438766 1
vt 0.09707819670438766 0.9975000023841858
vt 0.09906307607889175 1
vt 0.09906307607889175 0.9975000023841858
vt 0.10095507651567459 1
vt 0.10095507651567459 0.9975000023841858
vt 0.1027546301484108 1
vt 0.1027546301484108 0.9975000023841858
vt 0.104462169110775 1
vt 0.104462169110775 0.9975000023841858
vt 0.1060781255364418 1
vt 0.1060781255364418 0.9975000023841858
vt 0.10760293900966644 1
vt 0.10760293900966644 0.9975000023841858
vt 0.10903703421354294 1
vt 0.10903703421354294 0.9975000023841858
vt 0.1103808581829071 1
vt 0.1103808581829071 0.9975000023841858
vt 0.03609374910593033 1
vt 0.034708332270383835 1
vt 0.03609374910593033 0.9975000023841858
vt 0.034708332270383835 0.9975000023841858
vt 0.03317708149552345 1
vt 0.03317708149552345 0.9975000023841858
vt 0.03150000050663948 1
vt 0.03150000050663948 0.9975000023841858
vt 0.02967708371579647 1
vt 0.02967708371579647 0.9975000023841858
vt 0.027708332985639572 1
vt 0.027708332985639572 0.9975000023841858
vt 0.025593750178813934 1
vt 0.025593750178813934 0.9975000023841858
vt 0.023333333432674408 1
vt 0.023333333432674408 0.9975000023841858
vt 0.020927082747220993 1
vt 0.020927082747220993 0.9975000023841858
vt 0.01837499998509884 1
vt 0.01837499998509884 0.9975000023841858
vt 0.015677083283662796 1
vt 0.015677083283662796 0.9975000023841858
vt 0.01283333357423544 1
vt 0.01283333357423544 0.9975000023841858
vt 0.009843749925494194 1
vt 0.009843749925494194 0.9975000023841858
vt 0.006708333268761635 1
vt 0.006708333268761635 0.9975000023841858
vt 0.003427083371207118 1
vt 0.003427083371207118 0.9975000023841858
vt 0 1
vt 0 0.9975000023841858
vt -0.003427083371207118 1
vt -0.003427083371207118 0.9975000023841858
vt -0.006708333268761635 1
vt -0.006708333268761635 0.9975000023841858
vt -0.009843749925494194 1
vt -0.009843749925494194 0.9975000023841858
vt -0.01283333357423544 1
vt -0.01283333357423544 0.9975000023841858
vt -0.015677083283662796 1
vt -0.015677083283662796 0.9975000023841858
vt -0.01837499998509884 1
vt -0.01837499998509884 0.9975000023841858
vt -0.020927082747220993 1
vt -0.020927082747220993 0.9975000023841858
vt -0.023333333432674408 1
vt -0.023333333432674408 0.9975000023841858
vt -0.025593750178813934 1
vt -0.025593750178813934 0.9975000023841858
vt -0.027708332985639572 1
vt -0.027708332985639572 0.9975000023841858
vt -0.02967708371579647 1
vt -0.02967708371579647 0.9975000023841858
vt -0.03150000050663948 1
vt -0.03150000050663948 0.9975000023841858
vt -0.03317708149552345 1
vt -0.03317708149552345 0.9975000023841858
vt -0.034708332270383835 1
vt -0.034708332270383835 0.9975000023841858
vt -0.03609374910593033 1
vt -0.03609374910593033 0.9975000023841858
vt -0.0273593757301569 1
vt -0.02693749964237213 1
vt -0.0273593757301569 0.9975000023841858
vt -0.02693749964237213 0.9975000023841858
vt -0.026484375819563866 1
vt -0.026484375819563866 0.9975000023841858
vt -0.026000000536441803 1
vt -0.026000000536441803 0.9975000023841858
vt -0.025484375655651093 1
vt -0.025484375655651093 0.9975000023841858
vt -0.024937499314546585 1
vt -0.024937499314546585 0.9975000023841858
vt -0.02435937523841858 1
vt -0.02435937523841858 0.9975000023841858
vt -0.023749999701976776 1
vt -0.023749999701976776 0.9975000023841858
vt -0.023109374567866325 1
vt -0.023109374567866325 0.9975000023841858
vt -0.022437499836087227 1
vt -0.022437499836087227 0.9975000023841858
vt -0.02173437550663948 1
vt -0.02173437550663948 0.9975000023841858
vn 0 1 -6.123234262925839e-17
vn 0 -1 6.123234262925839e-17
vn 0 -6.123234262925839e-17 -1
vn 0.02363403291353982 -6.121523559114753e-17 -0.999720677233517
vn 0.07387176345672149 -6.106504195481992e-17 -0.9972677486832681
vn 0.12813401303037336 -6.072759078501511e-17 -0.9917568626960602
vn 0.18637793915526957 -6.015943533555348e-17 -0.9824781238257851
vn 0.2483751444827566 -5.931356080091701e-17 -0.9686639188093926
vn 0.3136607098702512 -5.814226033986389e-17 -0.9495351278829499
vn 0.3814868297167256 -5.660159977040955e-17 -0.9243742741729034
vn 0.450816636703644 -5.465700187507294e-17 -0.8926165806611563
vn 0.5203351207596483 -5.229009497421827e-17 -0.8539621549600674
vn 0.5885409734622619 -4.9504351094985026e-17 -0.8084673911519827
vn 0.6538620522290648 -4.632923087696214e-17 -0.7566137830193127
vn 0.7148342982752731 -4.281940297781712e-17 -0.6992938767137162
vn 0.7702376805990974 -3.905134873476516e-17 -0.6377569406798508
vn 0.8192315704916112 -3.5114472160980026e-17 -0.5734628444021882
vn 0.8614000109414987 -3.110157092316904e-17 -0.5079271809521381
vn 0.8967298147322221 -2.7100110712252488e-17 -0.44257839912304187
vn 0.9255460143439064 -2.318471676947429e-17 -0.37863514804110454
vn 0.9484127937928998 -1.9412986355058883e-17 -0.31703812478934895
vn 0.9660177076101821 -1.5827083335536386e-17 -0.2584758955561789
vn 0.9791052577932786 -1.2451848673696493e-17 -0.20335411026472447
vn 0.9883996503245244 -9.299684982851621e-18 -0.15187538061963063
vn 0.9945686479189709 -6.373226041013281e-18 -0.10408268144427378
vn 0.9982048212075092 -3.667369743426231e-18 -0.05989269503106738
vn 0.9998167358596687 -1.1722350995875146e-18 -0.019144051162635383
vn 1 0 0
vn 0.9996846021600349 -1.5377684177740215e-18 -0.025113665684897365
vn 0.9970172687281473 -4.725837956556064e-18 -0.07717879150301271
vn 0.9914564658624444 -7.987025347006053e-18 -0.13043801707919125
vn 0.9829759297261637 -1.1250486331119208e-17 -0.18373437778212398
vn 0.9718190481401645 -1.44341826490189e-17 -0.23572810115033982
vn 0.9585244153270992 -1.745185507989728e-17 -0.28501043002290705
vn 0.9439070052872587 -2.021961575992843e-17 -0.33021139497243146
vn 0.9289921894950165 -2.266204666750347e-17 -0.37009932701540443
vn 0.9149031222988319 -2.471787276180576e-17 -0.4036734779594132
vn 0.902755061970435 -2.6339395510534567e-17 -0.4301549698501181
vn 0.8935276714977103 -2.749381715493764e-17 -0.4490081294006604
vn 0.8879887954937693 -2.815861408011904e-17 -0.45986508790896996
vn 0.8866224823676392 -2.8319580248660444e-17 -0.46249386348387933
vn 0.8895941563604566 -2.7967982949696385e-17 -0.45675183302240563
vn 0.8967194681156819 -2.7101395239770597e-17 -0.4425993622931787
vn 0.9074759974151844 -2.5723946941006796e-17 -0.4201039325158908
vn 0.9210219736285177 -2.38506455660352e-17 -0.3895106212844911
vn 0.9362546645732591 -2.1512272420008504e-17 -0.3513220788177339
vn 0.9519216682414515 -1.875801001296572e-17 -0.3063415373931715
vn 0.9667493630238414 -1.5658687699722615e-17 -0.2557257693174404
vn 0.9796075272445619 -1.2302839289977869e-17 -0.20092061259560903
vn 0.9896392985350303 -8.791492416410864e-18 -0.14357596872420247
vn 0.9963492892589411 -5.227425444303679e-18 -0.08537033321478103
vn 0.9996115061547007 -1.7066549788036306e-18 -0.027871791530693888
vn 0.9993850632338909 2.14706061297944e-18 0.03506416097658667
vn 0.9939816923435956 6.707776979215321e-18 0.1095463157105775
vn 0.9819354650120676 1.1586146236778994e-17 0.18921612656307785
vn 0.9620504916637822 1.670856023509447e-17 0.27287149262881005
vn 0.933436908589282 2.1966587986538247e-17 0.3587416029446325
vn 0.8957300736799723 2.7223792642351583e-17 0.4445982850903402
vn 0.849270827159483 3.2328071472162776e-17 0.5279574434893852
vn 0.7951352798710988 3.713325699104366e-17 0.606432095707598
vn 0.7350405424134849 4.15169458517566e-17 0.6780231566904554
vn 0.6710619238243852 4.539773603623543e-17 0.7414013045531516
vn 0.6053533578146331 4.8738302448578214e-17 0.7959568532166481
vn 0.5398595194892556 5.1542635117730996e-17 0.8417551301992937
vn 0.4761487152218695 5.384556245532595e-17 0.8793647712937805
vn 0.4153553910065816 5.570056324933652e-17 0.9096592214460149
vn 0.3581982559308266 5.716930435288998e-17 0.9336455480792023
vn 0.30504005850157695 5.831397606807383e-17 0.952339520711681
vn 0.25599658990213786 5.919194067938526e-17 0.9666776846283754
vn 0.21098772022357115 5.985392317814916e-17 0.9774887119117337
vn 0.16982113133992166 6.034293266310624e-17 0.9854749024457339
vn 0.1322456617116301 6.069453712916824e-17 0.9912169716860446
vn 0.09798475875810678 6.093768626612102e-17 0.9951879154466836
vn 0.0667332637881156 6.109584491843258e-17 0.9977708511999064
vn 0.038221202645975776 6.1187595235096e-17 0.9992693028750034
vn 0.012178010227627736 6.122779604428014e-17 0.9999258452839869
vn -0.012178010227627736 6.122779604428014e-17 0.9999258452839869
vn -0.038221202645975776 6.1187595235096e-17 0.9992693028750034
vn -0.0667332637881156 6.109584491843258e-17 0.9977708511999064
vn -0.09798475875810678 6.093768626612102e-17 0.9951879154466836
vn -0.1322456617116301 6.069453712916824e-17 0.9912169716860446
vn -0.16982113133992166 6.034293266310624e-17 0.9854749024457339
vn -0.21098772022357115 5.985392317814916e-17 0.9774887119117337
vn -0.25599658990213786 5.919194067938526e-17 0.9666776846283754
vn -0.30504005850157695 5.831397606807383e-17 0.952339520711681
vn -0.3581982559308266 5.716930435288998e-17 0.9336455480792023
vn -0.4153553910065816 5.570056324933652e-17 0.9096592214460149
vn -0.4761487152218695 5.384556245532595e-17 0.8793647712937805
vn -0.5398595194892556 5.1542635117730996e-17 0.8417551301992937
vn -0.6053533578146331 4.8738302448578214e-17 0.7959568532166481
vn -0.6710619238243852 4.539773603623543e-17 0.7414013045531516
vn -0.7350405424134849 4.15169458517566e-17 0.6780231566904554
vn -0.7951352798710988 3.713325699104366e-17 0.606432095707598
vn -0.849270827159483 3.2328071472162776e-17 0.5279574434893852
vn -0.8957300736799723 2.7223792642351583e-17 0.4445982850903402
vn -0.933436908589282 2.1966587986538247e-17 0.3587416029446325
vn -0.9620504916637822 1.670856023509447e-17 0.27287149262881005
vn -0.9819354650120676 1.1586146236778994e-17 0.18921612656307785
vn -0.9939816923435956 6.707776979215321e-18 0.1095463157105775
vn -0.9993850632338909 2.14706061297944e-18 0.03506416097658667
vn -0.9996115061547007 -1.7066549788036306e-18 -0.027871791530693888
vn -0.9963492892589411 -5.227425444303679e-18 -0.08537033321478103
vn -0.9896392985350303 -8.791492416410864e-18 -0.14357596872420247
vn -0.9796075272445619 -1.2302839289977869e-17 -0.20092061259560903
vn -0.9667493630238414 -1.5658687699722615e-17 -0.2557257693174404
vn -0.9519216682414515 -1.875801001296572e-17 -0.3063415373931715
vn -0.9362546645732591 -2.1512272420008504e-17 -0.3513220788177339
vn -0.9210219736285177 -2.38506455660352e-17 -0.3895106212844911
vn -0.9074759974151844 -2.5723946941006796e-17 -0.4201039325158908
vn -0.8967194681156819 -2.7101395239770597e-17 -0.4425993622931787
vn -0.8895941563604566 -2.7967982949696385e-17 -0.45675183302240563
vn -0.8866224823676392 -2.8319580248660444e-17 -0.46249386348387933
vn -0.8879887954937693 -2.815861408011904e-17 -0.45986508790896996
vn -0.8935276714977103 -2.749381715493764e-17 -0.4490081294006604
vn -0.902755061970435 -2.6339395510534567e-17 -0.4301549698501181
vn -0.9149031222988319 -2.471787276180576e-17 -0.4036734779594132
vn -0.9289921894950165 -2.266204666750347e-17 -0.37009932701540443
vn -0.9439070052872587 -2.021961575992843e-17 -0.33021139497243146
vn -0.9585244153270992 -1.745185507989728e-17 -0.28501043002290705
vn -0.9718190481401645 -1.44341826490189e-17 -0.23572810115033982
vn -0.9829759297261637 -1.1250486331119208e-17 -0.18373437778212398
vn -0.9914564658624444 -7.987025347006053e-18 -0.13043801707919125
vn -0.9970172687281473 -4.725837956556064e-18 -0.07717879150301271
vn -0.9996846021600349 -1.5377684177740215e-18 -0.025113665684897365
vn -1 0 0
vn -0.9998167358596687 -1.1722350995875146e-18 -0.019144051162635383
vn -0.9982048212075092 -3.667369743426231e-18 -0.05989269503106738
vn -0.9945686479189709 -6.373226041013281e-18 -0.10408268144427378
vn -0.9883996503245244 -9.299684982851621e-18 -0.15187538061963063
vn -0.9791052577932786 -1.2451848673696493e-17 -0.20335411026472447
vn -0.9660177076101821 -1.5827083335536386e-17 -0.2584758955561789
vn -0.9484127937928998 -1.9412986355058883e-17 -0.31703812478934895
vn -0.9255460143439064 -2.318471676947429e-17 -0.37863514804110454
vn -0.8967298147322221 -2.7100110712252488e-17 -0.44257839912304187
vn -0.8614000109414987 -3.110157092316904e-17 -0.5079271809521381
vn -0.8192315704916112 -3.5114472160980026e-17 -0.5734628444021882
vn -0.7702376805990974 -3.905134873476516e-17 -0.6377569406798508
vn -0.7148342982752731 -4.281940297781712e-17 -0.6992938767137162
vn -0.6538620522290648 -4.632923087696214e-17 -0.7566137830193127
vn -0.5885409734622619 -4.9504351094985026e-17 -0.8084673911519827
vn -0.5203351207596483 -5.229009497421827e-17 -0.8539621549600674
vn -0.450816636703644 -5.465700187507294e-17 -0.8926165806611563
vn -0.3814868297167256 -5.660159977040955e-17 -0.9243742741729034
vn -0.3136607098702512 -5.814226033986389e-17 -0.9495351278829499
vn -0.2483751444827566 -5.931356080091701e-17 -0.9686639188093926
vn -0.18637793915526957 -6.015943533555348e-17 -0.9824781238257851
vn -0.12813401303037336 -6.072759078501511e-17 -0.9917568626960602
vn -0.07387176345672149 -6.106504195481992e-17 -0.9972677486832681
vn -0.02363403291353982 -6.121523559114753e-17 -0.999720677233517
f 295/354/150 296/355/150 297/356/150
f 298/357/150 299/358/150 295/354/150
f 300/359/150 301/360/150 298/357/150
f 302/361/150 303/362/150 300/359/150
f 304/363/150 305/364/150 302/361/150
f 306/365/150 307/366/150 304/363/150
f 308/367/150 309/368/150 306/365/150
f 310/369/150 311/370/150 308/367/150
f 312/371/150 313/372/150 310/369/150
f 314/373/150 315/374/150 312/371/150
f 316/375/150 317/376/150 314/373/150
f 318/377/150 319/378/150 316/375/150
f 320/379/150 321/380/150 318/377/150
f 322/381/150 323/382/150 320/379/150
f 324/383/150 325/384/150 326/385/150
f 327/386/150 328/387/150 324/383/150
f 329/388/150 330/389/150 327/386/150
f 331/390/150 332/391/150 329/388/150
f 333/392/150 334/393/150 331/390/150
f 335/394/150 336/395/150 333/392/150
f 337/396/150 338/397/150 335/394/150
f 339/398/150 340/399/150 337/396/150
f 341/400/150 342/401/150 339/398/150
f 343/402/150 344/403/150 341/400/150
f 345/404/150 346/405/150 343/402/150
f 347/406/150 348/407/150 345/404/150
f 349/408/150 350/409/150 347/406/150
f 351/410/150 352/411/150 349/408/150
f 353/412/150 354/413/150 351/410/150
f 355/414/150 356/415/150 353/412/150
f 357/416/150 358/417/150 355/414/150
f 359/418/150 360/419/150 357/416/150
f 361/420/150 362/421/150 359/418/150
f 363/422/150 364/423/150 361/420/150
f 365/424/150 366/425/150 363/422/150
f 367/426/150 368/427/150 365/424/150
f 369/428/150 370/429/150 367/426/150
f 371/430/150 372/431/150 369/428/150
f 373/432/150 374/433/150 371/430/150
f 375/434/150 376/435/150 373/432/150
f 377/436/150 378/437/150 375/434/150
f 379/438/150 380/439/150 377/436/150
f 381/440/150 382/441/150 379/438/150
f 383/442/150 384/443/150 381/440/150
f 385/444/150 386/445/150 383/442/150
f 387/446/150 388/447/150 385/444/150
f 389/448/150 390/449/150 387/446/150
f 391/450/150 392/451/150 389/448/150
f 393/452/150 394/453/150 391/450/150
f 395/454/150 396/455/150 393/452/150
f 397/456/150 398/457/150 399/458/150
f 400/459/150 401/460/150 397/456/150
f 402/461/150 403/462/150 400/459/150
f 404/463/150 405/464/150 402/461/150
f 406/465/150 407/466/150 404/463/150
f 408/467/150 409/468/150 406/465/150
f 410/469/150 411/470/150 408/467/150
f 412/471/150 413/472/150 410/469/150
f 414/473/150 415/474/150 412/471/150
f 416/475/150 417/476/150 414/473/150
f 418/477/150 419/478/150 416/475/150
f 295/354/150 297/356/150 418/477/150
f 300/359/150 298/357/150 295/354/150
f 304/363/150 302/361/150 300/359/150
f 308/367/150 306/365/150 304/363/150
f 312/371/150 310/369/150 308/367/150
f 316/375/150 314/373/150 312/371/150
f 320/379/150 318/377/150 316/375/150
f 324/383/150 326/385/150 420/479/150
f 329/388/150 327/386/150 324/383/150
f 333/392/150 331/390/150 329/388/150
f 337/396/150 335/394/150 333/392/150
f 341/400/150 339/398/150 337/396/150
f 345/404/150 343/402/150 341/400/150
f 349/408/150 347/406/150 345/404/150
f 353/412/150 351/410/150 349/408/150
f 357/416/150 355/414/150 353/412/150
f 361/420/150 359/418/150 357/416/150
f 365/424/150 363/422/150 361/420/150
f 369/428/150 367/426/150 365/424/150
f 373/432/150 371/430/150 369/428/150
f 377/436/150 375/434/150 373/432/150
f 381/440/150 379/438/150 377/436/150
f 385/444/150 383/442/150 381/440/150
f 389/448/150 387/446/150 385/444/150
f 393/452/150 391/450/150 389/448/150
f 421/480/150 395/454/150 393/452/150
f 400/459/150 397/456/150 399/458/150
f 404/463/150 402/461/150 400/459/150
f 408/467/150 406/465/150 404/463/150
f 412/471/150 410/469/150 408/467/150
f 416/475/150 414/473/150 412/471/150
f 295/354/150 418/477/150 416/475/150
f 304/363/150 300/359/150 295/354/150
f 312/371/150 308/367/150 304/363/150
f 320/379/150 316/375/150 312/371/150
f 329/388/150 324/383/150 420/479/150
f 337/396/150 333/392/150 329/388/150
f 345/404/150 341/400/150 337/396/150
f 353/412/150 349/408/150 345/404/150
f 361/420/150 357/416/150 353/412/150
f 369/428/150 365/424/150 361/420/150
f 377/436/150 373/432/150 369/428/150
f 385/444/150 381/440/150 377/436/150
f 393/452/150 389/448/150 385/444/150
f 404/463/150 400/459/150 399/458/150
f 412/471/150 408/467/150 404/463/150
f 295/354/150 416/475/150 412/471/150
f 312/371/150 304/363/150 295/354/150
f 322/381/150 320/379/150 312/371/150
f 329/388/150 420/479/150 422/481/150
f 345/404/150 337/396/150 329/388/150
f 361/420/150 353/412/150 345/404/150
f 377/436/150 369/428/150 361/420/150
f 393/452/150 385/444/150 377/436/150
f 412/471/150 404/463/150 399/458/150
f 312/371/150 295/354/150 412/471/150
f 423/482/150 322/381/150 312/371/150
f 329/388/150 422/481/150 424/483/150
f 361/420/150 345/404/150 329/388/150
f 393/452/150 377/436/150 361/420/150
f 412/471/150 399/458/150 425/484/150
f 423/482/150 312/371/150 412/471/150
f 361/420/150 329/388/150 424/483/150
f 421/480/150 393/452/150 361/420/150
f 423/482/150 412/471/150 425/484/150
f 361/420/150 424/483/150 426/485/150
f 427/486/150 421/480/150 361/420/150
f 423/482/150 425/484/150 428/487/150
f 361/420/150 426/485/150 429/488/150
f 430/489/150 427/486/150 361/420/150
f 423/482/150 428/487/150 431/490/150
f 361/420/150 429/488/150 432/491/150
f 433/492/150 430/489/150 361/420/150
f 423/482/150 431/490/150 434/493/150
f 361/420/150 432/491/150 435/494/150
f 436/495/150 433/492/150 361/420/150
f 423/482/150 434/493/150 437/496/150
f 361/420/150 435/494/150 438/497/150
f 439/498/150 436/495/150 361/420/150
f 423/482/150 437/496/150 439/498/150
f 361/420/150 438/497/150 440/499/150
f 423/482/150 439/498/150 361/420/150
f 361/420/150 440/499/150 441/500/150
f 441/500/150 423/482/150 361/420/150
f 442/356/151 443/355/151 444/354/151
f 444/354/151 445/358/151 446/357/151
f 446/357/151 447/360/151 448/359/151
f 448/359/151 449/362/151 450/361/151
f 450/361/151 451/364/151 452/363/151
f 452/363/151 453/366/151 454/365/151
f 454/365/151 455/368/151 456/367/151
f 456/367/151 457/370/151 458/369/151
f 458/369/151 459/372/151 460/371/151
f 460/371/151 461/374/151 462/373/151
f 462/373/151 463/376/151 464/375/151
f 464/375/151 465/378/151 466/377/151
f 466/377/151 467/380/151 468/379/151
f 468/379/151 469/382/151 470/381/151
f 471/385/151 472/384/151 473/383/151
f 473/383/151 474/387/151 475/386/151
f 475/386/151 476/389/151 477/388/151
f 477/388/151 478/391/151 479/390/151
f 479/390/151 480/393/151 481/392/151
f 481/392/151 482/395/151 483/394/151
f 483/394/151 484/397/151 485/396/151
f 485/396/151 486/399/151 487/398/151
f 487/398/151 488/401/151 489/400/151
f 489/400/151 490/403/151 491/402/151
f 491/402/151 492/405/151 493/404/151
f 493/404/151 494/407/151 495/406/151
f 495/406/151 496/409/151 497/408/151
f 497/408/151 498/411/151 499/410/151
f 499/410/151 500/413/151 501/412/151
f 501/412/151 502/415/151 503/414/151
f 503/414/151 504/417/151 505/416/151
f 505/416/151 506/419/151 507/418/151
f 507/418/151 508/421/151 509/420/151
f 509/420/151 510/423/151 511/422/151
f 511/422/151 512/425/151 513/424/151
f 513/424/151 514/427/151 515/426/151
f 515/426/151 516/429/151 517/428/151
f 517/428/151 518/431/151 519/430/151
f 519/430/151 520/433/151 521/432/151
f 521/432/151 522/435/151 523/434/151
f 523/434/151 524/437/151 525/436/151
f 525/436/151 526/439/151 527/438/151
f 527/438/151 528/441/151 529/440/151
f 529/440/151 530/443/151 531/442/151
f 531/442/151 532/445/151 533/444/151
f 533/444/151 534/447/151 535/446/151
f 535/446/151 536/449/151 537/448/151
f 537/448/151 538/451/151 539/450/151
f 539/450/151 540/453/151 541/452/151
f 541/452/151 542/455/151 543/454/151
f 544/458/151 545/457/151 546/456/151
f 546/456/151 547/460/151 548/459/151
f 548/459/151 549/462/151 550/461/151
f 550/461/151 551/464/151 552/463/151
f 552/463/151 553/466/151 554/465/151
f 554/465/151 555/468/151 556/467/151
f 556/467/151 557/470/151 558/469/151
f 558/469/151 559/472/151 560/471/151
f 560/471/151 561/474/151 562/473/151
f 562/473/151 563/476/151 564/475/151
f 564/475/151 565/478/151 566/477/151
f 566/477/151 442/356/151 444/354/151
f 444/354/151 446/357/151 448/359/151
f 448/359/151 450/361/151 452/363/151
f 452/363/151 454/365/151 456/367/151
f 456/367/151 458/369/151 460/371/151
f 460/371/151 462/373/151 464/375/151
f 464/375/151 466/377/151 468/379/151
f 567/479/151 471/385/151 473/383/151
f 473/383/151 475/386/151 477/388/151
f 477/388/151 479/390/151 481/392/151
f 481/392/151 483/394/151 485/396/151
f 485/396/151 487/398/151 489/400/151
f 489/400/151 491/402/151 493/404/151
f 493/404/151 495/406/151 497/408/151
f 497/408/151 499/410/151 501/412/151
f 501/412/151 503/414/151 505/416/151
f 505/416/151 507/418/151 509/420/151
f 509/420/151 511/422/151 513/424/151
f 513/424/151 515/426/151 517/428/151
f 517/428/151 519/430/151 521/432/151
f 521/432/151 523/434/151 525/436/151
f 525/436/151 527/438/151 529/440/151
f 529/440/151 531/442/151 533/444/151
f 533/444/151 535/446/151 537/448/151
f 537/448/151 539/450/151 541/452/151
f 541/452/151 543/454/151 568/480/151
f 544/458/151 546/456/151 548/459/151
f 548/459/151 550/461/151 552/463/151
f 552/463/151 554/465/151 556/467/151
f 556/467/151 558/469/151 560/471/151
f 560/471/151 562/473/151 564/475/151
f 564/475/151 566/477/151 444/354/151
f 444/354/151 448/359/151 452/363/151
f 452/363/151 456/367/151 460/371/151
f 460/371/151 464/375/151 468/379/151
f 567/479/151 473/383/151 477/388/151
f 477/388/151 481/392/151 485/396/151
f 485/396/151 489/400/151 493/404/151
f 493/404/151 497/408/151 501/412/151
f 501/412/151 505/416/151 509/420/151
f 509/420/151 513/424/151 517/428/151
f 517/428/151 521/432/151 525/436/151
f 525/436/151 529/440/151 533/444/151
f 533/444/151 537/448/151 541/452/151
f 544/458/151 548/459/151 552/463/151
f 552/463/151 556/467/151 560/471/151
f 560/471/151 564/475/151 444/354/151
f 444/354/151 452/363/151 460/371/151
f 460/371/151 468/379/151 470/381/151
f 569/481/151 567/479/151 477/388/151
f 477/388/151 485/396/151 493/404/151
f 493/404/151 501/412/151 509/420/151
f 509/420/151 517/428/151 525/436/151
f 525/436/151 533/444/151 541/452/151
f 544/458/151 552/463/151 560/471/151
f 560/471/151 444/354/151 460/371/151
f 460/371/151 470/381/151 570/482/151
f 571/483/151 569/481/151 477/388/151
f 477/388/151 493/404/151 509/420/151
f 509/420/151 525/436/151 541/452/151
f 572/484/151 544/458/151 560/471/151
f 560/471/151 460/371/151 570/482/151
f 571/483/151 477/388/151 509/420/151
f 509/420/151 541/452/151 568/480/151
f 572/484/151 560/471/151 570/482/151
f 573/485/151 571/483/151 509/420/151
f 509/420/151 568/480/151 574/486/151
f 575/487/151 572/484/151 570/482/151
f 576/488/151 573/485/151 509/420/151
f 509/420/151 574/486/151 577/489/151
f 578/490/151 575/487/151 570/482/151
f 579/491/151 576/488/151 509/420/151
f 509/420/151 577/489/151 580/492/151
f 581/493/151 578/490/151 570/482/151
f 582/494/151 579/491/151 509/420/151
f 509/420/151 580/492/151 583/495/151
f 584/496/151 581/493/151 570/482/151
f 585/497/151 582/494/151 509/420/151
f 509/420/151 583/495/151 586/498/151
f 586/498/151 584/496/151 570/482/151
f 587/499/151 585/497/151 509/420/151
f 509/420/151 586/498/151 570/482/151
f 588/500/151 587/499/151 509/420/151
f 509/420/151 570/482/151 588/500/151
f 295/501/152 299/502/152 444/503/152
f 299/502/152 445/504/152 444/503/152
f 299/502/153 298/505/153 445/504/153
f 298/505/153 446/506/153 445/504/153
f 298/505/154 301/507/154 446/506/154
f 301/507/154 447/508/154 446/506/154
f 301/507/155 300/509/155 447/508/155
f 300/509/155 448/510/155 447/508/155
f 300/509/156 303/511/156 448/510/156
f 303/511/156 449/512/156 448/510/156
f 303/511/157 302/513/157 449/512/157
f 302/513/157 450/514/157 449/512/157
f 302/513/158 305/515/158 450/514/158
f 305/515/158 451/516/158 450/514/158
f 305/515/159 304/517/159 451/516/159
f 304/517/159 452/518/159 451/516/159
f 304/517/160 307/519/160 452/518/160
f 307/519/160 453/520/160 452/518/160
f 307/519/161 306/521/161 453/520/161
f 306/521/161 454/522/161 453/520/161
f 306/521/162 309/523/162 454/522/162
f 309/523/162 455/524/162 454/522/162
f 309/523/163 308/525/163 455/524/163
f 308/525/163 456/526/163 455/524/163
f 308/527/164 311/528/164 456/529/164
f 311/528/164 457/530/164 456/529/164
f 311/528/165 310/531/165 457/530/165
f 310/531/165 458/532/165 457/530/165
f 310/531/166 313/533/166 458/532/166
f 313/533/166 459/534/166 458/532/166
f 313/533/167 312/535/167 459/534/167
f 312/535/167 460/536/167 459/534/167
f 312/535/168 315/537/168 460/536/168
f 315/537/168 461/538/168 460/536/168
f 315/537/169 314/539/169 461/538/169
f 314/539/169 462/540/169 461/538/169
f 314/539/170 317/541/170 462/540/170
f 317/541/170 463/542/170 462/540/170
f 317/541/171 316/543/171 463/542/171
f 316/543/171 464/544/171 463/542/171
f 316/543/172 319/545/172 464/544/172
f 319/545/172 465/546/172 464/544/172
f 319/545/173 318/547/173 465/546/173
f 318/547/173 466/548/173 465/546/173
f 318/547/174 321/549/174 466/548/174
f 321/549/174 467/550/174 466/548/174
f 321/549/175 320/551/175 467/550/175
f 320/551/175 468/552/175 467/550/175
f 320/551/176 323/553/176 468/552/176
f 323/553/176 469/554/176 468/552/176
f 323/553/177 322/555/177 469/554/177
f 322/555/177 470/556/177 469/554/177
f 322/555/178 423/557/178 470/556/178
f 423/557/178 570/558/178 470/556/178
f 423/557/179 441/559/179 570/558/179
f 441/559/179 588/560/179 570/558/179
f 441/559/180 440/561/180 588/560/180
f 440/561/180 587/562/180 588/560/180
f 440/561/181 438/563/181 587/562/181
f 438/563/181 585/564/181 587/562/181
f 438/563/182 435/565/182 585/564/182
f 435/565/182 582/566/182 585/564/182
f 435/565/183 432/567/183 582/566/183
f 432/567/183 579/568/183 582/566/183
f 432/567/184 429/569/184 579/568/184
f 429/569/184 576/570/184 579/568/184
f 429/569/185 426/571/185 576/570/185
f 426/571/185 573/572/185 576/570/185
f 426/571/186 424/573/186 573/572/186
f 424/573/186 571/574/186 573/572/186
f 424/573/187 422/575/187 571/574/187
f 422/575/187 569/576/187 571/574/187
f 422/575/188 420/577/188 569/576/188
f 420/577/188 567/578/188 569/576/188
f 420/577/189 326/579/189 567/578/189
f 326/579/189 471/580/189 567/578/189
f 326/579/190 325/581/190 471/580/190
f 325/581/190 472/582/190 471/580/190
f 325/581/191 324/583/191 472/582/191
f 324/583/191 473/584/191 472/582/191
f 324/583/192 328/585/192 473/584/192
f 328/585/192 474/586/192 473/584/192
f 328/585/193 327/587/193 474/586/193
f 327/587/193 475/588/193 474/586/193
f 327/587/194 330/589/194 475/588/194
f 330/589/194 476/590/194 475/588/194
f 330/589/195 329/591/195 476/590/195
f 329/591/195 477/592/195 476/590/195
f 329/591/196 332/593/196 477/592/196
f 332/593/196 478/594/196 477/592/196
f 332/593/197 331/595/197 478/594/197
f 331/595/197 479/596/197 478/594/197
f 331/595/198 334/597/198 479/596/198
f 334/597/198 480/598/198 479/596/198
f 334/597/199 333/599/199 480/598/199
f 333/599/199 481/600/199 480/598/199
f 333/599/200 336/601/200 481/600/200
f 336/601/200 482/602/200 481/600/200
f 336/601/201 335/603/201 482/602/201
f 335/603/201 483/604/201 482/602/201
f 335/603/202 338/605/202 483/604/202
f 338/605/202 484/606/202 483/604/202
f 338/605/203 337/607/203 484/606/203
f 337/607/203 485/608/203 484/606/203
f 337/607/204 340/609/204 485/608/204
f 340/609/204 486/610/204 485/608/204
f 340/609/205 339/611/205 486/610/205
f 339/611/205 487/612/205 486/610/205
f 339/611/206 342/613/206 487/612/206
f 342/613/206 488/614/206 487/612/206
f 342/613/207 341/615/207 488/614/207
f 341/615/207 489/616/207 488/614/207
f 341/615/208 344/617/208 489/616/208
f 344/617/208 490/618/208 489/616/208
f 344/617/209 343/619/209 490/618/209
f 343/619/209 491/620/209 490/618/209
f 343/619/210 346/621/210 491/620/210
f 346/621/210 492/622/210 491/620/210
f 346/623/211 345/624/211 492/625/211
f 345/624/211 493/626/211 492/625/211
f 345/624/212 348/627/212 493/626/212
f 348/627/212 494/628/212 493/626/212
f 348/627/213 347/629/213 494/628/213
f 347/629/213 495/630/213 494/628/213
f 347/629/214 350/631/214 495/630/214
f 350/631/214 496/632/214 495/630/214
f 350/631/215 349/633/215 496/632/215
f 349/633/215 497/634/215 496/632/215
f 349/633/216 352/635/216 497/634/216
f 352/635/216 498/636/216 497/634/216
f 352/635/217 351/637/217 498/636/217
f 351/637/217 499/638/217 498/636/217
f 351/637/218 354/639/218 499/638/218
f 354/639/218 500/640/218 499/638/218
f 354/639/219 353/641/219 500/640/219
f 353/641/219 501/642/219 500/640/219
f 353/641/220 356/643/220 501/642/220
f 356/643/220 502/644/220 501/642/220
f 356/643/221 355/645/221 502/644/221
f 355/645/221 503/646/221 502/644/221
f 355/645/222 358/647/222 503/646/222
f 358/647/222 504/648/222 503/646/222
f 358/647/223 357/649/223 504/648/223
f 357/649/223 505/650/223 504/648/223
f 357/649/224 360/651/224 505/650/224
f 360/651/224 506/652/224 505/650/224
f 360/651/225 359/653/225 506/652/225
f 359/653/225 507/654/225 506/652/225
f 359/653/226 362/655/226 507/654/226
f 362/655/226 508/656/226 507/654/226
f 362/655/227 361/657/227 508/656/227
f 361/657/227 509/658/227 508/656/227
f 361/657/228 364/659/228 509/658/228
f 364/659/228 510/660/228 509/658/228
f 364/659/229 363/661/229 510/660/229
f 363/661/229 511/662/229 510/660/229
f 363/661/230 366/663/230 511/662/230
f 366/663/230 512/664/230 511/662/230
f 366/663/231 365/665/231 512/664/231
f 365/665/231 513/666/231 512/664/231
f 365/665/232 368/667/232 513/666/232
f 368/667/232 514/668/232 513/666/232
f 368/667/233 367/669/233 514/668/233
f 367/669/233 515/670/233 514/668/233
f 367/669/234 370/671/234 515/670/234
f 370/671/234 516/672/234 515/670/234
f 370/671/235 369/673/235 516/672/235
f 369/673/235 517/674/235 516/672/235
f 369/673/236 372/675/236 517/674/236
f 372/675/236 518/676/236 517/674/236
f 372/675/237 371/677/237 518/676/237
f 371/677/237 519/678/237 518/676/237
f 371/677/238 374/679/238 519/678/238
f 374/679/238 520/680/238 519/678/238
f 374/679/239 373/681/239 520/680/239
f 373/681/239 521/682/239 520/680/239
f 373/681/240 376/683/240 521/682/240
f 376/683/240 522/684/240 521/682/240
f 376/621/241 375/619/241 522/622/241
f 375/619/241 523/620/241 522/622/241
f 375/619/242 378/617/242 523/620/242
f 378/617/242 524/618/242 523/620/242
f 378/617/243 377/615/243 524/618/243
f 377/615/243 525/616/243 524/618/243
f 377/615/244 380/613/244 525/616/244
f 380/613/244 526/614/244 525/616/244
f 380/613/245 379/611/245 526/614/245
f 379/611/245 527/612/245 526/614/245
f 379/611/246 382/609/246 527/612/246
f 382/609/246 528/610/246 527/612/246
f 382/609/247 381/607/247 528/610/247
f 381/607/247 529/608/247 528/610/247
f 381/607/248 384/605/248 529/608/248
f 384/605/248 530/606/248 529/608/248
f 384/605/249 383/603/249 530/606/249
f 383/603/249 531/604/249 530/606/249
f 383/603/250 386/601/250 531/604/250
f 386/601/250 532/602/250 531/604/250
f 386/601/251 385/599/251 532/602/251
f 385/599/251 533/600/251 532/602/251
f 385/599/252 388/597/252 533/600/252
f 388/597/252 534/598/252 533/600/252
f 388/597/253 387/595/253 534/598/253
f 387/595/253 535/596/253 534/598/253
f 387/595/254 390/593/254 535/596/254
f 390/593/254 536/594/254 535/596/254
f 390/593/255 389/591/255 536/594/255
f 389/591/255 537/592/255 536/594/255
f 389/591/256 392/589/256 537/592/256
f 392/589/256 538/590/256 537/592/256
f 392/589/257 391/587/257 538/590/257
f 391/587/257 539/588/257 538/590/257
f 391/587/258 394/585/258 539/588/258
f 394/585/258 540/586/258 539/588/258
f 394/585/259 393/583/259 540/586/259
f 393/583/259 541/584/259 540/586/259
f 393/583/260 396/581/260 541/584/260
f 396/581/260 542/582/260 541/584/260
f 396/581/261 395/579/261 542/582/261
f 395/579/261 543/580/261 542/582/261
f 395/579/262 421/577/262 543/580/262
f 421/577/262 568/578/262 543/580/262
f 421/577/263 427/575/263 568/578/263
f 427/575/263 574/576/263 568/578/263
f 427/575/264 430/573/264 574/576/264
f 430/573/264 577/574/264 574/576/264
f 430/573/265 433/571/265 577/574/265
f 433/571/265 580/572/265 577/574/265
f 433/571/266 436/569/266 580/572/266
f 436/569/266 583/570/266 580/572/266
f 436/569/267 439/567/267 583/570/267
f 439/567/267 586/568/267 583/570/267
f 439/567/268 437/565/268 586/568/268
f 437/565/268 584/566/268 586/568/268
f 437/565/269 434/563/269 584/566/269
f 434/563/269 581/564/269 584/566/269
f 434/563/270 431/561/270 581/564/270
f 431/561/270 578/562/270 581/564/270
f 431/561/271 428/559/271 578/562/271
f 428/559/271 575/560/271 578/562/271
f 428/559/272 425/557/272 575/560/272
f 425/557/272 572/558/272 575/560/272
f 425/557/273 399/555/273 572/558/273
f 399/555/273 544/556/273 572/558/273
f 399/555/274 398/553/274 544/556/274
f 398/553/274 545/554/274 544/556/274
f 398/553/275 397/551/275 545/554/275
f 397/551/275 546/552/275 545/554/275
f 397/551/276 401/549/276 546/552/276
f 401/549/276 547/550/276 546/552/276
f 401/549/277 400/547/277 547/550/277
f 400/547/277 548/548/277 547/550/277
f 400/547/278 403/545/278 548/548/278
f 403/545/278 549/546/278 548/548/278
f 403/545/279 402/543/279 549/546/279
f 402/543/279 550/544/279 549/546/279
f 402/543/280 405/541/280 550/544/280
f 405/541/280 551/542/280 550/544/280
f 405/541/281 404/539/281 551/542/281
f 404/539/281 552/540/281 551/542/281
f 404/539/282 407/537/282 552/540/282
f 407/537/282 553/538/282 552/540/282
f 407/537/283 406/535/283 553/538/283
f 406/535/283 554/536/283 553/538/283
f 406/535/284 409/533/284 554/536/284
f 409/533/284 555/534/284 554/536/284
f 409/533/285 408/531/285 555/534/285
f 408/531/285 556/532/285 555/534/285
f 408/531/286 411/528/286 556/532/286
f 411/528/286 557/530/286 556/532/286
f 411/528/287 410/527/287 557/530/287
f 410/527/287 558/529/287 557/530/287
f 410/685/288 413/686/288 558/687/288
f 413/686/288 559/688/288 558/687/288
f 413/686/289 412/689/289 559/688/289
f 412/689/289 560/690/289 559/688/289
f 412/689/290 415/691/290 560/690/290
f 415/691/290 561/692/290 560/690/290
f 415/691/291 414/693/291 561/692/291
f 414/693/291 562/694/291 561/692/291
f 414/693/292 417/695/292 562/694/292
f 417/695/292 563/696/292 562/694/292
f 417/695/293 416/697/293 563/696/293
f 416/697/293 564/698/293 563/696/293
f 416/697/294 419/699/294 564/698/294
f 419/699/294 565/700/294 564/698/294
f 419/699/295 418/701/295 565/700/295
f 418/701/295 566/702/295 565/700/295
f 418/701/296 297/703/296 566/702/296
f 297/703/296 442/704/296 566/702/296
f 297/703/297 296/705/297 442/704/297
f 296/705/297 443/706/297 442/704/297
f 296/705/298 295/501/298 443/706/298
f 295/501/298 444/503/298 443/706/298
o stem_core
usemtl housing_graphite
v 0.025761229917407036 0.015261230058968067 0.06826123106479645
v 0.026340000331401825 0.013679999858140945 0.06883999961614609
v 0.026340000331401825 0.01583999954164028 0.06667999993264676
v 0.027310898527503014 0.01416544895619154 0.06716544809937477
v 0.02660205215215683 0.016102051362395287 0.06452000024914742
v 0.027815887704491615 0.014417944476008415 0.06452000024914742
v 0.02660205215215683 0.016102051362395287 0.006479999750852582
v 0.027815887704491615 0.014417944476008415 0.006479999750852582
v 0.026340000331401825 0.01583999954164028 0.004320000067353245
v 0.027310898527503014 0.01416544895619154 0.0038345519006252257
v 0.025761229917407036 0.015261230058968067 0.002738768935203549
v 0.026340000331401825 0.013679999858140945 0.002160000383853909
v 0.02660205215215683 0.01152000017464161 0.0691020514369011
v 0.027815887704491615 0.01152000017464161 0.06741794455051422
v 0.02850000001490116 0.01152000017464161 0.06452000024914742
v 0.02850000001490116 0.01152000017464161 0.006479999750852582
v 0.027815887704491615 0.01152000017464161 0.0035820554494857756
v 0.02660205215215683 0.01152000017464161 0.0018979485630989043
v 0.02660205215215683 -0.01152000017464161 0.0691020514369011
v 0.027815887704491615 -0.01152000017464161 0.06741794455051422
v 0.02850000001490116 -0.01152000017464161 0.06452000024914742
v 0.02850000001490116 -0.01152000017464161 0.006479999750852582
v 0.027815887704491615 -0.01152000017464161 0.0035820554494857756
v 0.02660205215215683 -0.01152000017464161 0.0018979485630989043
v 0.026340000331401825 -0.013679999858140945 0.06883999961614609
v 0.027310898527503014 -0.01416544895619154 0.06716544809937477
v 0.027815887704491615 -0.014417944476008415 0.06452000024914742
v 0.027815887704491615 -0.014417944476008415 0.006479999750852582
v 0.027310898527503014 -0.01416544895619154 0.0038345519006252257
v 0.026340000331401825 -0.013679999858140945 0.002160000383853909
v 0.025761229917407036 -0.015261230058968067 0.06826123106479645
v 0.026340000331401825 -0.01583999954164028 0.06667999993264676
v 0.02660205215215683 -0.016102051362395287 0.06452000024914742
v 0.02660205215215683 -0.016102051362395287 0.006479999750852582
v 0.026340000331401825 -0.01583999954164028 0.004320000067353245
v 0.025761229917407036 -0.015261230058968067 0.002738768935203549
v -0.025761229917407036 0.015261230058968067 0.002738768935203549
v -0.026340000331401825 0.013679999858140945 0.002160000383853909
v -0.026340000331401825 0.01583999954164028 0.004320000067353245
v -0.027310898527503014 0.01416544895619154 0.0038345519006252257
v -0.02660205215215683 0.016102051362395287 0.006479999750852582
v -0.027815887704491615 0.014417944476008415 0.006479999750852582
v -0.02660205215215683 0.016102051362395287 0.06452000024914742
v -0.027815887704491615 0.014417944476008415 0.06452000024914742
v -0.026340000331401825 0.01583999954164028 0.06667999993264676
v -0.027310898527503014 0.01416544895619154 0.06716544809937477
v -0.025761229917407036 0.015261230058968067 0.06826123106479645
v -0.026340000331401825 0.013679999858140945 0.06883999961614609
v -0.02660205215215683 0.01152000017464161 0.0018979485630989043
v -0.027815887704491615 0.01152000017464161 0.0035820554494857756
v -0.02850000001490116 0.01152000017464161 0.006479999750852582
v -0.02850000001490116 0.01152000017464161 0.06452000024914742
v -0.027815887704491615 0.01152000017464161 0.06741794455051422
v -0.02660205215215683 0.01152000017464161 0.0691020514369011
v -0.02660205215215683 -0.01152000017464161 0.0018979485630989043
v -0.027815887704491615 -0.01152000017464161 0.0035820554494857756
v -0.02850000001490116 -0.01152000017464161 0.006479999750852582
v -0.02850000001490116 -0.01152000017464161 0.06452000024914742
v -0.027815887704491615 -0.01152000017464161 0.06741794455051422
v -0.02660205215215683 -0.01152000017464161 0.0691020514369011
v -0.026340000331401825 -0.013679999858140945 0.002160000383853909
v -0.027310898527503014 -0.01416544895619154 0.0038345519006252257
v -0.027815887704491615 -0.014417944476008415 0.006479999750852582
v -0.027815887704491615 -0.014417944476008415 0.06452000024914742
v -0.027310898527503014 -0.01416544895619154 0.06716544809937477
v -0.026340000331401825 -0.013679999858140945 0.06883999961614609
v -0.025761229917407036 -0.015261230058968067 0.002738768935203549
v -0.026340000331401825 -0.01583999954164028 0.004320000067353245
v -0.02660205215215683 -0.016102051362395287 0.006479999750852582
v -0.02660205215215683 -0.016102051362395287 0.06452000024914742
v -0.026340000331401825 -0.01583999954164028 0.06667999993264676
v -0.025761229917407036 -0.015261230058968067 0.06826123106479645
v -0.02418000064790249 0.01583999954164028 0.002160000383853909
v -0.02466544881463051 0.01681089773774147 0.0038345519006252257
v -0.022019999101758003 0.016102051362395287 0.0018979485630989043
v -0.022019999101758003 0.01731588877737522 0.0035820554494857756
v 0.022019999101758003 0.016102051362395287 0.0018979485630989043
v 0.022019999101758003 0.01731588877737522 0.0035820554494857756
v 0.02418000064790249 0.01583999954164028 0.002160000383853909
v 0.02466544881463051 0.01681089773774147 0.0038345519006252257
v -0.02491794340312481 0.01731588877737522 0.006479999750852582
v -0.022019999101758003 0.017999999225139618 0.006479999750852582
v 0.022019999101758003 0.017999999225139618 0.006479999750852582
v 0.02491794340312481 0.01731588877737522 0.006479999750852582
v -0.02491794340312481 0.01731588877737522 0.06452000024914742
v -0.022019999101758003 0.017999999225139618 0.06452000024914742
v 0.022019999101758003 0.017999999225139618 0.06452000024914742
v 0.02491794340312481 0.01731588877737522 0.06452000024914742
v -0.02466544881463051 0.01681089773774147 0.06716544809937477
v -0.022019999101758003 0.01731588877737522 0.06741794455051422
v 0.022019999101758003 0.01731588877737522 0.06741794455051422
v 0.02466544881463051 0.01681089773774147 0.06716544809937477
v -0.02418000064790249 0.01583999954164028 0.06883999961614609
v -0.022019999101758003 0.016102051362395287 0.0691020514369011
v 0.022019999101758003 0.016102051362395287 0.0691020514369011
v 0.02418000064790249 0.01583999954164028 0.06883999961614609
v -0.02418000064790249 -0.01583999954164028 0.06883999961614609
v -0.02466544881463051 -0.01681089773774147 0.06716544809937477
v -0.022019999101758003 -0.016102051362395287 0.0691020514369011
v -0.022019999101758003 -0.01731588877737522 0.06741794455051422
v 0.022019999101758003 -0.016102051362395287 0.0691020514369011
v 0.022019999101758003 -0.01731588877737522 0.06741794455051422
v 0.02418000064790249 -0.01583999954164028 0.06883999961614609
v 0.02466544881463051 -0.01681089773774147 0.06716544809937477
v -0.02491794340312481 -0.01731588877737522 0.06452000024914742
v -0.022019999101758003 -0.017999999225139618 0.06452000024914742
v 0.022019999101758003 -0.017999999225139618 0.06452000024914742
v 0.02491794340312481 -0.01731588877737522 0.06452000024914742
v -0.02491794340312481 -0.01731588877737522 0.006479999750852582
v -0.022019999101758003 -0.017999999225139618 0.006479999750852582
v 0.022019999101758003 -0.017999999225139618 0.006479999750852582
v 0.02491794340312481 -0.01731588877737522 0.006479999750852582
v -0.02466544881463051 -0.01681089773774147 0.0038345519006252257
v -0.022019999101758003 -0.01731588877737522 0.0035820554494857756
v 0.022019999101758003 -0.01731588877737522 0.0035820554494857756
v 0.02466544881463051 -0.01681089773774147 0.0038345519006252257
v -0.02418000064790249 -0.01583999954164028 0.002160000383853909
v -0.022019999101758003 -0.016102051362395287 0.0018979485630989043
v 0.022019999101758003 -0.016102051362395287 0.0018979485630989043
v 0.02418000064790249 -0.01583999954164028 0.002160000383853909
v -0.02466544881463051 0.01416544895619154 0.06981089594960213
v -0.022019999101758003 0.014417944476008415 0.07031588885188103
v 0.022019999101758003 0.014417944476008415 0.07031588885188103
v 0.02466544881463051 0.01416544895619154 0.06981089594960213
v -0.02491794340312481 0.01152000017464161 0.07031588885188103
v -0.022019999101758003 0.01152000017464161 0.07100000116229058
v 0.022019999101758003 0.01152000017464161 0.07100000116229058
v 0.02491794340312481 0.01152000017464161 0.07031588885188103
v -0.02491794340312481 -0.01152000017464161 0.07031588885188103
v -0.022019999101758003 -0.01152000017464161 0.07100000116229058
v 0.022019999101758003 -0.01152000017464161 0.07100000116229058
v 0.02491794340312481 -0.01152000017464161 0.07031588885188103
v -0.02466544881463051 -0.01416544895619154 0.06981089594960213
v -0.022019999101758003 -0.014417944476008415 0.07031588885188103
v 0.022019999101758003 -0.014417944476008415 0.07031588885188103
v 0.02466544881463051 -0.01416544895619154 0.06981089594960213
v 0.02466544881463051 0.01416544895619154 0.0011891040503978698
v 0.022019999101758003 0.014417944476008415 0.0006841111481189696
v -0.022019999101758003 0.014417944476008415 0.0006841111481189696
v -0.02466544881463051 0.01416544895619154 0.0011891040503978698
v 0.02491794340312481 0.01152000017464161 0.0006841111481189696
v 0.022019999101758003 0.01152000017464161 -1.1622905762842528e-9
v -0.022019999101758003 0.01152000017464161 -1.1622905762842528e-9
v -0.02491794340312481 0.01152000017464161 0.0006841111481189696
v 0.02491794340312481 -0.01152000017464161 0.0006841111481189696
v 0.022019999101758003 -0.01152000017464161 -1.1622905762842528e-9
v -0.022019999101758003 -0.01152000017464161 -1.1622905762842528e-9
v -0.02491794340312481 -0.01152000017464161 0.0006841111481189696
v 0.02466544881463051 -0.01416544895619154 0.0011891040503978698
v 0.022019999101758003 -0.014417944476008415 0.0006841111481189696
v -0.022019999101758003 -0.014417944476008415 0.0006841111481189696
v -0.02466544881463051 -0.01416544895619154 0.0011891040503978698
vt 0 1
vt 0 0.937235951423645
vt 0.030562611296772957 1
vt 0.030562611296772957 0.937235951423645
vt 0.07460381835699081 1
vt 0.07460381835699081 0.937235951423645
vt 0.925396203994751 1
vt 0.925396203994751 0.937235951423645
vt 0.9694373607635498 1
vt 0.9694373607635498 0.937235951423645
vt 1 1
vt 1 0.937235951423645
vt 0 0.8467919826507568
vt 0.030562611296772957 0.8467919826507568
vt 0.07460381835699081 0.8467919826507568
vt 0.925396203994751 0.8467919826507568
vt 0.9694373607635498 0.8467919826507568
vt 1 0.8467919826507568
vt 0 0.15320800244808197
vt 0.030562611296772957 0.15320800244808197
vt 0.07460381835699081 0.15320800244808197
vt 0.925396203994751 0.15320800244808197
vt 0.9694373607635498 0.15320800244808197
vt 1 0.15320800244808197
vt 0 0.06276403367519379
vt 0.030562611296772957 0.06276403367519379
vt 0.07460381835699081 0.06276403367519379
vt 0.925396203994751 0.06276403367519379
vt 0.9694373607635498 0.06276403367519379
vt 1 0.06276403367519379
vt 0 0
vt 0.030562611296772957 0
vt 0.07460381835699081 0
vt 0.925396203994751 0
vt 0.9694373607635498 0
vt 1 0
vt 0 0.9694373607635498
vt 0.03845427930355072 1
vt 0.03845427930355072 0.9694373607635498
vt 0.09386751055717468 1
vt 0.09386751055717468 0.9694373607635498
vt 0.9061324596405029 1
vt 0.9061324596405029 0.9694373607635498
vt 0.9615457057952881 1
vt 0.9615457057952881 0.9694373607635498
vt 1 0.9694373607635498
vt 0 0.925396203994751
vt 0.03845427930355072 0.925396203994751
vt 0.09386751055717468 0.925396203994751
vt 0.9061324596405029 0.925396203994751
vt 0.9615457057952881 0.925396203994751
vt 1 0.925396203994751
vt 0 0.07460381835699081
vt 0.03845427930355072 0.07460381835699081
vt 0.09386751055717468 0.07460381835699081
vt 0.9061324596405029 0.07460381835699081
vt 0.9615457057952881 0.07460381835699081
vt 1 0.07460381835699081
vt 0 0.030562611296772957
vt 0.03845427930355072 0.030562611296772957
vt 0.09386751055717468 0.030562611296772957
vt 0.9061324596405029 0.030562611296772957
vt 0.9615457057952881 0.030562611296772957
vt 1 0.030562611296772957
vt 0.03845427930355072 0
vt 0.09386751055717468 0
vt 0.9061324596405029 0
vt 0.9615457057952881 0
vt 0.03845427930355072 0.937235951423645
vt 0.09386751055717468 0.937235951423645
vt 0.9061324596405029 0.937235951423645
vt 0.9615457057952881 0.937235951423645
vt 0.03845427930355072 0.8467919826507568
vt 0.09386751055717468 0.8467919826507568
vt 0.9061324596405029 0.8467919826507568
vt 0.9615457057952881 0.8467919826507568
vt 0.03845427930355072 0.15320800244808197
vt 0.09386751055717468 0.15320800244808197
vt 0.9061324596405029 0.15320800244808197
vt 0.9615457057952881 0.15320800244808197
vt 0.03845427930355072 0.06276403367519379
vt 0.09386751055717468 0.06276403367519379
vt 0.9061324596405029 0.06276403367519379
vt 0.9615457057952881 0.06276403367519379
vn 0.5773502691896257 0.5773502691896257 0.5773502691896257
vn 0.6666666666666666 0.3333333333333333 0.6666666666666666
vn 0.6666666666666666 0.6666666666666666 0.3333333333333333
vn 0.8164965610595104 0.4082483103320779 0.4082483103320779
vn 0.7071067811865476 0.7071067811865476 2.634178031930877e-9
vn 0.8944271790789866 0.44721361934181564 3.332000892903606e-9
vn 0.7071067811865476 0.7071067811865476 -2.634178031930877e-9
vn 0.8944271790789866 0.44721361934181564 -3.332000892903606e-9
vn 0.6666666666666666 0.6666666666666666 -0.3333333333333333
vn 0.8164965610595104 0.4082483103320779 -0.4082483103320779
vn 0.5773502691896257 0.5773502691896257 -0.5773502691896257
vn 0.6666666666666666 0.3333333333333333 -0.6666666666666666
vn 0.7071067811865476 2.634178031930877e-9 0.7071067811865476
vn 0.8944271790789866 3.332000892903606e-9 0.44721361934181564
vn 1 3.725290298461914e-9 3.725290298461914e-9
vn 1 3.725290298461914e-9 -3.725290298461914e-9
vn 0.8944271790789866 3.332000892903606e-9 -0.44721361934181564
vn 0.7071067811865476 2.634178031930877e-9 -0.7071067811865476
vn 0.7071067811865476 -2.634178031930877e-9 0.7071067811865476
vn 0.8944271790789866 -3.332000892903606e-9 0.44721361934181564
vn 1 -3.725290298461914e-9 3.725290298461914e-9
vn 1 -3.725290298461914e-9 -3.725290298461914e-9
vn 0.8944271790789866 -3.332000892903606e-9 -0.44721361934181564
vn 0.7071067811865476 -2.634178031930877e-9 -0.7071067811865476
vn 0.6666666666666666 -0.3333333333333333 0.6666666666666666
vn 0.8164965610595104 -0.4082483103320779 0.4082483103320779
vn 0.8944271790789866 -0.44721361934181564 3.332000892903606e-9
vn 0.8944271790789866 -0.44721361934181564 -3.332000892903606e-9
vn 0.8164965610595104 -0.4082483103320779 -0.4082483103320779
vn 0.6666666666666666 -0.3333333333333333 -0.6666666666666666
vn 0.5773502691896257 -0.5773502691896257 0.5773502691896257
vn 0.6666666666666666 -0.6666666666666666 0.3333333333333333
vn 0.7071067811865476 -0.7071067811865476 2.634178031930877e-9
vn 0.7071067811865476 -0.7071067811865476 -2.634178031930877e-9
vn 0.6666666666666666 -0.6666666666666666 -0.3333333333333333
vn 0.5773502691896257 -0.5773502691896257 -0.5773502691896257
vn -0.5773502691896257 0.5773502691896257 -0.5773502691896257
vn -0.6666666666666666 0.3333333333333333 -0.6666666666666666
vn -0.6666666666666666 0.6666666666666666 -0.3333333333333333
vn -0.8164965610595104 0.4082483103320779 -0.4082483103320779
vn -0.7071067811865476 0.7071067811865476 -2.634178031930877e-9
vn -0.8944271790789866 0.44721361934181564 -3.332000892903606e-9
vn -0.7071067811865476 0.7071067811865476 2.634178031930877e-9
vn -0.8944271790789866 0.44721361934181564 3.332000892903606e-9
vn -0.6666666666666666 0.6666666666666666 0.3333333333333333
vn -0.8164965610595104 0.4082483103320779 0.4082483103320779
vn -0.5773502691896257 0.5773502691896257 0.5773502691896257
vn -0.6666666666666666 0.3333333333333333 0.6666666666666666
vn -0.7071067811865476 2.634178031930877e-9 -0.7071067811865476
vn -0.8944271790789866 3.332000892903606e-9 -0.44721361934181564
vn -1 3.725290298461914e-9 -3.725290298461914e-9
vn -1 3.725290298461914e-9 3.725290298461914e-9
vn -0.8944271790789866 3.332000892903606e-9 0.44721361934181564
vn -0.7071067811865476 2.634178031930877e-9 0.7071067811865476
vn -0.7071067811865476 -2.634178031930877e-9 -0.7071067811865476
vn -0.8944271790789866 -3.332000892903606e-9 -0.44721361934181564
vn -1 -3.725290298461914e-9 -3.725290298461914e-9
vn -1 -3.725290298461914e-9 3.725290298461914e-9
vn -0.8944271790789866 -3.332000892903606e-9 0.44721361934181564
vn -0.7071067811865476 -2.634178031930877e-9 0.7071067811865476
vn -0.6666666666666666 -0.3333333333333333 -0.6666666666666666
vn -0.8164965610595104 -0.4082483103320779 -0.4082483103320779
vn -0.8944271790789866 -0.44721361934181564 -3.332000892903606e-9
vn -0.8944271790789866 -0.44721361934181564 3.332000892903606e-9
vn -0.8164965610595104 -0.4082483103320779 0.4082483103320779
vn -0.6666666666666666 -0.3333333333333333 0.6666666666666666
vn -0.5773502691896257 -0.5773502691896257 -0.5773502691896257
vn -0.6666666666666666 -0.6666666666666666 -0.3333333333333333
vn -0.7071067811865476 -0.7071067811865476 -2.634178031930877e-9
vn -0.7071067811865476 -0.7071067811865476 2.634178031930877e-9
vn -0.6666666666666666 -0.6666666666666666 0.3333333333333333
vn -0.5773502691896257 -0.5773502691896257 0.5773502691896257
vn -0.3333333333333333 0.6666666666666666 -0.6666666666666666
vn -0.4082483103320779 0.8164965610595104 -0.4082483103320779
vn -2.634178031930877e-9 0.7071067811865476 -0.7071067811865476
vn -3.332000892903606e-9 0.8944271790789866 -0.44721361934181564
vn 2.634178031930877e-9 0.7071067811865476 -0.7071067811865476
vn 3.332000892903606e-9 0.8944271790789866 -0.44721361934181564
vn 0.3333333333333333 0.6666666666666666 -0.6666666666666666
vn 0.4082483103320779 0.8164965610595104 -0.4082483103320779
vn -0.44721361934181564 0.8944271790789866 -3.332000892903606e-9
vn -3.725290298461914e-9 1 -3.725290298461914e-9
vn 3.725290298461914e-9 1 -3.725290298461914e-9
vn 0.44721361934181564 0.8944271790789866 -3.332000892903606e-9
vn -0.44721361934181564 0.8944271790789866 3.332000892903606e-9
vn -3.725290298461914e-9 1 3.725290298461914e-9
vn 3.725290298461914e-9 1 3.725290298461914e-9
vn 0.44721361934181564 0.8944271790789866 3.332000892903606e-9
vn -0.4082483103320779 0.8164965610595104 0.4082483103320779
vn -3.332000892903606e-9 0.8944271790789866 0.44721361934181564
vn 3.332000892903606e-9 0.8944271790789866 0.44721361934181564
vn 0.4082483103320779 0.8164965610595104 0.4082483103320779
vn -0.3333333333333333 0.6666666666666666 0.6666666666666666
vn -2.634178031930877e-9 0.7071067811865476 0.7071067811865476
vn 2.634178031930877e-9 0.7071067811865476 0.7071067811865476
vn 0.3333333333333333 0.6666666666666666 0.6666666666666666
vn -0.3333333333333333 -0.6666666666666666 0.6666666666666666
vn -0.4082483103320779 -0.8164965610595104 0.4082483103320779
vn -2.634178031930877e-9 -0.7071067811865476 0.7071067811865476
vn -3.332000892903606e-9 -0.8944271790789866 0.44721361934181564
vn 2.634178031930877e-9 -0.7071067811865476 0.7071067811865476
vn 3.332000892903606e-9 -0.8944271790789866 0.44721361934181564
vn 0.3333333333333333 -0.6666666666666666 0.6666666666666666
vn 0.4082483103320779 -0.8164965610595104 0.4082483103320779
vn -0.44721361934181564 -0.8944271790789866 3.332000892903606e-9
vn -3.725290298461914e-9 -1 3.725290298461914e-9
vn 3.725290298461914e-9 -1 3.725290298461914e-9
vn 0.44721361934181564 -0.8944271790789866 3.332000892903606e-9
vn -0.44721361934181564 -0.8944271790789866 -3.332000892903606e-9
vn -3.725290298461914e-9 -1 -3.725290298461914e-9
vn 3.725290298461914e-9 -1 -3.725290298461914e-9
vn 0.44721361934181564 -0.8944271790789866 -3.332000892903606e-9
vn -0.4082483103320779 -0.8164965610595104 -0.4082483103320779
vn -3.332000892903606e-9 -0.8944271790789866 -0.44721361934181564
vn 3.332000892903606e-9 -0.8944271790789866 -0.44721361934181564
vn 0.4082483103320779 -0.8164965610595104 -0.4082483103320779
vn -0.3333333333333333 -0.6666666666666666 -0.6666666666666666
vn -2.634178031930877e-9 -0.7071067811865476 -0.7071067811865476
vn 2.634178031930877e-9 -0.7071067811865476 -0.7071067811865476
vn 0.3333333333333333 -0.6666666666666666 -0.6666666666666666
vn -0.4082483103320779 0.4082483103320779 0.8164965610595104
vn -3.332000892903606e-9 0.44721361934181564 0.8944271790789866
vn 3.332000892903606e-9 0.44721361934181564 0.8944271790789866
vn 0.4082483103320779 0.4082483103320779 0.8164965610595104
vn -0.44721361934181564 3.332000892903606e-9 0.8944271790789866
vn -3.725290298461914e-9 3.725290298461914e-9 1
vn 3.725290298461914e-9 3.725290298461914e-9 1
vn 0.44721361934181564 3.332000892903606e-9 0.8944271790789866
vn -0.44721361934181564 -3.332000892903606e-9 0.8944271790789866
vn -3.725290298461914e-9 -3.725290298461914e-9 1
vn 3.725290298461914e-9 -3.725290298461914e-9 1
vn 0.44721361934181564 -3.332000892903606e-9 0.8944271790789866
vn -0.4082483103320779 -0.4082483103320779 0.8164965610595104
vn -3.332000892903606e-9 -0.44721361934181564 0.8944271790789866
vn 3.332000892903606e-9 -0.44721361934181564 0.8944271790789866
vn 0.4082483103320779 -0.4082483103320779 0.8164965610595104
vn 0.4082483103320779 0.4082483103320779 -0.8164965610595104
vn 3.332000892903606e-9 0.44721361934181564 -0.8944271790789866
vn -3.332000892903606e-9 0.44721361934181564 -0.8944271790789866
vn -0.4082483103320779 0.4082483103320779 -0.8164965610595104
vn 0.44721361934181564 3.332000892903606e-9 -0.8944271790789866
vn 3.725290298461914e-9 3.725290298461914e-9 -1
vn -3.725290298461914e-9 3.725290298461914e-9 -1
vn -0.44721361934181564 3.332000892903606e-9 -0.8944271790789866
vn 0.44721361934181564 -3.332000892903606e-9 -0.8944271790789866
vn 3.725290298461914e-9 -3.725290298461914e-9 -1
vn -3.725290298461914e-9 -3.725290298461914e-9 -1
vn -0.44721361934181564 -3.332000892903606e-9 -0.8944271790789866
vn 0.4082483103320779 -0.4082483103320779 -0.8164965610595104
vn 3.332000892903606e-9 -0.44721361934181564 -0.8944271790789866
vn -3.332000892903606e-9 -0.44721361934181564 -0.8944271790789866
vn -0.4082483103320779 -0.4082483103320779 -0.8164965610595104
f 589/707/299 590/708/300 591/709/301
f 590/708/300 592/710/302 591/709/301
f 591/709/301 592/710/302 593/711/303
f 592/710/302 594/712/304 593/711/303
f 593/711/303 594/712/304 595/713/305
f 594/712/304 596/714/306 595/713/305
f 595/713/305 596/714/306 597/715/307
f 596/714/306 598/716/308 597/715/307
f 597/715/307 598/716/308 599/717/309
f 598/716/308 600/718/310 599/717/309
f 590/708/300 601/719/311 592/710/302
f 601/719/311 602/720/312 592/710/302
f 592/710/302 602/720/312 594/712/304
f 602/720/312 603/721/313 594/712/304
f 594/712/304 603/721/313 596/714/306
f 603/721/313 604/722/314 596/714/306
f 596/714/306 604/722/314 598/716/308
f 604/722/314 605/723/315 598/716/308
f 598/716/308 605/723/315 600/718/310
f 605/723/315 606/724/316 600/718/310
f 601/719/311 607/725/317 602/720/312
f 607/725/317 608/726/318 602/720/312
f 602/720/312 608/726/318 603/721/313
f 608/726/318 609/727/319 603/721/313
f 603/721/313 609/727/319 604/722/314
f 609/727/319 610/728/320 604/722/314
f 604/722/314 610/728/320 605/723/315
f 610/728/320 611/729/321 605/723/315
f 605/723/315 611/729/321 606/724/316
f 611/729/321 612/730/322 606/724/316
f 607/725/317 613/731/323 608/726/318
f 613/731/323 614/732/324 608/726/318
f 608/726/318 614/732/324 609/727/319
f 614/732/324 615/733/325 609/727/319
f 609/727/319 615/733/325 610/728/320
f 615/733/325 616/734/326 610/728/320
f 610/728/320 616/734/326 611/729/321
f 616/734/326 617/735/327 611/729/321
f 611/729/321 617/735/327 612/730/322
f 617/735/327 618/736/328 612/730/322
f 613/731/323 619/737/329 614/732/324
f 619/737/329 620/738/330 614/732/324
f 614/732/324 620/738/330 615/733/325
f 620/738/330 621/739/331 615/733/325
f 615/733/325 621/739/331 616/734/326
f 621/739/331 622/740/332 616/734/326
f 616/734/326 622/740/332 617/735/327
f 622/740/332 623/741/333 617/735/327
f 617/735/327 623/741/333 618/736/328
f 623/741/333 624/742/334 618/736/328
f 625/707/335 626/708/336 627/709/337
f 626/708/336 628/710/338 627/709/337
f 627/709/337 628/710/338 629/711/339
f 628/710/338 630/712/340 629/711/339
f 629/711/339 630/712/340 631/713/341
f 630/712/340 632/714/342 631/713/341
f 631/713/341 632/714/342 633/715/343
f 632/714/342 634/716/344 633/715/343
f 633/715/343 634/716/344 635/717/345
f 634/716/344 636/718/346 635/717/345
f 626/708/336 637/719/347 628/710/338
f 637/719/347 638/720/348 628/710/338
f 628/710/338 638/720/348 630/712/340
f 638/720/348 639/721/349 630/712/340
f 630/712/340 639/721/349 632/714/342
f 639/721/349 640/722/350 632/714/342
f 632/714/342 640/722/350 634/716/344
f 640/722/350 641/723/351 634/716/344
f 634/716/344 641/723/351 636/718/346
f 641/723/351 642/724/352 636/718/346
f 637/719/347 643/725/353 638/720/348
f 643/725/353 644/726/354 638/720/348
f 638/720/348 644/726/354 639/721/349
f 644/726/354 645/727/355 639/721/349
f 639/721/349 645/727/355 640/722/350
f 645/727/355 646/728/356 640/722/350
f 640/722/350 646/728/356 641/723/351
f 646/728/356 647/729/357 641/723/351
f 641/723/351 647/729/357 642/724/352
f 647/729/357 648/730/358 642/724/352
f 643/725/353 649/731/359 644/726/354
f 649/731/359 650/732/360 644/726/354
f 644/726/354 650/732/360 645/727/355
f 650/732/360 651/733/361 645/727/355
f 645/727/355 651/733/361 646/728/356
f 651/733/361 652/734/362 646/728/356
f 646/728/356 652/734/362 647/729/357
f 652/734/362 653/735/363 647/729/357
f 647/729/357 653/735/363 648/730/358
f 653/735/363 654/736/364 648/730/358
f 649/731/359 655/737/365 650/732/360
f 655/737/365 656/738/366 650/732/360
f 650/732/360 656/738/366 651/733/361
f 656/738/366 657/739/367 651/733/361
f 651/733/361 657/739/367 652/734/362
f 657/739/367 658/740/368 652/734/362
f 652/734/362 658/740/368 653/735/363
f 658/740/368 659/741/369 653/735/363
f 653/735/363 659/741/369 654/736/364
f 659/741/369 660/742/370 654/736/364
f 625/707/335 627/743/337 661/744/371
f 627/743/337 662/745/372 661/744/371
f 661/744/371 662/745/372 663/746/373
f 662/745/372 664/747/374 663/746/373
f 663/746/373 664/747/374 665/748/375
f 664/747/374 666/749/376 665/748/375
f 665/748/375 666/749/376 667/750/377
f 666/749/376 668/751/378 667/750/377
f 667/750/377 668/751/378 599/717/309
f 668/751/378 597/752/307 599/717/309
f 627/743/337 629/753/339 662/745/372
f 629/753/339 669/754/379 662/745/372
f 662/745/372 669/754/379 664/747/374
f 669/754/379 670/755/380 664/747/374
f 664/747/374 670/755/380 666/749/376
f 670/755/380 671/756/381 666/749/376
f 666/749/376 671/756/381 668/751/378
f 671/756/381 672/757/382 668/751/378
f 668/751/378 672/757/382 597/752/307
f 672/757/382 595/758/305 597/752/307
f 629/753/339 631/759/341 669/754/379
f 631/759/341 673/760/383 669/754/379
f 669/754/379 673/760/383 670/755/380
f 673/760/383 674/761/384 670/755/380
f 670/755/380 674/761/384 671/756/381
f 674/761/384 675/762/385 671/756/381
f 671/756/381 675/762/385 672/757/382
f 675/762/385 676/763/386 672/757/382
f 672/757/382 676/763/386 595/758/305
f 676/763/386 593/764/303 595/758/305
f 631/759/341 633/765/343 673/760/383
f 633/765/343 677/766/387 673/760/383
f 673/760/383 677/766/387 674/761/384
f 677/766/387 678/767/388 674/761/384
f 674/761/384 678/767/388 675/762/385
f 678/767/388 679/768/389 675/762/385
f 675/762/385 679/768/389 676/763/386
f 679/768/389 680/769/390 676/763/386
f 676/763/386 680/769/390 593/764/303
f 680/769/390 591/770/301 593/764/303
f 633/765/343 635/737/345 677/766/387
f 635/737/345 681/771/391 677/766/387
f 677/766/387 681/771/391 678/767/388
f 681/771/391 682/772/392 678/767/388
f 678/767/388 682/772/392 679/768/389
f 682/772/392 683/773/393 679/768/389
f 679/768/389 683/773/393 680/769/390
f 683/773/393 684/774/394 680/769/390
f 680/769/390 684/774/394 591/770/301
f 684/774/394 589/742/299 591/770/301
f 660/707/370 659/743/369 685/744/395
f 659/743/369 686/745/396 685/744/395
f 685/744/395 686/745/396 687/746/397
f 686/745/396 688/747/398 687/746/397
f 687/746/397 688/747/398 689/748/399
f 688/747/398 690/749/400 689/748/399
f 689/748/399 690/749/400 691/750/401
f 690/749/400 692/751/402 691/750/401
f 691/750/401 692/751/402 619/717/329
f 692/751/402 620/752/330 619/717/329
f 659/743/369 658/753/368 686/745/396
f 658/753/368 693/754/403 686/745/396
f 686/745/396 693/754/403 688/747/398
f 693/754/403 694/755/404 688/747/398
f 688/747/398 694/755/404 690/749/400
f 694/755/404 695/756/405 690/749/400
f 690/749/400 695/756/405 692/751/402
f 695/756/405 696/757/406 692/751/402
f 692/751/402 696/757/406 620/752/330
f 696/757/406 621/758/331 620/752/330
f 658/753/368 657/759/367 693/754/403
f 657/759/367 697/760/407 693/754/403
f 693/754/403 697/760/407 694/755/404
f 697/760/407 698/761/408 694/755/404
f 694/755/404 698/761/408 695/756/405
f 698/761/408 699/762/409 695/756/405
f 695/756/405 699/762/409 696/757/406
f 699/762/409 700/763/410 696/757/406
f 696/757/406 700/763/410 621/758/331
f 700/763/410 622/764/332 621/758/331
f 657/759/367 656/765/366 697/760/407
f 656/765/366 701/766/411 697/760/407
f 697/760/407 701/766/411 698/761/408
f 701/766/411 702/767/412 698/761/408
f 698/761/408 702/767/412 699/762/409
f 702/767/412 703/768/413 699/762/409
f 699/762/409 703/768/413 700/763/410
f 703/768/413 704/769/414 700/763/410
f 700/763/410 704/769/414 622/764/332
f 704/769/414 623/770/333 622/764/332
f 656/765/366 655/737/365 701/766/411
f 655/737/365 705/771/415 701/766/411
f 701/766/411 705/771/415 702/767/412
f 705/771/415 706/772/416 702/767/412
f 702/767/412 706/772/416 703/768/413
f 706/772/416 707/773/417 703/768/413
f 703/768/413 707/773/417 704/769/414
f 707/773/417 708/774/418 704/769/414
f 704/769/414 708/774/418 623/770/333
f 708/774/418 624/742/334 623/770/333
f 635/707/345 636/708/346 681/744/391
f 636/708/346 709/775/419 681/744/391
f 681/744/391 709/775/419 682/746/392
f 709/775/419 710/776/420 682/746/392
f 682/746/392 710/776/420 683/748/393
f 710/776/420 711/777/421 683/748/393
f 683/748/393 711/777/421 684/750/394
f 711/777/421 712/778/422 684/750/394
f 684/750/394 712/778/422 589/717/299
f 712/778/422 590/718/300 589/717/299
f 636/708/346 642/719/352 709/775/419
f 642/719/352 713/779/423 709/775/419
f 709/775/419 713/779/423 710/776/420
f 713/779/423 714/780/424 710/776/420
f 710/776/420 714/780/424 711/777/421
f 714/780/424 715/781/425 711/777/421
f 711/777/421 715/781/425 712/778/422
f 715/781/425 716/782/426 712/778/422
f 712/778/422 716/782/426 590/718/300
f 716/782/426 601/724/311 590/718/300
f 642/719/352 648/725/358 713/779/423
f 648/725/358 717/783/427 713/779/423
f 713/779/423 717/783/427 714/780/424
f 717/783/427 718/784/428 714/780/424
f 714/780/424 718/784/428 715/781/425
f 718/784/428 719/785/429 715/781/425
f 715/781/425 719/785/429 716/782/426
f 719/785/429 720/786/430 716/782/426
f 716/782/426 720/786/430 601/724/311
f 720/786/430 607/730/317 601/724/311
f 648/725/358 654/731/364 717/783/427
f 654/731/364 721/787/431 717/783/427
f 717/783/427 721/787/431 718/784/428
f 721/787/431 722/788/432 718/784/428
f 718/784/428 722/788/432 719/785/429
f 722/788/432 723/789/433 719/785/429
f 719/785/429 723/789/433 720/786/430
f 723/789/433 724/790/434 720/786/430
f 720/786/430 724/790/434 607/730/317
f 724/790/434 613/736/323 607/730/317
f 654/731/364 660/737/370 721/787/431
f 660/737/370 685/771/395 721/787/431
f 721/787/431 685/771/395 722/788/432
f 685/771/395 687/772/397 722/788/432
f 722/788/432 687/772/397 723/789/433
f 687/772/397 689/773/399 723/789/433
f 723/789/433 689/773/399 724/790/434
f 689/773/399 691/774/401 724/790/434
f 724/790/434 691/774/401 613/736/323
f 691/774/401 619/742/329 613/736/323
f 599/707/309 600/708/310 667/744/377
f 600/708/310 725/775/435 667/744/377
f 667/744/377 725/775/435 665/746/375
f 725/775/435 726/776/436 665/746/375
f 665/746/375 726/776/436 663/748/373
f 726/776/436 727/777/437 663/748/373
f 663/748/373 727/777/437 661/750/371
f 727/777/437 728/778/438 661/750/371
f 661/750/371 728/778/438 625/717/335
f 728/778/438 626/718/336 625/717/335
f 600/708/310 606/719/316 725/775/435
f 606/719/316 729/779/439 725/775/435
f 725/775/435 729/779/439 726/776/436
f 729/779/439 730/780/440 726/776/436
f 726/776/436 730/780/440 727/777/437
f 730/780/440 731/781/441 727/777/437
f 727/777/437 731/781/441 728/778/438
f 731/781/441 732/782/442 728/778/438
f 728/778/438 732/782/442 626/718/336
f 732/782/442 637/724/347 626/718/336
f 606/719/316 612/725/322 729/779/439
f 612/725/322 733/783/443 729/779/439
f 729/779/439 733/783/443 730/780/440
f 733/783/443 734/784/444 730/780/440
f 730/780/440 734/784/444 731/781/441
f 734/784/444 735/785/445 731/781/441
f 731/781/441 735/785/445 732/782/442
f 735/785/445 736/786/446 732/782/442
f 732/782/442 736/786/446 637/724/347
f 736/786/446 643/730/353 637/724/347
f 612/725/322 618/731/328 733/783/443
f 618/731/328 737/787/447 733/783/443
f 733/783/443 737/787/447 734/784/444
f 737/787/447 738/788/448 734/784/444
f 734/784/444 738/788/448 735/785/445
f 738/788/448 739/789/449 735/785/445
f 735/785/445 739/789/449 736/786/446
f 739/789/449 740/790/450 736/786/446
f 736/786/446 740/790/450 643/730/353
f 740/790/450 649/736/359 643/730/353
f 618/731/328 624/737/334 737/787/447
f 624/737/334 708/771/418 737/787/447
f 737/787/447 708/771/418 738/788/448
f 708/771/418 707/772/417 738/788/448
f 738/788/448 707/772/417 739/789/449
f 707/772/417 706/773/416 739/789/449
f 739/789/449 706/773/416 740/790/450
f 706/773/416 705/774/415 740/790/450
f 740/790/450 705/774/415 649/736/359
f 705/774/415 655/742/365 649/736/359
o head_drive_core
usemtl housing_graphite
v 0.014326306991279125 0.015326307155191898 0.09432630710303784
v 0.014680000022053719 0.014360000379383564 0.09468000013381243
v 0.014680000022053719 0.01568000018596649 0.0933600003272295
v 0.015273326076567173 0.014656662940979004 0.09365666288882495
v 0.014840142801404 0.015840142965316772 0.09204000005498529
v 0.015581931918859482 0.014810966327786446 0.09204000005498529
v 0.014840142801404 0.015840142965316772 0.07795999994501472
v 0.015581931918859482 0.014810966327786446 0.07795999994501472
v 0.014680000022053719 0.01568000018596649 0.0766399996727705
v 0.015273326076567173 0.014656662940979004 0.07634333711117507
v 0.014326306991279125 0.015326307155191898 0.07567369289696217
v 0.014680000022053719 0.014360000379383564 0.07531999986618758
v 0.014840142801404 0.013039999641478062 0.09484014291316271
v 0.015581931918859482 0.013039999641478062 0.09381096627563239
v 0.01600000075995922 0.013039999641478062 0.09204000005498529
v 0.01600000075995922 0.013039999641478062 0.07795999994501472
v 0.015581931918859482 0.013039999641478062 0.07618903372436762
v 0.014840142801404 0.013039999641478062 0.0751598570868373
v 0.014840142801404 -0.013039999641478062 0.09484014291316271
v 0.015581931918859482 -0.013039999641478062 0.09381096627563239
v 0.01600000075995922 -0.013039999641478062 0.09204000005498529
v 0.01600000075995922 -0.013039999641478062 0.07795999994501472
v 0.015581931918859482 -0.013039999641478062 0.07618903372436762
v 0.014840142801404 -0.013039999641478062 0.0751598570868373
v 0.014680000022053719 -0.014360000379383564 0.09468000013381243
v 0.015273326076567173 -0.014656662940979004 0.09365666288882495
v 0.015581931918859482 -0.014810966327786446 0.09204000005498529
v 0.015581931918859482 -0.014810966327786446 0.07795999994501472
v 0.015273326076567173 -0.014656662940979004 0.07634333711117507
v 0.014680000022053719 -0.014360000379383564 0.07531999986618758
v 0.014326306991279125 -0.015326307155191898 0.09432630710303784
v 0.014680000022053719 -0.01568000018596649 0.0933600003272295
v 0.014840142801404 -0.015840142965316772 0.09204000005498529
v 0.014840142801404 -0.015840142965316772 0.07795999994501472
v 0.014680000022053719 -0.01568000018596649 0.0766399996727705
v 0.014326306991279125 -0.015326307155191898 0.07567369289696217
v -0.014326306991279125 0.015326307155191898 0.07567369289696217
v -0.014680000022053719 0.014360000379383564 0.07531999986618758
v -0.014680000022053719 0.01568000018596649 0.0766399996727705
v -0.015273326076567173 0.014656662940979004 0.07634333711117507
v -0.014840142801404 0.015840142965316772 0.07795999994501472
v -0.015581931918859482 0.014810966327786446 0.07795999994501472
v -0.014840142801404 0.015840142965316772 0.09204000005498529
v -0.015581931918859482 0.014810966327786446 0.09204000005498529
v -0.014680000022053719 0.01568000018596649 0.0933600003272295
v -0.015273326076567173 0.014656662940979004 0.09365666288882495
v -0.014326306991279125 0.015326307155191898 0.09432630710303784
v -0.014680000022053719 0.014360000379383564 0.09468000013381243
v -0.014840142801404 0.013039999641478062 0.0751598570868373
v -0.015581931918859482 0.013039999641478062 0.07618903372436762
v -0.01600000075995922 0.013039999641478062 0.07795999994501472
v -0.01600000075995922 0.013039999641478062 0.09204000005498529
v -0.015581931918859482 0.013039999641478062 0.09381096627563239
v -0.014840142801404 0.013039999641478062 0.09484014291316271
v -0.014840142801404 -0.013039999641478062 0.0751598570868373
v -0.015581931918859482 -0.013039999641478062 0.07618903372436762
v -0.01600000075995922 -0.013039999641478062 0.07795999994501472
v -0.01600000075995922 -0.013039999641478062 0.09204000005498529
v -0.015581931918859482 -0.013039999641478062 0.09381096627563239
v -0.014840142801404 -0.013039999641478062 0.09484014291316271
v -0.014680000022053719 -0.014360000379383564 0.07531999986618758
v -0.015273326076567173 -0.014656662940979004 0.07634333711117507
v -0.015581931918859482 -0.014810966327786446 0.07795999994501472
v -0.015581931918859482 -0.014810966327786446 0.09204000005498529
v -0.015273326076567173 -0.014656662940979004 0.09365666288882495
v -0.014680000022053719 -0.014360000379383564 0.09468000013381243
v -0.014326306991279125 -0.015326307155191898 0.07567369289696217
v -0.014680000022053719 -0.01568000018596649 0.0766399996727705
v -0.014840142801404 -0.015840142965316772 0.07795999994501472
v -0.014840142801404 -0.015840142965316772 0.09204000005498529
v -0.014680000022053719 -0.01568000018596649 0.0933600003272295
v -0.014326306991279125 -0.015326307155191898 0.09432630710303784
v -0.01336000021547079 0.01568000018596649 0.07531999986618758
v -0.013656663708388805 0.01627332717180252 0.07634333711117507
v -0.012040000408887863 0.015840142965316772 0.0751598570868373
v -0.012040000408887863 0.016581932082772255 0.07618903372436762
v 0.012040000408887863 0.015840142965316772 0.0751598570868373
v 0.012040000408887863 0.016581932082772255 0.07618903372436762
v 0.01336000021547079 0.01568000018596649 0.07531999986618758
v 0.013656663708388805 0.01627332717180252 0.07634333711117507
v -0.013810966163873672 0.016581932082772255 0.07795999994501472
v -0.012040000408887863 0.017000000923871994 0.07795999994501472
v 0.012040000408887863 0.017000000923871994 0.07795999994501472
v 0.013810966163873672 0.016581932082772255 0.07795999994501472
v -0.013810966163873672 0.016581932082772255 0.09204000005498529
v -0.012040000408887863 0.017000000923871994 0.09204000005498529
v 0.012040000408887863 0.017000000923871994 0.09204000005498529
v 0.013810966163873672 0.016581932082772255 0.09204000005498529
v -0.013656663708388805 0.01627332717180252 0.09365666288882495
v -0.012040000408887863 0.016581932082772255 0.09381096627563239
v 0.012040000408887863 0.016581932082772255 0.09381096627563239
v 0.013656663708388805 0.01627332717180252 0.09365666288882495
v -0.01336000021547079 0.01568000018596649 0.09468000013381243
v -0.012040000408887863 0.015840142965316772 0.09484014291316271
v 0.012040000408887863 0.015840142965316772 0.09484014291316271
v 0.01336000021547079 0.01568000018596649 0.09468000013381243
v -0.01336000021547079 -0.01568000018596649 0.09468000013381243
v -0.013656663708388805 -0.01627332717180252 0.09365666288882495
v -0.012040000408887863 -0.015840142965316772 0.09484014291316271
v -0.012040000408887863 -0.016581932082772255 0.09381096627563239
v 0.012040000408887863 -0.015840142965316772 0.09484014291316271
v 0.012040000408887863 -0.016581932082772255 0.09381096627563239
v 0.01336000021547079 -0.01568000018596649 0.09468000013381243
v 0.013656663708388805 -0.01627332717180252 0.09365666288882495
v -0.013810966163873672 -0.016581932082772255 0.09204000005498529
v -0.012040000408887863 -0.017000000923871994 0.09204000005498529
v 0.012040000408887863 -0.017000000923871994 0.09204000005498529
v 0.013810966163873672 -0.016581932082772255 0.09204000005498529
v -0.013810966163873672 -0.016581932082772255 0.07795999994501472
v -0.012040000408887863 -0.017000000923871994 0.07795999994501472
v 0.012040000408887863 -0.017000000923871994 0.07795999994501472
v 0.013810966163873672 -0.016581932082772255 0.07795999994501472
v -0.013656663708388805 -0.01627332717180252 0.07634333711117507
v -0.012040000408887863 -0.016581932082772255 0.07618903372436762
v 0.012040000408887863 -0.016581932082772255 0.07618903372436762
v 0.013656663708388805 -0.01627332717180252 0.07634333711117507
v -0.01336000021547079 -0.01568000018596649 0.07531999986618758
v -0.012040000408887863 -0.015840142965316772 0.0751598570868373
v 0.012040000408887863 -0.015840142965316772 0.0751598570868373
v 0.01336000021547079 -0.01568000018596649 0.07531999986618758
v -0.013656663708388805 0.014656662940979004 0.09527332618832589
v -0.012040000408887863 0.014810966327786446 0.0955819320306182
v 0.012040000408887863 0.014810966327786446 0.0955819320306182
v 0.013656663708388805 0.014656662940979004 0.09527332618832589
v -0.013810966163873672 0.013039999641478062 0.0955819320306182
v -0.012040000408887863 0.013039999641478062 0.09599999994039536
v 0.012040000408887863 0.013039999641478062 0.09599999994039536
v 0.013810966163873672 0.013039999641478062 0.0955819320306182
v -0.013810966163873672 -0.013039999641478062 0.0955819320306182
v -0.012040000408887863 -0.013039999641478062 0.09599999994039536
v 0.012040000408887863 -0.013039999641478062 0.09599999994039536
v 0.013810966163873672 -0.013039999641478062 0.0955819320306182
v -0.013656663708388805 -0.014656662940979004 0.09527332618832589
v -0.012040000408887863 -0.014810966327786446 0.0955819320306182
v 0.012040000408887863 -0.014810966327786446 0.0955819320306182
v 0.013656663708388805 -0.014656662940979004 0.09527332618832589
v 0.013656663708388805 0.014656662940979004 0.07472667381167412
v 0.012040000408887863 0.014810966327786446 0.07441806796938182
v -0.012040000408887863 0.014810966327786446 0.07441806796938182
v -0.013656663708388805 0.014656662940979004 0.07472667381167412
v 0.013810966163873672 0.013039999641478062 0.07441806796938182
v 0.012040000408887863 0.013039999641478062 0.07400000005960465
v -0.012040000408887863 0.013039999641478062 0.07400000005960465
v -0.013810966163873672 0.013039999641478062 0.07441806796938182
v 0.013810966163873672 -0.013039999641478062 0.07441806796938182
v 0.012040000408887863 -0.013039999641478062 0.07400000005960465
v -0.012040000408887863 -0.013039999641478062 0.07400000005960465
v -0.013810966163873672 -0.013039999641478062 0.07441806796938182
v 0.013656663708388805 -0.014656662940979004 0.07472667381167412
v 0.012040000408887863 -0.014810966327786446 0.07441806796938182
v -0.012040000408887863 -0.014810966327786446 0.07441806796938182
v -0.013656663708388805 -0.014656662940979004 0.07472667381167412
vt 0 1
vt 0 0.9605536460876465
vt 0.06276403367519379 1
vt 0.06276403367519379 0.9605536460876465
vt 0.15320800244808197 1
vt 0.15320800244808197 0.9605536460876465
vt 0.8467919826507568 1
vt 0.8467919826507568 0.9605536460876465
vt 0.937235951423645 1
vt 0.937235951423645 0.9605536460876465
vt 1 1
vt 1 0.9605536460876465
vt 0 0.9037107229232788
vt 0.06276403367519379 0.9037107229232788
vt 0.15320800244808197 0.9037107229232788
vt 0.8467919826507568 0.9037107229232788
vt 0.937235951423645 0.9037107229232788
vt 1 0.9037107229232788
vt 0 0.0962892472743988
vt 0.06276403367519379 0.0962892472743988
vt 0.15320800244808197 0.0962892472743988
vt 0.8467919826507568 0.0962892472743988
vt 0.937235951423645 0.0962892472743988
vt 1 0.0962892472743988
vt 0 0.0394463837146759
vt 0.06276403367519379 0.0394463837146759
vt 0.15320800244808197 0.0394463837146759
vt 0.8467919826507568 0.0394463837146759
vt 0.937235951423645 0.0394463837146759
vt 1 0.0394463837146759
vt 0 0
vt 0.06276403367519379 0
vt 0.15320800244808197 0
vt 0.8467919826507568 0
vt 0.937235951423645 0
vt 1 0
vt 0 0.937235951423645
vt 0.0420500747859478 1
vt 0.0420500747859478 0.937235951423645
vt 0.1026448979973793 1
vt 0.1026448979973793 0.937235951423645
vt 0.8973550796508789 1
vt 0.8973550796508789 0.937235951423645
vt 0.9579499363899231 1
vt 0.9579499363899231 0.937235951423645
vt 1 0.937235951423645
vt 0 0.8467919826507568
vt 0.0420500747859478 0.8467919826507568
vt 0.1026448979973793 0.8467919826507568
vt 0.8973550796508789 0.8467919826507568
vt 0.9579499363899231 0.8467919826507568
vt 1 0.8467919826507568
vt 0 0.15320800244808197
vt 0.0420500747859478 0.15320800244808197
vt 0.1026448979973793 0.15320800244808197
vt 0.8973550796508789 0.15320800244808197
vt 0.9579499363899231 0.15320800244808197
vt 1 0.15320800244808197
vt 0 0.06276403367519379
vt 0.0420500747859478 0.06276403367519379
vt 0.1026448979973793 0.06276403367519379
vt 0.8973550796508789 0.06276403367519379
vt 0.9579499363899231 0.06276403367519379
vt 1 0.06276403367519379
vt 0.0420500747859478 0
vt 0.1026448979973793 0
vt 0.8973550796508789 0
vt 0.9579499363899231 0
vt 0.0420500747859478 0.9605536460876465
vt 0.1026448979973793 0.9605536460876465
vt 0.8973550796508789 0.9605536460876465
vt 0.9579499363899231 0.9605536460876465
vt 0.0420500747859478 0.9037107229232788
vt 0.1026448979973793 0.9037107229232788
vt 0.8973550796508789 0.9037107229232788
vt 0.9579499363899231 0.9037107229232788
vt 0.0420500747859478 0.0962892472743988
vt 0.1026448979973793 0.0962892472743988
vt 0.8973550796508789 0.0962892472743988
vt 0.9579499363899231 0.0962892472743988
vt 0.0420500747859478 0.0394463837146759
vt 0.1026448979973793 0.0394463837146759
vt 0.8973550796508789 0.0394463837146759
vt 0.9579499363899231 0.0394463837146759
vn 0.5773502691896257 0.5773502691896257 0.5773502691896257
vn 0.6666666666666666 0.3333333333333333 0.6666666666666666
vn 0.6666666666666666 0.6666666666666666 0.3333333333333333
vn 0.8164965610595104 0.4082483103320779 0.4082483103320779
vn 0.7071067811865476 0.7071067811865476 2.634178031930877e-9
vn 0.8944271790789866 0.44721361934181564 3.332000892903606e-9
vn 0.7071067811865476 0.7071067811865476 -2.634178031930877e-9
vn 0.8944271790789866 0.44721361934181564 -3.332000892903606e-9
vn 0.6666666666666666 0.6666666666666666 -0.3333333333333333
vn 0.8164965610595104 0.4082483103320779 -0.4082483103320779
vn 0.5773502691896257 0.5773502691896257 -0.5773502691896257
vn 0.6666666666666666 0.3333333333333333 -0.6666666666666666
vn 0.7071067811865476 2.634178031930877e-9 0.7071067811865476
vn 0.8944271790789866 3.332000892903606e-9 0.44721361934181564
vn 1 3.725290298461914e-9 3.725290298461914e-9
vn 1 3.725290298461914e-9 -3.725290298461914e-9
vn 0.8944271790789866 3.332000892903606e-9 -0.44721361934181564
vn 0.7071067811865476 2.634178031930877e-9 -0.7071067811865476
vn 0.7071067811865476 -2.634178031930877e-9 0.7071067811865476
vn 0.8944271790789866 -3.332000892903606e-9 0.44721361934181564
vn 1 -3.725290298461914e-9 3.725290298461914e-9
vn 1 -3.725290298461914e-9 -3.725290298461914e-9
vn 0.8944271790789866 -3.332000892903606e-9 -0.44721361934181564
vn 0.7071067811865476 -2.634178031930877e-9 -0.7071067811865476
vn 0.6666666666666666 -0.3333333333333333 0.6666666666666666
vn 0.8164965610595104 -0.4082483103320779 0.4082483103320779
vn 0.8944271790789866 -0.44721361934181564 3.332000892903606e-9
vn 0.8944271790789866 -0.44721361934181564 -3.332000892903606e-9
vn 0.8164965610595104 -0.4082483103320779 -0.4082483103320779
vn 0.6666666666666666 -0.3333333333333333 -0.6666666666666666
vn 0.5773502691896257 -0.5773502691896257 0.5773502691896257
vn 0.6666666666666666 -0.6666666666666666 0.3333333333333333
vn 0.7071067811865476 -0.7071067811865476 2.634178031930877e-9
vn 0.7071067811865476 -0.7071067811865476 -2.634178031930877e-9
vn 0.6666666666666666 -0.6666666666666666 -0.3333333333333333
vn 0.5773502691896257 -0.5773502691896257 -0.5773502691896257
vn -0.5773502691896257 0.5773502691896257 -0.5773502691896257
vn -0.6666666666666666 0.3333333333333333 -0.6666666666666666
vn -0.6666666666666666 0.6666666666666666 -0.3333333333333333
vn -0.8164965610595104 0.4082483103320779 -0.4082483103320779
vn -0.7071067811865476 0.7071067811865476 -2.634178031930877e-9
vn -0.8944271790789866 0.44721361934181564 -3.332000892903606e-9
vn -0.7071067811865476 0.7071067811865476 2.634178031930877e-9
vn -0.8944271790789866 0.44721361934181564 3.332000892903606e-9
vn -0.6666666666666666 0.6666666666666666 0.3333333333333333
vn -0.8164965610595104 0.4082483103320779 0.4082483103320779
vn -0.5773502691896257 0.5773502691896257 0.5773502691896257
vn -0.6666666666666666 0.3333333333333333 0.6666666666666666
vn -0.7071067811865476 2.634178031930877e-9 -0.7071067811865476
vn -0.8944271790789866 3.332000892903606e-9 -0.44721361934181564
vn -1 3.725290298461914e-9 -3.725290298461914e-9
vn -1 3.725290298461914e-9 3.725290298461914e-9
vn -0.8944271790789866 3.332000892903606e-9 0.44721361934181564
vn -0.7071067811865476 2.634178031930877e-9 0.7071067811865476
vn -0.7071067811865476 -2.634178031930877e-9 -0.7071067811865476
vn -0.8944271790789866 -3.332000892903606e-9 -0.44721361934181564
vn -1 -3.725290298461914e-9 -3.725290298461914e-9
vn -1 -3.725290298461914e-9 3.725290298461914e-9
vn -0.8944271790789866 -3.332000892903606e-9 0.44721361934181564
vn -0.7071067811865476 -2.634178031930877e-9 0.7071067811865476
vn -0.6666666666666666 -0.3333333333333333 -0.6666666666666666
vn -0.8164965610595104 -0.4082483103320779 -0.4082483103320779
vn -0.8944271790789866 -0.44721361934181564 -3.332000892903606e-9
vn -0.8944271790789866 -0.44721361934181564 3.332000892903606e-9
vn -0.8164965610595104 -0.4082483103320779 0.4082483103320779
vn -0.6666666666666666 -0.3333333333333333 0.6666666666666666
vn -0.5773502691896257 -0.5773502691896257 -0.5773502691896257
vn -0.6666666666666666 -0.6666666666666666 -0.3333333333333333
vn -0.7071067811865476 -0.7071067811865476 -2.634178031930877e-9
vn -0.7071067811865476 -0.7071067811865476 2.634178031930877e-9
vn -0.6666666666666666 -0.6666666666666666 0.3333333333333333
vn -0.5773502691896257 -0.5773502691896257 0.5773502691896257
vn -0.3333333333333333 0.6666666666666666 -0.6666666666666666
vn -0.4082483103320779 0.8164965610595104 -0.4082483103320779
vn -2.634178031930877e-9 0.7071067811865476 -0.7071067811865476
vn -3.332000892903606e-9 0.8944271790789866 -0.44721361934181564
vn 2.634178031930877e-9 0.7071067811865476 -0.7071067811865476
vn 3.332000892903606e-9 0.8944271790789866 -0.44721361934181564
vn 0.3333333333333333 0.6666666666666666 -0.6666666666666666
vn 0.4082483103320779 0.8164965610595104 -0.4082483103320779
vn -0.44721361934181564 0.8944271790789866 -3.332000892903606e-9
vn -3.725290298461914e-9 1 -3.725290298461914e-9
vn 3.725290298461914e-9 1 -3.725290298461914e-9
vn 0.44721361934181564 0.8944271790789866 -3.332000892903606e-9
vn -0.44721361934181564 0.8944271790789866 3.332000892903606e-9
vn -3.725290298461914e-9 1 3.725290298461914e-9
vn 3.725290298461914e-9 1 3.725290298461914e-9
vn 0.44721361934181564 0.8944271790789866 3.332000892903606e-9
vn -0.4082483103320779 0.8164965610595104 0.4082483103320779
vn -3.332000892903606e-9 0.8944271790789866 0.44721361934181564
vn 3.332000892903606e-9 0.8944271790789866 0.44721361934181564
vn 0.4082483103320779 0.8164965610595104 0.4082483103320779
vn -0.3333333333333333 0.6666666666666666 0.6666666666666666
vn -2.634178031930877e-9 0.7071067811865476 0.7071067811865476
vn 2.634178031930877e-9 0.7071067811865476 0.7071067811865476
vn 0.3333333333333333 0.6666666666666666 0.6666666666666666
vn -0.3333333333333333 -0.6666666666666666 0.6666666666666666
vn -0.4082483103320779 -0.8164965610595104 0.4082483103320779
vn -2.634178031930877e-9 -0.7071067811865476 0.7071067811865476
vn -3.332000892903606e-9 -0.8944271790789866 0.44721361934181564
vn 2.634178031930877e-9 -0.7071067811865476 0.7071067811865476
vn 3.332000892903606e-9 -0.8944271790789866 0.44721361934181564
vn 0.3333333333333333 -0.6666666666666666 0.6666666666666666
vn 0.4082483103320779 -0.8164965610595104 0.4082483103320779
vn -0.44721361934181564 -0.8944271790789866 3.332000892903606e-9
vn -3.725290298461914e-9 -1 3.725290298461914e-9
vn 3.725290298461914e-9 -1 3.725290298461914e-9
vn 0.44721361934181564 -0.8944271790789866 3.332000892903606e-9
vn -0.44721361934181564 -0.8944271790789866 -3.332000892903606e-9
vn -3.725290298461914e-9 -1 -3.725290298461914e-9
vn 3.725290298461914e-9 -1 -3.725290298461914e-9
vn 0.44721361934181564 -0.8944271790789866 -3.332000892903606e-9
vn -0.4082483103320779 -0.8164965610595104 -0.4082483103320779
vn -3.332000892903606e-9 -0.8944271790789866 -0.44721361934181564
vn 3.332000892903606e-9 -0.8944271790789866 -0.44721361934181564
vn 0.4082483103320779 -0.8164965610595104 -0.4082483103320779
vn -0.3333333333333333 -0.6666666666666666 -0.6666666666666666
vn -2.634178031930877e-9 -0.7071067811865476 -0.7071067811865476
vn 2.634178031930877e-9 -0.7071067811865476 -0.7071067811865476
vn 0.3333333333333333 -0.6666666666666666 -0.6666666666666666
vn -0.4082483103320779 0.4082483103320779 0.8164965610595104
vn -3.332000892903606e-9 0.44721361934181564 0.8944271790789866
vn 3.332000892903606e-9 0.44721361934181564 0.8944271790789866
vn 0.4082483103320779 0.4082483103320779 0.8164965610595104
vn -0.44721361934181564 3.332000892903606e-9 0.8944271790789866
vn -3.725290298461914e-9 3.725290298461914e-9 1
vn 3.725290298461914e-9 3.725290298461914e-9 1
vn 0.44721361934181564 3.332000892903606e-9 0.8944271790789866
vn -0.44721361934181564 -3.332000892903606e-9 0.8944271790789866
vn -3.725290298461914e-9 -3.725290298461914e-9 1
vn 3.725290298461914e-9 -3.725290298461914e-9 1
vn 0.44721361934181564 -3.332000892903606e-9 0.8944271790789866
vn -0.4082483103320779 -0.4082483103320779 0.8164965610595104
vn -3.332000892903606e-9 -0.44721361934181564 0.8944271790789866
vn 3.332000892903606e-9 -0.44721361934181564 0.8944271790789866
vn 0.4082483103320779 -0.4082483103320779 0.8164965610595104
vn 0.4082483103320779 0.4082483103320779 -0.8164965610595104
vn 3.332000892903606e-9 0.44721361934181564 -0.8944271790789866
vn -3.332000892903606e-9 0.44721361934181564 -0.8944271790789866
vn -0.4082483103320779 0.4082483103320779 -0.8164965610595104
vn 0.44721361934181564 3.332000892903606e-9 -0.8944271790789866
vn 3.725290298461914e-9 3.725290298461914e-9 -1
vn -3.725290298461914e-9 3.725290298461914e-9 -1
vn -0.44721361934181564 3.332000892903606e-9 -0.8944271790789866
vn 0.44721361934181564 -3.332000892903606e-9 -0.8944271790789866
vn 3.725290298461914e-9 -3.725290298461914e-9 -1
vn -3.725290298461914e-9 -3.725290298461914e-9 -1
vn -0.44721361934181564 -3.332000892903606e-9 -0.8944271790789866
vn 0.4082483103320779 -0.4082483103320779 -0.8164965610595104
vn 3.332000892903606e-9 -0.44721361934181564 -0.8944271790789866
vn -3.332000892903606e-9 -0.44721361934181564 -0.8944271790789866
vn -0.4082483103320779 -0.4082483103320779 -0.8164965610595104
f 741/791/451 742/792/452 743/793/453
f 742/792/452 744/794/454 743/793/453
f 743/793/453 744/794/454 745/795/455
f 744/794/454 746/796/456 745/795/455
f 745/795/455 746/796/456 747/797/457
f 746/796/456 748/798/458 747/797/457
f 747/797/457 748/798/458 749/799/459
f 748/798/458 750/800/460 749/799/459
f 749/799/459 750/800/460 751/801/461
f 750/800/460 752/802/462 751/801/461
f 742/792/452 753/803/463 744/794/454
f 753/803/463 754/804/464 744/794/454
f 744/794/454 754/804/464 746/796/456
f 754/804/464 755/805/465 746/796/456
f 746/796/456 755/805/465 748/798/458
f 755/805/465 756/806/466 748/798/458
f 748/798/458 756/806/466 750/800/460
f 756/806/466 757/807/467 750/800/460
f 750/800/460 757/807/467 752/802/462
f 757/807/467 758/808/468 752/802/462
f 753/803/463 759/809/469 754/804/464
f 759/809/469 760/810/470 754/804/464
f 754/804/464 760/810/470 755/805/465
f 760/810/470 761/811/471 755/805/465
f 755/805/465 761/811/471 756/806/466
f 761/811/471 762/812/472 756/806/466
f 756/806/466 762/812/472 757/807/467
f 762/812/472 763/813/473 757/807/467
f 757/807/467 763/813/473 758/808/468
f 763/813/473 764/814/474 758/808/468
f 759/809/469 765/815/475 760/810/470
f 765/815/475 766/816/476 760/810/470
f 760/810/470 766/816/476 761/811/471
f 766/816/476 767/817/477 761/811/471
f 761/811/471 767/817/477 762/812/472
f 767/817/477 768/818/478 762/812/472
f 762/812/472 768/818/478 763/813/473
f 768/818/478 769/819/479 763/813/473
f 763/813/473 769/819/479 764/814/474
f 769/819/479 770/820/480 764/814/474
f 765/815/475 771/821/481 766/816/476
f 771/821/481 772/822/482 766/816/476
f 766/816/476 772/822/482 767/817/477
f 772/822/482 773/823/483 767/817/477
f 767/817/477 773/823/483 768/818/478
f 773/823/483 774/824/484 768/818/478
f 768/818/478 774/824/484 769/819/479
f 774/824/484 775/825/485 769/819/479
f 769/819/479 775/825/485 770/820/480
f 775/825/485 776/826/486 770/820/480
f 777/791/487 778/792/488 779/793/489
f 778/792/488 780/794/490 779/793/489
f 779/793/489 780/794/490 781/795/491
f 780/794/490 782/796/492 781/795/491
f 781/795/491 782/796/492 783/797/493
f 782/796/492 784/798/494 783/797/493
f 783/797/493 784/798/494 785/799/495
f 784/798/494 786/800/496 785/799/495
f 785/799/495 786/800/496 787/801/497
f 786/800/496 788/802/498 787/801/497
f 778/792/488 789/803/499 780/794/490
f 789/803/499 790/804/500 780/794/490
f 780/794/490 790/804/500 782/796/492
f 790/804/500 791/805/501 782/796/492
f 782/796/492 791/805/501 784/798/494
f 791/805/501 792/806/502 784/798/494
f 784/798/494 792/806/502 786/800/496
f 792/806/502 793/807/503 786/800/496
f 786/800/496 793/807/503 788/802/498
f 793/807/503 794/808/504 788/802/498
f 789/803/499 795/809/505 790/804/500
f 795/809/505 796/810/506 790/804/500
f 790/804/500 796/810/506 791/805/501
f 796/810/506 797/811/507 791/805/501
f 791/805/501 797/811/507 792/806/502
f 797/811/507 798/812/508 792/806/502
f 792/806/502 798/812/508 793/807/503
f 798/812/508 799/813/509 793/807/503
f 793/807/503 799/813/509 794/808/504
f 799/813/509 800/814/510 794/808/504
f 795/809/505 801/815/511 796/810/506
f 801/815/511 802/816/512 796/810/506
f 796/810/506 802/816/512 797/811/507
f 802/816/512 803/817/513 797/811/507
f 797/811/507 803/817/513 798/812/508
f 803/817/513 804/818/514 798/812/508
f 798/812/508 804/818/514 799/813/509
f 804/818/514 805/819/515 799/813/509
f 799/813/509 805/819/515 800/814/510
f 805/819/515 806/820/516 800/814/510
f 801/815/511 807/821/517 802/816/512
f 807/821/517 808/822/518 802/816/512
f 802/816/512 808/822/518 803/817/513
f 808/822/518 809/823/519 803/817/513
f 803/817/513 809/823/519 804/818/514
f 809/823/519 810/824/520 804/818/514
f 804/818/514 810/824/520 805/819/515
f 810/824/520 811/825/521 805/819/515
f 805/819/515 811/825/521 806/820/516
f 811/825/521 812/826/522 806/820/516
f 777/791/487 779/827/489 813/828/523
f 779/827/489 814/829/524 813/828/523
f 813/828/523 814/829/524 815/830/525
f 814/829/524 816/831/526 815/830/525
f 815/830/525 816/831/526 817/832/527
f 816/831/526 818/833/528 817/832/527
f 817/832/527 818/833/528 819/834/529
f 818/833/528 820/835/530 819/834/529
f 819/834/529 820/835/530 751/801/461
f 820/835/530 749/836/459 751/801/461
f 779/827/489 781/837/491 814/829/524
f 781/837/491 821/838/531 814/829/524
f 814/829/524 821/838/531 816/831/526
f 821/838/531 822/839/532 816/831/526
f 816/831/526 822/839/532 818/833/528
f 822/839/532 823/840/533 818/833/528
f 818/833/528 823/840/533 820/835/530
f 823/840/533 824/841/534 820/835/530
f 820/835/530 824/841/534 749/836/459
f 824/841/534 747/842/457 749/836/459
f 781/837/491 783/843/493 821/838/531
f 783/843/493 825/844/535 821/838/531
f 821/838/531 825/844/535 822/839/532
f 825/844/535 826/845/536 822/839/532
f 822/839/532 826/845/536 823/840/533
f 826/845/536 827/846/537 823/840/533
f 823/840/533 827/846/537 824/841/534
f 827/846/537 828/847/538 824/841/534
f 824/841/534 828/847/538 747/842/457
f 828/847/538 745/848/455 747/842/457
f 783/843/493 785/849/495 825/844/535
f 785/849/495 829/850/539 825/844/535
f 825/844/535 829/850/539 826/845/536
f 829/850/539 830/851/540 826/845/536
f 826/845/536 830/851/540 827/846/537
f 830/851/540 831/852/541 827/846/537
f 827/846/537 831/852/541 828/847/538
f 831/852/541 832/853/542 828/847/538
f 828/847/538 832/853/542 745/848/455
f 832/853/542 743/854/453 745/848/455
f 785/849/495 787/821/497 829/850/539
f 787/821/497 833/855/543 829/850/539
f 829/850/539 833/855/543 830/851/540
f 833/855/543 834/856/544 830/851/540
f 830/851/540 834/856/544 831/852/541
f 834/856/544 835/857/545 831/852/541
f 831/852/541 835/857/545 832/853/542
f 835/857/545 836/858/546 832/853/542
f 832/853/542 836/858/546 743/854/453
f 836/858/546 741/826/451 743/854/453
f 812/791/522 811/827/521 837/828/547
f 811/827/521 838/829/548 837/828/547
f 837/828/547 838/829/548 839/830/549
f 838/829/548 840/831/550 839/830/549
f 839/830/549 840/831/550 841/832/551
f 840/831/550 842/833/552 841/832/551
f 841/832/551 842/833/552 843/834/553
f 842/833/552 844/835/554 843/834/553
f 843/834/553 844/835/554 771/801/481
f 844/835/554 772/836/482 771/801/481
f 811/827/521 810/837/520 838/829/548
f 810/837/520 845/838/555 838/829/548
f 838/829/548 845/838/555 840/831/550
f 845/838/555 846/839/556 840/831/550
f 840/831/550 846/839/556 842/833/552
f 846/839/556 847/840/557 842/833/552
f 842/833/552 847/840/557 844/835/554
f 847/840/557 848/841/558 844/835/554
f 844/835/554 848/841/558 772/836/482
f 848/841/558 773/842/483 772/836/482
f 810/837/520 809/843/519 845/838/555
f 809/843/519 849/844/559 845/838/555
f 845/838/555 849/844/559 846/839/556
f 849/844/559 850/845/560 846/839/556
f 846/839/556 850/845/560 847/840/557
f 850/845/560 851/846/561 847/840/557
f 847/840/557 851/846/561 848/841/558
f 851/846/561 852/847/562 848/841/558
f 848/841/558 852/847/562 773/842/483
f 852/847/562 774/848/484 773/842/483
f 809/843/519 808/849/518 849/844/559
f 808/849/518 853/850/563 849/844/559
f 849/844/559 853/850/563 850/845/560
f 853/850/563 854/851/564 850/845/560
f 850/845/560 854/851/564 851/846/561
f 854/851/564 855/852/565 851/846/561
f 851/846/561 855/852/565 852/847/562
f 855/852/565 856/853/566 852/847/562
f 852/847/562 856/853/566 774/848/484
f 856/853/566 775/854/485 774/848/484
f 808/849/518 807/821/517 853/850/563
f 807/821/517 857/855/567 853/850/563
f 853/850/563 857/855/567 854/851/564
f 857/855/567 858/856/568 854/851/564
f 854/851/564 858/856/568 855/852/565
f 858/856/568 859/857/569 855/852/565
f 855/852/565 859/857/569 856/853/566
f 859/857/569 860/858/570 856/853/566
f 856/853/566 860/858/570 775/854/485
f 860/858/570 776/826/486 775/854/485
f 787/791/497 788/792/498 833/828/543
f 788/792/498 861/859/571 833/828/543
f 833/828/543 861/859/571 834/830/544
f 861/859/571 862/860/572 834/830/544
f 834/830/544 862/860/572 835/832/545
f 862/860/572 863/861/573 835/832/545
f 835/832/545 863/861/573 836/834/546
f 863/861/573 864/862/574 836/834/546
f 836/834/546 864/862/574 741/801/451
f 864/862/574 742/802/452 741/801/451
f 788/792/498 794/803/504 861/859/571
f 794/803/504 865/863/575 861/859/571
f 861/859/571 865/863/575 862/860/572
f 865/863/575 866/864/576 862/860/572
f 862/860/572 866/864/576 863/861/573
f 866/864/576 867/865/577 863/861/573
f 863/861/573 867/865/577 864/862/574
f 867/865/577 868/866/578 864/862/574
f 864/862/574 868/866/578 742/802/452
f 868/866/578 753/808/463 742/802/452
f 794/803/504 800/809/510 865/863/575
f 800/809/510 869/867/579 865/863/575
f 865/863/575 869/867/579 866/864/576
f 869/867/579 870/868/580 866/864/576
f 866/864/576 870/868/580 867/865/577
f 870/868/580 871/869/581 867/865/577
f 867/865/577 871/869/581 868/866/578
f 871/869/581 872/870/582 868/866/578
f 868/866/578 872/870/582 753/808/463
f 872/870/582 759/814/469 753/808/463
f 800/809/510 806/815/516 869/867/579
f 806/815/516 873/871/583 869/867/579
f 869/867/579 873/871/583 870/868/580
f 873/871/583 874/872/584 870/868/580
f 870/868/580 874/872/584 871/869/581
f 874/872/584 875/873/585 871/869/581
f 871/869/581 875/873/585 872/870/582
f 875/873/585 876/874/586 872/870/582
f 872/870/582 876/874/586 759/814/469
f 876/874/586 765/820/475 759/814/469
f 806/815/516 812/821/522 873/871/583
f 812/821/522 837/855/547 873/871/583
f 873/871/583 837/855/547 874/872/584
f 837/855/547 839/856/549 874/872/584
f 874/872/584 839/856/549 875/873/585
f 839/856/549 841/857/551 875/873/585
f 875/873/585 841/857/551 876/874/586
f 841/857/551 843/858/553 876/874/586
f 876/874/586 843/858/553 765/820/475
f 843/858/553 771/826/481 765/820/475
f 751/791/461 752/792/462 819/828/529
f 752/792/462 877/859/587 819/828/529
f 819/828/529 877/859/587 817/830/527
f 877/859/587 878/860/588 817/830/527
f 817/830/527 878/860/588 815/832/525
f 878/860/588 879/861/589 815/832/525
f 815/832/525 879/861/589 813/834/523
f 879/861/589 880/862/590 813/834/523
f 813/834/523 880/862/590 777/801/487
f 880/862/590 778/802/488 777/801/487
f 752/792/462 758/803/468 877/859/587
f 758/803/468 881/863/591 877/859/587
f 877/859/587 881/863/591 878/860/588
f 881/863/591 882/864/592 878/860/588
f 878/860/588 882/864/592 879/861/589
f 882/864/592 883/865/593 879/861/589
f 879/861/589 883/865/593 880/862/590
f 883/865/593 884/866/594 880/862/590
f 880/862/590 884/866/594 778/802/488
f 884/866/594 789/808/499 778/802/488
f 758/803/468 764/809/474 881/863/591
f 764/809/474 885/867/595 881/863/591
f 881/863/591 885/867/595 882/864/592
f 885/867/595 886/868/596 882/864/592
f 882/864/592 886/868/596 883/865/593
f 886/868/596 887/869/597 883/865/593
f 883/865/593 887/869/597 884/866/594
f 887/869/597 888/870/598 884/866/594
f 884/866/594 888/870/598 789/808/499
f 888/870/598 795/814/505 789/808/499
f 764/809/474 770/815/480 885/867/595
f 770/815/480 889/871/599 885/867/595
f 885/867/595 889/871/599 886/868/596
f 889/871/599 890/872/600 886/868/596
f 886/868/596 890/872/600 887/869/597
f 890/872/600 891/873/601 887/869/597
f 887/869/597 891/873/601 888/870/598
f 891/873/601 892/874/602 888/870/598
f 888/870/598 892/874/602 795/814/505
f 892/874/602 801/820/511 795/814/505
f 770/815/480 776/821/486 889/871/599
f 776/821/486 860/855/570 889/871/599
f 889/871/599 860/855/570 890/872/600
f 860/855/570 859/856/569 890/872/600
f 890/872/600 859/856/569 891/873/601
f 859/856/569 858/857/568 891/873/601
f 891/873/601 858/857/568 892/874/602
f 858/857/568 857/858/567 892/874/602
f 892/874/602 857/858/567 801/820/511
f 857/858/567 807/826/517 801/820/511
o head_recess_-1_-0.01
usemtl housing_graphite
v -0.01 -0.02130000000712462 0.10524999997206032
v -0.01032352379639633 -0.02130000000712462 0.10520740733109414
v -0.010624999986030162 -0.02130000000712462 0.10508253175858408
v -0.010883883447386325 -0.02130000000712462 0.10488388344738632
v -0.011082531758584082 -0.02130000000712462 0.10462499998603016
v -0.011207407331094146 -0.02130000000712462 0.10432352379639633
v -0.011249999972060323 -0.02130000000712462 0.104
v -0.011207407331094146 -0.02130000000712462 0.10367647620360367
v -0.011082531758584082 -0.02130000000712462 0.10337500001396983
v -0.010883883447386325 -0.02130000000712462 0.10311611655261367
v -0.010624999986030162 -0.02130000000712462 0.10291746824141591
v -0.01032352379639633 -0.02130000000712462 0.10279259266890585
v -0.01 -0.02130000000712462 0.10275000002793967
v -0.00967647620360367 -0.02130000000712462 0.10279259266890585
v -0.009375000013969839 -0.02130000000712462 0.10291746824141591
v -0.009116116552613676 -0.02130000000712462 0.10311611655261367
v -0.008917468241415918 -0.02130000000712462 0.10337500001396983
v -0.008792592668905854 -0.02130000000712462 0.10367647620360367
v -0.008750000027939677 -0.02130000000712462 0.104
v -0.008792592668905854 -0.02130000000712462 0.10432352379639633
v -0.008917468241415918 -0.02130000000712462 0.10462499998603016
v -0.009116116552613676 -0.02130000000712462 0.10488388344738632
v -0.009375000013969839 -0.02130000000712462 0.10508253175858408
v -0.00967647620360367 -0.02130000000712462 0.10520740733109414
v -0.01 -0.020999999992875384 0.10524999997206032
v -0.01032352379639633 -0.020999999992875384 0.10520740733109414
v -0.010624999986030162 -0.020999999992875384 0.10508253175858408
v -0.010883883447386325 -0.020999999992875384 0.10488388344738632
v -0.011082531758584082 -0.020999999992875384 0.10462499998603016
v -0.011207407331094146 -0.020999999992875384 0.10432352379639633
v -0.011249999972060323 -0.020999999992875384 0.104
v -0.011207407331094146 -0.020999999992875384 0.10367647620360367
v -0.011082531758584082 -0.020999999992875384 0.10337500001396983
v -0.010883883447386325 -0.020999999992875384 0.10311611655261367
v -0.010624999986030162 -0.020999999992875384 0.10291746824141591
v -0.01032352379639633 -0.020999999992875384 0.10279259266890585
v -0.01 -0.020999999992875384 0.10275000002793967
v -0.00967647620360367 -0.020999999992875384 0.10279259266890585
v -0.009375000013969839 -0.020999999992875384 0.10291746824141591
v -0.009116116552613676 -0.020999999992875384 0.10311611655261367
v -0.008917468241415918 -0.020999999992875384 0.10337500001396983
v -0.008792592668905854 -0.020999999992875384 0.10367647620360367
v -0.008750000027939677 -0.020999999992875384 0.104
v -0.008792592668905854 -0.020999999992875384 0.10432352379639633
v -0.008917468241415918 -0.020999999992875384 0.10462499998603016
v -0.009116116552613676 -0.020999999992875384 0.10488388344738632
v -0.009375000013969839 -0.020999999992875384 0.10508253175858408
v -0.00967647620360367 -0.020999999992875384 0.10520740733109414
v -0.01 -0.02130000000712462 0.104
v -0.01 -0.020999999992875384 0.104
vt 0 1
vt 0.0416666679084301 1
vt 0.0833333358168602 1
vt 0.125 1
vt 0.1666666716337204 1
vt 0.2083333283662796 1
vt 0.25 1
vt 0.2916666567325592 1
vt 0.3333333432674408 1
vt 0.375 1
vt 0.4166666567325592 1
vt 0.4583333432674408 1
vt 0.5 1
vt 0.5416666865348816 1
vt 0.5833333134651184 1
vt 0.625 1
vt 0.6666666865348816 1
vt 0.7083333134651184 1
vt 0.75 1
vt 0.7916666865348816 1
vt 0.8333333134651184 1
vt 0.875 1
vt 0.9166666865348816 1
vt 0.9583333134651184 1
vt 1 1
vt 0 0
vt 0.0416666679084301 0
vt 0.0833333358168602 0
vt 0.125 0
vt 0.1666666716337204 0
vt 0.2083333283662796 0
vt 0.25 0
vt 0.2916666567325592 0
vt 0.3333333432674408 0
vt 0.375 0
vt 0.4166666567325592 0
vt 0.4583333432674408 0
vt 0.5 0
vt 0.5416666865348816 0
vt 0.5833333134651184 0
vt 0.625 0
vt 0.6666666865348816 0
vt 0.7083333134651184 0
vt 0.75 0
vt 0.7916666865348816 0
vt 0.8333333134651184 0
vt 0.875 0
vt 0.9166666865348816 0
vt 0.9583333134651184 0
vt 1 0
vt 0.5 0.5
vt 1 0.5
vt 0.9829629063606262 0.6294095516204834
vt 0.9330127239227295 0.75
vt 0.8535534143447876 0.8535534143447876
vt 0.75 0.9330127239227295
vt 0.6294095516204834 0.9829629063606262
vt 0.370590478181839 0.9829629063606262
vt 0.25 0.9330127239227295
vt 0.1464466154575348 0.8535534143447876
vt 0.0669872984290123 0.75
vt 0.017037086188793182 0.6294095516204834
vt 0 0.5
vt 0.017037086188793182 0.370590478181839
vt 0.0669872984290123 0.25
vt 0.1464466154575348 0.1464466154575348
vt 0.25 0.0669872984290123
vt 0.370590478181839 0.017037086188793182
vt 0.6294095516204834 0.017037086188793182
vt 0.75 0.0669872984290123
vt 0.8535534143447876 0.1464466154575348
vt 0.9330127239227295 0.25
vt 0.9829629063606262 0.370590478181839
vn 0 0 1
vn -0.2588190471264927 0 0.9659258257467466
vn -0.5000000067305869 0 0.8660253998985324
vn -0.7071067811865476 0 0.7071067811865476
vn -0.8660253998985324 0 0.5000000067305869
vn -0.9659258257467466 0 0.2588190471264927
vn -1 0 6.123234262925839e-17
vn -0.9659258257467466 0 -0.2588190471264927
vn -0.8660253998985324 0 -0.5000000067305869
vn -0.7071067811865476 0 -0.7071067811865476
vn -0.5000000067305869 0 -0.8660253998985324
vn -0.2588190471264927 0 -0.9659258257467466
vn -1.2246468525851679e-16 0 -1
vn 0.2588190471264927 0 -0.9659258257467466
vn 0.5000000067305869 0 -0.8660253998985324
vn 0.7071067811865476 0 -0.7071067811865476
vn 0.8660253998985324 0 -0.5000000067305869
vn 0.9659258257467466 0 -0.2588190471264927
vn 1 0 -1.8369701465288538e-16
vn 0.9659258257467466 0 0.2588190471264927
vn 0.8660253998985324 0 0.5000000067305869
vn 0.7071067811865476 0 0.7071067811865476
vn 0.5000000067305869 0 0.8660253998985324
vn 0.2588190471264927 0 0.9659258257467466
vn 2.4492937051703357e-16 0 1
vn 0 -1 0
vn 0 1 0
f 893/875/603 917/900/603 894/876/604
f 917/900/603 918/901/604 894/876/604
f 894/876/604 918/901/604 895/877/605
f 918/901/604 919/902/605 895/877/605
f 895/877/605 919/902/605 896/878/606
f 919/902/605 920/903/606 896/878/606
f 896/878/606 920/903/606 897/879/607
f 920/903/606 921/904/607 897/879/607
f 897/879/607 921/904/607 898/880/608
f 921/904/607 922/905/608 898/880/608
f 898/880/608 922/905/608 899/881/609
f 922/905/608 923/906/609 899/881/609
f 899/881/609 923/906/609 900/882/610
f 923/906/609 924/907/610 900/882/610
f 900/882/610 924/907/610 901/883/611
f 924/907/610 925/908/611 901/883/611
f 901/883/611 925/908/611 902/884/612
f 925/908/611 926/909/612 902/884/612
f 902/884/612 926/909/612 903/885/613
f 926/909/612 927/910/613 903/885/613
f 903/885/613 927/910/613 904/886/614
f 927/910/613 928/911/614 904/886/614
f 904/886/614 928/911/614 905/887/615
f 928/911/614 929/912/615 905/887/615
f 905/887/615 929/912/615 906/888/616
f 929/912/615 930/913/616 906/888/616
f 906/888/616 930/913/616 907/889/617
f 930/913/616 931/914/617 907/889/617
f 907/889/617 931/914/617 908/890/618
f 931/914/617 932/915/618 908/890/618
f 908/890/618 932/915/618 909/891/619
f 932/915/618 933/916/619 909/891/619
f 909/891/619 933/916/619 910/892/620
f 933/916/619 934/917/620 910/892/620
f 910/892/620 934/917/620 911/893/621
f 934/917/620 935/918/621 911/893/621
f 911/893/621 935/918/621 912/894/622
f 935/918/621 936/919/622 912/894/622
f 912/894/622 936/919/622 913/895/623
f 936/919/622 937/920/623 913/895/623
f 913/895/623 937/920/623 914/896/624
f 937/920/623 938/921/624 914/896/624
f 914/896/624 938/921/624 915/897/625
f 938/921/624 939/922/625 915/897/625
f 915/897/625 939/922/625 916/898/626
f 939/922/625 940/923/626 916/898/626
f 916/898/626 940/923/626 893/899/627
f 940/923/626 917/924/627 893/899/627
f 893/926/628 894/927/628 941/925/628
f 894/927/628 895/928/628 941/925/628
f 895/928/628 896/929/628 941/925/628
f 896/929/628 897/930/628 941/925/628
f 897/930/628 898/931/628 941/925/628
f 898/931/628 899/887/628 941/925/628
f 899/887/628 900/932/628 941/925/628
f 900/932/628 901/933/628 941/925/628
f 901/933/628 902/934/628 941/925/628
f 902/934/628 903/935/628 941/925/628
f 903/935/628 904/936/628 941/925/628
f 904/936/628 905/937/628 941/925/628
f 905/937/628 906/938/628 941/925/628
f 906/938/628 907/939/628 941/925/628
f 907/939/628 908/940/628 941/925/628
f 908/940/628 909/941/628 941/925/628
f 909/941/628 910/942/628 941/925/628
f 910/942/628 911/912/628 941/925/628
f 911/912/628 912/943/628 941/925/628
f 912/943/628 913/944/628 941/925/628
f 913/944/628 914/945/628 941/925/628
f 914/945/628 915/946/628 941/925/628
f 915/946/628 916/947/628 941/925/628
f 916/947/628 893/926/628 941/925/628
f 918/947/629 917/926/629 942/925/629
f 919/946/629 918/947/629 942/925/629
f 920/945/629 919/946/629 942/925/629
f 921/944/629 920/945/629 942/925/629
f 922/943/629 921/944/629 942/925/629
f 923/912/629 922/943/629 942/925/629
f 924/942/629 923/912/629 942/925/629
f 925/941/629 924/942/629 942/925/629
f 926/940/629 925/941/629 942/925/629
f 927/939/629 926/940/629 942/925/629
f 928/938/629 927/939/629 942/925/629
f 929/937/629 928/938/629 942/925/629
f 930/936/629 929/937/629 942/925/629
f 931/935/629 930/936/629 942/925/629
f 932/934/629 931/935/629 942/925/629
f 933/933/629 932/934/629 942/925/629
f 934/932/629 933/933/629 942/925/629
f 935/887/629 934/932/629 942/925/629
f 936/931/629 935/887/629 942/925/629
f 937/930/629 936/931/629 942/925/629
f 938/929/629 937/930/629 942/925/629
f 939/928/629 938/929/629 942/925/629
f 940/927/629 939/928/629 942/925/629
f 917/926/629 940/927/629 942/925/629
o head_recess_-1_0.01
usemtl housing_graphite
v 0.01 -0.02130000000712462 0.10524999997206032
v 0.00967647620360367 -0.02130000000712462 0.10520740733109414
v 0.009375000013969839 -0.02130000000712462 0.10508253175858408
v 0.009116116552613676 -0.02130000000712462 0.10488388344738632
v 0.008917468241415918 -0.02130000000712462 0.10462499998603016
v 0.008792592668905854 -0.02130000000712462 0.10432352379639633
v 0.008750000027939677 -0.02130000000712462 0.104
v 0.008792592668905854 -0.02130000000712462 0.10367647620360367
v 0.008917468241415918 -0.02130000000712462 0.10337500001396983
v 0.009116116552613676 -0.02130000000712462 0.10311611655261367
v 0.009375000013969839 -0.02130000000712462 0.10291746824141591
v 0.00967647620360367 -0.02130000000712462 0.10279259266890585
v 0.01 -0.02130000000712462 0.10275000002793967
v 0.01032352379639633 -0.02130000000712462 0.10279259266890585
v 0.010624999986030162 -0.02130000000712462 0.10291746824141591
v 0.010883883447386325 -0.02130000000712462 0.10311611655261367
v 0.011082531758584082 -0.02130000000712462 0.10337500001396983
v 0.011207407331094146 -0.02130000000712462 0.10367647620360367
v 0.011249999972060323 -0.02130000000712462 0.104
v 0.011207407331094146 -0.02130000000712462 0.10432352379639633
v 0.011082531758584082 -0.02130000000712462 0.10462499998603016
v 0.010883883447386325 -0.02130000000712462 0.10488388344738632
v 0.010624999986030162 -0.02130000000712462 0.10508253175858408
v 0.01032352379639633 -0.02130000000712462 0.10520740733109414
v 0.01 -0.020999999992875384 0.10524999997206032
v 0.00967647620360367 -0.020999999992875384 0.10520740733109414
v 0.009375000013969839 -0.020999999992875384 0.10508253175858408
v 0.009116116552613676 -0.020999999992875384 0.10488388344738632
v 0.008917468241415918 -0.020999999992875384 0.10462499998603016
v 0.008792592668905854 -0.020999999992875384 0.10432352379639633
v 0.008750000027939677 -0.020999999992875384 0.104
v 0.008792592668905854 -0.020999999992875384 0.10367647620360367
v 0.008917468241415918 -0.020999999992875384 0.10337500001396983
v 0.009116116552613676 -0.020999999992875384 0.10311611655261367
v 0.009375000013969839 -0.020999999992875384 0.10291746824141591
v 0.00967647620360367 -0.020999999992875384 0.10279259266890585
v 0.01 -0.020999999992875384 0.10275000002793967
v 0.01032352379639633 -0.020999999992875384 0.10279259266890585
v 0.010624999986030162 -0.020999999992875384 0.10291746824141591
v 0.010883883447386325 -0.020999999992875384 0.10311611655261367
v 0.011082531758584082 -0.020999999992875384 0.10337500001396983
v 0.011207407331094146 -0.020999999992875384 0.10367647620360367
v 0.011249999972060323 -0.020999999992875384 0.104
v 0.011207407331094146 -0.020999999992875384 0.10432352379639633
v 0.011082531758584082 -0.020999999992875384 0.10462499998603016
v 0.010883883447386325 -0.020999999992875384 0.10488388344738632
v 0.010624999986030162 -0.020999999992875384 0.10508253175858408
v 0.01032352379639633 -0.020999999992875384 0.10520740733109414
v 0.01 -0.02130000000712462 0.104
v 0.01 -0.020999999992875384 0.104
vt 0 1
vt 0.0416666679084301 1
vt 0.0833333358168602 1
vt 0.125 1
vt 0.1666666716337204 1
vt 0.2083333283662796 1
vt 0.25 1
vt 0.2916666567325592 1
vt 0.3333333432674408 1
vt 0.375 1
vt 0.4166666567325592 1
vt 0.4583333432674408 1
vt 0.5 1
vt 0.5416666865348816 1
vt 0.5833333134651184 1
vt 0.625 1
vt 0.6666666865348816 1
vt 0.7083333134651184 1
vt 0.75 1
vt 0.7916666865348816 1
vt 0.8333333134651184 1
vt 0.875 1
vt 0.9166666865348816 1
vt 0.9583333134651184 1
vt 1 1
vt 0 0
vt 0.0416666679084301 0
vt 0.0833333358168602 0
vt 0.125 0
vt 0.1666666716337204 0
vt 0.2083333283662796 0
vt 0.25 0
vt 0.2916666567325592 0
vt 0.3333333432674408 0
vt 0.375 0
vt 0.4166666567325592 0
vt 0.4583333432674408 0
vt 0.5 0
vt 0.5416666865348816 0
vt 0.5833333134651184 0
vt 0.625 0
vt 0.6666666865348816 0
vt 0.7083333134651184 0
vt 0.75 0
vt 0.7916666865348816 0
vt 0.8333333134651184 0
vt 0.875 0
vt 0.9166666865348816 0
vt 0.9583333134651184 0
vt 1 0
vt 0.5 0.5
vt 1 0.5
vt 0.9829629063606262 0.6294095516204834
vt 0.9330127239227295 0.75
vt 0.8535534143447876 0.8535534143447876
vt 0.75 0.9330127239227295
vt 0.6294095516204834 0.9829629063606262
vt 0.370590478181839 0.9829629063606262
vt 0.25 0.9330127239227295
vt 0.1464466154575348 0.8535534143447876
vt 0.0669872984290123 0.75
vt 0.017037086188793182 0.6294095516204834
vt 0 0.5
vt 0.017037086188793182 0.370590478181839
vt 0.0669872984290123 0.25
vt 0.1464466154575348 0.1464466154575348
vt 0.25 0.0669872984290123
vt 0.370590478181839 0.017037086188793182
vt 0.6294095516204834 0.017037086188793182
vt 0.75 0.0669872984290123
vt 0.8535534143447876 0.1464466154575348
vt 0.9330127239227295 0.25
vt 0.9829629063606262 0.370590478181839
vn 0 0 1
vn -0.2588190471264927 0 0.9659258257467466
vn -0.5000000067305869 0 0.8660253998985324
vn -0.7071067811865476 0 0.7071067811865476
vn -0.8660253998985324 0 0.5000000067305869
vn -0.9659258257467466 0 0.2588190471264927
vn -1 0 6.123234262925839e-17
vn -0.9659258257467466 0 -0.2588190471264927
vn -0.8660253998985324 0 -0.5000000067305869
vn -0.7071067811865476 0 -0.7071067811865476
vn -0.5000000067305869 0 -0.8660253998985324
vn -0.2588190471264927 0 -0.9659258257467466
vn -1.2246468525851679e-16 0 -1
vn 0.2588190471264927 0 -0.9659258257467466
vn 0.5000000067305869 0 -0.8660253998985324
vn 0.7071067811865476 0 -0.7071067811865476
vn 0.8660253998985324 0 -0.5000000067305869
vn 0.9659258257467466 0 -0.2588190471264927
vn 1 0 -1.8369701465288538e-16
vn 0.9659258257467466 0 0.2588190471264927
vn 0.8660253998985324 0 0.5000000067305869
vn 0.7071067811865476 0 0.7071067811865476
vn 0.5000000067305869 0 0.8660253998985324
vn 0.2588190471264927 0 0.9659258257467466
vn 2.4492937051703357e-16 0 1
vn 0 -1 0
vn 0 1 0
f 943/948/630 967/973/630 944/949/631
f 967/973/630 968/974/631 944/949/631
f 944/949/631 968/974/631 945/950/632
f 968/974/631 969/975/632 945/950/632
f 945/950/632 969/975/632 946/951/633
f 969/975/632 970/976/633 946/951/633
f 946/951/633 970/976/633 947/952/634
f 970/976/633 971/977/634 947/952/634
f 947/952/634 971/977/634 948/953/635
f 971/977/634 972/978/635 948/953/635
f 948/953/635 972/978/635 949/954/636
f 972/978/635 973/979/636 949/954/636
f 949/954/636 973/979/636 950/955/637
f 973/979/636 974/980/637 950/955/637
f 950/955/637 974/980/637 951/956/638
f 974/980/637 975/981/638 951/956/638
f 951/956/638 975/981/638 952/957/639
f 975/981/638 976/982/639 952/957/639
f 952/957/639 976/982/639 953/958/640
f 976/982/639 977/983/640 953/958/640
f 953/958/640 977/983/640 954/959/641
f 977/983/640 978/984/641 954/959/641
f 954/959/641 978/984/641 955/960/642
f 978/984/641 979/985/642 955/960/642
f 955/960/642 979/985/642 956/961/643
f 979/985/642 980/986/643 956/961/643
f 956/961/643 980/986/643 957/962/644
f 980/986/643 981/987/644 957/962/644
f 957/962/644 981/987/644 958/963/645
f 981/987/644 982/988/645 958/963/645
f 958/963/645 982/988/645 959/964/646
f 982/988/645 983/989/646 959/964/646
f 959/964/646 983/989/646 960/965/647
f 983/989/646 984/990/647 960/965/647
f 960/965/647 984/990/647 961/966/648
f 984/990/647 985/991/648 961/966/648
f 961/966/648 985/991/648 962/967/649
f 985/991/648 986/992/649 962/967/649
f 962/967/649 986/992/649 963/968/650
f 986/992/649 987/993/650 963/968/650
f 963/968/650 987/993/650 964/969/651
f 987/993/650 988/994/651 964/969/651
f 964/969/651 988/994/651 965/970/652
f 988/994/651 989/995/652 965/970/652
f 965/970/652 989/995/652 966/971/653
f 989/995/652 990/996/653 966/971/653
f 966/971/653 990/996/653 943/972/654
f 990/996/653 967/997/654 943/972/654
f 943/999/655 944/1000/655 991/998/655
f 944/1000/655 945/1001/655 991/998/655
f 945/1001/655 946/1002/655 991/998/655
f 946/1002/655 947/1003/655 991/998/655
f 947/1003/655 948/1004/655 991/998/655
f 948/1004/655 949/960/655 991/998/655
f 949/960/655 950/1005/655 991/998/655
f 950/1005/655 951/1006/655 991/998/655
f 951/1006/655 952/1007/655 991/998/655
f 952/1007/655 953/1008/655 991/998/655
f 953/1008/655 954/1009/655 991/998/655
f 954/1009/655 955/1010/655 991/998/655
f 955/1010/655 956/1011/655 991/998/655
f 956/1011/655 957/1012/655 991/998/655
f 957/1012/655 958/1013/655 991/998/655
f 958/1013/655 959/1014/655 991/998/655
f 959/1014/655 960/1015/655 991/998/655
f 960/1015/655 961/985/655 991/998/655
f 961/985/655 962/1016/655 991/998/655
f 962/1016/655 963/1017/655 991/998/655
f 963/1017/655 964/1018/655 991/998/655
f 964/1018/655 965/1019/655 991/998/655
f 965/1019/655 966/1020/655 991/998/655
f 966/1020/655 943/999/655 991/998/655
f 968/1020/656 967/999/656 992/998/656
f 969/1019/656 968/1020/656 992/998/656
f 970/1018/656 969/1019/656 992/998/656
f 971/1017/656 970/1018/656 992/998/656
f 972/1016/656 971/1017/656 992/998/656
f 973/985/656 972/1016/656 992/998/656
f 974/1015/656 973/985/656 992/998/656
f 975/1014/656 974/1015/656 992/998/656
f 976/1013/656 975/1014/656 992/998/656
f 977/1012/656 976/1013/656 992/998/656
f 978/1011/656 977/1012/656 992/998/656
f 979/1010/656 978/1011/656 992/998/656
f 980/1009/656 979/1010/656 992/998/656
f 981/1008/656 980/1009/656 992/998/656
f 982/1007/656 981/1008/656 992/998/656
f 983/1006/656 982/1007/656 992/998/656
f 984/1005/656 983/1006/656 992/998/656
f 985/960/656 984/1005/656 992/998/656
f 986/1004/656 985/960/656 992/998/656
f 987/1003/656 986/1004/656 992/998/656
f 988/1002/656 987/1003/656 992/998/656
f 989/1001/656 988/1002/656 992/998/656
f 990/1000/656 989/1001/656 992/998/656
f 967/999/656 990/1000/656 992/998/656
o head_recess_1_-0.01
usemtl housing_graphite
v -0.01 0.02130000000712462 0.10524999997206032
v -0.00967647620360367 0.02130000000712462 0.10520740733109414
v -0.009375000013969839 0.02130000000712462 0.10508253175858408
v -0.009116116552613676 0.02130000000712462 0.10488388344738632
v -0.008917468241415918 0.02130000000712462 0.10462499998603016
v -0.008792592668905854 0.02130000000712462 0.10432352379639633
v -0.008750000027939677 0.02130000000712462 0.104
v -0.008792592668905854 0.02130000000712462 0.10367647620360367
v -0.008917468241415918 0.02130000000712462 0.10337500001396983
v -0.009116116552613676 0.02130000000712462 0.10311611655261367
v -0.009375000013969839 0.02130000000712462 0.10291746824141591
v -0.00967647620360367 0.02130000000712462 0.10279259266890585
v -0.01 0.02130000000712462 0.10275000002793967
v -0.01032352379639633 0.02130000000712462 0.10279259266890585
v -0.010624999986030162 0.02130000000712462 0.10291746824141591
v -0.010883883447386325 0.02130000000712462 0.10311611655261367
v -0.011082531758584082 0.02130000000712462 0.10337500001396983
v -0.011207407331094146 0.02130000000712462 0.10367647620360367
v -0.011249999972060323 0.02130000000712462 0.104
v -0.011207407331094146 0.02130000000712462 0.10432352379639633
v -0.011082531758584082 0.02130000000712462 0.10462499998603016
v -0.010883883447386325 0.02130000000712462 0.10488388344738632
v -0.010624999986030162 0.02130000000712462 0.10508253175858408
v -0.01032352379639633 0.02130000000712462 0.10520740733109414
v -0.01 0.020999999992875384 0.10524999997206032
v -0.00967647620360367 0.020999999992875384 0.10520740733109414
v -0.009375000013969839 0.020999999992875384 0.10508253175858408
v -0.009116116552613676 0.020999999992875384 0.10488388344738632
v -0.008917468241415918 0.020999999992875384 0.10462499998603016
v -0.008792592668905854 0.020999999992875384 0.10432352379639633
v -0.008750000027939677 0.020999999992875384 0.104
v -0.008792592668905854 0.020999999992875384 0.10367647620360367
v -0.008917468241415918 0.020999999992875384 0.10337500001396983
v -0.009116116552613676 0.020999999992875384 0.10311611655261367
v -0.009375000013969839 0.020999999992875384 0.10291746824141591
v -0.00967647620360367 0.020999999992875384 0.10279259266890585
v -0.01 0.020999999992875384 0.10275000002793967
v -0.01032352379639633 0.020999999992875384 0.10279259266890585
v -0.010624999986030162 0.020999999992875384 0.10291746824141591
v -0.010883883447386325 0.020999999992875384 0.10311611655261367
v -0.011082531758584082 0.020999999992875384 0.10337500001396983
v -0.011207407331094146 0.020999999992875384 0.10367647620360367
v -0.011249999972060323 0.020999999992875384 0.104
v -0.011207407331094146 0.020999999992875384 0.10432352379639633
v -0.011082531758584082 0.020999999992875384 0.10462499998603016
v -0.010883883447386325 0.020999999992875384 0.10488388344738632
v -0.010624999986030162 0.020999999992875384 0.10508253175858408
v -0.01032352379639633 0.020999999992875384 0.10520740733109414
v -0.01 0.02130000000712462 0.104
v -0.01 0.020999999992875384 0.104
vt 0 1
vt 0.0416666679084301 1
vt 0.0833333358168602 1
vt 0.125 1
vt 0.1666666716337204 1
vt 0.2083333283662796 1
vt 0.25 1
vt 0.2916666567325592 1
vt 0.3333333432674408 1
vt 0.375 1
vt 0.4166666567325592 1
vt 0.4583333432674408 1
vt 0.5 1
vt 0.5416666865348816 1
vt 0.5833333134651184 1
vt 0.625 1
vt 0.6666666865348816 1
vt 0.7083333134651184 1
vt 0.75 1
vt 0.7916666865348816 1
vt 0.8333333134651184 1
vt 0.875 1
vt 0.9166666865348816 1
vt 0.9583333134651184 1
vt 1 1
vt 0 0
vt 0.0416666679084301 0
vt 0.0833333358168602 0
vt 0.125 0
vt 0.1666666716337204 0
vt 0.2083333283662796 0
vt 0.25 0
vt 0.2916666567325592 0
vt 0.3333333432674408 0
vt 0.375 0
vt 0.4166666567325592 0
vt 0.4583333432674408 0
vt 0.5 0
vt 0.5416666865348816 0
vt 0.5833333134651184 0
vt 0.625 0
vt 0.6666666865348816 0
vt 0.7083333134651184 0
vt 0.75 0
vt 0.7916666865348816 0
vt 0.8333333134651184 0
vt 0.875 0
vt 0.9166666865348816 0
vt 0.9583333134651184 0
vt 1 0
vt 0.5 0.5
vt 1 0.5
vt 0.9829629063606262 0.6294095516204834
vt 0.9330127239227295 0.75
vt 0.8535534143447876 0.8535534143447876
vt 0.75 0.9330127239227295
vt 0.6294095516204834 0.9829629063606262
vt 0.370590478181839 0.9829629063606262
vt 0.25 0.9330127239227295
vt 0.1464466154575348 0.8535534143447876
vt 0.0669872984290123 0.75
vt 0.017037086188793182 0.6294095516204834
vt 0 0.5
vt 0.017037086188793182 0.370590478181839
vt 0.0669872984290123 0.25
vt 0.1464466154575348 0.1464466154575348
vt 0.25 0.0669872984290123
vt 0.370590478181839 0.017037086188793182
vt 0.6294095516204834 0.017037086188793182
vt 0.75 0.0669872984290123
vt 0.8535534143447876 0.1464466154575348
vt 0.9330127239227295 0.25
vt 0.9829629063606262 0.370590478181839
vn 0 0 1
vn 0.2588190471264927 0 0.9659258257467466
vn 0.5000000067305869 0 0.8660253998985324
vn 0.7071067811865476 0 0.7071067811865476
vn 0.8660253998985324 0 0.5000000067305869
vn 0.9659258257467466 0 0.2588190471264927
vn 1 0 6.123234262925839e-17
vn 0.9659258257467466 0 -0.2588190471264927
vn 0.8660253998985324 0 -0.5000000067305869
vn 0.7071067811865476 0 -0.7071067811865476
vn 0.5000000067305869 0 -0.8660253998985324
vn 0.2588190471264927 0 -0.9659258257467466
vn 1.2246468525851679e-16 0 -1
vn -0.2588190471264927 0 -0.9659258257467466
vn -0.5000000067305869 0 -0.8660253998985324
vn -0.7071067811865476 0 -0.7071067811865476
vn -0.8660253998985324 0 -0.5000000067305869
vn -0.9659258257467466 0 -0.2588190471264927
vn -1 0 -1.8369701465288538e-16
vn -0.9659258257467466 0 0.2588190471264927
vn -0.8660253998985324 0 0.5000000067305869
vn -0.7071067811865476 0 0.7071067811865476
vn -0.5000000067305869 0 0.8660253998985324
vn -0.2588190471264927 0 0.9659258257467466
vn -2.4492937051703357e-16 0 1
vn 0 1 0
vn 0 -1 0
f 993/1021/657 1017/1046/657 994/1022/658
f 1017/1046/657 1018/1047/658 994/1022/658
f 994/1022/658 1018/1047/658 995/1023/659
f 1018/1047/658 1019/1048/659 995/1023/659
f 995/1023/659 1019/1048/659 996/1024/660
f 1019/1048/659 1020/1049/660 996/1024/660
f 996/1024/660 1020/1049/660 997/1025/661
f 1020/1049/660 1021/1050/661 997/1025/661
f 997/1025/661 1021/1050/661 998/1026/662
f 1021/1050/661 1022/1051/662 998/1026/662
f 998/1026/662 1022/1051/662 999/1027/663
f 1022/1051/662 1023/1052/663 999/1027/663
f 999/1027/663 1023/1052/663 1000/1028/664
f 1023/1052/663 1024/1053/664 1000/1028/664
f 1000/1028/664 1024/1053/664 1001/1029/665
f 1024/1053/664 1025/1054/665 1001/1029/665
f 1001/1029/665 1025/1054/665 1002/1030/666
f 1025/1054/665 1026/1055/666 1002/1030/666
f 1002/1030/666 1026/1055/666 1003/1031/667
f 1026/1055/666 1027/1056/667 1003/1031/667
f 1003/1031/667 1027/1056/667 1004/1032/668
f 1027/1056/667 1028/1057/668 1004/1032/668
f 1004/1032/668 1028/1057/668 1005/1033/669
f 1028/1057/668 1029/1058/669 1005/1033/669
f 1005/1033/669 1029/1058/669 1006/1034/670
f 1029/1058/669 1030/1059/670 1006/1034/670
f 1006/1034/670 1030/1059/670 1007/1035/671
f 1030/1059/670 1031/1060/671 1007/1035/671
f 1007/1035/671 1031/1060/671 1008/1036/672
f 1031/1060/671 1032/1061/672 1008/1036/672
f 1008/1036/672 1032/1061/672 1009/1037/673
f 1032/1061/672 1033/1062/673 1009/1037/673
f 1009/1037/673 1033/1062/673 1010/1038/674
f 1033/1062/673 1034/1063/674 1010/1038/674
f 1010/1038/674 1034/1063/674 1011/1039/675
f 1034/1063/674 1035/1064/675 1011/1039/675
f 1011/1039/675 1035/1064/675 1012/1040/676
f 1035/1064/675 1036/1065/676 1012/1040/676
f 1012/1040/676 1036/1065/676 1013/1041/677
f 1036/1065/676 1037/1066/677 1013/1041/677
f 1013/1041/677 1037/1066/677 1014/1042/678
f 1037/1066/677 1038/1067/678 1014/1042/678
f 1014/1042/678 1038/1067/678 1015/1043/679
f 1038/1067/678 1039/1068/679 1015/1043/679
f 1015/1043/679 1039/1068/679 1016/1044/680
f 1039/1068/679 1040/1069/680 1016/1044/680
f 1016/1044/680 1040/1069/680 993/1045/681
f 1040/1069/680 1017/1070/681 993/1045/681
f 993/1072/682 994/1073/682 1041/1071/682
f 994/1073/682 995/1074/682 1041/1071/682
f 995/1074/682 996/1075/682 1041/1071/682
f 996/1075/682 997/1076/682 1041/1071/682
f 997/1076/682 998/1077/682 1041/1071/682
f 998/1077/682 999/1033/682 1041/1071/682
f 999/1033/682 1000/1078/682 1041/1071/682
f 1000/1078/682 1001/1079/682 1041/1071/682
f 1001/1079/682 1002/1080/682 1041/1071/682
f 1002/1080/682 1003/1081/682 1041/1071/682
f 1003/1081/682 1004/1082/682 1041/1071/682
f 1004/1082/682 1005/1083/682 1041/1071/682
f 1005/1083/682 1006/1084/682 1041/1071/682
f 1006/1084/682 1007/1085/682 1041/1071/682
f 1007/1085/682 1008/1086/682 1041/1071/682
f 1008/1086/682 1009/1087/682 1041/1071/682
f 1009/1087/682 1010/1088/682 1041/1071/682
f 1010/1088/682 1011/1058/682 1041/1071/682
f 1011/1058/682 1012/1089/682 1041/1071/682
f 1012/1089/682 1013/1090/682 1041/1071/682
f 1013/1090/682 1014/1091/682 1041/1071/682
f 1014/1091/682 1015/1092/682 1041/1071/682
f 1015/1092/682 1016/1093/682 1041/1071/682
f 1016/1093/682 993/1072/682 1041/1071/682
f 1018/1093/683 1017/1072/683 1042/1071/683
f 1019/1092/683 1018/1093/683 1042/1071/683
f 1020/1091/683 1019/1092/683 1042/1071/683
f 1021/1090/683 1020/1091/683 1042/1071/683
f 1022/1089/683 1021/1090/683 1042/1071/683
f 1023/1058/683 1022/1089/683 1042/1071/683
f 1024/1088/683 1023/1058/683 1042/1071/683
f 1025/1087/683 1024/1088/683 1042/1071/683
f 1026/1086/683 1025/1087/683 1042/1071/683
f 1027/1085/683 1026/1086/683 1042/1071/683
f 1028/1084/683 1027/1085/683 1042/1071/683
f 1029/1083/683 1028/1084/683 1042/1071/683
f 1030/1082/683 1029/1083/683 1042/1071/683
f 1031/1081/683 1030/1082/683 1042/1071/683
f 1032/1080/683 1031/1081/683 1042/1071/683
f 1033/1079/683 1032/1080/683 1042/1071/683
f 1034/1078/683 1033/1079/683 1042/1071/683
f 1035/1033/683 1034/1078/683 1042/1071/683
f 1036/1077/683 1035/1033/683 1042/1071/683
f 1037/1076/683 1036/1077/683 1042/1071/683
f 1038/1075/683 1037/1076/683 1042/1071/683
f 1039/1074/683 1038/1075/683 1042/1071/683
f 1040/1073/683 1039/1074/683 1042/1071/683
f 1017/1072/683 1040/1073/683 1042/1071/683
o head_recess_1_0.01
usemtl housing_graphite
v 0.01 0.02130000000712462 0.10524999997206032
v 0.01032352379639633 0.02130000000712462 0.10520740733109414
v 0.010624999986030162 0.02130000000712462 0.10508253175858408
v 0.010883883447386325 0.02130000000712462 0.10488388344738632
v 0.011082531758584082 0.02130000000712462 0.10462499998603016
v 0.011207407331094146 0.02130000000712462 0.10432352379639633
v 0.011249999972060323 0.02130000000712462 0.104
v 0.011207407331094146 0.02130000000712462 0.10367647620360367
v 0.011082531758584082 0.02130000000712462 0.10337500001396983
v 0.010883883447386325 0.02130000000712462 0.10311611655261367
v 0.010624999986030162 0.02130000000712462 0.10291746824141591
v 0.01032352379639633 0.02130000000712462 0.10279259266890585
v 0.01 0.02130000000712462 0.10275000002793967
v 0.00967647620360367 0.02130000000712462 0.10279259266890585
v 0.009375000013969839 0.02130000000712462 0.10291746824141591
v 0.009116116552613676 0.02130000000712462 0.10311611655261367
v 0.008917468241415918 0.02130000000712462 0.10337500001396983
v 0.008792592668905854 0.02130000000712462 0.10367647620360367
v 0.008750000027939677 0.02130000000712462 0.104
v 0.008792592668905854 0.02130000000712462 0.10432352379639633
v 0.008917468241415918 0.02130000000712462 0.10462499998603016
v 0.009116116552613676 0.02130000000712462 0.10488388344738632
v 0.009375000013969839 0.02130000000712462 0.10508253175858408
v 0.00967647620360367 0.02130000000712462 0.10520740733109414
v 0.01 0.020999999992875384 0.10524999997206032
v 0.01032352379639633 0.020999999992875384 0.10520740733109414
v 0.010624999986030162 0.020999999992875384 0.10508253175858408
v 0.010883883447386325 0.020999999992875384 0.10488388344738632
v 0.011082531758584082 0.020999999992875384 0.10462499998603016
v 0.011207407331094146 0.020999999992875384 0.10432352379639633
v 0.011249999972060323 0.020999999992875384 0.104
v 0.011207407331094146 0.020999999992875384 0.10367647620360367
v 0.011082531758584082 0.020999999992875384 0.10337500001396983
v 0.010883883447386325 0.020999999992875384 0.10311611655261367
v 0.010624999986030162 0.020999999992875384 0.10291746824141591
v 0.01032352379639633 0.020999999992875384 0.10279259266890585
v 0.01 0.020999999992875384 0.10275000002793967
v 0.00967647620360367 0.020999999992875384 0.10279259266890585
v 0.009375000013969839 0.020999999992875384 0.10291746824141591
v 0.009116116552613676 0.020999999992875384 0.10311611655261367
v 0.008917468241415918 0.020999999992875384 0.10337500001396983
v 0.008792592668905854 0.020999999992875384 0.10367647620360367
v 0.008750000027939677 0.020999999992875384 0.104
v 0.008792592668905854 0.020999999992875384 0.10432352379639633
v 0.008917468241415918 0.020999999992875384 0.10462499998603016
v 0.009116116552613676 0.020999999992875384 0.10488388344738632
v 0.009375000013969839 0.020999999992875384 0.10508253175858408
v 0.00967647620360367 0.020999999992875384 0.10520740733109414
v 0.01 0.02130000000712462 0.104
v 0.01 0.020999999992875384 0.104
vt 0 1
vt 0.0416666679084301 1
vt 0.0833333358168602 1
vt 0.125 1
vt 0.1666666716337204 1
vt 0.2083333283662796 1
vt 0.25 1
vt 0.2916666567325592 1
vt 0.3333333432674408 1
vt 0.375 1
vt 0.4166666567325592 1
vt 0.4583333432674408 1
vt 0.5 1
vt 0.5416666865348816 1
vt 0.5833333134651184 1
vt 0.625 1
vt 0.6666666865348816 1
vt 0.7083333134651184 1
vt 0.75 1
vt 0.7916666865348816 1
vt 0.8333333134651184 1
vt 0.875 1
vt 0.9166666865348816 1
vt 0.9583333134651184 1
vt 1 1
vt 0 0
vt 0.0416666679084301 0
vt 0.0833333358168602 0
vt 0.125 0
vt 0.1666666716337204 0
vt 0.2083333283662796 0
vt 0.25 0
vt 0.2916666567325592 0
vt 0.3333333432674408 0
vt 0.375 0
vt 0.4166666567325592 0
vt 0.4583333432674408 0
vt 0.5 0
vt 0.5416666865348816 0
vt 0.5833333134651184 0
vt 0.625 0
vt 0.6666666865348816 0
vt 0.7083333134651184 0
vt 0.75 0
vt 0.7916666865348816 0
vt 0.8333333134651184 0
vt 0.875 0
vt 0.9166666865348816 0
vt 0.9583333134651184 0
vt 1 0
vt 0.5 0.5
vt 1 0.5
vt 0.9829629063606262 0.6294095516204834
vt 0.9330127239227295 0.75
vt 0.8535534143447876 0.8535534143447876
vt 0.75 0.9330127239227295
vt 0.6294095516204834 0.9829629063606262
vt 0.370590478181839 0.9829629063606262
vt 0.25 0.9330127239227295
vt 0.1464466154575348 0.8535534143447876
vt 0.0669872984290123 0.75
vt 0.017037086188793182 0.6294095516204834
vt 0 0.5
vt 0.017037086188793182 0.370590478181839
vt 0.0669872984290123 0.25
vt 0.1464466154575348 0.1464466154575348
vt 0.25 0.0669872984290123
vt 0.370590478181839 0.017037086188793182
vt 0.6294095516204834 0.017037086188793182
vt 0.75 0.0669872984290123
vt 0.8535534143447876 0.1464466154575348
vt 0.9330127239227295 0.25
vt 0.9829629063606262 0.370590478181839
vn 0 0 1
vn 0.2588190471264927 0 0.9659258257467466
vn 0.5000000067305869 0 0.8660253998985324
vn 0.7071067811865476 0 0.7071067811865476
vn 0.8660253998985324 0 0.5000000067305869
vn 0.9659258257467466 0 0.2588190471264927
vn 1 0 6.123234262925839e-17
vn 0.9659258257467466 0 -0.2588190471264927
vn 0.8660253998985324 0 -0.5000000067305869
vn 0.7071067811865476 0 -0.7071067811865476
vn 0.5000000067305869 0 -0.8660253998985324
vn 0.2588190471264927 0 -0.9659258257467466
vn 1.2246468525851679e-16 0 -1
vn -0.2588190471264927 0 -0.9659258257467466
vn -0.5000000067305869 0 -0.8660253998985324
vn -0.7071067811865476 0 -0.7071067811865476
vn -0.8660253998985324 0 -0.5000000067305869
vn -0.9659258257467466 0 -0.2588190471264927
vn -1 0 -1.8369701465288538e-16
vn -0.9659258257467466 0 0.2588190471264927
vn -0.8660253998985324 0 0.5000000067305869
vn -0.7071067811865476 0 0.7071067811865476
vn -0.5000000067305869 0 0.8660253998985324
vn -0.2588190471264927 0 0.9659258257467466
vn -2.4492937051703357e-16 0 1
vn 0 1 0
vn 0 -1 0
f 1043/1094/684 1067/1119/684 1044/1095/685
f 1067/1119/684 1068/1120/685 1044/1095/685
f 1044/1095/685 1068/1120/685 1045/1096/686
f 1068/1120/685 1069/1121/686 1045/1096/686
f 1045/1096/686 1069/1121/686 1046/1097/687
f 1069/1121/686 1070/1122/687 1046/1097/687
f 1046/1097/687 1070/1122/687 1047/1098/688
f 1070/1122/687 1071/1123/688 1047/1098/688
f 1047/1098/688 1071/1123/688 1048/1099/689
f 1071/1123/688 1072/1124/689 1048/1099/689
f 1048/1099/689 1072/1124/689 1049/1100/690
f 1072/1124/689 1073/1125/690 1049/1100/690
f 1049/1100/690 1073/1125/690 1050/1101/691
f 1073/1125/690 1074/1126/691 1050/1101/691
f 1050/1101/691 1074/1126/691 1051/1102/692
f 1074/1126/691 1075/1127/692 1051/1102/692
f 1051/1102/692 1075/1127/692 1052/1103/693
f 1075/1127/692 1076/1128/693 1052/1103/693
f 1052/1103/693 1076/1128/693 1053/1104/694
f 1076/1128/693 1077/1129/694 1053/1104/694
f 1053/1104/694 1077/1129/694 1054/1105/695
f 1077/1129/694 1078/1130/695 1054/1105/695
f 1054/1105/695 1078/1130/695 1055/1106/696
f 1078/1130/695 1079/1131/696 1055/1106/696
f 1055/1106/696 1079/1131/696 1056/1107/697
f 1079/1131/696 1080/1132/697 1056/1107/697
f 1056/1107/697 1080/1132/697 1057/1108/698
f 1080/1132/697 1081/1133/698 1057/1108/698
f 1057/1108/698 1081/1133/698 1058/1109/699
f 1081/1133/698 1082/1134/699 1058/1109/699
f 1058/1109/699 1082/1134/699 1059/1110/700
f 1082/1134/699 1083/1135/700 1059/1110/700
f 1059/1110/700 1083/1135/700 1060/1111/701
f 1083/1135/700 1084/1136/701 1060/1111/701
f 1060/1111/701 1084/1136/701 1061/1112/702
f 1084/1136/701 1085/1137/702 1061/1112/702
f 1061/1112/702 1085/1137/702 1062/1113/703
f 1085/1137/702 1086/1138/703 1062/1113/703
f 1062/1113/703 1086/1138/703 1063/1114/704
f 1086/1138/703 1087/1139/704 1063/1114/704
f 1063/1114/704 1087/1139/704 1064/1115/705
f 1087/1139/704 1088/1140/705 1064/1115/705
f 1064/1115/705 1088/1140/705 1065/1116/706
f 1088/1140/705 1089/1141/706 1065/1116/706
f 1065/1116/706 1089/1141/706 1066/1117/707
f 1089/1141/706 1090/1142/707 1066/1117/707
f 1066/1117/707 1090/1142/707 1043/1118/708
f 1090/1142/707 1067/1143/708 1043/1118/708
f 1043/1145/709 1044/1146/709 1091/1144/709
f 1044/1146/709 1045/1147/709 1091/1144/709
f 1045/1147/709 1046/1148/709 1091/1144/709
f 1046/1148/709 1047/1149/709 1091/1144/709
f 1047/1149/709 1048/1150/709 1091/1144/709
f 1048/1150/709 1049/1106/709 1091/1144/709
f 1049/1106/709 1050/1151/709 1091/1144/709
f 1050/1151/709 1051/1152/709 1091/1144/709
f 1051/1152/709 1052/1153/709 1091/1144/709
f 1052/1153/709 1053/1154/709 1091/1144/709
f 1053/1154/709 1054/1155/709 1091/1144/709
f 1054/1155/709 1055/1156/709 1091/1144/709
f 1055/1156/709 1056/1157/709 1091/1144/709
f 1056/1157/709 1057/1158/709 1091/1144/709
f 1057/1158/709 1058/1159/709 1091/1144/709
f 1058/1159/709 1059/1160/709 1091/1144/709
f 1059/1160/709 1060/1161/709 1091/1144/709
f 1060/1161/709 1061/1131/709 1091/1144/709
f 1061/1131/709 1062/1162/709 1091/1144/709
f 1062/1162/709 1063/1163/709 1091/1144/709
f 1063/1163/709 1064/1164/709 1091/1144/709
f 1064/1164/709 1065/1165/709 1091/1144/709
f 1065/1165/709 1066/1166/709 1091/1144/709
f 1066/1166/709 1043/1145/709 1091/1144/709
f 1068/1166/710 1067/1145/710 1092/1144/710
f 1069/1165/710 1068/1166/710 1092/1144/710
f 1070/1164/710 1069/1165/710 1092/1144/710
f 1071/1163/710 1070/1164/710 1092/1144/710
f 1072/1162/710 1071/1163/710 1092/1144/710
f 1073/1131/710 1072/1162/710 1092/1144/710
f 1074/1161/710 1073/1131/710 1092/1144/710
f 1075/1160/710 1074/1161/710 1092/1144/710
f 1076/1159/710 1075/1160/710 1092/1144/710
f 1077/1158/710 1076/1159/710 1092/1144/710
f 1078/1157/710 1077/1158/710 1092/1144/710
f 1079/1156/710 1078/1157/710 1092/1144/710
f 1080/1155/710 1079/1156/710 1092/1144/710
f 1081/1154/710 1080/1155/710 1092/1144/710
f 1082/1153/710 1081/1154/710 1092/1144/710
f 1083/1152/710 1082/1153/710 1092/1144/710
f 1084/1151/710 1083/1152/710 1092/1144/710
f 1085/1106/710 1084/1151/710 1092/1144/710
f 1086/1150/710 1085/1106/710 1092/1144/710
f 1087/1149/710 1086/1150/710 1092/1144/710
f 1088/1148/710 1087/1149/710 1092/1144/710
f 1089/1147/710 1088/1148/710 1092/1144/710
f 1090/1146/710 1089/1147/710 1092/1144/710
f 1067/1145/710 1090/1146/710 1092/1144/710
o truss_pivot_socket_-1_-1
usemtl anodized_silver
v 0.0105 -0.02079999997615814 0.11510000018998981
v 0.00987426211545244 -0.02079999997615814 0.115050753249228
v 0.009263932031579316 -0.02079999997615814 0.11490422617308796
v 0.008684037976898254 -0.02079999997615814 0.1146640262067318
v 0.008148858930915595 -0.02079999997615814 0.11433606794700027
v 0.007671572875231505 -0.02079999997615814 0.1139284271247685
v 0.0072639320529997355 -0.02079999997615814 0.11345114106908441
v 0.006935973793268204 -0.02079999997615814 0.11291596202310175
v 0.006695773826912046 -0.02079999997615814 0.11233606796842069
v 0.006549246750772 -0.02079999997615814 0.11172573788454757
v 0.006499999810010195 -0.02079999997615814 0.1111
v 0.006549246750772 -0.02079999997615814 0.11047426211545244
v 0.006695773826912046 -0.02079999997615814 0.10986393203157932
v 0.006935973793268204 -0.02079999997615814 0.10928403797689826
v 0.0072639320529997355 -0.02079999997615814 0.1087488589309156
v 0.007671572875231505 -0.02079999997615814 0.10827157287523151
v 0.008148858930915595 -0.02079999997615814 0.10786393205299974
v 0.008684037976898254 -0.02079999997615814 0.10753597379326821
v 0.009263932031579316 -0.02079999997615814 0.10729577382691205
v 0.00987426211545244 -0.02079999997615814 0.107149246750772
v 0.0105 -0.02079999997615814 0.1070999998100102
v 0.011125737884547562 -0.02079999997615814 0.107149246750772
v 0.011736067968420685 -0.02079999997615814 0.10729577382691205
v 0.012315962023101748 -0.02079999997615814 0.10753597379326821
v 0.012851141069084407 -0.02079999997615814 0.10786393205299974
v 0.013328427124768496 -0.02079999997615814 0.10827157287523151
v 0.013736067947000266 -0.02079999997615814 0.1087488589309156
v 0.014064026206731797 -0.02079999997615814 0.10928403797689826
v 0.014304226173087955 -0.02079999997615814 0.10986393203157932
v 0.014450753249228001 -0.02079999997615814 0.11047426211545244
v 0.014500000189989806 -0.02079999997615814 0.1111
v 0.014450753249228001 -0.02079999997615814 0.11172573788454757
v 0.014304226173087955 -0.02079999997615814 0.11233606796842069
v 0.014064026206731797 -0.02079999997615814 0.11291596202310175
v 0.013736067947000266 -0.02079999997615814 0.11345114106908441
v 0.013328427124768496 -0.02079999997615814 0.1139284271247685
v 0.012851141069084407 -0.02079999997615814 0.11433606794700027
v 0.012315962023101748 -0.02079999997615814 0.1146640262067318
v 0.011736067968420685 -0.02079999997615814 0.11490422617308796
v 0.011125737884547562 -0.02079999997615814 0.115050753249228
v 0.010500000000000002 -0.02079999997615814 0.11510000018998981
v 0.0105 -0.012000000023841856 0.11510000018998981
v 0.00987426211545244 -0.012000000023841856 0.115050753249228
v 0.009263932031579316 -0.012000000023841856 0.11490422617308796
v 0.008684037976898254 -0.012000000023841856 0.1146640262067318
v 0.008148858930915595 -0.012000000023841856 0.11433606794700027
v 0.007671572875231505 -0.012000000023841856 0.1139284271247685
v 0.0072639320529997355 -0.012000000023841856 0.11345114106908441
v 0.006935973793268204 -0.012000000023841856 0.11291596202310175
v 0.006695773826912046 -0.012000000023841856 0.11233606796842069
v 0.006549246750772 -0.012000000023841856 0.11172573788454757
v 0.006499999810010195 -0.012000000023841856 0.1111
v 0.006549246750772 -0.012000000023841856 0.11047426211545244
v 0.006695773826912046 -0.012000000023841856 0.10986393203157932
v 0.006935973793268204 -0.012000000023841856 0.10928403797689826
v 0.0072639320529997355 -0.012000000023841856 0.1087488589309156
v 0.007671572875231505 -0.012000000023841856 0.10827157287523151
v 0.008148858930915595 -0.012000000023841856 0.10786393205299974
v 0.008684037976898254 -0.012000000023841856 0.10753597379326821
v 0.009263932031579316 -0.012000000023841856 0.10729577382691205
v 0.00987426211545244 -0.012000000023841856 0.107149246750772
v 0.0105 -0.012000000023841856 0.1070999998100102
v 0.011125737884547562 -0.012000000023841856 0.107149246750772
v 0.011736067968420685 -0.012000000023841856 0.10729577382691205
v 0.012315962023101748 -0.012000000023841856 0.10753597379326821
v 0.012851141069084407 -0.012000000023841856 0.10786393205299974
v 0.013328427124768496 -0.012000000023841856 0.10827157287523151
v 0.013736067947000266 -0.012000000023841856 0.1087488589309156
v 0.014064026206731797 -0.012000000023841856 0.10928403797689826
v 0.014304226173087955 -0.012000000023841856 0.10986393203157932
v 0.014450753249228001 -0.012000000023841856 0.11047426211545244
v 0.014500000189989806 -0.012000000023841856 0.1111
v 0.014450753249228001 -0.012000000023841856 0.11172573788454757
v 0.014304226173087955 -0.012000000023841856 0.11233606796842069
v 0.014064026206731797 -0.012000000023841856 0.11291596202310175
v 0.013736067947000266 -0.012000000023841856 0.11345114106908441
v 0.013328427124768496 -0.012000000023841856 0.1139284271247685
v 0.012851141069084407 -0.012000000023841856 0.11433606794700027
v 0.012315962023101748 -0.012000000023841856 0.1146640262067318
v 0.011736067968420685 -0.012000000023841856 0.11490422617308796
v 0.011125737884547562 -0.012000000023841856 0.115050753249228
v 0.010500000000000002 -0.012000000023841856 0.11510000018998981
v 0.0105 -0.02079999997615814 0.1111
v 0.0105 -0.012000000023841856 0.1111
vt 0 1
vt 0.02500000037252903 1
vt 0.05000000074505806 1
vt 0.07500000298023224 1
vt 0.10000000149011612 1
vt 0.125 1
vt 0.15000000596046448 1
vt 0.17499999701976776 1
vt 0.20000000298023224 1
vt 0.22499999403953552 1
vt 0.25 1
vt 0.2750000059604645 1
vt 0.30000001192092896 1
vt 0.32499998807907104 1
vt 0.3499999940395355 1
vt 0.375 1
vt 0.4000000059604645 1
vt 0.42500001192092896 1
vt 0.44999998807907104 1
vt 0.4749999940395355 1
vt 0.5 1
vt 0.5249999761581421 1
vt 0.550000011920929 1
vt 0.574999988079071 1
vt 0.6000000238418579 1
vt 0.625 1
vt 0.6499999761581421 1
vt 0.675000011920929 1
vt 0.699999988079071 1
vt 0.7250000238418579 1
vt 0.75 1
vt 0.7749999761581421 1
vt 0.800000011920929 1
vt 0.824999988079071 1
vt 0.8500000238418579 1
vt 0.875 1
vt 0.8999999761581421 1
vt 0.925000011920929 1
vt 0.949999988079071 1
vt 0.9750000238418579 1
vt 1 1
vt 0 0
vt 0.02500000037252903 0
vt 0.05000000074505806 0
vt 0.07500000298023224 0
vt 0.10000000149011612 0
vt 0.125 0
vt 0.15000000596046448 0
vt 0.17499999701976776 0
vt 0.20000000298023224 0
vt 0.22499999403953552 0
vt 0.25 0
vt 0.2750000059604645 0
vt 0.30000001192092896 0
vt 0.32499998807907104 0
vt 0.3499999940395355 0
vt 0.375 0
vt 0.4000000059604645 0
vt 0.42500001192092896 0
vt 0.44999998807907104 0
vt 0.4749999940395355 0
vt 0.5 0
vt 0.5249999761581421 0
vt 0.550000011920929 0
vt 0.574999988079071 0
vt 0.6000000238418579 0
vt 0.625 0
vt 0.6499999761581421 0
vt 0.675000011920929 0
vt 0.699999988079071 0
vt 0.7250000238418579 0
vt 0.75 0
vt 0.7749999761581421 0
vt 0.800000011920929 0
vt 0.824999988079071 0
vt 0.8500000238418579 0
vt 0.875 0
vt 0.8999999761581421 0
vt 0.925000011920929 0
vt 0.949999988079071 0
vt 0.9750000238418579 0
vt 1 0
vt 0.5 0.5
vt 1 0.5
vt 0.9938441514968872 0.5782172083854675
vt 0.9755282402038574 0.6545084714889526
vt 0.9455032348632812 0.7269952297210693
vt 0.9045084714889526 0.7938926219940186
vt 0.8535534143447876 0.8535534143447876
vt 0.7938926219940186 0.9045084714889526
vt 0.7269952297210693 0.9455032348632812
vt 0.6545084714889526 0.9755282402038574
vt 0.5782172083854675 0.9938441514968872
vt 0.4217827618122101 0.9938441514968872
vt 0.345491498708725 0.9755282402038574
vt 0.2730047404766083 0.9455032348632812
vt 0.20610737800598145 0.9045084714889526
vt 0.1464466154575348 0.8535534143447876
vt 0.09549150615930557 0.7938926219940186
vt 0.05449673905968666 0.7269952297210693
vt 0.024471741169691086 0.6545084714889526
vt 0.006155829876661301 0.5782172083854675
vt 0 0.5
vt 0.006155829876661301 0.4217827618122101
vt 0.024471741169691086 0.345491498708725
vt 0.05449673905968666 0.2730047404766083
vt 0.09549150615930557 0.20610737800598145
vt 0.1464466154575348 0.1464466154575348
vt 0.20610737800598145 0.09549150615930557
vt 0.2730047404766083 0.05449673905968666
vt 0.345491498708725 0.024471741169691086
vt 0.4217827618122101 0.006155829876661301
vt 0.5782172083854675 0.006155829876661301
vt 0.6545084714889526 0.024471741169691086
vt 0.7269952297210693 0.05449673905968666
vt 0.7938926219940186 0.09549150615930557
vt 0.8535534143447876 0.1464466154575348
vt 0.9045084714889526 0.20610737800598145
vt 0.9455032348632812 0.2730047404766083
vt 0.9755282402038574 0.345491498708725
vt 0.9938441514968872 0.4217827618122101
vn 0 0 1
vn -0.15643445816198648 0 0.9876883416845447
vn -0.3090169948284817 0 0.9510565161477913
vn -0.45399048932725333 0 0.8910065294936963
vn -0.5877852429542022 0 0.8090170011595983
vn -0.7071067811865476 0 0.7071067811865476
vn -0.8090170011595983 0 0.5877852429542022
vn -0.8910065294936963 0 0.45399048932725333
vn -0.9510565161477913 0 0.3090169948284817
vn -0.9876883416845447 0 0.15643445816198648
vn -1 0 6.123234262925839e-17
vn -0.9876883416845447 0 -0.15643445816198648
vn -0.9510565161477913 0 -0.3090169948284817
vn -0.8910065294936963 0 -0.45399048932725333
vn -0.8090170011595983 0 -0.5877852429542022
vn -0.7071067811865476 0 -0.7071067811865476
vn -0.5877852429542022 0 -0.8090170011595983
vn -0.45399048932725333 0 -0.8910065294936963
vn -0.3090169948284817 0 -0.9510565161477913
vn -0.15643445816198648 0 -0.9876883416845447
vn -1.2246468525851679e-16 0 -1
vn 0.15643445816198648 0 -0.9876883416845447
vn 0.3090169948284817 0 -0.9510565161477913
vn 0.45399048932725333 0 -0.8910065294936963
vn 0.5877852429542022 0 -0.8090170011595983
vn 0.7071067811865476 0 -0.7071067811865476
vn 0.8090170011595983 0 -0.5877852429542022
vn 0.8910065294936963 0 -0.45399048932725333
vn 0.9510565161477913 0 -0.3090169948284817
vn 0.9876883416845447 0 -0.15643445816198648
vn 1 0 -1.8369701465288538e-16
vn 0.9876883416845447 0 0.15643445816198648
vn 0.9510565161477913 0 0.3090169948284817
vn 0.8910065294936963 0 0.45399048932725333
vn 0.8090170011595983 0 0.5877852429542022
vn 0.7071067811865476 0 0.7071067811865476
vn 0.5877852429542022 0 0.8090170011595983
vn 0.45399048932725333 0 0.8910065294936963
vn 0.3090169948284817 0 0.9510565161477913
vn 0.15643445816198648 0 0.9876883416845447
vn 2.4492937051703357e-16 0 1
vn 0 -1 0
vn 0 1 0
f 1093/1167/711 1134/1208/711 1094/1168/712
f 1134/1208/711 1135/1209/712 1094/1168/712
f 1094/1168/712 1135/1209/712 1095/1169/713
f 1135/1209/712 1136/1210/713 1095/1169/713
f 1095/1169/713 1136/1210/713 1096/1170/714
f 1136/1210/713 1137/1211/714 1096/1170/714
f 1096/1170/714 1137/1211/714 1097/1171/715
f 1137/1211/714 1138/1212/715 1097/1171/715
f 1097/1171/715 1138/1212/715 1098/1172/716
f 1138/1212/715 1139/1213/716 1098/1172/716
f 1098/1172/716 1139/1213/716 1099/1173/717
f 1139/1213/716 1140/1214/717 1099/1173/717
f 1099/1173/717 1140/1214/717 1100/1174/718
f 1140/1214/717 1141/1215/718 1100/1174/718
f 1100/1174/718 1141/1215/718 1101/1175/719
f 1141/1215/718 1142/1216/719 1101/1175/719
f 1101/1175/719 1142/1216/719 1102/1176/720
f 1142/1216/719 1143/1217/720 1102/1176/720
f 1102/1176/720 1143/1217/720 1103/1177/721
f 1143/1217/720 1144/1218/721 1103/1177/721
f 1103/1177/721 1144/1218/721 1104/1178/722
f 1144/1218/721 1145/1219/722 1104/1178/722
f 1104/1178/722 1145/1219/722 1105/1179/723
f 1145/1219/722 1146/1220/723 1105/1179/723
f 1105/1179/723 1146/1220/723 1106/1180/724
f 1146/1220/723 1147/1221/724 1106/1180/724
f 1106/1180/724 1147/1221/724 1107/1181/725
f 1147/1221/724 1148/1222/725 1107/1181/725
f 1107/1181/725 1148/1222/725 1108/1182/726
f 1148/1222/725 1149/1223/726 1108/1182/726
f 1108/1182/726 1149/1223/726 1109/1183/727
f 1149/1223/726 1150/1224/727 1109/1183/727
f 1109/1183/727 1150/1224/727 1110/1184/728
f 1150/1224/727 1151/1225/728 1110/1184/728
f 1110/1184/728 1151/1225/728 1111/1185/729
f 1151/1225/728 1152/1226/729 1111/1185/729
f 1111/1185/729 1152/1226/729 1112/1186/730
f 1152/1226/729 1153/1227/730 1112/1186/730
f 1112/1186/730 1153/1227/730 1113/1187/731
f 1153/1227/730 1154/1228/731 1113/1187/731
f 1113/1187/731 1154/1228/731 1114/1188/732
f 1154/1228/731 1155/1229/732 1114/1188/732
f 1114/1188/732 1155/1229/732 1115/1189/733
f 1155/1229/732 1156/1230/733 1115/1189/733
f 1115/1189/733 1156/1230/733 1116/1190/734
f 1156/1230/733 1157/1231/734 1116/1190/734
f 1116/1190/734 1157/1231/734 1117/1191/735
f 1157/1231/734 1158/1232/735 1117/1191/735
f 1117/1191/735 1158/1232/735 1118/1192/736
f 1158/1232/735 1159/1233/736 1118/1192/736
f 1118/1192/736 1159/1233/736 1119/1193/737
f 1159/1233/736 1160/1234/737 1119/1193/737
f 1119/1193/737 1160/1234/737 1120/1194/738
f 1160/1234/737 1161/1235/738 1120/1194/738
f 1120/1194/738 1161/1235/738 1121/1195/739
f 1161/1235/738 1162/1236/739 1121/1195/739
f 1121/1195/739 1162/1236/739 1122/1196/740
f 1162/1236/739 1163/1237/740 1122/1196/740
f 1122/1196/740 1163/1237/740 1123/1197/741
f 1163/1237/740 1164/1238/741 1123/1197/741
f 1123/1197/741 1164/1238/741 1124/1198/742
f 1164/1238/741 1165/1239/742 1124/1198/742
f 1124/1198/742 1165/1239/742 1125/1199/743
f 1165/1239/742 1166/1240/743 1125/1199/743
f 1125/1199/743 1166/1240/743 1126/1200/744
f 1166/1240/743 1167/1241/744 1126/1200/744
f 1126/1200/744 1167/1241/744 1127/1201/745
f 1167/1241/744 1168/1242/745 1127/1201/745
f 1127/1201/745 1168/1242/745 1128/1202/746
f 1168/1242/745 1169/1243/746 1128/1202/746
f 1128/1202/746 1169/1243/746 1129/1203/747
f 1169/1243/746 1170/1244/747 1129/1203/747
f 1129/1203/747 1170/1244/747 1130/1204/748
f 1170/1244/747 1171/1245/748 1130/1204/748
f 1130/1204/748 1171/1245/748 1131/1205/749
f 1171/1245/748 1172/1246/749 1131/1205/749
f 1131/1205/749 1172/1246/749 1132/1206/750
f 1172/1246/749 1173/1247/750 1132/1206/750
f 1132/1206/750 1173/1247/750 1133/1207/751
f 1173/1247/750 1174/1248/751 1133/1207/751
f 1093/1250/752 1094/1251/752 1175/1249/752
f 1094/1251/752 1095/1252/752 1175/1249/752
f 1095/1252/752 1096/1253/752 1175/1249/752
f 1096/1253/752 1097/1254/752 1175/1249/752
f 1097/1254/752 1098/1255/752 1175/1249/752
f 1098/1255/752 1099/1256/752 1175/1249/752
f 1099/1256/752 1100/1257/752 1175/1249/752
f 1100/1257/752 1101/1258/752 1175/1249/752
f 1101/1258/752 1102/1259/752 1175/1249/752
f 1102/1259/752 1103/1187/752 1175/1249/752
f 1103/1187/752 1104/1260/752 1175/1249/752
f 1104/1260/752 1105/1261/752 1175/1249/752
f 1105/1261/752 1106/1262/752 1175/1249/752
f 1106/1262/752 1107/1263/752 1175/1249/752
f 1107/1263/752 1108/1264/752 1175/1249/752
f 1108/1264/752 1109/1265/752 1175/1249/752
f 1109/1265/752 1110/1266/752 1175/1249/752
f 1110/1266/752 1111/1267/752 1175/1249/752
f 1111/1267/752 1112/1268/752 1175/1249/752
f 1112/1268/752 1113/1269/752 1175/1249/752
f 1113/1269/752 1114/1270/752 1175/1249/752
f 1114/1270/752 1115/1271/752 1175/1249/752
f 1115/1271/752 1116/1272/752 1175/1249/752
f 1116/1272/752 1117/1273/752 1175/1249/752
f 1117/1273/752 1118/1274/752 1175/1249/752
f 1118/1274/752 1119/1275/752 1175/1249/752
f 1119/1275/752 1120/1276/752 1175/1249/752
f 1120/1276/752 1121/1277/752 1175/1249/752
f 1121/1277/752 1122/1278/752 1175/1249/752
f 1122/1278/752 1123/1228/752 1175/1249/752
f 1123/1228/752 1124/1279/752 1175/1249/752
f 1124/1279/752 1125/1280/752 1175/1249/752
f 1125/1280/752 1126/1281/752 1175/1249/752
f 1126/1281/752 1127/1282/752 1175/1249/752
f 1127/1282/752 1128/1283/752 1175/1249/752
f 1128/1283/752 1129/1284/752 1175/1249/752
f 1129/1284/752 1130/1285/752 1175/1249/752
f 1130/1285/752 1131/1286/752 1175/1249/752
f 1131/1286/752 1132/1287/752 1175/1249/752
f 1132/1287/752 1133/1250/752 1175/1249/752
f 1135/1287/753 1134/1250/753 1176/1249/753
f 1136/1286/753 1135/1287/753 1176/1249/753
f 1137/1285/753 1136/1286/753 1176/1249/753
f 1138/1284/753 1137/1285/753 1176/1249/753
f 1139/1283/753 1138/1284/753 1176/1249/753
f 1140/1282/753 1139/1283/753 1176/1249/753
f 1141/1281/753 1140/1282/753 1176/1249/753
f 1142/1280/753 1141/1281/753 1176/1249/753
f 1143/1279/753 1142/1280/753 1176/1249/753
f 1144/1228/753 1143/1279/753 1176/1249/753
f 1145/1278/753 1144/1228/753 1176/1249/753
f 1146/1277/753 1145/1278/753 1176/1249/753
f 1147/1276/753 1146/1277/753 1176/1249/753
f 1148/1275/753 1147/1276/753 1176/1249/753
f 1149/1274/753 1148/1275/753 1176/1249/753
f 1150/1273/753 1149/1274/753 1176/1249/753
f 1151/1272/753 1150/1273/753 1176/1249/753
f 1152/1271/753 1151/1272/753 1176/1249/753
f 1153/1270/753 1152/1271/753 1176/1249/753
f 1154/1269/753 1153/1270/753 1176/1249/753
f 1155/1268/753 1154/1269/753 1176/1249/753
f 1156/1267/753 1155/1268/753 1176/1249/753
f 1157/1266/753 1156/1267/753 1176/1249/753
f 1158/1265/753 1157/1266/753 1176/1249/753
f 1159/1264/753 1158/1265/753 1176/1249/753
f 1160/1263/753 1159/1264/753 1176/1249/753
f 1161/1262/753 1160/1263/753 1176/1249/753
f 1162/1261/753 1161/1262/753 1176/1249/753
f 1163/1260/753 1162/1261/753 1176/1249/753
f 1164/1187/753 1163/1260/753 1176/1249/753
f 1165/1259/753 1164/1187/753 1176/1249/753
f 1166/1258/753 1165/1259/753 1176/1249/753
f 1167/1257/753 1166/1258/753 1176/1249/753
f 1168/1256/753 1167/1257/753 1176/1249/753
f 1169/1255/753 1168/1256/753 1176/1249/753
f 1170/1254/753 1169/1255/753 1176/1249/753
f 1171/1253/753 1170/1254/753 1176/1249/753
f 1172/1252/753 1171/1253/753 1176/1249/753
f 1173/1251/753 1172/1252/753 1176/1249/753
f 1174/1250/753 1173/1251/753 1176/1249/753
o truss_pivot_socket_-1_1
usemtl anodized_silver
v 0.0105 0.02079999997615814 0.11510000018998981
v 0.011125737884547562 0.02079999997615814 0.115050753249228
v 0.011736067968420685 0.02079999997615814 0.11490422617308796
v 0.012315962023101748 0.02079999997615814 0.1146640262067318
v 0.012851141069084407 0.02079999997615814 0.11433606794700027
v 0.013328427124768496 0.02079999997615814 0.1139284271247685
v 0.013736067947000266 0.02079999997615814 0.11345114106908441
v 0.014064026206731797 0.02079999997615814 0.11291596202310175
v 0.014304226173087955 0.02079999997615814 0.11233606796842069
v 0.014450753249228001 0.02079999997615814 0.11172573788454757
v 0.014500000189989806 0.02079999997615814 0.1111
v 0.014450753249228001 0.02079999997615814 0.11047426211545244
v 0.014304226173087955 0.02079999997615814 0.10986393203157932
v 0.014064026206731797 0.02079999997615814 0.10928403797689826
v 0.013736067947000266 0.02079999997615814 0.1087488589309156
v 0.013328427124768496 0.02079999997615814 0.10827157287523151
v 0.012851141069084407 0.02079999997615814 0.10786393205299974
v 0.012315962023101748 0.02079999997615814 0.10753597379326821
v 0.011736067968420685 0.02079999997615814 0.10729577382691205
v 0.011125737884547562 0.02079999997615814 0.107149246750772
v 0.0105 0.02079999997615814 0.1070999998100102
v 0.00987426211545244 0.02079999997615814 0.107149246750772
v 0.009263932031579316 0.02079999997615814 0.10729577382691205
v 0.008684037976898254 0.02079999997615814 0.10753597379326821
v 0.008148858930915595 0.02079999997615814 0.10786393205299974
v 0.007671572875231505 0.02079999997615814 0.10827157287523151
v 0.0072639320529997355 0.02079999997615814 0.1087488589309156
v 0.006935973793268204 0.02079999997615814 0.10928403797689826
v 0.006695773826912046 0.02079999997615814 0.10986393203157932
v 0.006549246750772 0.02079999997615814 0.11047426211545244
v 0.006499999810010195 0.02079999997615814 0.1111
v 0.006549246750772 0.02079999997615814 0.11172573788454757
v 0.006695773826912046 0.02079999997615814 0.11233606796842069
v 0.006935973793268204 0.02079999997615814 0.11291596202310175
v 0.0072639320529997355 0.02079999997615814 0.11345114106908441
v 0.007671572875231505 0.02079999997615814 0.1139284271247685
v 0.008148858930915595 0.02079999997615814 0.11433606794700027
v 0.008684037976898254 0.02079999997615814 0.1146640262067318
v 0.009263932031579316 0.02079999997615814 0.11490422617308796
v 0.00987426211545244 0.02079999997615814 0.115050753249228
v 0.010499999999999999 0.02079999997615814 0.11510000018998981
v 0.0105 0.012000000023841856 0.11510000018998981
v 0.011125737884547562 0.012000000023841856 0.115050753249228
v 0.011736067968420685 0.012000000023841856 0.11490422617308796
v 0.012315962023101748 0.012000000023841856 0.1146640262067318
v 0.012851141069084407 0.012000000023841856 0.11433606794700027
v 0.013328427124768496 0.012000000023841856 0.1139284271247685
v 0.013736067947000266 0.012000000023841856 0.11345114106908441
v 0.014064026206731797 0.012000000023841856 0.11291596202310175
v 0.014304226173087955 0.012000000023841856 0.11233606796842069
v 0.014450753249228001 0.012000000023841856 0.11172573788454757
v 0.014500000189989806 0.012000000023841856 0.1111
v 0.014450753249228001 0.012000000023841856 0.11047426211545244
v 0.014304226173087955 0.012000000023841856 0.10986393203157932
v 0.014064026206731797 0.012000000023841856 0.10928403797689826
v 0.013736067947000266 0.012000000023841856 0.1087488589309156
v 0.013328427124768496 0.012000000023841856 0.10827157287523151
v 0.012851141069084407 0.012000000023841856 0.10786393205299974
v 0.012315962023101748 0.012000000023841856 0.10753597379326821
v 0.011736067968420685 0.012000000023841856 0.10729577382691205
v 0.011125737884547562 0.012000000023841856 0.107149246750772
v 0.0105 0.012000000023841856 0.1070999998100102
v 0.00987426211545244 0.012000000023841856 0.107149246750772
v 0.009263932031579316 0.012000000023841856 0.10729577382691205
v 0.008684037976898254 0.012000000023841856 0.10753597379326821
v 0.008148858930915595 0.012000000023841856 0.10786393205299974
v 0.007671572875231505 0.012000000023841856 0.10827157287523151
v 0.0072639320529997355 0.012000000023841856 0.1087488589309156
v 0.006935973793268204 0.012000000023841856 0.10928403797689826
v 0.006695773826912046 0.012000000023841856 0.10986393203157932
v 0.006549246750772 0.012000000023841856 0.11047426211545244
v 0.006499999810010195 0.012000000023841856 0.1111
v 0.006549246750772 0.012000000023841856 0.11172573788454757
v 0.006695773826912046 0.012000000023841856 0.11233606796842069
v 0.006935973793268204 0.012000000023841856 0.11291596202310175
v 0.0072639320529997355 0.012000000023841856 0.11345114106908441
v 0.007671572875231505 0.012000000023841856 0.1139284271247685
v 0.008148858930915595 0.012000000023841856 0.11433606794700027
v 0.008684037976898254 0.012000000023841856 0.1146640262067318
v 0.009263932031579316 0.012000000023841856 0.11490422617308796
v 0.00987426211545244 0.012000000023841856 0.115050753249228
v 0.010499999999999999 0.012000000023841856 0.11510000018998981
v 0.0105 0.02079999997615814 0.1111
v 0.0105 0.012000000023841856 0.1111
vt 0 1
vt 0.02500000037252903 1
vt 0.05000000074505806 1
vt 0.07500000298023224 1
vt 0.10000000149011612 1
vt 0.125 1
vt 0.15000000596046448 1
vt 0.17499999701976776 1
vt 0.20000000298023224 1
vt 0.22499999403953552 1
vt 0.25 1
vt 0.2750000059604645 1
vt 0.30000001192092896 1
vt 0.32499998807907104 1
vt 0.3499999940395355 1
vt 0.375 1
vt 0.4000000059604645 1
vt 0.42500001192092896 1
vt 0.44999998807907104 1
vt 0.4749999940395355 1
vt 0.5 1
vt 0.5249999761581421 1
vt 0.550000011920929 1
vt 0.574999988079071 1
vt 0.6000000238418579 1
vt 0.625 1
vt 0.6499999761581421 1
vt 0.675000011920929 1
vt 0.699999988079071 1
vt 0.7250000238418579 1
vt 0.75 1
vt 0.7749999761581421 1
vt 0.800000011920929 1
vt 0.824999988079071 1
vt 0.8500000238418579 1
vt 0.875 1
vt 0.8999999761581421 1
vt 0.925000011920929 1
vt 0.949999988079071 1
vt 0.9750000238418579 1
vt 1 1
vt 0 0
vt 0.02500000037252903 0
vt 0.05000000074505806 0
vt 0.07500000298023224 0
vt 0.10000000149011612 0
vt 0.125 0
vt 0.15000000596046448 0
vt 0.17499999701976776 0
vt 0.20000000298023224 0
vt 0.22499999403953552 0
vt 0.25 0
vt 0.2750000059604645 0
vt 0.30000001192092896 0
vt 0.32499998807907104 0
vt 0.3499999940395355 0
vt 0.375 0
vt 0.4000000059604645 0
vt 0.42500001192092896 0
vt 0.44999998807907104 0
vt 0.4749999940395355 0
vt 0.5 0
vt 0.5249999761581421 0
vt 0.550000011920929 0
vt 0.574999988079071 0
vt 0.6000000238418579 0
vt 0.625 0
vt 0.6499999761581421 0
vt 0.675000011920929 0
vt 0.699999988079071 0
vt 0.7250000238418579 0
vt 0.75 0
vt 0.7749999761581421 0
vt 0.800000011920929 0
vt 0.824999988079071 0
vt 0.8500000238418579 0
vt 0.875 0
vt 0.8999999761581421 0
vt 0.925000011920929 0
vt 0.949999988079071 0
vt 0.9750000238418579 0
vt 1 0
vt 0.5 0.5
vt 1 0.5
vt 0.9938441514968872 0.5782172083854675
vt 0.9755282402038574 0.6545084714889526
vt 0.9455032348632812 0.7269952297210693
vt 0.9045084714889526 0.7938926219940186
vt 0.8535534143447876 0.8535534143447876
vt 0.7938926219940186 0.9045084714889526
vt 0.7269952297210693 0.9455032348632812
vt 0.6545084714889526 0.9755282402038574
vt 0.5782172083854675 0.9938441514968872
vt 0.4217827618122101 0.9938441514968872
vt 0.345491498708725 0.9755282402038574
vt 0.2730047404766083 0.9455032348632812
vt 0.20610737800598145 0.9045084714889526
vt 0.1464466154575348 0.8535534143447876
vt 0.09549150615930557 0.7938926219940186
vt 0.05449673905968666 0.7269952297210693
vt 0.024471741169691086 0.6545084714889526
vt 0.006155829876661301 0.5782172083854675
vt 0 0.5
vt 0.006155829876661301 0.4217827618122101
vt 0.024471741169691086 0.345491498708725
vt 0.05449673905968666 0.2730047404766083
vt 0.09549150615930557 0.20610737800598145
vt 0.1464466154575348 0.1464466154575348
vt 0.20610737800598145 0.09549150615930557
vt 0.2730047404766083 0.05449673905968666
vt 0.345491498708725 0.024471741169691086
vt 0.4217827618122101 0.006155829876661301
vt 0.5782172083854675 0.006155829876661301
vt 0.6545084714889526 0.024471741169691086
vt 0.7269952297210693 0.05449673905968666
vt 0.7938926219940186 0.09549150615930557
vt 0.8535534143447876 0.1464466154575348
vt 0.9045084714889526 0.20610737800598145
vt 0.9455032348632812 0.2730047404766083
vt 0.9755282402038574 0.345491498708725
vt 0.9938441514968872 0.4217827618122101
vn 0 0 1
vn 0.15643445816198648 0 0.9876883416845447
vn 0.3090169948284817 0 0.9510565161477913
vn 0.45399048932725333 0 0.8910065294936963
vn 0.5877852429542022 0 0.8090170011595983
vn 0.7071067811865476 0 0.7071067811865476
vn 0.8090170011595983 0 0.5877852429542022
vn 0.8910065294936963 0 0.45399048932725333
vn 0.9510565161477913 0 0.3090169948284817
vn 0.9876883416845447 0 0.15643445816198648
vn 1 0 6.123234262925839e-17
vn 0.9876883416845447 0 -0.15643445816198648
vn 0.9510565161477913 0 -0.3090169948284817
vn 0.8910065294936963 0 -0.45399048932725333
vn 0.8090170011595983 0 -0.5877852429542022
vn 0.7071067811865476 0 -0.7071067811865476
vn 0.5877852429542022 0 -0.8090170011595983
vn 0.45399048932725333 0 -0.8910065294936963
vn 0.3090169948284817 0 -0.9510565161477913
vn 0.15643445816198648 0 -0.9876883416845447
vn 1.2246468525851679e-16 0 -1
vn -0.15643445816198648 0 -0.9876883416845447
vn -0.3090169948284817 0 -0.9510565161477913
vn -0.45399048932725333 0 -0.8910065294936963
vn -0.5877852429542022 0 -0.8090170011595983
vn -0.7071067811865476 0 -0.7071067811865476
vn -0.8090170011595983 0 -0.5877852429542022
vn -0.8910065294936963 0 -0.45399048932725333
vn -0.9510565161477913 0 -0.3090169948284817
vn -0.9876883416845447 0 -0.15643445816198648
vn -1 0 -1.8369701465288538e-16
vn -0.9876883416845447 0 0.15643445816198648
vn -0.9510565161477913 0 0.3090169948284817
vn -0.8910065294936963 0 0.45399048932725333
vn -0.8090170011595983 0 0.5877852429542022
vn -0.7071067811865476 0 0.7071067811865476
vn -0.5877852429542022 0 0.8090170011595983
vn -0.45399048932725333 0 0.8910065294936963
vn -0.3090169948284817 0 0.9510565161477913
vn -0.15643445816198648 0 0.9876883416845447
vn -2.4492937051703357e-16 0 1
vn 0 1 0
vn 0 -1 0
f 1177/1288/754 1218/1329/754 1178/1289/755
f 1218/1329/754 1219/1330/755 1178/1289/755
f 1178/1289/755 1219/1330/755 1179/1290/756
f 1219/1330/755 1220/1331/756 1179/1290/756
f 1179/1290/756 1220/1331/756 1180/1291/757
f 1220/1331/756 1221/1332/757 1180/1291/757
f 1180/1291/757 1221/1332/757 1181/1292/758
f 1221/1332/757 1222/1333/758 1181/1292/758
f 1181/1292/758 1222/1333/758 1182/1293/759
f 1222/1333/758 1223/1334/759 1182/1293/759
f 1182/1293/759 1223/1334/759 1183/1294/760
f 1223/1334/759 1224/1335/760 1183/1294/760
f 1183/1294/760 1224/1335/760 1184/1295/761
f 1224/1335/760 1225/1336/761 1184/1295/761
f 1184/1295/761 1225/1336/761 1185/1296/762
f 1225/1336/761 1226/1337/762 1185/1296/762
f 1185/1296/762 1226/1337/762 1186/1297/763
f 1226/1337/762 1227/1338/763 1186/1297/763
f 1186/1297/763 1227/1338/763 1187/1298/764
f 1227/1338/763 1228/1339/764 1187/1298/764
f 1187/1298/764 1228/1339/764 1188/1299/765
f 1228/1339/764 1229/1340/765 1188/1299/765
f 1188/1299/765 1229/1340/765 1189/1300/766
f 1229/1340/765 1230/1341/766 1189/1300/766
f 1189/1300/766 1230/1341/766 1190/1301/767
f 1230/1341/766 1231/1342/767 1190/1301/767
f 1190/1301/767 1231/1342/767 1191/1302/768
f 1231/1342/767 1232/1343/768 1191/1302/768
f 1191/1302/768 1232/1343/768 1192/1303/769
f 1232/1343/768 1233/1344/769 1192/1303/769
f 1192/1303/769 1233/1344/769 1193/1304/770
f 1233/1344/769 1234/1345/770 1193/1304/770
f 1193/1304/770 1234/1345/770 1194/1305/771
f 1234/1345/770 1235/1346/771 1194/1305/771
f 1194/1305/771 1235/1346/771 1195/1306/772
f 1235/1346/771 1236/1347/772 1195/1306/772
f 1195/1306/772 1236/1347/772 1196/1307/773
f 1236/1347/772 1237/1348/773 1196/1307/773
f 1196/1307/773 1237/1348/773 1197/1308/774
f 1237/1348/773 1238/1349/774 1197/1308/774
f 1197/1308/774 1238/1349/774 1198/1309/775
f 1238/1349/774 1239/1350/775 1198/1309/775
f 1198/1309/775 1239/1350/775 1199/1310/776
f 1239/1350/775 1240/1351/776 1199/1310/776
f 1199/1310/776 1240/1351/776 1200/1311/777
f 1240/1351/776 1241/1352/777 1200/1311/777
f 1200/1311/777 1241/1352/777 1201/1312/778
f 1241/1352/777 1242/1353/778 1201/1312/778
f 1201/1312/778 1242/1353/778 1202/1313/779
f 1242/1353/778 1243/1354/779 1202/1313/779
f 1202/1313/779 1243/1354/779 1203/1314/780
f 1243/1354/779 1244/1355/780 1203/1314/780
f 1203/1314/780 1244/1355/780 1204/1315/781
f 1244/1355/780 1245/1356/781 1204/1315/781
f 1204/1315/781 1245/1356/781 1205/1316/782
f 1245/1356/781 1246/1357/782 1205/1316/782
f 1205/1316/782 1246/1357/782 1206/1317/783
f 1246/1357/782 1247/1358/783 1206/1317/783
f 1206/1317/783 1247/1358/783 1207/1318/784
f 1247/1358/783 1248/1359/784 1207/1318/784
f 1207/1318/784 1248/1359/784 1208/1319/785
f 1248/1359/784 1249/1360/785 1208/1319/785
f 1208/1319/785 1249/1360/785 1209/1320/786
f 1249/1360/785 1250/1361/786 1209/1320/786
f 1209/1320/786 1250/1361/786 1210/1321/787
f 1250/1361/786 1251/1362/787 1210/1321/787
f 1210/1321/787 1251/1362/787 1211/1322/788
f 1251/1362/787 1252/1363/788 1211/1322/788
f 1211/1322/788 1252/1363/788 1212/1323/789
f 1252/1363/788 1253/1364/789 1212/1323/789
f 1212/1323/789 1253/1364/789 1213/1324/790
f 1253/1364/789 1254/1365/790 1213/1324/790
f 1213/1324/790 1254/1365/790 1214/1325/791
f 1254/1365/790 1255/1366/791 1214/1325/791
f 1214/1325/791 1255/1366/791 1215/1326/792
f 1255/1366/791 1256/1367/792 1215/1326/792
f 1215/1326/792 1256/1367/792 1216/1327/793
f 1256/1367/792 1257/1368/793 1216/1327/793
f 1216/1327/793 1257/1368/793 1217/1328/794
f 1257/1368/793 1258/1369/794 1217/1328/794
f 1177/1371/795 1178/1372/795 1259/1370/795
f 1178/1372/795 1179/1373/795 1259/1370/795
f 1179/1373/795 1180/1374/795 1259/1370/795
f 1180/1374/795 1181/1375/795 1259/1370/795
f 1181/1375/795 1182/1376/795 1259/1370/795
f 1182/1376/795 1183/1377/795 1259/1370/795
f 1183/1377/795 1184/1378/795 1259/1370/795
f 1184/1378/795 1185/1379/795 1259/1370/795
f 1185/1379/795 1186/1380/795 1259/1370/795
f 1186/1380/795 1187/1308/795 1259/1370/795
f 1187/1308/795 1188/1381/795 1259/1370/795
f 1188/1381/795 1189/1382/795 1259/1370/795
f 1189/1382/795 1190/1383/795 1259/1370/795
f 1190/1383/795 1191/1384/795 1259/1370/795
f 1191/1384/795 1192/1385/795 1259/1370/795
f 1192/1385/795 1193/1386/795 1259/1370/795
f 1193/1386/795 1194/1387/795 1259/1370/795
f 1194/1387/795 1195/1388/795 1259/1370/795
f 1195/1388/795 1196/1389/795 1259/1370/795
f 1196/1389/795 1197/1390/795 1259/1370/795
f 1197/1390/795 1198/1391/795 1259/1370/795
f 1198/1391/795 1199/1392/795 1259/1370/795
f 1199/1392/795 1200/1393/795 1259/1370/795
f 1200/1393/795 1201/1394/795 1259/1370/795
f 1201/1394/795 1202/1395/795 1259/1370/795
f 1202/1395/795 1203/1396/795 1259/1370/795
f 1203/1396/795 1204/1397/795 1259/1370/795
f 1204/1397/795 1205/1398/795 1259/1370/795
f 1205/1398/795 1206/1399/795 1259/1370/795
f 1206/1399/795 1207/1349/795 1259/1370/795
f 1207/1349/795 1208/1400/795 1259/1370/795
f 1208/1400/795 1209/1401/795 1259/1370/795
f 1209/1401/795 1210/1402/795 1259/1370/795
f 1210/1402/795 1211/1403/795 1259/1370/795
f 1211/1403/795 1212/1404/795 1259/1370/795
f 1212/1404/795 1213/1405/795 1259/1370/795
f 1213/1405/795 1214/1406/795 1259/1370/795
f 1214/1406/795 1215/1407/795 1259/1370/795
f 1215/1407/795 1216/1408/795 1259/1370/795
f 1216/1408/795 1217/1371/795 1259/1370/795
f 1219/1408/796 1218/1371/796 1260/1370/796
f 1220/1407/796 1219/1408/796 1260/1370/796
f 1221/1406/796 1220/1407/796 1260/1370/796
f 1222/1405/796 1221/1406/796 1260/1370/796
f 1223/1404/796 1222/1405/796 1260/1370/796
f 1224/1403/796 1223/1404/796 1260/1370/796
f 1225/1402/796 1224/1403/796 1260/1370/796
f 1226/1401/796 1225/1402/796 1260/1370/796
f 1227/1400/796 1226/1401/796 1260/1370/796
f 1228/1349/796 1227/1400/796 1260/1370/796
f 1229/1399/796 1228/1349/796 1260/1370/796
f 1230/1398/796 1229/1399/796 1260/1370/796
f 1231/1397/796 1230/1398/796 1260/1370/796
f 1232/1396/796 1231/1397/796 1260/1370/796
f 1233/1395/796 1232/1396/796 1260/1370/796
f 1234/1394/796 1233/1395/796 1260/1370/796
f 1235/1393/796 1234/1394/796 1260/1370/796
f 1236/1392/796 1235/1393/796 1260/1370/796
f 1237/1391/796 1236/1392/796 1260/1370/796
f 1238/1390/796 1237/1391/796 1260/1370/796
f 1239/1389/796 1238/1390/796 1260/1370/796
f 1240/1388/796 1239/1389/796 1260/1370/796
f 1241/1387/796 1240/1388/796 1260/1370/796
f 1242/1386/796 1241/1387/796 1260/1370/796
f 1243/1385/796 1242/1386/796 1260/1370/796
f 1244/1384/796 1243/1385/796 1260/1370/796
f 1245/1383/796 1244/1384/796 1260/1370/796
f 1246/1382/796 1245/1383/796 1260/1370/796
f 1247/1381/796 1246/1382/796 1260/1370/796
f 1248/1308/796 1247/1381/796 1260/1370/796
f 1249/1380/796 1248/1308/796 1260/1370/796
f 1250/1379/796 1249/1380/796 1260/1370/796
f 1251/1378/796 1250/1379/796 1260/1370/796
f 1252/1377/796 1251/1378/796 1260/1370/796
f 1253/1376/796 1252/1377/796 1260/1370/796
f 1254/1375/796 1253/1376/796 1260/1370/796
f 1255/1374/796 1254/1375/796 1260/1370/796
f 1256/1373/796 1255/1374/796 1260/1370/796
f 1257/1372/796 1256/1373/796 1260/1370/796
f 1258/1371/796 1257/1372/796 1260/1370/796
o truss_pivot_socket_1_-1
usemtl anodized_silver
v -0.0105 -0.02079999997615814 0.11510000018998981
v -0.011125737884547562 -0.02079999997615814 0.115050753249228
v -0.011736067968420685 -0.02079999997615814 0.11490422617308796
v -0.012315962023101748 -0.02079999997615814 0.1146640262067318
v -0.012851141069084407 -0.02079999997615814 0.11433606794700027
v -0.013328427124768496 -0.02079999997615814 0.1139284271247685
v -0.013736067947000266 -0.02079999997615814 0.11345114106908441
v -0.014064026206731797 -0.02079999997615814 0.11291596202310175
v -0.014304226173087955 -0.02079999997615814 0.11233606796842069
v -0.014450753249228001 -0.02079999997615814 0.11172573788454757
v -0.014500000189989806 -0.02079999997615814 0.1111
v -0.014450753249228001 -0.02079999997615814 0.11047426211545244
v -0.014304226173087955 -0.02079999997615814 0.10986393203157932
v -0.014064026206731797 -0.02079999997615814 0.10928403797689826
v -0.013736067947000266 -0.02079999997615814 0.1087488589309156
v -0.013328427124768496 -0.02079999997615814 0.10827157287523151
v -0.012851141069084407 -0.02079999997615814 0.10786393205299974
v -0.012315962023101748 -0.02079999997615814 0.10753597379326821
v -0.011736067968420685 -0.02079999997615814 0.10729577382691205
v -0.011125737884547562 -0.02079999997615814 0.107149246750772
v -0.0105 -0.02079999997615814 0.1070999998100102
v -0.00987426211545244 -0.02079999997615814 0.107149246750772
v -0.009263932031579316 -0.02079999997615814 0.10729577382691205
v -0.008684037976898254 -0.02079999997615814 0.10753597379326821
v -0.008148858930915595 -0.02079999997615814 0.10786393205299974
v -0.007671572875231505 -0.02079999997615814 0.10827157287523151
v -0.0072639320529997355 -0.02079999997615814 0.1087488589309156
v -0.006935973793268204 -0.02079999997615814 0.10928403797689826
v -0.006695773826912046 -0.02079999997615814 0.10986393203157932
v -0.006549246750772 -0.02079999997615814 0.11047426211545244
v -0.006499999810010195 -0.02079999997615814 0.1111
v -0.006549246750772 -0.02079999997615814 0.11172573788454757
v -0.006695773826912046 -0.02079999997615814 0.11233606796842069
v -0.006935973793268204 -0.02079999997615814 0.11291596202310175
v -0.0072639320529997355 -0.02079999997615814 0.11345114106908441
v -0.007671572875231505 -0.02079999997615814 0.1139284271247685
v -0.008148858930915595 -0.02079999997615814 0.11433606794700027
v -0.008684037976898254 -0.02079999997615814 0.1146640262067318
v -0.009263932031579316 -0.02079999997615814 0.11490422617308796
v -0.00987426211545244 -0.02079999997615814 0.115050753249228
v -0.010499999999999999 -0.02079999997615814 0.11510000018998981
v -0.0105 -0.012000000023841856 0.11510000018998981
v -0.011125737884547562 -0.012000000023841856 0.115050753249228
v -0.011736067968420685 -0.012000000023841856 0.11490422617308796
v -0.012315962023101748 -0.012000000023841856 0.1146640262067318
v -0.012851141069084407 -0.012000000023841856 0.11433606794700027
v -0.013328427124768496 -0.012000000023841856 0.1139284271247685
v -0.013736067947000266 -0.012000000023841856 0.11345114106908441
v -0.014064026206731797 -0.012000000023841856 0.11291596202310175
v -0.014304226173087955 -0.012000000023841856 0.11233606796842069
v -0.014450753249228001 -0.012000000023841856 0.11172573788454757
v -0.014500000189989806 -0.012000000023841856 0.1111
v -0.014450753249228001 -0.012000000023841856 0.11047426211545244
v -0.014304226173087955 -0.012000000023841856 0.10986393203157932
v -0.014064026206731797 -0.012000000023841856 0.10928403797689826
v -0.013736067947000266 -0.012000000023841856 0.1087488589309156
v -0.013328427124768496 -0.012000000023841856 0.10827157287523151
v -0.012851141069084407 -0.012000000023841856 0.10786393205299974
v -0.012315962023101748 -0.012000000023841856 0.10753597379326821
v -0.011736067968420685 -0.012000000023841856 0.10729577382691205
v -0.011125737884547562 -0.012000000023841856 0.107149246750772
v -0.0105 -0.012000000023841856 0.1070999998100102
v -0.00987426211545244 -0.012000000023841856 0.107149246750772
v -0.009263932031579316 -0.012000000023841856 0.10729577382691205
v -0.008684037976898254 -0.012000000023841856 0.10753597379326821
v -0.008148858930915595 -0.012000000023841856 0.10786393205299974
v -0.007671572875231505 -0.012000000023841856 0.10827157287523151
v -0.0072639320529997355 -0.012000000023841856 0.1087488589309156
v -0.006935973793268204 -0.012000000023841856 0.10928403797689826
v -0.006695773826912046 -0.012000000023841856 0.10986393203157932
v -0.006549246750772 -0.012000000023841856 0.11047426211545244
v -0.006499999810010195 -0.012000000023841856 0.1111
v -0.006549246750772 -0.012000000023841856 0.11172573788454757
v -0.006695773826912046 -0.012000000023841856 0.11233606796842069
v -0.006935973793268204 -0.012000000023841856 0.11291596202310175
v -0.0072639320529997355 -0.012000000023841856 0.11345114106908441
v -0.007671572875231505 -0.012000000023841856 0.1139284271247685
v -0.008148858930915595 -0.012000000023841856 0.11433606794700027
v -0.008684037976898254 -0.012000000023841856 0.1146640262067318
v -0.009263932031579316 -0.012000000023841856 0.11490422617308796
v -0.00987426211545244 -0.012000000023841856 0.115050753249228
v -0.010499999999999999 -0.012000000023841856 0.11510000018998981
v -0.0105 -0.02079999997615814 0.1111
v -0.0105 -0.012000000023841856 0.1111
vt 0 1
vt 0.02500000037252903 1
vt 0.05000000074505806 1
vt 0.07500000298023224 1
vt 0.10000000149011612 1
vt 0.125 1
vt 0.15000000596046448 1
vt 0.17499999701976776 1
vt 0.20000000298023224 1
vt 0.22499999403953552 1
vt 0.25 1
vt 0.2750000059604645 1
vt 0.30000001192092896 1
vt 0.32499998807907104 1
vt 0.3499999940395355 1
vt 0.375 1
vt 0.4000000059604645 1
vt 0.42500001192092896 1
vt 0.44999998807907104 1
vt 0.4749999940395355 1
vt 0.5 1
vt 0.5249999761581421 1
vt 0.550000011920929 1
vt 0.574999988079071 1
vt 0.6000000238418579 1
vt 0.625 1
vt 0.6499999761581421 1
vt 0.675000011920929 1
vt 0.699999988079071 1
vt 0.7250000238418579 1
vt 0.75 1
vt 0.7749999761581421 1
vt 0.800000011920929 1
vt 0.824999988079071 1
vt 0.8500000238418579 1
vt 0.875 1
vt 0.8999999761581421 1
vt 0.925000011920929 1
vt 0.949999988079071 1
vt 0.9750000238418579 1
vt 1 1
vt 0 0
vt 0.02500000037252903 0
vt 0.05000000074505806 0
vt 0.07500000298023224 0
vt 0.10000000149011612 0
vt 0.125 0
vt 0.15000000596046448 0
vt 0.17499999701976776 0
vt 0.20000000298023224 0
vt 0.22499999403953552 0
vt 0.25 0
vt 0.2750000059604645 0
vt 0.30000001192092896 0
vt 0.32499998807907104 0
vt 0.3499999940395355 0
vt 0.375 0
vt 0.4000000059604645 0
vt 0.42500001192092896 0
vt 0.44999998807907104 0
vt 0.4749999940395355 0
vt 0.5 0
vt 0.5249999761581421 0
vt 0.550000011920929 0
vt 0.574999988079071 0
vt 0.6000000238418579 0
vt 0.625 0
vt 0.6499999761581421 0
vt 0.675000011920929 0
vt 0.699999988079071 0
vt 0.7250000238418579 0
vt 0.75 0
vt 0.7749999761581421 0
vt 0.800000011920929 0
vt 0.824999988079071 0
vt 0.8500000238418579 0
vt 0.875 0
vt 0.8999999761581421 0
vt 0.925000011920929 0
vt 0.949999988079071 0
vt 0.9750000238418579 0
vt 1 0
vt 0.5 0.5
vt 1 0.5
vt 0.9938441514968872 0.5782172083854675
vt 0.9755282402038574 0.6545084714889526
vt 0.9455032348632812 0.7269952297210693
vt 0.9045084714889526 0.7938926219940186
vt 0.8535534143447876 0.8535534143447876
vt 0.7938926219940186 0.9045084714889526
vt 0.7269952297210693 0.9455032348632812
vt 0.6545084714889526 0.9755282402038574
vt 0.5782172083854675 0.9938441514968872
vt 0.4217827618122101 0.9938441514968872
vt 0.345491498708725 0.9755282402038574
vt 0.2730047404766083 0.9455032348632812
vt 0.20610737800598145 0.9045084714889526
vt 0.1464466154575348 0.8535534143447876
vt 0.09549150615930557 0.7938926219940186
vt 0.05449673905968666 0.7269952297210693
vt 0.024471741169691086 0.6545084714889526
vt 0.006155829876661301 0.5782172083854675
vt 0 0.5
vt 0.006155829876661301 0.4217827618122101
vt 0.024471741169691086 0.345491498708725
vt 0.05449673905968666 0.2730047404766083
vt 0.09549150615930557 0.20610737800598145
vt 0.1464466154575348 0.1464466154575348
vt 0.20610737800598145 0.09549150615930557
vt 0.2730047404766083 0.05449673905968666
vt 0.345491498708725 0.024471741169691086
vt 0.4217827618122101 0.006155829876661301
vt 0.5782172083854675 0.006155829876661301
vt 0.6545084714889526 0.024471741169691086
vt 0.7269952297210693 0.05449673905968666
vt 0.7938926219940186 0.09549150615930557
vt 0.8535534143447876 0.1464466154575348
vt 0.9045084714889526 0.20610737800598145
vt 0.9455032348632812 0.2730047404766083
vt 0.9755282402038574 0.345491498708725
vt 0.9938441514968872 0.4217827618122101
vn 0 0 1
vn -0.15643445816198648 0 0.9876883416845447
vn -0.3090169948284817 0 0.9510565161477913
vn -0.45399048932725333 0 0.8910065294936963
vn -0.5877852429542022 0 0.8090170011595983
vn -0.7071067811865476 0 0.7071067811865476
vn -0.8090170011595983 0 0.5877852429542022
vn -0.8910065294936963 0 0.45399048932725333
vn -0.9510565161477913 0 0.3090169948284817
vn -0.9876883416845447 0 0.15643445816198648
vn -1 0 6.123234262925839e-17
vn -0.9876883416845447 0 -0.15643445816198648
vn -0.9510565161477913 0 -0.3090169948284817
vn -0.8910065294936963 0 -0.45399048932725333
vn -0.8090170011595983 0 -0.5877852429542022
vn -0.7071067811865476 0 -0.7071067811865476
vn -0.5877852429542022 0 -0.8090170011595983
vn -0.45399048932725333 0 -0.8910065294936963
vn -0.3090169948284817 0 -0.9510565161477913
vn -0.15643445816198648 0 -0.9876883416845447
vn -1.2246468525851679e-16 0 -1
vn 0.15643445816198648 0 -0.9876883416845447
vn 0.3090169948284817 0 -0.9510565161477913
vn 0.45399048932725333 0 -0.8910065294936963
vn 0.5877852429542022 0 -0.8090170011595983
vn 0.7071067811865476 0 -0.7071067811865476
vn 0.8090170011595983 0 -0.5877852429542022
vn 0.8910065294936963 0 -0.45399048932725333
vn 0.9510565161477913 0 -0.3090169948284817
vn 0.9876883416845447 0 -0.15643445816198648
vn 1 0 -1.8369701465288538e-16
vn 0.9876883416845447 0 0.15643445816198648
vn 0.9510565161477913 0 0.3090169948284817
vn 0.8910065294936963 0 0.45399048932725333
vn 0.8090170011595983 0 0.5877852429542022
vn 0.7071067811865476 0 0.7071067811865476
vn 0.5877852429542022 0 0.8090170011595983
vn 0.45399048932725333 0 0.8910065294936963
vn 0.3090169948284817 0 0.9510565161477913
vn 0.15643445816198648 0 0.9876883416845447
vn 2.4492937051703357e-16 0 1
vn 0 -1 0
vn 0 1 0
f 1261/1409/797 1302/1450/797 1262/1410/798
f 1302/1450/797 1303/1451/798 1262/1410/798
f 1262/1410/798 1303/1451/798 1263/1411/799
f 1303/1451/798 1304/1452/799 1263/1411/799
f 1263/1411/799 1304/1452/799 1264/1412/800
f 1304/1452/799 1305/1453/800 1264/1412/800
f 1264/1412/800 1305/1453/800 1265/1413/801
f 1305/1453/800 1306/1454/801 1265/1413/801
f 1265/1413/801 1306/1454/801 1266/1414/802
f 1306/1454/801 1307/1455/802 1266/1414/802
f 1266/1414/802 1307/1455/802 1267/1415/803
f 1307/1455/802 1308/1456/803 1267/1415/803
f 1267/1415/803 1308/1456/803 1268/1416/804
f 1308/1456/803 1309/1457/804 1268/1416/804
f 1268/1416/804 1309/1457/804 1269/1417/805
f 1309/1457/804 1310/1458/805 1269/1417/805
f 1269/1417/805 1310/1458/805 1270/1418/806
f 1310/1458/805 1311/1459/806 1270/1418/806
f 1270/1418/806 1311/1459/806 1271/1419/807
f 1311/1459/806 1312/1460/807 1271/1419/807
f 1271/1419/807 1312/1460/807 1272/1420/808
f 1312/1460/807 1313/1461/808 1272/1420/808
f 1272/1420/808 1313/1461/808 1273/1421/809
f 1313/1461/808 1314/1462/809 1273/1421/809
f 1273/1421/809 1314/1462/809 1274/1422/810
f 1314/1462/809 1315/1463/810 1274/1422/810
f 1274/1422/810 1315/1463/810 1275/1423/811
f 1315/1463/810 1316/1464/811 1275/1423/811
f 1275/1423/811 1316/1464/811 1276/1424/812
f 1316/1464/811 1317/1465/812 1276/1424/812
f 1276/1424/812 1317/1465/812 1277/1425/813
f 1317/1465/812 1318/1466/813 1277/1425/813
f 1277/1425/813 1318/1466/813 1278/1426/814
f 1318/1466/813 1319/1467/814 1278/1426/814
f 1278/1426/814 1319/1467/814 1279/1427/815
f 1319/1467/814 1320/1468/815 1279/1427/815
f 1279/1427/815 1320/1468/815 1280/1428/816
f 1320/1468/815 1321/1469/816 1280/1428/816
f 1280/1428/816 1321/1469/816 1281/1429/817
f 1321/1469/816 1322/1470/817 1281/1429/817
f 1281/1429/817 1322/1470/817 1282/1430/818
f 1322/1470/817 1323/1471/818 1282/1430/818
f 1282/1430/818 1323/1471/818 1283/1431/819
f 1323/1471/818 1324/1472/819 1283/1431/819
f 1283/1431/819 1324/1472/819 1284/1432/820
f 1324/1472/819 1325/1473/820 1284/1432/820
f 1284/1432/820 1325/1473/820 1285/1433/821
f 1325/1473/820 1326/1474/821 1285/1433/821
f 1285/1433/821 1326/1474/821 1286/1434/822
f 1326/1474/821 1327/1475/822 1286/1434/822
f 1286/1434/822 1327/1475/822 1287/1435/823
f 1327/1475/822 1328/1476/823 1287/1435/823
f 1287/1435/823 1328/1476/823 1288/1436/824
f 1328/1476/823 1329/1477/824 1288/1436/824
f 1288/1436/824 1329/1477/824 1289/1437/825
f 1329/1477/824 1330/1478/825 1289/1437/825
f 1289/1437/825 1330/1478/825 1290/1438/826
f 1330/1478/825 1331/1479/826 1290/1438/826
f 1290/1438/826 1331/1479/826 1291/1439/827
f 1331/1479/826 1332/1480/827 1291/1439/827
f 1291/1439/827 1332/1480/827 1292/1440/828
f 1332/1480/827 1333/1481/828 1292/1440/828
f 1292/1440/828 1333/1481/828 1293/1441/829
f 1333/1481/828 1334/1482/829 1293/1441/829
f 1293/1441/829 1334/1482/829 1294/1442/830
f 1334/1482/829 1335/1483/830 1294/1442/830
f 1294/1442/830 1335/1483/830 1295/1443/831
f 1335/1483/830 1336/1484/831 1295/1443/831
f 1295/1443/831 1336/1484/831 1296/1444/832
f 1336/1484/831 1337/1485/832 1296/1444/832
f 1296/1444/832 1337/1485/832 1297/1445/833
f 1337/1485/832 1338/1486/833 1297/1445/833
f 1297/1445/833 1338/1486/833 1298/1446/834
f 1338/1486/833 1339/1487/834 1298/1446/834
f 1298/1446/834 1339/1487/834 1299/1447/835
f 1339/1487/834 1340/1488/835 1299/1447/835
f 1299/1447/835 1340/1488/835 1300/1448/836
f 1340/1488/835 1341/1489/836 1300/1448/836
f 1300/1448/836 1341/1489/836 1301/1449/837
f 1341/1489/836 1342/1490/837 1301/1449/837
f 1261/1492/838 1262/1493/838 1343/1491/838
f 1262/1493/838 1263/1494/838 1343/1491/838
f 1263/1494/838 1264/1495/838 1343/1491/838
f 1264/1495/838 1265/1496/838 1343/1491/838
f 1265/1496/838 1266/1497/838 1343/1491/838
f 1266/1497/838 1267/1498/838 1343/1491/838
f 1267/1498/838 1268/1499/838 1343/1491/838
f 1268/1499/838 1269/1500/838 1343/1491/838
f 1269/1500/838 1270/1501/838 1343/1491/838
f 1270/1501/838 1271/1429/838 1343/1491/838
f 1271/1429/838 1272/1502/838 1343/1491/838
f 1272/1502/838 1273/1503/838 1343/1491/838
f 1273/1503/838 1274/1504/838 1343/1491/838
f 1274/1504/838 1275/1505/838 1343/1491/838
f 1275/1505/838 1276/1506/838 1343/1491/838
f 1276/1506/838 1277/1507/838 1343/1491/838
f 1277/1507/838 1278/1508/838 1343/1491/838
f 1278/1508/838 1279/1509/838 1343/1491/838
f 1279/1509/838 1280/1510/838 1343/1491/838
f 1280/1510/838 1281/1511/838 1343/1491/838
f 1281/1511/838 1282/1512/838 1343/1491/838
f 1282/1512/838 1283/1513/838 1343/1491/838
f 1283/1513/838 1284/1514/838 1343/1491/838
f 1284/1514/838 1285/1515/838 1343/1491/838
f 1285/1515/838 1286/1516/838 1343/1491/838
f 1286/1516/838 1287/1517/838 1343/1491/838
f 1287/1517/838 1288/1518/838 1343/1491/838
f 1288/1518/838 1289/1519/838 1343/1491/838
f 1289/1519/838 1290/1520/838 1343/1491/838
f 1290/1520/838 1291/1470/838 1343/1491/838
f 1291/1470/838 1292/1521/838 1343/1491/838
f 1292/1521/838 1293/1522/838 1343/1491/838
f 1293/1522/838 1294/1523/838 1343/1491/838
f 1294/1523/838 1295/1524/838 1343/1491/838
f 1295/1524/838 1296/1525/838 1343/1491/838
f 1296/1525/838 1297/1526/838 1343/1491/838
f 1297/1526/838 1298/1527/838 1343/1491/838
f 1298/1527/838 1299/1528/838 1343/1491/838
f 1299/1528/838 1300/1529/838 1343/1491/838
f 1300/1529/838 1301/1492/838 1343/1491/838
f 1303/1529/839 1302/1492/839 1344/1491/839
f 1304/1528/839 1303/1529/839 1344/1491/839
f 1305/1527/839 1304/1528/839 1344/1491/839
f 1306/1526/839 1305/1527/839 1344/1491/839
f 1307/1525/839 1306/1526/839 1344/1491/839
f 1308/1524/839 1307/1525/839 1344/1491/839
f 1309/1523/839 1308/1524/839 1344/1491/839
f 1310/1522/839 1309/1523/839 1344/1491/839
f 1311/1521/839 1310/1522/839 1344/1491/839
f 1312/1470/839 1311/1521/839 1344/1491/839
f 1313/1520/839 1312/1470/839 1344/1491/839
f 1314/1519/839 1313/1520/839 1344/1491/839
f 1315/1518/839 1314/1519/839 1344/1491/839
f 1316/1517/839 1315/1518/839 1344/1491/839
f 1317/1516/839 1316/1517/839 1344/1491/839
f 1318/1515/839 1317/1516/839 1344/1491/839
f 1319/1514/839 1318/1515/839 1344/1491/839
f 1320/1513/839 1319/1514/839 1344/1491/839
f 1321/1512/839 1320/1513/839 1344/1491/839
f 1322/1511/839 1321/1512/839 1344/1491/839
f 1323/1510/839 1322/1511/839 1344/1491/839
f 1324/1509/839 1323/1510/839 1344/1491/839
f 1325/1508/839 1324/1509/839 1344/1491/839
f 1326/1507/839 1325/1508/839 1344/1491/839
f 1327/1506/839 1326/1507/839 1344/1491/839
f 1328/1505/839 1327/1506/839 1344/1491/839
f 1329/1504/839 1328/1505/839 1344/1491/839
f 1330/1503/839 1329/1504/839 1344/1491/839
f 1331/1502/839 1330/1503/839 1344/1491/839
f 1332/1429/839 1331/1502/839 1344/1491/839
f 1333/1501/839 1332/1429/839 1344/1491/839
f 1334/1500/839 1333/1501/839 1344/1491/839
f 1335/1499/839 1334/1500/839 1344/1491/839
f 1336/1498/839 1335/1499/839 1344/1491/839
f 1337/1497/839 1336/1498/839 1344/1491/839
f 1338/1496/839 1337/1497/839 1344/1491/839
f 1339/1495/839 1338/1496/839 1344/1491/839
f 1340/1494/839 1339/1495/839 1344/1491/839
f 1341/1493/839 1340/1494/839 1344/1491/839
f 1342/1492/839 1341/1493/839 1344/1491/839
o truss_pivot_socket_1_1
usemtl anodized_silver
v -0.0105 0.02079999997615814 0.11510000018998981
v -0.00987426211545244 0.02079999997615814 0.115050753249228
v -0.009263932031579316 0.02079999997615814 0.11490422617308796
v -0.008684037976898254 0.02079999997615814 0.1146640262067318
v -0.008148858930915595 0.02079999997615814 0.11433606794700027
v -0.007671572875231505 0.02079999997615814 0.1139284271247685
v -0.0072639320529997355 0.02079999997615814 0.11345114106908441
v -0.006935973793268204 0.02079999997615814 0.11291596202310175
v -0.006695773826912046 0.02079999997615814 0.11233606796842069
v -0.006549246750772 0.02079999997615814 0.11172573788454757
v -0.006499999810010195 0.02079999997615814 0.1111
v -0.006549246750772 0.02079999997615814 0.11047426211545244
v -0.006695773826912046 0.02079999997615814 0.10986393203157932
v -0.006935973793268204 0.02079999997615814 0.10928403797689826
v -0.0072639320529997355 0.02079999997615814 0.1087488589309156
v -0.007671572875231505 0.02079999997615814 0.10827157287523151
v -0.008148858930915595 0.02079999997615814 0.10786393205299974
v -0.008684037976898254 0.02079999997615814 0.10753597379326821
v -0.009263932031579316 0.02079999997615814 0.10729577382691205
v -0.00987426211545244 0.02079999997615814 0.107149246750772
v -0.0105 0.02079999997615814 0.1070999998100102
v -0.011125737884547562 0.02079999997615814 0.107149246750772
v -0.011736067968420685 0.02079999997615814 0.10729577382691205
v -0.012315962023101748 0.02079999997615814 0.10753597379326821
v -0.012851141069084407 0.02079999997615814 0.10786393205299974
v -0.013328427124768496 0.02079999997615814 0.10827157287523151
v -0.013736067947000266 0.02079999997615814 0.1087488589309156
v -0.014064026206731797 0.02079999997615814 0.10928403797689826
v -0.014304226173087955 0.02079999997615814 0.10986393203157932
v -0.014450753249228001 0.02079999997615814 0.11047426211545244
v -0.014500000189989806 0.02079999997615814 0.1111
v -0.014450753249228001 0.02079999997615814 0.11172573788454757
v -0.014304226173087955 0.02079999997615814 0.11233606796842069
v -0.014064026206731797 0.02079999997615814 0.11291596202310175
v -0.013736067947000266 0.02079999997615814 0.11345114106908441
v -0.013328427124768496 0.02079999997615814 0.1139284271247685
v -0.012851141069084407 0.02079999997615814 0.11433606794700027
v -0.012315962023101748 0.02079999997615814 0.1146640262067318
v -0.011736067968420685 0.02079999997615814 0.11490422617308796
v -0.011125737884547562 0.02079999997615814 0.115050753249228
v -0.010500000000000002 0.02079999997615814 0.11510000018998981
v -0.0105 0.012000000023841856 0.11510000018998981
v -0.00987426211545244 0.012000000023841856 0.115050753249228
v -0.009263932031579316 0.012000000023841856 0.11490422617308796
v -0.008684037976898254 0.012000000023841856 0.1146640262067318
v -0.008148858930915595 0.012000000023841856 0.11433606794700027
v -0.007671572875231505 0.012000000023841856 0.1139284271247685
v -0.0072639320529997355 0.012000000023841856 0.11345114106908441
v -0.006935973793268204 0.012000000023841856 0.11291596202310175
v -0.006695773826912046 0.012000000023841856 0.11233606796842069
v -0.006549246750772 0.012000000023841856 0.11172573788454757
v -0.006499999810010195 0.012000000023841856 0.1111
v -0.006549246750772 0.012000000023841856 0.11047426211545244
v -0.006695773826912046 0.012000000023841856 0.10986393203157932
v -0.006935973793268204 0.012000000023841856 0.10928403797689826
v -0.0072639320529997355 0.012000000023841856 0.1087488589309156
v -0.007671572875231505 0.012000000023841856 0.10827157287523151
v -0.008148858930915595 0.012000000023841856 0.10786393205299974
v -0.008684037976898254 0.012000000023841856 0.10753597379326821
v -0.009263932031579316 0.012000000023841856 0.10729577382691205
v -0.00987426211545244 0.012000000023841856 0.107149246750772
v -0.0105 0.012000000023841856 0.1070999998100102
v -0.011125737884547562 0.012000000023841856 0.107149246750772
v -0.011736067968420685 0.012000000023841856 0.10729577382691205
v -0.012315962023101748 0.012000000023841856 0.10753597379326821
v -0.012851141069084407 0.012000000023841856 0.10786393205299974
v -0.013328427124768496 0.012000000023841856 0.10827157287523151
v -0.013736067947000266 0.012000000023841856 0.1087488589309156
v -0.014064026206731797 0.012000000023841856 0.10928403797689826
v -0.014304226173087955 0.012000000023841856 0.10986393203157932
v -0.014450753249228001 0.012000000023841856 0.11047426211545244
v -0.014500000189989806 0.012000000023841856 0.1111
v -0.014450753249228001 0.012000000023841856 0.11172573788454757
v -0.014304226173087955 0.012000000023841856 0.11233606796842069
v -0.014064026206731797 0.012000000023841856 0.11291596202310175
v -0.013736067947000266 0.012000000023841856 0.11345114106908441
v -0.013328427124768496 0.012000000023841856 0.1139284271247685
v -0.012851141069084407 0.012000000023841856 0.11433606794700027
v -0.012315962023101748 0.012000000023841856 0.1146640262067318
v -0.011736067968420685 0.012000000023841856 0.11490422617308796
v -0.011125737884547562 0.012000000023841856 0.115050753249228
v -0.010500000000000002 0.012000000023841856 0.11510000018998981
v -0.0105 0.02079999997615814 0.1111
v -0.0105 0.012000000023841856 0.1111
vt 0 1
vt 0.02500000037252903 1
vt 0.05000000074505806 1
vt 0.07500000298023224 1
vt 0.10000000149011612 1
vt 0.125 1
vt 0.15000000596046448 1
vt 0.17499999701976776 1
vt 0.20000000298023224 1
vt 0.22499999403953552 1
vt 0.25 1
vt 0.2750000059604645 1
vt 0.30000001192092896 1
vt 0.32499998807907104 1
vt 0.3499999940395355 1
vt 0.375 1
vt 0.4000000059604645 1
vt 0.42500001192092896 1
vt 0.44999998807907104 1
vt 0.4749999940395355 1
vt 0.5 1
vt 0.5249999761581421 1
vt 0.550000011920929 1
vt 0.574999988079071 1
vt 0.6000000238418579 1
vt 0.625 1
vt 0.6499999761581421 1
vt 0.675000011920929 1
vt 0.699999988079071 1
vt 0.7250000238418579 1
vt 0.75 1
vt 0.7749999761581421 1
vt 0.800000011920929 1
vt 0.824999988079071 1
vt 0.8500000238418579 1
vt 0.875 1
vt 0.8999999761581421 1
vt 0.925000011920929 1
vt 0.949999988079071 1
vt 0.9750000238418579 1
vt 1 1
vt 0 0
vt 0.02500000037252903 0
vt 0.05000000074505806 0
vt 0.07500000298023224 0
vt 0.10000000149011612 0
vt 0.125 0
vt 0.15000000596046448 0
vt 0.17499999701976776 0
vt 0.20000000298023224 0
vt 0.22499999403953552 0
vt 0.25 0
vt 0.2750000059604645 0
vt 0.30000001192092896 0
vt 0.32499998807907104 0
vt 0.3499999940395355 0
vt 0.375 0
vt 0.4000000059604645 0
vt 0.42500001192092896 0
vt 0.44999998807907104 0
vt 0.4749999940395355 0
vt 0.5 0
vt 0.5249999761581421 0
vt 0.550000011920929 0
vt 0.574999988079071 0
vt 0.6000000238418579 0
vt 0.625 0
vt 0.6499999761581421 0
vt 0.675000011920929 0
vt 0.699999988079071 0
vt 0.7250000238418579 0
vt 0.75 0
vt 0.7749999761581421 0
vt 0.800000011920929 0
vt 0.824999988079071 0
vt 0.8500000238418579 0
vt 0.875 0
vt 0.8999999761581421 0
vt 0.925000011920929 0
vt 0.949999988079071 0
vt 0.9750000238418579 0
vt 1 0
vt 0.5 0.5
vt 1 0.5
vt 0.9938441514968872 0.5782172083854675
vt 0.9755282402038574 0.6545084714889526
vt 0.9455032348632812 0.7269952297210693
vt 0.9045084714889526 0.7938926219940186
vt 0.8535534143447876 0.8535534143447876
vt 0.7938926219940186 0.9045084714889526
vt 0.7269952297210693 0.9455032348632812
vt 0.6545084714889526 0.9755282402038574
vt 0.5782172083854675 0.9938441514968872
vt 0.4217827618122101 0.9938441514968872
vt 0.345491498708725 0.9755282402038574
vt 0.2730047404766083 0.9455032348632812
vt 0.20610737800598145 0.9045084714889526
vt 0.1464466154575348 0.8535534143447876
vt 0.09549150615930557 0.7938926219940186
vt 0.05449673905968666 0.7269952297210693
vt 0.024471741169691086 0.6545084714889526
vt 0.006155829876661301 0.5782172083854675
vt 0 0.5
vt 0.006155829876661301 0.4217827618122101
vt 0.024471741169691086 0.345491498708725
vt 0.05449673905968666 0.2730047404766083
vt 0.09549150615930557 0.20610737800598145
vt 0.1464466154575348 0.1464466154575348
vt 0.20610737800598145 0.09549150615930557
vt 0.2730047404766083 0.05449673905968666
vt 0.345491498708725 0.024471741169691086
vt 0.4217827618122101 0.006155829876661301
vt 0.5782172083854675 0.006155829876661301
vt 0.6545084714889526 0.024471741169691086
vt 0.7269952297210693 0.05449673905968666
vt 0.7938926219940186 0.09549150615930557
vt 0.8535534143447876 0.1464466154575348
vt 0.9045084714889526 0.20610737800598145
vt 0.9455032348632812 0.2730047404766083
vt 0.9755282402038574 0.345491498708725
vt 0.9938441514968872 0.4217827618122101
vn 0 0 1
vn 0.15643445816198648 0 0.9876883416845447
vn 0.3090169948284817 0 0.9510565161477913
vn 0.45399048932725333 0 0.8910065294936963
vn 0.5877852429542022 0 0.8090170011595983
vn 0.7071067811865476 0 0.7071067811865476
vn 0.8090170011595983 0 0.5877852429542022
vn 0.8910065294936963 0 0.45399048932725333
vn 0.9510565161477913 0 0.3090169948284817
vn 0.9876883416845447 0 0.15643445816198648
vn 1 0 6.123234262925839e-17
vn 0.9876883416845447 0 -0.15643445816198648
vn 0.9510565161477913 0 -0.3090169948284817
vn 0.8910065294936963 0 -0.45399048932725333
vn 0.8090170011595983 0 -0.5877852429542022
vn 0.7071067811865476 0 -0.7071067811865476
vn 0.5877852429542022 0 -0.8090170011595983
vn 0.45399048932725333 0 -0.8910065294936963
vn 0.3090169948284817 0 -0.9510565161477913
vn 0.15643445816198648 0 -0.9876883416845447
vn 1.2246468525851679e-16 0 -1
vn -0.15643445816198648 0 -0.9876883416845447
vn -0.3090169948284817 0 -0.9510565161477913
vn -0.45399048932725333 0 -0.8910065294936963
vn -0.5877852429542022 0 -0.8090170011595983
vn -0.7071067811865476 0 -0.7071067811865476
vn -0.8090170011595983 0 -0.5877852429542022
vn -0.8910065294936963 0 -0.45399048932725333
vn -0.9510565161477913 0 -0.3090169948284817
vn -0.9876883416845447 0 -0.15643445816198648
vn -1 0 -1.8369701465288538e-16
vn -0.9876883416845447 0 0.15643445816198648
vn -0.9510565161477913 0 0.3090169948284817
vn -0.8910065294936963 0 0.45399048932725333
vn -0.8090170011595983 0 0.5877852429542022
vn -0.7071067811865476 0 0.7071067811865476
vn -0.5877852429542022 0 0.8090170011595983
vn -0.45399048932725333 0 0.8910065294936963
vn -0.3090169948284817 0 0.9510565161477913
vn -0.15643445816198648 0 0.9876883416845447
vn -2.4492937051703357e-16 0 1
vn 0 1 0
vn 0 -1 0
f 1345/1530/840 1386/1571/840 1346/1531/841
f 1386/1571/840 1387/1572/841 1346/1531/841
f 1346/1531/841 1387/1572/841 1347/1532/842
f 1387/1572/841 1388/1573/842 1347/1532/842
f 1347/1532/842 1388/1573/842 1348/1533/843
f 1388/1573/842 1389/1574/843 1348/1533/843
f 1348/1533/843 1389/1574/843 1349/1534/844
f 1389/1574/843 1390/1575/844 1349/1534/844
f 1349/1534/844 1390/1575/844 1350/1535/845
f 1390/1575/844 1391/1576/845 1350/1535/845
f 1350/1535/845 1391/1576/845 1351/1536/846
f 1391/1576/845 1392/1577/846 1351/1536/846
f 1351/1536/846 1392/1577/846 1352/1537/847
f 1392/1577/846 1393/1578/847 1352/1537/847
f 1352/1537/847 1393/1578/847 1353/1538/848
f 1393/1578/847 1394/1579/848 1353/1538/848
f 1353/1538/848 1394/1579/848 1354/1539/849
f 1394/1579/848 1395/1580/849 1354/1539/849
f 1354/1539/849 1395/1580/849 1355/1540/850
f 1395/1580/849 1396/1581/850 1355/1540/850
f 1355/1540/850 1396/1581/850 1356/1541/851
f 1396/1581/850 1397/1582/851 1356/1541/851
f 1356/1541/851 1397/1582/851 1357/1542/852
f 1397/1582/851 1398/1583/852 1357/1542/852
f 1357/1542/852 1398/1583/852 1358/1543/853
f 1398/1583/852 1399/1584/853 1358/1543/853
f 1358/1543/853 1399/1584/853 1359/1544/854
f 1399/1584/853 1400/1585/854 1359/1544/854
f 1359/1544/854 1400/1585/854 1360/1545/855
f 1400/1585/854 1401/1586/855 1360/1545/855
f 1360/1545/855 1401/1586/855 1361/1546/856
f 1401/1586/855 1402/1587/856 1361/1546/856
f 1361/1546/856 1402/1587/856 1362/1547/857
f 1402/1587/856 1403/1588/857 1362/1547/857
f 1362/1547/857 1403/1588/857 1363/1548/858
f 1403/1588/857 1404/1589/858 1363/1548/858
f 1363/1548/858 1404/1589/858 1364/1549/859
f 1404/1589/858 1405/1590/859 1364/1549/859
f 1364/1549/859 1405/1590/859 1365/1550/860
f 1405/1590/859 1406/1591/860 1365/1550/860
f 1365/1550/860 1406/1591/860 1366/1551/861
f 1406/1591/860 1407/1592/861 1366/1551/861
f 1366/1551/861 1407/1592/861 1367/1552/862
f 1407/1592/861 1408/1593/862 1367/1552/862
f 1367/1552/862 1408/1593/862 1368/1553/863
f 1408/1593/862 1409/1594/863 1368/1553/863
f 1368/1553/863 1409/1594/863 1369/1554/864
f 1409/1594/863 1410/1595/864 1369/1554/864
f 1369/1554/864 1410/1595/864 1370/1555/865
f 1410/1595/864 1411/1596/865 1370/1555/865
f 1370/1555/865 1411/1596/865 1371/1556/866
f 1411/1596/865 1412/1597/866 1371/1556/866
f 1371/1556/866 1412/1597/866 1372/1557/867
f 1412/1597/866 1413/1598/867 1372/1557/867
f 1372/1557/867 1413/1598/867 1373/1558/868
f 1413/1598/867 1414/1599/868 1373/1558/868
f 1373/1558/868 1414/1599/868 1374/1559/869
f 1414/1599/868 1415/1600/869 1374/1559/869
f 1374/1559/869 1415/1600/869 1375/1560/870
f 1415/1600/869 1416/1601/870 1375/1560/870
f 1375/1560/870 1416/1601/870 1376/1561/871
f 1416/1601/870 1417/1602/871 1376/1561/871
f 1376/1561/871 1417/1602/871 1377/1562/872
f 1417/1602/871 1418/1603/872 1377/1562/872
f 1377/1562/872 1418/1603/872 1378/1563/873
f 1418/1603/872 1419/1604/873 1378/1563/873
f 1378/1563/873 1419/1604/873 1379/1564/874
f 1419/1604/873 1420/1605/874 1379/1564/874
f 1379/1564/874 1420/1605/874 1380/1565/875
f 1420/1605/874 1421/1606/875 1380/1565/875
f 1380/1565/875 1421/1606/875 1381/1566/876
f 1421/1606/875 1422/1607/876 1381/1566/876
f 1381/1566/876 1422/1607/876 1382/1567/877
f 1422/1607/876 1423/1608/877 1382/1567/877
f 1382/1567/877 1423/1608/877 1383/1568/878
f 1423/1608/877 1424/1609/878 1383/1568/878
f 1383/1568/878 1424/1609/878 1384/1569/879
f 1424/1609/878 1425/1610/879 1384/1569/879
f 1384/1569/879 1425/1610/879 1385/1570/880
f 1425/1610/879 1426/1611/880 1385/1570/880
f 1345/1613/881 1346/1614/881 1427/1612/881
f 1346/1614/881 1347/1615/881 1427/1612/881
f 1347/1615/881 1348/1616/881 1427/1612/881
f 1348/1616/881 1349/1617/881 1427/1612/881
f 1349/1617/881 1350/1618/881 1427/1612/881
f 1350/1618/881 1351/1619/881 1427/1612/881
f 1351/1619/881 1352/1620/881 1427/1612/881
f 1352/1620/881 1353/1621/881 1427/1612/881
f 1353/1621/881 1354/1622/881 1427/1612/881
f 1354/1622/881 1355/1550/881 1427/1612/881
f 1355/1550/881 1356/1623/881 1427/1612/881
f 1356/1623/881 1357/1624/881 1427/1612/881
f 1357/1624/881 1358/1625/881 1427/1612/881
f 1358/1625/881 1359/1626/881 1427/1612/881
f 1359/1626/881 1360/1627/881 1427/1612/881
f 1360/1627/881 1361/1628/881 1427/1612/881
f 1361/1628/881 1362/1629/881 1427/1612/881
f 1362/1629/881 1363/1630/881 1427/1612/881
f 1363/1630/881 1364/1631/881 1427/1612/881
f 1364/1631/881 1365/1632/881 1427/1612/881
f 1365/1632/881 1366/1633/881 1427/1612/881
f 1366/1633/881 1367/1634/881 1427/1612/881
f 1367/1634/881 1368/1635/881 1427/1612/881
f 1368/1635/881 1369/1636/881 1427/1612/881
f 1369/1636/881 1370/1637/881 1427/1612/881
f 1370/1637/881 1371/1638/881 1427/1612/881
f 1371/1638/881 1372/1639/881 1427/1612/881
f 1372/1639/881 1373/1640/881 1427/1612/881
f 1373/1640/881 1374/1641/881 1427/1612/881
f 1374/1641/881 1375/1591/881 1427/1612/881
f 1375/1591/881 1376/1642/881 1427/1612/881
f 1376/1642/881 1377/1643/881 1427/1612/881
f 1377/1643/881 1378/1644/881 1427/1612/881
f 1378/1644/881 1379/1645/881 1427/1612/881
f 1379/1645/881 1380/1646/881 1427/1612/881
f 1380/1646/881 1381/1647/881 1427/1612/881
f 1381/1647/881 1382/1648/881 1427/1612/881
f 1382/1648/881 1383/1649/881 1427/1612/881
f 1383/1649/881 1384/1650/881 1427/1612/881
f 1384/1650/881 1385/1613/881 1427/1612/881
f 1387/1650/882 1386/1613/882 1428/1612/882
f 1388/1649/882 1387/1650/882 1428/1612/882
f 1389/1648/882 1388/1649/882 1428/1612/882
f 1390/1647/882 1389/1648/882 1428/1612/882
f 1391/1646/882 1390/1647/882 1428/1612/882
f 1392/1645/882 1391/1646/882 1428/1612/882
f 1393/1644/882 1392/1645/882 1428/1612/882
f 1394/1643/882 1393/1644/882 1428/1612/882
f 1395/1642/882 1394/1643/882 1428/1612/882
f 1396/1591/882 1395/1642/882 1428/1612/882
f 1397/1641/882 1396/1591/882 1428/1612/882
f 1398/1640/882 1397/1641/882 1428/1612/882
f 1399/1639/882 1398/1640/882 1428/1612/882
f 1400/1638/882 1399/1639/882 1428/1612/882
f 1401/1637/882 1400/1638/882 1428/1612/882
f 1402/1636/882 1401/1637/882 1428/1612/882
f 1403/1635/882 1402/1636/882 1428/1612/882
f 1404/1634/882 1403/1635/882 1428/1612/882
f 1405/1633/882 1404/1634/882 1428/1612/882
f 1406/1632/882 1405/1633/882 1428/1612/882
f 1407/1631/882 1406/1632/882 1428/1612/882
f 1408/1630/882 1407/1631/882 1428/1612/882
f 1409/1629/882 1408/1630/882 1428/1612/882
f 1410/1628/882 1409/1629/882 1428/1612/882
f 1411/1627/882 1410/1628/882 1428/1612/882
f 1412/1626/882 1411/1627/882 1428/1612/882
f 1413/1625/882 1412/1626/882 1428/1612/882
f 1414/1624/882 1413/1625/882 1428/1612/882
f 1415/1623/882 1414/1624/882 1428/1612/882
f 1416/1550/882 1415/1623/882 1428/1612/882
f 1417/1622/882 1416/1550/882 1428/1612/882
f 1418/1621/882 1417/1622/882 1428/1612/882
f 1419/1620/882 1418/1621/882 1428/1612/882
f 1420/1619/882 1419/1620/882 1428/1612/882
f 1421/1618/882 1420/1619/882 1428/1612/882
f 1422/1617/882 1421/1618/882 1428/1612/882
f 1423/1616/882 1422/1617/882 1428/1612/882
f 1424/1615/882 1423/1616/882 1428/1612/882
f 1425/1614/882 1424/1615/882 1428/1612/882
f 1426/1613/882 1425/1614/882 1428/1612/882
