#usda 1.0
(
    defaultPrim = "Shapes"
    metersPerUnit = 1
    upAxis = "Z"
)

def Xform "Shapes"
{
    def Mesh "handle" (
        apiSchemas = ["MaterialBindingAPI"]
    )
    {
        int[] faceVertexCounts = [3, 3, 3, 3, 3, 3, 3, 3, 3, 3, 3, 3, 3, 3, 3, 3, 3, 3, 3, 3, 3, 3, 3, 3, 3, 3, 3, 3, 3, 3, 3, 3, 3, 3, 3, 3, 3, 3, 3, 3, 3, 3, 3, 3, 3, 3, 3, 3, 3, 3, 3, 3, 3, 3, 3, 3, 3, 3, 3, 3, 3, 3, 3, 3, 3, 3, 3, 3, 3, 3, 3, 3, 3, 3, 3, 3, 3, 3, 3, 3, 3, 3, 3, 3, 3, 3, 3, 3, 3, 3, 3, 3, 3, 3, 3, 3, 3, 3, 3, 3, 3, 3, 3, 3, 3, 3, 3, 3, 3, 3, 3, 3, 3, 3, 3, 3, 3, 3, 3, 3, 3, 3, 3, 3, 3, 3, 3, 3, 3, 3, 3, 3, 3, 3, 3, 3, 3, 3, 3, 3, 3, 3, 3, 3, 3, 3, 3, 3, 3, 3, 3, 3, 3, 3, 3, 3, 3, 3, 3, 3, 3, 3, 3, 3, 3, 3, 3, 3, 3, 3, 3, 3, 3, 3, 3, 3, 3, 3, 3, 3, 3, 3, 3, 3, 3, 3, 3, 3, 3, 3, 3, 3, 3, 3, 3, 3, 3, 3, 3, 3, 3, 3, 3, 3, 3, 3, 3, 3, 3, 3, 3, 3, 3, 3, 3, 3, 3, 3, 3, 3, 3, 3, 3, 3, 3, 3, 3, 3, 3, 3, 3, 3, 3, 3, 3, 3, 3, 3, 3, 3, 3, 3, 3, 3, 3, 3, 3, 3, 3, 3, 3, 3, 3, 3, 3, 3, 3, 3, 3, 3, 3, 3, 3, 3, 3, 3, 3, 3, 3, 3, 3, 3, 3, 3, 3, 3, 3, 3, 3, 3, 3, 3, 3, 3, 3, 3, 3, 3, 3, 3, 3, 3, 3, 3, 3, 3, 3, 3, 3, 3, 3, 3, 3, 3, 3, 3, 3, 3, 3, 3, 3, 3, 3, 3, 3, 3, 3, 3, 3, 3, 3, 3, 3, 3, 3, 3, 3, 3, 3, 3, 3, 3, 3, 3, 3, 3, 3, 3, 3, 3, 3, 3, 3, 3, 3, 3, 3, 3, 3, 3, 3, 3, 3, 3, 3, 3, 3, 3, 3, 3, 3, 3, 3, 3, 3, 3, 3, 3, 3, 3, 3, 3, 3, 3, 3, 3, 3, 3, 3, 3, 3, 3, 3, 3, 3, 3, 3, 3, 3, 3, 3, 3, 3, 3, 3, 3, 3, 3, 3, 3, 3, 3, 3, 3, 3, 3, 3, 3, 3, 3, 3, 3, 3, 3, 3, 3, 3, 3, 3, 3, 3, 3, 3, 3, 3, 3, 3, 3, 3, 3, 3, 3, 3, 3, 3, 3, 3, 3, 3, 3, 3, 3, 3, 3, 3, 3, 3, 3, 3, 3, 3, 3, 3, 3, 3, 3, 3, 3, 3, 3, 3, 3, 3, 3, 3, 3, 3, 3, 3, 3, 3, 3, 3, 3, 3, 3, 3, 3, 3, 3, 3, 3, 3, 3, 3, 3, 3, 3, 3, 3, 3, 3, 3, 3, 3, 3, 3, 3, 3, 3, 3, 3, 3, 3, 3, 3, 3, 3, 3, 3, 3, 3, 3, 3, 3, 3, 3, 3, 3, 3, 3, 3, 3, 3, 3, 3, 3, 3, 3, 3, 3, 3, 3, 3, 3, 3, 3, 3, 3, 3, 3, 3, 3, 3, 3, 3, 3, 3, 3, 3, 3, 3, 3, 3, 3, 3, 3, 3, 3, 3, 3, 3, 3, 3, 3, 3, 3, 3, 3, 3, 3, 3, 3, 3, 3, 3, 3, 3, 3, 3, 3, 3, 3, 3, 3, 3, 3, 3, 3, 3, 3, 3, 3, 3, 3, 3, 3, 3, 3, 3, 3, 3, 3, 3, 3, 3, 3, 3, 3, 3, 3, 3, 3, 3, 3, 3, 3, 3, 3, 3, 3, 3, 3, 3, 3, 3, 3, 3, 3, 3, 3, 3, 3, 3, 3, 3, 3, 3, 3, 3]
        int[] faceVertexIndices = [0, 1, 2, 3, 4, 5, 6, 7, 8, 9, 10, 11, 12, 13, 14, 15, 16, 17, 18, 19, 20, 21, 22, 23, 24, 25, 26, 27, 28, 29, 30, 31, 32, 33, 34, 35, 36, 37, 38, 39, 40, 41, 42, 43, 44, 45, 46, 47, 48, 49, 50, 51, 52, 53, 54, 55, 56, 57, 58, 59, 60, 61, 62, 63, 64, 65, 66, 67, 68, 69, 70, 71, 72, 73, 74, 75, 76, 77, 78, 79, 80, 81, 82, 83, 84, 85, 86, 87, 88, 89, 90, 91, 92, 93, 94, 95, 96, 97, 98, 99, 100, 101, 102, 103, 104, 105, 106, 107, 108, 109, 110, 111, 112, 113, 114, 115, 116, 117, 118, 119, 120, 121, 122, 123, 124, 125, 126, 127, 128, 129, 130, 131, 132, 133, 134, 135, 136, 137, 138, 139, 140, 141, 142, 143, 144, 145, 146, 147, 148, 149, 150, 151, 152, 153, 154, 155, 156, 157, 158, 159, 160, 161, 162, 163, 164, 165, 166, 167, 168, 169, 170, 171, 172, 173, 174, 175, 176, 177, 178, 179, 180, 181, 182, 183, 184, 185, 186, 187, 188, 189, 190, 191, 192, 193, 194, 195, 196, 197, 198, 199, 200, 201, 202, 203, 204, 205, 206, 207, 208, 209, 210, 211, 212, 213, 214, 215, 216, 217, 218, 219, 220, 221, 222, 223, 224, 225, 226, 227, 228, 229, 230, 231, 232, 233, 234, 235, 236, 237, 238, 239, 240, 241, 242, 243, 244, 245, 246, 247, 248, 249, 250, 251, 252, 253, 254, 255, 256, 257, 258, 259, 260, 261, 262, 263, 264, 265, 266, 267, 268, 269, 270, 271, 272, 273, 274, 275, 276, 277, 278, 279, 280, 281, 282, 283, 284, 285, 286, 287, 288, 289, 290, 291, 292, 293, 294, 295, 296, 297, 298, 299, 300, 301, 302, 303, 304, 305, 306, 307, 308, 309, 310, 311, 312, 313, 314, 315, 316, 317, 318, 319, 320, 321, 322, 323, 324, 325, 326, 327, 328, 329, 330, 331, 332, 333, 334, 335, 336, 337, 338, 339, 340, 341, 342, 343, 344, 345, 346, 347, 348, 349, 350, 351, 352, 353, 354, 355, 356, 357, 358, 359, 360, 361, 362, 363, 364, 365, 366, 367, 368, 369, 370, 371, 372, 373, 374, 375, 376, 377, 378, 379, 380, 381, 382, 383, 384, 385, 386, 387, 388, 389, 390, 391, 392, 393, 394, 395, 396, 397, 398, 399, 400, 401, 402, 403, 404, 405, 406, 407, 408, 409, 410, 411, 412, 413, 414, 415, 416, 417, 418, 419, 420, 421, 422, 423, 424, 425, 426, 427, 428, 429, 430, 431, 432, 433, 434, 435, 436, 437, 438, 439, 440, 441, 442, 443, 444, 445, 446, 447, 448, 449, 450, 451, 452, 453, 454, 455, 456, 457, 458, 459, 460, 461, 462, 463, 464, 465, 466, 467, 468, 469, 470, 471, 472, 473, 474, 475, 476, 477, 478, 479, 480, 481, 482, 483, 484, 485, 486, 487, 488, 489, 490, 491, 492, 493, 494, 495, 496, 497, 498, 499, 500, 501, 502, 503, 504, 505, 506, 507, 508, 509, 510, 511, 512, 513, 514, 515, 516, 517, 518, 519, 520, 521, 522, 523, 524, 525, 526, 527, 528, 529, 530, 531, 532, 533, 534, 535, 536, 537, 538, 539, 540, 541, 542, 543, 544, 545, 546, 547, 548, 549, 550, 551, 552, 553, 554, 555, 556, 557, 558, 559, 560, 561, 562, 563, 564, 565, 566, 567, 568, 569, 570, 571, 572, 573, 574, 575, 576, 577, 578, 579, 580, 581, 582, 583, 584, 585, 586, 587, 588, 589, 590, 591, 592, 593, 594, 595, 596, 597, 598, 599, 600, 601, 602, 603, 604, 605, 606, 607, 608, 609, 610, 611, 612, 613, 614, 615, 616, 617, 618, 619, 620, 621, 622, 623, 624, 625, 626, 627, 628, 629, 630, 631, 632, 633, 634, 635, 636, 637, 638, 639, 640, 641, 642, 643, 644, 645, 646, 647, 648, 649, 650, 651, 652, 653, 654, 655, 656, 657, 658, 659, 660, 661, 662, 663, 664, 665, 666, 667, 668, 669, 670, 671, 672, 673, 674, 675, 676, 677, 678, 679, 680, 681, 682, 683, 684, 685, 686, 687, 688, 689, 690, 691, 692, 693, 694, 695, 696, 697, 698, 699, 700, 701, 702, 703, 704, 705, 706, 707, 708, 709, 710, 711, 712, 713, 714, 715, 716, 717, 718, 719, 720, 721, 722, 723, 724, 725, 726, 727, 728, 729, 730, 731, 732, 733, 734, 735, 736, 737, 738, 739, 740, 741, 742, 743, 744, 745, 746, 747, 748, 749, 750, 751, 752, 753, 754, 755, 756, 757, 758, 759, 760, 761, 762, 763, 764, 765, 766, 767, 768, 769, 770, 771, 772, 773, 774, 775, 776, 777, 778, 779, 780, 781, 782, 783, 784, 785, 786, 787, 788, 789, 790, 791, 792, 793, 794, 795, 796, 797, 798, 799, 800, 801, 802, 803, 804, 805, 806, 807, 808, 809, 810, 811, 812, 813, 814, 815, 816, 817, 818, 819, 820, 821, 822, 823, 824, 825, 826, 827, 828, 829, 830, 831, 832, 833, 834, 835, 836, 837, 838, 839, 840, 841, 842, 843, 844, 845, 846, 847, 848, 849, 850, 851, 852, 853, 854, 855, 856, 857, 858, 859, 860, 861, 862, 863, 864, 865, 866, 867, 868, 869, 870, 871, 872, 873, 874, 875, 876, 877, 878, 879, 880, 881, 882, 883, 884, 885, 886, 887, 888, 889, 890, 891, 892, 893, 894, 895, 896, 897, 898, 899, 900, 901, 902, 903, 904, 905, 906, 907, 908, 909, 910, 911, 912, 913, 914, 915, 916, 917, 918, 919, 920, 921, 922, 923, 924, 925, 926, 927, 928, 929, 930, 931, 932, 933, 934, 935, 936, 937, 938, 939, 940, 941, 942, 943, 944, 945, 946, 947, 948, 949, 950, 951, 952, 953, 954, 955, 956, 957, 958, 959, 960, 961, 962, 963, 964, 965, 966, 967, 968, 969, 970, 971, 972, 973, 974, 975, 976, 977, 978, 979, 980, 981, 982, 983, 984, 985, 986, 987, 988, 989, 990, 991, 992, 993, 994, 995, 996, 997, 998, 999, 1000, 1001, 1002, 1003, 1004, 1005, 1006, 1007, 1008, 1009, 1010, 1011, 1012, 1013, 1014, 1015, 1016, 1017, 1018, 1019, 1020, 1021, 1022, 1023, 1024, 1025, 1026, 1027, 1028, 1029, 1030, 1031, 1032, 1033, 1034, 1035, 1036, 1037, 1038, 1039, 1040, 1041, 1042, 1043, 1044, 1045, 1046, 1047, 1048, 1049, 1050, 1051, 1052, 1053, 1054, 1055, 1056, 1057, 1058, 1059, 1060, 1061, 1062, 1063, 1064, 1065, 1066, 1067, 1068, 1069, 1070, 1071, 1072, 1073, 1074, 1075, 1076, 1077, 1078, 1079, 1080, 1081, 1082, 1083, 1084, 1085, 1086, 1087, 1088, 1089, 1090, 1091, 1092, 1093, 1094, 1095, 1096, 1097, 1098, 1099, 1100, 1101, 1102, 1103, 1104, 1105, 1106, 1107, 1108, 1109, 1110, 1111, 1112, 1113, 1114, 1115, 1116, 1117, 1118, 1119, 1120, 1121, 1122, 1123, 1124, 1125, 1126, 1127, 1128, 1129, 1130, 1131, 1132, 1133, 1134, 1135, 1136, 1137, 1138, 1139, 1140, 1141, 1142, 1143, 1144, 1145, 1146, 1147, 1148, 1149, 1150, 1151, 1152, 1153, 1154, 1155, 1156, 1157, 1158, 1159, 1160, 1161, 1162, 1163, 1164, 1165, 1166, 1167, 1168, 1169, 1170, 1171, 1172, 1173, 1174, 1175, 1176, 1177, 1178, 1179, 1180, 1181, 1182, 1183, 1184, 1185, 1186, 1187, 1188, 1189, 1190, 1191, 1192, 1193, 1194, 1195, 1196, 1197, 1198, 1199, 1200, 1201, 1202, 1203, 1204, 1205, 1206, 1207, 1208, 1209, 1210, 1211, 1212, 1213, 1214, 1215, 1216, 1217, 1218, 1219, 1220, 1221, 1222, 1223, 1224, 1225, 1226, 1227, 1228, 1229, 1230, 1231, 1232, 1233, 1234, 1235, 1236, 1237, 1238, 1239, 1240, 1241, 1242, 1243, 1244, 1245, 1246, 1247, 1248, 1249, 1250, 1251, 1252, 1253, 1254, 1255, 1256, 1257, 1258, 1259, 1260, 1261, 1262, 1263, 1264, 1265, 1266, 1267, 1268, 1269, 1270, 1271, 1272, 1273, 1274, 1275, 1276, 1277, 1278, 1279, 1280, 1281, 1282, 1283, 1284, 1285, 1286, 1287, 1288, 1289, 1290, 1291, 1292, 1293, 1294, 1295, 1296, 1297, 1298, 1299, 1300, 1301, 1302, 1303, 1304, 1305, 1306, 1307, 1308, 1309, 1310, 1311, 1312, 1313, 1314, 1315, 1316, 1317, 1318, 1319, 1320, 1321, 1322, 1323, 1324, 1325, 1326, 1327, 1328, 1329, 1330, 1331, 1332, 1333, 1334, 1335, 1336, 1337, 1338, 1339, 1340, 1341, 1342, 1343, 1344, 1345, 1346, 1347, 1348, 1349, 1350, 1351, 1352, 1353, 1354, 1355, 1356, 1357, 1358, 1359, 1360, 1361, 1362, 1363, 1364, 1365, 1366, 1367, 1368, 1369, 1370, 1371, 1372, 1373, 1374, 1375, 1376, 1377, 1378, 1379, 1380, 1381, 1382, 1383, 1384, 1385, 1386, 1387, 1388, 1389, 1390, 1391, 1392, 1393, 1394, 1395, 1396, 1397, 1398, 1399, 1400, 1401, 1402, 1403, 1404, 1405, 1406, 1407, 1408, 1409, 1410, 1411, 1412, 1413, 1414, 1415, 1416, 1417, 1418, 1419, 1420, 1421, 1422, 1423, 1424, 1425, 1426, 1427, 1428, 1429, 1430, 1431, 1432, 1433, 1434, 1435, 1436, 1437, 1438, 1439, 1440, 1441, 1442, 1443, 1444, 1445, 1446, 1447, 1448, 1449, 1450, 1451, 1452, 1453, 1454, 1455, 1456, 1457, 1458, 1459, 1460, 1461, 1462, 1463, 1464, 1465, 1466, 1467, 1468, 1469, 1470, 1471, 1472, 1473, 1474, 1475, 1476, 1477, 1478, 1479, 1480, 1481, 1482, 1483, 1484, 1485, 1486, 1487, 1488, 1489, 1490, 1491, 1492, 1493, 1494, 1495, 1496, 1497, 1498, 1499, 1500, 1501, 1502, 1503, 1504, 1505, 1506, 1507, 1508, 1509, 1510, 1511, 1512, 1513, 1514, 1515, 1516, 1517, 1518, 1519, 1520, 1521, 1522, 1523, 1524, 1525, 1526, 1527, 1528, 1529, 1530, 1531, 1532, 1533, 1534, 1535, 1536, 1537, 1538, 1539, 1540, 1541, 1542, 1543, 1544, 1545, 1546, 1547, 1548, 1549, 1550, 1551, 1552, 1553, 1554, 1555, 1556, 1557, 1558, 1559, 1560, 1561, 1562, 1563, 1564, 1565, 1566, 1567, 1568, 1569, 1570, 1571, 1572, 1573, 1574, 1575, 1576, 1577, 1578, 1579, 1580, 1581, 1582, 1583, 1584, 1585, 1586, 1587, 1588, 1589, 1590, 1591, 1592, 1593, 1594, 1595, 1596, 1597, 1598, 1599, 1600, 1601, 1602, 1603, 1604, 1605, 1606, 1607, 1608, 1609, 1610, 1611, 1612, 1613, 1614, 1615, 1616, 1617, 1618, 1619, 1620, 1621, 1622, 1623, 1624, 1625, 1626, 1627, 1628, 1629, 1630, 1631, 1632, 1633, 1634, 1635, 1636, 1637, 1638, 1639, 1640, 1641, 1642, 1643, 1644, 1645, 1646, 1647, 1648, 1649, 1650, 1651, 1652, 1653, 1654, 1655, 1656, 1657, 1658, 1659, 1660, 1661, 1662, 1663, 1664, 1665, 1666, 1667, 1668, 1669, 1670, 1671, 1672, 1673, 1674, 1675, 1676, 1677, 1678, 1679, 1680, 1681, 1682, 1683, 1684, 1685, 1686, 1687, 1688, 1689, 1690, 1691, 1692, 1693, 1694, 1695, 1696, 1697, 1698, 1699, 1700, 1701, 1702, 1703, 1704, 1705, 1706, 1707, 1708, 1709, 1710, 1711, 1712, 1713, 1714, 1715, 1716, 1717, 1718, 1719, 1720, 1721, 1722, 1723, 1724, 1725, 1726, 1727, 1728, 1729, 1730, 1731, 1732, 1733, 1734, 1735, 1736, 1737, 1738, 1739, 1740, 1741, 1742, 1743, 1744, 1745, 1746, 1747, 1748, 1749, 1750, 1751, 1752, 1753, 1754, 1755, 1756, 1757, 1758, 1759, 1760, 1761, 1762, 1763, 1764, 1765, 1766, 1767, 1768, 1769, 1770, 1771, 1772, 1773, 1774, 1775, 1776, 1777, 1778, 1779, 1780, 1781, 1782, 1783, 1784, 1785, 1786, 1787, 1788, 1789, 1790, 1791, 1792, 1793, 1794, 1795, 1796, 1797, 1798, 1799, 1800, 1801, 1802, 1803, 1804, 1805, 1806, 1807, 1808, 1809, 1810, 1811, 1812, 1813, 1814, 1815, 1816, 1817, 1818, 1819, 1820, 1821, 1822, 1823, 1824, 1825, 1826, 1827, 1828, 1829, 1830, 1831, 1832, 1833, 1834, 1835, 1836, 1837, 1838, 1839, 1840, 1841, 1842, 1843, 1844, 1845, 1846, 1847, 1848, 1849, 1850, 1851, 1852, 1853, 1854, 1855, 1856, 1857, 1858, 1859, 1860, 1861, 1862, 1863, 1864, 1865, 1866, 1867, 1868, 1869, 1870, 1871, 1872, 1873, 1874, 1875, 1876, 1877, 1878, 1879, 1880, 1881, 1882, 1883, 1884, 1885, 1886, 1887, 1888, 1889, 1890, 1891, 1892, 1893, 1894, 1895, 1896, 1897, 1898, 1899, 1900, 1901, 1902, 1903, 1904, 1905, 1906, 1907, 1908, 1909, 1910, 1911, 1912, 1913, 1914, 1915, 1916, 1917, 1918, 1919]
        point3f[] points = [(-0.4214955, 0.5, -0.4999932), (-0.4230731, 0.5, -0.4206159), (-0.38743, 0.4045085, -0.4999889), (-0.4230731, 0.5, -0.4206159), (-0.3890331, 0.4045085, -0.4192126), (-0.38743, 0.4045085, -0.4999889), (-0.38743, 0.4045085, -0.4999889), (-0.3890331, 0.4045085, -0.4192126), (-0.3663764, 0.1545085, -0.4999863), (-0.3890331, 0.4045085, -0.4192126), (-0.3679953, 0.1545085, -0.4183453), (-0.3663764, 0.1545085, -0.4999863), (-0.3663764, 0.1545085, -0.4999863), (-0.3679953, 0.1545085, -0.4183453), (-0.3663764, -0.1545085, -0.4999863), (-0.3679953, 0.1545085, -0.4183453), (-0.3679953, -0.1545085, -0.4183453), (-0.3663764, -0.1545085, -0.4999863), (-0.3663764, -0.1545085, -0.4999863), (-0.3679953, -0.1545085, -0.4183453), (-0.38743, -0.4045085, -0.4999889), (-0.3679953, -0.1545085, -0.4183453), (-0.3890331, -0.4045085, -0.4192126), (-0.38743, -0.4045085, -0.4999889), (-0.38743, -0.4045085, -0.4999889), (-0.3890331, -0.4045085, -0.4192126), (-0.4214955, -0.5, -0.4999932), (-0.3890331, -0.4045085, -0.4192126), (-0.4230731, -0.5, -0.4206159), (-0.4214955, -0.5, -0.4999932), (-0.4214955, -0.5, -0.4999932), (-0.4230731, -0.5, -0.4206159), (-0.4555609, -0.4045085, -0.4999974), (-0.4230731, -0.5, -0.4206159), (-0.4571131, -0.4045085, -0.4220192), (-0.4555609, -0.4045085, -0.4999974), (-0.4555609, -0.4045085, -0.4999974), (-0.4571131, -0.4045085, -0.4220192), (-0.4766146, -0.1545085, -0.5), (-0.4571131, -0.4045085, -0.4220192), (-0.478151, -0.1545085, -0.4228865), (-0.4766146, -0.1545085, -0.5), (-0.4766146, -0.1545085, -0.5), (-0.478151, -0.1545085, -0.4228865), (-0.4766146, 0.1545085, -0.5), (-0.478151, -0.1545085, -0.4228865), (-0.478151, 0.1545085, -0.4228865), (-0.4766146, 0.1545085, -0.5), (-0.4766146, 0.1545085, -0.5), (-0.478151, 0.1545085, -0.4228865), (-0.4555609, 0.4045085, -0.4999974), (-0.478151, 0.1545085, -0.4228865), (-0.4571131, 0.4045085, -0.4220192), (-0.4555609, 0.4045085, -0.4999974), (-0.4555609, 0.4045085, -0.4999974), (-0.4571131, 0.4045085, -0.4220192), (-0.4214955, 0.5, -0.4999932), (-0.4571131, 0.4045085, -0.4220192), (-0.4230731, 0.5, -0.4206159), (-0.4214955, 0.5, -0.4999932), (-0.4230731, 0.5, -0.4206159), (-0.4268284, 0.5, -0.3412909), (-0.3890331, 0.4045085, -0.4192126), (-0.4268284, 0.5, -0.3412909), (-0.3928237, 0.4045085, -0.3391242), (-0.3890331, 0.4045085, -0.4192126), (-0.3890331, 0.4045085, -0.4192126), (-0.3928237, 0.4045085, -0.3391242), (-0.3679953, 0.1545085, -0.4183453), (-0.3928237, 0.4045085, -0.3391242), (-0.3718076, 0.1545085, -0.3377852), (-0.3679953, 0.1545085, -0.4183453), (-0.3679953, 0.1545085, -0.4183453), (-0.3718076, 0.1545085, -0.3377852), (-0.3679953, -0.1545085, -0.4183453), (-0.3718076, 0.1545085, -0.3377852), (-0.3718076, -0.1545085, -0.3377852), (-0.3679953, -0.1545085, -0.4183453), (-0.3679953, -0.1545085, -0.4183453), (-0.3718076, -0.1545085, -0.3377852), (-0.3890331, -0.4045085, -0.4192126), (-0.3718076, -0.1545085, -0.3377852), (-0.3928237, -0.4045085, -0.3391242), (-0.3890331, -0.4045085, -0.4192126), (-0.3890331, -0.4045085, -0.4192126), (-0.3928237, -0.4045085, -0.3391242), (-0.4230731, -0.5, -0.4206159), (-0.3928237, -0.4045085, -0.3391242), (-0.4268284, -0.5, -0.3412909), (-0.4230731, -0.5, -0.4206159), (-0.4230731, -0.5, -0.4206159), (-0.4268284, -0.5, -0.3412909), (-0.4571131, -0.4045085, -0.4220192), (-0.4268284, -0.5, -0.3412909), (-0.4608331, -0.4045085, -0.3434575), (-0.4571131, -0.4045085, -0.4220192), (-0.4571131, -0.4045085, -0.4220192), (-0.4608331, -0.4045085, -0.3434575), (-0.478151, -0.1545085, -0.4228865), (-0.4608331, -0.4045085, -0.3434575), (-0.4818491, -0.1545085, -0.3447965), (-0.478151, -0.1545085, -0.4228865), (-0.478151, -0.1545085, -0.4228865), (-0.4818491, -0.1545085, -0.3447965), (-0.478151, 0.1545085, -0.4228865), (-0.4818491, -0.1545085, -0.3447965), (-0.4818491, 0.1545085, -0.3447965), (-0.478151, 0.1545085, -0.4228865), (-0.478151, 0.1545085, -0.4228865), (-0.4818491, 0.1545085, -0.3447965), (-0.4571131, 0.4045085, -0.4220192), (-0.4818491, 0.1545085, -0.3447965), (-0.4608331, 0.4045085, -0.3434575), (-0.4571131, 0.4045085, -0.4220192), (-0.4571131, 0.4045085, -0.4220192), (-0.4608331, 0.4045085, -0.3434575), (-0.4230731, 0.5, -0.4206159), (-0.4608331, 0.4045085, -0.3434575), (-0.4268284, 0.5, -0.3412909), (-0.4230731, 0.5, -0.4206159), (-0.4268284, 0.5, -0.3412909), (-0.4316711, 0.5, -0.2620307), (-0.3928237, 0.4045085, -0.3391242), (-0.4316711, 0.5, -0.2620307), (-0.3976853, 0.4045085, -0.2595495), (-0.3928237, 0.4045085, -0.3391242), (-0.3928237, 0.4045085, -0.3391242), (-0.3976853, 0.4045085, -0.2595495), (-0.3718076, 0.1545085, -0.3377852), (-0.3976853, 0.4045085, -0.2595495), (-0.376681, 0.1545085, -0.2580161), (-0.3718076, 0.1545085, -0.3377852), (-0.3718076, 0.1545085, -0.3377852), (-0.376681, 0.1545085, -0.2580161), (-0.3718076, -0.1545085, -0.3377852), (-0.376681, 0.1545085, -0.2580161), (-0.376681, -0.1545085, -0.2580161), (-0.3718076, -0.1545085, -0.3377852), (-0.3718076, -0.1545085, -0.3377852), (-0.376681, -0.1545085, -0.2580161), (-0.3928237, -0.4045085, -0.3391242), (-0.376681, -0.1545085, -0.2580161), (-0.3976853, -0.4045085, -0.2595495), (-0.3928237, -0.4045085, -0.3391242), (-0.3928237, -0.4045085, -0.3391242), (-0.3976853, -0.4045085, -0.2595495), (-0.4268284, -0.5, -0.3412909), (-0.3976853, -0.4045085, -0.2595495), (-0.4316711, -0.5, -0.2620307), (-0.4268284, -0.5, -0.3412909), (-0.4268284, -0.5, -0.3412909), (-0.4316711, -0.5, -0.2620307), (-0.4608331, -0.4045085, -0.3434575), (-0.4316711, -0.5, -0.2620307), (-0.4656568, -0.4045085, -0.2645119), (-0.4608331, -0.4045085, -0.3434575), (-0.4608331, -0.4045085, -0.3434575), (-0.4656568, -0.4045085, -0.2645119), (-0.4818491, -0.1545085, -0.3447965), (-0.4656568, -0.4045085, -0.2645119), (-0.4866611, -0.1545085, -0.2660453), (-0.4818491, -0.1545085, -0.3447965), (-0.4818491, -0.1545085, -0.3447965), (-0.4866611, -0.1545085, -0.2660453), (-0.4818491, 0.1545085, -0.3447965), (-0.4866611, -0.1545085, -0.2660453), (-0.4866611, 0.1545085, -0.2660453), (-0.4818491, 0.1545085, -0.3447965), (-0.4818491, 0.1545085, -0.3447965), (-0.4866611, 0.1545085, -0.2660453), (-0.4608331, 0.4045085, -0.3434575), (-0.4866611, 0.1545085, -0.2660453), (-0.4656568, 0.4045085, -0.2645119), (-0.4608331, 0.4045085, -0.3434575), (-0.4608331, 0.4045085, -0.3434575), (-0.4656568, 0.4045085, -0.2645119), (-0.4268284, 0.5, -0.3412909), (-0.4656568, 0.4045085, -0.2645119), (-0.4316711, 0.5, -0.2620307), (-0.4268284, 0.5, -0.3412909), (-0.4316711, 0.5, -0.2620307), (-0.4367639, 0.5, -0.1827952), (-0.3976853, 0.4045085, -0.2595495), (-0.4367639, 0.5, -0.1827952), (-0.4027739, 0.4045085, -0.1803805), (-0.3976853, 0.4045085, -0.2595495), (-0.3976853, 0.4045085, -0.2595495), (-0.4027739, 0.4045085, -0.1803805), (-0.376681, 0.1545085, -0.2580161), (-0.4027739, 0.4045085, -0.1803805), (-0.3817669, 0.1545085, -0.1788882), (-0.376681, 0.1545085, -0.2580161), (-0.376681, 0.1545085, -0.2580161), (-0.3817669, 0.1545085, -0.1788882), (-0.376681, -0.1545085, -0.2580161), (-0.3817669, 0.1545085, -0.1788882), (-0.3817669, -0.1545085, -0.1788882), (-0.376681, -0.1545085, -0.2580161), (-0.376681, -0.1545085, -0.2580161), (-0.3817669, -0.1545085, -0.1788882), (-0.3976853, -0.4045085, -0.2595495), (-0.3817669, -0.1545085, -0.1788882), (-0.4027739, -0.4045085, -0.1803805), (-0.3976853, -0.4045085, -0.2595495), (-0.3976853, -0.4045085, -0.2595495), (-0.4027739, -0.4045085, -0.1803805), (-0.4316711, -0.5, -0.2620307), (-0.4027739, -0.4045085, -0.1803805), (-0.4367639, -0.5, -0.1827952), (-0.4316711, -0.5, -0.2620307), (-0.4316711, -0.5, -0.2620307), (-0.4367639, -0.5, -0.1827952), (-0.4656568, -0.4045085, -0.2645119), (-0.4367639, -0.5, -0.1827952), (-0.4707538, -0.4045085, -0.1852098), (-0.4656568, -0.4045085, -0.2645119), (-0.4656568, -0.4045085, -0.2645119), (-0.4707538, -0.4045085, -0.1852098), (-0.4866611, -0.1545085, -0.2660453), (-0.4707538, -0.4045085, -0.1852098), (-0.4917608, -0.1545085, -0.1867021), (-0.4866611, -0.1545085, -0.2660453), (-0.4866611, -0.1545085, -0.2660453), (-0.4917608, -0.1545085, -0.1867021), (-0.4866611, 0.1545085, -0.2660453), (-0.4917608, -0.1545085, -0.1867021), (-0.4917608, 0.1545085, -0.1867021), (-0.4866611, 0.1545085, -0.2660453), (-0.4866611, 0.1545085, -0.2660453), (-0.4917608, 0.1545085, -0.1867021), (-0.4656568, 0.4045085, -0.2645119), (-0.4917608, 0.1545085, -0.1867021), (-0.4707538, 0.4045085, -0.1852098), (-0.4656568, 0.4045085, -0.2645119), (-0.4656568, 0.4045085, -0.2645119), (-0.4707538, 0.4045085, -0.1852098), (-0.4316711, 0.5, -0.2620307), (-0.4707538, 0.4045085, -0.1852098), (-0.4367639, 0.5, -0.1827952), (-0.4316711, 0.5, -0.2620307), (-0.4367639, 0.5, -0.1827952), (-0.4413237, 0.5, -0.1035177), (-0.4027739, 0.4045085, -0.1803805), (-0.4413237, 0.5, -0.1035177), (-0.4073077, 0.4045085, -0.1015644), (-0.4027739, 0.4045085, -0.1803805), (-0.4027739, 0.4045085, -0.1803805), (-0.4073077, 0.4045085, -0.1015644), (-0.3817669, 0.1545085, -0.1788882), (-0.4073077, 0.4045085, -0.1015644), (-0.3862846, 0.1545085, -0.1003573), (-0.3817669, 0.1545085, -0.1788882), (-0.3817669, 0.1545085, -0.1788882), (-0.3862846, 0.1545085, -0.1003573), (-0.3817669, -0.1545085, -0.1788882), (-0.3862846, 0.1545085, -0.1003573), (-0.3862846, -0.1545085, -0.1003573), (-0.3817669, -0.1545085, -0.1788882), (-0.3817669, -0.1545085, -0.1788882), (-0.3862846, -0.1545085, -0.1003573), (-0.4027739, -0.4045085, -0.1803805), (-0.3862846, -0.1545085, -0.1003573), (-0.4073077, -0.4045085, -0.1015644), (-0.4027739, -0.4045085, -0.1803805), (-0.4027739, -0.4045085, -0.1803805), (-0.4073077, -0.4045085, -0.1015644), (-0.4367639, -0.5, -0.1827952), (-0.4073077, -0.4045085, -0.1015644), (-0.4413237, -0.5, -0.1035177), (-0.4367639, -0.5, -0.1827952), (-0.4367639, -0.5, -0.1827952), (-0.4413237, -0.5, -0.1035177), (-0.4707538, -0.4045085, -0.1852098), (-0.4413237, -0.5, -0.1035177), (-0.4753398, -0.4045085, -0.1054709), (-0.4707538, -0.4045085, -0.1852098), (-0.4707538, -0.4045085, -0.1852098), (-0.4753398, -0.4045085, -0.1054709), (-0.4917608, -0.1545085, -0.1867021), (-0.4753398, -0.4045085, -0.1054709), (-0.4963629, -0.1545085, -0.106678), (-0.4917608, -0.1545085, -0.1867021), (-0.4917608, -0.1545085, -0.1867021), (-0.4963629, -0.1545085, -0.106678), (-0.4917608, 0.1545085, -0.1867021), (-0.4963629, -0.1545085, -0.106678), (-0.4963629, 0.1545085, -0.106678), (-0.4917608, 0.1545085, -0.1867021), (-0.4917608, 0.1545085, -0.1867021), (-0.4963629, 0.1545085, -0.106678), (-0.4707538, 0.4045085, -0.1852098), (-0.4963629, 0.1545085, -0.106678), (-0.4753398, 0.4045085, -0.1054709), (-0.4707538, 0.4045085, -0.1852098), (-0.4707538, 0.4045085, -0.1852098), (-0.4753398, 0.4045085, -0.1054709), (-0.4367639, 0.5, -0.1827952), (-0.4753398, 0.4045085, -0.1054709), (-0.4413237, 0.5, -0.1035177), (-0.4367639, 0.5, -0.1827952), (-0.4413237, 0.5, -0.1035177), (-0.4444512, 0.5, -0.0241713), (-0.4073077, 0.4045085, -0.1015644), (-0.4444512, 0.5, -0.0241713), (-0.4103985, 0.4045085, -0.0231778), (-0.4073077, 0.4045085, -0.1015644), (-0.4073077, 0.4045085, -0.1015644), (-0.4103985, 0.4045085, -0.0231778), (-0.3862846, 0.1545085, -0.1003573), (-0.4103985, 0.4045085, -0.0231778), (-0.3893528, 0.1545085, -0.0225638), (-0.3862846, 0.1545085, -0.1003573), (-0.3862846, 0.1545085, -0.1003573), (-0.3893528, 0.1545085, -0.0225638), (-0.3862846, -0.1545085, -0.1003573), (-0.3893528, 0.1545085, -0.0225638), (-0.3893528, -0.1545085, -0.0225638), (-0.3862846, -0.1545085, -0.1003573), (-0.3862846, -0.1545085, -0.1003573), (-0.3893528, -0.1545085, -0.0225638), (-0.4073077, -0.4045085, -0.1015644), (-0.3893528, -0.1545085, -0.0225638), (-0.4103985, -0.4045085, -0.0231778), (-0.4073077, -0.4045085, -0.1015644), (-0.4073077, -0.4045085, -0.1015644), (-0.4103985, -0.4045085, -0.0231778), (-0.4413237, -0.5, -0.1035177), (-0.4103985, -0.4045085, -0.0231778), (-0.4444512, -0.5, -0.0241713), (-0.4413237, -0.5, -0.1035177), (-0.4413237, -0.5, -0.1035177), (-0.4444512, -0.5, -0.0241713), (-0.4753398, -0.4045085, -0.1054709), (-0.4444512, -0.5, -0.0241713), (-0.4785039, -0.4045085, -0.0251648), (-0.4753398, -0.4045085, -0.1054709), (-0.4753398, -0.4045085, -0.1054709), (-0.4785039, -0.4045085, -0.0251648), (-0.4963629, -0.1545085, -0.106678), (-0.4785039, -0.4045085, -0.0251648), (-0.4995496, -0.1545085, -0.0257788), (-0.4963629, -0.1545085, -0.106678), (-0.4963629, -0.1545085, -0.106678), (-0.4995496, -0.1545085, -0.0257788), (-0.4963629, 0.1545085, -0.106678), (-0.4995496, -0.1545085, -0.0257788), (-0.4995496, 0.1545085, -0.0257788), (-0.4963629, 0.1545085, -0.106678), (-0.4963629, 0.1545085, -0.106678), (-0.4995496, 0.1545085, -0.0257788), (-0.4753398, 0.4045085, -0.1054709), (-0.4995496, 0.1545085, -0.0257788), (-0.4785039, 0.4045085, -0.0251648), (-0.4753398, 0.4045085, -0.1054709), (-0.4753398, 0.4045085, -0.1054709), (-0.4785039, 0.4045085, -0.0251648), (-0.4413237, 0.5, -0.1035177), (-0.4785039, 0.4045085, -0.0251648), (-0.4444512, 0.5, -0.0241713), (-0.4413237, 0.5, -0.1035177), (-0.4444512, 0.5, -0.0241713), (-0.444892, 0.5, 0.0552647), (-0.4103985, 0.4045085, -0.0231778), (-0.444892, 0.5, 0.0552647), (-0.4108334, 0.4045085, 0.0545372), (-0.4103985, 0.4045085, -0.0231778), (-0.4103985, 0.4045085, -0.0231778), (-0.4108334, 0.4045085, 0.0545372), (-0.3893528, 0.1545085, -0.0225638), (-0.4108334, 0.4045085, 0.0545372), (-0.389784, 0.1545085, 0.0540876), (-0.3893528, 0.1545085, -0.0225638), (-0.3893528, 0.1545085, -0.0225638), (-0.389784, 0.1545085, 0.0540876), (-0.3893528, -0.1545085, -0.0225638), (-0.389784, 0.1545085, 0.0540876), (-0.389784, -0.1545085, 0.0540876), (-0.3893528, -0.1545085, -0.0225638), (-0.3893528, -0.1545085, -0.0225638), (-0.389784, -0.1545085, 0.0540876), (-0.4103985, -0.4045085, -0.0231778), (-0.389784, -0.1545085, 0.0540876), (-0.4108334, -0.4045085, 0.0545372), (-0.4103985, -0.4045085, -0.0231778), (-0.4103985, -0.4045085, -0.0231778), (-0.4108334, -0.4045085, 0.0545372), (-0.4444512, -0.5, -0.0241713), (-0.4108334, -0.4045085, 0.0545372), (-0.444892, -0.5, 0.0552647), (-0.4444512, -0.5, -0.0241713), (-0.4444512, -0.5, -0.0241713), (-0.444892, -0.5, 0.0552647), (-0.4785039, -0.4045085, -0.0251648), (-0.444892, -0.5, 0.0552647), (-0.4789506, -0.4045085, 0.0559922), (-0.4785039, -0.4045085, -0.0251648), (-0.4785039, -0.4045085, -0.0251648), (-0.4789506, -0.4045085, 0.0559922), (-0.4995496, -0.1545085, -0.0257788), (-0.4789506, -0.4045085, 0.0559922), (-0.5, -0.1545085, 0.0564419), (-0.4995496, -0.1545085, -0.0257788), (-0.4995496, -0.1545085, -0.0257788), (-0.5, -0.1545085, 0.0564419), (-0.4995496, 0.1545085, -0.0257788), (-0.5, -0.1545085, 0.0564419), (-0.5, 0.1545085, 0.0564419), (-0.4995496, 0.1545085, -0.0257788), (-0.4995496, 0.1545085, -0.0257788), (-0.5, 0.1545085, 0.0564419), (-0.4785039, 0.4045085, -0.0251648), (-0.5, 0.1545085, 0.0564419), (-0.4789506, 0.4045085, 0.0559922), (-0.4785039, 0.4045085, -0.0251648), (-0.4785039, 0.4045085, -0.0251648), (-0.4789506, 0.4045085, 0.0559922), (-0.4444512, 0.5, -0.0241713), (-0.4789506, 0.4045085, 0.0559922), (-0.444892, 0.5, 0.0552647), (-0.4444512, 0.5, -0.0241713), (-0.444892, 0.5, 0.0552647), (-0.4405216, 0.5, 0.1344899), (-0.4108334, 0.4045085, 0.0545372), (-0.4405216, 0.5, 0.1344899), (-0.4066494, 0.4045085, 0.1306306), (-0.4108334, 0.4045085, 0.0545372), (-0.4108334, 0.4045085, 0.0545372), (-0.4066494, 0.4045085, 0.1306306), (-0.389784, 0.1545085, 0.0540876), (-0.4066494, 0.4045085, 0.1306306), (-0.3857151, 0.1545085, 0.1282454), (-0.389784, 0.1545085, 0.0540876), (-0.389784, 0.1545085, 0.0540876), (-0.3857151, 0.1545085, 0.1282454), (-0.389784, -0.1545085, 0.0540876), (-0.3857151, 0.1545085, 0.1282454), (-0.3857151, -0.1545085, 0.1282454), (-0.389784, -0.1545085, 0.0540876), (-0.389784, -0.1545085, 0.0540876), (-0.3857151, -0.1545085, 0.1282454), (-0.4108334, -0.4045085, 0.0545372), (-0.3857151, -0.1545085, 0.1282454), (-0.4066494, -0.4045085, 0.1306306), (-0.4108334, -0.4045085, 0.0545372), (-0.4108334, -0.4045085, 0.0545372), (-0.4066494, -0.4045085, 0.1306306), (-0.444892, -0.5, 0.0552647), (-0.4066494, -0.4045085, 0.1306306), (-0.4405216, -0.5, 0.1344899), (-0.444892, -0.5, 0.0552647), (-0.444892, -0.5, 0.0552647), (-0.4405216, -0.5, 0.1344899), (-0.4789506, -0.4045085, 0.0559922), (-0.4405216, -0.5, 0.1344899), (-0.4743939, -0.4045085, 0.1383492), (-0.4789506, -0.4045085, 0.0559922), (-0.4789506, -0.4045085, 0.0559922), (-0.4743939, -0.4045085, 0.1383492), (-0.5, -0.1545085, 0.0564419), (-0.4743939, -0.4045085, 0.1383492), (-0.4953281, -0.1545085, 0.1407344), (-0.5, -0.1545085, 0.0564419), (-0.5, -0.1545085, 0.0564419), (-0.4953281, -0.1545085, 0.1407344), (-0.5, 0.1545085, 0.0564419), (-0.4953281, -0.1545085, 0.1407344), (-0.4953281, 0.1545085, 0.1407344), (-0.5, 0.1545085, 0.0564419), (-0.5, 0.1545085, 0.0564419), (-0.4953281, 0.1545085, 0.1407344), (-0.4789506, 0.4045085, 0.0559922), (-0.4953281, 0.1545085, 0.1407344), (-0.4743939, 0.4045085, 0.1383492), (-0.4789506, 0.4045085, 0.0559922), (-0.4789506, 0.4045085, 0.0559922), (-0.4743939, 0.4045085, 0.1383492), (-0.444892, 0.5, 0.0552647), (-0.4743939, 0.4045085, 0.1383492), (-0.4405216, 0.5, 0.1344899), (-0.444892, 0.5, 0.0552647), (-0.4405216, 0.5, 0.1344899), (-0.4268482, 0.5, 0.2125191), (-0.4066494, 0.4045085, 0.1306306), (-0.4268482, 0.5, 0.2125191), (-0.3941812, 0.4045085, 0.2022278), (-0.4066494, 0.4045085, 0.1306306), (-0.4066494, 0.4045085, 0.1306306), (-0.3941812, 0.4045085, 0.2022278), (-0.3857151, 0.1545085, 0.1282454), (-0.3941812, 0.4045085, 0.2022278), (-0.3739919, 0.1545085, 0.1958674), (-0.3857151, 0.1545085, 0.1282454), (-0.3857151, 0.1545085, 0.1282454), (-0.3739919, 0.1545085, 0.1958674), (-0.3857151, -0.1545085, 0.1282454), (-0.3739919, 0.1545085, 0.1958674), (-0.3739919, -0.1545085, 0.1958674), (-0.3857151, -0.1545085, 0.1282454), (-0.3857151, -0.1545085, 0.1282454), (-0.3739919, -0.1545085, 0.1958674), (-0.4066494, -0.4045085, 0.1306306), (-0.3739919, -0.1545085, 0.1958674), (-0.3941812, -0.4045085, 0.2022278), (-0.4066494, -0.4045085, 0.1306306), (-0.4066494, -0.4045085, 0.1306306), (-0.3941812, -0.4045085, 0.2022278), (-0.4405216, -0.5, 0.1344899), (-0.3941812, -0.4045085, 0.2022278), (-0.4268482, -0.5, 0.2125191), (-0.4405216, -0.5, 0.1344899), (-0.4405216, -0.5, 0.1344899), (-0.4268482, -0.5, 0.2125191), (-0.4743939, -0.4045085, 0.1383492), (-0.4268482, -0.5, 0.2125191), (-0.4595152, -0.4045085, 0.2228104), (-0.4743939, -0.4045085, 0.1383492), (-0.4743939, -0.4045085, 0.1383492), (-0.4595152, -0.4045085, 0.2228104), (-0.4953281, -0.1545085, 0.1407344), (-0.4595152, -0.4045085, 0.2228104), (-0.4797045, -0.1545085, 0.2291708), (-0.4953281, -0.1545085, 0.1407344), (-0.4953281, -0.1545085, 0.1407344), (-0.4797045, -0.1545085, 0.2291708), (-0.4953281, 0.1545085, 0.1407344), (-0.4797045, -0.1545085, 0.2291708), (-0.4797045, 0.1545085, 0.2291708), (-0.4953281, 0.1545085, 0.1407344), (-0.4953281, 0.1545085, 0.1407344), (-0.4797045, 0.1545085, 0.2291708), (-0.4743939, 0.4045085, 0.1383492), (-0.4797045, 0.1545085, 0.2291708), (-0.4595152, 0.4045085, 0.2228104), (-0.4743939, 0.4045085, 0.1383492), (-0.4743939, 0.4045085, 0.1383492), (-0.4595152, 0.4045085, 0.2228104), (-0.4405216, 0.5, 0.1344899), (-0.4595152, 0.4045085, 0.2228104), (-0.4268482, 0.5, 0.2125191), (-0.4405216, 0.5, 0.1344899), (-0.4268482, 0.5, 0.2125191), (-0.3982097, 0.5, 0.28566), (-0.3941812, 0.4045085, 0.2022278), (-0.3982097, 0.5, 0.28566), (-0.3681857, 0.4045085, 0.2685151), (-0.3941812, 0.4045085, 0.2022278), (-0.3941812, 0.4045085, 0.2022278), (-0.3681857, 0.4045085, 0.2685151), (-0.3739919, 0.1545085, 0.1958674), (-0.3681857, 0.4045085, 0.2685151), (-0.3496298, 0.1545085, 0.2579189), (-0.3739919, 0.1545085, 0.1958674), (-0.3739919, 0.1545085, 0.1958674), (-0.3496298, 0.1545085, 0.2579189), (-0.3739919, -0.1545085, 0.1958674), (-0.3496298, 0.1545085, 0.2579189), (-0.3496298, -0.1545085, 0.2579189), (-0.3739919, -0.1545085, 0.1958674), (-0.3739919, -0.1545085, 0.1958674), (-0.3496298, -0.1545085, 0.2579189), (-0.3941812, -0.4045085, 0.2022278), (-0.3496298, -0.1545085, 0.2579189), (-0.3681857, -0.4045085, 0.2685151), (-0.3941812, -0.4045085, 0.2022278), (-0.3941812, -0.4045085, 0.2022278), (-0.3681857, -0.4045085, 0.2685151), (-0.4268482, -0.5, 0.2125191), (-0.3681857, -0.4045085, 0.2685151), (-0.3982097, -0.5, 0.28566), (-0.4268482, -0.5, 0.2125191), (-0.4268482, -0.5, 0.2125191), (-0.3982097, -0.5, 0.28566), (-0.4595152, -0.4045085, 0.2228104), (-0.3982097, -0.5, 0.28566), (-0.4282338, -0.4045085, 0.3028049), (-0.4595152, -0.4045085, 0.2228104), (-0.4595152, -0.4045085, 0.2228104), (-0.4282338, -0.4045085, 0.3028049), (-0.4797045, -0.1545085, 0.2291708), (-0.4282338, -0.4045085, 0.3028049), (-0.4467897, -0.1545085, 0.3134011), (-0.4797045, -0.1545085, 0.2291708), (-0.4797045, -0.1545085, 0.2291708), (-0.4467897, -0.1545085, 0.3134011), (-0.4797045, 0.1545085, 0.2291708), (-0.4467897, -0.1545085, 0.3134011), (-0.4467897, 0.1545085, 0.3134011), (-0.4797045, 0.1545085, 0.2291708), (-0.4797045, 0.1545085, 0.2291708), (-0.4467897, 0.1545085, 0.3134011), (-0.4595152, 0.4045085, 0.2228104), (-0.4467897, 0.1545085, 0.3134011), (-0.4282338, 0.4045085, 0.3028049), (-0.4595152, 0.4045085, 0.2228104), (-0.4595152, 0.4045085, 0.2228104), (-0.4282338, 0.4045085, 0.3028049), (-0.4268482, 0.5, 0.2125191), (-0.4282338, 0.4045085, 0.3028049), (-0.3982097, 0.5, 0.28566), (-0.4268482, 0.5, 0.2125191), (-0.3982097, 0.5, 0.28566), (-0.3540118, 0.5, 0.3491988), (-0.3681857, 0.4045085, 0.2685151), (-0.3540118, 0.5, 0.3491988), (-0.3303934, 0.4045085, 0.3230471), (-0.3681857, 0.4045085, 0.2685151), (-0.3681857, 0.4045085, 0.2685151), (-0.3303934, 0.4045085, 0.3230471), (-0.3496298, 0.1545085, 0.2579189), (-0.3303934, 0.4045085, 0.3230471), (-0.3157964, 0.1545085, 0.3068844), (-0.3496298, 0.1545085, 0.2579189), (-0.3496298, 0.1545085, 0.2579189), (-0.3157964, 0.1545085, 0.3068844), (-0.3496298, -0.1545085, 0.2579189), (-0.3157964, 0.1545085, 0.3068844), (-0.3157964, -0.1545085, 0.3068844), (-0.3496298, -0.1545085, 0.2579189), (-0.3496298, -0.1545085, 0.2579189), (-0.3157964, -0.1545085, 0.3068844), (-0.3681857, -0.4045085, 0.2685151), (-0.3157964, -0.1545085, 0.3068844), (-0.3303934, -0.4045085, 0.3230471), (-0.3681857, -0.4045085, 0.2685151), (-0.3681857, -0.4045085, 0.2685151), (-0.3303934, -0.4045085, 0.3230471), (-0.3982097, -0.5, 0.28566), (-0.3303934, -0.4045085, 0.3230471), (-0.3540118, -0.5, 0.3491988), (-0.3982097, -0.5, 0.28566), (-0.3982097, -0.5, 0.28566), (-0.3540118, -0.5, 0.3491988), (-0.4282338, -0.4045085, 0.3028049), (-0.3540118, -0.5, 0.3491988), (-0.3776302, -0.4045085, 0.3753506), (-0.4282338, -0.4045085, 0.3028049), (-0.4282338, -0.4045085, 0.3028049), (-0.3776302, -0.4045085, 0.3753506), (-0.4467897, -0.1545085, 0.3134011), (-0.3776302, -0.4045085, 0.3753506), (-0.3922272, -0.1545085, 0.3915133), (-0.4467897, -0.1545085, 0.3134011), (-0.4467897, -0.1545085, 0.3134011), (-0.3922272, -0.1545085, 0.3915133), (-0.4467897, 0.1545085, 0.3134011), (-0.3922272, -0.1545085, 0.3915133), (-0.3922272, 0.1545085, 0.3915133), (-0.4467897, 0.1545085, 0.3134011), (-0.4467897, 0.1545085, 0.3134011), (-0.3922272, 0.1545085, 0.3915133), (-0.4282338, 0.4045085, 0.3028049), (-0.3922272, 0.1545085, 0.3915133), (-0.3776302, 0.4045085, 0.3753506), (-0.4282338, 0.4045085, 0.3028049), (-0.4282338, 0.4045085, 0.3028049), (-0.3776302, 0.4045085, 0.3753506), (-0.3982097, 0.5, 0.28566), (-0.3776302, 0.4045085, 0.3753506), (-0.3540118, 0.5, 0.3491988), (-0.3982097, 0.5, 0.28566), (-0.3540118, 0.5, 0.3491988), (-0.2927654, 0.5, 0.3938921), (-0.3303934, 0.4045085, 0.3230471), (-0.2927654, 0.5, 0.3938921), (-0.2777563, 0.4045085, 0.361314), (-0.3303934, 0.4045085, 0.3230471), (-0.3303934, 0.4045085, 0.3230471), (-0.2777563, 0.4045085, 0.361314), (-0.3157964, 0.1545085, 0.3068844), (-0.2777563, 0.4045085, 0.361314), (-0.2684802, 0.1545085, 0.3411797), (-0.3157964, 0.1545085, 0.3068844), (-0.3157964, 0.1545085, 0.3068844), (-0.2684802, 0.1545085, 0.3411797), (-0.3157964, -0.1545085, 0.3068844), (-0.2684802, 0.1545085, 0.3411797), (-0.2684802, -0.1545085, 0.3411797), (-0.3157964, -0.1545085, 0.3068844), (-0.3157964, -0.1545085, 0.3068844), (-0.2684802, -0.1545085, 0.3411797), (-0.3303934, -0.4045085, 0.3230471), (-0.2684802, -0.1545085, 0.3411797), (-0.2777563, -0.4045085, 0.361314), (-0.3303934, -0.4045085, 0.3230471), (-0.3303934, -0.4045085, 0.3230471), (-0.2777563, -0.4045085, 0.361314), (-0.3540118, -0.5, 0.3491988), (-0.2777563, -0.4045085, 0.361314), (-0.2927654, -0.5, 0.3938921), (-0.3540118, -0.5, 0.3491988), (-0.3540118, -0.5, 0.3491988), (-0.2927654, -0.5, 0.3938921), (-0.3776302, -0.4045085, 0.3753506), (-0.2927654, -0.5, 0.3938921), (-0.3077745, -0.4045085, 0.4264701), (-0.3776302, -0.4045085, 0.3753506), (-0.3776302, -0.4045085, 0.3753506), (-0.3077745, -0.4045085, 0.4264701), (-0.3922272, -0.1545085, 0.3915133), (-0.3077745, -0.4045085, 0.4264701), (-0.3170506, -0.1545085, 0.4466045), (-0.3922272, -0.1545085, 0.3915133), (-0.3922272, -0.1545085, 0.3915133), (-0.3170506, -0.1545085, 0.4466045), (-0.3922272, 0.1545085, 0.3915133), (-0.3170506, -0.1545085, 0.4466045), (-0.3170506, 0.1545085, 0.4466045), (-0.3922272, 0.1545085, 0.3915133), (-0.3922272, 0.1545085, 0.3915133), (-0.3170506, 0.1545085, 0.4466045), (-0.3776302, 0.4045085, 0.3753506), (-0.3170506, 0.1545085, 0.4466045), (-0.3077745, 0.4045085, 0.4264701), (-0.3776302, 0.4045085, 0.3753506), (-0.3776302, 0.4045085, 0.3753506), (-0.3077745, 0.4045085, 0.4264701), (-0.3540118, 0.5, 0.3491988), (-0.3077745, 0.4045085, 0.4264701), (-0.2927654, 0.5, 0.3938921), (-0.3540118, 0.5, 0.3491988), (-0.2927654, 0.5, 0.3938921), (-0.2223141, 0.5, 0.4191275), (-0.2777563, 0.4045085, 0.361314), (-0.2223141, 0.5, 0.4191275), (-0.2147698, 0.4045085, 0.3837383), (-0.2777563, 0.4045085, 0.361314), (-0.2777563, 0.4045085, 0.361314), (-0.2147698, 0.4045085, 0.3837383), (-0.2684802, 0.1545085, 0.3411797), (-0.2147698, 0.4045085, 0.3837383), (-0.2101071, 0.1545085, 0.3618666), (-0.2684802, 0.1545085, 0.3411797), (-0.2684802, 0.1545085, 0.3411797), (-0.2101071, 0.1545085, 0.3618666), (-0.2684802, -0.1545085, 0.3411797), (-0.2101071, 0.1545085, 0.3618666), (-0.2101071, -0.1545085, 0.3618666), (-0.2684802, -0.1545085, 0.3411797), (-0.2684802, -0.1545085, 0.3411797), (-0.2101071, -0.1545085, 0.3618666), (-0.2777563, -0.4045085, 0.361314), (-0.2101071, -0.1545085, 0.3618666), (-0.2147698, -0.4045085, 0.3837383), (-0.2777563, -0.4045085, 0.361314), (-0.2777563, -0.4045085, 0.361314), (-0.2147698, -0.4045085, 0.3837383), (-0.2927654, -0.5, 0.3938921), (-0.2147698, -0.4045085, 0.3837383), (-0.2223141, -0.5, 0.4191275), (-0.2927654, -0.5, 0.3938921), (-0.2927654, -0.5, 0.3938921), (-0.2223141, -0.5, 0.4191275), (-0.3077745, -0.4045085, 0.4264701), (-0.2223141, -0.5, 0.4191275), (-0.2298585, -0.4045085, 0.4545167), (-0.3077745, -0.4045085, 0.4264701), (-0.3077745, -0.4045085, 0.4264701), (-0.2298585, -0.4045085, 0.4545167), (-0.3170506, -0.1545085, 0.4466045), (-0.2298585, -0.4045085, 0.4545167), (-0.2345212, -0.1545085, 0.4763884), (-0.3170506, -0.1545085, 0.4466045), (-0.3170506, -0.1545085, 0.4466045), (-0.2345212, -0.1545085, 0.4763884), (-0.3170506, 0.1545085, 0.4466045), (-0.2345212, -0.1545085, 0.4763884), (-0.2345212, 0.1545085, 0.4763884), (-0.3170506, 0.1545085, 0.4466045), (-0.3170506, 0.1545085, 0.4466045), (-0.2345212, 0.1545085, 0.4763884), (-0.3077745, 0.4045085, 0.4264701), (-0.2345212, 0.1545085, 0.4763884), (-0.2298585, 0.4045085, 0.4545167), (-0.3077745, 0.4045085, 0.4264701), (-0.3077745, 0.4045085, 0.4264701), (-0.2298585, 0.4045085, 0.4545167), (-0.2927654, 0.5, 0.3938921), (-0.2298585, 0.4045085, 0.4545167), (-0.2223141, 0.5, 0.4191275), (-0.2927654, 0.5, 0.3938921), (-0.2223141, 0.5, 0.4191275), (-0.1487915, 0.5, 0.4323226), (-0.2147698, 0.4045085, 0.3837383), (-0.1487915, 0.5, 0.4323226), (-0.1446914, 0.4045085, 0.3962961), (-0.2147698, 0.4045085, 0.3837383), (-0.2147698, 0.4045085, 0.3837383), (-0.1446914, 0.4045085, 0.3962961), (-0.2101071, 0.1545085, 0.3618666), (-0.1446914, 0.4045085, 0.3962961), (-0.1421573, 0.1545085, 0.3740305), (-0.2101071, 0.1545085, 0.3618666), (-0.2101071, 0.1545085, 0.3618666), (-0.1421573, 0.1545085, 0.3740305), (-0.2101071, -0.1545085, 0.3618666), (-0.1421573, 0.1545085, 0.3740305), (-0.1421573, -0.1545085, 0.3740305), (-0.2101071, -0.1545085, 0.3618666), (-0.2101071, -0.1545085, 0.3618666), (-0.1421573, -0.1545085, 0.3740305), (-0.2147698, -0.4045085, 0.3837383), (-0.1421573, -0.1545085, 0.3740305), (-0.1446914, -0.4045085, 0.3962961), (-0.2147698, -0.4045085, 0.3837383), (-0.2147698, -0.4045085, 0.3837383), (-0.1446914, -0.4045085, 0.3962961), (-0.2223141, -0.5, 0.4191275), (-0.1446914, -0.4045085, 0.3962961), (-0.1487915, -0.5, 0.4323226), (-0.2223141, -0.5, 0.4191275), (-0.2223141, -0.5, 0.4191275), (-0.1487915, -0.5, 0.4323226), (-0.2298585, -0.4045085, 0.4545167), (-0.1487915, -0.5, 0.4323226), (-0.1528917, -0.4045085, 0.4683491), (-0.2298585, -0.4045085, 0.4545167), (-0.2298585, -0.4045085, 0.4545167), (-0.1528917, -0.4045085, 0.4683491), (-0.2345212, -0.1545085, 0.4763884), (-0.1528917, -0.4045085, 0.4683491), (-0.1554258, -0.1545085, 0.4906148), (-0.2345212, -0.1545085, 0.4763884), (-0.2345212, -0.1545085, 0.4763884), (-0.1554258, -0.1545085, 0.4906148), (-0.2345212, 0.1545085, 0.4763884), (-0.1554258, -0.1545085, 0.4906148), (-0.1554258, 0.1545085, 0.4906148), (-0.2345212, 0.1545085, 0.4763884), (-0.2345212, 0.1545085, 0.4763884), (-0.1554258, 0.1545085, 0.4906148), (-0.2298585, 0.4045085, 0.4545167), (-0.1554258, 0.1545085, 0.4906148), (-0.1528917, 0.4045085, 0.4683491), (-0.2298585, 0.4045085, 0.4545167), (-0.2298585, 0.4045085, 0.4545167), (-0.1528917, 0.4045085, 0.4683491), (-0.2223141, 0.5, 0.4191275), (-0.1528917, 0.4045085, 0.4683491), (-0.1487915, 0.5, 0.4323226), (-0.2223141, 0.5, 0.4191275), (-0.1487915, 0.5, 0.4323226), (-0.0745347, 0.5, 0.4391446), (-0.1446914, 0.4045085, 0.3962961), (-0.0745347, 0.5, 0.4391446), (-0.0726751, 0.4045085, 0.4029084), (-0.1446914, 0.4045085, 0.3962961), (-0.1446914, 0.4045085, 0.3962961), (-0.0726751, 0.4045085, 0.4029084), (-0.1421573, 0.1545085, 0.3740305), (-0.0726751, 0.4045085, 0.4029084), (-0.0715258, 0.1545085, 0.3805131), (-0.1421573, 0.1545085, 0.3740305), (-0.1421573, 0.1545085, 0.3740305), (-0.0715258, 0.1545085, 0.3805131), (-0.1421573, -0.1545085, 0.3740305), (-0.0715258, 0.1545085, 0.3805131), (-0.0715258, -0.1545085, 0.3805131), (-0.1421573, -0.1545085, 0.3740305), (-0.1421573, -0.1545085, 0.3740305), (-0.0715258, -0.1545085, 0.3805131), (-0.1446914, -0.4045085, 0.3962961), (-0.0715258, -0.1545085, 0.3805131), (-0.0726751, -0.4045085, 0.4029084), (-0.1446914, -0.4045085, 0.3962961), (-0.1446914, -0.4045085, 0.3962961), (-0.0726751, -0.4045085, 0.4029084), (-0.1487915, -0.5, 0.4323226), (-0.0726751, -0.4045085, 0.4029084), (-0.0745347, -0.5, 0.4391446), (-0.1487915, -0.5, 0.4323226), (-0.1487915, -0.5, 0.4323226), (-0.0745347, -0.5, 0.4391446), (-0.1528917, -0.4045085, 0.4683491), (-0.0745347, -0.5, 0.4391446), (-0.0763944, -0.4045085, 0.4753808), (-0.1528917, -0.4045085, 0.4683491), (-0.1528917, -0.4045085, 0.4683491), (-0.0763944, -0.4045085, 0.4753808), (-0.1554258, -0.1545085, 0.4906148), (-0.0763944, -0.4045085, 0.4753808), (-0.0775437, -0.1545085, 0.4977761), (-0.1554258, -0.1545085, 0.4906148), (-0.1554258, -0.1545085, 0.4906148), (-0.0775437, -0.1545085, 0.4977761), (-0.1554258, 0.1545085, 0.4906148), (-0.0775437, -0.1545085, 0.4977761), (-0.0775437, 0.1545085, 0.4977761), (-0.1554258, 0.1545085, 0.4906148), (-0.1554258, 0.1545085, 0.4906148), (-0.0775437, 0.1545085, 0.4977761), (-0.1528917, 0.4045085, 0.4683491), (-0.0775437, 0.1545085, 0.4977761), (-0.0763944, 0.4045085, 0.4753808), (-0.1528917, 0.4045085, 0.4683491), (-0.1528917, 0.4045085, 0.4683491), (-0.0763944, 0.4045085, 0.4753808), (-0.1487915, 0.5, 0.4323226), (-0.0763944, 0.4045085, 0.4753808), (-0.0745347, 0.5, 0.4391446), (-0.1487915, 0.5, 0.4323226), (-0.0745347, 0.5, 0.4391446), (0, 0.5, 0.441281), (-0.0726751, 0.4045085, 0.4029084), (0, 0.5, 0.441281), (0, 0.4045085, 0.4049906), (-0.0726751, 0.4045085, 0.4029084), (-0.0726751, 0.4045085, 0.4029084), (0, 0.4045085, 0.4049906), (-0.0715258, 0.1545085, 0.3805131), (0, 0.4045085, 0.4049906), (0, 0.1545085, 0.382562), (-0.0715258, 0.1545085, 0.3805131), (-0.0715258, 0.1545085, 0.3805131), (0, 0.1545085, 0.382562), (-0.0715258, -0.1545085, 0.3805131), (0, 0.1545085, 0.382562), (0, -0.1545085, 0.382562), (-0.0715258, -0.1545085, 0.3805131), (-0.0715258, -0.1545085, 0.3805131), (0, -0.1545085, 0.382562), (-0.0726751, -0.4045085, 0.4029084), (0, -0.1545085, 0.382562), (0, -0.4045085, 0.4049906), (-0.0726751, -0.4045085, 0.4029084), (-0.0726751, -0.4045085, 0.4029084), (0, -0.4045085, 0.4049906), (-0.0745347, -0.5, 0.4391446), (0, -0.4045085, 0.4049906), (0, -0.5, 0.441281), (-0.0745347, -0.5, 0.4391446), (-0.0745347, -0.5, 0.4391446), (0, -0.5, 0.441281), (-0.0763944, -0.4045085, 0.4753808), (0, -0.5, 0.441281), (0, -0.4045085, 0.4775714), (-0.0763944, -0.4045085, 0.4753808), (-0.0763944, -0.4045085, 0.4753808), (0, -0.4045085, 0.4775714), (-0.0775437, -0.1545085, 0.4977761), (0, -0.4045085, 0.4775714), (0, -0.1545085, 0.5), (-0.0775437, -0.1545085, 0.4977761), (-0.0775437, -0.1545085, 0.4977761), (0, -0.1545085, 0.5), (-0.0775437, 0.1545085, 0.4977761), (0, -0.1545085, 0.5), (0, 0.1545085, 0.5), (-0.0775437, 0.1545085, 0.4977761), (-0.0775437, 0.1545085, 0.4977761), (0, 0.1545085, 0.5), (-0.0763944, 0.4045085, 0.4753808), (0, 0.1545085, 0.5), (0, 0.4045085, 0.4775714), (-0.0763944, 0.4045085, 0.4753808), (-0.0763944, 0.4045085, 0.4753808), (0, 0.4045085, 0.4775714), (-0.0745347, 0.5, 0.4391446), (0, 0.4045085, 0.4775714), (0, 0.5, 0.441281), (-0.0745347, 0.5, 0.4391446), (0, 0.5, 0.441281), (0.0745347, 0.5, 0.4391446), (0, 0.4045085, 0.4049906), (0.0745347, 0.5, 0.4391446), (0.0726751, 0.4045085, 0.4029084), (0, 0.4045085, 0.4049906), (0, 0.4045085, 0.4049906), (0.0726751, 0.4045085, 0.4029084), (0, 0.1545085, 0.382562), (0.0726751, 0.4045085, 0.4029084), (0.0715258, 0.1545085, 0.3805131), (0, 0.1545085, 0.382562), (0, 0.1545085, 0.382562), (0.0715258, 0.1545085, 0.3805131), (0, -0.1545085, 0.382562), (0.0715258, 0.1545085, 0.3805131), (0.0715258, -0.1545085, 0.3805131), (0, -0.1545085, 0.382562), (0, -0.1545085, 0.382562), (0.0715258, -0.1545085, 0.3805131), (0, -0.4045085, 0.4049906), (0.0715258, -0.1545085, 0.3805131), (0.0726751, -0.4045085, 0.4029084), (0, -0.4045085, 0.4049906), (0, -0.4045085, 0.4049906), (0.0726751, -0.4045085, 0.4029084), (0, -0.5, 0.441281), (0.0726751, -0.4045085, 0.4029084), (0.0745347, -0.5, 0.4391446), (0, -0.5, 0.441281), (0, -0.5, 0.441281), (0.0745347, -0.5, 0.4391446), (0, -0.4045085, 0.4775714), (0.0745347, -0.5, 0.4391446), (0.0763944, -0.4045085, 0.4753808), (0, -0.4045085, 0.4775714), (0, -0.4045085, 0.4775714), (0.0763944, -0.4045085, 0.4753808), (0, -0.1545085, 0.5), (0.0763944, -0.4045085, 0.4753808), (0.0775437, -0.1545085, 0.4977761), (0, -0.1545085, 0.5), (0, -0.1545085, 0.5), (0.0775437, -0.1545085, 0.4977761), (0, 0.1545085, 0.5), (0.0775437, -0.1545085, 0.4977761), (0.0775437, 0.1545085, 0.4977761), (0, 0.1545085, 0.5), (0, 0.1545085, 0.5), (0.0775437, 0.1545085, 0.4977761), (0, 0.4045085, 0.4775714), (0.0775437, 0.1545085, 0.4977761), (0.0763944, 0.4045085, 0.4753808), (0, 0.4045085, 0.4775714), (0, 0.4045085, 0.4775714), (0.0763944, 0.4045085, 0.4753808), (0, 0.5, 0.441281), (0.0763944, 0.4045085, 0.4753808), (0.0745347, 0.5, 0.4391446), (0, 0.5, 0.441281), (0.0745347, 0.5, 0.4391446), (0.1487915, 0.5, 0.4323226), (0.0726751, 0.4045085, 0.4029084), (0.1487915, 0.5, 0.4323226), (0.1446914, 0.4045085, 0.3962961), (0.0726751, 0.4045085, 0.4029084), (0.0726751, 0.4045085, 0.4029084), (0.1446914, 0.4045085, 0.3962961), (0.0715258, 0.1545085, 0.3805131), (0.1446914, 0.4045085, 0.3962961), (0.1421573, 0.1545085, 0.3740305), (0.0715258, 0.1545085, 0.3805131), (0.0715258, 0.1545085, 0.3805131), (0.1421573, 0.1545085, 0.3740305), (0.0715258, -0.1545085, 0.3805131), (0.1421573, 0.1545085, 0.3740305), (0.1421573, -0.1545085, 0.3740305), (0.0715258, -0.1545085, 0.3805131), (0.0715258, -0.1545085, 0.3805131), (0.1421573, -0.1545085, 0.3740305), (0.0726751, -0.4045085, 0.4029084), (0.1421573, -0.1545085, 0.3740305), (0.1446914, -0.4045085, 0.3962961), (0.0726751, -0.4045085, 0.4029084), (0.0726751, -0.4045085, 0.4029084), (0.1446914, -0.4045085, 0.3962961), (0.0745347, -0.5, 0.4391446), (0.1446914, -0.4045085, 0.3962961), (0.1487915, -0.5, 0.4323226), (0.0745347, -0.5, 0.4391446), (0.0745347, -0.5, 0.4391446), (0.1487915, -0.5, 0.4323226), (0.0763944, -0.4045085, 0.4753808), (0.1487915, -0.5, 0.4323226), (0.1528917, -0.4045085, 0.4683491), (0.0763944, -0.4045085, 0.4753808), (0.0763944, -0.4045085, 0.4753808), (0.1528917, -0.4045085, 0.4683491), (0.0775437, -0.1545085, 0.4977761), (0.1528917, -0.4045085, 0.4683491), (0.1554258, -0.1545085, 0.4906148), (0.0775437, -0.1545085, 0.4977761), (0.0775437, -0.1545085, 0.4977761), (0.1554258, -0.1545085, 0.4906148), (0.0775437, 0.1545085, 0.4977761), (0.1554258, -0.1545085, 0.4906148), (0.1554258, 0.1545085, 0.4906148), (0.0775437, 0.1545085, 0.4977761), (0.0775437, 0.1545085, 0.4977761), (0.1554258, 0.1545085, 0.4906148), (0.0763944, 0.4045085, 0.4753808), (0.1554258, 0.1545085, 0.4906148), (0.1528917, 0.4045085, 0.4683491), (0.0763944, 0.4045085, 0.4753808), (0.0763944, 0.4045085, 0.4753808), (0.1528917, 0.4045085, 0.4683491), (0.0745347, 0.5, 0.4391446), (0.1528917, 0.4045085, 0.4683491), (0.1487915, 0.5, 0.4323226), (0.0745347, 0.5, 0.4391446), (0.1487915, 0.5, 0.4323226), (0.2223141, 0.5, 0.4191275), (0.1446914, 0.4045085, 0.3962961), (0.2223141, 0.5, 0.4191275), (0.2147698, 0.4045085, 0.3837383), (0.1446914, 0.4045085, 0.3962961), (0.1446914, 0.4045085, 0.3962961), (0.2147698, 0.4045085, 0.3837383), (0.1421573, 0.1545085, 0.3740305), (0.2147698, 0.4045085, 0.3837383), (0.2101071, 0.1545085, 0.3618666), (0.1421573, 0.1545085, 0.3740305), (0.1421573, 0.1545085, 0.3740305), (0.2101071, 0.1545085, 0.3618666), (0.1421573, -0.1545085, 0.3740305), (0.2101071, 0.1545085, 0.3618666), (0.2101071, -0.1545085, 0.3618666), (0.1421573, -0.1545085, 0.3740305), (0.1421573, -0.1545085, 0.3740305), (0.2101071, -0.1545085, 0.3618666), (0.1446914, -0.4045085, 0.3962961), (0.2101071, -0.1545085, 0.3618666), (0.2147698, -0.4045085, 0.3837383), (0.1446914, -0.4045085, 0.3962961), (0.1446914, -0.4045085, 0.3962961), (0.2147698, -0.4045085, 0.3837383), (0.1487915, -0.5, 0.4323226), (0.2147698, -0.4045085, 0.3837383), (0.2223141, -0.5, 0.4191275), (0.1487915, -0.5, 0.4323226), (0.1487915, -0.5, 0.4323226), (0.2223141, -0.5, 0.4191275), (0.1528917, -0.4045085, 0.4683491), (0.2223141, -0.5, 0.4191275), (0.2298585, -0.4045085, 0.4545167), (0.1528917, -0.4045085, 0.4683491), (0.1528917, -0.4045085, 0.4683491), (0.2298585, -0.4045085, 0.4545167), (0.1554258, -0.1545085, 0.4906148), (0.2298585, -0.4045085, 0.4545167), (0.2345212, -0.1545085, 0.4763884), (0.1554258, -0.1545085, 0.4906148), (0.1554258, -0.1545085, 0.4906148), (0.2345212, -0.1545085, 0.4763884), (0.1554258, 0.1545085, 0.4906148), (0.2345212, -0.1545085, 0.4763884), (0.2345212, 0.1545085, 0.4763884), (0.1554258, 0.1545085, 0.4906148), (0.1554258, 0.1545085, 0.4906148), (0.2345212, 0.1545085, 0.4763884), (0.1528917, 0.4045085, 0.4683491), (0.2345212, 0.1545085, 0.4763884), (0.2298585, 0.4045085, 0.4545167), (0.1528917, 0.4045085, 0.4683491), (0.1528917, 0.4045085, 0.4683491), (0.2298585, 0.4045085, 0.4545167), (0.1487915, 0.5, 0.4323226), (0.2298585, 0.4045085, 0.4545167), (0.2223141, 0.5, 0.4191275), (0.1487915, 0.5, 0.4323226), (0.2223141, 0.5, 0.4191275), (0.2927654, 0.5, 0.3938921), (0.2147698, 0.4045085, 0.3837383), (0.2927654, 0.5, 0.3938921), (0.2777563, 0.4045085, 0.361314), (0.2147698, 0.4045085, 0.3837383), (0.2147698, 0.4045085, 0.3837383), (0.2777563, 0.4045085, 0.361314), (0.2101071, 0.1545085, 0.3618666), (0.2777563, 0.4045085, 0.361314), (0.2684802, 0.1545085, 0.3411797), (0.2101071, 0.1545085, 0.3618666), (0.2101071, 0.1545085, 0.3618666), (0.2684802, 0.1545085, 0.3411797), (0.2101071, -0.1545085, 0.3618666), (0.2684802, 0.1545085, 0.3411797), (0.2684802, -0.1545085, 0.3411797), (0.2101071, -0.1545085, 0.3618666), (0.2101071, -0.1545085, 0.3618666), (0.2684802, -0.1545085, 0.3411797), (0.2147698, -0.4045085, 0.3837383), (0.2684802, -0.1545085, 0.3411797), (0.2777563, -0.4045085, 0.361314), (0.2147698, -0.4045085, 0.3837383), (0.2147698, -0.4045085, 0.3837383), (0.2777563, -0.4045085, 0.361314), (0.2223141, -0.5, 0.4191275), (0.2777563, -0.4045085, 0.361314), (0.2927654, -0.5, 0.3938921), (0.2223141, -0.5, 0.4191275), (0.2223141, -0.5, 0.4191275), (0.2927654, -0.5, 0.3938921), (0.2298585, -0.4045085, 0.4545167), (0.2927654, -0.5, 0.3938921), (0.3077745, -0.4045085, 0.4264701), (0.2298585, -0.4045085, 0.4545167), (0.2298585, -0.4045085, 0.4545167), (0.3077745, -0.4045085, 0.4264701), (0.2345212, -0.1545085, 0.4763884), (0.3077745, -0.4045085, 0.4264701), (0.3170506, -0.1545085, 0.4466045), (0.2345212, -0.1545085, 0.4763884), (0.2345212, -0.1545085, 0.4763884), (0.3170506, -0.1545085, 0.4466045), (0.2345212, 0.1545085, 0.4763884), (0.3170506, -0.1545085, 0.4466045), (0.3170506, 0.1545085, 0.4466045), (0.2345212, 0.1545085, 0.4763884), (0.2345212, 0.1545085, 0.4763884), (0.3170506, 0.1545085, 0.4466045), (0.2298585, 0.4045085, 0.4545167), (0.3170506, 0.1545085, 0.4466045), (0.3077745, 0.4045085, 0.4264701), (0.2298585, 0.4045085, 0.4545167), (0.2298585, 0.4045085, 0.4545167), (0.3077745, 0.4045085, 0.4264701), (0.2223141, 0.5, 0.4191275), (0.3077745, 0.4045085, 0.4264701), (0.2927654, 0.5, 0.3938921), (0.2223141, 0.5, 0.4191275), (0.2927654, 0.5, 0.3938921), (0.3540118, 0.5, 0.3491988), (0.2777563, 0.4045085, 0.361314), (0.3540118, 0.5, 0.3491988), (0.3303934, 0.4045085, 0.3230471), (0.2777563, 0.4045085, 0.361314), (0.2777563, 0.4045085, 0.361314), (0.3303934, 0.4045085, 0.3230471), (0.2684802, 0.1545085, 0.3411797), (0.3303934, 0.4045085, 0.3230471), (0.3157964, 0.1545085, 0.3068844), (0.2684802, 0.1545085, 0.3411797), (0.2684802, 0.1545085, 0.3411797), (0.3157964, 0.1545085, 0.3068844), (0.2684802, -0.1545085, 0.3411797), (0.3157964, 0.1545085, 0.3068844), (0.3157964, -0.1545085, 0.3068844), (0.2684802, -0.1545085, 0.3411797), (0.2684802, -0.1545085, 0.3411797), (0.3157964, -0.1545085, 0.3068844), (0.2777563, -0.4045085, 0.361314), (0.3157964, -0.1545085, 0.3068844), (0.3303934, -0.4045085, 0.3230471), (0.2777563, -0.4045085, 0.361314), (0.2777563, -0.4045085, 0.361314), (0.3303934, -0.4045085, 0.3230471), (0.2927654, -0.5, 0.3938921), (0.3303934, -0.4045085, 0.3230471), (0.3540118, -0.5, 0.3491988), (0.2927654, -0.5, 0.3938921), (0.2927654, -0.5, 0.3938921), (0.3540118, -0.5, 0.3491988), (0.3077745, -0.4045085, 0.4264701), (0.3540118, -0.5, 0.3491988), (0.3776302, -0.4045085, 0.3753506), (0.3077745, -0.4045085, 0.4264701), (0.3077745, -0.4045085, 0.4264701), (0.3776302, -0.4045085, 0.3753506), (0.3170506, -0.1545085, 0.4466045), (0.3776302, -0.4045085, 0.3753506), (0.3922272, -0.1545085, 0.3915133), (0.3170506, -0.1545085, 0.4466045), (0.3170506, -0.1545085, 0.4466045), (0.3922272, -0.1545085, 0.3915133), (0.3170506, 0.1545085, 0.4466045), (0.3922272, -0.1545085, 0.3915133), (0.3922272, 0.1545085, 0.3915133), (0.3170506, 0.1545085, 0.4466045), (0.3170506, 0.1545085, 0.4466045), (0.3922272, 0.1545085, 0.3915133), (0.3077745, 0.4045085, 0.4264701), (0.3922272, 0.1545085, 0.3915133), (0.3776302, 0.4045085, 0.3753506), (0.3077745, 0.4045085, 0.4264701), (0.3077745, 0.4045085, 0.4264701), (0.3776302, 0.4045085, 0.3753506), (0.2927654, 0.5, 0.3938921), (0.3776302, 0.4045085, 0.3753506), (0.3540118, 0.5, 0.3491988), (0.2927654, 0.5, 0.3938921), (0.3540118, 0.5, 0.3491988), (0.3982097, 0.5, 0.28566), (0.3303934, 0.4045085, 0.3230471), (0.3982097, 0.5, 0.28566), (0.3681857, 0.4045085, 0.2685151), (0.3303934, 0.4045085, 0.3230471), (0.3303934, 0.4045085, 0.3230471), (0.3681857, 0.4045085, 0.2685151), (0.3157964, 0.1545085, 0.3068844), (0.3681857, 0.4045085, 0.2685151), (0.3496298, 0.1545085, 0.2579189), (0.3157964, 0.1545085, 0.3068844), (0.3157964, 0.1545085, 0.3068844), (0.3496298, 0.1545085, 0.2579189), (0.3157964, -0.1545085, 0.3068844), (0.3496298, 0.1545085, 0.2579189), (0.3496298, -0.1545085, 0.2579189), (0.3157964, -0.1545085, 0.3068844), (0.3157964, -0.1545085, 0.3068844), (0.3496298, -0.1545085, 0.2579189), (0.3303934, -0.4045085, 0.3230471), (0.3496298, -0.1545085, 0.2579189), (0.3681857, -0.4045085, 0.2685151), (0.3303934, -0.4045085, 0.3230471), (0.3303934, -0.4045085, 0.3230471), (0.3681857, -0.4045085, 0.2685151), (0.3540118, -0.5, 0.3491988), (0.3681857, -0.4045085, 0.2685151), (0.3982097, -0.5, 0.28566), (0.3540118, -0.5, 0.3491988), (0.3540118, -0.5, 0.3491988), (0.3982097, -0.5, 0.28566), (0.3776302, -0.4045085, 0.3753506), (0.3982097, -0.5, 0.28566), (0.4282338, -0.4045085, 0.3028049), (0.3776302, -0.4045085, 0.3753506), (0.3776302, -0.4045085, 0.3753506), (0.4282338, -0.4045085, 0.3028049), (0.3922272, -0.1545085, 0.3915133), (0.4282338, -0.4045085, 0.3028049), (0.4467897, -0.1545085, 0.3134011), (0.3922272, -0.1545085, 0.3915133), (0.3922272, -0.1545085, 0.3915133), (0.4467897, -0.1545085, 0.3134011), (0.3922272, 0.1545085, 0.3915133), (0.4467897, -0.1545085, 0.3134011), (0.4467897, 0.1545085, 0.3134011), (0.3922272, 0.1545085, 0.3915133), (0.3922272, 0.1545085, 0.3915133), (0.4467897, 0.1545085, 0.3134011), (0.3776302, 0.4045085, 0.3753506), (0.4467897, 0.1545085, 0.3134011), (0.4282338, 0.4045085, 0.3028049), (0.3776302, 0.4045085, 0.3753506), (0.3776302, 0.4045085, 0.3753506), (0.4282338, 0.4045085, 0.3028049), (0.3540118, 0.5, 0.3491988), (0.4282338, 0.4045085, 0.3028049), (0.3982097, 0.5, 0.28566), (0.3540118, 0.5, 0.3491988), (0.3982097, 0.5, 0.28566), (0.4268482, 0.5, 0.2125191), (0.3681857, 0.4045085, 0.2685151), (0.4268482, 0.5, 0.2125191), (0.3941812, 0.4045085, 0.2022278), (0.3681857, 0.4045085, 0.2685151), (0.3681857, 0.4045085, 0.2685151), (0.3941812, 0.4045085, 0.2022278), (0.3496298, 0.1545085, 0.2579189), (0.3941812, 0.4045085, 0.2022278), (0.3739919, 0.1545085, 0.1958674), (0.3496298, 0.1545085, 0.2579189), (0.3496298, 0.1545085, 0.2579189), (0.3739919, 0.1545085, 0.1958674), (0.3496298, -0.1545085, 0.2579189), (0.3739919, 0.1545085, 0.1958674), (0.3739919, -0.1545085, 0.1958674), (0.3496298, -0.1545085, 0.2579189), (0.3496298, -0.1545085, 0.2579189), (0.3739919, -0.1545085, 0.1958674), (0.3681857, -0.4045085, 0.2685151), (0.3739919, -0.1545085, 0.1958674), (0.3941812, -0.4045085, 0.2022278), (0.3681857, -0.4045085, 0.2685151), (0.3681857, -0.4045085, 0.2685151), (0.3941812, -0.4045085, 0.2022278), (0.3982097, -0.5, 0.28566), (0.3941812, -0.4045085, 0.2022278), (0.4268482, -0.5, 0.2125191), (0.3982097, -0.5, 0.28566), (0.3982097, -0.5, 0.28566), (0.4268482, -0.5, 0.2125191), (0.4282338, -0.4045085, 0.3028049), (0.4268482, -0.5, 0.2125191), (0.4595152, -0.4045085, 0.2228104), (0.4282338, -0.4045085, 0.3028049), (0.4282338, -0.4045085, 0.3028049), (0.4595152, -0.4045085, 0.2228104), (0.4467897, -0.1545085, 0.3134011), (0.4595152, -0.4045085, 0.2228104), (0.4797045, -0.1545085, 0.2291708), (0.4467897, -0.1545085, 0.3134011), (0.4467897, -0.1545085, 0.3134011), (0.4797045, -0.1545085, 0.2291708), (0.4467897, 0.1545085, 0.3134011), (0.4797045, -0.1545085, 0.2291708), (0.4797045, 0.1545085, 0.2291708), (0.4467897, 0.1545085, 0.3134011), (0.4467897, 0.1545085, 0.3134011), (0.4797045, 0.1545085, 0.2291708), (0.4282338, 0.4045085, 0.3028049), (0.4797045, 0.1545085, 0.2291708), (0.4595152, 0.4045085, 0.2228104), (0.4282338, 0.4045085, 0.3028049), (0.4282338, 0.4045085, 0.3028049), (0.4595152, 0.4045085, 0.2228104), (0.3982097, 0.5, 0.28566), (0.4595152, 0.4045085, 0.2228104), (0.4268482, 0.5, 0.2125191), (0.3982097, 0.5, 0.28566), (0.4268482, 0.5, 0.2125191), (0.4405216, 0.5, 0.1344899), (0.3941812, 0.4045085, 0.2022278), (0.4405216, 0.5, 0.1344899), (0.4066494, 0.4045085, 0.1306306), (0.3941812, 0.4045085, 0.2022278), (0.3941812, 0.4045085, 0.2022278), (0.4066494, 0.4045085, 0.1306306), (0.3739919, 0.1545085, 0.1958674), (0.4066494, 0.4045085, 0.1306306), (0.3857151, 0.1545085, 0.1282454), (0.3739919, 0.1545085, 0.1958674), (0.3739919, 0.1545085, 0.1958674), (0.3857151, 0.1545085, 0.1282454), (0.3739919, -0.1545085, 0.1958674), (0.3857151, 0.1545085, 0.1282454), (0.3857151, -0.1545085, 0.1282454), (0.3739919, -0.1545085, 0.1958674), (0.3739919, -0.1545085, 0.1958674), (0.3857151, -0.1545085, 0.1282454), (0.3941812, -0.4045085, 0.2022278), (0.3857151, -0.1545085, 0.1282454), (0.4066494, -0.4045085, 0.1306306), (0.3941812, -0.4045085, 0.2022278), (0.3941812, -0.4045085, 0.2022278), (0.4066494, -0.4045085, 0.1306306), (0.4268482, -0.5, 0.2125191), (0.4066494, -0.4045085, 0.1306306), (0.4405216, -0.5, 0.1344899), (0.4268482, -0.5, 0.2125191), (0.4268482, -0.5, 0.2125191), (0.4405216, -0.5, 0.1344899), (0.4595152, -0.4045085, 0.2228104), (0.4405216, -0.5, 0.1344899), (0.4743939, -0.4045085, 0.1383492), (0.4595152, -0.4045085, 0.2228104), (0.4595152, -0.4045085, 0.2228104), (0.4743939, -0.4045085, 0.1383492), (0.4797045, -0.1545085, 0.2291708), (0.4743939, -0.4045085, 0.1383492), (0.4953281, -0.1545085, 0.1407344), (0.4797045, -0.1545085, 0.2291708), (0.4797045, -0.1545085, 0.2291708), (0.4953281, -0.1545085, 0.1407344), (0.4797045, 0.1545085, 0.2291708), (0.4953281, -0.1545085, 0.1407344), (0.4953281, 0.1545085, 0.1407344), (0.4797045, 0.1545085, 0.2291708), (0.4797045, 0.1545085, 0.2291708), (0.4953281, 0.1545085, 0.1407344), (0.4595152, 0.4045085, 0.2228104), (0.4953281, 0.1545085, 0.1407344), (0.4743939, 0.4045085, 0.1383492), (0.4595152, 0.4045085, 0.2228104), (0.4595152, 0.4045085, 0.2228104), (0.4743939, 0.4045085, 0.1383492), (0.4268482, 0.5, 0.2125191), (0.4743939, 0.4045085, 0.1383492), (0.4405216, 0.5, 0.1344899), (0.4268482, 0.5, 0.2125191), (0.4405216, 0.5, 0.1344899), (0.444892, 0.5, 0.0552647), (0.4066494, 0.4045085, 0.1306306), (0.444892, 0.5, 0.0552647), (0.4108334, 0.4045085, 0.0545372), (0.4066494, 0.4045085, 0.1306306), (0.4066494, 0.4045085, 0.1306306), (0.4108334, 0.4045085, 0.0545372), (0.3857151, 0.1545085, 0.1282454), (0.4108334, 0.4045085, 0.0545372), (0.389784, 0.1545085, 0.0540876), (0.3857151, 0.1545085, 0.1282454), (0.3857151, 0.1545085, 0.1282454), (0.389784, 0.1545085, 0.0540876), (0.3857151, -0.1545085, 0.1282454), (0.389784, 0.1545085, 0.0540876), (0.389784, -0.1545085, 0.0540876), (0.3857151, -0.1545085, 0.1282454), (0.3857151, -0.1545085, 0.1282454), (0.389784, -0.1545085, 0.0540876), (0.4066494, -0.4045085, 0.1306306), (0.389784, -0.1545085, 0.0540876), (0.4108334, -0.4045085, 0.0545372), (0.4066494, -0.4045085, 0.1306306), (0.4066494, -0.4045085, 0.1306306), (0.4108334, -0.4045085, 0.0545372), (0.4405216, -0.5, 0.1344899), (0.4108334, -0.4045085, 0.0545372), (0.444892, -0.5, 0.0552647), (0.4405216, -0.5, 0.1344899), (0.4405216, -0.5, 0.1344899), (0.444892, -0.5, 0.0552647), (0.4743939, -0.4045085, 0.1383492), (0.444892, -0.5, 0.0552647), (0.4789506, -0.4045085, 0.0559922), (0.4743939, -0.4045085, 0.1383492), (0.4743939, -0.4045085, 0.1383492), (0.4789506, -0.4045085, 0.0559922), (0.4953281, -0.1545085, 0.1407344), (0.4789506, -0.4045085, 0.0559922), (0.5, -0.1545085, 0.0564419), (0.4953281, -0.1545085, 0.1407344), (0.4953281, -0.1545085, 0.1407344), (0.5, -0.1545085, 0.0564419), (0.4953281, 0.1545085, 0.1407344), (0.5, -0.1545085, 0.0564419), (0.5, 0.1545085, 0.0564419), (0.4953281, 0.1545085, 0.1407344), (0.4953281, 0.1545085, 0.1407344), (0.5, 0.1545085, 0.0564419), (0.4743939, 0.4045085, 0.1383492), (0.5, 0.1545085, 0.0564419), (0.4789506, 0.4045085, 0.0559922), (0.4743939, 0.4045085, 0.1383492), (0.4743939, 0.4045085, 0.1383492), (0.4789506, 0.4045085, 0.0559922), (0.4405216, 0.5, 0.1344899), (0.4789506, 0.4045085, 0.0559922), (0.444892, 0.5, 0.0552647), (0.4405216, 0.5, 0.1344899), (0.444892, 0.5, 0.0552647), (0.4444512, 0.5, -0.0241713), (0.4108334, 0.4045085, 0.0545372), (0.4444512, 0.5, -0.0241713), (0.4103985, 0.4045085, -0.0231778), (0.4108334, 0.4045085, 0.0545372), (0.4108334, 0.4045085, 0.0545372), (0.4103985, 0.4045085, -0.0231778), (0.389784, 0.1545085, 0.0540876), (0.4103985, 0.4045085, -0.0231778), (0.3893528, 0.1545085, -0.0225638), (0.389784, 0.1545085, 0.0540876), (0.389784, 0.1545085, 0.0540876), (0.3893528, 0.1545085, -0.0225638), (0.389784, -0.1545085, 0.0540876), (0.3893528, 0.1545085, -0.0225638), (0.3893528, -0.1545085, -0.0225638), (0.389784, -0.1545085, 0.0540876), (0.389784, -0.1545085, 0.0540876), (0.3893528, -0.1545085, -0.0225638), (0.4108334, -0.4045085, 0.0545372), (0.3893528, -0.1545085, -0.0225638), (0.4103985, -0.4045085, -0.0231778), (0.4108334, -0.4045085, 0.0545372), (0.4108334, -0.4045085, 0.0545372), (0.4103985, -0.4045085, -0.0231778), (0.444892, -0.5, 0.0552647), (0.4103985, -0.4045085, -0.0231778), (0.4444512, -0.5, -0.0241713), (0.444892, -0.5, 0.0552647), (0.444892, -0.5, 0.0552647), (0.4444512, -0.5, -0.0241713), (0.4789506, -0.4045085, 0.0559922), (0.4444512, -0.5, -0.0241713), (0.4785039, -0.4045085, -0.0251648), (0.4789506, -0.4045085, 0.0559922), (0.4789506, -0.4045085, 0.0559922), (0.4785039, -0.4045085, -0.0251648), (0.5, -0.1545085, 0.0564419), (0.4785039, -0.4045085, -0.0251648), (0.4995496, -0.1545085, -0.0257788), (0.5, -0.1545085, 0.0564419), (0.5, -0.1545085, 0.0564419), (0.4995496, -0.1545085, -0.0257788), (0.5, 0.1545085, 0.0564419), (0.4995496, -0.1545085, -0.0257788), (0.4995496, 0.1545085, -0.0257788), (0.5, 0.1545085, 0.0564419), (0.5, 0.1545085, 0.0564419), (0.4995496, 0.1545085, -0.0257788), (0.4789506, 0.4045085, 0.0559922), (0.4995496, 0.1545085, -0.0257788), (0.4785039, 0.4045085, -0.0251648), (0.4789506, 0.4045085, 0.0559922), (0.4789506, 0.4045085, 0.0559922), (0.4785039, 0.4045085, -0.0251648), (0.444892, 0.5, 0.0552647), (0.4785039, 0.4045085, -0.0251648), (0.4444512, 0.5, -0.0241713), (0.444892, 0.5, 0.0552647), (0.4444512, 0.5, -0.0241713), (0.4413237, 0.5, -0.1035177), (0.4103985, 0.4045085, -0.0231778), (0.4413237, 0.5, -0.1035177), (0.4073077, 0.4045085, -0.1015644), (0.4103985, 0.4045085, -0.0231778), (0.4103985, 0.4045085, -0.0231778), (0.4073077, 0.4045085, -0.1015644), (0.3893528, 0.1545085, -0.0225638), (0.4073077, 0.4045085, -0.1015644), (0.3862846, 0.1545085, -0.1003573), (0.3893528, 0.1545085, -0.0225638), (0.3893528, 0.1545085, -0.0225638), (0.3862846, 0.1545085, -0.1003573), (0.3893528, -0.1545085, -0.0225638), (0.3862846, 0.1545085, -0.1003573), (0.3862846, -0.1545085, -0.1003573), (0.3893528, -0.1545085, -0.0225638), (0.3893528, -0.1545085, -0.0225638), (0.3862846, -0.1545085, -0.1003573), (0.4103985, -0.4045085, -0.0231778), (0.3862846, -0.1545085, -0.1003573), (0.4073077, -0.4045085, -0.1015644), (0.4103985, -0.4045085, -0.0231778), (0.4103985, -0.4045085, -0.0231778), (0.4073077, -0.4045085, -0.1015644), (0.4444512, -0.5, -0.0241713), (0.4073077, -0.4045085, -0.1015644), (0.4413237, -0.5, -0.1035177), (0.4444512, -0.5, -0.0241713), (0.4444512, -0.5, -0.0241713), (0.4413237, -0.5, -0.1035177), (0.4785039, -0.4045085, -0.0251648), (0.4413237, -0.5, -0.1035177), (0.4753398, -0.4045085, -0.1054709), (0.4785039, -0.4045085, -0.0251648), (0.4785039, -0.4045085, -0.0251648), (0.4753398, -0.4045085, -0.1054709), (0.4995496, -0.1545085, -0.0257788), (0.4753398, -0.4045085, -0.1054709), (0.4963629, -0.1545085, -0.106678), (0.4995496, -0.1545085, -0.0257788), (0.4995496, -0.1545085, -0.0257788), (0.4963629, -0.1545085, -0.106678), (0.4995496, 0.1545085, -0.0257788), (0.4963629, -0.1545085, -0.106678), (0.4963629, 0.1545085, -0.106678), (0.4995496, 0.1545085, -0.0257788), (0.4995496, 0.1545085, -0.0257788), (0.4963629, 0.1545085, -0.106678), (0.4785039, 0.4045085, -0.0251648), (0.4963629, 0.1545085, -0.106678), (0.4753398, 0.4045085, -0.1054709), (0.4785039, 0.4045085, -0.0251648), (0.4785039, 0.4045085, -0.0251648), (0.4753398, 0.4045085, -0.1054709), (0.4444512, 0.5, -0.0241713), (0.4753398, 0.4045085, -0.1054709), (0.4413237, 0.5, -0.1035177), (0.4444512, 0.5, -0.0241713), (0.4413237, 0.5, -0.1035177), (0.4367639, 0.5, -0.1827952), (0.4073077, 0.4045085, -0.1015644), (0.4367639, 0.5, -0.1827952), (0.4027739, 0.4045085, -0.1803805), (0.4073077, 0.4045085, -0.1015644), (0.4073077, 0.4045085, -0.1015644), (0.4027739, 0.4045085, -0.1803805), (0.3862846, 0.1545085, -0.1003573), (0.4027739, 0.4045085, -0.1803805), (0.3817669, 0.1545085, -0.1788882), (0.3862846, 0.1545085, -0.1003573), (0.3862846, 0.1545085, -0.1003573), (0.3817669, 0.1545085, -0.1788882), (0.3862846, -0.1545085, -0.1003573), (0.3817669, 0.1545085, -0.1788882), (0.3817669, -0.1545085, -0.1788882), (0.3862846, -0.1545085, -0.1003573), (0.3862846, -0.1545085, -0.1003573), (0.3817669, -0.1545085, -0.1788882), (0.4073077, -0.4045085, -0.1015644), (0.3817669, -0.1545085, -0.1788882), (0.4027739, -0.4045085, -0.1803805), (0.4073077, -0.4045085, -0.1015644), (0.4073077, -0.4045085, -0.1015644), (0.4027739, -0.4045085, -0.1803805), (0.4413237, -0.5, -0.1035177), (0.4027739, -0.4045085, -0.1803805), (0.4367639, -0.5, -0.1827952), (0.4413237, -0.5, -0.1035177), (0.4413237, -0.5, -0.1035177), (0.4367639, -0.5, -0.1827952), (0.4753398, -0.4045085, -0.1054709), (0.4367639, -0.5, -0.1827952), (0.4707538, -0.4045085, -0.1852098), (0.4753398, -0.4045085, -0.1054709), (0.4753398, -0.4045085, -0.1054709), (0.4707538, -0.4045085, -0.1852098), (0.4963629, -0.1545085, -0.106678), (0.4707538, -0.4045085, -0.1852098), (0.4917608, -0.1545085, -0.1867021), (0.4963629, -0.1545085, -0.106678), (0.4963629, -0.1545085, -0.106678), (0.4917608, -0.1545085, -0.1867021), (0.4963629, 0.1545085, -0.106678), (0.4917608, -0.1545085, -0.1867021), (0.4917608, 0.1545085, -0.1867021), (0.4963629, 0.1545085, -0.106678), (0.4963629, 0.1545085, -0.106678), (0.4917608, 0.1545085, -0.1867021), (0.4753398, 0.4045085, -0.1054709), (0.4917608, 0.1545085, -0.1867021), (0.4707538, 0.4045085, -0.1852098), (0.4753398, 0.4045085, -0.1054709), (0.4753398, 0.4045085, -0.1054709), (0.4707538, 0.4045085, -0.1852098), (0.4413237, 0.5, -0.1035177), (0.4707538, 0.4045085, -0.1852098), (0.4367639, 0.5, -0.1827952), (0.4413237, 0.5, -0.1035177), (0.4367639, 0.5, -0.1827952), (0.4316711, 0.5, -0.2620307), (0.4027739, 0.4045085, -0.1803805), (0.4316711, 0.5, -0.2620307), (0.3976853, 0.4045085, -0.2595495), (0.4027739, 0.4045085, -0.1803805), (0.4027739, 0.4045085, -0.1803805), (0.3976853, 0.4045085, -0.2595495), (0.3817669, 0.1545085, -0.1788882), (0.3976853, 0.4045085, -0.2595495), (0.376681, 0.1545085, -0.2580161), (0.3817669, 0.1545085, -0.1788882), (0.3817669, 0.1545085, -0.1788882), (0.376681, 0.1545085, -0.2580161), (0.3817669, -0.1545085, -0.1788882), (0.376681, 0.1545085, -0.2580161), (0.376681, -0.1545085, -0.2580161), (0.3817669, -0.1545085, -0.1788882), (0.3817669, -0.1545085, -0.1788882), (0.376681, -0.1545085, -0.2580161), (0.4027739, -0.4045085, -0.1803805), (0.376681, -0.1545085, -0.2580161), (0.3976853, -0.4045085, -0.2595495), (0.4027739, -0.4045085, -0.1803805), (0.4027739, -0.4045085, -0.1803805), (0.3976853, -0.4045085, -0.2595495), (0.4367639, -0.5, -0.1827952), (0.3976853, -0.4045085, -0.2595495), (0.4316711, -0.5, -0.2620307), (0.4367639, -0.5, -0.1827952), (0.4367639, -0.5, -0.1827952), (0.4316711, -0.5, -0.2620307), (0.4707538, -0.4045085, -0.1852098), (0.4316711, -0.5, -0.2620307), (0.4656568, -0.4045085, -0.2645119), (0.4707538, -0.4045085, -0.1852098), (0.4707538, -0.4045085, -0.1852098), (0.4656568, -0.4045085, -0.2645119), (0.4917608, -0.1545085, -0.1867021), (0.4656568, -0.4045085, -0.2645119), (0.4866611, -0.1545085, -0.2660453), (0.4917608, -0.1545085, -0.1867021), (0.4917608, -0.1545085, -0.1867021), (0.4866611, -0.1545085, -0.2660453), (0.4917608, 0.1545085, -0.1867021), (0.4866611, -0.1545085, -0.2660453), (0.4866611, 0.1545085, -0.2660453), (0.4917608, 0.1545085, -0.1867021), (0.4917608, 0.1545085, -0.1867021), (0.4866611, 0.1545085, -0.2660453), (0.4707538, 0.4045085, -0.1852098), (0.4866611, 0.1545085, -0.2660453), (0.4656568, 0.4045085, -0.2645119), (0.4707538, 0.4045085, -0.1852098), (0.4707538, 0.4045085, -0.1852098), (0.4656568, 0.4045085, -0.2645119), (0.4367639, 0.5, -0.1827952), (0.4656568, 0.4045085, -0.2645119), (0.4316711, 0.5, -0.2620307), (0.4367639, 0.5, -0.1827952), (0.4316711, 0.5, -0.2620307), (0.4268284, 0.5, -0.3412909), (0.3976853, 0.4045085, -0.2595495), (0.4268284, 0.5, -0.3412909), (0.3928237, 0.4045085, -0.3391242), (0.3976853, 0.4045085, -0.2595495), (0.3976853, 0.4045085, -0.2595495), (0.3928237, 0.4045085, -0.3391242), (0.376681, 0.1545085, -0.2580161), (0.3928237, 0.4045085, -0.3391242), (0.3718076, 0.1545085, -0.3377852), (0.376681, 0.1545085, -0.2580161), (0.376681, 0.1545085, -0.2580161), (0.3718076, 0.1545085, -0.3377852), (0.376681, -0.1545085, -0.2580161), (0.3718076, 0.1545085, -0.3377852), (0.3718076, -0.1545085, -0.3377852), (0.376681, -0.1545085, -0.2580161), (0.376681, -0.1545085, -0.2580161), (0.3718076, -0.1545085, -0.3377852), (0.3976853, -0.4045085, -0.2595495), (0.3718076, -0.1545085, -0.3377852), (0.3928237, -0.4045085, -0.3391242), (0.3976853, -0.4045085, -0.2595495), (0.3976853, -0.4045085, -0.2595495), (0.3928237, -0.4045085, -0.3391242), (0.4316711, -0.5, -0.2620307), (0.3928237, -0.4045085, -0.3391242), (0.4268284, -0.5, -0.3412909), (0.4316711, -0.5, -0.2620307), (0.4316711, -0.5, -0.2620307), (0.4268284, -0.5, -0.3412909), (0.4656568, -0.4045085, -0.2645119), (0.4268284, -0.5, -0.3412909), (0.4608331, -0.4045085, -0.3434575), (0.4656568, -0.4045085, -0.2645119), (0.4656568, -0.4045085, -0.2645119), (0.4608331, -0.4045085, -0.3434575), (0.4866611, -0.1545085, -0.2660453), (0.4608331, -0.4045085, -0.3434575), (0.4818491, -0.1545085, -0.3447965), (0.4866611, -0.1545085, -0.2660453), (0.4866611, -0.1545085, -0.2660453), (0.4818491, -0.1545085, -0.3447965), (0.4866611, 0.1545085, -0.2660453), (0.4818491, -0.1545085, -0.3447965), (0.4818491, 0.1545085, -0.3447965), (0.4866611, 0.1545085, -0.2660453), (0.4866611, 0.1545085, -0.2660453), (0.4818491, 0.1545085, -0.3447965), (0.4656568, 0.4045085, -0.2645119), (0.4818491, 0.1545085, -0.3447965), (0.4608331, 0.4045085, -0.3434575), (0.4656568, 0.4045085, -0.2645119), (0.4656568, 0.4045085, -0.2645119), (0.4608331, 0.4045085, -0.3434575), (0.4316711, 0.5, -0.2620307), (0.4608331, 0.4045085, -0.3434575), (0.4268284, 0.5, -0.3412909), (0.4316711, 0.5, -0.2620307), (0.4268284, 0.5, -0.3412909), (0.4230731, 0.5, -0.4206159), (0.3928237, 0.4045085, -0.3391242), (0.4230731, 0.5, -0.4206159), (0.3890331, 0.4045085, -0.4192126), (0.3928237, 0.4045085, -0.3391242), (0.3928237, 0.4045085, -0.3391242), (0.3890331, 0.4045085, -0.4192126), (0.3718076, 0.1545085, -0.3377852), (0.3890331, 0.4045085, -0.4192126), (0.3679953, 0.1545085, -0.4183453), (0.3718076, 0.1545085, -0.3377852), (0.3718076, 0.1545085, -0.3377852), (0.3679953, 0.1545085, -0.4183453), (0.3718076, -0.1545085, -0.3377852), (0.3679953, 0.1545085, -0.4183453), (0.3679953, -0.1545085, -0.4183453), (0.3718076, -0.1545085, -0.3377852), (0.3718076, -0.1545085, -0.3377852), (0.3679953, -0.1545085, -0.4183453), (0.3928237, -0.4045085, -0.3391242), (0.3679953, -0.1545085, -0.4183453), (0.3890331, -0.4045085, -0.4192126), (0.3928237, -0.4045085, -0.3391242), (0.3928237, -0.4045085, -0.3391242), (0.3890331, -0.4045085, -0.4192126), (0.4268284, -0.5, -0.3412909), (0.3890331, -0.4045085, -0.4192126), (0.4230731, -0.5, -0.4206159), (0.4268284, -0.5, -0.3412909), (0.4268284, -0.5, -0.3412909), (0.4230731, -0.5, -0.4206159), (0.4608331, -0.4045085, -0.3434575), (0.4230731, -0.5, -0.4206159), (0.4571131, -0.4045085, -0.4220192), (0.4608331, -0.4045085, -0.3434575), (0.4608331, -0.4045085, -0.3434575), (0.4571131, -0.4045085, -0.4220192), (0.4818491, -0.1545085, -0.3447965), (0.4571131, -0.4045085, -0.4220192), (0.478151, -0.1545085, -0.4228865), (0.4818491, -0.1545085, -0.3447965), (0.4818491, -0.1545085, -0.3447965), (0.478151, -0.1545085, -0.4228865), (0.4818491, 0.1545085, -0.3447965), (0.478151, -0.1545085, -0.4228865), (0.478151, 0.1545085, -0.4228865), (0.4818491, 0.1545085, -0.3447965), (0.4818491, 0.1545085, -0.3447965), (0.478151, 0.1545085, -0.4228865), (0.4608331, 0.4045085, -0.3434575), (0.478151, 0.1545085, -0.4228865), (0.4571131, 0.4045085, -0.4220192), (0.4608331, 0.4045085, -0.3434575), (0.4608331, 0.4045085, -0.3434575), (0.4571131, 0.4045085, -0.4220192), (0.4268284, 0.5, -0.3412909), (0.4571131, 0.4045085, -0.4220192), (0.4230731, 0.5, -0.4206159), (0.4268284, 0.5, -0.3412909), (0.4230731, 0.5, -0.4206159), (0.4214955, 0.5, -0.4999932), (0.3890331, 0.4045085, -0.4192126), (0.4214955, 0.5, -0.4999932), (0.38743, 0.4045085, -0.4999889), (0.3890331, 0.4045085, -0.4192126), (0.3890331, 0.4045085, -0.4192126), (0.38743, 0.4045085, -0.4999889), (0.3679953, 0.1545085, -0.4183453), (0.38743, 0.4045085, -0.4999889), (0.3663764, 0.1545085, -0.4999863), (0.3679953, 0.1545085, -0.4183453), (0.3679953, 0.1545085, -0.4183453), (0.3663764, 0.1545085, -0.4999863), (0.3679953, -0.1545085, -0.4183453), (0.3663764, 0.1545085, -0.4999863), (0.3663764, -0.1545085, -0.4999863), (0.3679953, -0.1545085, -0.4183453), (0.3679953, -0.1545085, -0.4183453), (0.3663764, -0.1545085, -0.4999863), (0.3890331, -0.4045085, -0.4192126), (0.3663764, -0.1545085, -0.4999863), (0.38743, -0.4045085, -0.4999889), (0.3890331, -0.4045085, -0.4192126), (0.3890331, -0.4045085, -0.4192126), (0.38743, -0.4045085, -0.4999889), (0.4230731, -0.5, -0.4206159), (0.38743, -0.4045085, -0.4999889), (0.4214955, -0.5, -0.4999932), (0.4230731, -0.5, -0.4206159), (0.4230731, -0.5, -0.4206159), (0.4214955, -0.5, -0.4999932), (0.4571131, -0.4045085, -0.4220192), (0.4214955, -0.5, -0.4999932), (0.4555609, -0.4045085, -0.4999974), (0.4571131, -0.4045085, -0.4220192), (0.4571131, -0.4045085, -0.4220192), (0.4555609, -0.4045085, -0.4999974), (0.478151, -0.1545085, -0.4228865), (0.4555609, -0.4045085, -0.4999974), (0.4766146, -0.1545085, -0.5), (0.478151, -0.1545085, -0.4228865), (0.478151, -0.1545085, -0.4228865), (0.4766146, -0.1545085, -0.5), (0.478151, 0.1545085, -0.4228865), (0.4766146, -0.1545085, -0.5), (0.4766146, 0.1545085, -0.5), (0.478151, 0.1545085, -0.4228865), (0.478151, 0.1545085, -0.4228865), (0.4766146, 0.1545085, -0.5), (0.4571131, 0.4045085, -0.4220192), (0.4766146, 0.1545085, -0.5), (0.4555609, 0.4045085, -0.4999974), (0.4571131, 0.4045085, -0.4220192), (0.4571131, 0.4045085, -0.4220192), (0.4555609, 0.4045085, -0.4999974), (0.4230731, 0.5, -0.4206159), (0.4555609, 0.4045085, -0.4999974), (0.4214955, 0.5, -0.4999932), (0.4230731, 0.5, -0.4206159)]
        normal3f[] normals = [(0, 1, 0), (0, 1, 0), (0.9875117, 0.1575458, 0.000108), (0, 1, 0), (0.9868586, 0.1575594, 0.0358477), (0.9875117, 0.1575458, 0.000108), (0.9875117, 0.1575458, 0.000108), (0.9868586, 0.1575594, 0.0358477), (0.9992915, 0.0376352, 0.0001093), (0.9868586, 0.1575594, 0.0358477), (0.9986328, 0.0376385, 0.0362754), (0.9992915, 0.0376352, 0.0001093), (0.9992915, 0.0376352, 0.0001093), (0.9986328, 0.0376385, 0.0362754), (0.9992915, -0.0376352, 0.0001093), (0.9986328, 0.0376385, 0.0362754), (0.9986328, -0.0376385, 0.0362754), (0.9992915, -0.0376352, 0.0001093), (0.9992915, -0.0376352, 0.0001093), (0.9986328, -0.0376385, 0.0362754), (0.9875117, -0.1575458, 0.000108), (0.9986328, -0.0376385, 0.0362754), (0.9868586, -0.1575594, 0.0358477), (0.9875117, -0.1575458, 0.000108), (0.9875117, -0.1575458, 0.000108), (0.9868586, -0.1575594, 0.0358477), (0, -1, 0), (0.9868586, -0.1575594, 0.0358477), (0, -1, 0), (0, -1, 0), (0, -1, 0), (0, -1, 0), (-0.9875117, -0.1575458, -0.000108), (0, -1, 0), (-0.9868586, -0.1575594, -0.0358477), (-0.9875117, -0.1575458, -0.000108), (-0.9875117, -0.1575458, -0.000108), (-0.9868586, -0.1575594, -0.0358477), (-0.9992915, -0.0376352, -0.0001093), (-0.9868586, -0.1575594, -0.0358477), (-0.9986328, -0.0376385, -0.0362754), (-0.9992915, -0.0376352, -0.0001093), (-0.9992915, -0.0376352, -0.0001093), (-0.9986328, -0.0376385, -0.0362754), (-0.9992915, 0.0376352, -0.0001093), (-0.9986328, -0.0376385, -0.0362754), (-0.9986328, 0.0376385, -0.0362754), (-0.9992915, 0.0376352, -0.0001093), (-0.9992915, 0.0376352, -0.0001093), (-0.9986328, 0.0376385, -0.0362754), (-0.9875117, 0.1575458, -0.000108), (-0.9986328, 0.0376385, -0.0362754), (-0.9868586, 0.1575594, -0.0358477), (-0.9875117, 0.1575458, -0.000108), (-0.9875117, 0.1575458, -0.000108), (-0.9868586, 0.1575594, -0.0358477), (0, 1, 0), (-0.9868586, 0.1575594, -0.0358477), (0, 1, 0), (0, 1, 0), (0, 1, 0), (0, 1, 0), (0.9868586, 0.1575594, 0.0358477), (0, 1, 0), (0.9859539, 0.1575783, 0.0553542), (0.9868586, 0.1575594, 0.0358477), (0.9868586, 0.1575594, 0.0358477), (0.9859539, 0.1575783, 0.0553542), (0.9986328, 0.0376385, 0.0362754), (0.9859539, 0.1575783, 0.0553542), (0.9977201, 0.0376431, 0.0560147), (0.9986328, 0.0376385, 0.0362754), (0.9986328, 0.0376385, 0.0362754), (0.9977201, 0.0376431, 0.0560147), (0.9986328, -0.0376385, 0.0362754), (0.9977201, 0.0376431, 0.0560147), (0.9977201, -0.0376431, 0.0560147), (0.9986328, -0.0376385, 0.0362754), (0.9986328, -0.0376385, 0.0362754), (0.9977201, -0.0376431, 0.0560147), (0.9868586, -0.1575594, 0.0358477), (0.9977201, -0.0376431, 0.0560147), (0.9859539, -0.1575783, 0.0553542), (0.9868586, -0.1575594, 0.0358477), (0.9868586, -0.1575594, 0.0358477), (0.9859539, -0.1575783, 0.0553542), (0, -1, 0), (0.9859539, -0.1575783, 0.0553542), (0, -1, 0), (0, -1, 0), (0, -1, 0), (0, -1, 0), (-0.9868586, -0.1575594, -0.0358477), (0, -1, 0), (-0.9859539, -0.1575783, -0.0553542), (-0.9868586, -0.1575594, -0.0358477), (-0.9868586, -0.1575594, -0.0358477), (-0.9859539, -0.1575783, -0.0553542), (-0.9986328, -0.0376385, -0.0362754), (-0.9859539, -0.1575783, -0.0553542), (-0.9977201, -0.0376431, -0.0560147), (-0.9986328, -0.0376385, -0.0362754), (-0.9986328, -0.0376385, -0.0362754), (-0.9977201, -0.0376431, -0.0560147), (-0.9986328, 0.0376385, -0.0362754), (-0.9977201, -0.0376431, -0.0560147), (-0.9977201, 0.0376431, -0.0560147), (-0.9986328, 0.0376385, -0.0362754), (-0.9986328, 0.0376385, -0.0362754), (-0.9977201, 0.0376431, -0.0560147), (-0.9868586, 0.1575594, -0.0358477), (-0.9977201, 0.0376431, -0.0560147), (-0.9859539, 0.1575783, -0.0553542), (-0.9868586, 0.1575594, -0.0358477), (-0.9868586, 0.1575594, -0.0358477), (-0.9859539, 0.1575783, -0.0553542), (0, 1, 0), (-0.9859539, 0.1575783, -0.0553542), (0, 1, 0), (0, 1, 0), (0, 1, 0), (0, 1, 0), (0.9859539, 0.1575783, 0.0553542), (0, 1, 0), (0.985468, 0.1575885, 0.063394), (0.9859539, 0.1575783, 0.0553542), (0.9859539, 0.1575783, 0.0553542), (0.985468, 0.1575885, 0.063394), (0.9977201, 0.0376431, 0.0560147), (0.985468, 0.1575885, 0.063394), (0.9972299, 0.0376456, 0.0641506), (0.9977201, 0.0376431, 0.0560147), (0.9977201, 0.0376431, 0.0560147), (0.9972299, 0.0376456, 0.0641506), (0.9977201, -0.0376431, 0.0560147), (0.9972299, 0.0376456, 0.0641506), (0.9972299, -0.0376456, 0.0641506), (0.9977201, -0.0376431, 0.0560147), (0.9977201, -0.0376431, 0.0560147), (0.9972299, -0.0376456, 0.0641506), (0.9859539, -0.1575783, 0.0553542), (0.9972299, -0.0376456, 0.0641506), (0.985468, -0.1575885, 0.063394), (0.9859539, -0.1575783, 0.0553542), (0.9859539, -0.1575783, 0.0553542), (0.985468, -0.1575885, 0.063394), (0, -1, 0), (0.985468, -0.1575885, 0.063394), (0, -1, 0), (0, -1, 0), (0, -1, 0), (0, -1, 0), (-0.9859539, -0.1575783, -0.0553542), (0, -1, 0), (-0.985468, -0.1575885, -0.063394), (-0.9859539, -0.1575783, -0.0553542), (-0.9859539, -0.1575783, -0.0553542), (-0.985468, -0.1575885, -0.063394), (-0.9977201, -0.0376431, -0.0560147), (-0.985468, -0.1575885, -0.063394), (-0.9972299, -0.0376456, -0.0641506), (-0.9977201, -0.0376431, -0.0560147), (-0.9977201, -0.0376431, -0.0560147), (-0.9972299, -0.0376456, -0.0641506), (-0.9977201, 0.0376431, -0.0560147), (-0.9972299, -0.0376456, -0.0641506), (-0.9972299, 0.0376456, -0.0641506), (-0.9977201, 0.0376431, -0.0560147), (-0.9977201, 0.0376431, -0.0560147), (-0.9972299, 0.0376456, -0.0641506), (-0.9859539, 0.1575783, -0.0553542), (-0.9972299, 0.0376456, -0.0641506), (-0.985468, 0.1575885, -0.063394), (-0.9859539, 0.1575783, -0.0553542), (-0.9859539, 0.1575783, -0.0553542), (-0.985468, 0.1575885, -0.063394), (0, 1, 0), (-0.985468, 0.1575885, -0.063394), (0, 1, 0), (0, 1, 0), (0, 1, 0), (0, 1, 0), (0.985468, 0.1575885, 0.063394), (0, 1, 0), (0.9855763, 0.1575862, 0.061693), (0.985468, 0.1575885, 0.063394), (0.985468, 0.1575885, 0.063394), (0.9855763, 0.1575862, 0.061693), (0.9972299, 0.0376456, 0.0641506), (0.9855763, 0.1575862, 0.061693), (0.9973392, 0.0376451, 0.0624293), (0.9972299, 0.0376456, 0.0641506), (0.9972299, 0.0376456, 0.0641506), (0.9973392, 0.0376451, 0.0624293), (0.9972299, -0.0376456, 0.0641506), (0.9973392, 0.0376451, 0.0624293), (0.9973392, -0.0376451, 0.0624293), (0.9972299, -0.0376456, 0.0641506), (0.9972299, -0.0376456, 0.0641506), (0.9973392, -0.0376451, 0.0624293), (0.985468, -0.1575885, 0.063394), (0.9973392, -0.0376451, 0.0624293), (0.9855763, -0.1575862, 0.061693), (0.985468, -0.1575885, 0.063394), (0.985468, -0.1575885, 0.063394), (0.9855763, -0.1575862, 0.061693), (0, -1, 0), (0.9855763, -0.1575862, 0.061693), (0, -1, 0), (0, -1, 0), (0, -1, 0), (0, -1, 0), (-0.985468, -0.1575885, -0.063394), (0, -1, 0), (-0.9855763, -0.1575862, -0.061693), (-0.985468, -0.1575885, -0.063394), (-0.985468, -0.1575885, -0.063394), (-0.9855763, -0.1575862, -0.061693), (-0.9972299, -0.0376456, -0.0641506), (-0.9855763, -0.1575862, -0.061693), (-0.9973392, -0.0376451, -0.0624293), (-0.9972299, -0.0376456, -0.0641506), (-0.9972299, -0.0376456, -0.0641506), (-0.9973392, -0.0376451, -0.0624293), (-0.9972299, 0.0376456, -0.0641506), (-0.9973392, -0.0376451, -0.0624293), (-0.9973392, 0.0376451, -0.0624293), (-0.9972299, 0.0376456, -0.0641506), (-0.9972299, 0.0376456, -0.0641506), (-0.9973392, 0.0376451, -0.0624293), (-0.985468, 0.1575885, -0.063394), (-0.9973392, 0.0376451, -0.0624293), (-0.9855763, 0.1575862, -0.061693), (-0.985468, 0.1575885, -0.063394), (-0.985468, 0.1575885, -0.063394), (-0.9855763, 0.1575862, -0.061693), (0, 1, 0), (-0.9855763, 0.1575862, -0.061693), (0, 1, 0), (0, 1, 0), (0, 1, 0), (0, 1, 0), (0.9855763, 0.1575862, 0.061693), (0, 1, 0), (0.9862459, 0.1575722, 0.0498996), (0.9855763, 0.1575862, 0.061693), (0.9855763, 0.1575862, 0.061693), (0.9862459, 0.1575722, 0.0498996), (0.9973392, 0.0376451, 0.0624293), (0.9862459, 0.1575722, 0.0498996), (0.9980147, 0.0376416, 0.050495), (0.9973392, 0.0376451, 0.0624293), (0.9973392, 0.0376451, 0.0624293), (0.9980147, 0.0376416, 0.050495), (0.9973392, -0.0376451, 0.0624293), (0.9980147, 0.0376416, 0.050495), (0.9980147, -0.0376416, 0.050495), (0.9973392, -0.0376451, 0.0624293), (0.9973392, -0.0376451, 0.0624293), (0.9980147, -0.0376416, 0.050495), (0.9855763, -0.1575862, 0.061693), (0.9980147, -0.0376416, 0.050495), (0.9862459, -0.1575722, 0.0498996), (0.9855763, -0.1575862, 0.061693), (0.9855763, -0.1575862, 0.061693), (0.9862459, -0.1575722, 0.0498996), (0, -1, 0), (0.9862459, -0.1575722, 0.0498996), (0, -1, 0), (0, -1, 0), (0, -1, 0), (0, -1, 0), (-0.9855763, -0.1575862, -0.061693), (0, -1, 0), (-0.9862459, -0.1575722, -0.0498996), (-0.9855763, -0.1575862, -0.061693), (-0.9855763, -0.1575862, -0.061693), (-0.9862459, -0.1575722, -0.0498996), (-0.9973392, -0.0376451, -0.0624293), (-0.9862459, -0.1575722, -0.0498996), (-0.9980147, -0.0376416, -0.050495), (-0.9973392, -0.0376451, -0.0624293), (-0.9973392, -0.0376451, -0.0624293), (-0.9980147, -0.0376416, -0.050495), (-0.9973392, 0.0376451, -0.0624293), (-0.9980147, -0.0376416, -0.050495), (-0.9980147, 0.0376416, -0.050495), (-0.9973392, 0.0376451, -0.0624293), (-0.9973392, 0.0376451, -0.0624293), (-0.9980147, 0.0376416, -0.050495), (-0.9855763, 0.1575862, -0.061693), (-0.9980147, 0.0376416, -0.050495), (-0.9862459, 0.1575722, -0.0498996), (-0.9855763, 0.1575862, -0.061693), (-0.9855763, 0.1575862, -0.061693), (-0.9862459, 0.1575722, -0.0498996), (0, 1, 0), (-0.9862459, 0.1575722, -0.0498996), (0, 1, 0), (0, 1, 0), (0, 1, 0), (0, 1, 0), (0.9862459, 0.1575722, 0.0498996), (0, 1, 0), (0.9871844, 0.1575526, 0.0253787), (0.9862459, 0.1575722, 0.0498996), (0.9862459, 0.1575722, 0.0498996), (0.9871844, 0.1575526, 0.0253787), (0.9980147, 0.0376416, 0.050495), (0.9871844, 0.1575526, 0.0253787), (0.9989614, 0.0376368, 0.0256815), (0.9980147, 0.0376416, 0.050495), (0.9980147, 0.0376416, 0.050495), (0.9989614, 0.0376368, 0.0256815), (0.9980147, -0.0376416, 0.050495), (0.9989614, 0.0376368, 0.0256815), (0.9989614, -0.0376368, 0.0256815), (0.9980147, -0.0376416, 0.050495), (0.9980147, -0.0376416, 0.050495), (0.9989614, -0.0376368, 0.0256815), (0.9862459, -0.1575722, 0.0498996), (0.9989614, -0.0376368, 0.0256815), (0.9871844, -0.1575526, 0.0253787), (0.9862459, -0.1575722, 0.0498996), (0.9862459, -0.1575722, 0.0498996), (0.9871844, -0.1575526, 0.0253787), (0, -1, 0), (0.9871844, -0.1575526, 0.0253787), (0, -1, 0), (0, -1, 0), (0, -1, 0), (0, -1, 0), (-0.9862459, -0.1575722, -0.0498996), (0, -1, 0), (-0.9871844, -0.1575526, -0.0253787), (-0.9862459, -0.1575722, -0.0498996), (-0.9862459, -0.1575722, -0.0498996), (-0.9871844, -0.1575526, -0.0253787), (-0.9980147, -0.0376416, -0.050495), (-0.9871844, -0.1575526, -0.0253787), (-0.9989614, -0.0376368, -0.0256815), (-0.9980147, -0.0376416, -0.050495), (-0.9980147, -0.0376416, -0.050495), (-0.9989614, -0.0376368, -0.0256815), (-0.9980147, 0.0376416, -0.050495), (-0.9989614, -0.0376368, -0.0256815), (-0.9989614, 0.0376368, -0.0256815), (-0.9980147, 0.0376416, -0.050495), (-0.9980147, 0.0376416, -0.050495), (-0.9989614, 0.0376368, -0.0256815), (-0.9862459, 0.1575722, -0.0498996), (-0.9989614, 0.0376368, -0.0256815), (-0.9871844, 0.1575526, -0.0253787), (-0.9862459, 0.1575722, -0.0498996), (-0.9862459, 0.1575722, -0.0498996), (-0.9871844, 0.1575526, -0.0253787), (0, 1, 0), (-0.9871844, 0.1575526, -0.0253787), (0, 1, 0), (0, 1, 0), (0, 1, 0), (0, 1, 0), (0.9871844, 0.1575526, 0.0253787), (0, 1, 0), (0.9873362, 0.1575495, -0.0185831), (0.9871844, 0.1575526, 0.0253787), (0.9871844, 0.1575526, 0.0253787), (0.9873362, 0.1575495, -0.0185831), (0.9989614, 0.0376368, 0.0256815), (0.9873362, 0.1575495, -0.0185831), (0.9991146, 0.0376361, -0.0188048), (0.9989614, 0.0376368, 0.0256815), (0.9989614, 0.0376368, 0.0256815), (0.9991146, 0.0376361, -0.0188048), (0.9989614, -0.0376368, 0.0256815), (0.9991146, 0.0376361, -0.0188048), (0.9991146, -0.0376361, -0.0188048), (0.9989614, -0.0376368, 0.0256815), (0.9989614, -0.0376368, 0.0256815), (0.9991146, -0.0376361, -0.0188048), (0.9871844, -0.1575526, 0.0253787), (0.9991146, -0.0376361, -0.0188048), (0.9873362, -0.1575495, -0.0185831), (0.9871844, -0.1575526, 0.0253787), (0.9871844, -0.1575526, 0.0253787), (0.9873362, -0.1575495, -0.0185831), (0, -1, 0), (0.9873362, -0.1575495, -0.0185831), (0, -1, 0), (0, -1, 0), (0, -1, 0), (0, -1, 0), (-0.9871844, -0.1575526, -0.0253787), (0, -1, 0), (-0.9873362, -0.1575495, 0.0185831), (-0.9871844, -0.1575526, -0.0253787), (-0.9871844, -0.1575526, -0.0253787), (-0.9873362, -0.1575495, 0.0185831), (-0.9989614, -0.0376368, -0.0256815), (-0.9873362, -0.1575495, 0.0185831), (-0.9991146, -0.0376361, 0.0188048), (-0.9989614, -0.0376368, -0.0256815), (-0.9989614, -0.0376368, -0.0256815), (-0.9991146, -0.0376361, 0.0188048), (-0.9989614, 0.0376368, -0.0256815), (-0.9991146, -0.0376361, 0.0188048), (-0.9991146, 0.0376361, 0.0188048), (-0.9989614, 0.0376368, -0.0256815), (-0.9989614, 0.0376368, -0.0256815), (-0.9991146, 0.0376361, 0.0188048), (-0.9871844, 0.1575526, -0.0253787), (-0.9991146, 0.0376361, 0.0188048), (-0.9873362, 0.1575495, 0.0185831), (-0.9871844, 0.1575526, -0.0253787), (-0.9871844, 0.1575526, -0.0253787), (-0.9873362, 0.1575495, 0.0185831), (0, 1, 0), (-0.9873362, 0.1575495, 0.0185831), (0, 1, 0), (0, 1, 0), (0, 1, 0), (0, 1, 0), (0.9873362, 0.1575495, -0.0185831), (0, 1, 0), (0.982556, 0.1576491, -0.0986434), (0.9873362, 0.1575495, -0.0185831), (0.9873362, 0.1575495, -0.0185831), (0.982556, 0.1576491, -0.0986434), (0.9991146, 0.0376361, -0.0188048), (0.982556, 0.1576491, -0.0986434), (0.9942924, 0.0376605, -0.0998217), (0.9991146, 0.0376361, -0.0188048), (0.9991146, 0.0376361, -0.0188048), (0.9942924, 0.0376605, -0.0998217), (0.9991146, -0.0376361, -0.0188048), (0.9942924, 0.0376605, -0.0998217), (0.9942924, -0.0376605, -0.0998217), (0.9991146, -0.0376361, -0.0188048), (0.9991146, -0.0376361, -0.0188048), (0.9942924, -0.0376605, -0.0998217), (0.9873362, -0.1575495, -0.0185831), (0.9942924, -0.0376605, -0.0998217), (0.982556, -0.1576491, -0.0986434), (0.9873362, -0.1575495, -0.0185831), (0.9873362, -0.1575495, -0.0185831), (0.982556, -0.1576491, -0.0986434), (0, -1, 0), (0.982556, -0.1576491, -0.0986434), (0, -1, 0), (0, -1, 0), (0, -1, 0), (0, -1, 0), (-0.9873362, -0.1575495, 0.0185831), (0, -1, 0), (-0.982556, -0.1576491, 0.0986434), (-0.9873362, -0.1575495, 0.0185831), (-0.9873362, -0.1575495, 0.0185831), (-0.982556, -0.1576491, 0.0986434), (-0.9991146, -0.0376361, 0.0188048), (-0.982556, -0.1576491, 0.0986434), (-0.9942924, -0.0376605, 0.0998217), (-0.9991146, -0.0376361, 0.0188048), (-0.9991146, -0.0376361, 0.0188048), (-0.9942924, -0.0376605, 0.0998217), (-0.9991146, 0.0376361, 0.0188048), (-0.9942924, -0.0376605, 0.0998217), (-0.9942924, 0.0376605, 0.0998217), (-0.9991146, 0.0376361, 0.0188048), (-0.9991146, 0.0376361, 0.0188048), (-0.9942924, 0.0376605, 0.0998217), (-0.9873362, 0.1575495, 0.0185831), (-0.9942924, 0.0376605, 0.0998217), (-0.982556, 0.1576491, 0.0986434), (-0.9873362, 0.1575495, 0.0185831), (-0.9873362, 0.1575495, 0.0185831), (-0.982556, 0.1576491, 0.0986434), (0, 1, 0), (-0.982556, 0.1576491, 0.0986434), (0, 1, 0), (0, 1, 0), (0, 1, 0), (0, 1, 0), (0.982556, 0.1576491, -0.0986434), (0, 1, 0), (0.9514169, 0.1582852, -0.2641056), (0.982556, 0.1576491, -0.0986434), (0.982556, 0.1576491, -0.0986434), (0.9514169, 0.1582852, -0.2641056), (0.9942924, 0.0376605, -0.0998217), (0.9514169, 0.1582852, -0.2641056), (0.9628748, 0.0378161, -0.2672863), (0.9942924, 0.0376605, -0.0998217), (0.9942924, 0.0376605, -0.0998217), (0.9628748, 0.0378161, -0.2672863), (0.9942924, -0.0376605, -0.0998217), (0.9628748, 0.0378161, -0.2672863), (0.9628748, -0.0378161, -0.2672863), (0.9942924, -0.0376605, -0.0998217), (0.9942924, -0.0376605, -0.0998217), (0.9628748, -0.0378161, -0.2672863), (0.982556, -0.1576491, -0.0986434), (0.9628748, -0.0378161, -0.2672863), (0.9514169, -0.1582852, -0.2641056), (0.982556, -0.1576491, -0.0986434), (0.982556, -0.1576491, -0.0986434), (0.9514169, -0.1582852, -0.2641056), (0, -1, 0), (0.9514169, -0.1582852, -0.2641056), (0, -1, 0), (0, -1, 0), (0, -1, 0), (0, -1, 0), (-0.982556, -0.1576491, 0.0986434), (0, -1, 0), (-0.9514169, -0.1582852, 0.2641056), (-0.982556, -0.1576491, 0.0986434), (-0.982556, -0.1576491, 0.0986434), (-0.9514169, -0.1582852, 0.2641056), (-0.9942924, -0.0376605, 0.0998217), (-0.9514169, -0.1582852, 0.2641056), (-0.9628748, -0.0378161, 0.2672863), (-0.9942924, -0.0376605, 0.0998217), (-0.9942924, -0.0376605, 0.0998217), (-0.9628748, -0.0378161, 0.2672863), (-0.9942924, 0.0376605, 0.0998217), (-0.9628748, -0.0378161, 0.2672863), (-0.9628748, 0.0378161, 0.2672863), (-0.9942924, 0.0376605, 0.0998217), (-0.9942924, 0.0376605, 0.0998217), (-0.9628748, 0.0378161, 0.2672863), (-0.982556, 0.1576491, 0.0986434), (-0.9628748, 0.0378161, 0.2672863), (-0.9514169, 0.1582852, 0.2641056), (-0.982556, 0.1576491, 0.0986434), (-0.982556, 0.1576491, 0.0986434), (-0.9514169, 0.1582852, 0.2641056), (0, 1, 0), (-0.9514169, 0.1582852, 0.2641056), (0, 1, 0), (0, 1, 0), (0, 1, 0), (0, 1, 0), (0.9514169, 0.1582852, -0.2641056), (0, 1, 0), (0.8818387, 0.1596241, -0.4437122), (0.9514169, 0.1582852, -0.2641056), (0.9514169, 0.1582852, -0.2641056), (0.8818387, 0.1596241, -0.4437122), (0.9628748, 0.0378161, -0.2672863), (0.8818387, 0.1596241, -0.4437122), (0.8926426, 0.0381438, -0.4491484), (0.9628748, 0.0378161, -0.2672863), (0.9628748, 0.0378161, -0.2672863), (0.8926426, 0.0381438, -0.4491484), (0.9628748, -0.0378161, -0.2672863), (0.8926426, 0.0381438, -0.4491484), (0.8926426, -0.0381438, -0.4491484), (0.9628748, -0.0378161, -0.2672863), (0.9628748, -0.0378161, -0.2672863), (0.8926426, -0.0381438, -0.4491484), (0.9514169, -0.1582852, -0.2641056), (0.8926426, -0.0381438, -0.4491484), (0.8818387, -0.1596241, -0.4437122), (0.9514169, -0.1582852, -0.2641056), (0.9514169, -0.1582852, -0.2641056), (0.8818387, -0.1596241, -0.4437122), (0, -1, 0), (0.8818387, -0.1596241, -0.4437122), (0, -1, 0), (0, -1, 0), (0, -1, 0), (0, -1, 0), (-0.9514169, -0.1582852, 0.2641056), (0, -1, 0), (-0.8818387, -0.1596241, 0.4437122), (-0.9514169, -0.1582852, 0.2641056), (-0.9514169, -0.1582852, 0.2641056), (-0.8818387, -0.1596241, 0.4437122), (-0.9628748, -0.0378161, 0.2672863), (-0.8818387, -0.1596241, 0.4437122), (-0.8926426, -0.0381438, 0.4491484), (-0.9628748, -0.0378161, 0.2672863), (-0.9628748, -0.0378161, 0.2672863), (-0.8926426, -0.0381438, 0.4491484), (-0.9628748, 0.0378161, 0.2672863), (-0.8926426, -0.0381438, 0.4491484), (-0.8926426, 0.0381438, 0.4491484), (-0.9628748, 0.0378161, 0.2672863), (-0.9628748, 0.0378161, 0.2672863), (-0.8926426, 0.0381438, 0.4491484), (-0.9514169, 0.1582852, 0.2641056), (-0.8926426, 0.0381438, 0.4491484), (-0.8818387, 0.1596241, 0.4437122), (-0.9514169, 0.1582852, 0.2641056), (-0.9514169, 0.1582852, 0.2641056), (-0.8818387, 0.1596241, 0.4437122), (0, 1, 0), (-0.8818387, 0.1596241, 0.4437122), (0, 1, 0), (0, 1, 0), (0, 1, 0), (0, 1, 0), (0.8818387, 0.1596241, -0.4437122), (0, 1, 0), (0.7062507, 0.1625126, -0.6890571), (0.8818387, 0.1596241, -0.4437122), (0.8818387, 0.1596241, -0.4437122), (0.7062507, 0.1625126, -0.6890571), (0.8926426, 0.0381438, -0.4491484), (0.7062507, 0.1625126, -0.6890571), (0.7152253, 0.0388515, -0.6978133), (0.8926426, 0.0381438, -0.4491484), (0.8926426, 0.0381438, -0.4491484), (0.7152253, 0.0388515, -0.6978133), (0.8926426, -0.0381438, -0.4491484), (0.7152253, 0.0388515, -0.6978133), (0.7152253, -0.0388515, -0.6978133), (0.8926426, -0.0381438, -0.4491484), (0.8926426, -0.0381438, -0.4491484), (0.7152253, -0.0388515, -0.6978133), (0.8818387, -0.1596241, -0.4437122), (0.7152253, -0.0388515, -0.6978133), (0.7062507, -0.1625126, -0.6890571), (0.8818387, -0.1596241, -0.4437122), (0.8818387, -0.1596241, -0.4437122), (0.7062507, -0.1625126, -0.6890571), (0, -1, 0), (0.7062507, -0.1625126, -0.6890571), (0, -1, 0), (0, -1, 0), (0, -1, 0), (0, -1, 0), (-0.8818387, -0.1596241, 0.4437122), (0, -1, 0), (-0.7062507, -0.1625126, 0.6890571), (-0.8818387, -0.1596241, 0.4437122), (-0.8818387, -0.1596241, 0.4437122), (-0.7062507, -0.1625126, 0.6890571), (-0.8926426, -0.0381438, 0.4491484), (-0.7062507, -0.1625126, 0.6890571), (-0.7152253, -0.0388515, 0.6978133), (-0.8926426, -0.0381438, 0.4491484), (-0.8926426, -0.0381438, 0.4491484), (-0.7152253, -0.0388515, 0.6978133), (-0.8926426, 0.0381438, 0.4491484), (-0.7152253, -0.0388515, 0.6978133), (-0.7152253, 0.0388515, 0.6978133), (-0.8926426, 0.0381438, 0.4491484), (-0.8926426, 0.0381438, 0.4491484), (-0.7152253, 0.0388515, 0.6978133), (-0.8818387, 0.1596241, 0.4437122), (-0.7152253, 0.0388515, 0.6978133), (-0.7062507, 0.1625126, 0.6890571), (-0.8818387, 0.1596241, 0.4437122), (-0.8818387, 0.1596241, 0.4437122), (-0.7062507, 0.1625126, 0.6890571), (0, 1, 0), (-0.7062507, 0.1625126, 0.6890571), (0, 1, 0), (0, 1, 0), (0, 1, 0), (0, 1, 0), (0.7062507, 0.1625126, -0.6890571), (0, 1, 0), (0.4569576, 0.1654629, -0.8739632), (0.7062507, 0.1625126, -0.6890571), (0.7062507, 0.1625126, -0.6890571), (0.4569576, 0.1654629, -0.8739632), (0.7152253, 0.0388515, -0.6978133), (0.4569576, 0.1654629, -0.8739632), (0.4629814, 0.0395754, -0.885484), (0.7152253, 0.0388515, -0.6978133), (0.7152253, 0.0388515, -0.6978133), (0.4629814, 0.0395754, -0.885484), (0.7152253, -0.0388515, -0.6978133), (0.4629814, 0.0395754, -0.885484), (0.4629814, -0.0395754, -0.885484), (0.7152253, -0.0388515, -0.6978133), (0.7152253, -0.0388515, -0.6978133), (0.4629814, -0.0395754, -0.885484), (0.7062507, -0.1625126, -0.6890571), (0.4629814, -0.0395754, -0.885484), (0.4569576, -0.1654629, -0.8739632), (0.7062507, -0.1625126, -0.6890571), (0.7062507, -0.1625126, -0.6890571), (0.4569576, -0.1654629, -0.8739632), (0, -1, 0), (0.4569576, -0.1654629, -0.8739632), (0, -1, 0), (0, -1, 0), (0, -1, 0), (0, -1, 0), (-0.7062507, -0.1625126, 0.6890571), (0, -1, 0), (-0.4569576, -0.1654629, 0.8739632), (-0.7062507, -0.1625126, 0.6890571), (-0.7062507, -0.1625126, 0.6890571), (-0.4569576, -0.1654629, 0.8739632), (-0.7152253, -0.0388515, 0.6978133), (-0.4569576, -0.1654629, 0.8739632), (-0.4629814, -0.0395754, 0.885484), (-0.7152253, -0.0388515, 0.6978133), (-0.7152253, -0.0388515, 0.6978133), (-0.4629814, -0.0395754, 0.885484), (-0.7152253, 0.0388515, 0.6978133), (-0.4629814, -0.0395754, 0.885484), (-0.4629814, 0.0395754, 0.885484), (-0.7152253, 0.0388515, 0.6978133), (-0.7152253, 0.0388515, 0.6978133), (-0.4629814, 0.0395754, 0.885484), (-0.7062507, 0.1625126, 0.6890571), (-0.4629814, 0.0395754, 0.885484), (-0.4569576, 0.1654629, 0.8739632), (-0.7062507, 0.1625126, 0.6890571), (-0.7062507, 0.1625126, 0.6890571), (-0.4569576, 0.1654629, 0.8739632), (0, 1, 0), (-0.4569576, 0.1654629, 0.8739632), (0, 1, 0), (0, 1, 0), (0, 1, 0), (0, 1, 0), (0.4569576, 0.1654629, -0.8739632), (0, 1, 0), (0.2318524, 0.1670191, -0.9583054), (0.4569576, 0.1654629, -0.8739632), (0.4569576, 0.1654629, -0.8739632), (0.2318524, 0.1670191, -0.9583054), (0.4629814, 0.0395754, -0.885484), (0.2318524, 0.1670191, -0.9583054), (0.2349676, 0.0399576, -0.9711816), (0.4629814, 0.0395754, -0.885484), (0.4629814, 0.0395754, -0.885484), (0.2349676, 0.0399576, -0.9711816), (0.4629814, -0.0395754, -0.885484), (0.2349676, 0.0399576, -0.9711816), (0.2349676, -0.0399576, -0.9711816), (0.4629814, -0.0395754, -0.885484), (0.4629814, -0.0395754, -0.885484), (0.2349676, -0.0399576, -0.9711816), (0.4569576, -0.1654629, -0.8739632), (0.2349676, -0.0399576, -0.9711816), (0.2318524, -0.1670191, -0.9583054), (0.4569576, -0.1654629, -0.8739632), (0.4569576, -0.1654629, -0.8739632), (0.2318524, -0.1670191, -0.9583054), (0, -1, 0), (0.2318524, -0.1670191, -0.9583054), (0, -1, 0), (0, -1, 0), (0, -1, 0), (0, -1, 0), (-0.4569576, -0.1654629, 0.8739632), (0, -1, 0), (-0.2318524, -0.1670191, 0.9583054), (-0.4569576, -0.1654629, 0.8739632), (-0.4569576, -0.1654629, 0.8739632), (-0.2318524, -0.1670191, 0.9583054), (-0.4629814, -0.0395754, 0.885484), (-0.2318524, -0.1670191, 0.9583054), (-0.2349676, -0.0399576, 0.9711816), (-0.4629814, -0.0395754, 0.885484), (-0.4629814, -0.0395754, 0.885484), (-0.2349676, -0.0399576, 0.9711816), (-0.4629814, 0.0395754, 0.885484), (-0.2349676, -0.0399576, 0.9711816), (-0.2349676, 0.0399576, 0.9711816), (-0.4629814, 0.0395754, 0.885484), (-0.4629814, 0.0395754, 0.885484), (-0.2349676, 0.0399576, 0.9711816), (-0.4569576, 0.1654629, 0.8739632), (-0.2349676, 0.0399576, 0.9711816), (-0.2318524, 0.1670191, 0.9583054), (-0.4569576, 0.1654629, 0.8739632), (-0.4569576, 0.1654629, 0.8739632), (-0.2318524, 0.1670191, 0.9583054), (0, 1, 0), (-0.2318524, 0.1670191, 0.9583054), (0, 1, 0), (0, 1, 0), (0, 1, 0), (0, 1, 0), (0.2318524, 0.1670191, -0.9583054), (0, 1, 0), (0.1262899, 0.1673963, -0.9777675), (0.2318524, 0.1670191, -0.9583054), (0.2318524, 0.1670191, -0.9583054), (0.1262899, 0.1673963, -0.9777675), (0.2349676, 0.0399576, -0.9711816), (0.1262899, 0.1673963, -0.9777675), (0.1279947, 0.0400503, -0.9909658), (0.2349676, 0.0399576, -0.9711816), (0.2349676, 0.0399576, -0.9711816), (0.1279947, 0.0400503, -0.9909658), (0.2349676, -0.0399576, -0.9711816), (0.1279947, 0.0400503, -0.9909658), (0.1279947, -0.0400503, -0.9909658), (0.2349676, -0.0399576, -0.9711816), (0.2349676, -0.0399576, -0.9711816), (0.1279947, -0.0400503, -0.9909658), (0.2318524, -0.1670191, -0.9583054), (0.1279947, -0.0400503, -0.9909658), (0.1262899, -0.1673963, -0.9777675), (0.2318524, -0.1670191, -0.9583054), (0.2318524, -0.1670191, -0.9583054), (0.1262899, -0.1673963, -0.9777675), (0, -1, 0), (0.1262899, -0.1673963, -0.9777675), (0, -1, 0), (0, -1, 0), (0, -1, 0), (0, -1, 0), (-0.2318524, -0.1670191, 0.9583054), (0, -1, 0), (-0.1262899, -0.1673963, 0.9777675), (-0.2318524, -0.1670191, 0.9583054), (-0.2318524, -0.1670191, 0.9583054), (-0.1262899, -0.1673963, 0.9777675), (-0.2349676, -0.0399576, 0.9711816), (-0.1262899, -0.1673963, 0.9777675), (-0.1279947, -0.0400503, 0.9909658), (-0.2349676, -0.0399576, 0.9711816), (-0.2349676, -0.0399576, 0.9711816), (-0.1279947, -0.0400503, 0.9909658), (-0.2349676, 0.0399576, 0.9711816), (-0.1279947, -0.0400503, 0.9909658), (-0.1279947, 0.0400503, 0.9909658), (-0.2349676, 0.0399576, 0.9711816), (-0.2349676, 0.0399576, 0.9711816), (-0.1279947, 0.0400503, 0.9909658), (-0.2318524, 0.1670191, 0.9583054), (-0.1279947, 0.0400503, 0.9909658), (-0.1262899, 0.1673963, 0.9777675), (-0.2318524, 0.1670191, 0.9583054), (-0.2318524, 0.1670191, 0.9583054), (-0.1262899, 0.1673963, 0.9777675), (0, 1, 0), (-0.1262899, 0.1673963, 0.9777675), (0, 1, 0), (0, 1, 0), (0, 1, 0), (0, 1, 0), (0.1262899, 0.1673963, -0.9777675), (0, 1, 0), (0.0573225, 0.1675225, -0.9842004), (0.1262899, 0.1673963, -0.9777675), (0.1262899, 0.1673963, -0.9777675), (0.0573225, 0.1675225, -0.9842004), (0.1279947, 0.0400503, -0.9909658), (0.0573225, 0.1675225, -0.9842004), (0.0580975, 0.0400813, -0.997506), (0.1279947, 0.0400503, -0.9909658), (0.1279947, 0.0400503, -0.9909658), (0.0580975, 0.0400813, -0.997506), (0.1279947, -0.0400503, -0.9909658), (0.0580975, 0.0400813, -0.997506), (0.0580975, -0.0400813, -0.997506), (0.1279947, -0.0400503, -0.9909658), (0.1279947, -0.0400503, -0.9909658), (0.0580975, -0.0400813, -0.997506), (0.1262899, -0.1673963, -0.9777675), (0.0580975, -0.0400813, -0.997506), (0.0573225, -0.1675225, -0.9842004), (0.1262899, -0.1673963, -0.9777675), (0.1262899, -0.1673963, -0.9777675), (0.0573225, -0.1675225, -0.9842004), (0, -1, 0), (0.0573225, -0.1675225, -0.9842004), (0, -1, 0), (0, -1, 0), (0, -1, 0), (0, -1, 0), (-0.1262899, -0.1673963, 0.9777675), (0, -1, 0), (-0.0573225, -0.1675225, 0.9842004), (-0.1262899, -0.1673963, 0.9777675), (-0.1262899, -0.1673963, 0.9777675), (-0.0573225, -0.1675225, 0.9842004), (-0.1279947, -0.0400503, 0.9909658), (-0.0573225, -0.1675225, 0.9842004), (-0.0580975, -0.0400813, 0.997506), (-0.1279947, -0.0400503, 0.9909658), (-0.1279947, -0.0400503, 0.9909658), (-0.0580975, -0.0400813, 0.997506), (-0.1279947, 0.0400503, 0.9909658), (-0.0580975, -0.0400813, 0.997506), (-0.0580975, 0.0400813, 0.997506), (-0.1279947, 0.0400503, 0.9909658), (-0.1279947, 0.0400503, 0.9909658), (-0.0580975, 0.0400813, 0.997506), (-0.1262899, 0.1673963, 0.9777675), (-0.0580975, 0.0400813, 0.997506), (-0.0573225, 0.1675225, 0.9842004), (-0.1262899, 0.1673963, 0.9777675), (-0.1262899, 0.1673963, 0.9777675), (-0.0573225, 0.1675225, 0.9842004), (0, 1, 0), (-0.0573225, 0.1675225, 0.9842004), (0, 1, 0), (0, 1, 0), (0, 1, 0), (0, 1, 0), (0.0573225, 0.1675225, -0.9842004), (0, 1, 0), (0, 0.1675552, -0.9858627), (0.0573225, 0.1675225, -0.9842004), (0.0573225, 0.1675225, -0.9842004), (0, 0.1675552, -0.9858627), (0.0580975, 0.0400813, -0.997506), (0, 0.1675552, -0.9858627), (0, 0.0400894, -0.9991961), (0.0580975, 0.0400813, -0.997506), (0.0580975, 0.0400813, -0.997506), (0, 0.0400894, -0.9991961), (0.0580975, -0.0400813, -0.997506), (0, 0.0400894, -0.9991961), (0, -0.0400894, -0.9991961), (0.0580975, -0.0400813, -0.997506), (0.0580975, -0.0400813, -0.997506), (0, -0.0400894, -0.9991961), (0.0573225, -0.1675225, -0.9842004), (0, -0.0400894, -0.9991961), (0, -0.1675552, -0.9858627), (0.0573225, -0.1675225, -0.9842004), (0.0573225, -0.1675225, -0.9842004), (0, -0.1675552, -0.9858627), (0, -1, 0), (0, -0.1675552, -0.9858627), (0, -1, 0), (0, -1, 0), (0, -1, 0), (0, -1, 0), (-0.0573225, -0.1675225, 0.9842004), (0, -1, 0), (0, -0.1675552, 0.9858627), (-0.0573225, -0.1675225, 0.9842004), (-0.0573225, -0.1675225, 0.9842004), (0, -0.1675552, 0.9858627), (-0.0580975, -0.0400813, 0.997506), (0, -0.1675552, 0.9858627), (0, -0.0400894, 0.9991961), (-0.0580975, -0.0400813, 0.997506), (-0.0580975, -0.0400813, 0.997506), (0, -0.0400894, 0.9991961), (-0.0580975, 0.0400813, 0.997506), (0, -0.0400894, 0.9991961), (0, 0.0400894, 0.9991961), (-0.0580975, 0.0400813, 0.997506), (-0.0580975, 0.0400813, 0.997506), (0, 0.0400894, 0.9991961), (-0.0573225, 0.1675225, 0.9842004), (0, 0.0400894, 0.9991961), (0, 0.1675552, 0.9858627), (-0.0573225, 0.1675225, 0.9842004), (-0.0573225, 0.1675225, 0.9842004), (0, 0.1675552, 0.9858627), (0, 1, 0), (0, 0.1675552, 0.9858627), (0, 1, 0), (0, 1, 0), (0, 1, 0), (0, 1, 0), (0, 0.1675552, -0.9858627), (0, 1, 0), (-0.0573225, 0.1675225, -0.9842004), (0, 0.1675552, -0.9858627), (0, 0.1675552, -0.9858627), (-0.0573225, 0.1675225, -0.9842004), (0, 0.0400894, -0.9991961), (-0.0573225, 0.1675225, -0.9842004), (-0.0580975, 0.0400813, -0.997506), (0, 0.0400894, -0.9991961), (0, 0.0400894, -0.9991961), (-0.0580975, 0.0400813, -0.997506), (0, -0.0400894, -0.9991961), (-0.0580975, 0.0400813, -0.997506), (-0.0580975, -0.0400813, -0.997506), (0, -0.0400894, -0.9991961), (0, -0.0400894, -0.9991961), (-0.0580975, -0.0400813, -0.997506), (0, -0.1675552, -0.9858627), (-0.0580975, -0.0400813, -0.997506), (-0.0573225, -0.1675225, -0.9842004), (0, -0.1675552, -0.9858627), (0, -0.1675552, -0.9858627), (-0.0573225, -0.1675225, -0.9842004), (0, -1, 0), (-0.0573225, -0.1675225, -0.9842004), (0, -1, 0), (0, -1, 0), (0, -1, 0), (0, -1, 0), (0, -0.1675552, 0.9858627), (0, -1, 0), (0.0573225, -0.1675225, 0.9842004), (0, -0.1675552, 0.9858627), (0, -0.1675552, 0.9858627), (0.0573225, -0.1675225, 0.9842004), (0, -0.0400894, 0.9991961), (0.0573225, -0.1675225, 0.9842004), (0.0580975, -0.0400813, 0.997506), (0, -0.0400894, 0.9991961), (0, -0.0400894, 0.9991961), (0.0580975, -0.0400813, 0.997506), (0, 0.0400894, 0.9991961), (0.0580975, -0.0400813, 0.997506), (0.0580975, 0.0400813, 0.997506), (0, 0.0400894, 0.9991961), (0, 0.0400894, 0.9991961), (0.0580975, 0.0400813, 0.997506), (0, 0.1675552, 0.9858627), (0.0580975, 0.0400813, 0.997506), (0.0573225, 0.1675225, 0.9842004), (0, 0.1675552, 0.9858627), (0, 0.1675552, 0.9858627), (0.0573225, 0.1675225, 0.9842004), (0, 1, 0), (0.0573225, 0.1675225, 0.9842004), (0, 1, 0), (0, 1, 0), (0, 1, 0), (0, 1, 0), (-0.0573225, 0.1675225, -0.9842004), (0, 1, 0), (-0.1262899, 0.1673963, -0.9777675), (-0.0573225, 0.1675225, -0.9842004), (-0.0573225, 0.1675225, -0.9842004), (-0.1262899, 0.1673963, -0.9777675), (-0.0580975, 0.0400813, -0.997506), (-0.1262899, 0.1673963, -0.9777675), (-0.1279947, 0.0400503, -0.9909658), (-0.0580975, 0.0400813, -0.997506), (-0.0580975, 0.0400813, -0.997506), (-0.1279947, 0.0400503, -0.9909658), (-0.0580975, -0.0400813, -0.997506), (-0.1279947, 0.0400503, -0.9909658), (-0.1279947, -0.0400503, -0.9909658), (-0.0580975, -0.0400813, -0.997506), (-0.0580975, -0.0400813, -0.997506), (-0.1279947, -0.0400503, -0.9909658), (-0.0573225, -0.1675225, -0.9842004), (-0.1279947, -0.0400503, -0.9909658), (-0.1262899, -0.1673963, -0.9777675), (-0.0573225, -0.1675225, -0.9842004), (-0.0573225, -0.1675225, -0.9842004), (-0.1262899, -0.1673963, -0.9777675), (0, -1, 0), (-0.1262899, -0.1673963, -0.9777675), (0, -1, 0), (0, -1, 0), (0, -1, 0), (0, -1, 0), (0.0573225, -0.1675225, 0.9842004), (0, -1, 0), (0.1262899, -0.1673963, 0.9777675), (0.0573225, -0.1675225, 0.9842004), (0.0573225, -0.1675225, 0.9842004), (0.1262899, -0.1673963, 0.9777675), (0.0580975, -0.0400813, 0.997506), (0.1262899, -0.1673963, 0.9777675), (0.1279947, -0.0400503, 0.9909658), (0.0580975, -0.0400813, 0.997506), (0.0580975, -0.0400813, 0.997506), (0.1279947, -0.0400503, 0.9909658), (0.0580975, 0.0400813, 0.997506), (0.1279947, -0.0400503, 0.9909658), (0.1279947, 0.0400503, 0.9909658), (0.0580975, 0.0400813, 0.997506), (0.0580975, 0.0400813, 0.997506), (0.1279947, 0.0400503, 0.9909658), (0.0573225, 0.1675225, 0.9842004), (0.1279947, 0.0400503, 0.9909658), (0.1262899, 0.1673963, 0.9777675), (0.0573225, 0.1675225, 0.9842004), (0.0573225, 0.1675225, 0.9842004), (0.1262899, 0.1673963, 0.9777675), (0, 1, 0), (0.1262899, 0.1673963, 0.9777675), (0, 1, 0), (0, 1, 0), (0, 1, 0), (0, 1, 0), (-0.1262899, 0.1673963, -0.9777675), (0, 1, 0), (-0.2318524, 0.1670191, -0.9583054), (-0.1262899, 0.1673963, -0.9777675), (-0.1262899, 0.1673963, -0.9777675), (-0.2318524, 0.1670191, -0.9583054), (-0.1279947, 0.0400503, -0.9909658), (-0.2318524, 0.1670191, -0.9583054), (-0.2349676, 0.0399576, -0.9711816), (-0.1279947, 0.0400503, -0.9909658), (-0.1279947, 0.0400503, -0.9909658), (-0.2349676, 0.0399576, -0.9711816), (-0.1279947, -0.0400503, -0.9909658), (-0.2349676, 0.0399576, -0.9711816), (-0.2349676, -0.0399576, -0.9711816), (-0.1279947, -0.0400503, -0.9909658), (-0.1279947, -0.0400503, -0.9909658), (-0.2349676, -0.0399576, -0.9711816), (-0.1262899, -0.1673963, -0.9777675), (-0.2349676, -0.0399576, -0.9711816), (-0.2318524, -0.1670191, -0.9583054), (-0.1262899, -0.1673963, -0.9777675), (-0.1262899, -0.1673963, -0.9777675), (-0.2318524, -0.1670191, -0.9583054), (0, -1, 0), (-0.2318524, -0.1670191, -0.9583054), (0, -1, 0), (0, -1, 0), (0, -1, 0), (0, -1, 0), (0.1262899, -0.1673963, 0.9777675), (0, -1, 0), (0.2318524, -0.1670191, 0.9583054), (0.1262899, -0.1673963, 0.9777675), (0.1262899, -0.1673963, 0.9777675), (0.2318524, -0.1670191, 0.9583054), (0.1279947, -0.0400503, 0.9909658), (0.2318524, -0.1670191, 0.9583054), (0.2349676, -0.0399576, 0.9711816), (0.1279947, -0.0400503, 0.9909658), (0.1279947, -0.0400503, 0.9909658), (0.2349676, -0.0399576, 0.9711816), (0.1279947, 0.0400503, 0.9909658), (0.2349676, -0.0399576, 0.9711816), (0.2349676, 0.0399576, 0.9711816), (0.1279947, 0.0400503, 0.9909658), (0.1279947, 0.0400503, 0.9909658), (0.2349676, 0.0399576, 0.9711816), (0.1262899, 0.1673963, 0.9777675), (0.2349676, 0.0399576, 0.9711816), (0.2318524, 0.1670191, 0.9583054), (0.1262899, 0.1673963, 0.9777675), (0.1262899, 0.1673963, 0.9777675), (0.2318524, 0.1670191, 0.9583054), (0, 1, 0), (0.2318524, 0.1670191, 0.9583054), (0, 1, 0), (0, 1, 0), (0, 1, 0), (0, 1, 0), (-0.2318524, 0.1670191, -0.9583054), (0, 1, 0), (-0.4569576, 0.1654629, -0.8739632), (-0.2318524, 0.1670191, -0.9583054), (-0.2318524, 0.1670191, -0.9583054), (-0.4569576, 0.1654629, -0.8739632), (-0.2349676, 0.0399576, -0.9711816), (-0.4569576, 0.1654629, -0.8739632), (-0.4629814, 0.0395754, -0.885484), (-0.2349676, 0.0399576, -0.9711816), (-0.2349676, 0.0399576, -0.9711816), (-0.4629814, 0.0395754, -0.885484), (-0.2349676, -0.0399576, -0.9711816), (-0.4629814, 0.0395754, -0.885484), (-0.4629814, -0.0395754, -0.885484), (-0.2349676, -0.0399576, -0.9711816), (-0.2349676, -0.0399576, -0.9711816), (-0.4629814, -0.0395754, -0.885484), (-0.2318524, -0.1670191, -0.9583054), (-0.4629814, -0.0395754, -0.885484), (-0.4569576, -0.1654629, -0.8739632), (-0.2318524, -0.1670191, -0.9583054), (-0.2318524, -0.1670191, -0.9583054), (-0.4569576, -0.1654629, -0.8739632), (0, -1, 0), (-0.4569576, -0.1654629, -0.8739632), (0, -1, 0), (0, -1, 0), (0, -1, 0), (0, -1, 0), (0.2318524, -0.1670191, 0.9583054), (0, -1, 0), (0.4569576, -0.1654629, 0.8739632), (0.2318524, -0.1670191, 0.9583054), (0.2318524, -0.1670191, 0.9583054), (0.4569576, -0.1654629, 0.8739632), (0.2349676, -0.0399576, 0.9711816), (0.4569576, -0.1654629, 0.8739632), (0.4629814, -0.0395754, 0.885484), (0.2349676, -0.0399576, 0.9711816), (0.2349676, -0.0399576, 0.9711816), (0.4629814, -0.0395754, 0.885484), (0.2349676, 0.0399576, 0.9711816), (0.4629814, -0.0395754, 0.885484), (0.4629814, 0.0395754, 0.885484), (0.2349676, 0.0399576, 0.9711816), (0.2349676, 0.0399576, 0.9711816), (0.4629814, 0.0395754, 0.885484), (0.2318524, 0.1670191, 0.9583054), (0.4629814, 0.0395754, 0.885484), (0.4569576, 0.1654629, 0.8739632), (0.2318524, 0.1670191, 0.9583054), (0.2318524, 0.1670191, 0.9583054), (0.4569576, 0.1654629, 0.8739632), (0, 1, 0), (0.4569576, 0.1654629, 0.8739632), (0, 1, 0), (0, 1, 0), (0, 1, 0), (0, 1, 0), (-0.4569576, 0.1654629, -0.8739632), (0, 1, 0), (-0.7062507, 0.1625126, -0.6890571), (-0.4569576, 0.1654629, -0.8739632), (-0.4569576, 0.1654629, -0.8739632), (-0.7062507, 0.1625126, -0.6890571), (-0.4629814, 0.0395754, -0.885484), (-0.7062507, 0.1625126, -0.6890571), (-0.7152253, 0.0388515, -0.6978133), (-0.4629814, 0.0395754, -0.885484), (-0.4629814, 0.0395754, -0.885484), (-0.7152253, 0.0388515, -0.6978133), (-0.4629814, -0.0395754, -0.885484), (-0.7152253, 0.0388515, -0.6978133), (-0.7152253, -0.0388515, -0.6978133), (-0.4629814, -0.0395754, -0.885484), (-0.4629814, -0.0395754, -0.885484), (-0.7152253, -0.0388515, -0.6978133), (-0.4569576, -0.1654629, -0.8739632), (-0.7152253, -0.0388515, -0.6978133), (-0.7062507, -0.1625126, -0.6890571), (-0.4569576, -0.1654629, -0.8739632), (-0.4569576, -0.1654629, -0.8739632), (-0.7062507, -0.1625126, -0.6890571), (0, -1, 0), (-0.7062507, -0.1625126, -0.6890571), (0, -1, 0), (0, -1, 0), (0, -1, 0), (0, -1, 0), (0.4569576, -0.1654629, 0.8739632), (0, -1, 0), (0.7062507, -0.1625126, 0.6890571), (0.4569576, -0.1654629, 0.8739632), (0.4569576, -0.1654629, 0.8739632), (0.7062507, -0.1625126, 0.6890571), (0.4629814, -0.0395754, 0.885484), (0.7062507, -0.1625126, 0.6890571), (0.7152253, -0.0388515, 0.6978133), (0.4629814, -0.0395754, 0.885484), (0.4629814, -0.0395754, 0.885484), (0.7152253, -0.0388515, 0.6978133), (0.4629814, 0.0395754, 0.885484), (0.7152253, -0.0388515, 0.6978133), (0.7152253, 0.0388515, 0.6978133), (0.4629814, 0.0395754, 0.885484), (0.4629814, 0.0395754, 0.885484), (0.7152253, 0.0388515, 0.6978133), (0.4569576, 0.1654629, 0.8739632), (0.7152253, 0.0388515, 0.6978133), (0.7062507, 0.1625126, 0.6890571), (0.4569576, 0.1654629, 0.8739632), (0.4569576, 0.1654629, 0.8739632), (0.7062507, 0.1625126, 0.6890571), (0, 1, 0), (0.7062507, 0.1625126, 0.6890571), (0, 1, 0), (0, 1, 0), (0, 1, 0), (0, 1, 0), (-0.7062507, 0.1625126, -0.6890571), (0, 1, 0), (-0.8818387, 0.1596241, -0.4437122), (-0.7062507, 0.1625126, -0.6890571), (-0.7062507, 0.1625126, -0.6890571), (-0.8818387, 0.1596241, -0.4437122), (-0.7152253, 0.0388515, -0.6978133), (-0.8818387, 0.1596241, -0.4437122), (-0.8926426, 0.0381438, -0.4491484), (-0.7152253, 0.0388515, -0.6978133), (-0.7152253, 0.0388515, -0.6978133), (-0.8926426, 0.0381438, -0.4491484), (-0.7152253, -0.0388515, -0.6978133), (-0.8926426, 0.0381438, -0.4491484), (-0.8926426, -0.0381438, -0.4491484), (-0.7152253, -0.0388515, -0.6978133), (-0.7152253, -0.0388515, -0.6978133), (-0.8926426, -0.0381438, -0.4491484), (-0.7062507, -0.1625126, -0.6890571), (-0.8926426, -0.0381438, -0.4491484), (-0.8818387, -0.1596241, -0.4437122), (-0.7062507, -0.1625126, -0.6890571), (-0.7062507, -0.1625126, -0.6890571), (-0.8818387, -0.1596241, -0.4437122), (0, -1, 0), (-0.8818387, -0.1596241, -0.4437122), (0, -1, 0), (0, -1, 0), (0, -1, 0), (0, -1, 0), (0.7062507, -0.1625126, 0.6890571), (0, -1, 0), (0.8818387, -0.1596241, 0.4437122), (0.7062507, -0.1625126, 0.6890571), (0.7062507, -0.1625126, 0.6890571), (0.8818387, -0.1596241, 0.4437122), (0.7152253, -0.0388515, 0.6978133), (0.8818387, -0.1596241, 0.4437122), (0.8926426, -0.0381438, 0.4491484), (0.7152253, -0.0388515, 0.6978133), (0.7152253, -0.0388515, 0.6978133), (0.8926426, -0.0381438, 0.4491484), (0.7152253, 0.0388515, 0.6978133), (0.8926426, -0.0381438, 0.4491484), (0.8926426, 0.0381438, 0.4491484), (0.7152253, 0.0388515, 0.6978133), (0.7152253, 0.0388515, 0.6978133), (0.8926426, 0.0381438, 0.4491484), (0.7062507, 0.1625126, 0.6890571), (0.8926426, 0.0381438, 0.4491484), (0.8818387, 0.1596241, 0.4437122), (0.7062507, 0.1625126, 0.6890571), (0.7062507, 0.1625126, 0.6890571), (0.8818387, 0.1596241, 0.4437122), (0, 1, 0), (0.8818387, 0.1596241, 0.4437122), (0, 1, 0), (0, 1, 0), (0, 1, 0), (0, 1, 0), (-0.8818387, 0.1596241, -0.4437122), (0, 1, 0), (-0.9514169, 0.1582852, -0.2641056), (-0.8818387, 0.1596241, -0.4437122), (-0.8818387, 0.1596241, -0.4437122), (-0.9514169, 0.1582852, -0.2641056), (-0.8926426, 0.0381438, -0.4491484), (-0.9514169, 0.1582852, -0.2641056), (-0.9628748, 0.0378161, -0.2672863), (-0.8926426, 0.0381438, -0.4491484), (-0.8926426, 0.0381438, -0.4491484), (-0.9628748, 0.0378161, -0.2672863), (-0.8926426, -0.0381438, -0.4491484), (-0.9628748, 0.0378161, -0.2672863), (-0.9628748, -0.0378161, -0.2672863), (-0.8926426, -0.0381438, -0.4491484), (-0.8926426, -0.0381438, -0.4491484), (-0.9628748, -0.0378161, -0.2672863), (-0.8818387, -0.1596241, -0.4437122), (-0.9628748, -0.0378161, -0.2672863), (-0.9514169, -0.1582852, -0.2641056), (-0.8818387, -0.1596241, -0.4437122), (-0.8818387, -0.1596241, -0.4437122), (-0.9514169, -0.1582852, -0.2641056), (0, -1, 0), (-0.9514169, -0.1582852, -0.2641056), (0, -1, 0), (0, -1, 0), (0, -1, 0), (0, -1, 0), (0.8818387, -0.1596241, 0.4437122), (0, -1, 0), (0.9514169, -0.1582852, 0.2641056), (0.8818387, -0.1596241, 0.4437122), (0.8818387, -0.1596241, 0.4437122), (0.9514169, -0.1582852, 0.2641056), (0.8926426, -0.0381438, 0.4491484), (0.9514169, -0.1582852, 0.2641056), (0.9628748, -0.0378161, 0.2672863), (0.8926426, -0.0381438, 0.4491484), (0.8926426, -0.0381438, 0.4491484), (0.9628748, -0.0378161, 0.2672863), (0.8926426, 0.0381438, 0.4491484), (0.9628748, -0.0378161, 0.2672863), (0.9628748, 0.0378161, 0.2672863), (0.8926426, 0.0381438, 0.4491484), (0.8926426, 0.0381438, 0.4491484), (0.9628748, 0.0378161, 0.2672863), (0.8818387, 0.1596241, 0.4437122), (0.9628748, 0.0378161, 0.2672863), (0.9514169, 0.1582852, 0.2641056), (0.8818387, 0.1596241, 0.4437122), (0.8818387, 0.1596241, 0.4437122), (0.9514169, 0.1582852, 0.2641056), (0, 1, 0), (0.9514169, 0.1582852, 0.2641056), (0, 1, 0), (0, 1, 0), (0, 1, 0), (0, 1, 0), (-0.9514169, 0.1582852, -0.2641056), (0, 1, 0), (-0.982556, 0.1576491, -0.0986434), (-0.9514169, 0.1582852, -0.2641056), (-0.9514169, 0.1582852, -0.2641056), (-0.982556, 0.1576491, -0.0986434), (-0.9628748, 0.0378161, -0.2672863), (-0.982556, 0.1576491, -0.0986434), (-0.9942924, 0.0376605, -0.0998217), (-0.9628748, 0.0378161, -0.2672863), (-0.9628748, 0.0378161, -0.2672863), (-0.9942924, 0.0376605, -0.0998217), (-0.9628748, -0.0378161, -0.2672863), (-0.9942924, 0.0376605, -0.0998217), (-0.9942924, -0.0376605, -0.0998217), (-0.9628748, -0.0378161, -0.2672863), (-0.9628748, -0.0378161, -0.2672863), (-0.9942924, -0.0376605, -0.0998217), (-0.9514169, -0.1582852, -0.2641056), (-0.9942924, -0.0376605, -0.0998217), (-0.982556, -0.1576491, -0.0986434), (-0.9514169, -0.1582852, -0.2641056), (-0.9514169, -0.1582852, -0.2641056), (-0.982556, -0.1576491, -0.0986434), (0, -1, 0), (-0.982556, -0.1576491, -0.0986434), (0, -1, 0), (0, -1, 0), (0, -1, 0), (0, -1, 0), (0.9514169, -0.1582852, 0.2641056), (0, -1, 0), (0.982556, -0.1576491, 0.0986434), (0.9514169, -0.1582852, 0.2641056), (0.9514169, -0.1582852, 0.2641056), (0.982556, -0.1576491, 0.0986434), (0.9628748, -0.0378161, 0.2672863), (0.982556, -0.1576491, 0.0986434), (0.9942924, -0.0376605, 0.0998217), (0.9628748, -0.0378161, 0.2672863), (0.9628748, -0.0378161, 0.2672863), (0.9942924, -0.0376605, 0.0998217), (0.9628748, 0.0378161, 0.2672863), (0.9942924, -0.0376605, 0.0998217), (0.9942924, 0.0376605, 0.0998217), (0.9628748, 0.0378161, 0.2672863), (0.9628748, 0.0378161, 0.2672863), (0.9942924, 0.0376605, 0.0998217), (0.9514169, 0.1582852, 0.2641056), (0.9942924, 0.0376605, 0.0998217), (0.982556, 0.1576491, 0.0986434), (0.9514169, 0.1582852, 0.2641056), (0.9514169, 0.1582852, 0.2641056), (0.982556, 0.1576491, 0.0986434), (0, 1, 0), (0.982556, 0.1576491, 0.0986434), (0, 1, 0), (0, 1, 0), (0, 1, 0), (0, 1, 0), (-0.982556, 0.1576491, -0.0986434), (0, 1, 0), (-0.9873362, 0.1575495, -0.0185831), (-0.982556, 0.1576491, -0.0986434), (-0.982556, 0.1576491, -0.0986434), (-0.9873362, 0.1575495, -0.0185831), (-0.9942924, 0.0376605, -0.0998217), (-0.9873362, 0.1575495, -0.0185831), (-0.9991146, 0.0376361, -0.0188048), (-0.9942924, 0.0376605, -0.0998217), (-0.9942924, 0.0376605, -0.0998217), (-0.9991146, 0.0376361, -0.0188048), (-0.9942924, -0.0376605, -0.0998217), (-0.9991146, 0.0376361, -0.0188048), (-0.9991146, -0.0376361, -0.0188048), (-0.9942924, -0.0376605, -0.0998217), (-0.9942924, -0.0376605, -0.0998217), (-0.9991146, -0.0376361, -0.0188048), (-0.982556, -0.1576491, -0.0986434), (-0.9991146, -0.0376361, -0.0188048), (-0.9873362, -0.1575495, -0.0185831), (-0.982556, -0.1576491, -0.0986434), (-0.982556, -0.1576491, -0.0986434), (-0.9873362, -0.1575495, -0.0185831), (0, -1, 0), (-0.9873362, -0.1575495, -0.0185831), (0, -1, 0), (0, -1, 0), (0, -1, 0), (0, -1, 0), (0.982556, -0.1576491, 0.0986434), (0, -1, 0), (0.9873362, -0.1575495, 0.0185831), (0.982556, -0.1576491, 0.0986434), (0.982556, -0.1576491, 0.0986434), (0.9873362, -0.1575495, 0.0185831), (0.9942924, -0.0376605, 0.0998217), (0.9873362, -0.1575495, 0.0185831), (0.9991146, -0.0376361, 0.0188048), (0.9942924, -0.0376605, 0.0998217), (0.9942924, -0.0376605, 0.0998217), (0.9991146, -0.0376361, 0.0188048), (0.9942924, 0.0376605, 0.0998217), (0.9991146, -0.0376361, 0.0188048), (0.9991146, 0.0376361, 0.0188048), (0.9942924, 0.0376605, 0.0998217), (0.9942924, 0.0376605, 0.0998217), (0.9991146, 0.0376361, 0.0188048), (0.982556, 0.1576491, 0.0986434), (0.9991146, 0.0376361, 0.0188048), (0.9873362, 0.1575495, 0.0185831), (0.982556, 0.1576491, 0.0986434), (0.982556, 0.1576491, 0.0986434), (0.9873362, 0.1575495, 0.0185831), (0, 1, 0), (0.9873362, 0.1575495, 0.0185831), (0, 1, 0), (0, 1, 0), (0, 1, 0), (0, 1, 0), (-0.9873362, 0.1575495, -0.0185831), (0, 1, 0), (-0.9871844, 0.1575526, 0.0253787), (-0.9873362, 0.1575495, -0.0185831), (-0.9873362, 0.1575495, -0.0185831), (-0.9871844, 0.1575526, 0.0253787), (-0.9991146, 0.0376361, -0.0188048), (-0.9871844, 0.1575526, 0.0253787), (-0.9989614, 0.0376368, 0.0256815), (-0.9991146, 0.0376361, -0.0188048), (-0.9991146, 0.0376361, -0.0188048), (-0.9989614, 0.0376368, 0.0256815), (-0.9991146, -0.0376361, -0.0188048), (-0.9989614, 0.0376368, 0.0256815), (-0.9989614, -0.0376368, 0.0256815), (-0.9991146, -0.0376361, -0.0188048), (-0.9991146, -0.0376361, -0.0188048), (-0.9989614, -0.0376368, 0.0256815), (-0.9873362, -0.1575495, -0.0185831), (-0.9989614, -0.0376368, 0.0256815), (-0.9871844, -0.1575526, 0.0253787), (-0.9873362, -0.1575495, -0.0185831), (-0.9873362, -0.1575495, -0.0185831), (-0.9871844, -0.1575526, 0.0253787), (0, -1, 0), (-0.9871844, -0.1575526, 0.0253787), (0, -1, 0), (0, -1, 0), (0, -1, 0), (0, -1, 0), (0.9873362, -0.1575495, 0.0185831), (0, -1, 0), (0.9871844, -0.1575526, -0.0253787), (0.9873362, -0.1575495, 0.0185831), (0.9873362, -0.1575495, 0.0185831), (0.9871844, -0.1575526, -0.0253787), (0.9991146, -0.0376361, 0.0188048), (0.9871844, -0.1575526, -0.0253787), (0.9989614, -0.0376368, -0.0256815), (0.9991146, -0.0376361, 0.0188048), (0.9991146, -0.0376361, 0.0188048), (0.9989614, -0.0376368, -0.0256815), (0.9991146, 0.0376361, 0.0188048), (0.9989614, -0.0376368, -0.0256815), (0.9989614, 0.0376368, -0.0256815), (0.9991146, 0.0376361, 0.0188048), (0.9991146, 0.0376361, 0.0188048), (0.9989614, 0.0376368, -0.0256815), (0.9873362, 0.1575495, 0.0185831), (0.9989614, 0.0376368, -0.0256815), (0.9871844, 0.1575526, -0.0253787), (0.9873362, 0.1575495, 0.0185831), (0.9873362, 0.1575495, 0.0185831), (0.9871844, 0.1575526, -0.0253787), (0, 1, 0), (0.9871844, 0.1575526, -0.0253787), (0, 1, 0), (0, 1, 0), (0, 1, 0), (0, 1, 0), (-0.9871844, 0.1575526, 0.0253787), (0, 1, 0), (-0.9862459, 0.1575722, 0.0498996), (-0.9871844, 0.1575526, 0.0253787), (-0.9871844, 0.1575526, 0.0253787), (-0.9862459, 0.1575722, 0.0498996), (-0.9989614, 0.0376368, 0.0256815), (-0.9862459, 0.1575722, 0.0498996), (-0.9980147, 0.0376416, 0.050495), (-0.9989614, 0.0376368, 0.0256815), (-0.9989614, 0.0376368, 0.0256815), (-0.9980147, 0.0376416, 0.050495), (-0.9989614, -0.0376368, 0.0256815), (-0.9980147, 0.0376416, 0.050495), (-0.9980147, -0.0376416, 0.050495), (-0.9989614, -0.0376368, 0.0256815), (-0.9989614, -0.0376368, 0.0256815), (-0.9980147, -0.0376416, 0.050495), (-0.9871844, -0.1575526, 0.0253787), (-0.9980147, -0.0376416, 0.050495), (-0.9862459, -0.1575722, 0.0498996), (-0.9871844, -0.1575526, 0.0253787), (-0.9871844, -0.1575526, 0.0253787), (-0.9862459, -0.1575722, 0.0498996), (0, -1, 0), (-0.9862459, -0.1575722, 0.0498996), (0, -1, 0), (0, -1, 0), (0, -1, 0), (0, -1, 0), (0.9871844, -0.1575526, -0.0253787), (0, -1, 0), (0.9862459, -0.1575722, -0.0498996), (0.9871844, -0.1575526, -0.0253787), (0.9871844, -0.1575526, -0.0253787), (0.9862459, -0.1575722, -0.0498996), (0.9989614, -0.0376368, -0.0256815), (0.9862459, -0.1575722, -0.0498996), (0.9980147, -0.0376416, -0.050495), (0.9989614, -0.0376368, -0.0256815), (0.9989614, -0.0376368, -0.0256815), (0.9980147, -0.0376416, -0.050495), (0.9989614, 0.0376368, -0.0256815), (0.9980147, -0.0376416, -0.050495), (0.9980147, 0.0376416, -0.050495), (0.9989614, 0.0376368, -0.0256815), (0.9989614, 0.0376368, -0.0256815), (0.9980147, 0.0376416, -0.050495), (0.9871844, 0.1575526, -0.0253787), (0.9980147, 0.0376416, -0.050495), (0.9862459, 0.1575722, -0.0498996), (0.9871844, 0.1575526, -0.0253787), (0.9871844, 0.1575526, -0.0253787), (0.9862459, 0.1575722, -0.0498996), (0, 1, 0), (0.9862459, 0.1575722, -0.0498996), (0, 1, 0), (0, 1, 0), (0, 1, 0), (0, 1, 0), (-0.9862459, 0.1575722, 0.0498996), (0, 1, 0), (-0.9855763, 0.1575862, 0.061693), (-0.9862459, 0.1575722, 0.0498996), (-0.9862459, 0.1575722, 0.0498996), (-0.9855763, 0.1575862, 0.061693), (-0.9980147, 0.0376416, 0.050495), (-0.9855763, 0.1575862, 0.061693), (-0.9973392, 0.0376451, 0.0624293), (-0.9980147, 0.0376416, 0.050495), (-0.9980147, 0.0376416, 0.050495), (-0.9973392, 0.0376451, 0.0624293), (-0.9980147, -0.0376416, 0.050495), (-0.9973392, 0.0376451, 0.0624293), (-0.9973392, -0.0376451, 0.0624293), (-0.9980147, -0.0376416, 0.050495), (-0.9980147, -0.0376416, 0.050495), (-0.9973392, -0.0376451, 0.0624293), (-0.9862459, -0.1575722, 0.0498996), (-0.9973392, -0.0376451, 0.0624293), (-0.9855763, -0.1575862, 0.061693), (-0.9862459, -0.1575722, 0.0498996), (-0.9862459, -0.1575722, 0.0498996), (-0.9855763, -0.1575862, 0.061693), (0, -1, 0), (-0.9855763, -0.1575862, 0.061693), (0, -1, 0), (0, -1, 0), (0, -1, 0), (0, -1, 0), (0.9862459, -0.1575722, -0.0498996), (0, -1, 0), (0.9855763, -0.1575862, -0.061693), (0.9862459, -0.1575722, -0.0498996), (0.9862459, -0.1575722, -0.0498996), (0.9855763, -0.1575862, -0.061693), (0.9980147, -0.0376416, -0.050495), (0.9855763, -0.1575862, -0.061693), (0.9973392, -0.0376451, -0.0624293), (0.9980147, -0.0376416, -0.050495), (0.9980147, -0.0376416, -0.050495), (0.9973392, -0.0376451, -0.0624293), (0.9980147, 0.0376416, -0.050495), (0.9973392, -0.0376451, -0.0624293), (0.9973392, 0.0376451, -0.0624293), (0.9980147, 0.0376416, -0.050495), (0.9980147, 0.0376416, -0.050495), (0.9973392, 0.0376451, -0.0624293), (0.9862459, 0.1575722, -0.0498996), (0.9973392, 0.0376451, -0.0624293), (0.9855763, 0.1575862, -0.061693), (0.9862459, 0.1575722, -0.0498996), (0.9862459, 0.1575722, -0.0498996), (0.9855763, 0.1575862, -0.061693), (0, 1, 0), (0.9855763, 0.1575862, -0.061693), (0, 1, 0), (0, 1, 0), (0, 1, 0), (0, 1, 0), (-0.9855763, 0.1575862, 0.061693), (0, 1, 0), (-0.985468, 0.1575885, 0.063394), (-0.9855763, 0.1575862, 0.061693), (-0.9855763, 0.1575862, 0.061693), (-0.985468, 0.1575885, 0.063394), (-0.9973392, 0.0376451, 0.0624293), (-0.985468, 0.1575885, 0.063394), (-0.9972299, 0.0376456, 0.0641506), (-0.9973392, 0.0376451, 0.0624293), (-0.9973392, 0.0376451, 0.0624293), (-0.9972299, 0.0376456, 0.0641506), (-0.9973392, -0.0376451, 0.0624293), (-0.9972299, 0.0376456, 0.0641506), (-0.9972299, -0.0376456, 0.0641506), (-0.9973392, -0.0376451, 0.0624293), (-0.9973392, -0.0376451, 0.0624293), (-0.9972299, -0.0376456, 0.0641506), (-0.9855763, -0.1575862, 0.061693), (-0.9972299, -0.0376456, 0.0641506), (-0.985468, -0.1575885, 0.063394), (-0.9855763, -0.1575862, 0.061693), (-0.9855763, -0.1575862, 0.061693), (-0.985468, -0.1575885, 0.063394), (0, -1, 0), (-0.985468, -0.1575885, 0.063394), (0, -1, 0), (0, -1, 0), (0, -1, 0), (0, -1, 0), (0.9855763, -0.1575862, -0.061693), (0, -1, 0), (0.985468, -0.1575885, -0.063394), (0.9855763, -0.1575862, -0.061693), (0.9855763, -0.1575862, -0.061693), (0.985468, -0.1575885, -0.063394), (0.9973392, -0.0376451, -0.0624293), (0.985468, -0.1575885, -0.063394), (0.9972299, -0.0376456, -0.0641506), (0.9973392, -0.0376451, -0.0624293), (0.9973392, -0.0376451, -0.0624293), (0.9972299, -0.0376456, -0.0641506), (0.9973392, 0.0376451, -0.0624293), (0.9972299, -0.0376456, -0.0641506), (0.9972299, 0.0376456, -0.0641506), (0.9973392, 0.0376451, -0.0624293), (0.9973392, 0.0376451, -0.0624293), (0.9972299, 0.0376456, -0.0641506), (0.9855763, 0.1575862, -0.061693), (0.9972299, 0.0376456, -0.0641506), (0.985468, 0.1575885, -0.063394), (0.9855763, 0.1575862, -0.061693), (0.9855763, 0.1575862, -0.061693), (0.985468, 0.1575885, -0.063394), (0, 1, 0), (0.985468, 0.1575885, -0.063394), (0, 1, 0), (0, 1, 0), (0, 1, 0), (0, 1, 0), (-0.985468, 0.1575885, 0.063394), (0, 1, 0), (-0.9859539, 0.1575783, 0.0553542), (-0.985468, 0.1575885, 0.063394), (-0.985468, 0.1575885, 0.063394), (-0.9859539, 0.1575783, 0.0553542), (-0.9972299, 0.0376456, 0.0641506), (-0.9859539, 0.1575783, 0.0553542), (-0.9977201, 0.0376431, 0.0560147), (-0.9972299, 0.0376456, 0.0641506), (-0.9972299, 0.0376456, 0.0641506), (-0.9977201, 0.0376431, 0.0560147), (-0.9972299, -0.0376456, 0.0641506), (-0.9977201, 0.0376431, 0.0560147), (-0.9977201, -0.0376431, 0.0560147), (-0.9972299, -0.0376456, 0.0641506), (-0.9972299, -0.0376456, 0.0641506), (-0.9977201, -0.0376431, 0.0560147), (-0.985468, -0.1575885, 0.063394), (-0.9977201, -0.0376431, 0.0560147), (-0.9859539, -0.1575783, 0.0553542), (-0.985468, -0.1575885, 0.063394), (-0.985468, -0.1575885, 0.063394), (-0.9859539, -0.1575783, 0.0553542), (0, -1, 0), (-0.9859539, -0.1575783, 0.0553542), (0, -1, 0), (0, -1, 0), (0, -1, 0), (0, -1, 0), (0.985468, -0.1575885, -0.063394), (0, -1, 0), (0.9859539, -0.1575783, -0.0553542), (0.985468, -0.1575885, -0.063394), (0.985468, -0.1575885, -0.063394), (0.9859539, -0.1575783, -0.0553542), (0.9972299, -0.0376456, -0.0641506), (0.9859539, -0.1575783, -0.0553542), (0.9977201, -0.0376431, -0.0560147), (0.9972299, -0.0376456, -0.0641506), (0.9972299, -0.0376456, -0.0641506), (0.9977201, -0.0376431, -0.0560147), (0.9972299, 0.0376456, -0.0641506), (0.9977201, -0.0376431, -0.0560147), (0.9977201, 0.0376431, -0.0560147), (0.9972299, 0.0376456, -0.0641506), (0.9972299, 0.0376456, -0.0641506), (0.9977201, 0.0376431, -0.0560147), (0.985468, 0.1575885, -0.063394), (0.9977201, 0.0376431, -0.0560147), (0.9859539, 0.1575783, -0.0553542), (0.985468, 0.1575885, -0.063394), (0.985468, 0.1575885, -0.063394), (0.9859539, 0.1575783, -0.0553542), (0, 1, 0), (0.9859539, 0.1575783, -0.0553542), (0, 1, 0), (0, 1, 0), (0, 1, 0), (0, 1, 0), (-0.9859539, 0.1575783, 0.0553542), (0, 1, 0), (-0.9868586, 0.1575594, 0.0358477), (-0.9859539, 0.1575783, 0.0553542), (-0.9859539, 0.1575783, 0.0553542), (-0.9868586, 0.1575594, 0.0358477), (-0.9977201, 0.0376431, 0.0560147), (-0.9868586, 0.1575594, 0.0358477), (-0.9986328, 0.0376385, 0.0362754), (-0.9977201, 0.0376431, 0.0560147), (-0.9977201, 0.0376431, 0.0560147), (-0.9986328, 0.0376385, 0.0362754), (-0.9977201, -0.0376431, 0.0560147), (-0.9986328, 0.0376385, 0.0362754), (-0.9986328, -0.0376385, 0.0362754), (-0.9977201, -0.0376431, 0.0560147), (-0.9977201, -0.0376431, 0.0560147), (-0.9986328, -0.0376385, 0.0362754), (-0.9859539, -0.1575783, 0.0553542), (-0.9986328, -0.0376385, 0.0362754), (-0.9868586, -0.1575594, 0.0358477), (-0.9859539, -0.1575783, 0.0553542), (-0.9859539, -0.1575783, 0.0553542), (-0.9868586, -0.1575594, 0.0358477), (0, -1, 0), (-0.9868586, -0.1575594, 0.0358477), (0, -1, 0), (0, -1, 0), (0, -1, 0), (0, -1, 0), (0.9859539, -0.1575783, -0.0553542), (0, -1, 0), (0.9868586, -0.1575594, -0.0358477), (0.9859539, -0.1575783, -0.0553542), (0.9859539, -0.1575783, -0.0553542), (0.9868586, -0.1575594, -0.0358477), (0.9977201, -0.0376431, -0.0560147), (0.9868586, -0.1575594, -0.0358477), (0.9986328, -0.0376385, -0.0362754), (0.9977201, -0.0376431, -0.0560147), (0.9977201, -0.0376431, -0.0560147), (0.9986328, -0.0376385, -0.0362754), (0.9977201, 0.0376431, -0.0560147), (0.9986328, -0.0376385, -0.0362754), (0.9986328, 0.0376385, -0.0362754), (0.9977201, 0.0376431, -0.0560147), (0.9977201, 0.0376431, -0.0560147), (0.9986328, 0.0376385, -0.0362754), (0.9859539, 0.1575783, -0.0553542), (0.9986328, 0.0376385, -0.0362754), (0.9868586, 0.1575594, -0.0358477), (0.9859539, 0.1575783, -0.0553542), (0.9859539, 0.1575783, -0.0553542), (0.9868586, 0.1575594, -0.0358477), (0, 1, 0), (0.9868586, 0.1575594, -0.0358477), (0, 1, 0), (0, 1, 0), (0, 1, 0), (0, 1, 0), (-0.9868586, 0.1575594, 0.0358477), (0, 1, 0), (-0.9875117, 0.1575458, 0.000108), (-0.9868586, 0.1575594, 0.0358477), (-0.9868586, 0.1575594, 0.0358477), (-0.9875117, 0.1575458, 0.000108), (-0.9986328, 0.0376385, 0.0362754), (-0.9875117, 0.1575458, 0.000108), (-0.9992915, 0.0376352, 0.0001093), (-0.9986328, 0.0376385, 0.0362754), (-0.9986328, 0.0376385, 0.0362754), (-0.9992915, 0.0376352, 0.0001093), (-0.9986328, -0.0376385, 0.0362754), (-0.9992915, 0.0376352, 0.0001093), (-0.9992915, -0.0376352, 0.0001093), (-0.9986328, -0.0376385, 0.0362754), (-0.9986328, -0.0376385, 0.0362754), (-0.9992915, -0.0376352, 0.0001093), (-0.9868586, -0.1575594, 0.0358477), (-0.9992915, -0.0376352, 0.0001093), (-0.9875117, -0.1575458, 0.000108), (-0.9868586, -0.1575594, 0.0358477), (-0.9868586, -0.1575594, 0.0358477), (-0.9875117, -0.1575458, 0.000108), (0, -1, 0), (-0.9875117, -0.1575458, 0.000108), (0, -1, 0), (0, -1, 0), (0, -1, 0), (0, -1, 0), (0.9868586, -0.1575594, -0.0358477), (0, -1, 0), (0.9875117, -0.1575458, -0.000108), (0.9868586, -0.1575594, -0.0358477), (0.9868586, -0.1575594, -0.0358477), (0.9875117, -0.1575458, -0.000108), (0.9986328, -0.0376385, -0.0362754), (0.9875117, -0.1575458, -0.000108), (0.9992915, -0.0376352, -0.0001093), (0.9986328, -0.0376385, -0.0362754), (0.9986328, -0.0376385, -0.0362754), (0.9992915, -0.0376352, -0.0001093), (0.9986328, 0.0376385, -0.0362754), (0.9992915, -0.0376352, -0.0001093), (0.9992915, 0.0376352, -0.0001093), (0.9986328, 0.0376385, -0.0362754), (0.9986328, 0.0376385, -0.0362754), (0.9992915, 0.0376352, -0.0001093), (0.9868586, 0.1575594, -0.0358477), (0.9992915, 0.0376352, -0.0001093), (0.9875117, 0.1575458, -0.000108), (0.9868586, 0.1575594, -0.0358477), (0.9868586, 0.1575594, -0.0358477), (0.9875117, 0.1575458, -0.000108), (0, 1, 0), (0.9875117, 0.1575458, -0.000108), (0, 1, 0), (0, 1, 0)]
        texCoord2f[] primvars:st = [(0, 0), (0.03125, 0), (0, 0.1), (0.03125, 0), (0.03125, 0.1), (0, 0.1), (0, 0.1), (0.03125, 0.1), (0, 0.2), (0.03125, 0.1), (0.03125, 0.2), (0, 0.2), (0, 0.2), (0.03125, 0.2), (0, 0.3), (0.03125, 0.2), (0.03125, 0.3), (0, 0.3), (0, 0.3), (0.03125, 0.3), (0, 0.4), (0.03125, 0.3), (0.03125, 0.4), (0, 0.4), (0, 0.4), (0.03125, 0.4), (0, 0.5), (0.03125, 0.4), (0.03125, 0.5), (0, 0.5), (0, 0.5), (0.03125, 0.5), (0, 0.6), (0.03125, 0.5), (0.03125, 0.6), (0, 0.6), (0, 0.6), (0.03125, 0.6), (0, 0.7), (0.03125, 0.6), (0.03125, 0.7), (0, 0.7), (0, 0.7), (0.03125, 0.7), (0, 0.8), (0.03125, 0.7), (0.03125, 0.8), (0, 0.8), (0, 0.8), (0.03125, 0.8), (0, 0.9), (0.03125, 0.8), (0.03125, 0.9), (0, 0.9), (0, 0.9), (0.03125, 0.9), (0, 1), (0.03125, 0.9), (0.03125, 1), (0, 1), (0.03125, 0), (0.0625, 0), (0.03125, 0.1), (0.0625, 0), (0.0625, 0.1), (0.03125, 0.1), (0.03125, 0.1), (0.0625, 0.1), (0.03125, 0.2), (0.0625, 0.1), (0.0625, 0.2), (0.03125, 0.2), (0.03125, 0.2), (0.0625, 0.2), (0.03125, 0.3), (0.0625, 0.2), (0.0625, 0.3), (0.03125, 0.3), (0.03125, 0.3), (0.0625, 0.3), (0.03125, 0.4), (0.0625, 0.3), (0.0625, 0.4), (0.03125, 0.4), (0.03125, 0.4), (0.0625, 0.4), (0.03125, 0.5), (0.0625, 0.4), (0.0625, 0.5), (0.03125, 0.5), (0.03125, 0.5), (0.0625, 0.5), (0.03125, 0.6), (0.0625, 0.5), (0.0625, 0.6), (0.03125, 0.6), (0.03125, 0.6), (0.0625, 0.6), (0.03125, 0.7), (0.0625, 0.6), (0.0625, 0.7), (0.03125, 0.7), (0.03125, 0.7), (0.0625, 0.7), (0.03125, 0.8), (0.0625, 0.7), (0.0625, 0.8), (0.03125, 0.8), (0.03125, 0.8), (0.0625, 0.8), (0.03125, 0.9), (0.0625, 0.8), (0.0625, 0.9), (0.03125, 0.9), (0.03125, 0.9), (0.0625, 0.9), (0.03125, 1), (0.0625, 0.9), (0.0625, 1), (0.03125, 1), (0.0625, 0), (0.09375, 0), (0.0625, 0.1), (0.09375, 0), (0.09375, 0.1), (0.0625, 0.1), (0.0625, 0.1), (0.09375, 0.1), (0.0625, 0.2), (0.09375, 0.1), (0.09375, 0.2), (0.0625, 0.2), (0.0625, 0.2), (0.09375, 0.2), (0.0625, 0.3), (0.09375, 0.2), (0.09375, 0.3), (0.0625, 0.3), (0.0625, 0.3), (0.09375, 0.3), (0.0625, 0.4), (0.09375, 0.3), (0.09375, 0.4), (0.0625, 0.4), (0.0625, 0.4), (0.09375, 0.4), (0.0625, 0.5), (0.09375, 0.4), (0.09375, 0.5), (0.0625, 0.5), (0.0625, 0.5), (0.09375, 0.5), (0.0625, 0.6), (0.09375, 0.5), (0.09375, 0.6), (0.0625, 0.6), (0.0625, 0.6), (0.09375, 0.6), (0.0625, 0.7), (0.09375, 0.6), (0.09375, 0.7), (0.0625, 0.7), (0.0625, 0.7), (0.09375, 0.7), (0.0625, 0.8), (0.09375, 0.7), (0.09375, 0.8), (0.0625, 0.8), (0.0625, 0.8), (0.09375, 0.8), (0.0625, 0.9), (0.09375, 0.8), (0.09375, 0.9), (0.0625, 0.9), (0.0625, 0.9), (0.09375, 0.9), (0.0625, 1), (0.09375, 0.9), (0.09375, 1), (0.0625, 1), (0.09375, 0), (0.125, 0), (0.09375, 0.1), (0.125, 0), (0.125, 0.1), (0.09375, 0.1), (0.09375, 0.1), (0.125, 0.1), (0.09375, 0.2), (0.125, 0.1), (0.125, 0.2), (0.09375, 0.2), (0.09375, 0.2), (0.125, 0.2), (0.09375, 0.3), (0.125, 0.2), (0.125, 0.3), (0.09375, 0.3), (0.09375, 0.3), (0.125, 0.3), (0.09375, 0.4), (0.125, 0.3), (0.125, 0.4), (0.09375, 0.4), (0.09375, 0.4), (0.125, 0.4), (0.09375, 0.5), (0.125, 0.4), (0.125, 0.5), (0.09375, 0.5), (0.09375, 0.5), (0.125, 0.5), (0.09375, 0.6), (0.125, 0.5), (0.125, 0.6), (0.09375, 0.6), (0.09375, 0.6), (0.125, 0.6), (0.09375, 0.7), (0.125, 0.6), (0.125, 0.7), (0.09375, 0.7), (0.09375, 0.7), (0.125, 0.7), (0.09375, 0.8), (0.125, 0.7), (0.125, 0.8), (0.09375, 0.8), (0.09375, 0.8), (0.125, 0.8), (0.09375, 0.9), (0.125, 0.8), (0.125, 0.9), (0.09375, 0.9), (0.09375, 0.9), (0.125, 0.9), (0.09375, 1), (0.125, 0.9), (0.125, 1), (0.09375, 1), (0.125, 0), (0.15625, 0), (0.125, 0.1), (0.15625, 0), (0.15625, 0.1), (0.125, 0.1), (0.125, 0.1), (0.15625, 0.1), (0.125, 0.2), (0.15625, 0.1), (0.15625, 0.2), (0.125, 0.2), (0.125, 0.2), (0.15625, 0.2), (0.125, 0.3), (0.15625, 0.2), (0.15625, 0.3), (0.125, 0.3), (0.125, 0.3), (0.15625, 0.3), (0.125, 0.4), (0.15625, 0.3), (0.15625, 0.4), (0.125, 0.4), (0.125, 0.4), (0.15625, 0.4), (0.125, 0.5), (0.15625, 0.4), (0.15625, 0.5), (0.125, 0.5), (0.125, 0.5), (0.15625, 0.5), (0.125, 0.6), (0.15625, 0.5), (0.15625, 0.6), (0.125, 0.6), (0.125, 0.6), (0.15625, 0.6), (0.125, 0.7), (0.15625, 0.6), (0.15625, 0.7), (0.125, 0.7), (0.125, 0.7), (0.15625, 0.7), (0.125, 0.8), (0.15625, 0.7), (0.15625, 0.8), (0.125, 0.8), (0.125, 0.8), (0.15625, 0.8), (0.125, 0.9), (0.15625, 0.8), (0.15625, 0.9), (0.125, 0.9), (0.125, 0.9), (0.15625, 0.9), (0.125, 1), (0.15625, 0.9), (0.15625, 1), (0.125, 1), (0.15625, 0), (0.1875, 0), (0.15625, 0.1), (0.1875, 0), (0.1875, 0.1), (0.15625, 0.1), (0.15625, 0.1), (0.1875, 0.1), (0.15625, 0.2), (0.1875, 0.1), (0.1875, 0.2), (0.15625, 0.2), (0.15625, 0.2), (0.1875, 0.2), (0.15625, 0.3), (0.1875, 0.2), (0.1875, 0.3), (0.15625, 0.3), (0.15625, 0.3), (0.1875, 0.3), (0.15625, 0.4), (0.1875, 0.3), (0.1875, 0.4), (0.15625, 0.4), (0.15625, 0.4), (0.1875, 0.4), (0.15625, 0.5), (0.1875, 0.4), (0.1875, 0.5), (0.15625, 0.5), (0.15625, 0.5), (0.1875, 0.5), (0.15625, 0.6), (0.1875, 0.5), (0.1875, 0.6), (0.15625, 0.6), (0.15625, 0.6), (0.1875, 0.6), (0.15625, 0.7), (0.1875, 0.6), (0.1875, 0.7), (0.15625, 0.7), (0.15625, 0.7), (0.1875, 0.7), (0.15625, 0.8), (0.1875, 0.7), (0.1875, 0.8), (0.15625, 0.8), (0.15625, 0.8), (0.1875, 0.8), (0.15625, 0.9), (0.1875, 0.8), (0.1875, 0.9), (0.15625, 0.9), (0.15625, 0.9), (0.1875, 0.9), (0.15625, 1), (0.1875, 0.9), (0.1875, 1), (0.15625, 1), (0.1875, 0), (0.21875, 0), (0.1875, 0.1), (0.21875, 0), (0.21875, 0.1), (0.1875, 0.1), (0.1875, 0.1), (0.21875, 0.1), (0.1875, 0.2), (0.21875, 0.1), (0.21875, 0.2), (0.1875, 0.2), (0.1875, 0.2), (0.21875, 0.2), (0.1875, 0.3), (0.21875, 0.2), (0.21875, 0.3), (0.1875, 0.3), (0.1875, 0.3), (0.21875, 0.3), (0.1875, 0.4), (0.21875, 0.3), (0.21875, 0.4), (0.1875, 0.4), (0.1875, 0.4), (0.21875, 0.4), (0.1875, 0.5), (0.21875, 0.4), (0.21875, 0.5), (0.1875, 0.5), (0.1875, 0.5), (0.21875, 0.5), (0.1875, 0.6), (0.21875, 0.5), (0.21875, 0.6), (0.1875, 0.6), (0.1875, 0.6), (0.21875, 0.6), (0.1875, 0.7), (0.21875, 0.6), (0.21875, 0.7), (0.1875, 0.7), (0.1875, 0.7), (0.21875, 0.7), (0.1875, 0.8), (0.21875, 0.7), (0.21875, 0.8), (0.1875, 0.8), (0.1875, 0.8), (0.21875, 0.8), (0.1875, 0.9), (0.21875, 0.8), (0.21875, 0.9), (0.1875, 0.9), (0.1875, 0.9), (0.21875, 0.9), (0.1875, 1), (0.21875, 0.9), (0.21875, 1), (0.1875, 1), (0.21875, 0), (0.25, 0), (0.21875, 0.1), (0.25, 0), (0.25, 0.1), (0.21875, 0.1), (0.21875, 0.1), (0.25, 0.1), (0.21875, 0.2), (0.25, 0.1), (0.25, 0.2), (0.21875, 0.2), (0.21875, 0.2), (0.25, 0.2), (0.21875, 0.3), (0.25, 0.2), (0.25, 0.3), (0.21875, 0.3), (0.21875, 0.3), (0.25, 0.3), (0.21875, 0.4), (0.25, 0.3), (0.25, 0.4), (0.21875, 0.4), (0.21875, 0.4), (0.25, 0.4), (0.21875, 0.5), (0.25, 0.4), (0.25, 0.5), (0.21875, 0.5), (0.21875, 0.5), (0.25, 0.5), (0.21875, 0.6), (0.25, 0.5), (0.25, 0.6), (0.21875, 0.6), (0.21875, 0.6), (0.25, 0.6), (0.21875, 0.7), (0.25, 0.6), (0.25, 0.7), (0.21875, 0.7), (0.21875, 0.7), (0.25, 0.7), (0.21875, 0.8), (0.25, 0.7), (0.25, 0.8), (0.21875, 0.8), (0.21875, 0.8), (0.25, 0.8), (0.21875, 0.9), (0.25, 0.8), (0.25, 0.9), (0.21875, 0.9), (0.21875, 0.9), (0.25, 0.9), (0.21875, 1), (0.25, 0.9), (0.25, 1), (0.21875, 1), (0.25, 0), (0.28125, 0), (0.25, 0.1), (0.28125, 0), (0.28125, 0.1), (0.25, 0.1), (0.25, 0.1), (0.28125, 0.1), (0.25, 0.2), (0.28125, 0.1), (0.28125, 0.2), (0.25, 0.2), (0.25, 0.2), (0.28125, 0.2), (0.25, 0.3), (0.28125, 0.2), (0.28125, 0.3), (0.25, 0.3), (0.25, 0.3), (0.28125, 0.3), (0.25, 0.4), (0.28125, 0.3), (0.28125, 0.4), (0.25, 0.4), (0.25, 0.4), (0.28125, 0.4), (0.25, 0.5), (0.28125, 0.4), (0.28125, 0.5), (0.25, 0.5), (0.25, 0.5), (0.28125, 0.5), (0.25, 0.6), (0.28125, 0.5), (0.28125, 0.6), (0.25, 0.6), (0.25, 0.6), (0.28125, 0.6), (0.25, 0.7), (0.28125, 0.6), (0.28125, 0.7), (0.25, 0.7), (0.25, 0.7), (0.28125, 0.7), (0.25, 0.8), (0.28125, 0.7), (0.28125, 0.8), (0.25, 0.8), (0.25, 0.8), (0.28125, 0.8), (0.25, 0.9), (0.28125, 0.8), (0.28125, 0.9), (0.25, 0.9), (0.25, 0.9), (0.28125, 0.9), (0.25, 1), (0.28125, 0.9), (0.28125, 1), (0.25, 1), (0.28125, 0), (0.3125, 0), (0.28125, 0.1), (0.3125, 0), (0.3125, 0.1), (0.28125, 0.1), (0.28125, 0.1), (0.3125, 0.1), (0.28125, 0.2), (0.3125, 0.1), (0.3125, 0.2), (0.28125, 0.2), (0.28125, 0.2), (0.3125, 0.2), (0.28125, 0.3), (0.3125, 0.2), (0.3125, 0.3), (0.28125, 0.3), (0.28125, 0.3), (0.3125, 0.3), (0.28125, 0.4), (0.3125, 0.3), (0.3125, 0.4), (0.28125, 0.4), (0.28125, 0.4), (0.3125, 0.4), (0.28125, 0.5), (0.3125, 0.4), (0.3125, 0.5), (0.28125, 0.5), (0.28125, 0.5), (0.3125, 0.5), (0.28125, 0.6), (0.3125, 0.5), (0.3125, 0.6), (0.28125, 0.6), (0.28125, 0.6), (0.3125, 0.6), (0.28125, 0.7), (0.3125, 0.6), (0.3125, 0.7), (0.28125, 0.7), (0.28125, 0.7), (0.3125, 0.7), (0.28125, 0.8), (0.3125, 0.7), (0.3125, 0.8), (0.28125, 0.8), (0.28125, 0.8), (0.3125, 0.8), (0.28125, 0.9), (0.3125, 0.8), (0.3125, 0.9), (0.28125, 0.9), (0.28125, 0.9), (0.3125, 0.9), (0.28125, 1), (0.3125, 0.9), (0.3125, 1), (0.28125, 1), (0.3125, 0), (0.34375, 0), (0.3125, 0.1), (0.34375, 0), (0.34375, 0.1), (0.3125, 0.1), (0.3125, 0.1), (0.34375, 0.1), (0.3125, 0.2), (0.34375, 0.1), (0.34375, 0.2), (0.3125, 0.2), (0.3125, 0.2), (0.34375, 0.2), (0.3125, 0.3), (0.34375, 0.2), (0.34375, 0.3), (0.3125, 0.3), (0.3125, 0.3), (0.34375, 0.3), (0.3125, 0.4), (0.34375, 0.3), (0.34375, 0.4), (0.3125, 0.4), (0.3125, 0.4), (0.34375, 0.4), (0.3125, 0.5), (0.34375, 0.4), (0.34375, 0.5), (0.3125, 0.5), (0.3125, 0.5), (0.34375, 0.5), (0.3125, 0.6), (0.34375, 0.5), (0.34375, 0.6), (0.3125, 0.6), (0.3125, 0.6), (0.34375, 0.6), (0.3125, 0.7), (0.34375, 0.6), (0.34375, 0.7), (0.3125, 0.7), (0.3125, 0.7), (0.34375, 0.7), (0.3125, 0.8), (0.34375, 0.7), (0.34375, 0.8), (0.3125, 0.8), (0.3125, 0.8), (0.34375, 0.8), (0.3125, 0.9), (0.34375, 0.8), (0.34375, 0.9), (0.3125, 0.9), (0.3125, 0.9), (0.34375, 0.9), (0.3125, 1), (0.34375, 0.9), (0.34375, 1), (0.3125, 1), (0.34375, 0), (0.375, 0), (0.34375, 0.1), (0.375, 0), (0.375, 0.1), (0.34375, 0.1), (0.34375, 0.1), (0.375, 0.1), (0.34375, 0.2), (0.375, 0.1), (0.375, 0.2), (0.34375, 0.2), (0.34375, 0.2), (0.375, 0.2), (0.34375, 0.3), (0.375, 0.2), (0.375, 0.3), (0.34375, 0.3), (0.34375, 0.3), (0.375, 0.3), (0.34375, 0.4), (0.375, 0.3), (0.375, 0.4), (0.34375, 0.4), (0.34375, 0.4), (0.375, 0.4), (0.34375, 0.5), (0.375, 0.4), (0.375, 0.5), (0.34375, 0.5), (0.34375, 0.5), (0.375, 0.5), (0.34375, 0.6), (0.375, 0.5), (0.375, 0.6), (0.34375, 0.6), (0.34375, 0.6), (0.375, 0.6), (0.34375, 0.7), (0.375, 0.6), (0.375, 0.7), (0.34375, 0.7), (0.34375, 0.7), (0.375, 0.7), (0.34375, 0.8), (0.375, 0.7), (0.375, 0.8), (0.34375, 0.8), (0.34375, 0.8), (0.375, 0.8), (0.34375, 0.9), (0.375, 0.8), (0.375, 0.9), (0.34375, 0.9), (0.34375, 0.9), (0.375, 0.9), (0.34375, 1), (0.375, 0.9), (0.375, 1), (0.34375, 1), (0.375, 0), (0.40625, 0), (0.375, 0.1), (0.40625, 0), (0.40625, 0.1), (0.375, 0.1), (0.375, 0.1), (0.40625, 0.1), (0.375, 0.2), (0.40625, 0.1), (0.40625, 0.2), (0.375, 0.2), (0.375, 0.2), (0.40625, 0.2), (0.375, 0.3), (0.40625, 0.2), (0.40625, 0.3), (0.375, 0.3), (0.375, 0.3), (0.40625, 0.3), (0.375, 0.4), (0.40625, 0.3), (0.40625, 0.4), (0.375, 0.4), (0.375, 0.4), (0.40625, 0.4), (0.375, 0.5), (0.40625, 0.4), (0.40625, 0.5), (0.375, 0.5), (0.375, 0.5), (0.40625, 0.5), (0.375, 0.6), (0.40625, 0.5), (0.40625, 0.6), (0.375, 0.6), (0.375, 0.6), (0.40625, 0.6), (0.375, 0.7), (0.40625, 0.6), (0.40625, 0.7), (0.375, 0.7), (0.375, 0.7), (0.40625, 0.7), (0.375, 0.8), (0.40625, 0.7), (0.40625, 0.8), (0.375, 0.8), (0.375, 0.8), (0.40625, 0.8), (0.375, 0.9), (0.40625, 0.8), (0.40625, 0.9), (0.375, 0.9), (0.375, 0.9), (0.40625, 0.9), (0.375, 1), (0.40625, 0.9), (0.40625, 1), (0.375, 1), (0.40625, 0), (0.4375, 0), (0.40625, 0.1), (0.4375, 0), (0.4375, 0.1), (0.40625, 0.1), (0.40625, 0.1), (0.4375, 0.1), (0.40625, 0.2), (0.4375, 0.1), (0.4375, 0.2), (0.40625, 0.2), (0.40625, 0.2), (0.4375, 0.2), (0.40625, 0.3), (0.4375, 0.2), (0.4375, 0.3), (0.40625, 0.3), (0.40625, 0.3), (0.4375, 0.3), (0.40625, 0.4), (0.4375, 0.3), (0.4375, 0.4), (0.40625, 0.4), (0.40625, 0.4), (0.4375, 0.4), (0.40625, 0.5), (0.4375, 0.4), (0.4375, 0.5), (0.40625, 0.5), (0.40625, 0.5), (0.4375, 0.5), (0.40625, 0.6), (0.4375, 0.5), (0.4375, 0.6), (0.40625, 0.6), (0.40625, 0.6), (0.4375, 0.6), (0.40625, 0.7), (0.4375, 0.6), (0.4375, 0.7), (0.40625, 0.7), (0.40625, 0.7), (0.4375, 0.7), (0.40625, 0.8), (0.4375, 0.7), (0.4375, 0.8), (0.40625, 0.8), (0.40625, 0.8), (0.4375, 0.8), (0.40625, 0.9), (0.4375, 0.8), (0.4375, 0.9), (0.40625, 0.9), (0.40625, 0.9), (0.4375, 0.9), (0.40625, 1), (0.4375, 0.9), (0.4375, 1), (0.40625, 1), (0.4375, 0), (0.46875, 0), (0.4375, 0.1), (0.46875, 0), (0.46875, 0.1), (0.4375, 0.1), (0.4375, 0.1), (0.46875, 0.1), (0.4375, 0.2), (0.46875, 0.1), (0.46875, 0.2), (0.4375, 0.2), (0.4375, 0.2), (0.46875, 0.2), (0.4375, 0.3), (0.46875, 0.2), (0.46875, 0.3), (0.4375, 0.3), (0.4375, 0.3), (0.46875, 0.3), (0.4375, 0.4), (0.46875, 0.3), (0.46875, 0.4), (0.4375, 0.4), (0.4375, 0.4), (0.46875, 0.4), (0.4375, 0.5), (0.46875, 0.4), (0.46875, 0.5), (0.4375, 0.5), (0.4375, 0.5), (0.46875, 0.5), (0.4375, 0.6), (0.46875, 0.5), (0.46875, 0.6), (0.4375, 0.6), (0.4375, 0.6), (0.46875, 0.6), (0.4375, 0.7), (0.46875, 0.6), (0.46875, 0.7), (0.4375, 0.7), (0.4375, 0.7), (0.46875, 0.7), (0.4375, 0.8), (0.46875, 0.7), (0.46875, 0.8), (0.4375, 0.8), (0.4375, 0.8), (0.46875, 0.8), (0.4375, 0.9), (0.46875, 0.8), (0.46875, 0.9), (0.4375, 0.9), (0.4375, 0.9), (0.46875, 0.9), (0.4375, 1), (0.46875, 0.9), (0.46875, 1), (0.4375, 1), (0.46875, 0), (0.5, 0), (0.46875, 0.1), (0.5, 0), (0.5, 0.1), (0.46875, 0.1), (0.46875, 0.1), (0.5, 0.1), (0.46875, 0.2), (0.5, 0.1), (0.5, 0.2), (0.46875, 0.2), (0.46875, 0.2), (0.5, 0.2), (0.46875, 0.3), (0.5, 0.2), (0.5, 0.3), (0.46875, 0.3), (0.46875, 0.3), (0.5, 0.3), (0.46875, 0.4), (0.5, 0.3), (0.5, 0.4), (0.46875, 0.4), (0.46875, 0.4), (0.5, 0.4), (0.46875, 0.5), (0.5, 0.4), (0.5, 0.5), (0.46875, 0.5), (0.46875, 0.5), (0.5, 0.5), (0.46875, 0.6), (0.5, 0.5), (0.5, 0.6), (0.46875, 0.6), (0.46875, 0.6), (0.5, 0.6), (0.46875, 0.7), (0.5, 0.6), (0.5, 0.7), (0.46875, 0.7), (0.46875, 0.7), (0.5, 0.7), (0.46875, 0.8), (0.5, 0.7), (0.5, 0.8), (0.46875, 0.8), (0.46875, 0.8), (0.5, 0.8), (0.46875, 0.9), (0.5, 0.8), (0.5, 0.9), (0.46875, 0.9), (0.46875, 0.9), (0.5, 0.9), (0.46875, 1), (0.5, 0.9), (0.5, 1), (0.46875, 1), (0.5, 0), (0.53125, 0), (0.5, 0.1), (0.53125, 0), (0.53125, 0.1), (0.5, 0.1), (0.5, 0.1), (0.53125, 0.1), (0.5, 0.2), (0.53125, 0.1), (0.53125, 0.2), (0.5, 0.2), (0.5, 0.2), (0.53125, 0.2), (0.5, 0.3), (0.53125, 0.2), (0.53125, 0.3), (0.5, 0.3), (0.5, 0.3), (0.53125, 0.3), (0.5, 0.4), (0.53125, 0.3), (0.53125, 0.4), (0.5, 0.4), (0.5, 0.4), (0.53125, 0.4), (0.5, 0.5), (0.53125, 0.4), (0.53125, 0.5), (0.5, 0.5), (0.5, 0.5), (0.53125, 0.5), (0.5, 0.6), (0.53125, 0.5), (0.53125, 0.6), (0.5, 0.6), (0.5, 0.6), (0.53125, 0.6), (0.5, 0.7), (0.53125, 0.6), (0.53125, 0.7), (0.5, 0.7), (0.5, 0.7), (0.53125, 0.7), (0.5, 0.8), (0.53125, 0.7), (0.53125, 0.8), (0.5, 0.8), (0.5, 0.8), (0.53125, 0.8), (0.5, 0.9), (0.53125, 0.8), (0.53125, 0.9), (0.5, 0.9), (0.5, 0.9), (0.53125, 0.9), (0.5, 1), (0.53125, 0.9), (0.53125, 1), (0.5, 1), (0.53125, 0), (0.5625, 0), (0.53125, 0.1), (0.5625, 0), (0.5625, 0.1), (0.53125, 0.1), (0.53125, 0.1), (0.5625, 0.1), (0.53125, 0.2), (0.5625, 0.1), (0.5625, 0.2), (0.53125, 0.2), (0.53125, 0.2), (0.5625, 0.2), (0.53125, 0.3), (0.5625, 0.2), (0.5625, 0.3), (0.53125, 0.3), (0.53125, 0.3), (0.5625, 0.3), (0.53125, 0.4), (0.5625, 0.3), (0.5625, 0.4), (0.53125, 0.4), (0.53125, 0.4), (0.5625, 0.4), (0.53125, 0.5), (0.5625, 0.4), (0.5625, 0.5), (0.53125, 0.5), (0.53125, 0.5), (0.5625, 0.5), (0.53125, 0.6), (0.5625, 0.5), (0.5625, 0.6), (0.53125, 0.6), (0.53125, 0.6), (0.5625, 0.6), (0.53125, 0.7), (0.5625, 0.6), (0.5625, 0.7), (0.53125, 0.7), (0.53125, 0.7), (0.5625, 0.7), (0.53125, 0.8), (0.5625, 0.7), (0.5625, 0.8), (0.53125, 0.8), (0.53125, 0.8), (0.5625, 0.8), (0.53125, 0.9), (0.5625, 0.8), (0.5625, 0.9), (0.53125, 0.9), (0.53125, 0.9), (0.5625, 0.9), (0.53125, 1), (0.5625, 0.9), (0.5625, 1), (0.53125, 1), (0.5625, 0), (0.59375, 0), (0.5625, 0.1), (0.59375, 0), (0.59375, 0.1), (0.5625, 0.1), (0.5625, 0.1), (0.59375, 0.1), (0.5625, 0.2), (0.59375, 0.1), (0.59375, 0.2), (0.5625, 0.2), (0.5625, 0.2), (0.59375, 0.2), (0.5625, 0.3), (0.59375, 0.2), (0.59375, 0.3), (0.5625, 0.3), (0.5625, 0.3), (0.59375, 0.3), (0.5625, 0.4), (0.59375, 0.3), (0.59375, 0.4), (0.5625, 0.4), (0.5625, 0.4), (0.59375, 0.4), (0.5625, 0.5), (0.59375, 0.4), (0.59375, 0.5), (0.5625, 0.5), (0.5625, 0.5), (0.59375, 0.5), (0.5625, 0.6), (0.59375, 0.5), (0.59375, 0.6), (0.5625, 0.6), (0.5625, 0.6), (0.59375, 0.6), (0.5625, 0.7), (0.59375, 0.6), (0.59375, 0.7), (0.5625, 0.7), (0.5625, 0.7), (0.59375, 0.7), (0.5625, 0.8), (0.59375, 0.7), (0.59375, 0.8), (0.5625, 0.8), (0.5625, 0.8), (0.59375, 0.8), (0.5625, 0.9), (0.59375, 0.8), (0.59375, 0.9), (0.5625, 0.9), (0.5625, 0.9), (0.59375, 0.9), (0.5625, 1), (0.59375, 0.9), (0.59375, 1), (0.5625, 1), (0.59375, 0), (0.625, 0), (0.59375, 0.1), (0.625, 0), (0.625, 0.1), (0.59375, 0.1), (0.59375, 0.1), (0.625, 0.1), (0.59375, 0.2), (0.625, 0.1), (0.625, 0.2), (0.59375, 0.2), (0.59375, 0.2), (0.625, 0.2), (0.59375, 0.3), (0.625, 0.2), (0.625, 0.3), (0.59375, 0.3), (0.59375, 0.3), (0.625, 0.3), (0.59375, 0.4), (0.625, 0.3), (0.625, 0.4), (0.59375, 0.4), (0.59375, 0.4), (0.625, 0.4), (0.59375, 0.5), (0.625, 0.4), (0.625, 0.5), (0.59375, 0.5), (0.59375, 0.5), (0.625, 0.5), (0.59375, 0.6), (0.625, 0.5), (0.625, 0.6), (0.59375, 0.6), (0.59375, 0.6), (0.625, 0.6), (0.59375, 0.7), (0.625, 0.6), (0.625, 0.7), (0.59375, 0.7), (0.59375, 0.7), (0.625, 0.7), (0.59375, 0.8), (0.625, 0.7), (0.625, 0.8), (0.59375, 0.8), (0.59375, 0.8), (0.625, 0.8), (0.59375, 0.9), (0.625, 0.8), (0.625, 0.9), (0.59375, 0.9), (0.59375, 0.9), (0.625, 0.9), (0.59375, 1), (0.625, 0.9), (0.625, 1), (0.59375, 1), (0.625, 0), (0.65625, 0), (0.625, 0.1), (0.65625, 0), (0.65625, 0.1), (0.625, 0.1), (0.625, 0.1), (0.65625, 0.1), (0.625, 0.2), (0.65625, 0.1), (0.65625, 0.2), (0.625, 0.2), (0.625, 0.2), (0.65625, 0.2), (0.625, 0.3), (0.65625, 0.2), (0.65625, 0.3), (0.625, 0.3), (0.625, 0.3), (0.65625, 0.3), (0.625, 0.4), (0.65625, 0.3), (0.65625, 0.4), (0.625, 0.4), (0.625, 0.4), (0.65625, 0.4), (0.625, 0.5), (0.65625, 0.4), (0.65625, 0.5), (0.625, 0.5), (0.625, 0.5), (0.65625, 0.5), (0.625, 0.6), (0.65625, 0.5), (0.65625, 0.6), (0.625, 0.6), (0.625, 0.6), (0.65625, 0.6), (0.625, 0.7), (0.65625, 0.6), (0.65625, 0.7), (0.625, 0.7), (0.625, 0.7), (0.65625, 0.7), (0.625, 0.8), (0.65625, 0.7), (0.65625, 0.8), (0.625, 0.8), (0.625, 0.8), (0.65625, 0.8), (0.625, 0.9), (0.65625, 0.8), (0.65625, 0.9), (0.625, 0.9), (0.625, 0.9), (0.65625, 0.9), (0.625, 1), (0.65625, 0.9), (0.65625, 1), (0.625, 1), (0.65625, 0), (0.6875, 0), (0.65625, 0.1), (0.6875, 0), (0.6875, 0.1), (0.65625, 0.1), (0.65625, 0.1), (0.6875, 0.1), (0.65625, 0.2), (0.6875, 0.1), (0.6875, 0.2), (0.65625, 0.2), (0.65625, 0.2), (0.6875, 0.2), (0.65625, 0.3), (0.6875, 0.2), (0.6875, 0.3), (0.65625, 0.3), (0.65625, 0.3), (0.6875, 0.3), (0.65625, 0.4), (0.6875, 0.3), (0.6875, 0.4), (0.65625, 0.4), (0.65625, 0.4), (0.6875, 0.4), (0.65625, 0.5), (0.6875, 0.4), (0.6875, 0.5), (0.65625, 0.5), (0.65625, 0.5), (0.6875, 0.5), (0.65625, 0.6), (0.6875, 0.5), (0.6875, 0.6), (0.65625, 0.6), (0.65625, 0.6), (0.6875, 0.6), (0.65625, 0.7), (0.6875, 0.6), (0.6875, 0.7), (0.65625, 0.7), (0.65625, 0.7), (0.6875, 0.7), (0.65625, 0.8), (0.6875, 0.7), (0.6875, 0.8), (0.65625, 0.8), (0.65625, 0.8), (0.6875, 0.8), (0.65625, 0.9), (0.6875, 0.8), (0.6875, 0.9), (0.65625, 0.9), (0.65625, 0.9), (0.6875, 0.9), (0.65625, 1), (0.6875, 0.9), (0.6875, 1), (0.65625, 1), (0.6875, 0), (0.71875, 0), (0.6875, 0.1), (0.71875, 0), (0.71875, 0.1), (0.6875, 0.1), (0.6875, 0.1), (0.71875, 0.1), (0.6875, 0.2), (0.71875, 0.1), (0.71875, 0.2), (0.6875, 0.2), (0.6875, 0.2), (0.71875, 0.2), (0.6875, 0.3), (0.71875, 0.2), (0.71875, 0.3), (0.6875, 0.3), (0.6875, 0.3), (0.71875, 0.3), (0.6875, 0.4), (0.71875, 0.3), (0.71875, 0.4), (0.6875, 0.4), (0.6875, 0.4), (0.71875, 0.4), (0.6875, 0.5), (0.71875, 0.4), (0.71875, 0.5), (0.6875, 0.5), (0.6875, 0.5), (0.71875, 0.5), (0.6875, 0.6), (0.71875, 0.5), (0.71875, 0.6), (0.6875, 0.6), (0.6875, 0.6), (0.71875, 0.6), (0.6875, 0.7), (0.71875, 0.6), (0.71875, 0.7), (0.6875, 0.7), (0.6875, 0.7), (0.71875, 0.7), (0.6875, 0.8), (0.71875, 0.7), (0.71875, 0.8), (0.6875, 0.8), (0.6875, 0.8), (0.71875, 0.8), (0.6875, 0.9), (0.71875, 0.8), (0.71875, 0.9), (0.6875, 0.9), (0.6875, 0.9), (0.71875, 0.9), (0.6875, 1), (0.71875, 0.9), (0.71875, 1), (0.6875, 1), (0.71875, 0), (0.75, 0), (0.71875, 0.1), (0.75, 0), (0.75, 0.1), (0.71875, 0.1), (0.71875, 0.1), (0.75, 0.1), (0.71875, 0.2), (0.75, 0.1), (0.75, 0.2), (0.71875, 0.2), (0.71875, 0.2), (0.75, 0.2), (0.71875, 0.3), (0.75, 0.2), (0.75, 0.3), (0.71875, 0.3), (0.71875, 0.3), (0.75, 0.3), (0.71875, 0.4), (0.75, 0.3), (0.75, 0.4), (0.71875, 0.4), (0.71875, 0.4), (0.75, 0.4), (0.71875, 0.5), (0.75, 0.4), (0.75, 0.5), (0.71875, 0.5), (0.71875, 0.5), (0.75, 0.5), (0.71875, 0.6), (0.75, 0.5), (0.75, 0.6), (0.71875, 0.6), (0.71875, 0.6), (0.75, 0.6), (0.71875, 0.7), (0.75, 0.6), (0.75, 0.7), (0.71875, 0.7), (0.71875, 0.7), (0.75, 0.7), (0.71875, 0.8), (0.75, 0.7), (0.75, 0.8), (0.71875, 0.8), (0.71875, 0.8), (0.75, 0.8), (0.71875, 0.9), (0.75, 0.8), (0.75, 0.9), (0.71875, 0.9), (0.71875, 0.9), (0.75, 0.9), (0.71875, 1), (0.75, 0.9), (0.75, 1), (0.71875, 1), (0.75, 0), (0.78125, 0), (0.75, 0.1), (0.78125, 0), (0.78125, 0.1), (0.75, 0.1), (0.75, 0.1), (0.78125, 0.1), (0.75, 0.2), (0.78125, 0.1), (0.78125, 0.2), (0.75, 0.2), (0.75, 0.2), (0.78125, 0.2), (0.75, 0.3), (0.78125, 0.2), (0.78125, 0.3), (0.75, 0.3), (0.75, 0.3), (0.78125, 0.3), (0.75, 0.4), (0.78125, 0.3), (0.78125, 0.4), (0.75, 0.4), (0.75, 0.4), (0.78125, 0.4), (0.75, 0.5), (0.78125, 0.4), (0.78125, 0.5), (0.75, 0.5), (0.75, 0.5), (0.78125, 0.5), (0.75, 0.6), (0.78125, 0.5), (0.78125, 0.6), (0.75, 0.6), (0.75, 0.6), (0.78125, 0.6), (0.75, 0.7), (0.78125, 0.6), (0.78125, 0.7), (0.75, 0.7), (0.75, 0.7), (0.78125, 0.7), (0.75, 0.8), (0.78125, 0.7), (0.78125, 0.8), (0.75, 0.8), (0.75, 0.8), (0.78125, 0.8), (0.75, 0.9), (0.78125, 0.8), (0.78125, 0.9), (0.75, 0.9), (0.75, 0.9), (0.78125, 0.9), (0.75, 1), (0.78125, 0.9), (0.78125, 1), (0.75, 1), (0.78125, 0), (0.8125, 0), (0.78125, 0.1), (0.8125, 0), (0.8125, 0.1), (0.78125, 0.1), (0.78125, 0.1), (0.8125, 0.1), (0.78125, 0.2), (0.8125, 0.1), (0.8125, 0.2), (0.78125, 0.2), (0.78125, 0.2), (0.8125, 0.2), (0.78125, 0.3), (0.8125, 0.2), (0.8125, 0.3), (0.78125, 0.3), (0.78125, 0.3), (0.8125, 0.3), (0.78125, 0.4), (0.8125, 0.3), (0.8125, 0.4), (0.78125, 0.4), (0.78125, 0.4), (0.8125, 0.4), (0.78125, 0.5), (0.8125, 0.4), (0.8125, 0.5), (0.78125, 0.5), (0.78125, 0.5), (0.8125, 0.5), (0.78125, 0.6), (0.8125, 0.5), (0.8125, 0.6), (0.78125, 0.6), (0.78125, 0.6), (0.8125, 0.6), (0.78125, 0.7), (0.8125, 0.6), (0.8125, 0.7), (0.78125, 0.7), (0.78125, 0.7), (0.8125, 0.7), (0.78125, 0.8), (0.8125, 0.7), (0.8125, 0.8), (0.78125, 0.8), (0.78125, 0.8), (0.8125, 0.8), (0.78125, 0.9), (0.8125, 0.8), (0.8125, 0.9), (0.78125, 0.9), (0.78125, 0.9), (0.8125, 0.9), (0.78125, 1), (0.8125, 0.9), (0.8125, 1), (0.78125, 1), (0.8125, 0), (0.84375, 0), (0.8125, 0.1), (0.84375, 0), (0.84375, 0.1), (0.8125, 0.1), (0.8125, 0.1), (0.84375, 0.1), (0.8125, 0.2), (0.84375, 0.1), (0.84375, 0.2), (0.8125, 0.2), (0.8125, 0.2), (0.84375, 0.2), (0.8125, 0.3), (0.84375, 0.2), (0.84375, 0.3), (0.8125, 0.3), (0.8125, 0.3), (0.84375, 0.3), (0.8125, 0.4), (0.84375, 0.3), (0.84375, 0.4), (0.8125, 0.4), (0.8125, 0.4), (0.84375, 0.4), (0.8125, 0.5), (0.84375, 0.4), (0.84375, 0.5), (0.8125, 0.5), (0.8125, 0.5), (0.84375, 0.5), (0.8125, 0.6), (0.84375, 0.5), (0.84375, 0.6), (0.8125, 0.6), (0.8125, 0.6), (0.84375, 0.6), (0.8125, 0.7), (0.84375, 0.6), (0.84375, 0.7), (0.8125, 0.7), (0.8125, 0.7), (0.84375, 0.7), (0.8125, 0.8), (0.84375, 0.7), (0.84375, 0.8), (0.8125, 0.8), (0.8125, 0.8), (0.84375, 0.8), (0.8125, 0.9), (0.84375, 0.8), (0.84375, 0.9), (0.8125, 0.9), (0.8125, 0.9), (0.84375, 0.9), (0.8125, 1), (0.84375, 0.9), (0.84375, 1), (0.8125, 1), (0.84375, 0), (0.875, 0), (0.84375, 0.1), (0.875, 0), (0.875, 0.1), (0.84375, 0.1), (0.84375, 0.1), (0.875, 0.1), (0.84375, 0.2), (0.875, 0.1), (0.875, 0.2), (0.84375, 0.2), (0.84375, 0.2), (0.875, 0.2), (0.84375, 0.3), (0.875, 0.2), (0.875, 0.3), (0.84375, 0.3), (0.84375, 0.3), (0.875, 0.3), (0.84375, 0.4), (0.875, 0.3), (0.875, 0.4), (0.84375, 0.4), (0.84375, 0.4), (0.875, 0.4), (0.84375, 0.5), (0.875, 0.4), (0.875, 0.5), (0.84375, 0.5), (0.84375, 0.5), (0.875, 0.5), (0.84375, 0.6), (0.875, 0.5), (0.875, 0.6), (0.84375, 0.6), (0.84375, 0.6), (0.875, 0.6), (0.84375, 0.7), (0.875, 0.6), (0.875, 0.7), (0.84375, 0.7), (0.84375, 0.7), (0.875, 0.7), (0.84375, 0.8), (0.875, 0.7), (0.875, 0.8), (0.84375, 0.8), (0.84375, 0.8), (0.875, 0.8), (0.84375, 0.9), (0.875, 0.8), (0.875, 0.9), (0.84375, 0.9), (0.84375, 0.9), (0.875, 0.9), (0.84375, 1), (0.875, 0.9), (0.875, 1), (0.84375, 1), (0.875, 0), (0.90625, 0), (0.875, 0.1), (0.90625, 0), (0.90625, 0.1), (0.875, 0.1), (0.875, 0.1), (0.90625, 0.1), (0.875, 0.2), (0.90625, 0.1), (0.90625, 0.2), (0.875, 0.2), (0.875, 0.2), (0.90625, 0.2), (0.875, 0.3), (0.90625, 0.2), (0.90625, 0.3), (0.875, 0.3), (0.875, 0.3), (0.90625, 0.3), (0.875, 0.4), (0.90625, 0.3), (0.90625, 0.4), (0.875, 0.4), (0.875, 0.4), (0.90625, 0.4), (0.875, 0.5), (0.90625, 0.4), (0.90625, 0.5), (0.875, 0.5), (0.875, 0.5), (0.90625, 0.5), (0.875, 0.6), (0.90625, 0.5), (0.90625, 0.6), (0.875, 0.6), (0.875, 0.6), (0.90625, 0.6), (0.875, 0.7), (0.90625, 0.6), (0.90625, 0.7), (0.875, 0.7), (0.875, 0.7), (0.90625, 0.7), (0.875, 0.8), (0.90625, 0.7), (0.90625, 0.8), (0.875, 0.8), (0.875, 0.8), (0.90625, 0.8), (0.875, 0.9), (0.90625, 0.8), (0.90625, 0.9), (0.875, 0.9), (0.875, 0.9), (0.90625, 0.9), (0.875, 1), (0.90625, 0.9), (0.90625, 1), (0.875, 1), (0.90625, 0), (0.9375, 0), (0.90625, 0.1), (0.9375, 0), (0.9375, 0.1), (0.90625, 0.1), (0.90625, 0.1), (0.9375, 0.1), (0.90625, 0.2), (0.9375, 0.1), (0.9375, 0.2), (0.90625, 0.2), (0.90625, 0.2), (0.9375, 0.2), (0.90625, 0.3), (0.9375, 0.2), (0.9375, 0.3), (0.90625, 0.3), (0.90625, 0.3), (0.9375, 0.3), (0.90625, 0.4), (0.9375, 0.3), (0.9375, 0.4), (0.90625, 0.4), (0.90625, 0.4), (0.9375, 0.4), (0.90625, 0.5), (0.9375, 0.4), (0.9375, 0.5), (0.90625, 0.5), (0.90625, 0.5), (0.9375, 0.5), (0.90625, 0.6), (0.9375, 0.5), (0.9375, 0.6), (0.90625, 0.6), (0.90625, 0.6), (0.9375, 0.6), (0.90625, 0.7), (0.9375, 0.6), (0.9375, 0.7), (0.90625, 0.7), (0.90625, 0.7), (0.9375, 0.7), (0.90625, 0.8), (0.9375, 0.7), (0.9375, 0.8), (0.90625, 0.8), (0.90625, 0.8), (0.9375, 0.8), (0.90625, 0.9), (0.9375, 0.8), (0.9375, 0.9), (0.90625, 0.9), (0.90625, 0.9), (0.9375, 0.9), (0.90625, 1), (0.9375, 0.9), (0.9375, 1), (0.90625, 1), (0.9375, 0), (0.96875, 0), (0.9375, 0.1), (0.96875, 0), (0.96875, 0.1), (0.9375, 0.1), (0.9375, 0.1), (0.96875, 0.1), (0.9375, 0.2), (0.96875, 0.1), (0.96875, 0.2), (0.9375, 0.2), (0.9375, 0.2), (0.96875, 0.2), (0.9375, 0.3), (0.96875, 0.2), (0.96875, 0.3), (0.9375, 0.3), (0.9375, 0.3), (0.96875, 0.3), (0.9375, 0.4), (0.96875, 0.3), (0.96875, 0.4), (0.9375, 0.4), (0.9375, 0.4), (0.96875, 0.4), (0.9375, 0.5), (0.96875, 0.4), (0.96875, 0.5), (0.9375, 0.5), (0.9375, 0.5), (0.96875, 0.5), (0.9375, 0.6), (0.96875, 0.5), (0.96875, 0.6), (0.9375, 0.6), (0.9375, 0.6), (0.96875, 0.6), (0.9375, 0.7), (0.96875, 0.6), (0.96875, 0.7), (0.9375, 0.7), (0.9375, 0.7), (0.96875, 0.7), (0.9375, 0.8), (0.96875, 0.7), (0.96875, 0.8), (0.9375, 0.8), (0.9375, 0.8), (0.96875, 0.8), (0.9375, 0.9), (0.96875, 0.8), (0.96875, 0.9), (0.9375, 0.9), (0.9375, 0.9), (0.96875, 0.9), (0.9375, 1), (0.96875, 0.9), (0.96875, 1), (0.9375, 1), (0.96875, 0), (1, 0), (0.96875, 0.1), (1, 0), (1, 0.1), (0.96875, 0.1), (0.96875, 0.1), (1, 0.1), (0.96875, 0.2), (1, 0.1), (1, 0.2), (0.96875, 0.2), (0.96875, 0.2), (1, 0.2), (0.96875, 0.3), (1, 0.2), (1, 0.3), (0.96875, 0.3), (0.96875, 0.3), (1, 0.3), (0.96875, 0.4), (1, 0.3), (1, 0.4), (0.96875, 0.4), (0.96875, 0.4), (1, 0.4), (0.96875, 0.5), (1, 0.4), (1, 0.5), (0.96875, 0.5), (0.96875, 0.5), (1, 0.5), (0.96875, 0.6), (1, 0.5), (1, 0.6), (0.96875, 0.6), (0.96875, 0.6), (1, 0.6), (0.96875, 0.7), (1, 0.6), (1, 0.7), (0.96875, 0.7), (0.96875, 0.7), (1, 0.7), (0.96875, 0.8), (1, 0.7), (1, 0.8), (0.96875, 0.8), (0.96875, 0.8), (1, 0.8), (0.96875, 0.9), (1, 0.8), (1, 0.9), (0.96875, 0.9), (0.96875, 0.9), (1, 0.9), (0.96875, 1), (1, 0.9), (1, 1), (0.96875, 1)] (
            interpolation = "vertex"
        )
        uniform token subdivisionScheme = "none"
        rel material:binding = </Shapes/Looks/brushed_steel>

        def GeomSubset "surface_0"
        {
            uniform token elementType = "face"
            uniform token familyName = "materialBind"
            int[] indices = [0, 1, 2, 3, 4, 5, 6, 7, 8, 9, 10, 11, 12, 13, 14, 15, 16, 17, 18, 19, 20, 21, 22, 23, 24, 25, 26, 27, 28, 29, 30, 31, 32, 33, 34, 35, 36, 37, 38, 39, 40, 41, 42, 43, 44, 45, 46, 47, 48, 49, 50, 51, 52, 53, 54, 55, 56, 57, 58, 59, 60, 61, 62, 63, 64, 65, 66, 67, 68, 69, 70, 71, 72, 73, 74, 75, 76, 77, 78, 79, 80, 81, 82, 83, 84, 85, 86, 87, 88, 89, 90, 91, 92, 93, 94, 95, 96, 97, 98, 99, 100, 101, 102, 103, 104, 105, 106, 107, 108, 109, 110, 111, 112, 113, 114, 115, 116, 117, 118, 119, 120, 121, 122, 123, 124, 125, 126, 127, 128, 129, 130, 131, 132, 133, 134, 135, 136, 137, 138, 139, 140, 141, 142, 143, 144, 145, 146, 147, 148, 149, 150, 151, 152, 153, 154, 155, 156, 157, 158, 159, 160, 161, 162, 163, 164, 165, 166, 167, 168, 169, 170, 171, 172, 173, 174, 175, 176, 177, 178, 179, 180, 181, 182, 183, 184, 185, 186, 187, 188, 189, 190, 191, 192, 193, 194, 195, 196, 197, 198, 199, 200, 201, 202, 203, 204, 205, 206, 207, 208, 209, 210, 211, 212, 213, 214, 215, 216, 217, 218, 219, 220, 221, 222, 223, 224, 225, 226, 227, 228, 229, 230, 231, 232, 233, 234, 235, 236, 237, 238, 239, 240, 241, 242, 243, 244, 245, 246, 247, 248, 249, 250, 251, 252, 253, 254, 255, 256, 257, 258, 259, 260, 261, 262, 263, 264, 265, 266, 267, 268, 269, 270, 271, 272, 273, 274, 275, 276, 277, 278, 279, 280, 281, 282, 283, 284, 285, 286, 287, 288, 289, 290, 291, 292, 293, 294, 295, 296, 297, 298, 299, 300, 301, 302, 303, 304, 305, 306, 307, 308, 309, 310, 311, 312, 313, 314, 315, 316, 317, 318, 319, 320, 321, 322, 323, 324, 325, 326, 327, 328, 329, 330, 331, 332, 333, 334, 335, 336, 337, 338, 339, 340, 341, 342, 343, 344, 345, 346, 347, 348, 349, 350, 351, 352, 353, 354, 355, 356, 357, 358, 359, 360, 361, 362, 363, 364, 365, 366, 367, 368, 369, 370, 371, 372, 373, 374, 375, 376, 377, 378, 379, 380, 381, 382, 383, 384, 385, 386, 387, 388, 389, 390, 391, 392, 393, 394, 395, 396, 397, 398, 399, 400, 401, 402, 403, 404, 405, 406, 407, 408, 409, 410, 411, 412, 413, 414, 415, 416, 417, 418, 419, 420, 421, 422, 423, 424, 425, 426, 427, 428, 429, 430, 431, 432, 433, 434, 435, 436, 437, 438, 439, 440, 441, 442, 443, 444, 445, 446, 447, 448, 449, 450, 451, 452, 453, 454, 455, 456, 457, 458, 459, 460, 461, 462, 463, 464, 465, 466, 467, 468, 469, 470, 471, 472, 473, 474, 475, 476, 477, 478, 479, 480, 481, 482, 483, 484, 485, 486, 487, 488, 489, 490, 491, 492, 493, 494, 495, 496, 497, 498, 499, 500, 501, 502, 503, 504, 505, 506, 507, 508, 509, 510, 511, 512, 513, 514, 515, 516, 517, 518, 519, 520, 521, 522, 523, 524, 525, 526, 527, 528, 529, 530, 531, 532, 533, 534, 535, 536, 537, 538, 539, 540, 541, 542, 543, 544, 545, 546, 547, 548, 549, 550, 551, 552, 553, 554, 555, 556, 557, 558, 559, 560, 561, 562, 563, 564, 565, 566, 567, 568, 569, 570, 571, 572, 573, 574, 575, 576, 577, 578, 579, 580, 581, 582, 583, 584, 585, 586, 587, 588, 589, 590, 591, 592, 593, 594, 595, 596, 597, 598, 599, 600, 601, 602, 603, 604, 605, 606, 607, 608, 609, 610, 611, 612, 613, 614, 615, 616, 617, 618, 619, 620, 621, 622, 623, 624, 625, 626, 627, 628, 629, 630, 631, 632, 633, 634, 635, 636, 637, 638, 639]
            rel material:binding = </Shapes/Looks/brushed_steel>
        }
    }

    def Scope "Looks"
    {
        def Material "brushed_steel"
        {
            token outputs:surface.connect = </Shapes/Looks/brushed_steel/PreviewSurface.outputs:surface>

            def Shader "PreviewSurface"
            {
                uniform token info:id = "UsdPreviewSurface"
                color3f inputs:diffuseColor = (0.55, 0.59, 0.61)
                float inputs:metallic = 0.65
                float inputs:roughness = 0.32
                token outputs:surface
            }
        }
    }
}
