mtllib base_link.mtl
o foot
usemtl motor_graphite
v 0.3844337463378906 0.3444337546825409 0.0744337584078312
v 0.38599005341529846 0.340660035610199 0.07599005430936814
v 0.38599005341529846 0.34599006175994873 0.07066003561019898
v 0.38599005341529846 0.340660035610199 0.07599005430936814
v 0.3881901800632477 0.3421267867088318 0.07212678112089635
v 0.38599005341529846 0.34599006175994873 0.07066003561019898
v 0.38599005341529846 0.34599006175994873 0.07066003561019898
v 0.3881901800632477 0.3421267867088318 0.07212678112089635
v 0.38720616698265076 0.347206175327301 0.0657353936880827
v 0.3881901800632477 0.3421267867088318 0.07212678112089635
v 0.39004459977149963 0.34336307644844055 0.06668153174221517
v 0.38720616698265076 0.347206175327301 0.0657353936880827
v 0.38720616698265076 0.347206175327301 0.0657353936880827
v 0.39004459977149963 0.34336307644844055 0.06668153174221517
v 0.3876776695251465 0.34767767786979675 0.06000000007450581
v 0.39004459977149963 0.34336307644844055 0.06668153174221517
v 0.39080125093460083 0.3438675105571747 0.06000000007450581
v 0.3876776695251465 0.34767767786979675 0.06000000007450581
v 0.3876776695251465 0.34767767786979675 0.06000000007450581
v 0.39080125093460083 0.3438675105571747 0.06000000007450581
v 0.3876776695251465 0.34767767786979675 0.024999999925494197
v 0.39080125093460083 0.3438675105571747 0.06000000007450581
v 0.39080125093460083 0.3438675105571747 0.024999999925494197
v 0.3876776695251465 0.34767767786979675 0.024999999925494197
v 0.3876776695251465 0.34767767786979675 0.024999999925494197
v 0.39080125093460083 0.3438675105571747 0.024999999925494197
v 0.38720616698265076 0.347206175327301 0.019264606311917308
v 0.39080125093460083 0.3438675105571747 0.024999999925494197
v 0.39004459977149963 0.34336307644844055 0.018318468257784846
v 0.38720616698265076 0.347206175327301 0.019264606311917308
v 0.38720616698265076 0.347206175327301 0.019264606311917308
v 0.39004459977149963 0.34336307644844055 0.018318468257784846
v 0.38599005341529846 0.34599006175994873 0.014339964389801028
v 0.39004459977149963 0.34336307644844055 0.018318468257784846
v 0.3881901800632477 0.3421267867088318 0.012873218879103664
v 0.38599005341529846 0.34599006175994873 0.014339964389801028
v 0.38599005341529846 0.34599006175994873 0.014339964389801028
v 0.3881901800632477 0.3421267867088318 0.012873218879103664
v 0.3844337463378906 0.3444337546825409 0.010566241592168811
v 0.3881901800632477 0.3421267867088318 0.012873218879103664
v 0.38599005341529846 0.340660035610199 0.00900994569063187
v 0.3844337463378906 0.3444337546825409 0.010566241592168811
v 0.38599005341529846 0.340660035610199 0.07599005430936814
v 0.38720616698265076 0.33573538064956665 0.07720617905259133
v 0.3881901800632477 0.3421267867088318 0.07212678112089635
v 0.38720616698265076 0.33573538064956665 0.07720617905259133
v 0.39004459977149963 0.3366815447807312 0.07336306154727937
v 0.3881901800632477 0.3421267867088318 0.07212678112089635
v 0.3881901800632477 0.3421267867088318 0.07212678112089635
v 0.39004459977149963 0.3366815447807312 0.07336306154727937
v 0.39004459977149963 0.34336307644844055 0.06668153174221517
v 0.39004459977149963 0.3366815447807312 0.07336306154727937
v 0.39261335134506226 0.3375377953052521 0.06753778412938119
v 0.39004459977149963 0.34336307644844055 0.06668153174221517
v 0.39004459977149963 0.34336307644844055 0.06668153174221517
v 0.39261335134506226 0.3375377953052521 0.06753778412938119
v 0.39080125093460083 0.3438675105571747 0.06000000007450581
v 0.39261335134506226 0.3375377953052521 0.06753778412938119
v 0.39371708035469055 0.3379057049751282 0.06000000007450581
v 0.39080125093460083 0.3438675105571747 0.06000000007450581
v 0.39080125093460083 0.3438675105571747 0.06000000007450581
v 0.39371708035469055 0.3379057049751282 0.06000000007450581
v 0.39080125093460083 0.3438675105571747 0.024999999925494197
v 0.39371708035469055 0.3379057049751282 0.06000000007450581
v 0.39371708035469055 0.3379057049751282 0.024999999925494197
v 0.39080125093460083 0.3438675105571747 0.024999999925494197
v 0.39080125093460083 0.3438675105571747 0.024999999925494197
v 0.39371708035469055 0.3379057049751282 0.024999999925494197
v 0.39004459977149963 0.34336307644844055 0.018318468257784846
v 0.39371708035469055 0.3379057049751282 0.024999999925494197
v 0.39261335134506226 0.3375377953052521 0.017462215870618823
v 0.39004459977149963 0.34336307644844055 0.018318468257784846
v 0.39004459977149963 0.34336307644844055 0.018318468257784846
v 0.39261335134506226 0.3375377953052521 0.017462215870618823
v 0.3881901800632477 0.3421267867088318 0.012873218879103664
v 0.39261335134506226 0.3375377953052521 0.017462215870618823
v 0.39004459977149963 0.3366815447807312 0.011636938452720645
v 0.3881901800632477 0.3421267867088318 0.012873218879103664
v 0.3881901800632477 0.3421267867088318 0.012873218879103664
v 0.39004459977149963 0.3366815447807312 0.011636938452720645
v 0.38599005341529846 0.340660035610199 0.00900994569063187
v 0.39004459977149963 0.3366815447807312 0.011636938452720645
v 0.38720616698265076 0.33573538064956665 0.007793820947408679
v 0.38599005341529846 0.340660035610199 0.00900994569063187
v 0.38720616698265076 0.33573538064956665 0.07720617905259133
v 0.3876776695251465 0.33000001311302185 0.07767767041921617
v 0.39004459977149963 0.3366815447807312 0.07336306154727937
v 0.3876776695251465 0.33000001311302185 0.07767767041921617
v 0.39080125093460083 0.33000001311302185 0.0738675068318844
v 0.39004459977149963 0.3366815447807312 0.07336306154727937
v 0.39004459977149963 0.3366815447807312 0.07336306154727937
v 0.39080125093460083 0.33000001311302185 0.0738675068318844
v 0.39261335134506226 0.3375377953052521 0.06753778412938119
v 0.39080125093460083 0.33000001311302185 0.0738675068318844
v 0.39371708035469055 0.33000001311302185 0.06790569379925729
v 0.39261335134506226 0.3375377953052521 0.06753778412938119
v 0.39261335134506226 0.3375377953052521 0.06753778412938119
v 0.39371708035469055 0.33000001311302185 0.06790569379925729
v 0.39371708035469055 0.3379057049751282 0.06000000007450581
v 0.39371708035469055 0.33000001311302185 0.06790569379925729
v 0.39500001072883606 0.33000001311302185 0.06000000007450581
v 0.39371708035469055 0.3379057049751282 0.06000000007450581
v 0.39371708035469055 0.3379057049751282 0.06000000007450581
v 0.39500001072883606 0.33000001311302185 0.06000000007450581
v 0.39371708035469055 0.3379057049751282 0.024999999925494197
v 0.39500001072883606 0.33000001311302185 0.06000000007450581
v 0.39500001072883606 0.33000001311302185 0.024999999925494197
v 0.39371708035469055 0.3379057049751282 0.024999999925494197
v 0.39371708035469055 0.3379057049751282 0.024999999925494197
v 0.39500001072883606 0.33000001311302185 0.024999999925494197
v 0.39261335134506226 0.3375377953052521 0.017462215870618823
v 0.39500001072883606 0.33000001311302185 0.024999999925494197
v 0.39371708035469055 0.33000001311302185 0.017094306200742725
v 0.39261335134506226 0.3375377953052521 0.017462215870618823
v 0.39261335134506226 0.3375377953052521 0.017462215870618823
v 0.39371708035469055 0.33000001311302185 0.017094306200742725
v 0.39004459977149963 0.3366815447807312 0.011636938452720645
v 0.39371708035469055 0.33000001311302185 0.017094306200742725
v 0.39080125093460083 0.33000001311302185 0.011132493168115619
v 0.39004459977149963 0.3366815447807312 0.011636938452720645
v 0.39004459977149963 0.3366815447807312 0.011636938452720645
v 0.39080125093460083 0.33000001311302185 0.011132493168115619
v 0.38720616698265076 0.33573538064956665 0.007793820947408679
v 0.39080125093460083 0.33000001311302185 0.011132493168115619
v 0.3876776695251465 0.33000001311302185 0.007322329580783847
v 0.38720616698265076 0.33573538064956665 0.007793820947408679
v 0.3876776695251465 0.33000001311302185 0.07767767041921617
v 0.3876776695251465 -0.33000001311302185 0.07767767041921617
v 0.39080125093460083 0.33000001311302185 0.0738675068318844
v 0.3876776695251465 -0.33000001311302185 0.07767767041921617
v 0.39080125093460083 -0.33000001311302185 0.0738675068318844
v 0.39080125093460083 0.33000001311302185 0.0738675068318844
v 0.39080125093460083 0.33000001311302185 0.0738675068318844
v 0.39080125093460083 -0.33000001311302185 0.0738675068318844
v 0.39371708035469055 0.33000001311302185 0.06790569379925729
v 0.39080125093460083 -0.33000001311302185 0.0738675068318844
v 0.39371708035469055 -0.33000001311302185 0.06790569379925729
v 0.39371708035469055 0.33000001311302185 0.06790569379925729
v 0.39371708035469055 0.33000001311302185 0.06790569379925729
v 0.39371708035469055 -0.33000001311302185 0.06790569379925729
v 0.39500001072883606 0.33000001311302185 0.06000000007450581
v 0.39371708035469055 -0.33000001311302185 0.06790569379925729
v 0.39500001072883606 -0.33000001311302185 0.06000000007450581
v 0.39500001072883606 0.33000001311302185 0.06000000007450581
v 0.39500001072883606 0.33000001311302185 0.06000000007450581
v 0.39500001072883606 -0.33000001311302185 0.06000000007450581
v 0.39500001072883606 0.33000001311302185 0.024999999925494197
v 0.39500001072883606 -0.33000001311302185 0.06000000007450581
v 0.39500001072883606 -0.33000001311302185 0.024999999925494197
v 0.39500001072883606 0.33000001311302185 0.024999999925494197
v 0.39500001072883606 0.33000001311302185 0.024999999925494197
v 0.39500001072883606 -0.33000001311302185 0.024999999925494197
v 0.39371708035469055 0.33000001311302185 0.017094306200742725
v 0.39500001072883606 -0.33000001311302185 0.024999999925494197
v 0.39371708035469055 -0.33000001311302185 0.017094306200742725
v 0.39371708035469055 0.33000001311302185 0.017094306200742725
v 0.39371708035469055 0.33000001311302185 0.017094306200742725
v 0.39371708035469055 -0.33000001311302185 0.017094306200742725
v 0.39080125093460083 0.33000001311302185 0.011132493168115619
v 0.39371708035469055 -0.33000001311302185 0.017094306200742725
v 0.39080125093460083 -0.33000001311302185 0.011132493168115619
v 0.39080125093460083 0.33000001311302185 0.011132493168115619
v 0.39080125093460083 0.33000001311302185 0.011132493168115619
v 0.39080125093460083 -0.33000001311302185 0.011132493168115619
v 0.3876776695251465 0.33000001311302185 0.007322329580783847
v 0.39080125093460083 -0.33000001311302185 0.011132493168115619
v 0.3876776695251465 -0.33000001311302185 0.007322329580783847
v 0.3876776695251465 0.33000001311302185 0.007322329580783847
v 0.3876776695251465 -0.33000001311302185 0.07767767041921617
v 0.38720616698265076 -0.33573538064956665 0.07720617905259133
v 0.39080125093460083 -0.33000001311302185 0.0738675068318844
v 0.38720616698265076 -0.33573538064956665 0.07720617905259133
v 0.39004459977149963 -0.3366815447807312 0.07336306154727937
v 0.39080125093460083 -0.33000001311302185 0.0738675068318844
v 0.39080125093460083 -0.33000001311302185 0.0738675068318844
v 0.39004459977149963 -0.3366815447807312 0.07336306154727937
v 0.39371708035469055 -0.33000001311302185 0.06790569379925729
v 0.39004459977149963 -0.3366815447807312 0.07336306154727937
v 0.39261335134506226 -0.3375377953052521 0.06753778412938119
v 0.39371708035469055 -0.33000001311302185 0.06790569379925729
v 0.39371708035469055 -0.33000001311302185 0.06790569379925729
v 0.39261335134506226 -0.3375377953052521 0.06753778412938119
v 0.39500001072883606 -0.33000001311302185 0.06000000007450581
v 0.39261335134506226 -0.3375377953052521 0.06753778412938119
v 0.39371708035469055 -0.3379057049751282 0.06000000007450581
v 0.39500001072883606 -0.33000001311302185 0.06000000007450581
v 0.39500001072883606 -0.33000001311302185 0.06000000007450581
v 0.39371708035469055 -0.3379057049751282 0.06000000007450581
v 0.39500001072883606 -0.33000001311302185 0.024999999925494197
v 0.39371708035469055 -0.3379057049751282 0.06000000007450581
v 0.39371708035469055 -0.3379057049751282 0.024999999925494197
v 0.39500001072883606 -0.33000001311302185 0.024999999925494197
v 0.39500001072883606 -0.33000001311302185 0.024999999925494197
v 0.39371708035469055 -0.3379057049751282 0.024999999925494197
v 0.39371708035469055 -0.33000001311302185 0.017094306200742725
v 0.39371708035469055 -0.3379057049751282 0.024999999925494197
v 0.39261335134506226 -0.3375377953052521 0.017462215870618823
v 0.39371708035469055 -0.33000001311302185 0.017094306200742725
v 0.39371708035469055 -0.33000001311302185 0.017094306200742725
v 0.39261335134506226 -0.3375377953052521 0.017462215870618823
v 0.39080125093460083 -0.33000001311302185 0.011132493168115619
v 0.39261335134506226 -0.3375377953052521 0.017462215870618823
v 0.39004459977149963 -0.3366815447807312 0.011636938452720645
v 0.39080125093460083 -0.33000001311302185 0.011132493168115619
v 0.39080125093460083 -0.33000001311302185 0.011132493168115619
v 0.39004459977149963 -0.3366815447807312 0.011636938452720645
v 0.3876776695251465 -0.33000001311302185 0.007322329580783847
v 0.39004459977149963 -0.3366815447807312 0.011636938452720645
v 0.38720616698265076 -0.33573538064956665 0.007793820947408679
v 0.3876776695251465 -0.33000001311302185 0.007322329580783847
v 0.38720616698265076 -0.33573538064956665 0.07720617905259133
v 0.38599005341529846 -0.340660035610199 0.07599005430936814
v 0.39004459977149963 -0.3366815447807312 0.07336306154727937
v 0.38599005341529846 -0.340660035610199 0.07599005430936814
v 0.3881901800632477 -0.3421267867088318 0.07212678112089635
v 0.39004459977149963 -0.3366815447807312 0.07336306154727937
v 0.39004459977149963 -0.3366815447807312 0.07336306154727937
v 0.3881901800632477 -0.3421267867088318 0.07212678112089635
v 0.39261335134506226 -0.3375377953052521 0.06753778412938119
v 0.3881901800632477 -0.3421267867088318 0.07212678112089635
v 0.39004459977149963 -0.34336307644844055 0.06668153174221517
v 0.39261335134506226 -0.3375377953052521 0.06753778412938119
v 0.39261335134506226 -0.3375377953052521 0.06753778412938119
v 0.39004459977149963 -0.34336307644844055 0.06668153174221517
v 0.39371708035469055 -0.3379057049751282 0.06000000007450581
v 0.39004459977149963 -0.34336307644844055 0.06668153174221517
v 0.39080125093460083 -0.3438675105571747 0.06000000007450581
v 0.39371708035469055 -0.3379057049751282 0.06000000007450581
v 0.39371708035469055 -0.3379057049751282 0.06000000007450581
v 0.39080125093460083 -0.3438675105571747 0.06000000007450581
v 0.39371708035469055 -0.3379057049751282 0.024999999925494197
v 0.39080125093460083 -0.3438675105571747 0.06000000007450581
v 0.39080125093460083 -0.3438675105571747 0.024999999925494197
v 0.39371708035469055 -0.3379057049751282 0.024999999925494197
v 0.39371708035469055 -0.3379057049751282 0.024999999925494197
v 0.39080125093460083 -0.3438675105571747 0.024999999925494197
v 0.39261335134506226 -0.3375377953052521 0.017462215870618823
v 0.39080125093460083 -0.3438675105571747 0.024999999925494197
v 0.39004459977149963 -0.34336307644844055 0.018318468257784846
v 0.39261335134506226 -0.3375377953052521 0.017462215870618823
v 0.39261335134506226 -0.3375377953052521 0.017462215870618823
v 0.39004459977149963 -0.34336307644844055 0.018318468257784846
v 0.39004459977149963 -0.3366815447807312 0.011636938452720645
v 0.39004459977149963 -0.34336307644844055 0.018318468257784846
v 0.3881901800632477 -0.3421267867088318 0.012873218879103664
v 0.39004459977149963 -0.3366815447807312 0.011636938452720645
v 0.39004459977149963 -0.3366815447807312 0.011636938452720645
v 0.3881901800632477 -0.3421267867088318 0.012873218879103664
v 0.38720616698265076 -0.33573538064956665 0.007793820947408679
v 0.3881901800632477 -0.3421267867088318 0.012873218879103664
v 0.38599005341529846 -0.340660035610199 0.00900994569063187
v 0.38720616698265076 -0.33573538064956665 0.007793820947408679
v 0.38599005341529846 -0.340660035610199 0.07599005430936814
v 0.3844337463378906 -0.3444337546825409 0.0744337584078312
v 0.3881901800632477 -0.3421267867088318 0.07212678112089635
v 0.3844337463378906 -0.3444337546825409 0.0744337584078312
v 0.38599005341529846 -0.34599006175994873 0.07066003561019898
v 0.3881901800632477 -0.3421267867088318 0.07212678112089635
v 0.3881901800632477 -0.3421267867088318 0.07212678112089635
v 0.38599005341529846 -0.34599006175994873 0.07066003561019898
v 0.39004459977149963 -0.34336307644844055 0.06668153174221517
v 0.38599005341529846 -0.34599006175994873 0.07066003561019898
v 0.38720616698265076 -0.347206175327301 0.0657353936880827
v 0.39004459977149963 -0.34336307644844055 0.06668153174221517
v 0.39004459977149963 -0.34336307644844055 0.06668153174221517
v 0.38720616698265076 -0.347206175327301 0.0657353936880827
v 0.39080125093460083 -0.3438675105571747 0.06000000007450581
v 0.38720616698265076 -0.347206175327301 0.0657353936880827
v 0.3876776695251465 -0.34767767786979675 0.06000000007450581
v 0.39080125093460083 -0.3438675105571747 0.06000000007450581
v 0.39080125093460083 -0.3438675105571747 0.06000000007450581
v 0.3876776695251465 -0.34767767786979675 0.06000000007450581
v 0.39080125093460083 -0.3438675105571747 0.024999999925494197
v 0.3876776695251465 -0.34767767786979675 0.06000000007450581
v 0.3876776695251465 -0.34767767786979675 0.024999999925494197
v 0.39080125093460083 -0.3438675105571747 0.024999999925494197
v 0.39080125093460083 -0.3438675105571747 0.024999999925494197
v 0.3876776695251465 -0.34767767786979675 0.024999999925494197
v 0.39004459977149963 -0.34336307644844055 0.018318468257784846
v 0.3876776695251465 -0.34767767786979675 0.024999999925494197
v 0.38720616698265076 -0.347206175327301 0.019264606311917308
v 0.39004459977149963 -0.34336307644844055 0.018318468257784846
v 0.39004459977149963 -0.34336307644844055 0.018318468257784846
v 0.38720616698265076 -0.347206175327301 0.019264606311917308
v 0.3881901800632477 -0.3421267867088318 0.012873218879103664
v 0.38720616698265076 -0.347206175327301 0.019264606311917308
v 0.38599005341529846 -0.34599006175994873 0.014339964389801028
v 0.3881901800632477 -0.3421267867088318 0.012873218879103664
v 0.3881901800632477 -0.3421267867088318 0.012873218879103664
v 0.38599005341529846 -0.34599006175994873 0.014339964389801028
v 0.38599005341529846 -0.340660035610199 0.00900994569063187
v 0.38599005341529846 -0.34599006175994873 0.014339964389801028
v 0.3844337463378906 -0.3444337546825409 0.010566241592168811
v 0.38599005341529846 -0.340660035610199 0.00900994569063187
v -0.3844337463378906 0.3444337546825409 0.010566241592168811
v -0.38599005341529846 0.340660035610199 0.00900994569063187
v -0.38599005341529846 0.34599006175994873 0.014339964389801028
v -0.38599005341529846 0.340660035610199 0.00900994569063187
v -0.3881901800632477 0.3421267867088318 0.012873218879103664
v -0.38599005341529846 0.34599006175994873 0.014339964389801028
v -0.38599005341529846 0.34599006175994873 0.014339964389801028
v -0.3881901800632477 0.3421267867088318 0.012873218879103664
v -0.38720616698265076 0.347206175327301 0.019264606311917308
v -0.3881901800632477 0.3421267867088318 0.012873218879103664
v -0.39004459977149963 0.34336307644844055 0.018318468257784846
v -0.38720616698265076 0.347206175327301 0.019264606311917308
v -0.38720616698265076 0.347206175327301 0.019264606311917308
v -0.39004459977149963 0.34336307644844055 0.018318468257784846
v -0.3876776695251465 0.34767767786979675 0.024999999925494197
v -0.39004459977149963 0.34336307644844055 0.018318468257784846
v -0.39080125093460083 0.3438675105571747 0.024999999925494197
v -0.3876776695251465 0.34767767786979675 0.024999999925494197
v -0.3876776695251465 0.34767767786979675 0.024999999925494197
v -0.39080125093460083 0.3438675105571747 0.024999999925494197
v -0.3876776695251465 0.34767767786979675 0.06000000007450581
v -0.39080125093460083 0.3438675105571747 0.024999999925494197
v -0.39080125093460083 0.3438675105571747 0.06000000007450581
v -0.3876776695251465 0.34767767786979675 0.06000000007450581
v -0.3876776695251465 0.34767767786979675 0.06000000007450581
v -0.39080125093460083 0.3438675105571747 0.06000000007450581
v -0.38720616698265076 0.347206175327301 0.0657353936880827
v -0.39080125093460083 0.3438675105571747 0.06000000007450581
v -0.39004459977149963 0.34336307644844055 0.06668153174221517
v -0.38720616698265076 0.347206175327301 0.0657353936880827
v -0.38720616698265076 0.347206175327301 0.0657353936880827
v -0.39004459977149963 0.34336307644844055 0.06668153174221517
v -0.38599005341529846 0.34599006175994873 0.07066003561019898
v -0.39004459977149963 0.34336307644844055 0.06668153174221517
v -0.3881901800632477 0.3421267867088318 0.07212678112089635
v -0.38599005341529846 0.34599006175994873 0.07066003561019898
v -0.38599005341529846 0.34599006175994873 0.07066003561019898
v -0.3881901800632477 0.3421267867088318 0.07212678112089635
v -0.3844337463378906 0.3444337546825409 0.0744337584078312
v -0.3881901800632477 0.3421267867088318 0.07212678112089635
v -0.38599005341529846 0.340660035610199 0.07599005430936814
v -0.3844337463378906 0.3444337546825409 0.0744337584078312
v -0.38599005341529846 0.340660035610199 0.00900994569063187
v -0.38720616698265076 0.33573538064956665 0.007793820947408679
v -0.3881901800632477 0.3421267867088318 0.012873218879103664
v -0.38720616698265076 0.33573538064956665 0.007793820947408679
v -0.39004459977149963 0.3366815447807312 0.011636938452720645
v -0.3881901800632477 0.3421267867088318 0.012873218879103664
v -0.3881901800632477 0.3421267867088318 0.012873218879103664
v -0.39004459977149963 0.3366815447807312 0.011636938452720645
v -0.39004459977149963 0.34336307644844055 0.018318468257784846
v -0.39004459977149963 0.3366815447807312 0.011636938452720645
v -0.39261335134506226 0.3375377953052521 0.017462215870618823
v -0.39004459977149963 0.34336307644844055 0.018318468257784846
v -0.39004459977149963 0.34336307644844055 0.018318468257784846
v -0.39261335134506226 0.3375377953052521 0.017462215870618823
v -0.39080125093460083 0.3438675105571747 0.024999999925494197
v -0.39261335134506226 0.3375377953052521 0.017462215870618823
v -0.39371708035469055 0.3379057049751282 0.024999999925494197
v -0.39080125093460083 0.3438675105571747 0.024999999925494197
v -0.39080125093460083 0.3438675105571747 0.024999999925494197
v -0.39371708035469055 0.3379057049751282 0.024999999925494197
v -0.39080125093460083 0.3438675105571747 0.06000000007450581
v -0.39371708035469055 0.3379057049751282 0.024999999925494197
v -0.39371708035469055 0.3379057049751282 0.06000000007450581
v -0.39080125093460083 0.3438675105571747 0.06000000007450581
v -0.39080125093460083 0.3438675105571747 0.06000000007450581
v -0.39371708035469055 0.3379057049751282 0.06000000007450581
v -0.39004459977149963 0.34336307644844055 0.06668153174221517
v -0.39371708035469055 0.3379057049751282 0.06000000007450581
v -0.39261335134506226 0.3375377953052521 0.06753778412938119
v -0.39004459977149963 0.34336307644844055 0.06668153174221517
v -0.39004459977149963 0.34336307644844055 0.06668153174221517
v -0.39261335134506226 0.3375377953052521 0.06753778412938119
v -0.3881901800632477 0.3421267867088318 0.07212678112089635
v -0.39261335134506226 0.3375377953052521 0.06753778412938119
v -0.39004459977149963 0.3366815447807312 0.07336306154727937
v -0.3881901800632477 0.3421267867088318 0.07212678112089635
v -0.3881901800632477 0.3421267867088318 0.07212678112089635
v -0.39004459977149963 0.3366815447807312 0.07336306154727937
v -0.38599005341529846 0.340660035610199 0.07599005430936814
v -0.39004459977149963 0.3366815447807312 0.07336306154727937
v -0.38720616698265076 0.33573538064956665 0.07720617905259133
v -0.38599005341529846 0.340660035610199 0.07599005430936814
v -0.38720616698265076 0.33573538064956665 0.007793820947408679
v -0.3876776695251465 0.33000001311302185 0.007322329580783847
v -0.39004459977149963 0.3366815447807312 0.011636938452720645
v -0.3876776695251465 0.33000001311302185 0.007322329580783847
v -0.39080125093460083 0.33000001311302185 0.011132493168115619
v -0.39004459977149963 0.3366815447807312 0.011636938452720645
v -0.39004459977149963 0.3366815447807312 0.011636938452720645
v -0.39080125093460083 0.33000001311302185 0.011132493168115619
v -0.39261335134506226 0.3375377953052521 0.017462215870618823
v -0.39080125093460083 0.33000001311302185 0.011132493168115619
v -0.39371708035469055 0.33000001311302185 0.017094306200742725
v -0.39261335134506226 0.3375377953052521 0.017462215870618823
v -0.39261335134506226 0.3375377953052521 0.017462215870618823
v -0.39371708035469055 0.33000001311302185 0.017094306200742725
v -0.39371708035469055 0.3379057049751282 0.024999999925494197
v -0.39371708035469055 0.33000001311302185 0.017094306200742725
v -0.39500001072883606 0.33000001311302185 0.024999999925494197
v -0.39371708035469055 0.3379057049751282 0.024999999925494197
v -0.39371708035469055 0.3379057049751282 0.024999999925494197
v -0.39500001072883606 0.33000001311302185 0.024999999925494197
v -0.39371708035469055 0.3379057049751282 0.06000000007450581
v -0.39500001072883606 0.33000001311302185 0.024999999925494197
v -0.39500001072883606 0.33000001311302185 0.06000000007450581
v -0.39371708035469055 0.3379057049751282 0.06000000007450581
v -0.39371708035469055 0.3379057049751282 0.06000000007450581
v -0.39500001072883606 0.33000001311302185 0.06000000007450581
v -0.39261335134506226 0.3375377953052521 0.06753778412938119
v -0.39500001072883606 0.33000001311302185 0.06000000007450581
v -0.39371708035469055 0.33000001311302185 0.06790569379925729
v -0.39261335134506226 0.3375377953052521 0.06753778412938119
v -0.39261335134506226 0.3375377953052521 0.06753778412938119
v -0.39371708035469055 0.33000001311302185 0.06790569379925729
v -0.39004459977149963 0.3366815447807312 0.07336306154727937
v -0.39371708035469055 0.33000001311302185 0.06790569379925729
v -0.39080125093460083 0.33000001311302185 0.0738675068318844
v -0.39004459977149963 0.3366815447807312 0.07336306154727937
v -0.39004459977149963 0.3366815447807312 0.07336306154727937
v -0.39080125093460083 0.33000001311302185 0.0738675068318844
v -0.38720616698265076 0.33573538064956665 0.07720617905259133
v -0.39080125093460083 0.33000001311302185 0.0738675068318844
v -0.3876776695251465 0.33000001311302185 0.07767767041921617
v -0.38720616698265076 0.33573538064956665 0.07720617905259133
v -0.3876776695251465 0.33000001311302185 0.007322329580783847
v -0.3876776695251465 -0.33000001311302185 0.007322329580783847
v -0.39080125093460083 0.33000001311302185 0.011132493168115619
v -0.3876776695251465 -0.33000001311302185 0.007322329580783847
v -0.39080125093460083 -0.33000001311302185 0.011132493168115619
v -0.39080125093460083 0.33000001311302185 0.011132493168115619
v -0.39080125093460083 0.33000001311302185 0.011132493168115619
v -0.39080125093460083 -0.33000001311302185 0.011132493168115619
v -0.39371708035469055 0.33000001311302185 0.017094306200742725
v -0.39080125093460083 -0.33000001311302185 0.011132493168115619
v -0.39371708035469055 -0.33000001311302185 0.017094306200742725
v -0.39371708035469055 0.33000001311302185 0.017094306200742725
v -0.39371708035469055 0.33000001311302185 0.017094306200742725
v -0.39371708035469055 -0.33000001311302185 0.017094306200742725
v -0.39500001072883606 0.33000001311302185 0.024999999925494197
v -0.39371708035469055 -0.33000001311302185 0.017094306200742725
v -0.39500001072883606 -0.33000001311302185 0.024999999925494197
v -0.39500001072883606 0.33000001311302185 0.024999999925494197
v -0.39500001072883606 0.33000001311302185 0.024999999925494197
v -0.39500001072883606 -0.33000001311302185 0.024999999925494197
v -0.39500001072883606 0.33000001311302185 0.06000000007450581
v -0.39500001072883606 -0.33000001311302185 0.024999999925494197
v -0.39500001072883606 -0.33000001311302185 0.06000000007450581
v -0.39500001072883606 0.33000001311302185 0.06000000007450581
v -0.39500001072883606 0.33000001311302185 0.06000000007450581
v -0.39500001072883606 -0.33000001311302185 0.06000000007450581
v -0.39371708035469055 0.33000001311302185 0.06790569379925729
v -0.39500001072883606 -0.33000001311302185 0.06000000007450581
v -0.39371708035469055 -0.33000001311302185 0.06790569379925729
v -0.39371708035469055 0.33000001311302185 0.06790569379925729
v -0.39371708035469055 0.33000001311302185 0.06790569379925729
v -0.39371708035469055 -0.33000001311302185 0.06790569379925729
v -0.39080125093460083 0.33000001311302185 0.0738675068318844
v -0.39371708035469055 -0.33000001311302185 0.06790569379925729
v -0.39080125093460083 -0.33000001311302185 0.0738675068318844
v -0.39080125093460083 0.33000001311302185 0.0738675068318844
v -0.39080125093460083 0.33000001311302185 0.0738675068318844
v -0.39080125093460083 -0.33000001311302185 0.0738675068318844
v -0.3876776695251465 0.33000001311302185 0.07767767041921617
v -0.39080125093460083 -0.33000001311302185 0.0738675068318844
v -0.3876776695251465 -0.33000001311302185 0.07767767041921617
v -0.3876776695251465 0.33000001311302185 0.07767767041921617
v -0.3876776695251465 -0.33000001311302185 0.007322329580783847
v -0.38720616698265076 -0.33573538064956665 0.007793820947408679
v -0.39080125093460083 -0.33000001311302185 0.011132493168115619
v -0.38720616698265076 -0.33573538064956665 0.007793820947408679
v -0.39004459977149963 -0.3366815447807312 0.011636938452720645
v -0.39080125093460083 -0.33000001311302185 0.011132493168115619
v -0.39080125093460083 -0.33000001311302185 0.011132493168115619
v -0.39004459977149963 -0.3366815447807312 0.011636938452720645
v -0.39371708035469055 -0.33000001311302185 0.017094306200742725
v -0.39004459977149963 -0.3366815447807312 0.011636938452720645
v -0.39261335134506226 -0.3375377953052521 0.017462215870618823
v -0.39371708035469055 -0.33000001311302185 0.017094306200742725
v -0.39371708035469055 -0.33000001311302185 0.017094306200742725
v -0.39261335134506226 -0.3375377953052521 0.017462215870618823
v -0.39500001072883606 -0.33000001311302185 0.024999999925494197
v -0.39261335134506226 -0.3375377953052521 0.017462215870618823
v -0.39371708035469055 -0.3379057049751282 0.024999999925494197
v -0.39500001072883606 -0.33000001311302185 0.024999999925494197
v -0.39500001072883606 -0.33000001311302185 0.024999999925494197
v -0.39371708035469055 -0.3379057049751282 0.024999999925494197
v -0.39500001072883606 -0.33000001311302185 0.06000000007450581
v -0.39371708035469055 -0.3379057049751282 0.024999999925494197
v -0.39371708035469055 -0.3379057049751282 0.06000000007450581
v -0.39500001072883606 -0.33000001311302185 0.06000000007450581
v -0.39500001072883606 -0.33000001311302185 0.06000000007450581
v -0.39371708035469055 -0.3379057049751282 0.06000000007450581
v -0.39371708035469055 -0.33000001311302185 0.06790569379925729
v -0.39371708035469055 -0.3379057049751282 0.06000000007450581
v -0.39261335134506226 -0.3375377953052521 0.06753778412938119
v -0.39371708035469055 -0.33000001311302185 0.06790569379925729
v -0.39371708035469055 -0.33000001311302185 0.06790569379925729
v -0.39261335134506226 -0.3375377953052521 0.06753778412938119
v -0.39080125093460083 -0.33000001311302185 0.0738675068318844
v -0.39261335134506226 -0.3375377953052521 0.06753778412938119
v -0.39004459977149963 -0.3366815447807312 0.07336306154727937
v -0.39080125093460083 -0.33000001311302185 0.0738675068318844
v -0.39080125093460083 -0.33000001311302185 0.0738675068318844
v -0.39004459977149963 -0.3366815447807312 0.07336306154727937
v -0.3876776695251465 -0.33000001311302185 0.07767767041921617
v -0.39004459977149963 -0.3366815447807312 0.07336306154727937
v -0.38720616698265076 -0.33573538064956665 0.07720617905259133
v -0.3876776695251465 -0.33000001311302185 0.07767767041921617
v -0.38720616698265076 -0.33573538064956665 0.007793820947408679
v -0.38599005341529846 -0.340660035610199 0.00900994569063187
v -0.39004459977149963 -0.3366815447807312 0.011636938452720645
v -0.38599005341529846 -0.340660035610199 0.00900994569063187
v -0.3881901800632477 -0.3421267867088318 0.012873218879103664
v -0.39004459977149963 -0.3366815447807312 0.011636938452720645
v -0.39004459977149963 -0.3366815447807312 0.011636938452720645
v -0.3881901800632477 -0.3421267867088318 0.012873218879103664
v -0.39261335134506226 -0.3375377953052521 0.017462215870618823
v -0.3881901800632477 -0.3421267867088318 0.012873218879103664
v -0.39004459977149963 -0.34336307644844055 0.018318468257784846
v -0.39261335134506226 -0.3375377953052521 0.017462215870618823
v -0.39261335134506226 -0.3375377953052521 0.017462215870618823
v -0.39004459977149963 -0.34336307644844055 0.018318468257784846
v -0.39371708035469055 -0.3379057049751282 0.024999999925494197
v -0.39004459977149963 -0.34336307644844055 0.018318468257784846
v -0.39080125093460083 -0.3438675105571747 0.024999999925494197
v -0.39371708035469055 -0.3379057049751282 0.024999999925494197
v -0.39371708035469055 -0.3379057049751282 0.024999999925494197
v -0.39080125093460083 -0.3438675105571747 0.024999999925494197
v -0.39371708035469055 -0.3379057049751282 0.06000000007450581
v -0.39080125093460083 -0.3438675105571747 0.024999999925494197
v -0.39080125093460083 -0.3438675105571747 0.06000000007450581
v -0.39371708035469055 -0.3379057049751282 0.06000000007450581
v -0.39371708035469055 -0.3379057049751282 0.06000000007450581
v -0.39080125093460083 -0.3438675105571747 0.06000000007450581
v -0.39261335134506226 -0.3375377953052521 0.06753778412938119
v -0.39080125093460083 -0.3438675105571747 0.06000000007450581
v -0.39004459977149963 -0.34336307644844055 0.06668153174221517
v -0.39261335134506226 -0.3375377953052521 0.06753778412938119
v -0.39261335134506226 -0.3375377953052521 0.06753778412938119
v -0.39004459977149963 -0.34336307644844055 0.06668153174221517
v -0.39004459977149963 -0.3366815447807312 0.07336306154727937
v -0.39004459977149963 -0.34336307644844055 0.06668153174221517
v -0.3881901800632477 -0.3421267867088318 0.07212678112089635
v -0.39004459977149963 -0.3366815447807312 0.07336306154727937
v -0.39004459977149963 -0.3366815447807312 0.07336306154727937
v -0.3881901800632477 -0.3421267867088318 0.07212678112089635
v -0.38720616698265076 -0.33573538064956665 0.07720617905259133
v -0.3881901800632477 -0.3421267867088318 0.07212678112089635
v -0.38599005341529846 -0.340660035610199 0.07599005430936814
v -0.38720616698265076 -0.33573538064956665 0.07720617905259133
v -0.38599005341529846 -0.340660035610199 0.00900994569063187
v -0.3844337463378906 -0.3444337546825409 0.010566241592168811
v -0.3881901800632477 -0.3421267867088318 0.012873218879103664
v -0.3844337463378906 -0.3444337546825409 0.010566241592168811
v -0.38599005341529846 -0.34599006175994873 0.014339964389801028
v -0.3881901800632477 -0.3421267867088318 0.012873218879103664
v -0.3881901800632477 -0.3421267867088318 0.012873218879103664
v -0.38599005341529846 -0.34599006175994873 0.014339964389801028
v -0.39004459977149963 -0.34336307644844055 0.018318468257784846
v -0.38599005341529846 -0.34599006175994873 0.014339964389801028
v -0.38720616698265076 -0.347206175327301 0.019264606311917308
v -0.39004459977149963 -0.34336307644844055 0.018318468257784846
v -0.39004459977149963 -0.34336307644844055 0.018318468257784846
v -0.38720616698265076 -0.347206175327301 0.019264606311917308
v -0.39080125093460083 -0.3438675105571747 0.024999999925494197
v -0.38720616698265076 -0.347206175327301 0.019264606311917308
v -0.3876776695251465 -0.34767767786979675 0.024999999925494197
v -0.39080125093460083 -0.3438675105571747 0.024999999925494197
v -0.39080125093460083 -0.3438675105571747 0.024999999925494197
v -0.3876776695251465 -0.34767767786979675 0.024999999925494197
v -0.39080125093460083 -0.3438675105571747 0.06000000007450581
v -0.3876776695251465 -0.34767767786979675 0.024999999925494197
v -0.3876776695251465 -0.34767767786979675 0.06000000007450581
v -0.39080125093460083 -0.3438675105571747 0.06000000007450581
v -0.39080125093460083 -0.3438675105571747 0.06000000007450581
v -0.3876776695251465 -0.34767767786979675 0.06000000007450581
v -0.39004459977149963 -0.34336307644844055 0.06668153174221517
v -0.3876776695251465 -0.34767767786979675 0.06000000007450581
v -0.38720616698265076 -0.347206175327301 0.0657353936880827
v -0.39004459977149963 -0.34336307644844055 0.06668153174221517
v -0.39004459977149963 -0.34336307644844055 0.06668153174221517
v -0.38720616698265076 -0.347206175327301 0.0657353936880827
v -0.3881901800632477 -0.3421267867088318 0.07212678112089635
v -0.38720616698265076 -0.347206175327301 0.0657353936880827
v -0.38599005341529846 -0.34599006175994873 0.07066003561019898
v -0.3881901800632477 -0.3421267867088318 0.07212678112089635
v -0.3881901800632477 -0.3421267867088318 0.07212678112089635
v -0.38599005341529846 -0.34599006175994873 0.07066003561019898
v -0.38599005341529846 -0.340660035610199 0.07599005430936814
v -0.38599005341529846 -0.34599006175994873 0.07066003561019898
v -0.3844337463378906 -0.3444337546825409 0.0744337584078312
v -0.38599005341529846 -0.340660035610199 0.07599005430936814
v -0.3844337463378906 0.3444337546825409 0.010566241592168811
v -0.38599005341529846 0.34599006175994873 0.014339964389801028
v -0.3806600272655487 0.34599006175994873 0.00900994569063187
v -0.38599005341529846 0.34599006175994873 0.014339964389801028
v -0.3821267783641815 0.34819015860557556 0.012873218879103664
v -0.3806600272655487 0.34599006175994873 0.00900994569063187
v -0.3806600272655487 0.34599006175994873 0.00900994569063187
v -0.3821267783641815 0.34819015860557556 0.012873218879103664
v -0.37573540210723877 0.347206175327301 0.007793820947408679
v -0.3821267783641815 0.34819015860557556 0.012873218879103664
v -0.37668153643608093 0.3500445783138275 0.011636938452720645
v -0.37573540210723877 0.347206175327301 0.007793820947408679
v -0.37573540210723877 0.347206175327301 0.007793820947408679
v -0.37668153643608093 0.3500445783138275 0.011636938452720645
v -0.3700000047683716 0.34767767786979675 0.007322329580783847
v -0.37668153643608093 0.3500445783138275 0.011636938452720645
v -0.3700000047683716 0.3508012592792511 0.011132493168115619
v -0.3700000047683716 0.34767767786979675 0.007322329580783847
v -0.3700000047683716 0.34767767786979675 0.007322329580783847
v -0.3700000047683716 0.3508012592792511 0.011132493168115619
v 0.3700000047683716 0.34767767786979675 0.007322329580783847
v -0.3700000047683716 0.3508012592792511 0.011132493168115619
v 0.3700000047683716 0.3508012592792511 0.011132493168115619
v 0.3700000047683716 0.34767767786979675 0.007322329580783847
v 0.3700000047683716 0.34767767786979675 0.007322329580783847
v 0.3700000047683716 0.3508012592792511 0.011132493168115619
v 0.37573540210723877 0.347206175327301 0.007793820947408679
v 0.3700000047683716 0.3508012592792511 0.011132493168115619
v 0.37668153643608093 0.3500445783138275 0.011636938452720645
v 0.37573540210723877 0.347206175327301 0.007793820947408679
v 0.37573540210723877 0.347206175327301 0.007793820947408679
v 0.37668153643608093 0.3500445783138275 0.011636938452720645
v 0.3806600272655487 0.34599006175994873 0.00900994569063187
v 0.37668153643608093 0.3500445783138275 0.011636938452720645
v 0.3821267783641815 0.34819015860557556 0.012873218879103664
v 0.3806600272655487 0.34599006175994873 0.00900994569063187
v 0.3806600272655487 0.34599006175994873 0.00900994569063187
v 0.3821267783641815 0.34819015860557556 0.012873218879103664
v 0.3844337463378906 0.3444337546825409 0.010566241592168811
v 0.3821267783641815 0.34819015860557556 0.012873218879103664
v 0.38599005341529846 0.34599006175994873 0.014339964389801028
v 0.3844337463378906 0.3444337546825409 0.010566241592168811
v -0.38599005341529846 0.34599006175994873 0.014339964389801028
v -0.38720616698265076 0.347206175327301 0.019264606311917308
v -0.3821267783641815 0.34819015860557556 0.012873218879103664
v -0.38720616698265076 0.347206175327301 0.019264606311917308
v -0.3833630681037903 0.3500445783138275 0.018318468257784846
v -0.3821267783641815 0.34819015860557556 0.012873218879103664
v -0.3821267783641815 0.34819015860557556 0.012873218879103664
v -0.3833630681037903 0.3500445783138275 0.018318468257784846
v -0.37668153643608093 0.3500445783138275 0.011636938452720645
v -0.3833630681037903 0.3500445783138275 0.018318468257784846
v -0.3775377869606018 0.3526133596897125 0.017462215870618823
v -0.37668153643608093 0.3500445783138275 0.011636938452720645
v -0.37668153643608093 0.3500445783138275 0.011636938452720645
v -0.3775377869606018 0.3526133596897125 0.017462215870618823
v -0.3700000047683716 0.3508012592792511 0.011132493168115619
v -0.3775377869606018 0.3526133596897125 0.017462215870618823
v -0.3700000047683716 0.3537170886993408 0.017094306200742725
v -0.3700000047683716 0.3508012592792511 0.011132493168115619
v -0.3700000047683716 0.3508012592792511 0.011132493168115619
v -0.3700000047683716 0.3537170886993408 0.017094306200742725
v 0.3700000047683716 0.3508012592792511 0.011132493168115619
v -0.3700000047683716 0.3537170886993408 0.017094306200742725
v 0.3700000047683716 0.3537170886993408 0.017094306200742725
v 0.3700000047683716 0.3508012592792511 0.011132493168115619
v 0.3700000047683716 0.3508012592792511 0.011132493168115619
v 0.3700000047683716 0.3537170886993408 0.017094306200742725
v 0.37668153643608093 0.3500445783138275 0.011636938452720645
v 0.3700000047683716 0.3537170886993408 0.017094306200742725
v 0.3775377869606018 0.3526133596897125 0.017462215870618823
v 0.37668153643608093 0.3500445783138275 0.011636938452720645
v 0.37668153643608093 0.3500445783138275 0.011636938452720645
v 0.3775377869606018 0.3526133596897125 0.017462215870618823
v 0.3821267783641815 0.34819015860557556 0.012873218879103664
v 0.3775377869606018 0.3526133596897125 0.017462215870618823
v 0.3833630681037903 0.3500445783138275 0.018318468257784846
v 0.3821267783641815 0.34819015860557556 0.012873218879103664
v 0.3821267783641815 0.34819015860557556 0.012873218879103664
v 0.3833630681037903 0.3500445783138275 0.018318468257784846
v 0.38599005341529846 0.34599006175994873 0.014339964389801028
v 0.3833630681037903 0.3500445783138275 0.018318468257784846
v 0.38720616698265076 0.347206175327301 0.019264606311917308
v 0.38599005341529846 0.34599006175994873 0.014339964389801028
v -0.38720616698265076 0.347206175327301 0.019264606311917308
v -0.3876776695251465 0.34767767786979675 0.024999999925494197
v -0.3833630681037903 0.3500445783138275 0.018318468257784846
v -0.3876776695251465 0.34767767786979675 0.024999999925494197
v -0.3838675022125244 0.3508012592792511 0.024999999925494197
v -0.3833630681037903 0.3500445783138275 0.018318468257784846
v -0.3833630681037903 0.3500445783138275 0.018318468257784846
v -0.3838675022125244 0.3508012592792511 0.024999999925494197
v -0.3775377869606018 0.3526133596897125 0.017462215870618823
v -0.3838675022125244 0.3508012592792511 0.024999999925494197
v -0.3779056966304779 0.3537170886993408 0.024999999925494197
v -0.3775377869606018 0.3526133596897125 0.017462215870618823
v -0.3775377869606018 0.3526133596897125 0.017462215870618823
v -0.3779056966304779 0.3537170886993408 0.024999999925494197
v -0.3700000047683716 0.3537170886993408 0.017094306200742725
v -0.3779056966304779 0.3537170886993408 0.024999999925494197
v -0.3700000047683716 0.35499998927116394 0.024999999925494197
v -0.3700000047683716 0.3537170886993408 0.017094306200742725
v -0.3700000047683716 0.3537170886993408 0.017094306200742725
v -0.3700000047683716 0.35499998927116394 0.024999999925494197
v 0.3700000047683716 0.3537170886993408 0.017094306200742725
v -0.3700000047683716 0.35499998927116394 0.024999999925494197
v 0.3700000047683716 0.35499998927116394 0.024999999925494197
v 0.3700000047683716 0.3537170886993408 0.017094306200742725
v 0.3700000047683716 0.3537170886993408 0.017094306200742725
v 0.3700000047683716 0.35499998927116394 0.024999999925494197
v 0.3775377869606018 0.3526133596897125 0.017462215870618823
v 0.3700000047683716 0.35499998927116394 0.024999999925494197
v 0.3779056966304779 0.3537170886993408 0.024999999925494197
v 0.3775377869606018 0.3526133596897125 0.017462215870618823
v 0.3775377869606018 0.3526133596897125 0.017462215870618823
v 0.3779056966304779 0.3537170886993408 0.024999999925494197
v 0.3833630681037903 0.3500445783138275 0.018318468257784846
v 0.3779056966304779 0.3537170886993408 0.024999999925494197
v 0.3838675022125244 0.3508012592792511 0.024999999925494197
v 0.3833630681037903 0.3500445783138275 0.018318468257784846
v 0.3833630681037903 0.3500445783138275 0.018318468257784846
v 0.3838675022125244 0.3508012592792511 0.024999999925494197
v 0.38720616698265076 0.347206175327301 0.019264606311917308
v 0.3838675022125244 0.3508012592792511 0.024999999925494197
v 0.3876776695251465 0.34767767786979675 0.024999999925494197
v 0.38720616698265076 0.347206175327301 0.019264606311917308
v -0.3876776695251465 0.34767767786979675 0.024999999925494197
v -0.3876776695251465 0.34767767786979675 0.06000000007450581
v -0.3838675022125244 0.3508012592792511 0.024999999925494197
v -0.3876776695251465 0.34767767786979675 0.06000000007450581
v -0.3838675022125244 0.3508012592792511 0.06000000007450581
v -0.3838675022125244 0.3508012592792511 0.024999999925494197
v -0.3838675022125244 0.3508012592792511 0.024999999925494197
v -0.3838675022125244 0.3508012592792511 0.06000000007450581
v -0.3779056966304779 0.3537170886993408 0.024999999925494197
v -0.3838675022125244 0.3508012592792511 0.06000000007450581
v -0.3779056966304779 0.3537170886993408 0.06000000007450581
v -0.3779056966304779 0.3537170886993408 0.024999999925494197
v -0.3779056966304779 0.3537170886993408 0.024999999925494197
v -0.3779056966304779 0.3537170886993408 0.06000000007450581
v -0.3700000047683716 0.35499998927116394 0.024999999925494197
v -0.3779056966304779 0.3537170886993408 0.06000000007450581
v -0.3700000047683716 0.35499998927116394 0.06000000007450581
v -0.3700000047683716 0.35499998927116394 0.024999999925494197
v -0.3700000047683716 0.35499998927116394 0.024999999925494197
v -0.3700000047683716 0.35499998927116394 0.06000000007450581
v 0.3700000047683716 0.35499998927116394 0.024999999925494197
v -0.3700000047683716 0.35499998927116394 0.06000000007450581
v 0.3700000047683716 0.35499998927116394 0.06000000007450581
v 0.3700000047683716 0.35499998927116394 0.024999999925494197
v 0.3700000047683716 0.35499998927116394 0.024999999925494197
v 0.3700000047683716 0.35499998927116394 0.06000000007450581
v 0.3779056966304779 0.3537170886993408 0.024999999925494197
v 0.3700000047683716 0.35499998927116394 0.06000000007450581
v 0.3779056966304779 0.3537170886993408 0.06000000007450581
v 0.3779056966304779 0.3537170886993408 0.024999999925494197
v 0.3779056966304779 0.3537170886993408 0.024999999925494197
v 0.3779056966304779 0.3537170886993408 0.06000000007450581
v 0.3838675022125244 0.3508012592792511 0.024999999925494197
v 0.3779056966304779 0.3537170886993408 0.06000000007450581
v 0.3838675022125244 0.3508012592792511 0.06000000007450581
v 0.3838675022125244 0.3508012592792511 0.024999999925494197
v 0.3838675022125244 0.3508012592792511 0.024999999925494197
v 0.3838675022125244 0.3508012592792511 0.06000000007450581
v 0.3876776695251465 0.34767767786979675 0.024999999925494197
v 0.3838675022125244 0.3508012592792511 0.06000000007450581
v 0.3876776695251465 0.34767767786979675 0.06000000007450581
v 0.3876776695251465 0.34767767786979675 0.024999999925494197
v -0.3876776695251465 0.34767767786979675 0.06000000007450581
v -0.38720616698265076 0.347206175327301 0.0657353936880827
v -0.3838675022125244 0.3508012592792511 0.06000000007450581
v -0.38720616698265076 0.347206175327301 0.0657353936880827
v -0.3833630681037903 0.3500445783138275 0.06668153174221517
v -0.3838675022125244 0.3508012592792511 0.06000000007450581
v -0.3838675022125244 0.3508012592792511 0.06000000007450581
v -0.3833630681037903 0.3500445783138275 0.06668153174221517
v -0.3779056966304779 0.3537170886993408 0.06000000007450581
v -0.3833630681037903 0.3500445783138275 0.06668153174221517
v -0.3775377869606018 0.3526133596897125 0.06753778412938119
v -0.3779056966304779 0.3537170886993408 0.06000000007450581
v -0.3779056966304779 0.3537170886993408 0.06000000007450581
v -0.3775377869606018 0.3526133596897125 0.06753778412938119
v -0.3700000047683716 0.35499998927116394 0.06000000007450581
v -0.3775377869606018 0.3526133596897125 0.06753778412938119
v -0.3700000047683716 0.3537170886993408 0.06790569379925729
v -0.3700000047683716 0.35499998927116394 0.06000000007450581
v -0.3700000047683716 0.35499998927116394 0.06000000007450581
v -0.3700000047683716 0.3537170886993408 0.06790569379925729
v 0.3700000047683716 0.35499998927116394 0.06000000007450581
v -0.3700000047683716 0.3537170886993408 0.06790569379925729
v 0.3700000047683716 0.3537170886993408 0.06790569379925729
v 0.3700000047683716 0.35499998927116394 0.06000000007450581
v 0.3700000047683716 0.35499998927116394 0.06000000007450581
v 0.3700000047683716 0.3537170886993408 0.06790569379925729
v 0.3779056966304779 0.3537170886993408 0.06000000007450581
v 0.3700000047683716 0.3537170886993408 0.06790569379925729
v 0.3775377869606018 0.3526133596897125 0.06753778412938119
v 0.3779056966304779 0.3537170886993408 0.06000000007450581
v 0.3779056966304779 0.3537170886993408 0.06000000007450581
v 0.3775377869606018 0.3526133596897125 0.06753778412938119
v 0.3838675022125244 0.3508012592792511 0.06000000007450581
v 0.3775377869606018 0.3526133596897125 0.06753778412938119
v 0.3833630681037903 0.3500445783138275 0.06668153174221517
v 0.3838675022125244 0.3508012592792511 0.06000000007450581
v 0.3838675022125244 0.3508012592792511 0.06000000007450581
v 0.3833630681037903 0.3500445783138275 0.06668153174221517
v 0.3876776695251465 0.34767767786979675 0.06000000007450581
v 0.3833630681037903 0.3500445783138275 0.06668153174221517
v 0.38720616698265076 0.347206175327301 0.0657353936880827
v 0.3876776695251465 0.34767767786979675 0.06000000007450581
v -0.38720616698265076 0.347206175327301 0.0657353936880827
v -0.38599005341529846 0.34599006175994873 0.07066003561019898
v -0.3833630681037903 0.3500445783138275 0.06668153174221517
v -0.38599005341529846 0.34599006175994873 0.07066003561019898
v -0.3821267783641815 0.34819015860557556 0.07212678112089635
v -0.3833630681037903 0.3500445783138275 0.06668153174221517
v -0.3833630681037903 0.3500445783138275 0.06668153174221517
v -0.3821267783641815 0.34819015860557556 0.07212678112089635
v -0.3775377869606018 0.3526133596897125 0.06753778412938119
v -0.3821267783641815 0.34819015860557556 0.07212678112089635
v -0.37668153643608093 0.3500445783138275 0.07336306154727937
v -0.3775377869606018 0.3526133596897125 0.06753778412938119
v -0.3775377869606018 0.3526133596897125 0.06753778412938119
v -0.37668153643608093 0.3500445783138275 0.07336306154727937
v -0.3700000047683716 0.3537170886993408 0.06790569379925729
v -0.37668153643608093 0.3500445783138275 0.07336306154727937
v -0.3700000047683716 0.3508012592792511 0.0738675068318844
v -0.3700000047683716 0.3537170886993408 0.06790569379925729
v -0.3700000047683716 0.3537170886993408 0.06790569379925729
v -0.3700000047683716 0.3508012592792511 0.0738675068318844
v 0.3700000047683716 0.3537170886993408 0.06790569379925729
v -0.3700000047683716 0.3508012592792511 0.0738675068318844
v 0.3700000047683716 0.3508012592792511 0.0738675068318844
v 0.3700000047683716 0.3537170886993408 0.06790569379925729
v 0.3700000047683716 0.3537170886993408 0.06790569379925729
v 0.3700000047683716 0.3508012592792511 0.0738675068318844
v 0.3775377869606018 0.3526133596897125 0.06753778412938119
v 0.3700000047683716 0.3508012592792511 0.0738675068318844
v 0.37668153643608093 0.3500445783138275 0.07336306154727937
v 0.3775377869606018 0.3526133596897125 0.06753778412938119
v 0.3775377869606018 0.3526133596897125 0.06753778412938119
v 0.37668153643608093 0.3500445783138275 0.07336306154727937
v 0.3833630681037903 0.3500445783138275 0.06668153174221517
v 0.37668153643608093 0.3500445783138275 0.07336306154727937
v 0.3821267783641815 0.34819015860557556 0.07212678112089635
v 0.3833630681037903 0.3500445783138275 0.06668153174221517
v 0.3833630681037903 0.3500445783138275 0.06668153174221517
v 0.3821267783641815 0.34819015860557556 0.07212678112089635
v 0.38720616698265076 0.347206175327301 0.0657353936880827
v 0.3821267783641815 0.34819015860557556 0.07212678112089635
v 0.38599005341529846 0.34599006175994873 0.07066003561019898
v 0.38720616698265076 0.347206175327301 0.0657353936880827
v -0.38599005341529846 0.34599006175994873 0.07066003561019898
v -0.3844337463378906 0.3444337546825409 0.0744337584078312
v -0.3821267783641815 0.34819015860557556 0.07212678112089635
v -0.3844337463378906 0.3444337546825409 0.0744337584078312
v -0.3806600272655487 0.34599006175994873 0.07599005430936814
v -0.3821267783641815 0.34819015860557556 0.07212678112089635
v -0.3821267783641815 0.34819015860557556 0.07212678112089635
v -0.3806600272655487 0.34599006175994873 0.07599005430936814
v -0.37668153643608093 0.3500445783138275 0.07336306154727937
v -0.3806600272655487 0.34599006175994873 0.07599005430936814
v -0.37573540210723877 0.347206175327301 0.07720617905259133
v -0.37668153643608093 0.3500445783138275 0.07336306154727937
v -0.37668153643608093 0.3500445783138275 0.07336306154727937
v -0.37573540210723877 0.347206175327301 0.07720617905259133
v -0.3700000047683716 0.3508012592792511 0.0738675068318844
v -0.37573540210723877 0.347206175327301 0.07720617905259133
v -0.3700000047683716 0.34767767786979675 0.07767767041921617
v -0.3700000047683716 0.3508012592792511 0.0738675068318844
v -0.3700000047683716 0.3508012592792511 0.0738675068318844
v -0.3700000047683716 0.34767767786979675 0.07767767041921617
v 0.3700000047683716 0.3508012592792511 0.0738675068318844
v -0.3700000047683716 0.34767767786979675 0.07767767041921617
v 0.3700000047683716 0.34767767786979675 0.07767767041921617
v 0.3700000047683716 0.3508012592792511 0.0738675068318844
v 0.3700000047683716 0.3508012592792511 0.0738675068318844
v 0.3700000047683716 0.34767767786979675 0.07767767041921617
v 0.37668153643608093 0.3500445783138275 0.07336306154727937
v 0.3700000047683716 0.34767767786979675 0.07767767041921617
v 0.37573540210723877 0.347206175327301 0.07720617905259133
v 0.37668153643608093 0.3500445783138275 0.07336306154727937
v 0.37668153643608093 0.3500445783138275 0.07336306154727937
v 0.37573540210723877 0.347206175327301 0.07720617905259133
v 0.3821267783641815 0.34819015860557556 0.07212678112089635
v 0.37573540210723877 0.347206175327301 0.07720617905259133
v 0.3806600272655487 0.34599006175994873 0.07599005430936814
v 0.3821267783641815 0.34819015860557556 0.07212678112089635
v 0.3821267783641815 0.34819015860557556 0.07212678112089635
v 0.3806600272655487 0.34599006175994873 0.07599005430936814
v 0.38599005341529846 0.34599006175994873 0.07066003561019898
v 0.3806600272655487 0.34599006175994873 0.07599005430936814
v 0.3844337463378906 0.3444337546825409 0.0744337584078312
v 0.38599005341529846 0.34599006175994873 0.07066003561019898
v -0.3844337463378906 -0.3444337546825409 0.0744337584078312
v -0.38599005341529846 -0.34599006175994873 0.07066003561019898
v -0.3806600272655487 -0.34599006175994873 0.07599005430936814
v -0.38599005341529846 -0.34599006175994873 0.07066003561019898
v -0.3821267783641815 -0.34819015860557556 0.07212678112089635
v -0.3806600272655487 -0.34599006175994873 0.07599005430936814
v -0.3806600272655487 -0.34599006175994873 0.07599005430936814
v -0.3821267783641815 -0.34819015860557556 0.07212678112089635
v -0.37573540210723877 -0.347206175327301 0.07720617905259133
v -0.3821267783641815 -0.34819015860557556 0.07212678112089635
v -0.37668153643608093 -0.3500445783138275 0.07336306154727937
v -0.37573540210723877 -0.347206175327301 0.07720617905259133
v -0.37573540210723877 -0.347206175327301 0.07720617905259133
v -0.37668153643608093 -0.3500445783138275 0.07336306154727937
v -0.3700000047683716 -0.34767767786979675 0.07767767041921617
v -0.37668153643608093 -0.3500445783138275 0.07336306154727937
v -0.3700000047683716 -0.3508012592792511 0.0738675068318844
v -0.3700000047683716 -0.34767767786979675 0.07767767041921617
v -0.3700000047683716 -0.34767767786979675 0.07767767041921617
v -0.3700000047683716 -0.3508012592792511 0.0738675068318844
v 0.3700000047683716 -0.34767767786979675 0.07767767041921617
v -0.3700000047683716 -0.3508012592792511 0.0738675068318844
v 0.3700000047683716 -0.3508012592792511 0.0738675068318844
v 0.3700000047683716 -0.34767767786979675 0.07767767041921617
v 0.3700000047683716 -0.34767767786979675 0.07767767041921617
v 0.3700000047683716 -0.3508012592792511 0.0738675068318844
v 0.37573540210723877 -0.347206175327301 0.07720617905259133
v 0.3700000047683716 -0.3508012592792511 0.0738675068318844
v 0.37668153643608093 -0.3500445783138275 0.07336306154727937
v 0.37573540210723877 -0.347206175327301 0.07720617905259133
v 0.37573540210723877 -0.347206175327301 0.07720617905259133
v 0.37668153643608093 -0.3500445783138275 0.07336306154727937
v 0.3806600272655487 -0.34599006175994873 0.07599005430936814
v 0.37668153643608093 -0.3500445783138275 0.07336306154727937
v 0.3821267783641815 -0.34819015860557556 0.07212678112089635
v 0.3806600272655487 -0.34599006175994873 0.07599005430936814
v 0.3806600272655487 -0.34599006175994873 0.07599005430936814
v 0.3821267783641815 -0.34819015860557556 0.07212678112089635
v 0.3844337463378906 -0.3444337546825409 0.0744337584078312
v 0.3821267783641815 -0.34819015860557556 0.07212678112089635
v 0.38599005341529846 -0.34599006175994873 0.07066003561019898
v 0.3844337463378906 -0.3444337546825409 0.0744337584078312
v -0.38599005341529846 -0.34599006175994873 0.07066003561019898
v -0.38720616698265076 -0.347206175327301 0.0657353936880827
v -0.3821267783641815 -0.34819015860557556 0.07212678112089635
v -0.38720616698265076 -0.347206175327301 0.0657353936880827
v -0.3833630681037903 -0.3500445783138275 0.06668153174221517
v -0.3821267783641815 -0.34819015860557556 0.07212678112089635
v -0.3821267783641815 -0.34819015860557556 0.07212678112089635
v -0.3833630681037903 -0.3500445783138275 0.06668153174221517
v -0.37668153643608093 -0.3500445783138275 0.07336306154727937
v -0.3833630681037903 -0.3500445783138275 0.06668153174221517
v -0.3775377869606018 -0.3526133596897125 0.06753778412938119
v -0.37668153643608093 -0.3500445783138275 0.07336306154727937
v -0.37668153643608093 -0.3500445783138275 0.07336306154727937
v -0.3775377869606018 -0.3526133596897125 0.06753778412938119
v -0.3700000047683716 -0.3508012592792511 0.0738675068318844
v -0.3775377869606018 -0.3526133596897125 0.06753778412938119
v -0.3700000047683716 -0.3537170886993408 0.06790569379925729
v -0.3700000047683716 -0.3508012592792511 0.0738675068318844
v -0.3700000047683716 -0.3508012592792511 0.0738675068318844
v -0.3700000047683716 -0.3537170886993408 0.06790569379925729
v 0.3700000047683716 -0.3508012592792511 0.0738675068318844
v -0.3700000047683716 -0.3537170886993408 0.06790569379925729
v 0.3700000047683716 -0.3537170886993408 0.06790569379925729
v 0.3700000047683716 -0.3508012592792511 0.0738675068318844
v 0.3700000047683716 -0.3508012592792511 0.0738675068318844
v 0.3700000047683716 -0.3537170886993408 0.06790569379925729
v 0.37668153643608093 -0.3500445783138275 0.07336306154727937
v 0.3700000047683716 -0.3537170886993408 0.06790569379925729
v 0.3775377869606018 -0.3526133596897125 0.06753778412938119
v 0.37668153643608093 -0.3500445783138275 0.07336306154727937
v 0.37668153643608093 -0.3500445783138275 0.07336306154727937
v 0.3775377869606018 -0.3526133596897125 0.06753778412938119
v 0.3821267783641815 -0.34819015860557556 0.07212678112089635
v 0.3775377869606018 -0.3526133596897125 0.06753778412938119
v 0.3833630681037903 -0.3500445783138275 0.06668153174221517
v 0.3821267783641815 -0.34819015860557556 0.07212678112089635
v 0.3821267783641815 -0.34819015860557556 0.07212678112089635
v 0.3833630681037903 -0.3500445783138275 0.06668153174221517
v 0.38599005341529846 -0.34599006175994873 0.07066003561019898
v 0.3833630681037903 -0.3500445783138275 0.06668153174221517
v 0.38720616698265076 -0.347206175327301 0.0657353936880827
v 0.38599005341529846 -0.34599006175994873 0.07066003561019898
v -0.38720616698265076 -0.347206175327301 0.0657353936880827
v -0.3876776695251465 -0.34767767786979675 0.06000000007450581
v -0.3833630681037903 -0.3500445783138275 0.06668153174221517
v -0.3876776695251465 -0.34767767786979675 0.06000000007450581
v -0.3838675022125244 -0.3508012592792511 0.06000000007450581
v -0.3833630681037903 -0.3500445783138275 0.06668153174221517
v -0.3833630681037903 -0.3500445783138275 0.06668153174221517
v -0.3838675022125244 -0.3508012592792511 0.06000000007450581
v -0.3775377869606018 -0.3526133596897125 0.06753778412938119
v -0.3838675022125244 -0.3508012592792511 0.06000000007450581
v -0.3779056966304779 -0.3537170886993408 0.06000000007450581
v -0.3775377869606018 -0.3526133596897125 0.06753778412938119
v -0.3775377869606018 -0.3526133596897125 0.06753778412938119
v -0.3779056966304779 -0.3537170886993408 0.06000000007450581
v -0.3700000047683716 -0.3537170886993408 0.06790569379925729
v -0.3779056966304779 -0.3537170886993408 0.06000000007450581
v -0.3700000047683716 -0.35499998927116394 0.06000000007450581
v -0.3700000047683716 -0.3537170886993408 0.06790569379925729
v -0.3700000047683716 -0.3537170886993408 0.06790569379925729
v -0.3700000047683716 -0.35499998927116394 0.06000000007450581
v 0.3700000047683716 -0.3537170886993408 0.06790569379925729
v -0.3700000047683716 -0.35499998927116394 0.06000000007450581
v 0.3700000047683716 -0.35499998927116394 0.06000000007450581
v 0.3700000047683716 -0.3537170886993408 0.06790569379925729
v 0.3700000047683716 -0.3537170886993408 0.06790569379925729
v 0.3700000047683716 -0.35499998927116394 0.06000000007450581
v 0.3775377869606018 -0.3526133596897125 0.06753778412938119
v 0.3700000047683716 -0.35499998927116394 0.06000000007450581
v 0.3779056966304779 -0.3537170886993408 0.06000000007450581
v 0.3775377869606018 -0.3526133596897125 0.06753778412938119
v 0.3775377869606018 -0.3526133596897125 0.06753778412938119
v 0.3779056966304779 -0.3537170886993408 0.06000000007450581
v 0.3833630681037903 -0.3500445783138275 0.06668153174221517
v 0.3779056966304779 -0.3537170886993408 0.06000000007450581
v 0.3838675022125244 -0.3508012592792511 0.06000000007450581
v 0.3833630681037903 -0.3500445783138275 0.06668153174221517
v 0.3833630681037903 -0.3500445783138275 0.06668153174221517
v 0.3838675022125244 -0.3508012592792511 0.06000000007450581
v 0.38720616698265076 -0.347206175327301 0.0657353936880827
v 0.3838675022125244 -0.3508012592792511 0.06000000007450581
v 0.3876776695251465 -0.34767767786979675 0.06000000007450581
v 0.38720616698265076 -0.347206175327301 0.0657353936880827
v -0.3876776695251465 -0.34767767786979675 0.06000000007450581
v -0.3876776695251465 -0.34767767786979675 0.024999999925494197
v -0.3838675022125244 -0.3508012592792511 0.06000000007450581
v -0.3876776695251465 -0.34767767786979675 0.024999999925494197
v -0.3838675022125244 -0.3508012592792511 0.024999999925494197
v -0.3838675022125244 -0.3508012592792511 0.06000000007450581
v -0.3838675022125244 -0.3508012592792511 0.06000000007450581
v -0.3838675022125244 -0.3508012592792511 0.024999999925494197
v -0.3779056966304779 -0.3537170886993408 0.06000000007450581
v -0.3838675022125244 -0.3508012592792511 0.024999999925494197
v -0.3779056966304779 -0.3537170886993408 0.024999999925494197
v -0.3779056966304779 -0.3537170886993408 0.06000000007450581
v -0.3779056966304779 -0.3537170886993408 0.06000000007450581
v -0.3779056966304779 -0.3537170886993408 0.024999999925494197
v -0.3700000047683716 -0.35499998927116394 0.06000000007450581
v -0.3779056966304779 -0.3537170886993408 0.024999999925494197
v -0.3700000047683716 -0.35499998927116394 0.024999999925494197
v -0.3700000047683716 -0.35499998927116394 0.06000000007450581
v -0.3700000047683716 -0.35499998927116394 0.06000000007450581
v -0.3700000047683716 -0.35499998927116394 0.024999999925494197
v 0.3700000047683716 -0.35499998927116394 0.06000000007450581
v -0.3700000047683716 -0.35499998927116394 0.024999999925494197
v 0.3700000047683716 -0.35499998927116394 0.024999999925494197
v 0.3700000047683716 -0.35499998927116394 0.06000000007450581
v 0.3700000047683716 -0.35499998927116394 0.06000000007450581
v 0.3700000047683716 -0.35499998927116394 0.024999999925494197
v 0.3779056966304779 -0.3537170886993408 0.06000000007450581
v 0.3700000047683716 -0.35499998927116394 0.024999999925494197
v 0.3779056966304779 -0.3537170886993408 0.024999999925494197
v 0.3779056966304779 -0.3537170886993408 0.06000000007450581
v 0.3779056966304779 -0.3537170886993408 0.06000000007450581
v 0.3779056966304779 -0.3537170886993408 0.024999999925494197
v 0.3838675022125244 -0.3508012592792511 0.06000000007450581
v 0.3779056966304779 -0.3537170886993408 0.024999999925494197
v 0.3838675022125244 -0.3508012592792511 0.024999999925494197
v 0.3838675022125244 -0.3508012592792511 0.06000000007450581
v 0.3838675022125244 -0.3508012592792511 0.06000000007450581
v 0.3838675022125244 -0.3508012592792511 0.024999999925494197
v 0.3876776695251465 -0.34767767786979675 0.06000000007450581
v 0.3838675022125244 -0.3508012592792511 0.024999999925494197
v 0.3876776695251465 -0.34767767786979675 0.024999999925494197
v 0.3876776695251465 -0.34767767786979675 0.06000000007450581
v -0.3876776695251465 -0.34767767786979675 0.024999999925494197
v -0.38720616698265076 -0.347206175327301 0.019264606311917308
v -0.3838675022125244 -0.3508012592792511 0.024999999925494197
v -0.38720616698265076 -0.347206175327301 0.019264606311917308
v -0.3833630681037903 -0.3500445783138275 0.018318468257784846
v -0.3838675022125244 -0.3508012592792511 0.024999999925494197
v -0.3838675022125244 -0.3508012592792511 0.024999999925494197
v -0.3833630681037903 -0.3500445783138275 0.018318468257784846
v -0.3779056966304779 -0.3537170886993408 0.024999999925494197
v -0.3833630681037903 -0.3500445783138275 0.018318468257784846
v -0.3775377869606018 -0.3526133596897125 0.017462215870618823
v -0.3779056966304779 -0.3537170886993408 0.024999999925494197
v -0.3779056966304779 -0.3537170886993408 0.024999999925494197
v -0.3775377869606018 -0.3526133596897125 0.017462215870618823
v -0.3700000047683716 -0.35499998927116394 0.024999999925494197
v -0.3775377869606018 -0.3526133596897125 0.017462215870618823
v -0.3700000047683716 -0.3537170886993408 0.017094306200742725
v -0.3700000047683716 -0.35499998927116394 0.024999999925494197
v -0.3700000047683716 -0.35499998927116394 0.024999999925494197
v -0.3700000047683716 -0.3537170886993408 0.017094306200742725
v 0.3700000047683716 -0.35499998927116394 0.024999999925494197
v -0.3700000047683716 -0.3537170886993408 0.017094306200742725
v 0.3700000047683716 -0.3537170886993408 0.017094306200742725
v 0.3700000047683716 -0.35499998927116394 0.024999999925494197
v 0.3700000047683716 -0.35499998927116394 0.024999999925494197
v 0.3700000047683716 -0.3537170886993408 0.017094306200742725
v 0.3779056966304779 -0.3537170886993408 0.024999999925494197
v 0.3700000047683716 -0.3537170886993408 0.017094306200742725
v 0.3775377869606018 -0.3526133596897125 0.017462215870618823
v 0.3779056966304779 -0.3537170886993408 0.024999999925494197
v 0.3779056966304779 -0.3537170886993408 0.024999999925494197
v 0.3775377869606018 -0.3526133596897125 0.017462215870618823
v 0.3838675022125244 -0.3508012592792511 0.024999999925494197
v 0.3775377869606018 -0.3526133596897125 0.017462215870618823
v 0.3833630681037903 -0.3500445783138275 0.018318468257784846
v 0.3838675022125244 -0.3508012592792511 0.024999999925494197
v 0.3838675022125244 -0.3508012592792511 0.024999999925494197
v 0.3833630681037903 -0.3500445783138275 0.018318468257784846
v 0.3876776695251465 -0.34767767786979675 0.024999999925494197
v 0.3833630681037903 -0.3500445783138275 0.018318468257784846
v 0.38720616698265076 -0.347206175327301 0.019264606311917308
v 0.3876776695251465 -0.34767767786979675 0.024999999925494197
v -0.38720616698265076 -0.347206175327301 0.019264606311917308
v -0.38599005341529846 -0.34599006175994873 0.014339964389801028
v -0.3833630681037903 -0.3500445783138275 0.018318468257784846
v -0.38599005341529846 -0.34599006175994873 0.014339964389801028
v -0.3821267783641815 -0.34819015860557556 0.012873218879103664
v -0.3833630681037903 -0.3500445783138275 0.018318468257784846
v -0.3833630681037903 -0.3500445783138275 0.018318468257784846
v -0.3821267783641815 -0.34819015860557556 0.012873218879103664
v -0.3775377869606018 -0.3526133596897125 0.017462215870618823
v -0.3821267783641815 -0.34819015860557556 0.012873218879103664
v -0.37668153643608093 -0.3500445783138275 0.011636938452720645
v -0.3775377869606018 -0.3526133596897125 0.017462215870618823
v -0.3775377869606018 -0.3526133596897125 0.017462215870618823
v -0.37668153643608093 -0.3500445783138275 0.011636938452720645
v -0.3700000047683716 -0.3537170886993408 0.017094306200742725
v -0.37668153643608093 -0.3500445783138275 0.011636938452720645
v -0.3700000047683716 -0.3508012592792511 0.011132493168115619
v -0.3700000047683716 -0.3537170886993408 0.017094306200742725
v -0.3700000047683716 -0.3537170886993408 0.017094306200742725
v -0.3700000047683716 -0.3508012592792511 0.011132493168115619
v 0.3700000047683716 -0.3537170886993408 0.017094306200742725
v -0.3700000047683716 -0.3508012592792511 0.011132493168115619
v 0.3700000047683716 -0.3508012592792511 0.011132493168115619
v 0.3700000047683716 -0.3537170886993408 0.017094306200742725
v 0.3700000047683716 -0.3537170886993408 0.017094306200742725
v 0.3700000047683716 -0.3508012592792511 0.011132493168115619
v 0.3775377869606018 -0.3526133596897125 0.017462215870618823
v 0.3700000047683716 -0.3508012592792511 0.011132493168115619
v 0.37668153643608093 -0.3500445783138275 0.011636938452720645
v 0.3775377869606018 -0.3526133596897125 0.017462215870618823
v 0.3775377869606018 -0.3526133596897125 0.017462215870618823
v 0.37668153643608093 -0.3500445783138275 0.011636938452720645
v 0.3833630681037903 -0.3500445783138275 0.018318468257784846
v 0.37668153643608093 -0.3500445783138275 0.011636938452720645
v 0.3821267783641815 -0.34819015860557556 0.012873218879103664
v 0.3833630681037903 -0.3500445783138275 0.018318468257784846
v 0.3833630681037903 -0.3500445783138275 0.018318468257784846
v 0.3821267783641815 -0.34819015860557556 0.012873218879103664
v 0.38720616698265076 -0.347206175327301 0.019264606311917308
v 0.3821267783641815 -0.34819015860557556 0.012873218879103664
v 0.38599005341529846 -0.34599006175994873 0.014339964389801028
v 0.38720616698265076 -0.347206175327301 0.019264606311917308
v -0.38599005341529846 -0.34599006175994873 0.014339964389801028
v -0.3844337463378906 -0.3444337546825409 0.010566241592168811
v -0.3821267783641815 -0.34819015860557556 0.012873218879103664
v -0.3844337463378906 -0.3444337546825409 0.010566241592168811
v -0.3806600272655487 -0.34599006175994873 0.00900994569063187
v -0.3821267783641815 -0.34819015860557556 0.012873218879103664
v -0.3821267783641815 -0.34819015860557556 0.012873218879103664
v -0.3806600272655487 -0.34599006175994873 0.00900994569063187
v -0.37668153643608093 -0.3500445783138275 0.011636938452720645
v -0.3806600272655487 -0.34599006175994873 0.00900994569063187
v -0.37573540210723877 -0.347206175327301 0.007793820947408679
v -0.37668153643608093 -0.3500445783138275 0.011636938452720645
v -0.37668153643608093 -0.3500445783138275 0.011636938452720645
v -0.37573540210723877 -0.347206175327301 0.007793820947408679
v -0.3700000047683716 -0.3508012592792511 0.011132493168115619
v -0.37573540210723877 -0.347206175327301 0.007793820947408679
v -0.3700000047683716 -0.34767767786979675 0.007322329580783847
v -0.3700000047683716 -0.3508012592792511 0.011132493168115619
v -0.3700000047683716 -0.3508012592792511 0.011132493168115619
v -0.3700000047683716 -0.34767767786979675 0.007322329580783847
v 0.3700000047683716 -0.3508012592792511 0.011132493168115619
v -0.3700000047683716 -0.34767767786979675 0.007322329580783847
v 0.3700000047683716 -0.34767767786979675 0.007322329580783847
v 0.3700000047683716 -0.3508012592792511 0.011132493168115619
v 0.3700000047683716 -0.3508012592792511 0.011132493168115619
v 0.3700000047683716 -0.34767767786979675 0.007322329580783847
v 0.37668153643608093 -0.3500445783138275 0.011636938452720645
v 0.3700000047683716 -0.34767767786979675 0.007322329580783847
v 0.37573540210723877 -0.347206175327301 0.007793820947408679
v 0.37668153643608093 -0.3500445783138275 0.011636938452720645
v 0.37668153643608093 -0.3500445783138275 0.011636938452720645
v 0.37573540210723877 -0.347206175327301 0.007793820947408679
v 0.3821267783641815 -0.34819015860557556 0.012873218879103664
v 0.37573540210723877 -0.347206175327301 0.007793820947408679
v 0.3806600272655487 -0.34599006175994873 0.00900994569063187
v 0.3821267783641815 -0.34819015860557556 0.012873218879103664
v 0.3821267783641815 -0.34819015860557556 0.012873218879103664
v 0.3806600272655487 -0.34599006175994873 0.00900994569063187
v 0.38599005341529846 -0.34599006175994873 0.014339964389801028
v 0.3806600272655487 -0.34599006175994873 0.00900994569063187
v 0.3844337463378906 -0.3444337546825409 0.010566241592168811
v 0.38599005341529846 -0.34599006175994873 0.014339964389801028
v -0.3844337463378906 0.3444337546825409 0.0744337584078312
v -0.38599005341529846 0.340660035610199 0.07599005430936814
v -0.3806600272655487 0.34599006175994873 0.07599005430936814
v -0.38599005341529846 0.340660035610199 0.07599005430936814
v -0.3821267783641815 0.3421267867088318 0.07819016978144647
v -0.3806600272655487 0.34599006175994873 0.07599005430936814
v -0.3806600272655487 0.34599006175994873 0.07599005430936814
v -0.3821267783641815 0.3421267867088318 0.07819016978144647
v -0.37573540210723877 0.347206175327301 0.07720617905259133
v -0.3821267783641815 0.3421267867088318 0.07819016978144647
v -0.37668153643608093 0.34336307644844055 0.08004459321498872
v -0.37573540210723877 0.347206175327301 0.07720617905259133
v -0.37573540210723877 0.347206175327301 0.07720617905259133
v -0.37668153643608093 0.34336307644844055 0.08004459321498872
v -0.3700000047683716 0.34767767786979675 0.07767767041921617
v -0.37668153643608093 0.34336307644844055 0.08004459321498872
v -0.3700000047683716 0.3438675105571747 0.08080125555396081
v -0.3700000047683716 0.34767767786979675 0.07767767041921617
v -0.3700000047683716 0.34767767786979675 0.07767767041921617
v -0.3700000047683716 0.3438675105571747 0.08080125555396081
v 0.3700000047683716 0.34767767786979675 0.07767767041921617
v -0.3700000047683716 0.3438675105571747 0.08080125555396081
v 0.3700000047683716 0.3438675105571747 0.08080125555396081
v 0.3700000047683716 0.34767767786979675 0.07767767041921617
v 0.3700000047683716 0.34767767786979675 0.07767767041921617
v 0.3700000047683716 0.3438675105571747 0.08080125555396081
v 0.37573540210723877 0.347206175327301 0.07720617905259133
v 0.3700000047683716 0.3438675105571747 0.08080125555396081
v 0.37668153643608093 0.34336307644844055 0.08004459321498872
v 0.37573540210723877 0.347206175327301 0.07720617905259133
v 0.37573540210723877 0.347206175327301 0.07720617905259133
v 0.37668153643608093 0.34336307644844055 0.08004459321498872
v 0.3806600272655487 0.34599006175994873 0.07599005430936814
v 0.37668153643608093 0.34336307644844055 0.08004459321498872
v 0.3821267783641815 0.3421267867088318 0.07819016978144647
v 0.3806600272655487 0.34599006175994873 0.07599005430936814
v 0.3806600272655487 0.34599006175994873 0.07599005430936814
v 0.3821267783641815 0.3421267867088318 0.07819016978144647
v 0.3844337463378906 0.3444337546825409 0.0744337584078312
v 0.3821267783641815 0.3421267867088318 0.07819016978144647
v 0.38599005341529846 0.340660035610199 0.07599005430936814
v 0.3844337463378906 0.3444337546825409 0.0744337584078312
v -0.38599005341529846 0.340660035610199 0.07599005430936814
v -0.38720616698265076 0.33573538064956665 0.07720617905259133
v -0.3821267783641815 0.3421267867088318 0.07819016978144647
v -0.38720616698265076 0.33573538064956665 0.07720617905259133
v -0.3833630681037903 0.3366815447807312 0.08004459321498872
v -0.3821267783641815 0.3421267867088318 0.07819016978144647
v -0.3821267783641815 0.3421267867088318 0.07819016978144647
v -0.3833630681037903 0.3366815447807312 0.08004459321498872
v -0.37668153643608093 0.34336307644844055 0.08004459321498872
v -0.3833630681037903 0.3366815447807312 0.08004459321498872
v -0.3775377869606018 0.3375377953052521 0.08261335223913194
v -0.37668153643608093 0.34336307644844055 0.08004459321498872
v -0.37668153643608093 0.34336307644844055 0.08004459321498872
v -0.3775377869606018 0.3375377953052521 0.08261335223913194
v -0.3700000047683716 0.3438675105571747 0.08080125555396081
v -0.3775377869606018 0.3375377953052521 0.08261335223913194
v -0.3700000047683716 0.3379057049751282 0.08371708124876023
v -0.3700000047683716 0.3438675105571747 0.08080125555396081
v -0.3700000047683716 0.3438675105571747 0.08080125555396081
v -0.3700000047683716 0.3379057049751282 0.08371708124876023
v 0.3700000047683716 0.3438675105571747 0.08080125555396081
v -0.3700000047683716 0.3379057049751282 0.08371708124876023
v 0.3700000047683716 0.3379057049751282 0.08371708124876023
v 0.3700000047683716 0.3438675105571747 0.08080125555396081
v 0.3700000047683716 0.3438675105571747 0.08080125555396081
v 0.3700000047683716 0.3379057049751282 0.08371708124876023
v 0.37668153643608093 0.34336307644844055 0.08004459321498872
v 0.3700000047683716 0.3379057049751282 0.08371708124876023
v 0.3775377869606018 0.3375377953052521 0.08261335223913194
v 0.37668153643608093 0.34336307644844055 0.08004459321498872
v 0.37668153643608093 0.34336307644844055 0.08004459321498872
v 0.3775377869606018 0.3375377953052521 0.08261335223913194
v 0.3821267783641815 0.3421267867088318 0.07819016978144647
v 0.3775377869606018 0.3375377953052521 0.08261335223913194
v 0.3833630681037903 0.3366815447807312 0.08004459321498872
v 0.3821267783641815 0.3421267867088318 0.07819016978144647
v 0.3821267783641815 0.3421267867088318 0.07819016978144647
v 0.3833630681037903 0.3366815447807312 0.08004459321498872
v 0.38599005341529846 0.340660035610199 0.07599005430936814
v 0.3833630681037903 0.3366815447807312 0.08004459321498872
v 0.38720616698265076 0.33573538064956665 0.07720617905259133
v 0.38599005341529846 0.340660035610199 0.07599005430936814
v -0.38720616698265076 0.33573538064956665 0.07720617905259133
v -0.3876776695251465 0.33000001311302185 0.07767767041921617
v -0.3833630681037903 0.3366815447807312 0.08004459321498872
v -0.3876776695251465 0.33000001311302185 0.07767767041921617
v -0.3838675022125244 0.33000001311302185 0.08080125555396081
v -0.3833630681037903 0.3366815447807312 0.08004459321498872
v -0.3833630681037903 0.3366815447807312 0.08004459321498872
v -0.3838675022125244 0.33000001311302185 0.08080125555396081
v -0.3775377869606018 0.3375377953052521 0.08261335223913194
v -0.3838675022125244 0.33000001311302185 0.08080125555396081
v -0.3779056966304779 0.33000001311302185 0.08371708124876023
v -0.3775377869606018 0.3375377953052521 0.08261335223913194
v -0.3775377869606018 0.3375377953052521 0.08261335223913194
v -0.3779056966304779 0.33000001311302185 0.08371708124876023
v -0.3700000047683716 0.3379057049751282 0.08371708124876023
v -0.3779056966304779 0.33000001311302185 0.08371708124876023
v -0.3700000047683716 0.33000001311302185 0.08500000044703485
v -0.3700000047683716 0.3379057049751282 0.08371708124876023
v -0.3700000047683716 0.3379057049751282 0.08371708124876023
v -0.3700000047683716 0.33000001311302185 0.08500000044703485
v 0.3700000047683716 0.3379057049751282 0.08371708124876023
v -0.3700000047683716 0.33000001311302185 0.08500000044703485
v 0.3700000047683716 0.33000001311302185 0.08500000044703485
v 0.3700000047683716 0.3379057049751282 0.08371708124876023
v 0.3700000047683716 0.3379057049751282 0.08371708124876023
v 0.3700000047683716 0.33000001311302185 0.08500000044703485
v 0.3775377869606018 0.3375377953052521 0.08261335223913194
v 0.3700000047683716 0.33000001311302185 0.08500000044703485
v 0.3779056966304779 0.33000001311302185 0.08371708124876023
v 0.3775377869606018 0.3375377953052521 0.08261335223913194
v 0.3775377869606018 0.3375377953052521 0.08261335223913194
v 0.3779056966304779 0.33000001311302185 0.08371708124876023
v 0.3833630681037903 0.3366815447807312 0.08004459321498872
v 0.3779056966304779 0.33000001311302185 0.08371708124876023
v 0.3838675022125244 0.33000001311302185 0.08080125555396081
v 0.3833630681037903 0.3366815447807312 0.08004459321498872
v 0.3833630681037903 0.3366815447807312 0.08004459321498872
v 0.3838675022125244 0.33000001311302185 0.08080125555396081
v 0.38720616698265076 0.33573538064956665 0.07720617905259133
v 0.3838675022125244 0.33000001311302185 0.08080125555396081
v 0.3876776695251465 0.33000001311302185 0.07767767041921617
v 0.38720616698265076 0.33573538064956665 0.07720617905259133
v -0.3876776695251465 0.33000001311302185 0.07767767041921617
v -0.3876776695251465 -0.33000001311302185 0.07767767041921617
v -0.3838675022125244 0.33000001311302185 0.08080125555396081
v -0.3876776695251465 -0.33000001311302185 0.07767767041921617
v -0.3838675022125244 -0.33000001311302185 0.08080125555396081
v -0.3838675022125244 0.33000001311302185 0.08080125555396081
v -0.3838675022125244 0.33000001311302185 0.08080125555396081
v -0.3838675022125244 -0.33000001311302185 0.08080125555396081
v -0.3779056966304779 0.33000001311302185 0.08371708124876023
v -0.3838675022125244 -0.33000001311302185 0.08080125555396081
v -0.3779056966304779 -0.33000001311302185 0.08371708124876023
v -0.3779056966304779 0.33000001311302185 0.08371708124876023
v -0.3779056966304779 0.33000001311302185 0.08371708124876023
v -0.3779056966304779 -0.33000001311302185 0.08371708124876023
v -0.3700000047683716 0.33000001311302185 0.08500000044703485
v -0.3779056966304779 -0.33000001311302185 0.08371708124876023
v -0.3700000047683716 -0.33000001311302185 0.08500000044703485
v -0.3700000047683716 0.33000001311302185 0.08500000044703485
v -0.3700000047683716 0.33000001311302185 0.08500000044703485
v -0.3700000047683716 -0.33000001311302185 0.08500000044703485
v 0.3700000047683716 0.33000001311302185 0.08500000044703485
v -0.3700000047683716 -0.33000001311302185 0.08500000044703485
v 0.3700000047683716 -0.33000001311302185 0.08500000044703485
v 0.3700000047683716 0.33000001311302185 0.08500000044703485
v 0.3700000047683716 0.33000001311302185 0.08500000044703485
v 0.3700000047683716 -0.33000001311302185 0.08500000044703485
v 0.3779056966304779 0.33000001311302185 0.08371708124876023
v 0.3700000047683716 -0.33000001311302185 0.08500000044703485
v 0.3779056966304779 -0.33000001311302185 0.08371708124876023
v 0.3779056966304779 0.33000001311302185 0.08371708124876023
v 0.3779056966304779 0.33000001311302185 0.08371708124876023
v 0.3779056966304779 -0.33000001311302185 0.08371708124876023
v 0.3838675022125244 0.33000001311302185 0.08080125555396081
v 0.3779056966304779 -0.33000001311302185 0.08371708124876023
v 0.3838675022125244 -0.33000001311302185 0.08080125555396081
v 0.3838675022125244 0.33000001311302185 0.08080125555396081
v 0.3838675022125244 0.33000001311302185 0.08080125555396081
v 0.3838675022125244 -0.33000001311302185 0.08080125555396081
v 0.3876776695251465 0.33000001311302185 0.07767767041921617
v 0.3838675022125244 -0.33000001311302185 0.08080125555396081
v 0.3876776695251465 -0.33000001311302185 0.07767767041921617
v 0.3876776695251465 0.33000001311302185 0.07767767041921617
v -0.3876776695251465 -0.33000001311302185 0.07767767041921617
v -0.38720616698265076 -0.33573538064956665 0.07720617905259133
v -0.3838675022125244 -0.33000001311302185 0.08080125555396081
v -0.38720616698265076 -0.33573538064956665 0.07720617905259133
v -0.3833630681037903 -0.3366815447807312 0.08004459321498872
v -0.3838675022125244 -0.33000001311302185 0.08080125555396081
v -0.3838675022125244 -0.33000001311302185 0.08080125555396081
v -0.3833630681037903 -0.3366815447807312 0.08004459321498872
v -0.3779056966304779 -0.33000001311302185 0.08371708124876023
v -0.3833630681037903 -0.3366815447807312 0.08004459321498872
v -0.3775377869606018 -0.3375377953052521 0.08261335223913194
v -0.3779056966304779 -0.33000001311302185 0.08371708124876023
v -0.3779056966304779 -0.33000001311302185 0.08371708124876023
v -0.3775377869606018 -0.3375377953052521 0.08261335223913194
v -0.3700000047683716 -0.33000001311302185 0.08500000044703485
v -0.3775377869606018 -0.3375377953052521 0.08261335223913194
v -0.3700000047683716 -0.3379057049751282 0.08371708124876023
v -0.3700000047683716 -0.33000001311302185 0.08500000044703485
v -0.3700000047683716 -0.33000001311302185 0.08500000044703485
v -0.3700000047683716 -0.3379057049751282 0.08371708124876023
v 0.3700000047683716 -0.33000001311302185 0.08500000044703485
v -0.3700000047683716 -0.3379057049751282 0.08371708124876023
v 0.3700000047683716 -0.3379057049751282 0.08371708124876023
v 0.3700000047683716 -0.33000001311302185 0.08500000044703485
v 0.3700000047683716 -0.33000001311302185 0.08500000044703485
v 0.3700000047683716 -0.3379057049751282 0.08371708124876023
v 0.3779056966304779 -0.33000001311302185 0.08371708124876023
v 0.3700000047683716 -0.3379057049751282 0.08371708124876023
v 0.3775377869606018 -0.3375377953052521 0.08261335223913194
v 0.3779056966304779 -0.33000001311302185 0.08371708124876023
v 0.3779056966304779 -0.33000001311302185 0.08371708124876023
v 0.3775377869606018 -0.3375377953052521 0.08261335223913194
v 0.3838675022125244 -0.33000001311302185 0.08080125555396081
v 0.3775377869606018 -0.3375377953052521 0.08261335223913194
v 0.3833630681037903 -0.3366815447807312 0.08004459321498872
v 0.3838675022125244 -0.33000001311302185 0.08080125555396081
v 0.3838675022125244 -0.33000001311302185 0.08080125555396081
v 0.3833630681037903 -0.3366815447807312 0.08004459321498872
v 0.3876776695251465 -0.33000001311302185 0.07767767041921617
v 0.3833630681037903 -0.3366815447807312 0.08004459321498872
v 0.38720616698265076 -0.33573538064956665 0.07720617905259133
v 0.3876776695251465 -0.33000001311302185 0.07767767041921617
v -0.38720616698265076 -0.33573538064956665 0.07720617905259133
v -0.38599005341529846 -0.340660035610199 0.07599005430936814
v -0.3833630681037903 -0.3366815447807312 0.08004459321498872
v -0.38599005341529846 -0.340660035610199 0.07599005430936814
v -0.3821267783641815 -0.3421267867088318 0.07819016978144647
v -0.3833630681037903 -0.3366815447807312 0.08004459321498872
v -0.3833630681037903 -0.3366815447807312 0.08004459321498872
v -0.3821267783641815 -0.3421267867088318 0.07819016978144647
v -0.3775377869606018 -0.3375377953052521 0.08261335223913194
v -0.3821267783641815 -0.3421267867088318 0.07819016978144647
v -0.37668153643608093 -0.34336307644844055 0.08004459321498872
v -0.3775377869606018 -0.3375377953052521 0.08261335223913194
v -0.3775377869606018 -0.3375377953052521 0.08261335223913194
v -0.37668153643608093 -0.34336307644844055 0.08004459321498872
v -0.3700000047683716 -0.3379057049751282 0.08371708124876023
v -0.37668153643608093 -0.34336307644844055 0.08004459321498872
v -0.3700000047683716 -0.3438675105571747 0.08080125555396081
v -0.3700000047683716 -0.3379057049751282 0.08371708124876023
v -0.3700000047683716 -0.3379057049751282 0.08371708124876023
v -0.3700000047683716 -0.3438675105571747 0.08080125555396081
v 0.3700000047683716 -0.3379057049751282 0.08371708124876023
v -0.3700000047683716 -0.3438675105571747 0.08080125555396081
v 0.3700000047683716 -0.3438675105571747 0.08080125555396081
v 0.3700000047683716 -0.3379057049751282 0.08371708124876023
v 0.3700000047683716 -0.3379057049751282 0.08371708124876023
v 0.3700000047683716 -0.3438675105571747 0.08080125555396081
v 0.3775377869606018 -0.3375377953052521 0.08261335223913194
v 0.3700000047683716 -0.3438675105571747 0.08080125555396081
v 0.37668153643608093 -0.34336307644844055 0.08004459321498872
v 0.3775377869606018 -0.3375377953052521 0.08261335223913194
v 0.3775377869606018 -0.3375377953052521 0.08261335223913194
v 0.37668153643608093 -0.34336307644844055 0.08004459321498872
v 0.3833630681037903 -0.3366815447807312 0.08004459321498872
v 0.37668153643608093 -0.34336307644844055 0.08004459321498872
v 0.3821267783641815 -0.3421267867088318 0.07819016978144647
v 0.3833630681037903 -0.3366815447807312 0.08004459321498872
v 0.3833630681037903 -0.3366815447807312 0.08004459321498872
v 0.3821267783641815 -0.3421267867088318 0.07819016978144647
v 0.38720616698265076 -0.33573538064956665 0.07720617905259133
v 0.3821267783641815 -0.3421267867088318 0.07819016978144647
v 0.38599005341529846 -0.340660035610199 0.07599005430936814
v 0.38720616698265076 -0.33573538064956665 0.07720617905259133
v -0.38599005341529846 -0.340660035610199 0.07599005430936814
v -0.3844337463378906 -0.3444337546825409 0.0744337584078312
v -0.3821267783641815 -0.3421267867088318 0.07819016978144647
v -0.3844337463378906 -0.3444337546825409 0.0744337584078312
v -0.3806600272655487 -0.34599006175994873 0.07599005430936814
v -0.3821267783641815 -0.3421267867088318 0.07819016978144647
v -0.3821267783641815 -0.3421267867088318 0.07819016978144647
v -0.3806600272655487 -0.34599006175994873 0.07599005430936814
v -0.37668153643608093 -0.34336307644844055 0.08004459321498872
v -0.3806600272655487 -0.34599006175994873 0.07599005430936814
v -0.37573540210723877 -0.347206175327301 0.07720617905259133
v -0.37668153643608093 -0.34336307644844055 0.08004459321498872
v -0.37668153643608093 -0.34336307644844055 0.08004459321498872
v -0.37573540210723877 -0.347206175327301 0.07720617905259133
v -0.3700000047683716 -0.3438675105571747 0.08080125555396081
v -0.37573540210723877 -0.347206175327301 0.07720617905259133
v -0.3700000047683716 -0.34767767786979675 0.07767767041921617
v -0.3700000047683716 -0.3438675105571747 0.08080125555396081
v -0.3700000047683716 -0.3438675105571747 0.08080125555396081
v -0.3700000047683716 -0.34767767786979675 0.07767767041921617
v 0.3700000047683716 -0.3438675105571747 0.08080125555396081
v -0.3700000047683716 -0.34767767786979675 0.07767767041921617
v 0.3700000047683716 -0.34767767786979675 0.07767767041921617
v 0.3700000047683716 -0.3438675105571747 0.08080125555396081
v 0.3700000047683716 -0.3438675105571747 0.08080125555396081
v 0.3700000047683716 -0.34767767786979675 0.07767767041921617
v 0.37668153643608093 -0.34336307644844055 0.08004459321498872
v 0.3700000047683716 -0.34767767786979675 0.07767767041921617
v 0.37573540210723877 -0.347206175327301 0.07720617905259133
v 0.37668153643608093 -0.34336307644844055 0.08004459321498872
v 0.37668153643608093 -0.34336307644844055 0.08004459321498872
v 0.37573540210723877 -0.347206175327301 0.07720617905259133
v 0.3821267783641815 -0.3421267867088318 0.07819016978144647
v 0.37573540210723877 -0.347206175327301 0.07720617905259133
v 0.3806600272655487 -0.34599006175994873 0.07599005430936814
v 0.3821267783641815 -0.3421267867088318 0.07819016978144647
v 0.3821267783641815 -0.3421267867088318 0.07819016978144647
v 0.3806600272655487 -0.34599006175994873 0.07599005430936814
v 0.38599005341529846 -0.340660035610199 0.07599005430936814
v 0.3806600272655487 -0.34599006175994873 0.07599005430936814
v 0.3844337463378906 -0.3444337546825409 0.0744337584078312
v 0.38599005341529846 -0.340660035610199 0.07599005430936814
v 0.3844337463378906 0.3444337546825409 0.010566241592168811
v 0.38599005341529846 0.340660035610199 0.00900994569063187
v 0.3806600272655487 0.34599006175994873 0.00900994569063187
v 0.38599005341529846 0.340660035610199 0.00900994569063187
v 0.3821267783641815 0.3421267867088318 0.006809830218553546
v 0.3806600272655487 0.34599006175994873 0.00900994569063187
v 0.3806600272655487 0.34599006175994873 0.00900994569063187
v 0.3821267783641815 0.3421267867088318 0.006809830218553546
v 0.37573540210723877 0.347206175327301 0.007793820947408679
v 0.3821267783641815 0.3421267867088318 0.006809830218553546
v 0.37668153643608093 0.34336307644844055 0.0049554067850112946
v 0.37573540210723877 0.347206175327301 0.007793820947408679
v 0.37573540210723877 0.347206175327301 0.007793820947408679
v 0.37668153643608093 0.34336307644844055 0.0049554067850112946
v 0.3700000047683716 0.34767767786979675 0.007322329580783847
v 0.37668153643608093 0.34336307644844055 0.0049554067850112946
v 0.3700000047683716 0.3438675105571747 0.004198744446039203
v 0.3700000047683716 0.34767767786979675 0.007322329580783847
v 0.3700000047683716 0.34767767786979675 0.007322329580783847
v 0.3700000047683716 0.3438675105571747 0.004198744446039203
v -0.3700000047683716 0.34767767786979675 0.007322329580783847
v 0.3700000047683716 0.3438675105571747 0.004198744446039203
v -0.3700000047683716 0.3438675105571747 0.004198744446039203
v -0.3700000047683716 0.34767767786979675 0.007322329580783847
v -0.3700000047683716 0.34767767786979675 0.007322329580783847
v -0.3700000047683716 0.3438675105571747 0.004198744446039203
v -0.37573540210723877 0.347206175327301 0.007793820947408679
v -0.3700000047683716 0.3438675105571747 0.004198744446039203
v -0.37668153643608093 0.34336307644844055 0.0049554067850112946
v -0.37573540210723877 0.347206175327301 0.007793820947408679
v -0.37573540210723877 0.347206175327301 0.007793820947408679
v -0.37668153643608093 0.34336307644844055 0.0049554067850112946
v -0.3806600272655487 0.34599006175994873 0.00900994569063187
v -0.37668153643608093 0.34336307644844055 0.0049554067850112946
v -0.3821267783641815 0.3421267867088318 0.006809830218553546
v -0.3806600272655487 0.34599006175994873 0.00900994569063187
v -0.3806600272655487 0.34599006175994873 0.00900994569063187
v -0.3821267783641815 0.3421267867088318 0.006809830218553546
v -0.3844337463378906 0.3444337546825409 0.010566241592168811
v -0.3821267783641815 0.3421267867088318 0.006809830218553546
v -0.38599005341529846 0.340660035610199 0.00900994569063187
v -0.3844337463378906 0.3444337546825409 0.010566241592168811
v 0.38599005341529846 0.340660035610199 0.00900994569063187
v 0.38720616698265076 0.33573538064956665 0.007793820947408679
v 0.3821267783641815 0.3421267867088318 0.006809830218553546
v 0.38720616698265076 0.33573538064956665 0.007793820947408679
v 0.3833630681037903 0.3366815447807312 0.0049554067850112946
v 0.3821267783641815 0.3421267867088318 0.006809830218553546
v 0.3821267783641815 0.3421267867088318 0.006809830218553546
v 0.3833630681037903 0.3366815447807312 0.0049554067850112946
v 0.37668153643608093 0.34336307644844055 0.0049554067850112946
v 0.3833630681037903 0.3366815447807312 0.0049554067850112946
v 0.3775377869606018 0.3375377953052521 0.0023866477608680756
v 0.37668153643608093 0.34336307644844055 0.0049554067850112946
v 0.37668153643608093 0.34336307644844055 0.0049554067850112946
v 0.3775377869606018 0.3375377953052521 0.0023866477608680756
v 0.3700000047683716 0.3438675105571747 0.004198744446039203
v 0.3775377869606018 0.3375377953052521 0.0023866477608680756
v 0.3700000047683716 0.3379057049751282 0.0012829187512397797
v 0.3700000047683716 0.3438675105571747 0.004198744446039203
v 0.3700000047683716 0.3438675105571747 0.004198744446039203
v 0.3700000047683716 0.3379057049751282 0.0012829187512397797
v -0.3700000047683716 0.3438675105571747 0.004198744446039203
v 0.3700000047683716 0.3379057049751282 0.0012829187512397797
v -0.3700000047683716 0.3379057049751282 0.0012829187512397797
v -0.3700000047683716 0.3438675105571747 0.004198744446039203
v -0.3700000047683716 0.3438675105571747 0.004198744446039203
v -0.3700000047683716 0.3379057049751282 0.0012829187512397797
v -0.37668153643608093 0.34336307644844055 0.0049554067850112946
v -0.3700000047683716 0.3379057049751282 0.0012829187512397797
v -0.3775377869606018 0.3375377953052521 0.0023866477608680756
v -0.37668153643608093 0.34336307644844055 0.0049554067850112946
v -0.37668153643608093 0.34336307644844055 0.0049554067850112946
v -0.3775377869606018 0.3375377953052521 0.0023866477608680756
v -0.3821267783641815 0.3421267867088318 0.006809830218553546
v -0.3775377869606018 0.3375377953052521 0.0023866477608680756
v -0.3833630681037903 0.3366815447807312 0.0049554067850112946
v -0.3821267783641815 0.3421267867088318 0.006809830218553546
v -0.3821267783641815 0.3421267867088318 0.006809830218553546
v -0.3833630681037903 0.3366815447807312 0.0049554067850112946
v -0.38599005341529846 0.340660035610199 0.00900994569063187
v -0.3833630681037903 0.3366815447807312 0.0049554067850112946
v -0.38720616698265076 0.33573538064956665 0.007793820947408679
v -0.38599005341529846 0.340660035610199 0.00900994569063187
v 0.38720616698265076 0.33573538064956665 0.007793820947408679
v 0.3876776695251465 0.33000001311302185 0.007322329580783847
v 0.3833630681037903 0.3366815447807312 0.0049554067850112946
v 0.3876776695251465 0.33000001311302185 0.007322329580783847
v 0.3838675022125244 0.33000001311302185 0.004198744446039203
v 0.3833630681037903 0.3366815447807312 0.0049554067850112946
v 0.3833630681037903 0.3366815447807312 0.0049554067850112946
v 0.3838675022125244 0.33000001311302185 0.004198744446039203
v 0.3775377869606018 0.3375377953052521 0.0023866477608680756
v 0.3838675022125244 0.33000001311302185 0.004198744446039203
v 0.3779056966304779 0.33000001311302185 0.0012829187512397797
v 0.3775377869606018 0.3375377953052521 0.0023866477608680756
v 0.3775377869606018 0.3375377953052521 0.0023866477608680756
v 0.3779056966304779 0.33000001311302185 0.0012829187512397797
v 0.3700000047683716 0.3379057049751282 0.0012829187512397797
v 0.3779056966304779 0.33000001311302185 0.0012829187512397797
v 0.3700000047683716 0.33000001311302185 -4.4703483276231637e-10
v 0.3700000047683716 0.3379057049751282 0.0012829187512397797
v 0.3700000047683716 0.3379057049751282 0.0012829187512397797
v 0.3700000047683716 0.33000001311302185 -4.4703483276231637e-10
v -0.3700000047683716 0.3379057049751282 0.0012829187512397797
v 0.3700000047683716 0.33000001311302185 -4.4703483276231637e-10
v -0.3700000047683716 0.33000001311302185 -4.4703483276231637e-10
v -0.3700000047683716 0.3379057049751282 0.0012829187512397797
v -0.3700000047683716 0.3379057049751282 0.0012829187512397797
v -0.3700000047683716 0.33000001311302185 -4.4703483276231637e-10
v -0.3775377869606018 0.3375377953052521 0.0023866477608680756
v -0.3700000047683716 0.33000001311302185 -4.4703483276231637e-10
v -0.3779056966304779 0.33000001311302185 0.0012829187512397797
v -0.3775377869606018 0.3375377953052521 0.0023866477608680756
v -0.3775377869606018 0.3375377953052521 0.0023866477608680756
v -0.3779056966304779 0.33000001311302185 0.0012829187512397797
v -0.3833630681037903 0.3366815447807312 0.0049554067850112946
v -0.3779056966304779 0.33000001311302185 0.0012829187512397797
v -0.3838675022125244 0.33000001311302185 0.004198744446039203
v -0.3833630681037903 0.3366815447807312 0.0049554067850112946
v -0.3833630681037903 0.3366815447807312 0.0049554067850112946
v -0.3838675022125244 0.33000001311302185 0.004198744446039203
v -0.38720616698265076 0.33573538064956665 0.007793820947408679
v -0.3838675022125244 0.33000001311302185 0.004198744446039203
v -0.3876776695251465 0.33000001311302185 0.007322329580783847
v -0.38720616698265076 0.33573538064956665 0.007793820947408679
v 0.3876776695251465 0.33000001311302185 0.007322329580783847
v 0.3876776695251465 -0.33000001311302185 0.007322329580783847
v 0.3838675022125244 0.33000001311302185 0.004198744446039203
v 0.3876776695251465 -0.33000001311302185 0.007322329580783847
v 0.3838675022125244 -0.33000001311302185 0.004198744446039203
v 0.3838675022125244 0.33000001311302185 0.004198744446039203
v 0.3838675022125244 0.33000001311302185 0.004198744446039203
v 0.3838675022125244 -0.33000001311302185 0.004198744446039203
v 0.3779056966304779 0.33000001311302185 0.0012829187512397797
v 0.3838675022125244 -0.33000001311302185 0.004198744446039203
v 0.3779056966304779 -0.33000001311302185 0.0012829187512397797
v 0.3779056966304779 0.33000001311302185 0.0012829187512397797
v 0.3779056966304779 0.33000001311302185 0.0012829187512397797
v 0.3779056966304779 -0.33000001311302185 0.0012829187512397797
v 0.3700000047683716 0.33000001311302185 -4.4703483276231637e-10
v 0.3779056966304779 -0.33000001311302185 0.0012829187512397797
v 0.3700000047683716 -0.33000001311302185 -4.4703483276231637e-10
v 0.3700000047683716 0.33000001311302185 -4.4703483276231637e-10
v 0.3700000047683716 0.33000001311302185 -4.4703483276231637e-10
v 0.3700000047683716 -0.33000001311302185 -4.4703483276231637e-10
v -0.3700000047683716 0.33000001311302185 -4.4703483276231637e-10
v 0.3700000047683716 -0.33000001311302185 -4.4703483276231637e-10
v -0.3700000047683716 -0.33000001311302185 -4.4703483276231637e-10
v -0.3700000047683716 0.33000001311302185 -4.4703483276231637e-10
v -0.3700000047683716 0.33000001311302185 -4.4703483276231637e-10
v -0.3700000047683716 -0.33000001311302185 -4.4703483276231637e-10
v -0.3779056966304779 0.33000001311302185 0.0012829187512397797
v -0.3700000047683716 -0.33000001311302185 -4.4703483276231637e-10
v -0.3779056966304779 -0.33000001311302185 0.0012829187512397797
v -0.3779056966304779 0.33000001311302185 0.0012829187512397797
v -0.3779056966304779 0.33000001311302185 0.0012829187512397797
v -0.3779056966304779 -0.33000001311302185 0.0012829187512397797
v -0.3838675022125244 0.33000001311302185 0.004198744446039203
v -0.3779056966304779 -0.33000001311302185 0.0012829187512397797
v -0.3838675022125244 -0.33000001311302185 0.004198744446039203
v -0.3838675022125244 0.33000001311302185 0.004198744446039203
v -0.3838675022125244 0.33000001311302185 0.004198744446039203
v -0.3838675022125244 -0.33000001311302185 0.004198744446039203
v -0.3876776695251465 0.33000001311302185 0.007322329580783847
v -0.3838675022125244 -0.33000001311302185 0.004198744446039203
v -0.3876776695251465 -0.33000001311302185 0.007322329580783847
v -0.3876776695251465 0.33000001311302185 0.007322329580783847
v 0.3876776695251465 -0.33000001311302185 0.007322329580783847
v 0.38720616698265076 -0.33573538064956665 0.007793820947408679
v 0.3838675022125244 -0.33000001311302185 0.004198744446039203
v 0.38720616698265076 -0.33573538064956665 0.007793820947408679
v 0.3833630681037903 -0.3366815447807312 0.0049554067850112946
v 0.3838675022125244 -0.33000001311302185 0.004198744446039203
v 0.3838675022125244 -0.33000001311302185 0.004198744446039203
v 0.3833630681037903 -0.3366815447807312 0.0049554067850112946
v 0.3779056966304779 -0.33000001311302185 0.0012829187512397797
v 0.3833630681037903 -0.3366815447807312 0.0049554067850112946
v 0.3775377869606018 -0.3375377953052521 0.0023866477608680756
v 0.3779056966304779 -0.33000001311302185 0.0012829187512397797
v 0.3779056966304779 -0.33000001311302185 0.0012829187512397797
v 0.3775377869606018 -0.3375377953052521 0.0023866477608680756
v 0.3700000047683716 -0.33000001311302185 -4.4703483276231637e-10
v 0.3775377869606018 -0.3375377953052521 0.0023866477608680756
v 0.3700000047683716 -0.3379057049751282 0.0012829187512397797
v 0.3700000047683716 -0.33000001311302185 -4.4703483276231637e-10
v 0.3700000047683716 -0.33000001311302185 -4.4703483276231637e-10
v 0.3700000047683716 -0.3379057049751282 0.0012829187512397797
v -0.3700000047683716 -0.33000001311302185 -4.4703483276231637e-10
v 0.3700000047683716 -0.3379057049751282 0.0012829187512397797
v -0.3700000047683716 -0.3379057049751282 0.0012829187512397797
v -0.3700000047683716 -0.33000001311302185 -4.4703483276231637e-10
v -0.3700000047683716 -0.33000001311302185 -4.4703483276231637e-10
v -0.3700000047683716 -0.3379057049751282 0.0012829187512397797
v -0.3779056966304779 -0.33000001311302185 0.0012829187512397797
v -0.3700000047683716 -0.3379057049751282 0.0012829187512397797
v -0.3775377869606018 -0.3375377953052521 0.0023866477608680756
v -0.3779056966304779 -0.33000001311302185 0.0012829187512397797
v -0.3779056966304779 -0.33000001311302185 0.0012829187512397797
v -0.3775377869606018 -0.3375377953052521 0.0023866477608680756
v -0.3838675022125244 -0.33000001311302185 0.004198744446039203
v -0.3775377869606018 -0.3375377953052521 0.0023866477608680756
v -0.3833630681037903 -0.3366815447807312 0.0049554067850112946
v -0.3838675022125244 -0.33000001311302185 0.004198744446039203
v -0.3838675022125244 -0.33000001311302185 0.004198744446039203
v -0.3833630681037903 -0.3366815447807312 0.0049554067850112946
v -0.3876776695251465 -0.33000001311302185 0.007322329580783847
v -0.3833630681037903 -0.3366815447807312 0.0049554067850112946
v -0.38720616698265076 -0.33573538064956665 0.007793820947408679
v -0.3876776695251465 -0.33000001311302185 0.007322329580783847
v 0.38720616698265076 -0.33573538064956665 0.007793820947408679
v 0.38599005341529846 -0.340660035610199 0.00900994569063187
v 0.3833630681037903 -0.3366815447807312 0.0049554067850112946
v 0.38599005341529846 -0.340660035610199 0.00900994569063187
v 0.3821267783641815 -0.3421267867088318 0.006809830218553546
v 0.3833630681037903 -0.3366815447807312 0.0049554067850112946
v 0.3833630681037903 -0.3366815447807312 0.0049554067850112946
v 0.3821267783641815 -0.3421267867088318 0.006809830218553546
v 0.3775377869606018 -0.3375377953052521 0.0023866477608680756
v 0.3821267783641815 -0.3421267867088318 0.006809830218553546
v 0.37668153643608093 -0.34336307644844055 0.0049554067850112946
v 0.3775377869606018 -0.3375377953052521 0.0023866477608680756
v 0.3775377869606018 -0.3375377953052521 0.0023866477608680756
v 0.37668153643608093 -0.34336307644844055 0.0049554067850112946
v 0.3700000047683716 -0.3379057049751282 0.0012829187512397797
v 0.37668153643608093 -0.34336307644844055 0.0049554067850112946
v 0.3700000047683716 -0.3438675105571747 0.004198744446039203
v 0.3700000047683716 -0.3379057049751282 0.0012829187512397797
v 0.3700000047683716 -0.3379057049751282 0.0012829187512397797
v 0.3700000047683716 -0.3438675105571747 0.004198744446039203
v -0.3700000047683716 -0.3379057049751282 0.0012829187512397797
v 0.3700000047683716 -0.3438675105571747 0.004198744446039203
v -0.3700000047683716 -0.3438675105571747 0.004198744446039203
v -0.3700000047683716 -0.3379057049751282 0.0012829187512397797
v -0.3700000047683716 -0.3379057049751282 0.0012829187512397797
v -0.3700000047683716 -0.3438675105571747 0.004198744446039203
v -0.3775377869606018 -0.3375377953052521 0.0023866477608680756
v -0.3700000047683716 -0.3438675105571747 0.004198744446039203
v -0.37668153643608093 -0.34336307644844055 0.0049554067850112946
v -0.3775377869606018 -0.3375377953052521 0.0023866477608680756
v -0.3775377869606018 -0.3375377953052521 0.0023866477608680756
v -0.37668153643608093 -0.34336307644844055 0.0049554067850112946
v -0.3833630681037903 -0.3366815447807312 0.0049554067850112946
v -0.37668153643608093 -0.34336307644844055 0.0049554067850112946
v -0.3821267783641815 -0.3421267867088318 0.006809830218553546
v -0.3833630681037903 -0.3366815447807312 0.0049554067850112946
v -0.3833630681037903 -0.3366815447807312 0.0049554067850112946
v -0.3821267783641815 -0.3421267867088318 0.006809830218553546
v -0.38720616698265076 -0.33573538064956665 0.007793820947408679
v -0.3821267783641815 -0.3421267867088318 0.006809830218553546
v -0.38599005341529846 -0.340660035610199 0.00900994569063187
v -0.38720616698265076 -0.33573538064956665 0.007793820947408679
v 0.38599005341529846 -0.340660035610199 0.00900994569063187
v 0.3844337463378906 -0.3444337546825409 0.010566241592168811
v 0.3821267783641815 -0.3421267867088318 0.006809830218553546
v 0.3844337463378906 -0.3444337546825409 0.010566241592168811
v 0.3806600272655487 -0.34599006175994873 0.00900994569063187
v 0.3821267783641815 -0.3421267867088318 0.006809830218553546
v 0.3821267783641815 -0.3421267867088318 0.006809830218553546
v 0.3806600272655487 -0.34599006175994873 0.00900994569063187
v 0.37668153643608093 -0.34336307644844055 0.0049554067850112946
v 0.3806600272655487 -0.34599006175994873 0.00900994569063187
v 0.37573540210723877 -0.347206175327301 0.007793820947408679
v 0.37668153643608093 -0.34336307644844055 0.0049554067850112946
v 0.37668153643608093 -0.34336307644844055 0.0049554067850112946
v 0.37573540210723877 -0.347206175327301 0.007793820947408679
v 0.3700000047683716 -0.3438675105571747 0.004198744446039203
v 0.37573540210723877 -0.347206175327301 0.007793820947408679
v 0.3700000047683716 -0.34767767786979675 0.007322329580783847
v 0.3700000047683716 -0.3438675105571747 0.004198744446039203
v 0.3700000047683716 -0.3438675105571747 0.004198744446039203
v 0.3700000047683716 -0.34767767786979675 0.007322329580783847
v -0.3700000047683716 -0.3438675105571747 0.004198744446039203
v 0.3700000047683716 -0.34767767786979675 0.007322329580783847
v -0.3700000047683716 -0.34767767786979675 0.007322329580783847
v -0.3700000047683716 -0.3438675105571747 0.004198744446039203
v -0.3700000047683716 -0.3438675105571747 0.004198744446039203
v -0.3700000047683716 -0.34767767786979675 0.007322329580783847
v -0.37668153643608093 -0.34336307644844055 0.0049554067850112946
v -0.3700000047683716 -0.34767767786979675 0.007322329580783847
v -0.37573540210723877 -0.347206175327301 0.007793820947408679
v -0.37668153643608093 -0.34336307644844055 0.0049554067850112946
v -0.37668153643608093 -0.34336307644844055 0.0049554067850112946
v -0.37573540210723877 -0.347206175327301 0.007793820947408679
v -0.3821267783641815 -0.3421267867088318 0.006809830218553546
v -0.37573540210723877 -0.347206175327301 0.007793820947408679
v -0.3806600272655487 -0.34599006175994873 0.00900994569063187
v -0.3821267783641815 -0.3421267867088318 0.006809830218553546
v -0.3821267783641815 -0.3421267867088318 0.006809830218553546
v -0.3806600272655487 -0.34599006175994873 0.00900994569063187
v -0.38599005341529846 -0.340660035610199 0.00900994569063187
v -0.3806600272655487 -0.34599006175994873 0.00900994569063187
v -0.3844337463378906 -0.3444337546825409 0.010566241592168811
v -0.38599005341529846 -0.340660035610199 0.00900994569063187
vt 0 1
vt 0 0.9929428100585938
vt 0.06644532829523087 1
vt 0 0.9929428100585938
vt 0.06644532829523087 0.9929428100585938
vt 0.06644532829523087 1
vt 0.06644532829523087 1
vt 0.06644532829523087 0.9929428100585938
vt 0.15606845915317535 1
vt 0.06644532829523087 0.9929428100585938
vt 0.15606845915317535 0.9929428100585938
vt 0.15606845915317535 1
vt 0.15606845915317535 1
vt 0.15606845915317535 0.9929428100585938
vt 0.26437294483184814 1
vt 0.15606845915317535 0.9929428100585938
vt 0.26437294483184814 0.9929428100585938
vt 0.26437294483184814 1
vt 0.26437294483184814 1
vt 0.26437294483184814 0.9929428100585938
vt 0.7356270551681519 1
vt 0.26437294483184814 0.9929428100585938
vt 0.7356270551681519 0.9929428100585938
vt 0.7356270551681519 1
vt 0.7356270551681519 1
vt 0.7356270551681519 0.9929428100585938
vt 0.8439315557479858 1
vt 0.7356270551681519 0.9929428100585938
vt 0.8439315557479858 0.9929428100585938
vt 0.8439315557479858 1
vt 0.8439315557479858 1
vt 0.8439315557479858 0.9929428100585938
vt 0.9335546493530273 1
vt 0.8439315557479858 0.9929428100585938
vt 0.9335546493530273 0.9929428100585938
vt 0.9335546493530273 1
vt 0.9335546493530273 1
vt 0.9335546493530273 0.9929428100585938
vt 1 1
vt 0.9335546493530273 0.9929428100585938
vt 1 0.9929428100585938
vt 1 1
vt 0 0.9929428100585938
vt 0 0.9834238886833191
vt 0.06644532829523087 0.9929428100585938
vt 0 0.9834238886833191
vt 0.06644532829523087 0.9834238886833191
vt 0.06644532829523087 0.9929428100585938
vt 0.06644532829523087 0.9929428100585938
vt 0.06644532829523087 0.9834238886833191
vt 0.15606845915317535 0.9929428100585938
vt 0.06644532829523087 0.9834238886833191
vt 0.15606845915317535 0.9834238886833191
vt 0.15606845915317535 0.9929428100585938
vt 0.15606845915317535 0.9929428100585938
vt 0.15606845915317535 0.9834238886833191
vt 0.26437294483184814 0.9929428100585938
vt 0.15606845915317535 0.9834238886833191
vt 0.26437294483184814 0.9834238886833191
vt 0.26437294483184814 0.9929428100585938
vt 0.26437294483184814 0.9929428100585938
vt 0.26437294483184814 0.9834238886833191
vt 0.7356270551681519 0.9929428100585938
vt 0.26437294483184814 0.9834238886833191
vt 0.7356270551681519 0.9834238886833191
vt 0.7356270551681519 0.9929428100585938
vt 0.7356270551681519 0.9929428100585938
vt 0.7356270551681519 0.9834238886833191
vt 0.8439315557479858 0.9929428100585938
vt 0.7356270551681519 0.9834238886833191
vt 0.8439315557479858 0.9834238886833191
vt 0.8439315557479858 0.9929428100585938
vt 0.8439315557479858 0.9929428100585938
vt 0.8439315557479858 0.9834238886833191
vt 0.9335546493530273 0.9929428100585938
vt 0.8439315557479858 0.9834238886833191
vt 0.9335546493530273 0.9834238886833191
vt 0.9335546493530273 0.9929428100585938
vt 0.9335546493530273 0.9929428100585938
vt 0.9335546493530273 0.9834238886833191
vt 1 0.9929428100585938
vt 0.9335546493530273 0.9834238886833191
vt 1 0.9834238886833191
vt 1 0.9929428100585938
vt 0 0.9834238886833191
vt 0 0.9719207882881165
vt 0.06644532829523087 0.9834238886833191
vt 0 0.9719207882881165
vt 0.06644532829523087 0.9719207882881165
vt 0.06644532829523087 0.9834238886833191
vt 0.06644532829523087 0.9834238886833191
vt 0.06644532829523087 0.9719207882881165
vt 0.15606845915317535 0.9834238886833191
vt 0.06644532829523087 0.9719207882881165
vt 0.15606845915317535 0.9719207882881165
vt 0.15606845915317535 0.9834238886833191
vt 0.15606845915317535 0.9834238886833191
vt 0.15606845915317535 0.9719207882881165
vt 0.26437294483184814 0.9834238886833191
vt 0.15606845915317535 0.9719207882881165
vt 0.26437294483184814 0.9719207882881165
vt 0.26437294483184814 0.9834238886833191
vt 0.26437294483184814 0.9834238886833191
vt 0.26437294483184814 0.9719207882881165
vt 0.7356270551681519 0.9834238886833191
vt 0.26437294483184814 0.9719207882881165
vt 0.7356270551681519 0.9719207882881165
vt 0.7356270551681519 0.9834238886833191
vt 0.7356270551681519 0.9834238886833191
vt 0.7356270551681519 0.9719207882881165
vt 0.8439315557479858 0.9834238886833191
vt 0.7356270551681519 0.9719207882881165
vt 0.8439315557479858 0.9719207882881165
vt 0.8439315557479858 0.9834238886833191
vt 0.8439315557479858 0.9834238886833191
vt 0.8439315557479858 0.9719207882881165
vt 0.9335546493530273 0.9834238886833191
vt 0.8439315557479858 0.9719207882881165
vt 0.9335546493530273 0.9719207882881165
vt 0.9335546493530273 0.9834238886833191
vt 0.9335546493530273 0.9834238886833191
vt 0.9335546493530273 0.9719207882881165
vt 1 0.9834238886833191
vt 0.9335546493530273 0.9719207882881165
vt 1 0.9719207882881165
vt 1 0.9834238886833191
vt 0 0.9719207882881165
vt 0 0.02807922102510929
vt 0.06644532829523087 0.9719207882881165
vt 0 0.02807922102510929
vt 0.06644532829523087 0.02807922102510929
vt 0.06644532829523087 0.9719207882881165
vt 0.06644532829523087 0.9719207882881165
vt 0.06644532829523087 0.02807922102510929
vt 0.15606845915317535 0.9719207882881165
vt 0.06644532829523087 0.02807922102510929
vt 0.15606845915317535 0.02807922102510929
vt 0.15606845915317535 0.9719207882881165
vt 0.15606845915317535 0.9719207882881165
vt 0.15606845915317535 0.02807922102510929
vt 0.26437294483184814 0.9719207882881165
vt 0.15606845915317535 0.02807922102510929
vt 0.26437294483184814 0.02807922102510929
vt 0.26437294483184814 0.9719207882881165
vt 0.26437294483184814 0.9719207882881165
vt 0.26437294483184814 0.02807922102510929
vt 0.7356270551681519 0.9719207882881165
vt 0.26437294483184814 0.02807922102510929
vt 0.7356270551681519 0.02807922102510929
vt 0.7356270551681519 0.9719207882881165
vt 0.7356270551681519 0.9719207882881165
vt 0.7356270551681519 0.02807922102510929
vt 0.8439315557479858 0.9719207882881165
vt 0.7356270551681519 0.02807922102510929
vt 0.8439315557479858 0.02807922102510929
vt 0.8439315557479858 0.9719207882881165
vt 0.8439315557479858 0.9719207882881165
vt 0.8439315557479858 0.02807922102510929
vt 0.9335546493530273 0.9719207882881165
vt 0.8439315557479858 0.02807922102510929
vt 0.9335546493530273 0.02807922102510929
vt 0.9335546493530273 0.9719207882881165
vt 0.9335546493530273 0.9719207882881165
vt 0.9335546493530273 0.02807922102510929
vt 1 0.9719207882881165
vt 0.9335546493530273 0.02807922102510929
vt 1 0.02807922102510929
vt 1 0.9719207882881165
vt 0 0.02807922102510929
vt 0 0.01657613180577755
vt 0.06644532829523087 0.02807922102510929
vt 0 0.01657613180577755
vt 0.06644532829523087 0.01657613180577755
vt 0.06644532829523087 0.02807922102510929
vt 0.06644532829523087 0.02807922102510929
vt 0.06644532829523087 0.01657613180577755
vt 0.15606845915317535 0.02807922102510929
vt 0.06644532829523087 0.01657613180577755
vt 0.15606845915317535 0.01657613180577755
vt 0.15606845915317535 0.02807922102510929
vt 0.15606845915317535 0.02807922102510929
vt 0.15606845915317535 0.01657613180577755
vt 0.26437294483184814 0.02807922102510929
vt 0.15606845915317535 0.01657613180577755
vt 0.26437294483184814 0.01657613180577755
vt 0.26437294483184814 0.02807922102510929
vt 0.26437294483184814 0.02807922102510929
vt 0.26437294483184814 0.01657613180577755
vt 0.7356270551681519 0.02807922102510929
vt 0.26437294483184814 0.01657613180577755
vt 0.7356270551681519 0.01657613180577755
vt 0.7356270551681519 0.02807922102510929
vt 0.7356270551681519 0.02807922102510929
vt 0.7356270551681519 0.01657613180577755
vt 0.8439315557479858 0.02807922102510929
vt 0.7356270551681519 0.01657613180577755
vt 0.8439315557479858 0.01657613180577755
vt 0.8439315557479858 0.02807922102510929
vt 0.8439315557479858 0.02807922102510929
vt 0.8439315557479858 0.01657613180577755
vt 0.9335546493530273 0.02807922102510929
vt 0.8439315557479858 0.01657613180577755
vt 0.9335546493530273 0.01657613180577755
vt 0.9335546493530273 0.02807922102510929
vt 0.9335546493530273 0.02807922102510929
vt 0.9335546493530273 0.01657613180577755
vt 1 0.02807922102510929
vt 0.9335546493530273 0.01657613180577755
vt 1 0.01657613180577755
vt 1 0.02807922102510929
vt 0 0.01657613180577755
vt 0 0.007057201582938433
vt 0.06644532829523087 0.01657613180577755
vt 0 0.007057201582938433
vt 0.06644532829523087 0.007057201582938433
vt 0.06644532829523087 0.01657613180577755
vt 0.06644532829523087 0.01657613180577755
vt 0.06644532829523087 0.007057201582938433
vt 0.15606845915317535 0.01657613180577755
vt 0.06644532829523087 0.007057201582938433
vt 0.15606845915317535 0.007057201582938433
vt 0.15606845915317535 0.01657613180577755
vt 0.15606845915317535 0.01657613180577755
vt 0.15606845915317535 0.007057201582938433
vt 0.26437294483184814 0.01657613180577755
vt 0.15606845915317535 0.007057201582938433
vt 0.26437294483184814 0.007057201582938433
vt 0.26437294483184814 0.01657613180577755
vt 0.26437294483184814 0.01657613180577755
vt 0.26437294483184814 0.007057201582938433
vt 0.7356270551681519 0.01657613180577755
vt 0.26437294483184814 0.007057201582938433
vt 0.7356270551681519 0.007057201582938433
vt 0.7356270551681519 0.01657613180577755
vt 0.7356270551681519 0.01657613180577755
vt 0.7356270551681519 0.007057201582938433
vt 0.8439315557479858 0.01657613180577755
vt 0.7356270551681519 0.007057201582938433
vt 0.8439315557479858 0.007057201582938433
vt 0.8439315557479858 0.01657613180577755
vt 0.8439315557479858 0.01657613180577755
vt 0.8439315557479858 0.007057201582938433
vt 0.9335546493530273 0.01657613180577755
vt 0.8439315557479858 0.007057201582938433
vt 0.9335546493530273 0.007057201582938433
vt 0.9335546493530273 0.01657613180577755
vt 0.9335546493530273 0.01657613180577755
vt 0.9335546493530273 0.007057201582938433
vt 1 0.01657613180577755
vt 0.9335546493530273 0.007057201582938433
vt 1 0.007057201582938433
vt 1 0.01657613180577755
vt 0 0.007057201582938433
vt 0 0
vt 0.06644532829523087 0.007057201582938433
vt 0 0
vt 0.06644532829523087 0
vt 0.06644532829523087 0.007057201582938433
vt 0.06644532829523087 0.007057201582938433
vt 0.06644532829523087 0
vt 0.15606845915317535 0.007057201582938433
vt 0.06644532829523087 0
vt 0.15606845915317535 0
vt 0.15606845915317535 0.007057201582938433
vt 0.15606845915317535 0.007057201582938433
vt 0.15606845915317535 0
vt 0.26437294483184814 0.007057201582938433
vt 0.15606845915317535 0
vt 0.26437294483184814 0
vt 0.26437294483184814 0.007057201582938433
vt 0.26437294483184814 0.007057201582938433
vt 0.26437294483184814 0
vt 0.7356270551681519 0.007057201582938433
vt 0.26437294483184814 0
vt 0.7356270551681519 0
vt 0.7356270551681519 0.007057201582938433
vt 0.7356270551681519 0.007057201582938433
vt 0.7356270551681519 0
vt 0.8439315557479858 0.007057201582938433
vt 0.7356270551681519 0
vt 0.8439315557479858 0
vt 0.8439315557479858 0.007057201582938433
vt 0.8439315557479858 0.007057201582938433
vt 0.8439315557479858 0
vt 0.9335546493530273 0.007057201582938433
vt 0.8439315557479858 0
vt 0.9335546493530273 0
vt 0.9335546493530273 0.007057201582938433
vt 0.9335546493530273 0.007057201582938433
vt 0.9335546493530273 0
vt 1 0.007057201582938433
vt 0.9335546493530273 0
vt 1 0
vt 1 0.007057201582938433
vt 0 1
vt 0 0.9929428100585938
vt 0.06644532829523087 1
vt 0 0.9929428100585938
vt 0.06644532829523087 0.9929428100585938
vt 0.06644532829523087 1
vt 0.06644532829523087 1
vt 0.06644532829523087 0.9929428100585938
vt 0.15606845915317535 1
vt 0.06644532829523087 0.9929428100585938
vt 0.15606845915317535 0.9929428100585938
vt 0.15606845915317535 1
vt 0.15606845915317535 1
vt 0.15606845915317535 0.9929428100585938
vt 0.26437294483184814 1
vt 0.15606845915317535 0.9929428100585938
vt 0.26437294483184814 0.9929428100585938
vt 0.26437294483184814 1
vt 0.26437294483184814 1
vt 0.26437294483184814 0.9929428100585938
vt 0.7356270551681519 1
vt 0.26437294483184814 0.9929428100585938
vt 0.7356270551681519 0.9929428100585938
vt 0.7356270551681519 1
vt 0.7356270551681519 1
vt 0.7356270551681519 0.9929428100585938
vt 0.8439315557479858 1
vt 0.7356270551681519 0.9929428100585938
vt 0.8439315557479858 0.9929428100585938
vt 0.8439315557479858 1
vt 0.8439315557479858 1
vt 0.8439315557479858 0.9929428100585938
vt 0.9335546493530273 1
vt 0.8439315557479858 0.9929428100585938
vt 0.9335546493530273 0.9929428100585938
vt 0.9335546493530273 1
vt 0.9335546493530273 1
vt 0.9335546493530273 0.9929428100585938
vt 1 1
vt 0.9335546493530273 0.9929428100585938
vt 1 0.9929428100585938
vt 1 1
vt 0 0.9929428100585938
vt 0 0.9834238886833191
vt 0.06644532829523087 0.9929428100585938
vt 0 0.9834238886833191
vt 0.06644532829523087 0.9834238886833191
vt 0.06644532829523087 0.9929428100585938
vt 0.06644532829523087 0.9929428100585938
vt 0.06644532829523087 0.9834238886833191
vt 0.15606845915317535 0.9929428100585938
vt 0.06644532829523087 0.9834238886833191
vt 0.15606845915317535 0.9834238886833191
vt 0.15606845915317535 0.9929428100585938
vt 0.15606845915317535 0.9929428100585938
vt 0.15606845915317535 0.9834238886833191
vt 0.26437294483184814 0.9929428100585938
vt 0.15606845915317535 0.9834238886833191
vt 0.26437294483184814 0.9834238886833191
vt 0.26437294483184814 0.9929428100585938
vt 0.26437294483184814 0.9929428100585938
vt 0.26437294483184814 0.9834238886833191
vt 0.7356270551681519 0.9929428100585938
vt 0.26437294483184814 0.9834238886833191
vt 0.7356270551681519 0.9834238886833191
vt 0.7356270551681519 0.9929428100585938
vt 0.7356270551681519 0.9929428100585938
vt 0.7356270551681519 0.9834238886833191
vt 0.8439315557479858 0.9929428100585938
vt 0.7356270551681519 0.9834238886833191
vt 0.8439315557479858 0.9834238886833191
vt 0.8439315557479858 0.9929428100585938
vt 0.8439315557479858 0.9929428100585938
vt 0.8439315557479858 0.9834238886833191
vt 0.9335546493530273 0.9929428100585938
vt 0.8439315557479858 0.9834238886833191
vt 0.9335546493530273 0.9834238886833191
vt 0.9335546493530273 0.9929428100585938
vt 0.9335546493530273 0.9929428100585938
vt 0.9335546493530273 0.9834238886833191
vt 1 0.9929428100585938
vt 0.9335546493530273 0.9834238886833191
vt 1 0.9834238886833191
vt 1 0.9929428100585938
vt 0 0.9834238886833191
vt 0 0.9719207882881165
vt 0.06644532829523087 0.9834238886833191
vt 0 0.9719207882881165
vt 0.06644532829523087 0.9719207882881165
vt 0.06644532829523087 0.9834238886833191
vt 0.06644532829523087 0.9834238886833191
vt 0.06644532829523087 0.9719207882881165
vt 0.15606845915317535 0.9834238886833191
vt 0.06644532829523087 0.9719207882881165
vt 0.15606845915317535 0.9719207882881165
vt 0.15606845915317535 0.9834238886833191
vt 0.15606845915317535 0.9834238886833191
vt 0.15606845915317535 0.9719207882881165
vt 0.26437294483184814 0.9834238886833191
vt 0.15606845915317535 0.9719207882881165
vt 0.26437294483184814 0.9719207882881165
vt 0.26437294483184814 0.9834238886833191
vt 0.26437294483184814 0.9834238886833191
vt 0.26437294483184814 0.9719207882881165
vt 0.7356270551681519 0.9834238886833191
vt 0.26437294483184814 0.9719207882881165
vt 0.7356270551681519 0.9719207882881165
vt 0.7356270551681519 0.9834238886833191
vt 0.7356270551681519 0.9834238886833191
vt 0.7356270551681519 0.9719207882881165
vt 0.8439315557479858 0.9834238886833191
vt 0.7356270551681519 0.9719207882881165
vt 0.8439315557479858 0.9719207882881165
vt 0.8439315557479858 0.9834238886833191
vt 0.8439315557479858 0.9834238886833191
vt 0.8439315557479858 0.9719207882881165
vt 0.9335546493530273 0.9834238886833191
vt 0.8439315557479858 0.9719207882881165
vt 0.9335546493530273 0.9719207882881165
vt 0.9335546493530273 0.9834238886833191
vt 0.9335546493530273 0.9834238886833191
vt 0.9335546493530273 0.9719207882881165
vt 1 0.9834238886833191
vt 0.9335546493530273 0.9719207882881165
vt 1 0.9719207882881165
vt 1 0.9834238886833191
vt 0 0.9719207882881165
vt 0 0.02807922102510929
vt 0.06644532829523087 0.9719207882881165
vt 0 0.02807922102510929
vt 0.06644532829523087 0.02807922102510929
vt 0.06644532829523087 0.9719207882881165
vt 0.06644532829523087 0.9719207882881165
vt 0.06644532829523087 0.02807922102510929
vt 0.15606845915317535 0.9719207882881165
vt 0.06644532829523087 0.02807922102510929
vt 0.15606845915317535 0.02807922102510929
vt 0.15606845915317535 0.9719207882881165
vt 0.15606845915317535 0.9719207882881165
vt 0.15606845915317535 0.02807922102510929
vt 0.26437294483184814 0.9719207882881165
vt 0.15606845915317535 0.02807922102510929
vt 0.26437294483184814 0.02807922102510929
vt 0.26437294483184814 0.9719207882881165
vt 0.26437294483184814 0.9719207882881165
vt 0.26437294483184814 0.02807922102510929
vt 0.7356270551681519 0.9719207882881165
vt 0.26437294483184814 0.02807922102510929
vt 0.7356270551681519 0.02807922102510929
vt 0.7356270551681519 0.9719207882881165
vt 0.7356270551681519 0.9719207882881165
vt 0.7356270551681519 0.02807922102510929
vt 0.8439315557479858 0.9719207882881165
vt 0.7356270551681519 0.02807922102510929
vt 0.8439315557479858 0.02807922102510929
vt 0.8439315557479858 0.9719207882881165
vt 0.8439315557479858 0.9719207882881165
vt 0.8439315557479858 0.02807922102510929
vt 0.9335546493530273 0.9719207882881165
vt 0.8439315557479858 0.02807922102510929
vt 0.9335546493530273 0.02807922102510929
vt 0.9335546493530273 0.9719207882881165
vt 0.9335546493530273 0.9719207882881165
vt 0.9335546493530273 0.02807922102510929
vt 1 0.9719207882881165
vt 0.9335546493530273 0.02807922102510929
vt 1 0.02807922102510929
vt 1 0.9719207882881165
vt 0 0.02807922102510929
vt 0 0.01657613180577755
vt 0.06644532829523087 0.02807922102510929
vt 0 0.01657613180577755
vt 0.06644532829523087 0.01657613180577755
vt 0.06644532829523087 0.02807922102510929
vt 0.06644532829523087 0.02807922102510929
vt 0.06644532829523087 0.01657613180577755
vt 0.15606845915317535 0.02807922102510929
vt 0.06644532829523087 0.01657613180577755
vt 0.15606845915317535 0.01657613180577755
vt 0.15606845915317535 0.02807922102510929
vt 0.15606845915317535 0.02807922102510929
vt 0.15606845915317535 0.01657613180577755
vt 0.26437294483184814 0.02807922102510929
vt 0.15606845915317535 0.01657613180577755
vt 0.26437294483184814 0.01657613180577755
vt 0.26437294483184814 0.02807922102510929
vt 0.26437294483184814 0.02807922102510929
vt 0.26437294483184814 0.01657613180577755
vt 0.7356270551681519 0.02807922102510929
vt 0.26437294483184814 0.01657613180577755
vt 0.7356270551681519 0.01657613180577755
vt 0.7356270551681519 0.02807922102510929
vt 0.7356270551681519 0.02807922102510929
vt 0.7356270551681519 0.01657613180577755
vt 0.8439315557479858 0.02807922102510929
vt 0.7356270551681519 0.01657613180577755
vt 0.8439315557479858 0.01657613180577755
vt 0.8439315557479858 0.02807922102510929
vt 0.8439315557479858 0.02807922102510929
vt 0.8439315557479858 0.01657613180577755
vt 0.9335546493530273 0.02807922102510929
vt 0.8439315557479858 0.01657613180577755
vt 0.9335546493530273 0.01657613180577755
vt 0.9335546493530273 0.02807922102510929
vt 0.9335546493530273 0.02807922102510929
vt 0.9335546493530273 0.01657613180577755
vt 1 0.02807922102510929
vt 0.9335546493530273 0.01657613180577755
vt 1 0.01657613180577755
vt 1 0.02807922102510929
vt 0 0.01657613180577755
vt 0 0.007057201582938433
vt 0.06644532829523087 0.01657613180577755
vt 0 0.007057201582938433
vt 0.06644532829523087 0.007057201582938433
vt 0.06644532829523087 0.01657613180577755
vt 0.06644532829523087 0.01657613180577755
vt 0.06644532829523087 0.007057201582938433
vt 0.15606845915317535 0.01657613180577755
vt 0.06644532829523087 0.007057201582938433
vt 0.15606845915317535 0.007057201582938433
vt 0.15606845915317535 0.01657613180577755
vt 0.15606845915317535 0.01657613180577755
vt 0.15606845915317535 0.007057201582938433
vt 0.26437294483184814 0.01657613180577755
vt 0.15606845915317535 0.007057201582938433
vt 0.26437294483184814 0.007057201582938433
vt 0.26437294483184814 0.01657613180577755
vt 0.26437294483184814 0.01657613180577755
vt 0.26437294483184814 0.007057201582938433
vt 0.7356270551681519 0.01657613180577755
vt 0.26437294483184814 0.007057201582938433
vt 0.7356270551681519 0.007057201582938433
vt 0.7356270551681519 0.01657613180577755
vt 0.7356270551681519 0.01657613180577755
vt 0.7356270551681519 0.007057201582938433
vt 0.8439315557479858 0.01657613180577755
vt 0.7356270551681519 0.007057201582938433
vt 0.8439315557479858 0.007057201582938433
vt 0.8439315557479858 0.01657613180577755
vt 0.8439315557479858 0.01657613180577755
vt 0.8439315557479858 0.007057201582938433
vt 0.9335546493530273 0.01657613180577755
vt 0.8439315557479858 0.007057201582938433
vt 0.9335546493530273 0.007057201582938433
vt 0.9335546493530273 0.01657613180577755
vt 0.9335546493530273 0.01657613180577755
vt 0.9335546493530273 0.007057201582938433
vt 1 0.01657613180577755
vt 0.9335546493530273 0.007057201582938433
vt 1 0.007057201582938433
vt 1 0.01657613180577755
vt 0 0.007057201582938433
vt 0 0
vt 0.06644532829523087 0.007057201582938433
vt 0 0
vt 0.06644532829523087 0
vt 0.06644532829523087 0.007057201582938433
vt 0.06644532829523087 0.007057201582938433
vt 0.06644532829523087 0
vt 0.15606845915317535 0.007057201582938433
vt 0.06644532829523087 0
vt 0.15606845915317535 0
vt 0.15606845915317535 0.007057201582938433
vt 0.15606845915317535 0.007057201582938433
vt 0.15606845915317535 0
vt 0.26437294483184814 0.007057201582938433
vt 0.15606845915317535 0
vt 0.26437294483184814 0
vt 0.26437294483184814 0.007057201582938433
vt 0.26437294483184814 0.007057201582938433
vt 0.26437294483184814 0
vt 0.7356270551681519 0.007057201582938433
vt 0.26437294483184814 0
vt 0.7356270551681519 0
vt 0.7356270551681519 0.007057201582938433
vt 0.7356270551681519 0.007057201582938433
vt 0.7356270551681519 0
vt 0.8439315557479858 0.007057201582938433
vt 0.7356270551681519 0
vt 0.8439315557479858 0
vt 0.8439315557479858 0.007057201582938433
vt 0.8439315557479858 0.007057201582938433
vt 0.8439315557479858 0
vt 0.9335546493530273 0.007057201582938433
vt 0.8439315557479858 0
vt 0.9335546493530273 0
vt 0.9335546493530273 0.007057201582938433
vt 0.9335546493530273 0.007057201582938433
vt 0.9335546493530273 0
vt 1 0.007057201582938433
vt 0.9335546493530273 0
vt 1 0
vt 1 0.007057201582938433
vt 0 1
vt 0 0.9335546493530273
vt 0.006332708057016134 1
vt 0 0.9335546493530273
vt 0.006332708057016134 0.9335546493530273
vt 0.006332708057016134 1
vt 0.006332708057016134 1
vt 0.006332708057016134 0.9335546493530273
vt 0.014874422922730446 1
vt 0.006332708057016134 0.9335546493530273
vt 0.014874422922730446 0.9335546493530273
vt 0.014874422922730446 1
vt 0.014874422922730446 1
vt 0.014874422922730446 0.9335546493530273
vt 0.025196602568030357 1
vt 0.014874422922730446 0.9335546493530273
vt 0.025196602568030357 0.9335546493530273
vt 0.025196602568030357 1
vt 0.025196602568030357 1
vt 0.025196602568030357 0.9335546493530273
vt 0.9748033881187439 1
vt 0.025196602568030357 0.9335546493530273
vt 0.9748033881187439 0.9335546493530273
vt 0.9748033881187439 1
vt 0.9748033881187439 1
vt 0.9748033881187439 0.9335546493530273
vt 0.9851256012916565 1
vt 0.9748033881187439 0.9335546493530273
vt 0.9851256012916565 0.9335546493530273
vt 0.9851256012916565 1
vt 0.9851256012916565 1
vt 0.9851256012916565 0.9335546493530273
vt 0.9936673045158386 1
vt 0.9851256012916565 0.9335546493530273
vt 0.9936673045158386 0.9335546493530273
vt 0.9936673045158386 1
vt 0.9936673045158386 1
vt 0.9936673045158386 0.9335546493530273
vt 1 1
vt 0.9936673045158386 0.9335546493530273
vt 1 0.9335546493530273
vt 1 1
vt 0 0.9335546493530273
vt 0 0.8439315557479858
vt 0.006332708057016134 0.9335546493530273
vt 0 0.8439315557479858
vt 0.006332708057016134 0.8439315557479858
vt 0.006332708057016134 0.9335546493530273
vt 0.006332708057016134 0.9335546493530273
vt 0.006332708057016134 0.8439315557479858
vt 0.014874422922730446 0.9335546493530273
vt 0.006332708057016134 0.8439315557479858
vt 0.014874422922730446 0.8439315557479858
vt 0.014874422922730446 0.9335546493530273
vt 0.014874422922730446 0.9335546493530273
vt 0.014874422922730446 0.8439315557479858
vt 0.025196602568030357 0.9335546493530273
vt 0.014874422922730446 0.8439315557479858
vt 0.025196602568030357 0.8439315557479858
vt 0.025196602568030357 0.9335546493530273
vt 0.025196602568030357 0.9335546493530273
vt 0.025196602568030357 0.8439315557479858
vt 0.9748033881187439 0.9335546493530273
vt 0.025196602568030357 0.8439315557479858
vt 0.9748033881187439 0.8439315557479858
vt 0.9748033881187439 0.9335546493530273
vt 0.9748033881187439 0.9335546493530273
vt 0.9748033881187439 0.8439315557479858
vt 0.9851256012916565 0.9335546493530273
vt 0.9748033881187439 0.8439315557479858
vt 0.9851256012916565 0.8439315557479858
vt 0.9851256012916565 0.9335546493530273
vt 0.9851256012916565 0.9335546493530273
vt 0.9851256012916565 0.8439315557479858
vt 0.9936673045158386 0.9335546493530273
vt 0.9851256012916565 0.8439315557479858
vt 0.9936673045158386 0.8439315557479858
vt 0.9936673045158386 0.9335546493530273
vt 0.9936673045158386 0.9335546493530273
vt 0.9936673045158386 0.8439315557479858
vt 1 0.9335546493530273
vt 0.9936673045158386 0.8439315557479858
vt 1 0.8439315557479858
vt 1 0.9335546493530273
vt 0 0.8439315557479858
vt 0 0.7356270551681519
vt 0.006332708057016134 0.8439315557479858
vt 0 0.7356270551681519
vt 0.006332708057016134 0.7356270551681519
vt 0.006332708057016134 0.8439315557479858
vt 0.006332708057016134 0.8439315557479858
vt 0.006332708057016134 0.7356270551681519
vt 0.014874422922730446 0.8439315557479858
vt 0.006332708057016134 0.7356270551681519
vt 0.014874422922730446 0.7356270551681519
vt 0.014874422922730446 0.8439315557479858
vt 0.014874422922730446 0.8439315557479858
vt 0.014874422922730446 0.7356270551681519
vt 0.025196602568030357 0.8439315557479858
vt 0.014874422922730446 0.7356270551681519
vt 0.025196602568030357 0.7356270551681519
vt 0.025196602568030357 0.8439315557479858
vt 0.025196602568030357 0.8439315557479858
vt 0.025196602568030357 0.7356270551681519
vt 0.9748033881187439 0.8439315557479858
vt 0.025196602568030357 0.7356270551681519
vt 0.9748033881187439 0.7356270551681519
vt 0.9748033881187439 0.8439315557479858
vt 0.9748033881187439 0.8439315557479858
vt 0.9748033881187439 0.7356270551681519
vt 0.9851256012916565 0.8439315557479858
vt 0.9748033881187439 0.7356270551681519
vt 0.9851256012916565 0.7356270551681519
vt 0.9851256012916565 0.8439315557479858
vt 0.9851256012916565 0.8439315557479858
vt 0.9851256012916565 0.7356270551681519
vt 0.9936673045158386 0.8439315557479858
vt 0.9851256012916565 0.7356270551681519
vt 0.9936673045158386 0.7356270551681519
vt 0.9936673045158386 0.8439315557479858
vt 0.9936673045158386 0.8439315557479858
vt 0.9936673045158386 0.7356270551681519
vt 1 0.8439315557479858
vt 0.9936673045158386 0.7356270551681519
vt 1 0.7356270551681519
vt 1 0.8439315557479858
vt 0 0.7356270551681519
vt 0 0.26437294483184814
vt 0.006332708057016134 0.7356270551681519
vt 0 0.26437294483184814
vt 0.006332708057016134 0.26437294483184814
vt 0.006332708057016134 0.7356270551681519
vt 0.006332708057016134 0.7356270551681519
vt 0.006332708057016134 0.26437294483184814
vt 0.014874422922730446 0.7356270551681519
vt 0.006332708057016134 0.26437294483184814
vt 0.014874422922730446 0.26437294483184814
vt 0.014874422922730446 0.7356270551681519
vt 0.014874422922730446 0.7356270551681519
vt 0.014874422922730446 0.26437294483184814
vt 0.025196602568030357 0.7356270551681519
vt 0.014874422922730446 0.26437294483184814
vt 0.025196602568030357 0.26437294483184814
vt 0.025196602568030357 0.7356270551681519
vt 0.025196602568030357 0.7356270551681519
vt 0.025196602568030357 0.26437294483184814
vt 0.9748033881187439 0.7356270551681519
vt 0.025196602568030357 0.26437294483184814
vt 0.9748033881187439 0.26437294483184814
vt 0.9748033881187439 0.7356270551681519
vt 0.9748033881187439 0.7356270551681519
vt 0.9748033881187439 0.26437294483184814
vt 0.9851256012916565 0.7356270551681519
vt 0.9748033881187439 0.26437294483184814
vt 0.9851256012916565 0.26437294483184814
vt 0.9851256012916565 0.7356270551681519
vt 0.9851256012916565 0.7356270551681519
vt 0.9851256012916565 0.26437294483184814
vt 0.9936673045158386 0.7356270551681519
vt 0.9851256012916565 0.26437294483184814
vt 0.9936673045158386 0.26437294483184814
vt 0.9936673045158386 0.7356270551681519
vt 0.9936673045158386 0.7356270551681519
vt 0.9936673045158386 0.26437294483184814
vt 1 0.7356270551681519
vt 0.9936673045158386 0.26437294483184814
vt 1 0.26437294483184814
vt 1 0.7356270551681519
vt 0 0.26437294483184814
vt 0 0.15606845915317535
vt 0.006332708057016134 0.26437294483184814
vt 0 0.15606845915317535
vt 0.006332708057016134 0.15606845915317535
vt 0.006332708057016134 0.26437294483184814
vt 0.006332708057016134 0.26437294483184814
vt 0.006332708057016134 0.15606845915317535
vt 0.014874422922730446 0.26437294483184814
vt 0.006332708057016134 0.15606845915317535
vt 0.014874422922730446 0.15606845915317535
vt 0.014874422922730446 0.26437294483184814
vt 0.014874422922730446 0.26437294483184814
vt 0.014874422922730446 0.15606845915317535
vt 0.025196602568030357 0.26437294483184814
vt 0.014874422922730446 0.15606845915317535
vt 0.025196602568030357 0.15606845915317535
vt 0.025196602568030357 0.26437294483184814
vt 0.025196602568030357 0.26437294483184814
vt 0.025196602568030357 0.15606845915317535
vt 0.9748033881187439 0.26437294483184814
vt 0.025196602568030357 0.15606845915317535
vt 0.9748033881187439 0.15606845915317535
vt 0.9748033881187439 0.26437294483184814
vt 0.9748033881187439 0.26437294483184814
vt 0.9748033881187439 0.15606845915317535
vt 0.9851256012916565 0.26437294483184814
vt 0.9748033881187439 0.15606845915317535
vt 0.9851256012916565 0.15606845915317535
vt 0.9851256012916565 0.26437294483184814
vt 0.9851256012916565 0.26437294483184814
vt 0.9851256012916565 0.15606845915317535
vt 0.9936673045158386 0.26437294483184814
vt 0.9851256012916565 0.15606845915317535
vt 0.9936673045158386 0.15606845915317535
vt 0.9936673045158386 0.26437294483184814
vt 0.9936673045158386 0.26437294483184814
vt 0.9936673045158386 0.15606845915317535
vt 1 0.26437294483184814
vt 0.9936673045158386 0.15606845915317535
vt 1 0.15606845915317535
vt 1 0.26437294483184814
vt 0 0.15606845915317535
vt 0 0.06644532829523087
vt 0.006332708057016134 0.15606845915317535
vt 0 0.06644532829523087
vt 0.006332708057016134 0.06644532829523087
vt 0.006332708057016134 0.15606845915317535
vt 0.006332708057016134 0.15606845915317535
vt 0.006332708057016134 0.06644532829523087
vt 0.014874422922730446 0.15606845915317535
vt 0.006332708057016134 0.06644532829523087
vt 0.014874422922730446 0.06644532829523087
vt 0.014874422922730446 0.15606845915317535
vt 0.014874422922730446 0.15606845915317535
vt 0.014874422922730446 0.06644532829523087
vt 0.025196602568030357 0.15606845915317535
vt 0.014874422922730446 0.06644532829523087
vt 0.025196602568030357 0.06644532829523087
vt 0.025196602568030357 0.15606845915317535
vt 0.025196602568030357 0.15606845915317535
vt 0.025196602568030357 0.06644532829523087
vt 0.9748033881187439 0.15606845915317535
vt 0.025196602568030357 0.06644532829523087
vt 0.9748033881187439 0.06644532829523087
vt 0.9748033881187439 0.15606845915317535
vt 0.9748033881187439 0.15606845915317535
vt 0.9748033881187439 0.06644532829523087
vt 0.9851256012916565 0.15606845915317535
vt 0.9748033881187439 0.06644532829523087
vt 0.9851256012916565 0.06644532829523087
vt 0.9851256012916565 0.15606845915317535
vt 0.9851256012916565 0.15606845915317535
vt 0.9851256012916565 0.06644532829523087
vt 0.9936673045158386 0.15606845915317535
vt 0.9851256012916565 0.06644532829523087
vt 0.9936673045158386 0.06644532829523087
vt 0.9936673045158386 0.15606845915317535
vt 0.9936673045158386 0.15606845915317535
vt 0.9936673045158386 0.06644532829523087
vt 1 0.15606845915317535
vt 0.9936673045158386 0.06644532829523087
vt 1 0.06644532829523087
vt 1 0.15606845915317535
vt 0 0.06644532829523087
vt 0 0
vt 0.006332708057016134 0.06644532829523087
vt 0 0
vt 0.006332708057016134 0
vt 0.006332708057016134 0.06644532829523087
vt 0.006332708057016134 0.06644532829523087
vt 0.006332708057016134 0
vt 0.014874422922730446 0.06644532829523087
vt 0.006332708057016134 0
vt 0.014874422922730446 0
vt 0.014874422922730446 0.06644532829523087
vt 0.014874422922730446 0.06644532829523087
vt 0.014874422922730446 0
vt 0.025196602568030357 0.06644532829523087
vt 0.014874422922730446 0
vt 0.025196602568030357 0
vt 0.025196602568030357 0.06644532829523087
vt 0.025196602568030357 0.06644532829523087
vt 0.025196602568030357 0
vt 0.9748033881187439 0.06644532829523087
vt 0.025196602568030357 0
vt 0.9748033881187439 0
vt 0.9748033881187439 0.06644532829523087
vt 0.9748033881187439 0.06644532829523087
vt 0.9748033881187439 0
vt 0.9851256012916565 0.06644532829523087
vt 0.9748033881187439 0
vt 0.9851256012916565 0
vt 0.9851256012916565 0.06644532829523087
vt 0.9851256012916565 0.06644532829523087
vt 0.9851256012916565 0
vt 0.9936673045158386 0.06644532829523087
vt 0.9851256012916565 0
vt 0.9936673045158386 0
vt 0.9936673045158386 0.06644532829523087
vt 0.9936673045158386 0.06644532829523087
vt 0.9936673045158386 0
vt 1 0.06644532829523087
vt 0.9936673045158386 0
vt 1 0
vt 1 0.06644532829523087
vt 0 1
vt 0 0.9335546493530273
vt 0.006332708057016134 1
vt 0 0.9335546493530273
vt 0.006332708057016134 0.9335546493530273
vt 0.006332708057016134 1
vt 0.006332708057016134 1
vt 0.006332708057016134 0.9335546493530273
vt 0.014874422922730446 1
vt 0.006332708057016134 0.9335546493530273
vt 0.014874422922730446 0.9335546493530273
vt 0.014874422922730446 1
vt 0.014874422922730446 1
vt 0.014874422922730446 0.9335546493530273
vt 0.025196602568030357 1
vt 0.014874422922730446 0.9335546493530273
vt 0.025196602568030357 0.9335546493530273
vt 0.025196602568030357 1
vt 0.025196602568030357 1
vt 0.025196602568030357 0.9335546493530273
vt 0.9748033881187439 1
vt 0.025196602568030357 0.9335546493530273
vt 0.9748033881187439 0.9335546493530273
vt 0.9748033881187439 1
vt 0.9748033881187439 1
vt 0.9748033881187439 0.9335546493530273
vt 0.9851256012916565 1
vt 0.9748033881187439 0.9335546493530273
vt 0.9851256012916565 0.9335546493530273
vt 0.9851256012916565 1
vt 0.9851256012916565 1
vt 0.9851256012916565 0.9335546493530273
vt 0.9936673045158386 1
vt 0.9851256012916565 0.9335546493530273
vt 0.9936673045158386 0.9335546493530273
vt 0.9936673045158386 1
vt 0.9936673045158386 1
vt 0.9936673045158386 0.9335546493530273
vt 1 1
vt 0.9936673045158386 0.9335546493530273
vt 1 0.9335546493530273
vt 1 1
vt 0 0.9335546493530273
vt 0 0.8439315557479858
vt 0.006332708057016134 0.9335546493530273
vt 0 0.8439315557479858
vt 0.006332708057016134 0.8439315557479858
vt 0.006332708057016134 0.9335546493530273
vt 0.006332708057016134 0.9335546493530273
vt 0.006332708057016134 0.8439315557479858
vt 0.014874422922730446 0.9335546493530273
vt 0.006332708057016134 0.8439315557479858
vt 0.014874422922730446 0.8439315557479858
vt 0.014874422922730446 0.9335546493530273
vt 0.014874422922730446 0.9335546493530273
vt 0.014874422922730446 0.8439315557479858
vt 0.025196602568030357 0.9335546493530273
vt 0.014874422922730446 0.8439315557479858
vt 0.025196602568030357 0.8439315557479858
vt 0.025196602568030357 0.9335546493530273
vt 0.025196602568030357 0.9335546493530273
vt 0.025196602568030357 0.8439315557479858
vt 0.9748033881187439 0.9335546493530273
vt 0.025196602568030357 0.8439315557479858
vt 0.9748033881187439 0.8439315557479858
vt 0.9748033881187439 0.9335546493530273
vt 0.9748033881187439 0.9335546493530273
vt 0.9748033881187439 0.8439315557479858
vt 0.9851256012916565 0.9335546493530273
vt 0.9748033881187439 0.8439315557479858
vt 0.9851256012916565 0.8439315557479858
vt 0.9851256012916565 0.9335546493530273
vt 0.9851256012916565 0.9335546493530273
vt 0.9851256012916565 0.8439315557479858
vt 0.9936673045158386 0.9335546493530273
vt 0.9851256012916565 0.8439315557479858
vt 0.9936673045158386 0.8439315557479858
vt 0.9936673045158386 0.9335546493530273
vt 0.9936673045158386 0.9335546493530273
vt 0.9936673045158386 0.8439315557479858
vt 1 0.9335546493530273
vt 0.9936673045158386 0.8439315557479858
vt 1 0.8439315557479858
vt 1 0.9335546493530273
vt 0 0.8439315557479858
vt 0 0.7356270551681519
vt 0.006332708057016134 0.8439315557479858
vt 0 0.7356270551681519
vt 0.006332708057016134 0.7356270551681519
vt 0.006332708057016134 0.8439315557479858
vt 0.006332708057016134 0.8439315557479858
vt 0.006332708057016134 0.7356270551681519
vt 0.014874422922730446 0.8439315557479858
vt 0.006332708057016134 0.7356270551681519
vt 0.014874422922730446 0.7356270551681519
vt 0.014874422922730446 0.8439315557479858
vt 0.014874422922730446 0.8439315557479858
vt 0.014874422922730446 0.7356270551681519
vt 0.025196602568030357 0.8439315557479858
vt 0.014874422922730446 0.7356270551681519
vt 0.025196602568030357 0.7356270551681519
vt 0.025196602568030357 0.8439315557479858
vt 0.025196602568030357 0.8439315557479858
vt 0.025196602568030357 0.7356270551681519
vt 0.9748033881187439 0.8439315557479858
vt 0.025196602568030357 0.7356270551681519
vt 0.9748033881187439 0.7356270551681519
vt 0.9748033881187439 0.8439315557479858
vt 0.9748033881187439 0.8439315557479858
vt 0.9748033881187439 0.7356270551681519
vt 0.9851256012916565 0.8439315557479858
vt 0.9748033881187439 0.7356270551681519
vt 0.9851256012916565 0.7356270551681519
vt 0.9851256012916565 0.8439315557479858
vt 0.9851256012916565 0.8439315557479858
vt 0.9851256012916565 0.7356270551681519
vt 0.9936673045158386 0.8439315557479858
vt 0.9851256012916565 0.7356270551681519
vt 0.9936673045158386 0.7356270551681519
vt 0.9936673045158386 0.8439315557479858
vt 0.9936673045158386 0.8439315557479858
vt 0.9936673045158386 0.7356270551681519
vt 1 0.8439315557479858
vt 0.9936673045158386 0.7356270551681519
vt 1 0.7356270551681519
vt 1 0.8439315557479858
vt 0 0.7356270551681519
vt 0 0.26437294483184814
vt 0.006332708057016134 0.7356270551681519
vt 0 0.26437294483184814
vt 0.006332708057016134 0.26437294483184814
vt 0.006332708057016134 0.7356270551681519
vt 0.006332708057016134 0.7356270551681519
vt 0.006332708057016134 0.26437294483184814
vt 0.014874422922730446 0.7356270551681519
vt 0.006332708057016134 0.26437294483184814
vt 0.014874422922730446 0.26437294483184814
vt 0.014874422922730446 0.7356270551681519
vt 0.014874422922730446 0.7356270551681519
vt 0.014874422922730446 0.26437294483184814
vt 0.025196602568030357 0.7356270551681519
vt 0.014874422922730446 0.26437294483184814
vt 0.025196602568030357 0.26437294483184814
vt 0.025196602568030357 0.7356270551681519
vt 0.025196602568030357 0.7356270551681519
vt 0.025196602568030357 0.26437294483184814
vt 0.9748033881187439 0.7356270551681519
vt 0.025196602568030357 0.26437294483184814
vt 0.9748033881187439 0.26437294483184814
vt 0.9748033881187439 0.7356270551681519
vt 0.9748033881187439 0.7356270551681519
vt 0.9748033881187439 0.26437294483184814
vt 0.9851256012916565 0.7356270551681519
vt 0.9748033881187439 0.26437294483184814
vt 0.9851256012916565 0.26437294483184814
vt 0.9851256012916565 0.7356270551681519
vt 0.9851256012916565 0.7356270551681519
vt 0.9851256012916565 0.26437294483184814
vt 0.9936673045158386 0.7356270551681519
vt 0.9851256012916565 0.26437294483184814
vt 0.9936673045158386 0.26437294483184814
vt 0.9936673045158386 0.7356270551681519
vt 0.9936673045158386 0.7356270551681519
vt 0.9936673045158386 0.26437294483184814
vt 1 0.7356270551681519
vt 0.9936673045158386 0.26437294483184814
vt 1 0.26437294483184814
vt 1 0.7356270551681519
vt 0 0.26437294483184814
vt 0 0.15606845915317535
vt 0.006332708057016134 0.26437294483184814
vt 0 0.15606845915317535
vt 0.006332708057016134 0.15606845915317535
vt 0.006332708057016134 0.26437294483184814
vt 0.006332708057016134 0.26437294483184814
vt 0.006332708057016134 0.15606845915317535
vt 0.014874422922730446 0.26437294483184814
vt 0.006332708057016134 0.15606845915317535
vt 0.014874422922730446 0.15606845915317535
vt 0.014874422922730446 0.26437294483184814
vt 0.014874422922730446 0.26437294483184814
vt 0.014874422922730446 0.15606845915317535
vt 0.025196602568030357 0.26437294483184814
vt 0.014874422922730446 0.15606845915317535
vt 0.025196602568030357 0.15606845915317535
vt 0.025196602568030357 0.26437294483184814
vt 0.025196602568030357 0.26437294483184814
vt 0.025196602568030357 0.15606845915317535
vt 0.9748033881187439 0.26437294483184814
vt 0.025196602568030357 0.15606845915317535
vt 0.9748033881187439 0.15606845915317535
vt 0.9748033881187439 0.26437294483184814
vt 0.9748033881187439 0.26437294483184814
vt 0.9748033881187439 0.15606845915317535
vt 0.9851256012916565 0.26437294483184814
vt 0.9748033881187439 0.15606845915317535
vt 0.9851256012916565 0.15606845915317535
vt 0.9851256012916565 0.26437294483184814
vt 0.9851256012916565 0.26437294483184814
vt 0.9851256012916565 0.15606845915317535
vt 0.9936673045158386 0.26437294483184814
vt 0.9851256012916565 0.15606845915317535
vt 0.9936673045158386 0.15606845915317535
vt 0.9936673045158386 0.26437294483184814
vt 0.9936673045158386 0.26437294483184814
vt 0.9936673045158386 0.15606845915317535
vt 1 0.26437294483184814
vt 0.9936673045158386 0.15606845915317535
vt 1 0.15606845915317535
vt 1 0.26437294483184814
vt 0 0.15606845915317535
vt 0 0.06644532829523087
vt 0.006332708057016134 0.15606845915317535
vt 0 0.06644532829523087
vt 0.006332708057016134 0.06644532829523087
vt 0.006332708057016134 0.15606845915317535
vt 0.006332708057016134 0.15606845915317535
vt 0.006332708057016134 0.06644532829523087
vt 0.014874422922730446 0.15606845915317535
vt 0.006332708057016134 0.06644532829523087
vt 0.014874422922730446 0.06644532829523087
vt 0.014874422922730446 0.15606845915317535
vt 0.014874422922730446 0.15606845915317535
vt 0.014874422922730446 0.06644532829523087
vt 0.025196602568030357 0.15606845915317535
vt 0.014874422922730446 0.06644532829523087
vt 0.025196602568030357 0.06644532829523087
vt 0.025196602568030357 0.15606845915317535
vt 0.025196602568030357 0.15606845915317535
vt 0.025196602568030357 0.06644532829523087
vt 0.9748033881187439 0.15606845915317535
vt 0.025196602568030357 0.06644532829523087
vt 0.9748033881187439 0.06644532829523087
vt 0.9748033881187439 0.15606845915317535
vt 0.9748033881187439 0.15606845915317535
vt 0.9748033881187439 0.06644532829523087
vt 0.9851256012916565 0.15606845915317535
vt 0.9748033881187439 0.06644532829523087
vt 0.9851256012916565 0.06644532829523087
vt 0.9851256012916565 0.15606845915317535
vt 0.9851256012916565 0.15606845915317535
vt 0.9851256012916565 0.06644532829523087
vt 0.9936673045158386 0.15606845915317535
vt 0.9851256012916565 0.06644532829523087
vt 0.9936673045158386 0.06644532829523087
vt 0.9936673045158386 0.15606845915317535
vt 0.9936673045158386 0.15606845915317535
vt 0.9936673045158386 0.06644532829523087
vt 1 0.15606845915317535
vt 0.9936673045158386 0.06644532829523087
vt 1 0.06644532829523087
vt 1 0.15606845915317535
vt 0 0.06644532829523087
vt 0 0
vt 0.006332708057016134 0.06644532829523087
vt 0 0
vt 0.006332708057016134 0
vt 0.006332708057016134 0.06644532829523087
vt 0.006332708057016134 0.06644532829523087
vt 0.006332708057016134 0
vt 0.014874422922730446 0.06644532829523087
vt 0.006332708057016134 0
vt 0.014874422922730446 0
vt 0.014874422922730446 0.06644532829523087
vt 0.014874422922730446 0.06644532829523087
vt 0.014874422922730446 0
vt 0.025196602568030357 0.06644532829523087
vt 0.014874422922730446 0
vt 0.025196602568030357 0
vt 0.025196602568030357 0.06644532829523087
vt 0.025196602568030357 0.06644532829523087
vt 0.025196602568030357 0
vt 0.9748033881187439 0.06644532829523087
vt 0.025196602568030357 0
vt 0.9748033881187439 0
vt 0.9748033881187439 0.06644532829523087
vt 0.9748033881187439 0.06644532829523087
vt 0.9748033881187439 0
vt 0.9851256012916565 0.06644532829523087
vt 0.9748033881187439 0
vt 0.9851256012916565 0
vt 0.9851256012916565 0.06644532829523087
vt 0.9851256012916565 0.06644532829523087
vt 0.9851256012916565 0
vt 0.9936673045158386 0.06644532829523087
vt 0.9851256012916565 0
vt 0.9936673045158386 0
vt 0.9936673045158386 0.06644532829523087
vt 0.9936673045158386 0.06644532829523087
vt 0.9936673045158386 0
vt 1 0.06644532829523087
vt 0.9936673045158386 0
vt 1 0
vt 1 0.06644532829523087
vt 0 1
vt 0 0.9929428100585938
vt 0.006332708057016134 1
vt 0 0.9929428100585938
vt 0.006332708057016134 0.9929428100585938
vt 0.006332708057016134 1
vt 0.006332708057016134 1
vt 0.006332708057016134 0.9929428100585938
vt 0.014874422922730446 1
vt 0.006332708057016134 0.9929428100585938
vt 0.014874422922730446 0.9929428100585938
vt 0.014874422922730446 1
vt 0.014874422922730446 1
vt 0.014874422922730446 0.9929428100585938
vt 0.025196602568030357 1
vt 0.014874422922730446 0.9929428100585938
vt 0.025196602568030357 0.9929428100585938
vt 0.025196602568030357 1
vt 0.025196602568030357 1
vt 0.025196602568030357 0.9929428100585938
vt 0.9748033881187439 1
vt 0.025196602568030357 0.9929428100585938
vt 0.9748033881187439 0.9929428100585938
vt 0.9748033881187439 1
vt 0.9748033881187439 1
vt 0.9748033881187439 0.9929428100585938
vt 0.9851256012916565 1
vt 0.9748033881187439 0.9929428100585938
vt 0.9851256012916565 0.9929428100585938
vt 0.9851256012916565 1
vt 0.9851256012916565 1
vt 0.9851256012916565 0.9929428100585938
vt 0.9936673045158386 1
vt 0.9851256012916565 0.9929428100585938
vt 0.9936673045158386 0.9929428100585938
vt 0.9936673045158386 1
vt 0.9936673045158386 1
vt 0.9936673045158386 0.9929428100585938
vt 1 1
vt 0.9936673045158386 0.9929428100585938
vt 1 0.9929428100585938
vt 1 1
vt 0 0.9929428100585938
vt 0 0.9834238886833191
vt 0.006332708057016134 0.9929428100585938
vt 0 0.9834238886833191
vt 0.006332708057016134 0.9834238886833191
vt 0.006332708057016134 0.9929428100585938
vt 0.006332708057016134 0.9929428100585938
vt 0.006332708057016134 0.9834238886833191
vt 0.014874422922730446 0.9929428100585938
vt 0.006332708057016134 0.9834238886833191
vt 0.014874422922730446 0.9834238886833191
vt 0.014874422922730446 0.9929428100585938
vt 0.014874422922730446 0.9929428100585938
vt 0.014874422922730446 0.9834238886833191
vt 0.025196602568030357 0.9929428100585938
vt 0.014874422922730446 0.9834238886833191
vt 0.025196602568030357 0.9834238886833191
vt 0.025196602568030357 0.9929428100585938
vt 0.025196602568030357 0.9929428100585938
vt 0.025196602568030357 0.9834238886833191
vt 0.9748033881187439 0.9929428100585938
vt 0.025196602568030357 0.9834238886833191
vt 0.9748033881187439 0.9834238886833191
vt 0.9748033881187439 0.9929428100585938
vt 0.9748033881187439 0.9929428100585938
vt 0.9748033881187439 0.9834238886833191
vt 0.9851256012916565 0.9929428100585938
vt 0.9748033881187439 0.9834238886833191
vt 0.9851256012916565 0.9834238886833191
vt 0.9851256012916565 0.9929428100585938
vt 0.9851256012916565 0.9929428100585938
vt 0.9851256012916565 0.9834238886833191
vt 0.9936673045158386 0.9929428100585938
vt 0.9851256012916565 0.9834238886833191
vt 0.9936673045158386 0.9834238886833191
vt 0.9936673045158386 0.9929428100585938
vt 0.9936673045158386 0.9929428100585938
vt 0.9936673045158386 0.9834238886833191
vt 1 0.9929428100585938
vt 0.9936673045158386 0.9834238886833191
vt 1 0.9834238886833191
vt 1 0.9929428100585938
vt 0 0.9834238886833191
vt 0 0.9719207882881165
vt 0.006332708057016134 0.9834238886833191
vt 0 0.9719207882881165
vt 0.006332708057016134 0.9719207882881165
vt 0.006332708057016134 0.9834238886833191
vt 0.006332708057016134 0.9834238886833191
vt 0.006332708057016134 0.9719207882881165
vt 0.014874422922730446 0.9834238886833191
vt 0.006332708057016134 0.9719207882881165
vt 0.014874422922730446 0.9719207882881165
vt 0.014874422922730446 0.9834238886833191
vt 0.014874422922730446 0.9834238886833191
vt 0.014874422922730446 0.9719207882881165
vt 0.025196602568030357 0.9834238886833191
vt 0.014874422922730446 0.9719207882881165
vt 0.025196602568030357 0.9719207882881165
vt 0.025196602568030357 0.9834238886833191
vt 0.025196602568030357 0.9834238886833191
vt 0.025196602568030357 0.9719207882881165
vt 0.9748033881187439 0.9834238886833191
vt 0.025196602568030357 0.9719207882881165
vt 0.9748033881187439 0.9719207882881165
vt 0.9748033881187439 0.9834238886833191
vt 0.9748033881187439 0.9834238886833191
vt 0.9748033881187439 0.9719207882881165
vt 0.9851256012916565 0.9834238886833191
vt 0.9748033881187439 0.9719207882881165
vt 0.9851256012916565 0.9719207882881165
vt 0.9851256012916565 0.9834238886833191
vt 0.9851256012916565 0.9834238886833191
vt 0.9851256012916565 0.9719207882881165
vt 0.9936673045158386 0.9834238886833191
vt 0.9851256012916565 0.9719207882881165
vt 0.9936673045158386 0.9719207882881165
vt 0.9936673045158386 0.9834238886833191
vt 0.9936673045158386 0.9834238886833191
vt 0.9936673045158386 0.9719207882881165
vt 1 0.9834238886833191
vt 0.9936673045158386 0.9719207882881165
vt 1 0.9719207882881165
vt 1 0.9834238886833191
vt 0 0.9719207882881165
vt 0 0.02807922102510929
vt 0.006332708057016134 0.9719207882881165
vt 0 0.02807922102510929
vt 0.006332708057016134 0.02807922102510929
vt 0.006332708057016134 0.9719207882881165
vt 0.006332708057016134 0.9719207882881165
vt 0.006332708057016134 0.02807922102510929
vt 0.014874422922730446 0.9719207882881165
vt 0.006332708057016134 0.02807922102510929
vt 0.014874422922730446 0.02807922102510929
vt 0.014874422922730446 0.9719207882881165
vt 0.014874422922730446 0.9719207882881165
vt 0.014874422922730446 0.02807922102510929
vt 0.025196602568030357 0.9719207882881165
vt 0.014874422922730446 0.02807922102510929
vt 0.025196602568030357 0.02807922102510929
vt 0.025196602568030357 0.9719207882881165
vt 0.025196602568030357 0.9719207882881165
vt 0.025196602568030357 0.02807922102510929
vt 0.9748033881187439 0.9719207882881165
vt 0.025196602568030357 0.02807922102510929
vt 0.9748033881187439 0.02807922102510929
vt 0.9748033881187439 0.9719207882881165
vt 0.9748033881187439 0.9719207882881165
vt 0.9748033881187439 0.02807922102510929
vt 0.9851256012916565 0.9719207882881165
vt 0.9748033881187439 0.02807922102510929
vt 0.9851256012916565 0.02807922102510929
vt 0.9851256012916565 0.9719207882881165
vt 0.9851256012916565 0.9719207882881165
vt 0.9851256012916565 0.02807922102510929
vt 0.9936673045158386 0.9719207882881165
vt 0.9851256012916565 0.02807922102510929
vt 0.9936673045158386 0.02807922102510929
vt 0.9936673045158386 0.9719207882881165
vt 0.9936673045158386 0.9719207882881165
vt 0.9936673045158386 0.02807922102510929
vt 1 0.9719207882881165
vt 0.9936673045158386 0.02807922102510929
vt 1 0.02807922102510929
vt 1 0.9719207882881165
vt 0 0.02807922102510929
vt 0 0.01657613180577755
vt 0.006332708057016134 0.02807922102510929
vt 0 0.01657613180577755
vt 0.006332708057016134 0.01657613180577755
vt 0.006332708057016134 0.02807922102510929
vt 0.006332708057016134 0.02807922102510929
vt 0.006332708057016134 0.01657613180577755
vt 0.014874422922730446 0.02807922102510929
vt 0.006332708057016134 0.01657613180577755
vt 0.014874422922730446 0.01657613180577755
vt 0.014874422922730446 0.02807922102510929
vt 0.014874422922730446 0.02807922102510929
vt 0.014874422922730446 0.01657613180577755
vt 0.025196602568030357 0.02807922102510929
vt 0.014874422922730446 0.01657613180577755
vt 0.025196602568030357 0.01657613180577755
vt 0.025196602568030357 0.02807922102510929
vt 0.025196602568030357 0.02807922102510929
vt 0.025196602568030357 0.01657613180577755
vt 0.9748033881187439 0.02807922102510929
vt 0.025196602568030357 0.01657613180577755
vt 0.9748033881187439 0.01657613180577755
vt 0.9748033881187439 0.02807922102510929
vt 0.9748033881187439 0.02807922102510929
vt 0.9748033881187439 0.01657613180577755
vt 0.9851256012916565 0.02807922102510929
vt 0.9748033881187439 0.01657613180577755
vt 0.9851256012916565 0.01657613180577755
vt 0.9851256012916565 0.02807922102510929
vt 0.9851256012916565 0.02807922102510929
vt 0.9851256012916565 0.01657613180577755
vt 0.9936673045158386 0.02807922102510929
vt 0.9851256012916565 0.01657613180577755
vt 0.9936673045158386 0.01657613180577755
vt 0.9936673045158386 0.02807922102510929
vt 0.9936673045158386 0.02807922102510929
vt 0.9936673045158386 0.01657613180577755
vt 1 0.02807922102510929
vt 0.9936673045158386 0.01657613180577755
vt 1 0.01657613180577755
vt 1 0.02807922102510929
vt 0 0.01657613180577755
vt 0 0.007057201582938433
vt 0.006332708057016134 0.01657613180577755
vt 0 0.007057201582938433
vt 0.006332708057016134 0.007057201582938433
vt 0.006332708057016134 0.01657613180577755
vt 0.006332708057016134 0.01657613180577755
vt 0.006332708057016134 0.007057201582938433
vt 0.014874422922730446 0.01657613180577755
vt 0.006332708057016134 0.007057201582938433
vt 0.014874422922730446 0.007057201582938433
vt 0.014874422922730446 0.01657613180577755
vt 0.014874422922730446 0.01657613180577755
vt 0.014874422922730446 0.007057201582938433
vt 0.025196602568030357 0.01657613180577755
vt 0.014874422922730446 0.007057201582938433
vt 0.025196602568030357 0.007057201582938433
vt 0.025196602568030357 0.01657613180577755
vt 0.025196602568030357 0.01657613180577755
vt 0.025196602568030357 0.007057201582938433
vt 0.9748033881187439 0.01657613180577755
vt 0.025196602568030357 0.007057201582938433
vt 0.9748033881187439 0.007057201582938433
vt 0.9748033881187439 0.01657613180577755
vt 0.9748033881187439 0.01657613180577755
vt 0.9748033881187439 0.007057201582938433
vt 0.9851256012916565 0.01657613180577755
vt 0.9748033881187439 0.007057201582938433
vt 0.9851256012916565 0.007057201582938433
vt 0.9851256012916565 0.01657613180577755
vt 0.9851256012916565 0.01657613180577755
vt 0.9851256012916565 0.007057201582938433
vt 0.9936673045158386 0.01657613180577755
vt 0.9851256012916565 0.007057201582938433
vt 0.9936673045158386 0.007057201582938433
vt 0.9936673045158386 0.01657613180577755
vt 0.9936673045158386 0.01657613180577755
vt 0.9936673045158386 0.007057201582938433
vt 1 0.01657613180577755
vt 0.9936673045158386 0.007057201582938433
vt 1 0.007057201582938433
vt 1 0.01657613180577755
vt 0 0.007057201582938433
vt 0 0
vt 0.006332708057016134 0.007057201582938433
vt 0 0
vt 0.006332708057016134 0
vt 0.006332708057016134 0.007057201582938433
vt 0.006332708057016134 0.007057201582938433
vt 0.006332708057016134 0
vt 0.014874422922730446 0.007057201582938433
vt 0.006332708057016134 0
vt 0.014874422922730446 0
vt 0.014874422922730446 0.007057201582938433
vt 0.014874422922730446 0.007057201582938433
vt 0.014874422922730446 0
vt 0.025196602568030357 0.007057201582938433
vt 0.014874422922730446 0
vt 0.025196602568030357 0
vt 0.025196602568030357 0.007057201582938433
vt 0.025196602568030357 0.007057201582938433
vt 0.025196602568030357 0
vt 0.9748033881187439 0.007057201582938433
vt 0.025196602568030357 0
vt 0.9748033881187439 0
vt 0.9748033881187439 0.007057201582938433
vt 0.9748033881187439 0.007057201582938433
vt 0.9748033881187439 0
vt 0.9851256012916565 0.007057201582938433
vt 0.9748033881187439 0
vt 0.9851256012916565 0
vt 0.9851256012916565 0.007057201582938433
vt 0.9851256012916565 0.007057201582938433
vt 0.9851256012916565 0
vt 0.9936673045158386 0.007057201582938433
vt 0.9851256012916565 0
vt 0.9936673045158386 0
vt 0.9936673045158386 0.007057201582938433
vt 0.9936673045158386 0.007057201582938433
vt 0.9936673045158386 0
vt 1 0.007057201582938433
vt 0.9936673045158386 0
vt 1 0
vt 1 0.007057201582938433
vt 0 1
vt 0 0.9929428100585938
vt 0.006332708057016134 1
vt 0 0.9929428100585938
vt 0.006332708057016134 0.9929428100585938
vt 0.006332708057016134 1
vt 0.006332708057016134 1
vt 0.006332708057016134 0.9929428100585938
vt 0.014874422922730446 1
vt 0.006332708057016134 0.9929428100585938
vt 0.014874422922730446 0.9929428100585938
vt 0.014874422922730446 1
vt 0.014874422922730446 1
vt 0.014874422922730446 0.9929428100585938
vt 0.025196602568030357 1
vt 0.014874422922730446 0.9929428100585938
vt 0.025196602568030357 0.9929428100585938
vt 0.025196602568030357 1
vt 0.025196602568030357 1
vt 0.025196602568030357 0.9929428100585938
vt 0.9748033881187439 1
vt 0.025196602568030357 0.9929428100585938
vt 0.9748033881187439 0.9929428100585938
vt 0.9748033881187439 1
vt 0.9748033881187439 1
vt 0.9748033881187439 0.9929428100585938
vt 0.9851256012916565 1
vt 0.9748033881187439 0.9929428100585938
vt 0.9851256012916565 0.9929428100585938
vt 0.9851256012916565 1
vt 0.9851256012916565 1
vt 0.9851256012916565 0.9929428100585938
vt 0.9936673045158386 1
vt 0.9851256012916565 0.9929428100585938
vt 0.9936673045158386 0.9929428100585938
vt 0.9936673045158386 1
vt 0.9936673045158386 1
vt 0.9936673045158386 0.9929428100585938
vt 1 1
vt 0.9936673045158386 0.9929428100585938
vt 1 0.9929428100585938
vt 1 1
vt 0 0.9929428100585938
vt 0 0.9834238886833191
vt 0.006332708057016134 0.9929428100585938
vt 0 0.9834238886833191
vt 0.006332708057016134 0.9834238886833191
vt 0.006332708057016134 0.9929428100585938
vt 0.006332708057016134 0.9929428100585938
vt 0.006332708057016134 0.9834238886833191
vt 0.014874422922730446 0.9929428100585938
vt 0.006332708057016134 0.9834238886833191
vt 0.014874422922730446 0.9834238886833191
vt 0.014874422922730446 0.9929428100585938
vt 0.014874422922730446 0.9929428100585938
vt 0.014874422922730446 0.9834238886833191
vt 0.025196602568030357 0.9929428100585938
vt 0.014874422922730446 0.9834238886833191
vt 0.025196602568030357 0.9834238886833191
vt 0.025196602568030357 0.9929428100585938
vt 0.025196602568030357 0.9929428100585938
vt 0.025196602568030357 0.9834238886833191
vt 0.9748033881187439 0.9929428100585938
vt 0.025196602568030357 0.9834238886833191
vt 0.9748033881187439 0.9834238886833191
vt 0.9748033881187439 0.9929428100585938
vt 0.9748033881187439 0.9929428100585938
vt 0.9748033881187439 0.9834238886833191
vt 0.9851256012916565 0.9929428100585938
vt 0.9748033881187439 0.9834238886833191
vt 0.9851256012916565 0.9834238886833191
vt 0.9851256012916565 0.9929428100585938
vt 0.9851256012916565 0.9929428100585938
vt 0.9851256012916565 0.9834238886833191
vt 0.9936673045158386 0.9929428100585938
vt 0.9851256012916565 0.9834238886833191
vt 0.9936673045158386 0.9834238886833191
vt 0.9936673045158386 0.9929428100585938
vt 0.9936673045158386 0.9929428100585938
vt 0.9936673045158386 0.9834238886833191
vt 1 0.9929428100585938
vt 0.9936673045158386 0.9834238886833191
vt 1 0.9834238886833191
vt 1 0.9929428100585938
vt 0 0.9834238886833191
vt 0 0.9719207882881165
vt 0.006332708057016134 0.9834238886833191
vt 0 0.9719207882881165
vt 0.006332708057016134 0.9719207882881165
vt 0.006332708057016134 0.9834238886833191
vt 0.006332708057016134 0.9834238886833191
vt 0.006332708057016134 0.9719207882881165
vt 0.014874422922730446 0.9834238886833191
vt 0.006332708057016134 0.9719207882881165
vt 0.014874422922730446 0.9719207882881165
vt 0.014874422922730446 0.9834238886833191
vt 0.014874422922730446 0.9834238886833191
vt 0.014874422922730446 0.9719207882881165
vt 0.025196602568030357 0.9834238886833191
vt 0.014874422922730446 0.9719207882881165
vt 0.025196602568030357 0.9719207882881165
vt 0.025196602568030357 0.9834238886833191
vt 0.025196602568030357 0.9834238886833191
vt 0.025196602568030357 0.9719207882881165
vt 0.9748033881187439 0.9834238886833191
vt 0.025196602568030357 0.9719207882881165
vt 0.9748033881187439 0.9719207882881165
vt 0.9748033881187439 0.9834238886833191
vt 0.9748033881187439 0.9834238886833191
vt 0.9748033881187439 0.9719207882881165
vt 0.9851256012916565 0.9834238886833191
vt 0.9748033881187439 0.9719207882881165
vt 0.9851256012916565 0.9719207882881165
vt 0.9851256012916565 0.9834238886833191
vt 0.9851256012916565 0.9834238886833191
vt 0.9851256012916565 0.9719207882881165
vt 0.9936673045158386 0.9834238886833191
vt 0.9851256012916565 0.9719207882881165
vt 0.9936673045158386 0.9719207882881165
vt 0.9936673045158386 0.9834238886833191
vt 0.9936673045158386 0.9834238886833191
vt 0.9936673045158386 0.9719207882881165
vt 1 0.9834238886833191
vt 0.9936673045158386 0.9719207882881165
vt 1 0.9719207882881165
vt 1 0.9834238886833191
vt 0 0.9719207882881165
vt 0 0.02807922102510929
vt 0.006332708057016134 0.9719207882881165
vt 0 0.02807922102510929
vt 0.006332708057016134 0.02807922102510929
vt 0.006332708057016134 0.9719207882881165
vt 0.006332708057016134 0.9719207882881165
vt 0.006332708057016134 0.02807922102510929
vt 0.014874422922730446 0.9719207882881165
vt 0.006332708057016134 0.02807922102510929
vt 0.014874422922730446 0.02807922102510929
vt 0.014874422922730446 0.9719207882881165
vt 0.014874422922730446 0.9719207882881165
vt 0.014874422922730446 0.02807922102510929
vt 0.025196602568030357 0.9719207882881165
vt 0.014874422922730446 0.02807922102510929
vt 0.025196602568030357 0.02807922102510929
vt 0.025196602568030357 0.9719207882881165
vt 0.025196602568030357 0.9719207882881165
vt 0.025196602568030357 0.02807922102510929
vt 0.9748033881187439 0.9719207882881165
vt 0.025196602568030357 0.02807922102510929
vt 0.9748033881187439 0.02807922102510929
vt 0.9748033881187439 0.9719207882881165
vt 0.9748033881187439 0.9719207882881165
vt 0.9748033881187439 0.02807922102510929
vt 0.9851256012916565 0.9719207882881165
vt 0.9748033881187439 0.02807922102510929
vt 0.9851256012916565 0.02807922102510929
vt 0.9851256012916565 0.9719207882881165
vt 0.9851256012916565 0.9719207882881165
vt 0.9851256012916565 0.02807922102510929
vt 0.9936673045158386 0.9719207882881165
vt 0.9851256012916565 0.02807922102510929
vt 0.9936673045158386 0.02807922102510929
vt 0.9936673045158386 0.9719207882881165
vt 0.9936673045158386 0.9719207882881165
vt 0.9936673045158386 0.02807922102510929
vt 1 0.9719207882881165
vt 0.9936673045158386 0.02807922102510929
vt 1 0.02807922102510929
vt 1 0.9719207882881165
vt 0 0.02807922102510929
vt 0 0.01657613180577755
vt 0.006332708057016134 0.02807922102510929
vt 0 0.01657613180577755
vt 0.006332708057016134 0.01657613180577755
vt 0.006332708057016134 0.02807922102510929
vt 0.006332708057016134 0.02807922102510929
vt 0.006332708057016134 0.01657613180577755
vt 0.014874422922730446 0.02807922102510929
vt 0.006332708057016134 0.01657613180577755
vt 0.014874422922730446 0.01657613180577755
vt 0.014874422922730446 0.02807922102510929
vt 0.014874422922730446 0.02807922102510929
vt 0.014874422922730446 0.01657613180577755
vt 0.025196602568030357 0.02807922102510929
vt 0.014874422922730446 0.01657613180577755
vt 0.025196602568030357 0.01657613180577755
vt 0.025196602568030357 0.02807922102510929
vt 0.025196602568030357 0.02807922102510929
vt 0.025196602568030357 0.01657613180577755
vt 0.9748033881187439 0.02807922102510929
vt 0.025196602568030357 0.01657613180577755
vt 0.9748033881187439 0.01657613180577755
vt 0.9748033881187439 0.02807922102510929
vt 0.9748033881187439 0.02807922102510929
vt 0.9748033881187439 0.01657613180577755
vt 0.9851256012916565 0.02807922102510929
vt 0.9748033881187439 0.01657613180577755
vt 0.9851256012916565 0.01657613180577755
vt 0.9851256012916565 0.02807922102510929
vt 0.9851256012916565 0.02807922102510929
vt 0.9851256012916565 0.01657613180577755
vt 0.9936673045158386 0.02807922102510929
vt 0.9851256012916565 0.01657613180577755
vt 0.9936673045158386 0.01657613180577755
vt 0.9936673045158386 0.02807922102510929
vt 0.9936673045158386 0.02807922102510929
vt 0.9936673045158386 0.01657613180577755
vt 1 0.02807922102510929
vt 0.9936673045158386 0.01657613180577755
vt 1 0.01657613180577755
vt 1 0.02807922102510929
vt 0 0.01657613180577755
vt 0 0.007057201582938433
vt 0.006332708057016134 0.01657613180577755
vt 0 0.007057201582938433
vt 0.006332708057016134 0.007057201582938433
vt 0.006332708057016134 0.01657613180577755
vt 0.006332708057016134 0.01657613180577755
vt 0.006332708057016134 0.007057201582938433
vt 0.014874422922730446 0.01657613180577755
vt 0.006332708057016134 0.007057201582938433
vt 0.014874422922730446 0.007057201582938433
vt 0.014874422922730446 0.01657613180577755
vt 0.014874422922730446 0.01657613180577755
vt 0.014874422922730446 0.007057201582938433
vt 0.025196602568030357 0.01657613180577755
vt 0.014874422922730446 0.007057201582938433
vt 0.025196602568030357 0.007057201582938433
vt 0.025196602568030357 0.01657613180577755
vt 0.025196602568030357 0.01657613180577755
vt 0.025196602568030357 0.007057201582938433
vt 0.9748033881187439 0.01657613180577755
vt 0.025196602568030357 0.007057201582938433
vt 0.9748033881187439 0.007057201582938433
vt 0.9748033881187439 0.01657613180577755
vt 0.9748033881187439 0.01657613180577755
vt 0.9748033881187439 0.007057201582938433
vt 0.9851256012916565 0.01657613180577755
vt 0.9748033881187439 0.007057201582938433
vt 0.9851256012916565 0.007057201582938433
vt 0.9851256012916565 0.01657613180577755
vt 0.9851256012916565 0.01657613180577755
vt 0.9851256012916565 0.007057201582938433
vt 0.9936673045158386 0.01657613180577755
vt 0.9851256012916565 0.007057201582938433
vt 0.9936673045158386 0.007057201582938433
vt 0.9936673045158386 0.01657613180577755
vt 0.9936673045158386 0.01657613180577755
vt 0.9936673045158386 0.007057201582938433
vt 1 0.01657613180577755
vt 0.9936673045158386 0.007057201582938433
vt 1 0.007057201582938433
vt 1 0.01657613180577755
vt 0 0.007057201582938433
vt 0 0
vt 0.006332708057016134 0.007057201582938433
vt 0 0
vt 0.006332708057016134 0
vt 0.006332708057016134 0.007057201582938433
vt 0.006332708057016134 0.007057201582938433
vt 0.006332708057016134 0
vt 0.014874422922730446 0.007057201582938433
vt 0.006332708057016134 0
vt 0.014874422922730446 0
vt 0.014874422922730446 0.007057201582938433
vt 0.014874422922730446 0.007057201582938433
vt 0.014874422922730446 0
vt 0.025196602568030357 0.007057201582938433
vt 0.014874422922730446 0
vt 0.025196602568030357 0
vt 0.025196602568030357 0.007057201582938433
vt 0.025196602568030357 0.007057201582938433
vt 0.025196602568030357 0
vt 0.9748033881187439 0.007057201582938433
vt 0.025196602568030357 0
vt 0.9748033881187439 0
vt 0.9748033881187439 0.007057201582938433
vt 0.9748033881187439 0.007057201582938433
vt 0.9748033881187439 0
vt 0.9851256012916565 0.007057201582938433
vt 0.9748033881187439 0
vt 0.9851256012916565 0
vt 0.9851256012916565 0.007057201582938433
vt 0.9851256012916565 0.007057201582938433
vt 0.9851256012916565 0
vt 0.9936673045158386 0.007057201582938433
vt 0.9851256012916565 0
vt 0.9936673045158386 0
vt 0.9936673045158386 0.007057201582938433
vt 0.9936673045158386 0.007057201582938433
vt 0.9936673045158386 0
vt 1 0.007057201582938433
vt 0.9936673045158386 0
vt 1 0
vt 1 0.007057201582938433
vn 0.5773502691896257 0.5773502691896257 0.5773502691896257
vn 0.639602143648227 0.4264014489670335 0.639602143648227
vn 0.639602143648227 0.639602143648227 0.4264014489670335
vn 0.639602143648227 0.4264014489670335 0.639602143648227
vn 0.7276068680966881 0.48507125533189915 0.48507125533189915
vn 0.639602143648227 0.639602143648227 0.4264014489670335
vn 0.639602143648227 0.639602143648227 0.4264014489670335
vn 0.7276068680966881 0.48507125533189915 0.48507125533189915
vn 0.688247200043142 0.688247200043142 0.2294157432818214
vn 0.7276068680966881 0.48507125533189915 0.48507125533189915
vn 0.8017837363809595 0.5345224710524249 0.26726123552621245
vn 0.688247200043142 0.688247200043142 0.2294157432818214
vn 0.688247200043142 0.688247200043142 0.2294157432818214
vn 0.8017837363809595 0.5345224710524249 0.26726123552621245
vn 0.7071067811865476 0.7071067811865476 5.268356063861754e-9
vn 0.8017837363809595 0.5345224710524249 0.26726123552621245
vn 0.8320502851678979 0.5547002099801474 6.199257710336878e-9
vn 0.7071067811865476 0.7071067811865476 5.268356063861754e-9
vn 0.7071067811865476 0.7071067811865476 5.268356063861754e-9
vn 0.8320502851678979 0.5547002099801474 6.199257710336878e-9
vn 0.7071067811865476 0.7071067811865476 -5.268356063861754e-9
vn 0.8320502851678979 0.5547002099801474 6.199257710336878e-9
vn 0.8320502851678979 0.5547002099801474 -6.199257710336878e-9
vn 0.7071067811865476 0.7071067811865476 -5.268356063861754e-9
vn 0.7071067811865476 0.7071067811865476 -5.268356063861754e-9
vn 0.8320502851678979 0.5547002099801474 -6.199257710336878e-9
vn 0.688247200043142 0.688247200043142 -0.2294157432818214
vn 0.8320502851678979 0.5547002099801474 -6.199257710336878e-9
vn 0.8017837363809595 0.5345224710524249 -0.26726123552621245
vn 0.688247200043142 0.688247200043142 -0.2294157432818214
vn 0.688247200043142 0.688247200043142 -0.2294157432818214
vn 0.8017837363809595 0.5345224710524249 -0.26726123552621245
vn 0.639602143648227 0.639602143648227 -0.4264014489670335
vn 0.8017837363809595 0.5345224710524249 -0.26726123552621245
vn 0.7276068680966881 0.48507125533189915 -0.48507125533189915
vn 0.639602143648227 0.639602143648227 -0.4264014489670335
vn 0.639602143648227 0.639602143648227 -0.4264014489670335
vn 0.7276068680966881 0.48507125533189915 -0.48507125533189915
vn 0.5773502691896257 0.5773502691896257 -0.5773502691896257
vn 0.7276068680966881 0.48507125533189915 -0.48507125533189915
vn 0.639602143648227 0.4264014489670335 -0.639602143648227
vn 0.5773502691896257 0.5773502691896257 -0.5773502691896257
vn 0.639602143648227 0.4264014489670335 0.639602143648227
vn 0.688247200043142 0.2294157432818214 0.688247200043142
vn 0.7276068680966881 0.48507125533189915 0.48507125533189915
vn 0.688247200043142 0.2294157432818214 0.688247200043142
vn 0.8017837363809595 0.26726123552621245 0.5345224710524249
vn 0.7276068680966881 0.48507125533189915 0.48507125533189915
vn 0.7276068680966881 0.48507125533189915 0.48507125533189915
vn 0.8017837363809595 0.26726123552621245 0.5345224710524249
vn 0.8017837363809595 0.5345224710524249 0.26726123552621245
vn 0.8017837363809595 0.26726123552621245 0.5345224710524249
vn 0.9045340337332909 0.30151134457776363 0.30151134457776363
vn 0.8017837363809595 0.5345224710524249 0.26726123552621245
vn 0.8017837363809595 0.5345224710524249 0.26726123552621245
vn 0.9045340337332909 0.30151134457776363 0.30151134457776363
vn 0.8320502851678979 0.5547002099801474 6.199257710336878e-9
vn 0.9045340337332909 0.30151134457776363 0.30151134457776363
vn 0.9486833010307459 0.31622775707614137 7.068241395285323e-9
vn 0.8320502851678979 0.5547002099801474 6.199257710336878e-9
vn 0.8320502851678979 0.5547002099801474 6.199257710336878e-9
vn 0.9486833010307459 0.31622775707614137 7.068241395285323e-9
vn 0.8320502851678979 0.5547002099801474 -6.199257710336878e-9
vn 0.9486833010307459 0.31622775707614137 7.068241395285323e-9
vn 0.9486833010307459 0.31622775707614137 -7.068241395285323e-9
vn 0.8320502851678979 0.5547002099801474 -6.199257710336878e-9
vn 0.8320502851678979 0.5547002099801474 -6.199257710336878e-9
vn 0.9486833010307459 0.31622775707614137 -7.068241395285323e-9
vn 0.8017837363809595 0.5345224710524249 -0.26726123552621245
vn 0.9486833010307459 0.31622775707614137 -7.068241395285323e-9
vn 0.9045340337332909 0.30151134457776363 -0.30151134457776363
vn 0.8017837363809595 0.5345224710524249 -0.26726123552621245
vn 0.8017837363809595 0.5345224710524249 -0.26726123552621245
vn 0.9045340337332909 0.30151134457776363 -0.30151134457776363
vn 0.7276068680966881 0.48507125533189915 -0.48507125533189915
vn 0.9045340337332909 0.30151134457776363 -0.30151134457776363
vn 0.8017837363809595 0.26726123552621245 -0.5345224710524249
vn 0.7276068680966881 0.48507125533189915 -0.48507125533189915
vn 0.7276068680966881 0.48507125533189915 -0.48507125533189915
vn 0.8017837363809595 0.26726123552621245 -0.5345224710524249
vn 0.639602143648227 0.4264014489670335 -0.639602143648227
vn 0.8017837363809595 0.26726123552621245 -0.5345224710524249
vn 0.688247200043142 0.2294157432818214 -0.688247200043142
vn 0.639602143648227 0.4264014489670335 -0.639602143648227
vn 0.688247200043142 0.2294157432818214 0.688247200043142
vn 0.7071067811865476 5.268356063861754e-9 0.7071067811865476
vn 0.8017837363809595 0.26726123552621245 0.5345224710524249
vn 0.7071067811865476 5.268356063861754e-9 0.7071067811865476
vn 0.8320502851678979 6.199257710336878e-9 0.5547002099801474
vn 0.8017837363809595 0.26726123552621245 0.5345224710524249
vn 0.8017837363809595 0.26726123552621245 0.5345224710524249
vn 0.8320502851678979 6.199257710336878e-9 0.5547002099801474
vn 0.9045340337332909 0.30151134457776363 0.30151134457776363
vn 0.8320502851678979 6.199257710336878e-9 0.5547002099801474
vn 0.9486833010307459 7.068241395285323e-9 0.31622775707614137
vn 0.9045340337332909 0.30151134457776363 0.30151134457776363
vn 0.9045340337332909 0.30151134457776363 0.30151134457776363
vn 0.9486833010307459 7.068241395285323e-9 0.31622775707614137
vn 0.9486833010307459 0.31622775707614137 7.068241395285323e-9
vn 0.9486833010307459 7.068241395285323e-9 0.31622775707614137
vn 1 7.450580596923828e-9 7.450580596923828e-9
vn 0.9486833010307459 0.31622775707614137 7.068241395285323e-9
vn 0.9486833010307459 0.31622775707614137 7.068241395285323e-9
vn 1 7.450580596923828e-9 7.450580596923828e-9
vn 0.9486833010307459 0.31622775707614137 -7.068241395285323e-9
vn 1 7.450580596923828e-9 7.450580596923828e-9
vn 1 7.450580596923828e-9 -7.450580596923828e-9
vn 0.9486833010307459 0.31622775707614137 -7.068241395285323e-9
vn 0.9486833010307459 0.31622775707614137 -7.068241395285323e-9
vn 1 7.450580596923828e-9 -7.450580596923828e-9
vn 0.9045340337332909 0.30151134457776363 -0.30151134457776363
vn 1 7.450580596923828e-9 -7.450580596923828e-9
vn 0.9486833010307459 7.068241395285323e-9 -0.31622775707614137
vn 0.9045340337332909 0.30151134457776363 -0.30151134457776363
vn 0.9045340337332909 0.30151134457776363 -0.30151134457776363
vn 0.9486833010307459 7.068241395285323e-9 -0.31622775707614137
vn 0.8017837363809595 0.26726123552621245 -0.5345224710524249
vn 0.9486833010307459 7.068241395285323e-9 -0.31622775707614137
vn 0.8320502851678979 6.199257710336878e-9 -0.5547002099801474
vn 0.8017837363809595 0.26726123552621245 -0.5345224710524249
vn 0.8017837363809595 0.26726123552621245 -0.5345224710524249
vn 0.8320502851678979 6.199257710336878e-9 -0.5547002099801474
vn 0.688247200043142 0.2294157432818214 -0.688247200043142
vn 0.8320502851678979 6.199257710336878e-9 -0.5547002099801474
vn 0.7071067811865476 5.268356063861754e-9 -0.7071067811865476
vn 0.688247200043142 0.2294157432818214 -0.688247200043142
vn 0.7071067811865476 5.268356063861754e-9 0.7071067811865476
vn 0.7071067811865476 -5.268356063861754e-9 0.7071067811865476
vn 0.8320502851678979 6.199257710336878e-9 0.5547002099801474
vn 0.7071067811865476 -5.268356063861754e-9 0.7071067811865476
vn 0.8320502851678979 -6.199257710336878e-9 0.5547002099801474
vn 0.8320502851678979 6.199257710336878e-9 0.5547002099801474
vn 0.8320502851678979 6.199257710336878e-9 0.5547002099801474
vn 0.8320502851678979 -6.199257710336878e-9 0.5547002099801474
vn 0.9486833010307459 7.068241395285323e-9 0.31622775707614137
vn 0.8320502851678979 -6.199257710336878e-9 0.5547002099801474
vn 0.9486833010307459 -7.068241395285323e-9 0.31622775707614137
vn 0.9486833010307459 7.068241395285323e-9 0.31622775707614137
vn 0.9486833010307459 7.068241395285323e-9 0.31622775707614137
vn 0.9486833010307459 -7.068241395285323e-9 0.31622775707614137
vn 1 7.450580596923828e-9 7.450580596923828e-9
vn 0.9486833010307459 -7.068241395285323e-9 0.31622775707614137
vn 1 -7.450580596923828e-9 7.450580596923828e-9
vn 1 7.450580596923828e-9 7.450580596923828e-9
vn 1 7.450580596923828e-9 7.450580596923828e-9
vn 1 -7.450580596923828e-9 7.450580596923828e-9
vn 1 7.450580596923828e-9 -7.450580596923828e-9
vn 1 -7.450580596923828e-9 7.450580596923828e-9
vn 1 -7.450580596923828e-9 -7.450580596923828e-9
vn 1 7.450580596923828e-9 -7.450580596923828e-9
vn 1 7.450580596923828e-9 -7.450580596923828e-9
vn 1 -7.450580596923828e-9 -7.450580596923828e-9
vn 0.9486833010307459 7.068241395285323e-9 -0.31622775707614137
vn 1 -7.450580596923828e-9 -7.450580596923828e-9
vn 0.9486833010307459 -7.068241395285323e-9 -0.31622775707614137
vn 0.9486833010307459 7.068241395285323e-9 -0.31622775707614137
vn 0.9486833010307459 7.068241395285323e-9 -0.31622775707614137
vn 0.9486833010307459 -7.068241395285323e-9 -0.31622775707614137
vn 0.8320502851678979 6.199257710336878e-9 -0.5547002099801474
vn 0.9486833010307459 -7.068241395285323e-9 -0.31622775707614137
vn 0.8320502851678979 -6.199257710336878e-9 -0.5547002099801474
vn 0.8320502851678979 6.199257710336878e-9 -0.5547002099801474
vn 0.8320502851678979 6.199257710336878e-9 -0.5547002099801474
vn 0.8320502851678979 -6.199257710336878e-9 -0.5547002099801474
vn 0.7071067811865476 5.268356063861754e-9 -0.7071067811865476
vn 0.8320502851678979 -6.199257710336878e-9 -0.5547002099801474
vn 0.7071067811865476 -5.268356063861754e-9 -0.7071067811865476
vn 0.7071067811865476 5.268356063861754e-9 -0.7071067811865476
vn 0.7071067811865476 -5.268356063861754e-9 0.7071067811865476
vn 0.688247200043142 -0.2294157432818214 0.688247200043142
vn 0.8320502851678979 -6.199257710336878e-9 0.5547002099801474
vn 0.688247200043142 -0.2294157432818214 0.688247200043142
vn 0.8017837363809595 -0.26726123552621245 0.5345224710524249
vn 0.8320502851678979 -6.199257710336878e-9 0.5547002099801474
vn 0.8320502851678979 -6.199257710336878e-9 0.5547002099801474
vn 0.8017837363809595 -0.26726123552621245 0.5345224710524249
vn 0.9486833010307459 -7.068241395285323e-9 0.31622775707614137
vn 0.8017837363809595 -0.26726123552621245 0.5345224710524249
vn 0.9045340337332909 -0.30151134457776363 0.30151134457776363
vn 0.9486833010307459 -7.068241395285323e-9 0.31622775707614137
vn 0.9486833010307459 -7.068241395285323e-9 0.31622775707614137
vn 0.9045340337332909 -0.30151134457776363 0.30151134457776363
vn 1 -7.450580596923828e-9 7.450580596923828e-9
vn 0.9045340337332909 -0.30151134457776363 0.30151134457776363
vn 0.9486833010307459 -0.31622775707614137 7.068241395285323e-9
vn 1 -7.450580596923828e-9 7.450580596923828e-9
vn 1 -7.450580596923828e-9 7.450580596923828e-9
vn 0.9486833010307459 -0.31622775707614137 7.068241395285323e-9
vn 1 -7.450580596923828e-9 -7.450580596923828e-9
vn 0.9486833010307459 -0.31622775707614137 7.068241395285323e-9
vn 0.9486833010307459 -0.31622775707614137 -7.068241395285323e-9
vn 1 -7.450580596923828e-9 -7.450580596923828e-9
vn 1 -7.450580596923828e-9 -7.450580596923828e-9
vn 0.9486833010307459 -0.31622775707614137 -7.068241395285323e-9
vn 0.9486833010307459 -7.068241395285323e-9 -0.31622775707614137
vn 0.9486833010307459 -0.31622775707614137 -7.068241395285323e-9
vn 0.9045340337332909 -0.30151134457776363 -0.30151134457776363
vn 0.9486833010307459 -7.068241395285323e-9 -0.31622775707614137
vn 0.9486833010307459 -7.068241395285323e-9 -0.31622775707614137
vn 0.9045340337332909 -0.30151134457776363 -0.30151134457776363
vn 0.8320502851678979 -6.199257710336878e-9 -0.5547002099801474
vn 0.9045340337332909 -0.30151134457776363 -0.30151134457776363
vn 0.8017837363809595 -0.26726123552621245 -0.5345224710524249
vn 0.8320502851678979 -6.199257710336878e-9 -0.5547002099801474
vn 0.8320502851678979 -6.199257710336878e-9 -0.5547002099801474
vn 0.8017837363809595 -0.26726123552621245 -0.5345224710524249
vn 0.7071067811865476 -5.268356063861754e-9 -0.7071067811865476
vn 0.8017837363809595 -0.26726123552621245 -0.5345224710524249
vn 0.688247200043142 -0.2294157432818214 -0.688247200043142
vn 0.7071067811865476 -5.268356063861754e-9 -0.7071067811865476
vn 0.688247200043142 -0.2294157432818214 0.688247200043142
vn 0.639602143648227 -0.4264014489670335 0.639602143648227
vn 0.8017837363809595 -0.26726123552621245 0.5345224710524249
vn 0.639602143648227 -0.4264014489670335 0.639602143648227
vn 0.7276068680966881 -0.48507125533189915 0.48507125533189915
vn 0.8017837363809595 -0.26726123552621245 0.5345224710524249
vn 0.8017837363809595 -0.26726123552621245 0.5345224710524249
vn 0.7276068680966881 -0.48507125533189915 0.48507125533189915
vn 0.9045340337332909 -0.30151134457776363 0.30151134457776363
vn 0.7276068680966881 -0.48507125533189915 0.48507125533189915
vn 0.8017837363809595 -0.5345224710524249 0.26726123552621245
vn 0.9045340337332909 -0.30151134457776363 0.30151134457776363
vn 0.9045340337332909 -0.30151134457776363 0.30151134457776363
vn 0.8017837363809595 -0.5345224710524249 0.26726123552621245
vn 0.9486833010307459 -0.31622775707614137 7.068241395285323e-9
vn 0.8017837363809595 -0.5345224710524249 0.26726123552621245
vn 0.8320502851678979 -0.5547002099801474 6.199257710336878e-9
vn 0.9486833010307459 -0.31622775707614137 7.068241395285323e-9
vn 0.9486833010307459 -0.31622775707614137 7.068241395285323e-9
vn 0.8320502851678979 -0.5547002099801474 6.199257710336878e-9
vn 0.9486833010307459 -0.31622775707614137 -7.068241395285323e-9
vn 0.8320502851678979 -0.5547002099801474 6.199257710336878e-9
vn 0.8320502851678979 -0.5547002099801474 -6.199257710336878e-9
vn 0.9486833010307459 -0.31622775707614137 -7.068241395285323e-9
vn 0.9486833010307459 -0.31622775707614137 -7.068241395285323e-9
vn 0.8320502851678979 -0.5547002099801474 -6.199257710336878e-9
vn 0.9045340337332909 -0.30151134457776363 -0.30151134457776363
vn 0.8320502851678979 -0.5547002099801474 -6.199257710336878e-9
vn 0.8017837363809595 -0.5345224710524249 -0.26726123552621245
vn 0.9045340337332909 -0.30151134457776363 -0.30151134457776363
vn 0.9045340337332909 -0.30151134457776363 -0.30151134457776363
vn 0.8017837363809595 -0.5345224710524249 -0.26726123552621245
vn 0.8017837363809595 -0.26726123552621245 -0.5345224710524249
vn 0.8017837363809595 -0.5345224710524249 -0.26726123552621245
vn 0.7276068680966881 -0.48507125533189915 -0.48507125533189915
vn 0.8017837363809595 -0.26726123552621245 -0.5345224710524249
vn 0.8017837363809595 -0.26726123552621245 -0.5345224710524249
vn 0.7276068680966881 -0.48507125533189915 -0.48507125533189915
vn 0.688247200043142 -0.2294157432818214 -0.688247200043142
vn 0.7276068680966881 -0.48507125533189915 -0.48507125533189915
vn 0.639602143648227 -0.4264014489670335 -0.639602143648227
vn 0.688247200043142 -0.2294157432818214 -0.688247200043142
vn 0.639602143648227 -0.4264014489670335 0.639602143648227
vn 0.5773502691896257 -0.5773502691896257 0.5773502691896257
vn 0.7276068680966881 -0.48507125533189915 0.48507125533189915
vn 0.5773502691896257 -0.5773502691896257 0.5773502691896257
vn 0.639602143648227 -0.639602143648227 0.4264014489670335
vn 0.7276068680966881 -0.48507125533189915 0.48507125533189915
vn 0.7276068680966881 -0.48507125533189915 0.48507125533189915
vn 0.639602143648227 -0.639602143648227 0.4264014489670335
vn 0.8017837363809595 -0.5345224710524249 0.26726123552621245
vn 0.639602143648227 -0.639602143648227 0.4264014489670335
vn 0.688247200043142 -0.688247200043142 0.2294157432818214
vn 0.8017837363809595 -0.5345224710524249 0.26726123552621245
vn 0.8017837363809595 -0.5345224710524249 0.26726123552621245
vn 0.688247200043142 -0.688247200043142 0.2294157432818214
vn 0.8320502851678979 -0.5547002099801474 6.199257710336878e-9
vn 0.688247200043142 -0.688247200043142 0.2294157432818214
vn 0.7071067811865476 -0.7071067811865476 5.268356063861754e-9
vn 0.8320502851678979 -0.5547002099801474 6.199257710336878e-9
vn 0.8320502851678979 -0.5547002099801474 6.199257710336878e-9
vn 0.7071067811865476 -0.7071067811865476 5.268356063861754e-9
vn 0.8320502851678979 -0.5547002099801474 -6.199257710336878e-9
vn 0.7071067811865476 -0.7071067811865476 5.268356063861754e-9
vn 0.7071067811865476 -0.7071067811865476 -5.268356063861754e-9
vn 0.8320502851678979 -0.5547002099801474 -6.199257710336878e-9
vn 0.8320502851678979 -0.5547002099801474 -6.199257710336878e-9
vn 0.7071067811865476 -0.7071067811865476 -5.268356063861754e-9
vn 0.8017837363809595 -0.5345224710524249 -0.26726123552621245
vn 0.7071067811865476 -0.7071067811865476 -5.268356063861754e-9
vn 0.688247200043142 -0.688247200043142 -0.2294157432818214
vn 0.8017837363809595 -0.5345224710524249 -0.26726123552621245
vn 0.8017837363809595 -0.5345224710524249 -0.26726123552621245
vn 0.688247200043142 -0.688247200043142 -0.2294157432818214
vn 0.7276068680966881 -0.48507125533189915 -0.48507125533189915
vn 0.688247200043142 -0.688247200043142 -0.2294157432818214
vn 0.639602143648227 -0.639602143648227 -0.4264014489670335
vn 0.7276068680966881 -0.48507125533189915 -0.48507125533189915
vn 0.7276068680966881 -0.48507125533189915 -0.48507125533189915
vn 0.639602143648227 -0.639602143648227 -0.4264014489670335
vn 0.639602143648227 -0.4264014489670335 -0.639602143648227
vn 0.639602143648227 -0.639602143648227 -0.4264014489670335
vn 0.5773502691896257 -0.5773502691896257 -0.5773502691896257
vn 0.639602143648227 -0.4264014489670335 -0.639602143648227
vn -0.5773502691896257 0.5773502691896257 -0.5773502691896257
vn -0.639602143648227 0.4264014489670335 -0.639602143648227
vn -0.639602143648227 0.639602143648227 -0.4264014489670335
vn -0.639602143648227 0.4264014489670335 -0.639602143648227
vn -0.7276068680966881 0.48507125533189915 -0.48507125533189915
vn -0.639602143648227 0.639602143648227 -0.4264014489670335
vn -0.639602143648227 0.639602143648227 -0.4264014489670335
vn -0.7276068680966881 0.48507125533189915 -0.48507125533189915
vn -0.688247200043142 0.688247200043142 -0.2294157432818214
vn -0.7276068680966881 0.48507125533189915 -0.48507125533189915
vn -0.8017837363809595 0.5345224710524249 -0.26726123552621245
vn -0.688247200043142 0.688247200043142 -0.2294157432818214
vn -0.688247200043142 0.688247200043142 -0.2294157432818214
vn -0.8017837363809595 0.5345224710524249 -0.26726123552621245
vn -0.7071067811865476 0.7071067811865476 -5.268356063861754e-9
vn -0.8017837363809595 0.5345224710524249 -0.26726123552621245
vn -0.8320502851678979 0.5547002099801474 -6.199257710336878e-9
vn -0.7071067811865476 0.7071067811865476 -5.268356063861754e-9
vn -0.7071067811865476 0.7071067811865476 -5.268356063861754e-9
vn -0.8320502851678979 0.5547002099801474 -6.199257710336878e-9
vn -0.7071067811865476 0.7071067811865476 5.268356063861754e-9
vn -0.8320502851678979 0.5547002099801474 -6.199257710336878e-9
vn -0.8320502851678979 0.5547002099801474 6.199257710336878e-9
vn -0.7071067811865476 0.7071067811865476 5.268356063861754e-9
vn -0.7071067811865476 0.7071067811865476 5.268356063861754e-9
vn -0.8320502851678979 0.5547002099801474 6.199257710336878e-9
vn -0.688247200043142 0.688247200043142 0.2294157432818214
vn -0.8320502851678979 0.5547002099801474 6.199257710336878e-9
vn -0.8017837363809595 0.5345224710524249 0.26726123552621245
vn -0.688247200043142 0.688247200043142 0.2294157432818214
vn -0.688247200043142 0.688247200043142 0.2294157432818214
vn -0.8017837363809595 0.5345224710524249 0.26726123552621245
vn -0.639602143648227 0.639602143648227 0.4264014489670335
vn -0.8017837363809595 0.5345224710524249 0.26726123552621245
vn -0.7276068680966881 0.48507125533189915 0.48507125533189915
vn -0.639602143648227 0.639602143648227 0.4264014489670335
vn -0.639602143648227 0.639602143648227 0.4264014489670335
vn -0.7276068680966881 0.48507125533189915 0.48507125533189915
vn -0.5773502691896257 0.5773502691896257 0.5773502691896257
vn -0.7276068680966881 0.48507125533189915 0.48507125533189915
vn -0.639602143648227 0.4264014489670335 0.639602143648227
vn -0.5773502691896257 0.5773502691896257 0.5773502691896257
vn -0.639602143648227 0.4264014489670335 -0.639602143648227
vn -0.688247200043142 0.2294157432818214 -0.688247200043142
vn -0.7276068680966881 0.48507125533189915 -0.48507125533189915
vn -0.688247200043142 0.2294157432818214 -0.688247200043142
vn -0.8017837363809595 0.26726123552621245 -0.5345224710524249
vn -0.7276068680966881 0.48507125533189915 -0.48507125533189915
vn -0.7276068680966881 0.48507125533189915 -0.48507125533189915
vn -0.8017837363809595 0.26726123552621245 -0.5345224710524249
vn -0.8017837363809595 0.5345224710524249 -0.26726123552621245
vn -0.8017837363809595 0.26726123552621245 -0.5345224710524249
vn -0.9045340337332909 0.30151134457776363 -0.30151134457776363
vn -0.8017837363809595 0.5345224710524249 -0.26726123552621245
vn -0.8017837363809595 0.5345224710524249 -0.26726123552621245
vn -0.9045340337332909 0.30151134457776363 -0.30151134457776363
vn -0.8320502851678979 0.5547002099801474 -6.199257710336878e-9
vn -0.9045340337332909 0.30151134457776363 -0.30151134457776363
vn -0.9486833010307459 0.31622775707614137 -7.068241395285323e-9
vn -0.8320502851678979 0.5547002099801474 -6.199257710336878e-9
vn -0.8320502851678979 0.5547002099801474 -6.199257710336878e-9
vn -0.9486833010307459 0.31622775707614137 -7.068241395285323e-9
vn -0.8320502851678979 0.5547002099801474 6.199257710336878e-9
vn -0.9486833010307459 0.31622775707614137 -7.068241395285323e-9
vn -0.9486833010307459 0.31622775707614137 7.068241395285323e-9
vn -0.8320502851678979 0.5547002099801474 6.199257710336878e-9
vn -0.8320502851678979 0.5547002099801474 6.199257710336878e-9
vn -0.9486833010307459 0.31622775707614137 7.068241395285323e-9
vn -0.8017837363809595 0.5345224710524249 0.26726123552621245
vn -0.9486833010307459 0.31622775707614137 7.068241395285323e-9
vn -0.9045340337332909 0.30151134457776363 0.30151134457776363
vn -0.8017837363809595 0.5345224710524249 0.26726123552621245
vn -0.8017837363809595 0.5345224710524249 0.26726123552621245
vn -0.9045340337332909 0.30151134457776363 0.30151134457776363
vn -0.7276068680966881 0.48507125533189915 0.48507125533189915
vn -0.9045340337332909 0.30151134457776363 0.30151134457776363
vn -0.8017837363809595 0.26726123552621245 0.5345224710524249
vn -0.7276068680966881 0.48507125533189915 0.48507125533189915
vn -0.7276068680966881 0.48507125533189915 0.48507125533189915
vn -0.8017837363809595 0.26726123552621245 0.5345224710524249
vn -0.639602143648227 0.4264014489670335 0.639602143648227
vn -0.8017837363809595 0.26726123552621245 0.5345224710524249
vn -0.688247200043142 0.2294157432818214 0.688247200043142
vn -0.639602143648227 0.4264014489670335 0.639602143648227
vn -0.688247200043142 0.2294157432818214 -0.688247200043142
vn -0.7071067811865476 5.268356063861754e-9 -0.7071067811865476
vn -0.8017837363809595 0.26726123552621245 -0.5345224710524249
vn -0.7071067811865476 5.268356063861754e-9 -0.7071067811865476
vn -0.8320502851678979 6.199257710336878e-9 -0.5547002099801474
vn -0.8017837363809595 0.26726123552621245 -0.5345224710524249
vn -0.8017837363809595 0.26726123552621245 -0.5345224710524249
vn -0.8320502851678979 6.199257710336878e-9 -0.5547002099801474
vn -0.9045340337332909 0.30151134457776363 -0.30151134457776363
vn -0.8320502851678979 6.199257710336878e-9 -0.5547002099801474
vn -0.9486833010307459 7.068241395285323e-9 -0.31622775707614137
vn -0.9045340337332909 0.30151134457776363 -0.30151134457776363
vn -0.9045340337332909 0.30151134457776363 -0.30151134457776363
vn -0.9486833010307459 7.068241395285323e-9 -0.31622775707614137
vn -0.9486833010307459 0.31622775707614137 -7.068241395285323e-9
vn -0.9486833010307459 7.068241395285323e-9 -0.31622775707614137
vn -1 7.450580596923828e-9 -7.450580596923828e-9
vn -0.9486833010307459 0.31622775707614137 -7.068241395285323e-9
vn -0.9486833010307459 0.31622775707614137 -7.068241395285323e-9
vn -1 7.450580596923828e-9 -7.450580596923828e-9
vn -0.9486833010307459 0.31622775707614137 7.068241395285323e-9
vn -1 7.450580596923828e-9 -7.450580596923828e-9
vn -1 7.450580596923828e-9 7.450580596923828e-9
vn -0.9486833010307459 0.31622775707614137 7.068241395285323e-9
vn -0.9486833010307459 0.31622775707614137 7.068241395285323e-9
vn -1 7.450580596923828e-9 7.450580596923828e-9
vn -0.9045340337332909 0.30151134457776363 0.30151134457776363
vn -1 7.450580596923828e-9 7.450580596923828e-9
vn -0.9486833010307459 7.068241395285323e-9 0.31622775707614137
vn -0.9045340337332909 0.30151134457776363 0.30151134457776363
vn -0.9045340337332909 0.30151134457776363 0.30151134457776363
vn -0.9486833010307459 7.068241395285323e-9 0.31622775707614137
vn -0.8017837363809595 0.26726123552621245 0.5345224710524249
vn -0.9486833010307459 7.068241395285323e-9 0.31622775707614137
vn -0.8320502851678979 6.199257710336878e-9 0.5547002099801474
vn -0.8017837363809595 0.26726123552621245 0.5345224710524249
vn -0.8017837363809595 0.26726123552621245 0.5345224710524249
vn -0.8320502851678979 6.199257710336878e-9 0.5547002099801474
vn -0.688247200043142 0.2294157432818214 0.688247200043142
vn -0.8320502851678979 6.199257710336878e-9 0.5547002099801474
vn -0.7071067811865476 5.268356063861754e-9 0.7071067811865476
vn -0.688247200043142 0.2294157432818214 0.688247200043142
vn -0.7071067811865476 5.268356063861754e-9 -0.7071067811865476
vn -0.7071067811865476 -5.268356063861754e-9 -0.7071067811865476
vn -0.8320502851678979 6.199257710336878e-9 -0.5547002099801474
vn -0.7071067811865476 -5.268356063861754e-9 -0.7071067811865476
vn -0.8320502851678979 -6.199257710336878e-9 -0.5547002099801474
vn -0.8320502851678979 6.199257710336878e-9 -0.5547002099801474
vn -0.8320502851678979 6.199257710336878e-9 -0.5547002099801474
vn -0.8320502851678979 -6.199257710336878e-9 -0.5547002099801474
vn -0.9486833010307459 7.068241395285323e-9 -0.31622775707614137
vn -0.8320502851678979 -6.199257710336878e-9 -0.5547002099801474
vn -0.9486833010307459 -7.068241395285323e-9 -0.31622775707614137
vn -0.9486833010307459 7.068241395285323e-9 -0.31622775707614137
vn -0.9486833010307459 7.068241395285323e-9 -0.31622775707614137
vn -0.9486833010307459 -7.068241395285323e-9 -0.31622775707614137
vn -1 7.450580596923828e-9 -7.450580596923828e-9
vn -0.9486833010307459 -7.068241395285323e-9 -0.31622775707614137
vn -1 -7.450580596923828e-9 -7.450580596923828e-9
vn -1 7.450580596923828e-9 -7.450580596923828e-9
vn -1 7.450580596923828e-9 -7.450580596923828e-9
vn -1 -7.450580596923828e-9 -7.450580596923828e-9
vn -1 7.450580596923828e-9 7.450580596923828e-9
vn -1 -7.450580596923828e-9 -7.450580596923828e-9
vn -1 -7.450580596923828e-9 7.450580596923828e-9
vn -1 7.450580596923828e-9 7.450580596923828e-9
vn -1 7.450580596923828e-9 7.450580596923828e-9
vn -1 -7.450580596923828e-9 7.450580596923828e-9
vn -0.9486833010307459 7.068241395285323e-9 0.31622775707614137
vn -1 -7.450580596923828e-9 7.450580596923828e-9
vn -0.9486833010307459 -7.068241395285323e-9 0.31622775707614137
vn -0.9486833010307459 7.068241395285323e-9 0.31622775707614137
vn -0.9486833010307459 7.068241395285323e-9 0.31622775707614137
vn -0.9486833010307459 -7.068241395285323e-9 0.31622775707614137
vn -0.8320502851678979 6.199257710336878e-9 0.5547002099801474
vn -0.9486833010307459 -7.068241395285323e-9 0.31622775707614137
vn -0.8320502851678979 -6.199257710336878e-9 0.5547002099801474
vn -0.8320502851678979 6.199257710336878e-9 0.5547002099801474
vn -0.8320502851678979 6.199257710336878e-9 0.5547002099801474
vn -0.8320502851678979 -6.199257710336878e-9 0.5547002099801474
vn -0.7071067811865476 5.268356063861754e-9 0.7071067811865476
vn -0.8320502851678979 -6.199257710336878e-9 0.5547002099801474
vn -0.7071067811865476 -5.268356063861754e-9 0.7071067811865476
vn -0.7071067811865476 5.268356063861754e-9 0.7071067811865476
vn -0.7071067811865476 -5.268356063861754e-9 -0.7071067811865476
vn -0.688247200043142 -0.2294157432818214 -0.688247200043142
vn -0.8320502851678979 -6.199257710336878e-9 -0.5547002099801474
vn -0.688247200043142 -0.2294157432818214 -0.688247200043142
vn -0.8017837363809595 -0.26726123552621245 -0.5345224710524249
vn -0.8320502851678979 -6.199257710336878e-9 -0.5547002099801474
vn -0.8320502851678979 -6.199257710336878e-9 -0.5547002099801474
vn -0.8017837363809595 -0.26726123552621245 -0.5345224710524249
vn -0.9486833010307459 -7.068241395285323e-9 -0.31622775707614137
vn -0.8017837363809595 -0.26726123552621245 -0.5345224710524249
vn -0.9045340337332909 -0.30151134457776363 -0.30151134457776363
vn -0.9486833010307459 -7.068241395285323e-9 -0.31622775707614137
vn -0.9486833010307459 -7.068241395285323e-9 -0.31622775707614137
vn -0.9045340337332909 -0.30151134457776363 -0.30151134457776363
vn -1 -7.450580596923828e-9 -7.450580596923828e-9
vn -0.9045340337332909 -0.30151134457776363 -0.30151134457776363
vn -0.9486833010307459 -0.31622775707614137 -7.068241395285323e-9
vn -1 -7.450580596923828e-9 -7.450580596923828e-9
vn -1 -7.450580596923828e-9 -7.450580596923828e-9
vn -0.9486833010307459 -0.31622775707614137 -7.068241395285323e-9
vn -1 -7.450580596923828e-9 7.450580596923828e-9
vn -0.9486833010307459 -0.31622775707614137 -7.068241395285323e-9
vn -0.9486833010307459 -0.31622775707614137 7.068241395285323e-9
vn -1 -7.450580596923828e-9 7.450580596923828e-9
vn -1 -7.450580596923828e-9 7.450580596923828e-9
vn -0.9486833010307459 -0.31622775707614137 7.068241395285323e-9
vn -0.9486833010307459 -7.068241395285323e-9 0.31622775707614137
vn -0.9486833010307459 -0.31622775707614137 7.068241395285323e-9
vn -0.9045340337332909 -0.30151134457776363 0.30151134457776363
vn -0.9486833010307459 -7.068241395285323e-9 0.31622775707614137
vn -0.9486833010307459 -7.068241395285323e-9 0.31622775707614137
vn -0.9045340337332909 -0.30151134457776363 0.30151134457776363
vn -0.8320502851678979 -6.199257710336878e-9 0.5547002099801474
vn -0.9045340337332909 -0.30151134457776363 0.30151134457776363
vn -0.8017837363809595 -0.26726123552621245 0.5345224710524249
vn -0.8320502851678979 -6.199257710336878e-9 0.5547002099801474
vn -0.8320502851678979 -6.199257710336878e-9 0.5547002099801474
vn -0.8017837363809595 -0.26726123552621245 0.5345224710524249
vn -0.7071067811865476 -5.268356063861754e-9 0.7071067811865476
vn -0.8017837363809595 -0.26726123552621245 0.5345224710524249
vn -0.688247200043142 -0.2294157432818214 0.688247200043142
vn -0.7071067811865476 -5.268356063861754e-9 0.7071067811865476
vn -0.688247200043142 -0.2294157432818214 -0.688247200043142
vn -0.639602143648227 -0.4264014489670335 -0.639602143648227
vn -0.8017837363809595 -0.26726123552621245 -0.5345224710524249
vn -0.639602143648227 -0.4264014489670335 -0.639602143648227
vn -0.7276068680966881 -0.48507125533189915 -0.48507125533189915
vn -0.8017837363809595 -0.26726123552621245 -0.5345224710524249
vn -0.8017837363809595 -0.26726123552621245 -0.5345224710524249
vn -0.7276068680966881 -0.48507125533189915 -0.48507125533189915
vn -0.9045340337332909 -0.30151134457776363 -0.30151134457776363
vn -0.7276068680966881 -0.48507125533189915 -0.48507125533189915
vn -0.8017837363809595 -0.5345224710524249 -0.26726123552621245
vn -0.9045340337332909 -0.30151134457776363 -0.30151134457776363
vn -0.9045340337332909 -0.30151134457776363 -0.30151134457776363
vn -0.8017837363809595 -0.5345224710524249 -0.26726123552621245
vn -0.9486833010307459 -0.31622775707614137 -7.068241395285323e-9
vn -0.8017837363809595 -0.5345224710524249 -0.26726123552621245
vn -0.8320502851678979 -0.5547002099801474 -6.199257710336878e-9
vn -0.9486833010307459 -0.31622775707614137 -7.068241395285323e-9
vn -0.9486833010307459 -0.31622775707614137 -7.068241395285323e-9
vn -0.8320502851678979 -0.5547002099801474 -6.199257710336878e-9
vn -0.9486833010307459 -0.31622775707614137 7.068241395285323e-9
vn -0.8320502851678979 -0.5547002099801474 -6.199257710336878e-9
vn -0.8320502851678979 -0.5547002099801474 6.199257710336878e-9
vn -0.9486833010307459 -0.31622775707614137 7.068241395285323e-9
vn -0.9486833010307459 -0.31622775707614137 7.068241395285323e-9
vn -0.8320502851678979 -0.5547002099801474 6.199257710336878e-9
vn -0.9045340337332909 -0.30151134457776363 0.30151134457776363
vn -0.8320502851678979 -0.5547002099801474 6.199257710336878e-9
vn -0.8017837363809595 -0.5345224710524249 0.26726123552621245
vn -0.9045340337332909 -0.30151134457776363 0.30151134457776363
vn -0.9045340337332909 -0.30151134457776363 0.30151134457776363
vn -0.8017837363809595 -0.5345224710524249 0.26726123552621245
vn -0.8017837363809595 -0.26726123552621245 0.5345224710524249
vn -0.8017837363809595 -0.5345224710524249 0.26726123552621245
vn -0.7276068680966881 -0.48507125533189915 0.48507125533189915
vn -0.8017837363809595 -0.26726123552621245 0.5345224710524249
vn -0.8017837363809595 -0.26726123552621245 0.5345224710524249
vn -0.7276068680966881 -0.48507125533189915 0.48507125533189915
vn -0.688247200043142 -0.2294157432818214 0.688247200043142
vn -0.7276068680966881 -0.48507125533189915 0.48507125533189915
vn -0.639602143648227 -0.4264014489670335 0.639602143648227
vn -0.688247200043142 -0.2294157432818214 0.688247200043142
vn -0.639602143648227 -0.4264014489670335 -0.639602143648227
vn -0.5773502691896257 -0.5773502691896257 -0.5773502691896257
vn -0.7276068680966881 -0.48507125533189915 -0.48507125533189915
vn -0.5773502691896257 -0.5773502691896257 -0.5773502691896257
vn -0.639602143648227 -0.639602143648227 -0.4264014489670335
vn -0.7276068680966881 -0.48507125533189915 -0.48507125533189915
vn -0.7276068680966881 -0.48507125533189915 -0.48507125533189915
vn -0.639602143648227 -0.639602143648227 -0.4264014489670335
vn -0.8017837363809595 -0.5345224710524249 -0.26726123552621245
vn -0.639602143648227 -0.639602143648227 -0.4264014489670335
vn -0.688247200043142 -0.688247200043142 -0.2294157432818214
vn -0.8017837363809595 -0.5345224710524249 -0.26726123552621245
vn -0.8017837363809595 -0.5345224710524249 -0.26726123552621245
vn -0.688247200043142 -0.688247200043142 -0.2294157432818214
vn -0.8320502851678979 -0.5547002099801474 -6.199257710336878e-9
vn -0.688247200043142 -0.688247200043142 -0.2294157432818214
vn -0.7071067811865476 -0.7071067811865476 -5.268356063861754e-9
vn -0.8320502851678979 -0.5547002099801474 -6.199257710336878e-9
vn -0.8320502851678979 -0.5547002099801474 -6.199257710336878e-9
vn -0.7071067811865476 -0.7071067811865476 -5.268356063861754e-9
vn -0.8320502851678979 -0.5547002099801474 6.199257710336878e-9
vn -0.7071067811865476 -0.7071067811865476 -5.268356063861754e-9
vn -0.7071067811865476 -0.7071067811865476 5.268356063861754e-9
vn -0.8320502851678979 -0.5547002099801474 6.199257710336878e-9
vn -0.8320502851678979 -0.5547002099801474 6.199257710336878e-9
vn -0.7071067811865476 -0.7071067811865476 5.268356063861754e-9
vn -0.8017837363809595 -0.5345224710524249 0.26726123552621245
vn -0.7071067811865476 -0.7071067811865476 5.268356063861754e-9
vn -0.688247200043142 -0.688247200043142 0.2294157432818214
vn -0.8017837363809595 -0.5345224710524249 0.26726123552621245
vn -0.8017837363809595 -0.5345224710524249 0.26726123552621245
vn -0.688247200043142 -0.688247200043142 0.2294157432818214
vn -0.7276068680966881 -0.48507125533189915 0.48507125533189915
vn -0.688247200043142 -0.688247200043142 0.2294157432818214
vn -0.639602143648227 -0.639602143648227 0.4264014489670335
vn -0.7276068680966881 -0.48507125533189915 0.48507125533189915
vn -0.7276068680966881 -0.48507125533189915 0.48507125533189915
vn -0.639602143648227 -0.639602143648227 0.4264014489670335
vn -0.639602143648227 -0.4264014489670335 0.639602143648227
vn -0.639602143648227 -0.639602143648227 0.4264014489670335
vn -0.5773502691896257 -0.5773502691896257 0.5773502691896257
vn -0.639602143648227 -0.4264014489670335 0.639602143648227
vn -0.5773502691896257 0.5773502691896257 -0.5773502691896257
vn -0.639602143648227 0.639602143648227 -0.4264014489670335
vn -0.4264014489670335 0.639602143648227 -0.639602143648227
vn -0.639602143648227 0.639602143648227 -0.4264014489670335
vn -0.48507125533189915 0.7276068680966881 -0.48507125533189915
vn -0.4264014489670335 0.639602143648227 -0.639602143648227
vn -0.4264014489670335 0.639602143648227 -0.639602143648227
vn -0.48507125533189915 0.7276068680966881 -0.48507125533189915
vn -0.2294157432818214 0.688247200043142 -0.688247200043142
vn -0.48507125533189915 0.7276068680966881 -0.48507125533189915
vn -0.26726123552621245 0.8017837363809595 -0.5345224710524249
vn -0.2294157432818214 0.688247200043142 -0.688247200043142
vn -0.2294157432818214 0.688247200043142 -0.688247200043142
vn -0.26726123552621245 0.8017837363809595 -0.5345224710524249
vn -5.268356063861754e-9 0.7071067811865476 -0.7071067811865476
vn -0.26726123552621245 0.8017837363809595 -0.5345224710524249
vn -6.199257710336878e-9 0.8320502851678979 -0.5547002099801474
vn -5.268356063861754e-9 0.7071067811865476 -0.7071067811865476
vn -5.268356063861754e-9 0.7071067811865476 -0.7071067811865476
vn -6.199257710336878e-9 0.8320502851678979 -0.5547002099801474
vn 5.268356063861754e-9 0.7071067811865476 -0.7071067811865476
vn -6.199257710336878e-9 0.8320502851678979 -0.5547002099801474
vn 6.199257710336878e-9 0.8320502851678979 -0.5547002099801474
vn 5.268356063861754e-9 0.7071067811865476 -0.7071067811865476
vn 5.268356063861754e-9 0.7071067811865476 -0.7071067811865476
vn 6.199257710336878e-9 0.8320502851678979 -0.5547002099801474
vn 0.2294157432818214 0.688247200043142 -0.688247200043142
vn 6.199257710336878e-9 0.8320502851678979 -0.5547002099801474
vn 0.26726123552621245 0.8017837363809595 -0.5345224710524249
vn 0.2294157432818214 0.688247200043142 -0.688247200043142
vn 0.2294157432818214 0.688247200043142 -0.688247200043142
vn 0.26726123552621245 0.8017837363809595 -0.5345224710524249
vn 0.4264014489670335 0.639602143648227 -0.639602143648227
vn 0.26726123552621245 0.8017837363809595 -0.5345224710524249
vn 0.48507125533189915 0.7276068680966881 -0.48507125533189915
vn 0.4264014489670335 0.639602143648227 -0.639602143648227
vn 0.4264014489670335 0.639602143648227 -0.639602143648227
vn 0.48507125533189915 0.7276068680966881 -0.48507125533189915
vn 0.5773502691896257 0.5773502691896257 -0.5773502691896257
vn 0.48507125533189915 0.7276068680966881 -0.48507125533189915
vn 0.639602143648227 0.639602143648227 -0.4264014489670335
vn 0.5773502691896257 0.5773502691896257 -0.5773502691896257
vn -0.639602143648227 0.639602143648227 -0.4264014489670335
vn -0.688247200043142 0.688247200043142 -0.2294157432818214
vn -0.48507125533189915 0.7276068680966881 -0.48507125533189915
vn -0.688247200043142 0.688247200043142 -0.2294157432818214
vn -0.5345224710524249 0.8017837363809595 -0.26726123552621245
vn -0.48507125533189915 0.7276068680966881 -0.48507125533189915
vn -0.48507125533189915 0.7276068680966881 -0.48507125533189915
vn -0.5345224710524249 0.8017837363809595 -0.26726123552621245
vn -0.26726123552621245 0.8017837363809595 -0.5345224710524249
vn -0.5345224710524249 0.8017837363809595 -0.26726123552621245
vn -0.30151134457776363 0.9045340337332909 -0.30151134457776363
vn -0.26726123552621245 0.8017837363809595 -0.5345224710524249
vn -0.26726123552621245 0.8017837363809595 -0.5345224710524249
vn -0.30151134457776363 0.9045340337332909 -0.30151134457776363
vn -6.199257710336878e-9 0.8320502851678979 -0.5547002099801474
vn -0.30151134457776363 0.9045340337332909 -0.30151134457776363
vn -7.068241395285323e-9 0.9486833010307459 -0.31622775707614137
vn -6.199257710336878e-9 0.8320502851678979 -0.5547002099801474
vn -6.199257710336878e-9 0.8320502851678979 -0.5547002099801474
vn -7.068241395285323e-9 0.9486833010307459 -0.31622775707614137
vn 6.199257710336878e-9 0.8320502851678979 -0.5547002099801474
vn -7.068241395285323e-9 0.9486833010307459 -0.31622775707614137
vn 7.068241395285323e-9 0.9486833010307459 -0.31622775707614137
vn 6.199257710336878e-9 0.8320502851678979 -0.5547002099801474
vn 6.199257710336878e-9 0.8320502851678979 -0.5547002099801474
vn 7.068241395285323e-9 0.9486833010307459 -0.31622775707614137
vn 0.26726123552621245 0.8017837363809595 -0.5345224710524249
vn 7.068241395285323e-9 0.9486833010307459 -0.31622775707614137
vn 0.30151134457776363 0.9045340337332909 -0.30151134457776363
vn 0.26726123552621245 0.8017837363809595 -0.5345224710524249
vn 0.26726123552621245 0.8017837363809595 -0.5345224710524249
vn 0.30151134457776363 0.9045340337332909 -0.30151134457776363
vn 0.48507125533189915 0.7276068680966881 -0.48507125533189915
vn 0.30151134457776363 0.9045340337332909 -0.30151134457776363
vn 0.5345224710524249 0.8017837363809595 -0.26726123552621245
vn 0.48507125533189915 0.7276068680966881 -0.48507125533189915
vn 0.48507125533189915 0.7276068680966881 -0.48507125533189915
vn 0.5345224710524249 0.8017837363809595 -0.26726123552621245
vn 0.639602143648227 0.639602143648227 -0.4264014489670335
vn 0.5345224710524249 0.8017837363809595 -0.26726123552621245
vn 0.688247200043142 0.688247200043142 -0.2294157432818214
vn 0.639602143648227 0.639602143648227 -0.4264014489670335
vn -0.688247200043142 0.688247200043142 -0.2294157432818214
vn -0.7071067811865476 0.7071067811865476 -5.268356063861754e-9
vn -0.5345224710524249 0.8017837363809595 -0.26726123552621245
vn -0.7071067811865476 0.7071067811865476 -5.268356063861754e-9
vn -0.5547002099801474 0.8320502851678979 -6.199257710336878e-9
vn -0.5345224710524249 0.8017837363809595 -0.26726123552621245
vn -0.5345224710524249 0.8017837363809595 -0.26726123552621245
vn -0.5547002099801474 0.8320502851678979 -6.199257710336878e-9
vn -0.30151134457776363 0.9045340337332909 -0.30151134457776363
vn -0.5547002099801474 0.8320502851678979 -6.199257710336878e-9
vn -0.31622775707614137 0.9486833010307459 -7.068241395285323e-9
vn -0.30151134457776363 0.9045340337332909 -0.30151134457776363
vn -0.30151134457776363 0.9045340337332909 -0.30151134457776363
vn -0.31622775707614137 0.9486833010307459 -7.068241395285323e-9
vn -7.068241395285323e-9 0.9486833010307459 -0.31622775707614137
vn -0.31622775707614137 0.9486833010307459 -7.068241395285323e-9
vn -7.450580596923828e-9 1 -7.450580596923828e-9
vn -7.068241395285323e-9 0.9486833010307459 -0.31622775707614137
vn -7.068241395285323e-9 0.9486833010307459 -0.31622775707614137
vn -7.450580596923828e-9 1 -7.450580596923828e-9
vn 7.068241395285323e-9 0.9486833010307459 -0.31622775707614137
vn -7.450580596923828e-9 1 -7.450580596923828e-9
vn 7.450580596923828e-9 1 -7.450580596923828e-9
vn 7.068241395285323e-9 0.9486833010307459 -0.31622775707614137
vn 7.068241395285323e-9 0.9486833010307459 -0.31622775707614137
vn 7.450580596923828e-9 1 -7.450580596923828e-9
vn 0.30151134457776363 0.9045340337332909 -0.30151134457776363
vn 7.450580596923828e-9 1 -7.450580596923828e-9
vn 0.31622775707614137 0.9486833010307459 -7.068241395285323e-9
vn 0.30151134457776363 0.9045340337332909 -0.30151134457776363
vn 0.30151134457776363 0.9045340337332909 -0.30151134457776363
vn 0.31622775707614137 0.9486833010307459 -7.068241395285323e-9
vn 0.5345224710524249 0.8017837363809595 -0.26726123552621245
vn 0.31622775707614137 0.9486833010307459 -7.068241395285323e-9
vn 0.5547002099801474 0.8320502851678979 -6.199257710336878e-9
vn 0.5345224710524249 0.8017837363809595 -0.26726123552621245
vn 0.5345224710524249 0.8017837363809595 -0.26726123552621245
vn 0.5547002099801474 0.8320502851678979 -6.199257710336878e-9
vn 0.688247200043142 0.688247200043142 -0.2294157432818214
vn 0.5547002099801474 0.8320502851678979 -6.199257710336878e-9
vn 0.7071067811865476 0.7071067811865476 -5.268356063861754e-9
vn 0.688247200043142 0.688247200043142 -0.2294157432818214
vn -0.7071067811865476 0.7071067811865476 -5.268356063861754e-9
vn -0.7071067811865476 0.7071067811865476 5.268356063861754e-9
vn -0.5547002099801474 0.8320502851678979 -6.199257710336878e-9
vn -0.7071067811865476 0.7071067811865476 5.268356063861754e-9
vn -0.5547002099801474 0.8320502851678979 6.199257710336878e-9
vn -0.5547002099801474 0.8320502851678979 -6.199257710336878e-9
vn -0.5547002099801474 0.8320502851678979 -6.199257710336878e-9
vn -0.5547002099801474 0.8320502851678979 6.199257710336878e-9
vn -0.31622775707614137 0.9486833010307459 -7.068241395285323e-9
vn -0.5547002099801474 0.8320502851678979 6.199257710336878e-9
vn -0.31622775707614137 0.9486833010307459 7.068241395285323e-9
vn -0.31622775707614137 0.9486833010307459 -7.068241395285323e-9
vn -0.31622775707614137 0.9486833010307459 -7.068241395285323e-9
vn -0.31622775707614137 0.9486833010307459 7.068241395285323e-9
vn -7.450580596923828e-9 1 -7.450580596923828e-9
vn -0.31622775707614137 0.9486833010307459 7.068241395285323e-9
vn -7.450580596923828e-9 1 7.450580596923828e-9
vn -7.450580596923828e-9 1 -7.450580596923828e-9
vn -7.450580596923828e-9 1 -7.450580596923828e-9
vn -7.450580596923828e-9 1 7.450580596923828e-9
vn 7.450580596923828e-9 1 -7.450580596923828e-9
vn -7.450580596923828e-9 1 7.450580596923828e-9
vn 7.450580596923828e-9 1 7.450580596923828e-9
vn 7.450580596923828e-9 1 -7.450580596923828e-9
vn 7.450580596923828e-9 1 -7.450580596923828e-9
vn 7.450580596923828e-9 1 7.450580596923828e-9
vn 0.31622775707614137 0.9486833010307459 -7.068241395285323e-9
vn 7.450580596923828e-9 1 7.450580596923828e-9
vn 0.31622775707614137 0.9486833010307459 7.068241395285323e-9
vn 0.31622775707614137 0.9486833010307459 -7.068241395285323e-9
vn 0.31622775707614137 0.9486833010307459 -7.068241395285323e-9
vn 0.31622775707614137 0.9486833010307459 7.068241395285323e-9
vn 0.5547002099801474 0.8320502851678979 -6.199257710336878e-9
vn 0.31622775707614137 0.9486833010307459 7.068241395285323e-9
vn 0.5547002099801474 0.8320502851678979 6.199257710336878e-9
vn 0.5547002099801474 0.8320502851678979 -6.199257710336878e-9
vn 0.5547002099801474 0.8320502851678979 -6.199257710336878e-9
vn 0.5547002099801474 0.8320502851678979 6.199257710336878e-9
vn 0.7071067811865476 0.7071067811865476 -5.268356063861754e-9
vn 0.5547002099801474 0.8320502851678979 6.199257710336878e-9
vn 0.7071067811865476 0.7071067811865476 5.268356063861754e-9
vn 0.7071067811865476 0.7071067811865476 -5.268356063861754e-9
vn -0.7071067811865476 0.7071067811865476 5.268356063861754e-9
vn -0.688247200043142 0.688247200043142 0.2294157432818214
vn -0.5547002099801474 0.8320502851678979 6.199257710336878e-9
vn -0.688247200043142 0.688247200043142 0.2294157432818214
vn -0.5345224710524249 0.8017837363809595 0.26726123552621245
vn -0.5547002099801474 0.8320502851678979 6.199257710336878e-9
vn -0.5547002099801474 0.8320502851678979 6.199257710336878e-9
vn -0.5345224710524249 0.8017837363809595 0.26726123552621245
vn -0.31622775707614137 0.9486833010307459 7.068241395285323e-9
vn -0.5345224710524249 0.8017837363809595 0.26726123552621245
vn -0.30151134457776363 0.9045340337332909 0.30151134457776363
vn -0.31622775707614137 0.9486833010307459 7.068241395285323e-9
vn -0.31622775707614137 0.9486833010307459 7.068241395285323e-9
vn -0.30151134457776363 0.9045340337332909 0.30151134457776363
vn -7.450580596923828e-9 1 7.450580596923828e-9
vn -0.30151134457776363 0.9045340337332909 0.30151134457776363
vn -7.068241395285323e-9 0.9486833010307459 0.31622775707614137
vn -7.450580596923828e-9 1 7.450580596923828e-9
vn -7.450580596923828e-9 1 7.450580596923828e-9
vn -7.068241395285323e-9 0.9486833010307459 0.31622775707614137
vn 7.450580596923828e-9 1 7.450580596923828e-9
vn -7.068241395285323e-9 0.9486833010307459 0.31622775707614137
vn 7.068241395285323e-9 0.9486833010307459 0.31622775707614137
vn 7.450580596923828e-9 1 7.450580596923828e-9
vn 7.450580596923828e-9 1 7.450580596923828e-9
vn 7.068241395285323e-9 0.9486833010307459 0.31622775707614137
vn 0.31622775707614137 0.9486833010307459 7.068241395285323e-9
vn 7.068241395285323e-9 0.9486833010307459 0.31622775707614137
vn 0.30151134457776363 0.9045340337332909 0.30151134457776363
vn 0.31622775707614137 0.9486833010307459 7.068241395285323e-9
vn 0.31622775707614137 0.9486833010307459 7.068241395285323e-9
vn 0.30151134457776363 0.9045340337332909 0.30151134457776363
vn 0.5547002099801474 0.8320502851678979 6.199257710336878e-9
vn 0.30151134457776363 0.9045340337332909 0.30151134457776363
vn 0.5345224710524249 0.8017837363809595 0.26726123552621245
vn 0.5547002099801474 0.8320502851678979 6.199257710336878e-9
vn 0.5547002099801474 0.8320502851678979 6.199257710336878e-9
vn 0.5345224710524249 0.8017837363809595 0.26726123552621245
vn 0.7071067811865476 0.7071067811865476 5.268356063861754e-9
vn 0.5345224710524249 0.8017837363809595 0.26726123552621245
vn 0.688247200043142 0.688247200043142 0.2294157432818214
vn 0.7071067811865476 0.7071067811865476 5.268356063861754e-9
vn -0.688247200043142 0.688247200043142 0.2294157432818214
vn -0.639602143648227 0.639602143648227 0.4264014489670335
vn -0.5345224710524249 0.8017837363809595 0.26726123552621245
vn -0.639602143648227 0.639602143648227 0.4264014489670335
vn -0.48507125533189915 0.7276068680966881 0.48507125533189915
vn -0.5345224710524249 0.8017837363809595 0.26726123552621245
vn -0.5345224710524249 0.8017837363809595 0.26726123552621245
vn -0.48507125533189915 0.7276068680966881 0.48507125533189915
vn -0.30151134457776363 0.9045340337332909 0.30151134457776363
vn -0.48507125533189915 0.7276068680966881 0.48507125533189915
vn -0.26726123552621245 0.8017837363809595 0.5345224710524249
vn -0.30151134457776363 0.9045340337332909 0.30151134457776363
vn -0.30151134457776363 0.9045340337332909 0.30151134457776363
vn -0.26726123552621245 0.8017837363809595 0.5345224710524249
vn -7.068241395285323e-9 0.9486833010307459 0.31622775707614137
vn -0.26726123552621245 0.8017837363809595 0.5345224710524249
vn -6.199257710336878e-9 0.8320502851678979 0.5547002099801474
vn -7.068241395285323e-9 0.9486833010307459 0.31622775707614137
vn -7.068241395285323e-9 0.9486833010307459 0.31622775707614137
vn -6.199257710336878e-9 0.8320502851678979 0.5547002099801474
vn 7.068241395285323e-9 0.9486833010307459 0.31622775707614137
vn -6.199257710336878e-9 0.8320502851678979 0.5547002099801474
vn 6.199257710336878e-9 0.8320502851678979 0.5547002099801474
vn 7.068241395285323e-9 0.9486833010307459 0.31622775707614137
vn 7.068241395285323e-9 0.9486833010307459 0.31622775707614137
vn 6.199257710336878e-9 0.8320502851678979 0.5547002099801474
vn 0.30151134457776363 0.9045340337332909 0.30151134457776363
vn 6.199257710336878e-9 0.8320502851678979 0.5547002099801474
vn 0.26726123552621245 0.8017837363809595 0.5345224710524249
vn 0.30151134457776363 0.9045340337332909 0.30151134457776363
vn 0.30151134457776363 0.9045340337332909 0.30151134457776363
vn 0.26726123552621245 0.8017837363809595 0.5345224710524249
vn 0.5345224710524249 0.8017837363809595 0.26726123552621245
vn 0.26726123552621245 0.8017837363809595 0.5345224710524249
vn 0.48507125533189915 0.7276068680966881 0.48507125533189915
vn 0.5345224710524249 0.8017837363809595 0.26726123552621245
vn 0.5345224710524249 0.8017837363809595 0.26726123552621245
vn 0.48507125533189915 0.7276068680966881 0.48507125533189915
vn 0.688247200043142 0.688247200043142 0.2294157432818214
vn 0.48507125533189915 0.7276068680966881 0.48507125533189915
vn 0.639602143648227 0.639602143648227 0.4264014489670335
vn 0.688247200043142 0.688247200043142 0.2294157432818214
vn -0.639602143648227 0.639602143648227 0.4264014489670335
vn -0.5773502691896257 0.5773502691896257 0.5773502691896257
vn -0.48507125533189915 0.7276068680966881 0.48507125533189915
vn -0.5773502691896257 0.5773502691896257 0.5773502691896257
vn -0.4264014489670335 0.639602143648227 0.639602143648227
vn -0.48507125533189915 0.7276068680966881 0.48507125533189915
vn -0.48507125533189915 0.7276068680966881 0.48507125533189915
vn -0.4264014489670335 0.639602143648227 0.639602143648227
vn -0.26726123552621245 0.8017837363809595 0.5345224710524249
vn -0.4264014489670335 0.639602143648227 0.639602143648227
vn -0.2294157432818214 0.688247200043142 0.688247200043142
vn -0.26726123552621245 0.8017837363809595 0.5345224710524249
vn -0.26726123552621245 0.8017837363809595 0.5345224710524249
vn -0.2294157432818214 0.688247200043142 0.688247200043142
vn -6.199257710336878e-9 0.8320502851678979 0.5547002099801474
vn -0.2294157432818214 0.688247200043142 0.688247200043142
vn -5.268356063861754e-9 0.7071067811865476 0.7071067811865476
vn -6.199257710336878e-9 0.8320502851678979 0.5547002099801474
vn -6.199257710336878e-9 0.8320502851678979 0.5547002099801474
vn -5.268356063861754e-9 0.7071067811865476 0.7071067811865476
vn 6.199257710336878e-9 0.8320502851678979 0.5547002099801474
vn -5.268356063861754e-9 0.7071067811865476 0.7071067811865476
vn 5.268356063861754e-9 0.7071067811865476 0.7071067811865476
vn 6.199257710336878e-9 0.8320502851678979 0.5547002099801474
vn 6.199257710336878e-9 0.8320502851678979 0.5547002099801474
vn 5.268356063861754e-9 0.7071067811865476 0.7071067811865476
vn 0.26726123552621245 0.8017837363809595 0.5345224710524249
vn 5.268356063861754e-9 0.7071067811865476 0.7071067811865476
vn 0.2294157432818214 0.688247200043142 0.688247200043142
vn 0.26726123552621245 0.8017837363809595 0.5345224710524249
vn 0.26726123552621245 0.8017837363809595 0.5345224710524249
vn 0.2294157432818214 0.688247200043142 0.688247200043142
vn 0.48507125533189915 0.7276068680966881 0.48507125533189915
vn 0.2294157432818214 0.688247200043142 0.688247200043142
vn 0.4264014489670335 0.639602143648227 0.639602143648227
vn 0.48507125533189915 0.7276068680966881 0.48507125533189915
vn 0.48507125533189915 0.7276068680966881 0.48507125533189915
vn 0.4264014489670335 0.639602143648227 0.639602143648227
vn 0.639602143648227 0.639602143648227 0.4264014489670335
vn 0.4264014489670335 0.639602143648227 0.639602143648227
vn 0.5773502691896257 0.5773502691896257 0.5773502691896257
vn 0.639602143648227 0.639602143648227 0.4264014489670335
vn -0.5773502691896257 -0.5773502691896257 0.5773502691896257
vn -0.639602143648227 -0.639602143648227 0.4264014489670335
vn -0.4264014489670335 -0.639602143648227 0.639602143648227
vn -0.639602143648227 -0.639602143648227 0.4264014489670335
vn -0.48507125533189915 -0.7276068680966881 0.48507125533189915
vn -0.4264014489670335 -0.639602143648227 0.639602143648227
vn -0.4264014489670335 -0.639602143648227 0.639602143648227
vn -0.48507125533189915 -0.7276068680966881 0.48507125533189915
vn -0.2294157432818214 -0.688247200043142 0.688247200043142
vn -0.48507125533189915 -0.7276068680966881 0.48507125533189915
vn -0.26726123552621245 -0.8017837363809595 0.5345224710524249
vn -0.2294157432818214 -0.688247200043142 0.688247200043142
vn -0.2294157432818214 -0.688247200043142 0.688247200043142
vn -0.26726123552621245 -0.8017837363809595 0.5345224710524249
vn -5.268356063861754e-9 -0.7071067811865476 0.7071067811865476
vn -0.26726123552621245 -0.8017837363809595 0.5345224710524249
vn -6.199257710336878e-9 -0.8320502851678979 0.5547002099801474
vn -5.268356063861754e-9 -0.7071067811865476 0.7071067811865476
vn -5.268356063861754e-9 -0.7071067811865476 0.7071067811865476
vn -6.199257710336878e-9 -0.8320502851678979 0.5547002099801474
vn 5.268356063861754e-9 -0.7071067811865476 0.7071067811865476
vn -6.199257710336878e-9 -0.8320502851678979 0.5547002099801474
vn 6.199257710336878e-9 -0.8320502851678979 0.5547002099801474
vn 5.268356063861754e-9 -0.7071067811865476 0.7071067811865476
vn 5.268356063861754e-9 -0.7071067811865476 0.7071067811865476
vn 6.199257710336878e-9 -0.8320502851678979 0.5547002099801474
vn 0.2294157432818214 -0.688247200043142 0.688247200043142
vn 6.199257710336878e-9 -0.8320502851678979 0.5547002099801474
vn 0.26726123552621245 -0.8017837363809595 0.5345224710524249
vn 0.2294157432818214 -0.688247200043142 0.688247200043142
vn 0.2294157432818214 -0.688247200043142 0.688247200043142
vn 0.26726123552621245 -0.8017837363809595 0.5345224710524249
vn 0.4264014489670335 -0.639602143648227 0.639602143648227
vn 0.26726123552621245 -0.8017837363809595 0.5345224710524249
vn 0.48507125533189915 -0.7276068680966881 0.48507125533189915
vn 0.4264014489670335 -0.639602143648227 0.639602143648227
vn 0.4264014489670335 -0.639602143648227 0.639602143648227
vn 0.48507125533189915 -0.7276068680966881 0.48507125533189915
vn 0.5773502691896257 -0.5773502691896257 0.5773502691896257
vn 0.48507125533189915 -0.7276068680966881 0.48507125533189915
vn 0.639602143648227 -0.639602143648227 0.4264014489670335
vn 0.5773502691896257 -0.5773502691896257 0.5773502691896257
vn -0.639602143648227 -0.639602143648227 0.4264014489670335
vn -0.688247200043142 -0.688247200043142 0.2294157432818214
vn -0.48507125533189915 -0.7276068680966881 0.48507125533189915
vn -0.688247200043142 -0.688247200043142 0.2294157432818214
vn -0.5345224710524249 -0.8017837363809595 0.26726123552621245
vn -0.48507125533189915 -0.7276068680966881 0.48507125533189915
vn -0.48507125533189915 -0.7276068680966881 0.48507125533189915
vn -0.5345224710524249 -0.8017837363809595 0.26726123552621245
vn -0.26726123552621245 -0.8017837363809595 0.5345224710524249
vn -0.5345224710524249 -0.8017837363809595 0.26726123552621245
vn -0.30151134457776363 -0.9045340337332909 0.30151134457776363
vn -0.26726123552621245 -0.8017837363809595 0.5345224710524249
vn -0.26726123552621245 -0.8017837363809595 0.5345224710524249
vn -0.30151134457776363 -0.9045340337332909 0.30151134457776363
vn -6.199257710336878e-9 -0.8320502851678979 0.5547002099801474
vn -0.30151134457776363 -0.9045340337332909 0.30151134457776363
vn -7.068241395285323e-9 -0.9486833010307459 0.31622775707614137
vn -6.199257710336878e-9 -0.8320502851678979 0.5547002099801474
vn -6.199257710336878e-9 -0.8320502851678979 0.5547002099801474
vn -7.068241395285323e-9 -0.9486833010307459 0.31622775707614137
vn 6.199257710336878e-9 -0.8320502851678979 0.5547002099801474
vn -7.068241395285323e-9 -0.9486833010307459 0.31622775707614137
vn 7.068241395285323e-9 -0.9486833010307459 0.31622775707614137
vn 6.199257710336878e-9 -0.8320502851678979 0.5547002099801474
vn 6.199257710336878e-9 -0.8320502851678979 0.5547002099801474
vn 7.068241395285323e-9 -0.9486833010307459 0.31622775707614137
vn 0.26726123552621245 -0.8017837363809595 0.5345224710524249
vn 7.068241395285323e-9 -0.9486833010307459 0.31622775707614137
vn 0.30151134457776363 -0.9045340337332909 0.30151134457776363
vn 0.26726123552621245 -0.8017837363809595 0.5345224710524249
vn 0.26726123552621245 -0.8017837363809595 0.5345224710524249
vn 0.30151134457776363 -0.9045340337332909 0.30151134457776363
vn 0.48507125533189915 -0.7276068680966881 0.48507125533189915
vn 0.30151134457776363 -0.9045340337332909 0.30151134457776363
vn 0.5345224710524249 -0.8017837363809595 0.26726123552621245
vn 0.48507125533189915 -0.7276068680966881 0.48507125533189915
vn 0.48507125533189915 -0.7276068680966881 0.48507125533189915
vn 0.5345224710524249 -0.8017837363809595 0.26726123552621245
vn 0.639602143648227 -0.639602143648227 0.4264014489670335
vn 0.5345224710524249 -0.8017837363809595 0.26726123552621245
vn 0.688247200043142 -0.688247200043142 0.2294157432818214
vn 0.639602143648227 -0.639602143648227 0.4264014489670335
vn -0.688247200043142 -0.688247200043142 0.2294157432818214
vn -0.7071067811865476 -0.7071067811865476 5.268356063861754e-9
vn -0.5345224710524249 -0.8017837363809595 0.26726123552621245
vn -0.7071067811865476 -0.7071067811865476 5.268356063861754e-9
vn -0.5547002099801474 -0.8320502851678979 6.199257710336878e-9
vn -0.5345224710524249 -0.8017837363809595 0.26726123552621245
vn -0.5345224710524249 -0.8017837363809595 0.26726123552621245
vn -0.5547002099801474 -0.8320502851678979 6.199257710336878e-9
vn -0.30151134457776363 -0.9045340337332909 0.30151134457776363
vn -0.5547002099801474 -0.8320502851678979 6.199257710336878e-9
vn -0.31622775707614137 -0.9486833010307459 7.068241395285323e-9
vn -0.30151134457776363 -0.9045340337332909 0.30151134457776363
vn -0.30151134457776363 -0.9045340337332909 0.30151134457776363
vn -0.31622775707614137 -0.9486833010307459 7.068241395285323e-9
vn -7.068241395285323e-9 -0.9486833010307459 0.31622775707614137
vn -0.31622775707614137 -0.9486833010307459 7.068241395285323e-9
vn -7.450580596923828e-9 -1 7.450580596923828e-9
vn -7.068241395285323e-9 -0.9486833010307459 0.31622775707614137
vn -7.068241395285323e-9 -0.9486833010307459 0.31622775707614137
vn -7.450580596923828e-9 -1 7.450580596923828e-9
vn 7.068241395285323e-9 -0.9486833010307459 0.31622775707614137
vn -7.450580596923828e-9 -1 7.450580596923828e-9
vn 7.450580596923828e-9 -1 7.450580596923828e-9
vn 7.068241395285323e-9 -0.9486833010307459 0.31622775707614137
vn 7.068241395285323e-9 -0.9486833010307459 0.31622775707614137
vn 7.450580596923828e-9 -1 7.450580596923828e-9
vn 0.30151134457776363 -0.9045340337332909 0.30151134457776363
vn 7.450580596923828e-9 -1 7.450580596923828e-9
vn 0.31622775707614137 -0.9486833010307459 7.068241395285323e-9
vn 0.30151134457776363 -0.9045340337332909 0.30151134457776363
vn 0.30151134457776363 -0.9045340337332909 0.30151134457776363
vn 0.31622775707614137 -0.9486833010307459 7.068241395285323e-9
vn 0.5345224710524249 -0.8017837363809595 0.26726123552621245
vn 0.31622775707614137 -0.9486833010307459 7.068241395285323e-9
vn 0.5547002099801474 -0.8320502851678979 6.199257710336878e-9
vn 0.5345224710524249 -0.8017837363809595 0.26726123552621245
vn 0.5345224710524249 -0.8017837363809595 0.26726123552621245
vn 0.5547002099801474 -0.8320502851678979 6.199257710336878e-9
vn 0.688247200043142 -0.688247200043142 0.2294157432818214
vn 0.5547002099801474 -0.8320502851678979 6.199257710336878e-9
vn 0.7071067811865476 -0.7071067811865476 5.268356063861754e-9
vn 0.688247200043142 -0.688247200043142 0.2294157432818214
vn -0.7071067811865476 -0.7071067811865476 5.268356063861754e-9
vn -0.7071067811865476 -0.7071067811865476 -5.268356063861754e-9
vn -0.5547002099801474 -0.8320502851678979 6.199257710336878e-9
vn -0.7071067811865476 -0.7071067811865476 -5.268356063861754e-9
vn -0.5547002099801474 -0.8320502851678979 -6.199257710336878e-9
vn -0.5547002099801474 -0.8320502851678979 6.199257710336878e-9
vn -0.5547002099801474 -0.8320502851678979 6.199257710336878e-9
vn -0.5547002099801474 -0.8320502851678979 -6.199257710336878e-9
vn -0.31622775707614137 -0.9486833010307459 7.068241395285323e-9
vn -0.5547002099801474 -0.8320502851678979 -6.199257710336878e-9
vn -0.31622775707614137 -0.9486833010307459 -7.068241395285323e-9
vn -0.31622775707614137 -0.9486833010307459 7.068241395285323e-9
vn -0.31622775707614137 -0.9486833010307459 7.068241395285323e-9
vn -0.31622775707614137 -0.9486833010307459 -7.068241395285323e-9
vn -7.450580596923828e-9 -1 7.450580596923828e-9
vn -0.31622775707614137 -0.9486833010307459 -7.068241395285323e-9
vn -7.450580596923828e-9 -1 -7.450580596923828e-9
vn -7.450580596923828e-9 -1 7.450580596923828e-9
vn -7.450580596923828e-9 -1 7.450580596923828e-9
vn -7.450580596923828e-9 -1 -7.450580596923828e-9
vn 7.450580596923828e-9 -1 7.450580596923828e-9
vn -7.450580596923828e-9 -1 -7.450580596923828e-9
vn 7.450580596923828e-9 -1 -7.450580596923828e-9
vn 7.450580596923828e-9 -1 7.450580596923828e-9
vn 7.450580596923828e-9 -1 7.450580596923828e-9
vn 7.450580596923828e-9 -1 -7.450580596923828e-9
vn 0.31622775707614137 -0.9486833010307459 7.068241395285323e-9
vn 7.450580596923828e-9 -1 -7.450580596923828e-9
vn 0.31622775707614137 -0.9486833010307459 -7.068241395285323e-9
vn 0.31622775707614137 -0.9486833010307459 7.068241395285323e-9
vn 0.31622775707614137 -0.9486833010307459 7.068241395285323e-9
vn 0.31622775707614137 -0.9486833010307459 -7.068241395285323e-9
vn 0.5547002099801474 -0.8320502851678979 6.199257710336878e-9
vn 0.31622775707614137 -0.9486833010307459 -7.068241395285323e-9
vn 0.5547002099801474 -0.8320502851678979 -6.199257710336878e-9
vn 0.5547002099801474 -0.8320502851678979 6.199257710336878e-9
vn 0.5547002099801474 -0.8320502851678979 6.199257710336878e-9
vn 0.5547002099801474 -0.8320502851678979 -6.199257710336878e-9
vn 0.7071067811865476 -0.7071067811865476 5.268356063861754e-9
vn 0.5547002099801474 -0.8320502851678979 -6.199257710336878e-9
vn 0.7071067811865476 -0.7071067811865476 -5.268356063861754e-9
vn 0.7071067811865476 -0.7071067811865476 5.268356063861754e-9
vn -0.7071067811865476 -0.7071067811865476 -5.268356063861754e-9
vn -0.688247200043142 -0.688247200043142 -0.2294157432818214
vn -0.5547002099801474 -0.8320502851678979 -6.199257710336878e-9
vn -0.688247200043142 -0.688247200043142 -0.2294157432818214
vn -0.5345224710524249 -0.8017837363809595 -0.26726123552621245
vn -0.5547002099801474 -0.8320502851678979 -6.199257710336878e-9
vn -0.5547002099801474 -0.8320502851678979 -6.199257710336878e-9
vn -0.5345224710524249 -0.8017837363809595 -0.26726123552621245
vn -0.31622775707614137 -0.9486833010307459 -7.068241395285323e-9
vn -0.5345224710524249 -0.8017837363809595 -0.26726123552621245
vn -0.30151134457776363 -0.9045340337332909 -0.30151134457776363
vn -0.31622775707614137 -0.9486833010307459 -7.068241395285323e-9
vn -0.31622775707614137 -0.9486833010307459 -7.068241395285323e-9
vn -0.30151134457776363 -0.9045340337332909 -0.30151134457776363
vn -7.450580596923828e-9 -1 -7.450580596923828e-9
vn -0.30151134457776363 -0.9045340337332909 -0.30151134457776363
vn -7.068241395285323e-9 -0.9486833010307459 -0.31622775707614137
vn -7.450580596923828e-9 -1 -7.450580596923828e-9
vn -7.450580596923828e-9 -1 -7.450580596923828e-9
vn -7.068241395285323e-9 -0.9486833010307459 -0.31622775707614137
vn 7.450580596923828e-9 -1 -7.450580596923828e-9
vn -7.068241395285323e-9 -0.9486833010307459 -0.31622775707614137
vn 7.068241395285323e-9 -0.9486833010307459 -0.31622775707614137
vn 7.450580596923828e-9 -1 -7.450580596923828e-9
vn 7.450580596923828e-9 -1 -7.450580596923828e-9
vn 7.068241395285323e-9 -0.9486833010307459 -0.31622775707614137
vn 0.31622775707614137 -0.9486833010307459 -7.068241395285323e-9
vn 7.068241395285323e-9 -0.9486833010307459 -0.31622775707614137
vn 0.30151134457776363 -0.9045340337332909 -0.30151134457776363
vn 0.31622775707614137 -0.9486833010307459 -7.068241395285323e-9
vn 0.31622775707614137 -0.9486833010307459 -7.068241395285323e-9
vn 0.30151134457776363 -0.9045340337332909 -0.30151134457776363
vn 0.5547002099801474 -0.8320502851678979 -6.199257710336878e-9
vn 0.30151134457776363 -0.9045340337332909 -0.30151134457776363
vn 0.5345224710524249 -0.8017837363809595 -0.26726123552621245
vn 0.5547002099801474 -0.8320502851678979 -6.199257710336878e-9
vn 0.5547002099801474 -0.8320502851678979 -6.199257710336878e-9
vn 0.5345224710524249 -0.8017837363809595 -0.26726123552621245
vn 0.7071067811865476 -0.7071067811865476 -5.268356063861754e-9
vn 0.5345224710524249 -0.8017837363809595 -0.26726123552621245
vn 0.688247200043142 -0.688247200043142 -0.2294157432818214
vn 0.7071067811865476 -0.7071067811865476 -5.268356063861754e-9
vn -0.688247200043142 -0.688247200043142 -0.2294157432818214
vn -0.639602143648227 -0.639602143648227 -0.4264014489670335
vn -0.5345224710524249 -0.8017837363809595 -0.26726123552621245
vn -0.639602143648227 -0.639602143648227 -0.4264014489670335
vn -0.48507125533189915 -0.7276068680966881 -0.48507125533189915
vn -0.5345224710524249 -0.8017837363809595 -0.26726123552621245
vn -0.5345224710524249 -0.8017837363809595 -0.26726123552621245
vn -0.48507125533189915 -0.7276068680966881 -0.48507125533189915
vn -0.30151134457776363 -0.9045340337332909 -0.30151134457776363
vn -0.48507125533189915 -0.7276068680966881 -0.48507125533189915
vn -0.26726123552621245 -0.8017837363809595 -0.5345224710524249
vn -0.30151134457776363 -0.9045340337332909 -0.30151134457776363
vn -0.30151134457776363 -0.9045340337332909 -0.30151134457776363
vn -0.26726123552621245 -0.8017837363809595 -0.5345224710524249
vn -7.068241395285323e-9 -0.9486833010307459 -0.31622775707614137
vn -0.26726123552621245 -0.8017837363809595 -0.5345224710524249
vn -6.199257710336878e-9 -0.8320502851678979 -0.5547002099801474
vn -7.068241395285323e-9 -0.9486833010307459 -0.31622775707614137
vn -7.068241395285323e-9 -0.9486833010307459 -0.31622775707614137
vn -6.199257710336878e-9 -0.8320502851678979 -0.5547002099801474
vn 7.068241395285323e-9 -0.9486833010307459 -0.31622775707614137
vn -6.199257710336878e-9 -0.8320502851678979 -0.5547002099801474
vn 6.199257710336878e-9 -0.8320502851678979 -0.5547002099801474
vn 7.068241395285323e-9 -0.9486833010307459 -0.31622775707614137
vn 7.068241395285323e-9 -0.9486833010307459 -0.31622775707614137
vn 6.199257710336878e-9 -0.8320502851678979 -0.5547002099801474
vn 0.30151134457776363 -0.9045340337332909 -0.30151134457776363
vn 6.199257710336878e-9 -0.8320502851678979 -0.5547002099801474
vn 0.26726123552621245 -0.8017837363809595 -0.5345224710524249
vn 0.30151134457776363 -0.9045340337332909 -0.30151134457776363
vn 0.30151134457776363 -0.9045340337332909 -0.30151134457776363
vn 0.26726123552621245 -0.8017837363809595 -0.5345224710524249
vn 0.5345224710524249 -0.8017837363809595 -0.26726123552621245
vn 0.26726123552621245 -0.8017837363809595 -0.5345224710524249
vn 0.48507125533189915 -0.7276068680966881 -0.48507125533189915
vn 0.5345224710524249 -0.8017837363809595 -0.26726123552621245
vn 0.5345224710524249 -0.8017837363809595 -0.26726123552621245
vn 0.48507125533189915 -0.7276068680966881 -0.48507125533189915
vn 0.688247200043142 -0.688247200043142 -0.2294157432818214
vn 0.48507125533189915 -0.7276068680966881 -0.48507125533189915
vn 0.639602143648227 -0.639602143648227 -0.4264014489670335
vn 0.688247200043142 -0.688247200043142 -0.2294157432818214
vn -0.639602143648227 -0.639602143648227 -0.4264014489670335
vn -0.5773502691896257 -0.5773502691896257 -0.5773502691896257
vn -0.48507125533189915 -0.7276068680966881 -0.48507125533189915
vn -0.5773502691896257 -0.5773502691896257 -0.5773502691896257
vn -0.4264014489670335 -0.639602143648227 -0.639602143648227
vn -0.48507125533189915 -0.7276068680966881 -0.48507125533189915
vn -0.48507125533189915 -0.7276068680966881 -0.48507125533189915
vn -0.4264014489670335 -0.639602143648227 -0.639602143648227
vn -0.26726123552621245 -0.8017837363809595 -0.5345224710524249
vn -0.4264014489670335 -0.639602143648227 -0.639602143648227
vn -0.2294157432818214 -0.688247200043142 -0.688247200043142
vn -0.26726123552621245 -0.8017837363809595 -0.5345224710524249
vn -0.26726123552621245 -0.8017837363809595 -0.5345224710524249
vn -0.2294157432818214 -0.688247200043142 -0.688247200043142
vn -6.199257710336878e-9 -0.8320502851678979 -0.5547002099801474
vn -0.2294157432818214 -0.688247200043142 -0.688247200043142
vn -5.268356063861754e-9 -0.7071067811865476 -0.7071067811865476
vn -6.199257710336878e-9 -0.8320502851678979 -0.5547002099801474
vn -6.199257710336878e-9 -0.8320502851678979 -0.5547002099801474
vn -5.268356063861754e-9 -0.7071067811865476 -0.7071067811865476
vn 6.199257710336878e-9 -0.8320502851678979 -0.5547002099801474
vn -5.268356063861754e-9 -0.7071067811865476 -0.7071067811865476
vn 5.268356063861754e-9 -0.7071067811865476 -0.7071067811865476
vn 6.199257710336878e-9 -0.8320502851678979 -0.5547002099801474
vn 6.199257710336878e-9 -0.8320502851678979 -0.5547002099801474
vn 5.268356063861754e-9 -0.7071067811865476 -0.7071067811865476
vn 0.26726123552621245 -0.8017837363809595 -0.5345224710524249
vn 5.268356063861754e-9 -0.7071067811865476 -0.7071067811865476
vn 0.2294157432818214 -0.688247200043142 -0.688247200043142
vn 0.26726123552621245 -0.8017837363809595 -0.5345224710524249
vn 0.26726123552621245 -0.8017837363809595 -0.5345224710524249
vn 0.2294157432818214 -0.688247200043142 -0.688247200043142
vn 0.48507125533189915 -0.7276068680966881 -0.48507125533189915
vn 0.2294157432818214 -0.688247200043142 -0.688247200043142
vn 0.4264014489670335 -0.639602143648227 -0.639602143648227
vn 0.48507125533189915 -0.7276068680966881 -0.48507125533189915
vn 0.48507125533189915 -0.7276068680966881 -0.48507125533189915
vn 0.4264014489670335 -0.639602143648227 -0.639602143648227
vn 0.639602143648227 -0.639602143648227 -0.4264014489670335
vn 0.4264014489670335 -0.639602143648227 -0.639602143648227
vn 0.5773502691896257 -0.5773502691896257 -0.5773502691896257
vn 0.639602143648227 -0.639602143648227 -0.4264014489670335
vn -0.5773502691896257 0.5773502691896257 0.5773502691896257
vn -0.639602143648227 0.4264014489670335 0.639602143648227
vn -0.4264014489670335 0.639602143648227 0.639602143648227
vn -0.639602143648227 0.4264014489670335 0.639602143648227
vn -0.48507125533189915 0.48507125533189915 0.7276068680966881
vn -0.4264014489670335 0.639602143648227 0.639602143648227
vn -0.4264014489670335 0.639602143648227 0.639602143648227
vn -0.48507125533189915 0.48507125533189915 0.7276068680966881
vn -0.2294157432818214 0.688247200043142 0.688247200043142
vn -0.48507125533189915 0.48507125533189915 0.7276068680966881
vn -0.26726123552621245 0.5345224710524249 0.8017837363809595
vn -0.2294157432818214 0.688247200043142 0.688247200043142
vn -0.2294157432818214 0.688247200043142 0.688247200043142
vn -0.26726123552621245 0.5345224710524249 0.8017837363809595
vn -5.268356063861754e-9 0.7071067811865476 0.7071067811865476
vn -0.26726123552621245 0.5345224710524249 0.8017837363809595
vn -6.199257710336878e-9 0.5547002099801474 0.8320502851678979
vn -5.268356063861754e-9 0.7071067811865476 0.7071067811865476
vn -5.268356063861754e-9 0.7071067811865476 0.7071067811865476
vn -6.199257710336878e-9 0.5547002099801474 0.8320502851678979
vn 5.268356063861754e-9 0.7071067811865476 0.7071067811865476
vn -6.199257710336878e-9 0.5547002099801474 0.8320502851678979
vn 6.199257710336878e-9 0.5547002099801474 0.8320502851678979
vn 5.268356063861754e-9 0.7071067811865476 0.7071067811865476
vn 5.268356063861754e-9 0.7071067811865476 0.7071067811865476
vn 6.199257710336878e-9 0.5547002099801474 0.8320502851678979
vn 0.2294157432818214 0.688247200043142 0.688247200043142
vn 6.199257710336878e-9 0.5547002099801474 0.8320502851678979
vn 0.26726123552621245 0.5345224710524249 0.8017837363809595
vn 0.2294157432818214 0.688247200043142 0.688247200043142
vn 0.2294157432818214 0.688247200043142 0.688247200043142
vn 0.26726123552621245 0.5345224710524249 0.8017837363809595
vn 0.4264014489670335 0.639602143648227 0.639602143648227
vn 0.26726123552621245 0.5345224710524249 0.8017837363809595
vn 0.48507125533189915 0.48507125533189915 0.7276068680966881
vn 0.4264014489670335 0.639602143648227 0.639602143648227
vn 0.4264014489670335 0.639602143648227 0.639602143648227
vn 0.48507125533189915 0.48507125533189915 0.7276068680966881
vn 0.5773502691896257 0.5773502691896257 0.5773502691896257
vn 0.48507125533189915 0.48507125533189915 0.7276068680966881
vn 0.639602143648227 0.4264014489670335 0.639602143648227
vn 0.5773502691896257 0.5773502691896257 0.5773502691896257
vn -0.639602143648227 0.4264014489670335 0.639602143648227
vn -0.688247200043142 0.2294157432818214 0.688247200043142
vn -0.48507125533189915 0.48507125533189915 0.7276068680966881
vn -0.688247200043142 0.2294157432818214 0.688247200043142
vn -0.5345224710524249 0.26726123552621245 0.8017837363809595
vn -0.48507125533189915 0.48507125533189915 0.7276068680966881
vn -0.48507125533189915 0.48507125533189915 0.7276068680966881
vn -0.5345224710524249 0.26726123552621245 0.8017837363809595
vn -0.26726123552621245 0.5345224710524249 0.8017837363809595
vn -0.5345224710524249 0.26726123552621245 0.8017837363809595
vn -0.30151134457776363 0.30151134457776363 0.9045340337332909
vn -0.26726123552621245 0.5345224710524249 0.8017837363809595
vn -0.26726123552621245 0.5345224710524249 0.8017837363809595
vn -0.30151134457776363 0.30151134457776363 0.9045340337332909
vn -6.199257710336878e-9 0.5547002099801474 0.8320502851678979
vn -0.30151134457776363 0.30151134457776363 0.9045340337332909
vn -7.068241395285323e-9 0.31622775707614137 0.9486833010307459
vn -6.199257710336878e-9 0.5547002099801474 0.8320502851678979
vn -6.199257710336878e-9 0.5547002099801474 0.8320502851678979
vn -7.068241395285323e-9 0.31622775707614137 0.9486833010307459
vn 6.199257710336878e-9 0.5547002099801474 0.8320502851678979
vn -7.068241395285323e-9 0.31622775707614137 0.9486833010307459
vn 7.068241395285323e-9 0.31622775707614137 0.9486833010307459
vn 6.199257710336878e-9 0.5547002099801474 0.8320502851678979
vn 6.199257710336878e-9 0.5547002099801474 0.8320502851678979
vn 7.068241395285323e-9 0.31622775707614137 0.9486833010307459
vn 0.26726123552621245 0.5345224710524249 0.8017837363809595
vn 7.068241395285323e-9 0.31622775707614137 0.9486833010307459
vn 0.30151134457776363 0.30151134457776363 0.9045340337332909
vn 0.26726123552621245 0.5345224710524249 0.8017837363809595
vn 0.26726123552621245 0.5345224710524249 0.8017837363809595
vn 0.30151134457776363 0.30151134457776363 0.9045340337332909
vn 0.48507125533189915 0.48507125533189915 0.7276068680966881
vn 0.30151134457776363 0.30151134457776363 0.9045340337332909
vn 0.5345224710524249 0.26726123552621245 0.8017837363809595
vn 0.48507125533189915 0.48507125533189915 0.7276068680966881
vn 0.48507125533189915 0.48507125533189915 0.7276068680966881
vn 0.5345224710524249 0.26726123552621245 0.8017837363809595
vn 0.639602143648227 0.4264014489670335 0.639602143648227
vn 0.5345224710524249 0.26726123552621245 0.8017837363809595
vn 0.688247200043142 0.2294157432818214 0.688247200043142
vn 0.639602143648227 0.4264014489670335 0.639602143648227
vn -0.688247200043142 0.2294157432818214 0.688247200043142
vn -0.7071067811865476 5.268356063861754e-9 0.7071067811865476
vn -0.5345224710524249 0.26726123552621245 0.8017837363809595
vn -0.7071067811865476 5.268356063861754e-9 0.7071067811865476
vn -0.5547002099801474 6.199257710336878e-9 0.8320502851678979
vn -0.5345224710524249 0.26726123552621245 0.8017837363809595
vn -0.5345224710524249 0.26726123552621245 0.8017837363809595
vn -0.5547002099801474 6.199257710336878e-9 0.8320502851678979
vn -0.30151134457776363 0.30151134457776363 0.9045340337332909
vn -0.5547002099801474 6.199257710336878e-9 0.8320502851678979
vn -0.31622775707614137 7.068241395285323e-9 0.9486833010307459
vn -0.30151134457776363 0.30151134457776363 0.9045340337332909
vn -0.30151134457776363 0.30151134457776363 0.9045340337332909
vn -0.31622775707614137 7.068241395285323e-9 0.9486833010307459
vn -7.068241395285323e-9 0.31622775707614137 0.9486833010307459
vn -0.31622775707614137 7.068241395285323e-9 0.9486833010307459
vn -7.450580596923828e-9 7.450580596923828e-9 1
vn -7.068241395285323e-9 0.31622775707614137 0.9486833010307459
vn -7.068241395285323e-9 0.31622775707614137 0.9486833010307459
vn -7.450580596923828e-9 7.450580596923828e-9 1
vn 7.068241395285323e-9 0.31622775707614137 0.9486833010307459
vn -7.450580596923828e-9 7.450580596923828e-9 1
vn 7.450580596923828e-9 7.450580596923828e-9 1
vn 7.068241395285323e-9 0.31622775707614137 0.9486833010307459
vn 7.068241395285323e-9 0.31622775707614137 0.9486833010307459
vn 7.450580596923828e-9 7.450580596923828e-9 1
vn 0.30151134457776363 0.30151134457776363 0.9045340337332909
vn 7.450580596923828e-9 7.450580596923828e-9 1
vn 0.31622775707614137 7.068241395285323e-9 0.9486833010307459
vn 0.30151134457776363 0.30151134457776363 0.9045340337332909
vn 0.30151134457776363 0.30151134457776363 0.9045340337332909
vn 0.31622775707614137 7.068241395285323e-9 0.9486833010307459
vn 0.5345224710524249 0.26726123552621245 0.8017837363809595
vn 0.31622775707614137 7.068241395285323e-9 0.9486833010307459
vn 0.5547002099801474 6.199257710336878e-9 0.8320502851678979
vn 0.5345224710524249 0.26726123552621245 0.8017837363809595
vn 0.5345224710524249 0.26726123552621245 0.8017837363809595
vn 0.5547002099801474 6.199257710336878e-9 0.8320502851678979
vn 0.688247200043142 0.2294157432818214 0.688247200043142
vn 0.5547002099801474 6.199257710336878e-9 0.8320502851678979
vn 0.7071067811865476 5.268356063861754e-9 0.7071067811865476
vn 0.688247200043142 0.2294157432818214 0.688247200043142
vn -0.7071067811865476 5.268356063861754e-9 0.7071067811865476
vn -0.7071067811865476 -5.268356063861754e-9 0.7071067811865476
vn -0.5547002099801474 6.199257710336878e-9 0.8320502851678979
vn -0.7071067811865476 -5.268356063861754e-9 0.7071067811865476
vn -0.5547002099801474 -6.199257710336878e-9 0.8320502851678979
vn -0.5547002099801474 6.199257710336878e-9 0.8320502851678979
vn -0.5547002099801474 6.199257710336878e-9 0.8320502851678979
vn -0.5547002099801474 -6.199257710336878e-9 0.8320502851678979
vn -0.31622775707614137 7.068241395285323e-9 0.9486833010307459
vn -0.5547002099801474 -6.199257710336878e-9 0.8320502851678979
vn -0.31622775707614137 -7.068241395285323e-9 0.9486833010307459
vn -0.31622775707614137 7.068241395285323e-9 0.9486833010307459
vn -0.31622775707614137 7.068241395285323e-9 0.9486833010307459
vn -0.31622775707614137 -7.068241395285323e-9 0.9486833010307459
vn -7.450580596923828e-9 7.450580596923828e-9 1
vn -0.31622775707614137 -7.068241395285323e-9 0.9486833010307459
vn -7.450580596923828e-9 -7.450580596923828e-9 1
vn -7.450580596923828e-9 7.450580596923828e-9 1
vn -7.450580596923828e-9 7.450580596923828e-9 1
vn -7.450580596923828e-9 -7.450580596923828e-9 1
vn 7.450580596923828e-9 7.450580596923828e-9 1
vn -7.450580596923828e-9 -7.450580596923828e-9 1
vn 7.450580596923828e-9 -7.450580596923828e-9 1
vn 7.450580596923828e-9 7.450580596923828e-9 1
vn 7.450580596923828e-9 7.450580596923828e-9 1
vn 7.450580596923828e-9 -7.450580596923828e-9 1
vn 0.31622775707614137 7.068241395285323e-9 0.9486833010307459
vn 7.450580596923828e-9 -7.450580596923828e-9 1
vn 0.31622775707614137 -7.068241395285323e-9 0.9486833010307459
vn 0.31622775707614137 7.068241395285323e-9 0.9486833010307459
vn 0.31622775707614137 7.068241395285323e-9 0.9486833010307459
vn 0.31622775707614137 -7.068241395285323e-9 0.9486833010307459
vn 0.5547002099801474 6.199257710336878e-9 0.8320502851678979
vn 0.31622775707614137 -7.068241395285323e-9 0.9486833010307459
vn 0.5547002099801474 -6.199257710336878e-9 0.8320502851678979
vn 0.5547002099801474 6.199257710336878e-9 0.8320502851678979
vn 0.5547002099801474 6.199257710336878e-9 0.8320502851678979
vn 0.5547002099801474 -6.199257710336878e-9 0.8320502851678979
vn 0.7071067811865476 5.268356063861754e-9 0.7071067811865476
vn 0.5547002099801474 -6.199257710336878e-9 0.8320502851678979
vn 0.7071067811865476 -5.268356063861754e-9 0.7071067811865476
vn 0.7071067811865476 5.268356063861754e-9 0.7071067811865476
vn -0.7071067811865476 -5.268356063861754e-9 0.7071067811865476
vn -0.688247200043142 -0.2294157432818214 0.688247200043142
vn -0.5547002099801474 -6.199257710336878e-9 0.8320502851678979
vn -0.688247200043142 -0.2294157432818214 0.688247200043142
vn -0.5345224710524249 -0.26726123552621245 0.8017837363809595
vn -0.5547002099801474 -6.199257710336878e-9 0.8320502851678979
vn -0.5547002099801474 -6.199257710336878e-9 0.8320502851678979
vn -0.5345224710524249 -0.26726123552621245 0.8017837363809595
vn -0.31622775707614137 -7.068241395285323e-9 0.9486833010307459
vn -0.5345224710524249 -0.26726123552621245 0.8017837363809595
vn -0.30151134457776363 -0.30151134457776363 0.9045340337332909
vn -0.31622775707614137 -7.068241395285323e-9 0.9486833010307459
vn -0.31622775707614137 -7.068241395285323e-9 0.9486833010307459
vn -0.30151134457776363 -0.30151134457776363 0.9045340337332909
vn -7.450580596923828e-9 -7.450580596923828e-9 1
vn -0.30151134457776363 -0.30151134457776363 0.9045340337332909
vn -7.068241395285323e-9 -0.31622775707614137 0.9486833010307459
vn -7.450580596923828e-9 -7.450580596923828e-9 1
vn -7.450580596923828e-9 -7.450580596923828e-9 1
vn -7.068241395285323e-9 -0.31622775707614137 0.9486833010307459
vn 7.450580596923828e-9 -7.450580596923828e-9 1
vn -7.068241395285323e-9 -0.31622775707614137 0.9486833010307459
vn 7.068241395285323e-9 -0.31622775707614137 0.9486833010307459
vn 7.450580596923828e-9 -7.450580596923828e-9 1
vn 7.450580596923828e-9 -7.450580596923828e-9 1
vn 7.068241395285323e-9 -0.31622775707614137 0.9486833010307459
vn 0.31622775707614137 -7.068241395285323e-9 0.9486833010307459
vn 7.068241395285323e-9 -0.31622775707614137 0.9486833010307459
vn 0.30151134457776363 -0.30151134457776363 0.9045340337332909
vn 0.31622775707614137 -7.068241395285323e-9 0.9486833010307459
vn 0.31622775707614137 -7.068241395285323e-9 0.9486833010307459
vn 0.30151134457776363 -0.30151134457776363 0.9045340337332909
vn 0.5547002099801474 -6.199257710336878e-9 0.8320502851678979
vn 0.30151134457776363 -0.30151134457776363 0.9045340337332909
vn 0.5345224710524249 -0.26726123552621245 0.8017837363809595
vn 0.5547002099801474 -6.199257710336878e-9 0.8320502851678979
vn 0.5547002099801474 -6.199257710336878e-9 0.8320502851678979
vn 0.5345224710524249 -0.26726123552621245 0.8017837363809595
vn 0.7071067811865476 -5.268356063861754e-9 0.7071067811865476
vn 0.5345224710524249 -0.26726123552621245 0.8017837363809595
vn 0.688247200043142 -0.2294157432818214 0.688247200043142
vn 0.7071067811865476 -5.268356063861754e-9 0.7071067811865476
vn -0.688247200043142 -0.2294157432818214 0.688247200043142
vn -0.639602143648227 -0.4264014489670335 0.639602143648227
vn -0.5345224710524249 -0.26726123552621245 0.8017837363809595
vn -0.639602143648227 -0.4264014489670335 0.639602143648227
vn -0.48507125533189915 -0.48507125533189915 0.7276068680966881
vn -0.5345224710524249 -0.26726123552621245 0.8017837363809595
vn -0.5345224710524249 -0.26726123552621245 0.8017837363809595
vn -0.48507125533189915 -0.48507125533189915 0.7276068680966881
vn -0.30151134457776363 -0.30151134457776363 0.9045340337332909
vn -0.48507125533189915 -0.48507125533189915 0.7276068680966881
vn -0.26726123552621245 -0.5345224710524249 0.8017837363809595
vn -0.30151134457776363 -0.30151134457776363 0.9045340337332909
vn -0.30151134457776363 -0.30151134457776363 0.9045340337332909
vn -0.26726123552621245 -0.5345224710524249 0.8017837363809595
vn -7.068241395285323e-9 -0.31622775707614137 0.9486833010307459
vn -0.26726123552621245 -0.5345224710524249 0.8017837363809595
vn -6.199257710336878e-9 -0.5547002099801474 0.8320502851678979
vn -7.068241395285323e-9 -0.31622775707614137 0.9486833010307459
vn -7.068241395285323e-9 -0.31622775707614137 0.9486833010307459
vn -6.199257710336878e-9 -0.5547002099801474 0.8320502851678979
vn 7.068241395285323e-9 -0.31622775707614137 0.9486833010307459
vn -6.199257710336878e-9 -0.5547002099801474 0.8320502851678979
vn 6.199257710336878e-9 -0.5547002099801474 0.8320502851678979
vn 7.068241395285323e-9 -0.31622775707614137 0.9486833010307459
vn 7.068241395285323e-9 -0.31622775707614137 0.9486833010307459
vn 6.199257710336878e-9 -0.5547002099801474 0.8320502851678979
vn 0.30151134457776363 -0.30151134457776363 0.9045340337332909
vn 6.199257710336878e-9 -0.5547002099801474 0.8320502851678979
vn 0.26726123552621245 -0.5345224710524249 0.8017837363809595
vn 0.30151134457776363 -0.30151134457776363 0.9045340337332909
vn 0.30151134457776363 -0.30151134457776363 0.9045340337332909
vn 0.26726123552621245 -0.5345224710524249 0.8017837363809595
vn 0.5345224710524249 -0.26726123552621245 0.8017837363809595
vn 0.26726123552621245 -0.5345224710524249 0.8017837363809595
vn 0.48507125533189915 -0.48507125533189915 0.7276068680966881
vn 0.5345224710524249 -0.26726123552621245 0.8017837363809595
vn 0.5345224710524249 -0.26726123552621245 0.8017837363809595
vn 0.48507125533189915 -0.48507125533189915 0.7276068680966881
vn 0.688247200043142 -0.2294157432818214 0.688247200043142
vn 0.48507125533189915 -0.48507125533189915 0.7276068680966881
vn 0.639602143648227 -0.4264014489670335 0.639602143648227
vn 0.688247200043142 -0.2294157432818214 0.688247200043142
vn -0.639602143648227 -0.4264014489670335 0.639602143648227
vn -0.5773502691896257 -0.5773502691896257 0.5773502691896257
vn -0.48507125533189915 -0.48507125533189915 0.7276068680966881
vn -0.5773502691896257 -0.5773502691896257 0.5773502691896257
vn -0.4264014489670335 -0.639602143648227 0.639602143648227
vn -0.48507125533189915 -0.48507125533189915 0.7276068680966881
vn -0.48507125533189915 -0.48507125533189915 0.7276068680966881
vn -0.4264014489670335 -0.639602143648227 0.639602143648227
vn -0.26726123552621245 -0.5345224710524249 0.8017837363809595
vn -0.4264014489670335 -0.639602143648227 0.639602143648227
vn -0.2294157432818214 -0.688247200043142 0.688247200043142
vn -0.26726123552621245 -0.5345224710524249 0.8017837363809595
vn -0.26726123552621245 -0.5345224710524249 0.8017837363809595
vn -0.2294157432818214 -0.688247200043142 0.688247200043142
vn -6.199257710336878e-9 -0.5547002099801474 0.8320502851678979
vn -0.2294157432818214 -0.688247200043142 0.688247200043142
vn -5.268356063861754e-9 -0.7071067811865476 0.7071067811865476
vn -6.199257710336878e-9 -0.5547002099801474 0.8320502851678979
vn -6.199257710336878e-9 -0.5547002099801474 0.8320502851678979
vn -5.268356063861754e-9 -0.7071067811865476 0.7071067811865476
vn 6.199257710336878e-9 -0.5547002099801474 0.8320502851678979
vn -5.268356063861754e-9 -0.7071067811865476 0.7071067811865476
vn 5.268356063861754e-9 -0.7071067811865476 0.7071067811865476
vn 6.199257710336878e-9 -0.5547002099801474 0.8320502851678979
vn 6.199257710336878e-9 -0.5547002099801474 0.8320502851678979
vn 5.268356063861754e-9 -0.7071067811865476 0.7071067811865476
vn 0.26726123552621245 -0.5345224710524249 0.8017837363809595
vn 5.268356063861754e-9 -0.7071067811865476 0.7071067811865476
vn 0.2294157432818214 -0.688247200043142 0.688247200043142
vn 0.26726123552621245 -0.5345224710524249 0.8017837363809595
vn 0.26726123552621245 -0.5345224710524249 0.8017837363809595
vn 0.2294157432818214 -0.688247200043142 0.688247200043142
vn 0.48507125533189915 -0.48507125533189915 0.7276068680966881
vn 0.2294157432818214 -0.688247200043142 0.688247200043142
vn 0.4264014489670335 -0.639602143648227 0.639602143648227
vn 0.48507125533189915 -0.48507125533189915 0.7276068680966881
vn 0.48507125533189915 -0.48507125533189915 0.7276068680966881
vn 0.4264014489670335 -0.639602143648227 0.639602143648227
vn 0.639602143648227 -0.4264014489670335 0.639602143648227
vn 0.4264014489670335 -0.639602143648227 0.639602143648227
vn 0.5773502691896257 -0.5773502691896257 0.5773502691896257
vn 0.639602143648227 -0.4264014489670335 0.639602143648227
vn 0.5773502691896257 0.5773502691896257 -0.5773502691896257
vn 0.639602143648227 0.4264014489670335 -0.639602143648227
vn 0.4264014489670335 0.639602143648227 -0.639602143648227
vn 0.639602143648227 0.4264014489670335 -0.639602143648227
vn 0.48507125533189915 0.48507125533189915 -0.7276068680966881
vn 0.4264014489670335 0.639602143648227 -0.639602143648227
vn 0.4264014489670335 0.639602143648227 -0.639602143648227
vn 0.48507125533189915 0.48507125533189915 -0.7276068680966881
vn 0.2294157432818214 0.688247200043142 -0.688247200043142
vn 0.48507125533189915 0.48507125533189915 -0.7276068680966881
vn 0.26726123552621245 0.5345224710524249 -0.8017837363809595
vn 0.2294157432818214 0.688247200043142 -0.688247200043142
vn 0.2294157432818214 0.688247200043142 -0.688247200043142
vn 0.26726123552621245 0.5345224710524249 -0.8017837363809595
vn 5.268356063861754e-9 0.7071067811865476 -0.7071067811865476
vn 0.26726123552621245 0.5345224710524249 -0.8017837363809595
vn 6.199257710336878e-9 0.5547002099801474 -0.8320502851678979
vn 5.268356063861754e-9 0.7071067811865476 -0.7071067811865476
vn 5.268356063861754e-9 0.7071067811865476 -0.7071067811865476
vn 6.199257710336878e-9 0.5547002099801474 -0.8320502851678979
vn -5.268356063861754e-9 0.7071067811865476 -0.7071067811865476
vn 6.199257710336878e-9 0.5547002099801474 -0.8320502851678979
vn -6.199257710336878e-9 0.5547002099801474 -0.8320502851678979
vn -5.268356063861754e-9 0.7071067811865476 -0.7071067811865476
vn -5.268356063861754e-9 0.7071067811865476 -0.7071067811865476
vn -6.199257710336878e-9 0.5547002099801474 -0.8320502851678979
vn -0.2294157432818214 0.688247200043142 -0.688247200043142
vn -6.199257710336878e-9 0.5547002099801474 -0.8320502851678979
vn -0.26726123552621245 0.5345224710524249 -0.8017837363809595
vn -0.2294157432818214 0.688247200043142 -0.688247200043142
vn -0.2294157432818214 0.688247200043142 -0.688247200043142
vn -0.26726123552621245 0.5345224710524249 -0.8017837363809595
vn -0.4264014489670335 0.639602143648227 -0.639602143648227
vn -0.26726123552621245 0.5345224710524249 -0.8017837363809595
vn -0.48507125533189915 0.48507125533189915 -0.7276068680966881
vn -0.4264014489670335 0.639602143648227 -0.639602143648227
vn -0.4264014489670335 0.639602143648227 -0.639602143648227
vn -0.48507125533189915 0.48507125533189915 -0.7276068680966881
vn -0.5773502691896257 0.5773502691896257 -0.5773502691896257
vn -0.48507125533189915 0.48507125533189915 -0.7276068680966881
vn -0.639602143648227 0.4264014489670335 -0.639602143648227
vn -0.5773502691896257 0.5773502691896257 -0.5773502691896257
vn 0.639602143648227 0.4264014489670335 -0.639602143648227
vn 0.688247200043142 0.2294157432818214 -0.688247200043142
vn 0.48507125533189915 0.48507125533189915 -0.7276068680966881
vn 0.688247200043142 0.2294157432818214 -0.688247200043142
vn 0.5345224710524249 0.26726123552621245 -0.8017837363809595
vn 0.48507125533189915 0.48507125533189915 -0.7276068680966881
vn 0.48507125533189915 0.48507125533189915 -0.7276068680966881
vn 0.5345224710524249 0.26726123552621245 -0.8017837363809595
vn 0.26726123552621245 0.5345224710524249 -0.8017837363809595
vn 0.5345224710524249 0.26726123552621245 -0.8017837363809595
vn 0.30151134457776363 0.30151134457776363 -0.9045340337332909
vn 0.26726123552621245 0.5345224710524249 -0.8017837363809595
vn 0.26726123552621245 0.5345224710524249 -0.8017837363809595
vn 0.30151134457776363 0.30151134457776363 -0.9045340337332909
vn 6.199257710336878e-9 0.5547002099801474 -0.8320502851678979
vn 0.30151134457776363 0.30151134457776363 -0.9045340337332909
vn 7.068241395285323e-9 0.31622775707614137 -0.9486833010307459
vn 6.199257710336878e-9 0.5547002099801474 -0.8320502851678979
vn 6.199257710336878e-9 0.5547002099801474 -0.8320502851678979
vn 7.068241395285323e-9 0.31622775707614137 -0.9486833010307459
vn -6.199257710336878e-9 0.5547002099801474 -0.8320502851678979
vn 7.068241395285323e-9 0.31622775707614137 -0.9486833010307459
vn -7.068241395285323e-9 0.31622775707614137 -0.9486833010307459
vn -6.199257710336878e-9 0.5547002099801474 -0.8320502851678979
vn -6.199257710336878e-9 0.5547002099801474 -0.8320502851678979
vn -7.068241395285323e-9 0.31622775707614137 -0.9486833010307459
vn -0.26726123552621245 0.5345224710524249 -0.8017837363809595
vn -7.068241395285323e-9 0.31622775707614137 -0.9486833010307459
vn -0.30151134457776363 0.30151134457776363 -0.9045340337332909
vn -0.26726123552621245 0.5345224710524249 -0.8017837363809595
vn -0.26726123552621245 0.5345224710524249 -0.8017837363809595
vn -0.30151134457776363 0.30151134457776363 -0.9045340337332909
vn -0.48507125533189915 0.48507125533189915 -0.7276068680966881
vn -0.30151134457776363 0.30151134457776363 -0.9045340337332909
vn -0.5345224710524249 0.26726123552621245 -0.8017837363809595
vn -0.48507125533189915 0.48507125533189915 -0.7276068680966881
vn -0.48507125533189915 0.48507125533189915 -0.7276068680966881
vn -0.5345224710524249 0.26726123552621245 -0.8017837363809595
vn -0.639602143648227 0.4264014489670335 -0.639602143648227
vn -0.5345224710524249 0.26726123552621245 -0.8017837363809595
vn -0.688247200043142 0.2294157432818214 -0.688247200043142
vn -0.639602143648227 0.4264014489670335 -0.639602143648227
vn 0.688247200043142 0.2294157432818214 -0.688247200043142
vn 0.7071067811865476 5.268356063861754e-9 -0.7071067811865476
vn 0.5345224710524249 0.26726123552621245 -0.8017837363809595
vn 0.7071067811865476 5.268356063861754e-9 -0.7071067811865476
vn 0.5547002099801474 6.199257710336878e-9 -0.8320502851678979
vn 0.5345224710524249 0.26726123552621245 -0.8017837363809595
vn 0.5345224710524249 0.26726123552621245 -0.8017837363809595
vn 0.5547002099801474 6.199257710336878e-9 -0.8320502851678979
vn 0.30151134457776363 0.30151134457776363 -0.9045340337332909
vn 0.5547002099801474 6.199257710336878e-9 -0.8320502851678979
vn 0.31622775707614137 7.068241395285323e-9 -0.9486833010307459
vn 0.30151134457776363 0.30151134457776363 -0.9045340337332909
vn 0.30151134457776363 0.30151134457776363 -0.9045340337332909
vn 0.31622775707614137 7.068241395285323e-9 -0.9486833010307459
vn 7.068241395285323e-9 0.31622775707614137 -0.9486833010307459
vn 0.31622775707614137 7.068241395285323e-9 -0.9486833010307459
vn 7.450580596923828e-9 7.450580596923828e-9 -1
vn 7.068241395285323e-9 0.31622775707614137 -0.9486833010307459
vn 7.068241395285323e-9 0.31622775707614137 -0.9486833010307459
vn 7.450580596923828e-9 7.450580596923828e-9 -1
vn -7.068241395285323e-9 0.31622775707614137 -0.9486833010307459
vn 7.450580596923828e-9 7.450580596923828e-9 -1
vn -7.450580596923828e-9 7.450580596923828e-9 -1
vn -7.068241395285323e-9 0.31622775707614137 -0.9486833010307459
vn -7.068241395285323e-9 0.31622775707614137 -0.9486833010307459
vn -7.450580596923828e-9 7.450580596923828e-9 -1
vn -0.30151134457776363 0.30151134457776363 -0.9045340337332909
vn -7.450580596923828e-9 7.450580596923828e-9 -1
vn -0.31622775707614137 7.068241395285323e-9 -0.9486833010307459
vn -0.30151134457776363 0.30151134457776363 -0.9045340337332909
vn -0.30151134457776363 0.30151134457776363 -0.9045340337332909
vn -0.31622775707614137 7.068241395285323e-9 -0.9486833010307459
vn -0.5345224710524249 0.26726123552621245 -0.8017837363809595
vn -0.31622775707614137 7.068241395285323e-9 -0.9486833010307459
vn -0.5547002099801474 6.199257710336878e-9 -0.8320502851678979
vn -0.5345224710524249 0.26726123552621245 -0.8017837363809595
vn -0.5345224710524249 0.26726123552621245 -0.8017837363809595
vn -0.5547002099801474 6.199257710336878e-9 -0.8320502851678979
vn -0.688247200043142 0.2294157432818214 -0.688247200043142
vn -0.5547002099801474 6.199257710336878e-9 -0.8320502851678979
vn -0.7071067811865476 5.268356063861754e-9 -0.7071067811865476
vn -0.688247200043142 0.2294157432818214 -0.688247200043142
vn 0.7071067811865476 5.268356063861754e-9 -0.7071067811865476
vn 0.7071067811865476 -5.268356063861754e-9 -0.7071067811865476
vn 0.5547002099801474 6.199257710336878e-9 -0.8320502851678979
vn 0.7071067811865476 -5.268356063861754e-9 -0.7071067811865476
vn 0.5547002099801474 -6.199257710336878e-9 -0.8320502851678979
vn 0.5547002099801474 6.199257710336878e-9 -0.8320502851678979
vn 0.5547002099801474 6.199257710336878e-9 -0.8320502851678979
vn 0.5547002099801474 -6.199257710336878e-9 -0.8320502851678979
vn 0.31622775707614137 7.068241395285323e-9 -0.9486833010307459
vn 0.5547002099801474 -6.199257710336878e-9 -0.8320502851678979
vn 0.31622775707614137 -7.068241395285323e-9 -0.9486833010307459
vn 0.31622775707614137 7.068241395285323e-9 -0.9486833010307459
vn 0.31622775707614137 7.068241395285323e-9 -0.9486833010307459
vn 0.31622775707614137 -7.068241395285323e-9 -0.9486833010307459
vn 7.450580596923828e-9 7.450580596923828e-9 -1
vn 0.31622775707614137 -7.068241395285323e-9 -0.9486833010307459
vn 7.450580596923828e-9 -7.450580596923828e-9 -1
vn 7.450580596923828e-9 7.450580596923828e-9 -1
vn 7.450580596923828e-9 7.450580596923828e-9 -1
vn 7.450580596923828e-9 -7.450580596923828e-9 -1
vn -7.450580596923828e-9 7.450580596923828e-9 -1
vn 7.450580596923828e-9 -7.450580596923828e-9 -1
vn -7.450580596923828e-9 -7.450580596923828e-9 -1
vn -7.450580596923828e-9 7.450580596923828e-9 -1
vn -7.450580596923828e-9 7.450580596923828e-9 -1
vn -7.450580596923828e-9 -7.450580596923828e-9 -1
vn -0.31622775707614137 7.068241395285323e-9 -0.9486833010307459
vn -7.450580596923828e-9 -7.450580596923828e-9 -1
vn -0.31622775707614137 -7.068241395285323e-9 -0.9486833010307459
vn -0.31622775707614137 7.068241395285323e-9 -0.9486833010307459
vn -0.31622775707614137 7.068241395285323e-9 -0.9486833010307459
vn -0.31622775707614137 -7.068241395285323e-9 -0.9486833010307459
vn -0.5547002099801474 6.199257710336878e-9 -0.8320502851678979
vn -0.31622775707614137 -7.068241395285323e-9 -0.9486833010307459
vn -0.5547002099801474 -6.199257710336878e-9 -0.8320502851678979
vn -0.5547002099801474 6.199257710336878e-9 -0.8320502851678979
vn -0.5547002099801474 6.199257710336878e-9 -0.8320502851678979
vn -0.5547002099801474 -6.199257710336878e-9 -0.8320502851678979
vn -0.7071067811865476 5.268356063861754e-9 -0.7071067811865476
vn -0.5547002099801474 -6.199257710336878e-9 -0.8320502851678979
vn -0.7071067811865476 -5.268356063861754e-9 -0.7071067811865476
vn -0.7071067811865476 5.268356063861754e-9 -0.7071067811865476
vn 0.7071067811865476 -5.268356063861754e-9 -0.7071067811865476
vn 0.688247200043142 -0.2294157432818214 -0.688247200043142
vn 0.5547002099801474 -6.199257710336878e-9 -0.8320502851678979
vn 0.688247200043142 -0.2294157432818214 -0.688247200043142
vn 0.5345224710524249 -0.26726123552621245 -0.8017837363809595
vn 0.5547002099801474 -6.199257710336878e-9 -0.8320502851678979
vn 0.5547002099801474 -6.199257710336878e-9 -0.8320502851678979
vn 0.5345224710524249 -0.26726123552621245 -0.8017837363809595
vn 0.31622775707614137 -7.068241395285323e-9 -0.9486833010307459
vn 0.5345224710524249 -0.26726123552621245 -0.8017837363809595
vn 0.30151134457776363 -0.30151134457776363 -0.9045340337332909
vn 0.31622775707614137 -7.068241395285323e-9 -0.9486833010307459
vn 0.31622775707614137 -7.068241395285323e-9 -0.9486833010307459
vn 0.30151134457776363 -0.30151134457776363 -0.9045340337332909
vn 7.450580596923828e-9 -7.450580596923828e-9 -1
vn 0.30151134457776363 -0.30151134457776363 -0.9045340337332909
vn 7.068241395285323e-9 -0.31622775707614137 -0.9486833010307459
vn 7.450580596923828e-9 -7.450580596923828e-9 -1
vn 7.450580596923828e-9 -7.450580596923828e-9 -1
vn 7.068241395285323e-9 -0.31622775707614137 -0.9486833010307459
vn -7.450580596923828e-9 -7.450580596923828e-9 -1
vn 7.068241395285323e-9 -0.31622775707614137 -0.9486833010307459
vn -7.068241395285323e-9 -0.31622775707614137 -0.9486833010307459
vn -7.450580596923828e-9 -7.450580596923828e-9 -1
vn -7.450580596923828e-9 -7.450580596923828e-9 -1
vn -7.068241395285323e-9 -0.31622775707614137 -0.9486833010307459
vn -0.31622775707614137 -7.068241395285323e-9 -0.9486833010307459
vn -7.068241395285323e-9 -0.31622775707614137 -0.9486833010307459
vn -0.30151134457776363 -0.30151134457776363 -0.9045340337332909
vn -0.31622775707614137 -7.068241395285323e-9 -0.9486833010307459
vn -0.31622775707614137 -7.068241395285323e-9 -0.9486833010307459
vn -0.30151134457776363 -0.30151134457776363 -0.9045340337332909
vn -0.5547002099801474 -6.199257710336878e-9 -0.8320502851678979
vn -0.30151134457776363 -0.30151134457776363 -0.9045340337332909
vn -0.5345224710524249 -0.26726123552621245 -0.8017837363809595
vn -0.5547002099801474 -6.199257710336878e-9 -0.8320502851678979
vn -0.5547002099801474 -6.199257710336878e-9 -0.8320502851678979
vn -0.5345224710524249 -0.26726123552621245 -0.8017837363809595
vn -0.7071067811865476 -5.268356063861754e-9 -0.7071067811865476
vn -0.5345224710524249 -0.26726123552621245 -0.8017837363809595
vn -0.688247200043142 -0.2294157432818214 -0.688247200043142
vn -0.7071067811865476 -5.268356063861754e-9 -0.7071067811865476
vn 0.688247200043142 -0.2294157432818214 -0.688247200043142
vn 0.639602143648227 -0.4264014489670335 -0.639602143648227
vn 0.5345224710524249 -0.26726123552621245 -0.8017837363809595
vn 0.639602143648227 -0.4264014489670335 -0.639602143648227
vn 0.48507125533189915 -0.48507125533189915 -0.7276068680966881
vn 0.5345224710524249 -0.26726123552621245 -0.8017837363809595
vn 0.5345224710524249 -0.26726123552621245 -0.8017837363809595
vn 0.48507125533189915 -0.48507125533189915 -0.7276068680966881
vn 0.30151134457776363 -0.30151134457776363 -0.9045340337332909
vn 0.48507125533189915 -0.48507125533189915 -0.7276068680966881
vn 0.26726123552621245 -0.5345224710524249 -0.8017837363809595
vn 0.30151134457776363 -0.30151134457776363 -0.9045340337332909
vn 0.30151134457776363 -0.30151134457776363 -0.9045340337332909
vn 0.26726123552621245 -0.5345224710524249 -0.8017837363809595
vn 7.068241395285323e-9 -0.31622775707614137 -0.9486833010307459
vn 0.26726123552621245 -0.5345224710524249 -0.8017837363809595
vn 6.199257710336878e-9 -0.5547002099801474 -0.8320502851678979
vn 7.068241395285323e-9 -0.31622775707614137 -0.9486833010307459
vn 7.068241395285323e-9 -0.31622775707614137 -0.9486833010307459
vn 6.199257710336878e-9 -0.5547002099801474 -0.8320502851678979
vn -7.068241395285323e-9 -0.31622775707614137 -0.9486833010307459
vn 6.199257710336878e-9 -0.5547002099801474 -0.8320502851678979
vn -6.199257710336878e-9 -0.5547002099801474 -0.8320502851678979
vn -7.068241395285323e-9 -0.31622775707614137 -0.9486833010307459
vn -7.068241395285323e-9 -0.31622775707614137 -0.9486833010307459
vn -6.199257710336878e-9 -0.5547002099801474 -0.8320502851678979
vn -0.30151134457776363 -0.30151134457776363 -0.9045340337332909
vn -6.199257710336878e-9 -0.5547002099801474 -0.8320502851678979
vn -0.26726123552621245 -0.5345224710524249 -0.8017837363809595
vn -0.30151134457776363 -0.30151134457776363 -0.9045340337332909
vn -0.30151134457776363 -0.30151134457776363 -0.9045340337332909
vn -0.26726123552621245 -0.5345224710524249 -0.8017837363809595
vn -0.5345224710524249 -0.26726123552621245 -0.8017837363809595
vn -0.26726123552621245 -0.5345224710524249 -0.8017837363809595
vn -0.48507125533189915 -0.48507125533189915 -0.7276068680966881
vn -0.5345224710524249 -0.26726123552621245 -0.8017837363809595
vn -0.5345224710524249 -0.26726123552621245 -0.8017837363809595
vn -0.48507125533189915 -0.48507125533189915 -0.7276068680966881
vn -0.688247200043142 -0.2294157432818214 -0.688247200043142
vn -0.48507125533189915 -0.48507125533189915 -0.7276068680966881
vn -0.639602143648227 -0.4264014489670335 -0.639602143648227
vn -0.688247200043142 -0.2294157432818214 -0.688247200043142
vn 0.639602143648227 -0.4264014489670335 -0.639602143648227
vn 0.5773502691896257 -0.5773502691896257 -0.5773502691896257
vn 0.48507125533189915 -0.48507125533189915 -0.7276068680966881
vn 0.5773502691896257 -0.5773502691896257 -0.5773502691896257
vn 0.4264014489670335 -0.639602143648227 -0.639602143648227
vn 0.48507125533189915 -0.48507125533189915 -0.7276068680966881
vn 0.48507125533189915 -0.48507125533189915 -0.7276068680966881
vn 0.4264014489670335 -0.639602143648227 -0.639602143648227
vn 0.26726123552621245 -0.5345224710524249 -0.8017837363809595
vn 0.4264014489670335 -0.639602143648227 -0.639602143648227
vn 0.2294157432818214 -0.688247200043142 -0.688247200043142
vn 0.26726123552621245 -0.5345224710524249 -0.8017837363809595
vn 0.26726123552621245 -0.5345224710524249 -0.8017837363809595
vn 0.2294157432818214 -0.688247200043142 -0.688247200043142
vn 6.199257710336878e-9 -0.5547002099801474 -0.8320502851678979
vn 0.2294157432818214 -0.688247200043142 -0.688247200043142
vn 5.268356063861754e-9 -0.7071067811865476 -0.7071067811865476
vn 6.199257710336878e-9 -0.5547002099801474 -0.8320502851678979
vn 6.199257710336878e-9 -0.5547002099801474 -0.8320502851678979
vn 5.268356063861754e-9 -0.7071067811865476 -0.7071067811865476
vn -6.199257710336878e-9 -0.5547002099801474 -0.8320502851678979
vn 5.268356063861754e-9 -0.7071067811865476 -0.7071067811865476
vn -5.268356063861754e-9 -0.7071067811865476 -0.7071067811865476
vn -6.199257710336878e-9 -0.5547002099801474 -0.8320502851678979
vn -6.199257710336878e-9 -0.5547002099801474 -0.8320502851678979
vn -5.268356063861754e-9 -0.7071067811865476 -0.7071067811865476
vn -0.26726123552621245 -0.5345224710524249 -0.8017837363809595
vn -5.268356063861754e-9 -0.7071067811865476 -0.7071067811865476
vn -0.2294157432818214 -0.688247200043142 -0.688247200043142
vn -0.26726123552621245 -0.5345224710524249 -0.8017837363809595
vn -0.26726123552621245 -0.5345224710524249 -0.8017837363809595
vn -0.2294157432818214 -0.688247200043142 -0.688247200043142
vn -0.48507125533189915 -0.48507125533189915 -0.7276068680966881
vn -0.2294157432818214 -0.688247200043142 -0.688247200043142
vn -0.4264014489670335 -0.639602143648227 -0.639602143648227
vn -0.48507125533189915 -0.48507125533189915 -0.7276068680966881
vn -0.48507125533189915 -0.48507125533189915 -0.7276068680966881
vn -0.4264014489670335 -0.639602143648227 -0.639602143648227
vn -0.639602143648227 -0.4264014489670335 -0.639602143648227
vn -0.4264014489670335 -0.639602143648227 -0.639602143648227
vn -0.5773502691896257 -0.5773502691896257 -0.5773502691896257
vn -0.639602143648227 -0.4264014489670335 -0.639602143648227
f 1/1/1 2/2/2 3/3/3
f 4/4/4 5/5/5 6/6/6
f 7/7/7 8/8/8 9/9/9
f 10/10/10 11/11/11 12/12/12
f 13/13/13 14/14/14 15/15/15
f 16/16/16 17/17/17 18/18/18
f 19/19/19 20/20/20 21/21/21
f 22/22/22 23/23/23 24/24/24
f 25/25/25 26/26/26 27/27/27
f 28/28/28 29/29/29 30/30/30
f 31/31/31 32/32/32 33/33/33
f 34/34/34 35/35/35 36/36/36
f 37/37/37 38/38/38 39/39/39
f 40/40/40 41/41/41 42/42/42
f 43/43/43 44/44/44 45/45/45
f 46/46/46 47/47/47 48/48/48
f 49/49/49 50/50/50 51/51/51
f 52/52/52 53/53/53 54/54/54
f 55/55/55 56/56/56 57/57/57
f 58/58/58 59/59/59 60/60/60
f 61/61/61 62/62/62 63/63/63
f 64/64/64 65/65/65 66/66/66
f 67/67/67 68/68/68 69/69/69
f 70/70/70 71/71/71 72/72/72
f 73/73/73 74/74/74 75/75/75
f 76/76/76 77/77/77 78/78/78
f 79/79/79 80/80/80 81/81/81
f 82/82/82 83/83/83 84/84/84
f 85/85/85 86/86/86 87/87/87
f 88/88/88 89/89/89 90/90/90
f 91/91/91 92/92/92 93/93/93
f 94/94/94 95/95/95 96/96/96
f 97/97/97 98/98/98 99/99/99
f 100/100/100 101/101/101 102/102/102
f 103/103/103 104/104/104 105/105/105
f 106/106/106 107/107/107 108/108/108
f 109/109/109 110/110/110 111/111/111
f 112/112/112 113/113/113 114/114/114
f 115/115/115 116/116/116 117/117/117
f 118/118/118 119/119/119 120/120/120
f 121/121/121 122/122/122 123/123/123
f 124/124/124 125/125/125 126/126/126
f 127/127/127 128/128/128 129/129/129
f 130/130/130 131/131/131 132/132/132
f 133/133/133 134/134/134 135/135/135
f 136/136/136 137/137/137 138/138/138
f 139/139/139 140/140/140 141/141/141
f 142/142/142 143/143/143 144/144/144
f 145/145/145 146/146/146 147/147/147
f 148/148/148 149/149/149 150/150/150
f 151/151/151 152/152/152 153/153/153
f 154/154/154 155/155/155 156/156/156
f 157/157/157 158/158/158 159/159/159
f 160/160/160 161/161/161 162/162/162
f 163/163/163 164/164/164 165/165/165
f 166/166/166 167/167/167 168/168/168
f 169/169/169 170/170/170 171/171/171
f 172/172/172 173/173/173 174/174/174
f 175/175/175 176/176/176 177/177/177
f 178/178/178 179/179/179 180/180/180
f 181/181/181 182/182/182 183/183/183
f 184/184/184 185/185/185 186/186/186
f 187/187/187 188/188/188 189/189/189
f 190/190/190 191/191/191 192/192/192
f 193/193/193 194/194/194 195/195/195
f 196/196/196 197/197/197 198/198/198
f 199/199/199 200/200/200 201/201/201
f 202/202/202 203/203/203 204/204/204
f 205/205/205 206/206/206 207/207/207
f 208/208/208 209/209/209 210/210/210
f 211/211/211 212/212/212 213/213/213
f 214/214/214 215/215/215 216/216/216
f 217/217/217 218/218/218 219/219/219
f 220/220/220 221/221/221 222/222/222
f 223/223/223 224/224/224 225/225/225
f 226/226/226 227/227/227 228/228/228
f 229/229/229 230/230/230 231/231/231
f 232/232/232 233/233/233 234/234/234
f 235/235/235 236/236/236 237/237/237
f 238/238/238 239/239/239 240/240/240
f 241/241/241 242/242/242 243/243/243
f 244/244/244 245/245/245 246/246/246
f 247/247/247 248/248/248 249/249/249
f 250/250/250 251/251/251 252/252/252
f 253/253/253 254/254/254 255/255/255
f 256/256/256 257/257/257 258/258/258
f 259/259/259 260/260/260 261/261/261
f 262/262/262 263/263/263 264/264/264
f 265/265/265 266/266/266 267/267/267
f 268/268/268 269/269/269 270/270/270
f 271/271/271 272/272/272 273/273/273
f 274/274/274 275/275/275 276/276/276
f 277/277/277 278/278/278 279/279/279
f 280/280/280 281/281/281 282/282/282
f 283/283/283 284/284/284 285/285/285
f 286/286/286 287/287/287 288/288/288
f 289/289/289 290/290/290 291/291/291
f 292/292/292 293/293/293 294/294/294
f 295/295/295 296/296/296 297/297/297
f 298/298/298 299/299/299 300/300/300
f 301/301/301 302/302/302 303/303/303
f 304/304/304 305/305/305 306/306/306
f 307/307/307 308/308/308 309/309/309
f 310/310/310 311/311/311 312/312/312
f 313/313/313 314/314/314 315/315/315
f 316/316/316 317/317/317 318/318/318
f 319/319/319 320/320/320 321/321/321
f 322/322/322 323/323/323 324/324/324
f 325/325/325 326/326/326 327/327/327
f 328/328/328 329/329/329 330/330/330
f 331/331/331 332/332/332 333/333/333
f 334/334/334 335/335/335 336/336/336
f 337/337/337 338/338/338 339/339/339
f 340/340/340 341/341/341 342/342/342
f 343/343/343 344/344/344 345/345/345
f 346/346/346 347/347/347 348/348/348
f 349/349/349 350/350/350 351/351/351
f 352/352/352 353/353/353 354/354/354
f 355/355/355 356/356/356 357/357/357
f 358/358/358 359/359/359 360/360/360
f 361/361/361 362/362/362 363/363/363
f 364/364/364 365/365/365 366/366/366
f 367/367/367 368/368/368 369/369/369
f 370/370/370 371/371/371 372/372/372
f 373/373/373 374/374/374 375/375/375
f 376/376/376 377/377/377 378/378/378
f 379/379/379 380/380/380 381/381/381
f 382/382/382 383/383/383 384/384/384
f 385/385/385 386/386/386 387/387/387
f 388/388/388 389/389/389 390/390/390
f 391/391/391 392/392/392 393/393/393
f 394/394/394 395/395/395 396/396/396
f 397/397/397 398/398/398 399/399/399
f 400/400/400 401/401/401 402/402/402
f 403/403/403 404/404/404 405/405/405
f 406/406/406 407/407/407 408/408/408
f 409/409/409 410/410/410 411/411/411
f 412/412/412 413/413/413 414/414/414
f 415/415/415 416/416/416 417/417/417
f 418/418/418 419/419/419 420/420/420
f 421/421/421 422/422/422 423/423/423
f 424/424/424 425/425/425 426/426/426
f 427/427/427 428/428/428 429/429/429
f 430/430/430 431/431/431 432/432/432
f 433/433/433 434/434/434 435/435/435
f 436/436/436 437/437/437 438/438/438
f 439/439/439 440/440/440 441/441/441
f 442/442/442 443/443/443 444/444/444
f 445/445/445 446/446/446 447/447/447
f 448/448/448 449/449/449 450/450/450
f 451/451/451 452/452/452 453/453/453
f 454/454/454 455/455/455 456/456/456
f 457/457/457 458/458/458 459/459/459
f 460/460/460 461/461/461 462/462/462
f 463/463/463 464/464/464 465/465/465
f 466/466/466 467/467/467 468/468/468
f 469/469/469 470/470/470 471/471/471
f 472/472/472 473/473/473 474/474/474
f 475/475/475 476/476/476 477/477/477
f 478/478/478 479/479/479 480/480/480
f 481/481/481 482/482/482 483/483/483
f 484/484/484 485/485/485 486/486/486
f 487/487/487 488/488/488 489/489/489
f 490/490/490 491/491/491 492/492/492
f 493/493/493 494/494/494 495/495/495
f 496/496/496 497/497/497 498/498/498
f 499/499/499 500/500/500 501/501/501
f 502/502/502 503/503/503 504/504/504
f 505/505/505 506/506/506 507/507/507
f 508/508/508 509/509/509 510/510/510
f 511/511/511 512/512/512 513/513/513
f 514/514/514 515/515/515 516/516/516
f 517/517/517 518/518/518 519/519/519
f 520/520/520 521/521/521 522/522/522
f 523/523/523 524/524/524 525/525/525
f 526/526/526 527/527/527 528/528/528
f 529/529/529 530/530/530 531/531/531
f 532/532/532 533/533/533 534/534/534
f 535/535/535 536/536/536 537/537/537
f 538/538/538 539/539/539 540/540/540
f 541/541/541 542/542/542 543/543/543
f 544/544/544 545/545/545 546/546/546
f 547/547/547 548/548/548 549/549/549
f 550/550/550 551/551/551 552/552/552
f 553/553/553 554/554/554 555/555/555
f 556/556/556 557/557/557 558/558/558
f 559/559/559 560/560/560 561/561/561
f 562/562/562 563/563/563 564/564/564
f 565/565/565 566/566/566 567/567/567
f 568/568/568 569/569/569 570/570/570
f 571/571/571 572/572/572 573/573/573
f 574/574/574 575/575/575 576/576/576
f 577/577/577 578/578/578 579/579/579
f 580/580/580 581/581/581 582/582/582
f 583/583/583 584/584/584 585/585/585
f 586/586/586 587/587/587 588/588/588
f 589/589/589 590/590/590 591/591/591
f 592/592/592 593/593/593 594/594/594
f 595/595/595 596/596/596 597/597/597
f 598/598/598 599/599/599 600/600/600
f 601/601/601 602/602/602 603/603/603
f 604/604/604 605/605/605 606/606/606
f 607/607/607 608/608/608 609/609/609
f 610/610/610 611/611/611 612/612/612
f 613/613/613 614/614/614 615/615/615
f 616/616/616 617/617/617 618/618/618
f 619/619/619 620/620/620 621/621/621
f 622/622/622 623/623/623 624/624/624
f 625/625/625 626/626/626 627/627/627
f 628/628/628 629/629/629 630/630/630
f 631/631/631 632/632/632 633/633/633
f 634/634/634 635/635/635 636/636/636
f 637/637/637 638/638/638 639/639/639
f 640/640/640 641/641/641 642/642/642
f 643/643/643 644/644/644 645/645/645
f 646/646/646 647/647/647 648/648/648
f 649/649/649 650/650/650 651/651/651
f 652/652/652 653/653/653 654/654/654
f 655/655/655 656/656/656 657/657/657
f 658/658/658 659/659/659 660/660/660
f 661/661/661 662/662/662 663/663/663
f 664/664/664 665/665/665 666/666/666
f 667/667/667 668/668/668 669/669/669
f 670/670/670 671/671/671 672/672/672
f 673/673/673 674/674/674 675/675/675
f 676/676/676 677/677/677 678/678/678
f 679/679/679 680/680/680 681/681/681
f 682/682/682 683/683/683 684/684/684
f 685/685/685 686/686/686 687/687/687
f 688/688/688 689/689/689 690/690/690
f 691/691/691 692/692/692 693/693/693
f 694/694/694 695/695/695 696/696/696
f 697/697/697 698/698/698 699/699/699
f 700/700/700 701/701/701 702/702/702
f 703/703/703 704/704/704 705/705/705
f 706/706/706 707/707/707 708/708/708
f 709/709/709 710/710/710 711/711/711
f 712/712/712 713/713/713 714/714/714
f 715/715/715 716/716/716 717/717/717
f 718/718/718 719/719/719 720/720/720
f 721/721/721 722/722/722 723/723/723
f 724/724/724 725/725/725 726/726/726
f 727/727/727 728/728/728 729/729/729
f 730/730/730 731/731/731 732/732/732
f 733/733/733 734/734/734 735/735/735
f 736/736/736 737/737/737 738/738/738
f 739/739/739 740/740/740 741/741/741
f 742/742/742 743/743/743 744/744/744
f 745/745/745 746/746/746 747/747/747
f 748/748/748 749/749/749 750/750/750
f 751/751/751 752/752/752 753/753/753
f 754/754/754 755/755/755 756/756/756
f 757/757/757 758/758/758 759/759/759
f 760/760/760 761/761/761 762/762/762
f 763/763/763 764/764/764 765/765/765
f 766/766/766 767/767/767 768/768/768
f 769/769/769 770/770/770 771/771/771
f 772/772/772 773/773/773 774/774/774
f 775/775/775 776/776/776 777/777/777
f 778/778/778 779/779/779 780/780/780
f 781/781/781 782/782/782 783/783/783
f 784/784/784 785/785/785 786/786/786
f 787/787/787 788/788/788 789/789/789
f 790/790/790 791/791/791 792/792/792
f 793/793/793 794/794/794 795/795/795
f 796/796/796 797/797/797 798/798/798
f 799/799/799 800/800/800 801/801/801
f 802/802/802 803/803/803 804/804/804
f 805/805/805 806/806/806 807/807/807
f 808/808/808 809/809/809 810/810/810
f 811/811/811 812/812/812 813/813/813
f 814/814/814 815/815/815 816/816/816
f 817/817/817 818/818/818 819/819/819
f 820/820/820 821/821/821 822/822/822
f 823/823/823 824/824/824 825/825/825
f 826/826/826 827/827/827 828/828/828
f 829/829/829 830/830/830 831/831/831
f 832/832/832 833/833/833 834/834/834
f 835/835/835 836/836/836 837/837/837
f 838/838/838 839/839/839 840/840/840
f 841/841/841 842/842/842 843/843/843
f 844/844/844 845/845/845 846/846/846
f 847/847/847 848/848/848 849/849/849
f 850/850/850 851/851/851 852/852/852
f 853/853/853 854/854/854 855/855/855
f 856/856/856 857/857/857 858/858/858
f 859/859/859 860/860/860 861/861/861
f 862/862/862 863/863/863 864/864/864
f 865/865/865 866/866/866 867/867/867
f 868/868/868 869/869/869 870/870/870
f 871/871/871 872/872/872 873/873/873
f 874/874/874 875/875/875 876/876/876
f 877/877/877 878/878/878 879/879/879
f 880/880/880 881/881/881 882/882/882
f 883/883/883 884/884/884 885/885/885
f 886/886/886 887/887/887 888/888/888
f 889/889/889 890/890/890 891/891/891
f 892/892/892 893/893/893 894/894/894
f 895/895/895 896/896/896 897/897/897
f 898/898/898 899/899/899 900/900/900
f 901/901/901 902/902/902 903/903/903
f 904/904/904 905/905/905 906/906/906
f 907/907/907 908/908/908 909/909/909
f 910/910/910 911/911/911 912/912/912
f 913/913/913 914/914/914 915/915/915
f 916/916/916 917/917/917 918/918/918
f 919/919/919 920/920/920 921/921/921
f 922/922/922 923/923/923 924/924/924
f 925/925/925 926/926/926 927/927/927
f 928/928/928 929/929/929 930/930/930
f 931/931/931 932/932/932 933/933/933
f 934/934/934 935/935/935 936/936/936
f 937/937/937 938/938/938 939/939/939
f 940/940/940 941/941/941 942/942/942
f 943/943/943 944/944/944 945/945/945
f 946/946/946 947/947/947 948/948/948
f 949/949/949 950/950/950 951/951/951
f 952/952/952 953/953/953 954/954/954
f 955/955/955 956/956/956 957/957/957
f 958/958/958 959/959/959 960/960/960
f 961/961/961 962/962/962 963/963/963
f 964/964/964 965/965/965 966/966/966
f 967/967/967 968/968/968 969/969/969
f 970/970/970 971/971/971 972/972/972
f 973/973/973 974/974/974 975/975/975
f 976/976/976 977/977/977 978/978/978
f 979/979/979 980/980/980 981/981/981
f 982/982/982 983/983/983 984/984/984
f 985/985/985 986/986/986 987/987/987
f 988/988/988 989/989/989 990/990/990
f 991/991/991 992/992/992 993/993/993
f 994/994/994 995/995/995 996/996/996
f 997/997/997 998/998/998 999/999/999
f 1000/1000/1000 1001/1001/1001 1002/1002/1002
f 1003/1003/1003 1004/1004/1004 1005/1005/1005
f 1006/1006/1006 1007/1007/1007 1008/1008/1008
f 1009/1009/1009 1010/1010/1010 1011/1011/1011
f 1012/1012/1012 1013/1013/1013 1014/1014/1014
f 1015/1015/1015 1016/1016/1016 1017/1017/1017
f 1018/1018/1018 1019/1019/1019 1020/1020/1020
f 1021/1021/1021 1022/1022/1022 1023/1023/1023
f 1024/1024/1024 1025/1025/1025 1026/1026/1026
f 1027/1027/1027 1028/1028/1028 1029/1029/1029
f 1030/1030/1030 1031/1031/1031 1032/1032/1032
f 1033/1033/1033 1034/1034/1034 1035/1035/1035
f 1036/1036/1036 1037/1037/1037 1038/1038/1038
f 1039/1039/1039 1040/1040/1040 1041/1041/1041
f 1042/1042/1042 1043/1043/1043 1044/1044/1044
f 1045/1045/1045 1046/1046/1046 1047/1047/1047
f 1048/1048/1048 1049/1049/1049 1050/1050/1050
f 1051/1051/1051 1052/1052/1052 1053/1053/1053
f 1054/1054/1054 1055/1055/1055 1056/1056/1056
f 1057/1057/1057 1058/1058/1058 1059/1059/1059
f 1060/1060/1060 1061/1061/1061 1062/1062/1062
f 1063/1063/1063 1064/1064/1064 1065/1065/1065
f 1066/1066/1066 1067/1067/1067 1068/1068/1068
f 1069/1069/1069 1070/1070/1070 1071/1071/1071
f 1072/1072/1072 1073/1073/1073 1074/1074/1074
f 1075/1075/1075 1076/1076/1076 1077/1077/1077
f 1078/1078/1078 1079/1079/1079 1080/1080/1080
f 1081/1081/1081 1082/1082/1082 1083/1083/1083
f 1084/1084/1084 1085/1085/1085 1086/1086/1086
f 1087/1087/1087 1088/1088/1088 1089/1089/1089
f 1090/1090/1090 1091/1091/1091 1092/1092/1092
f 1093/1093/1093 1094/1094/1094 1095/1095/1095
f 1096/1096/1096 1097/1097/1097 1098/1098/1098
f 1099/1099/1099 1100/1100/1100 1101/1101/1101
f 1102/1102/1102 1103/1103/1103 1104/1104/1104
f 1105/1105/1105 1106/1106/1106 1107/1107/1107
f 1108/1108/1108 1109/1109/1109 1110/1110/1110
f 1111/1111/1111 1112/1112/1112 1113/1113/1113
f 1114/1114/1114 1115/1115/1115 1116/1116/1116
f 1117/1117/1117 1118/1118/1118 1119/1119/1119
f 1120/1120/1120 1121/1121/1121 1122/1122/1122
f 1123/1123/1123 1124/1124/1124 1125/1125/1125
f 1126/1126/1126 1127/1127/1127 1128/1128/1128
f 1129/1129/1129 1130/1130/1130 1131/1131/1131
f 1132/1132/1132 1133/1133/1133 1134/1134/1134
f 1135/1135/1135 1136/1136/1136 1137/1137/1137
f 1138/1138/1138 1139/1139/1139 1140/1140/1140
f 1141/1141/1141 1142/1142/1142 1143/1143/1143
f 1144/1144/1144 1145/1145/1145 1146/1146/1146
f 1147/1147/1147 1148/1148/1148 1149/1149/1149
f 1150/1150/1150 1151/1151/1151 1152/1152/1152
f 1153/1153/1153 1154/1154/1154 1155/1155/1155
f 1156/1156/1156 1157/1157/1157 1158/1158/1158
f 1159/1159/1159 1160/1160/1160 1161/1161/1161
f 1162/1162/1162 1163/1163/1163 1164/1164/1164
f 1165/1165/1165 1166/1166/1166 1167/1167/1167
f 1168/1168/1168 1169/1169/1169 1170/1170/1170
f 1171/1171/1171 1172/1172/1172 1173/1173/1173
f 1174/1174/1174 1175/1175/1175 1176/1176/1176
f 1177/1177/1177 1178/1178/1178 1179/1179/1179
f 1180/1180/1180 1181/1181/1181 1182/1182/1182
f 1183/1183/1183 1184/1184/1184 1185/1185/1185
f 1186/1186/1186 1187/1187/1187 1188/1188/1188
f 1189/1189/1189 1190/1190/1190 1191/1191/1191
f 1192/1192/1192 1193/1193/1193 1194/1194/1194
f 1195/1195/1195 1196/1196/1196 1197/1197/1197
f 1198/1198/1198 1199/1199/1199 1200/1200/1200
f 1201/1201/1201 1202/1202/1202 1203/1203/1203
f 1204/1204/1204 1205/1205/1205 1206/1206/1206
f 1207/1207/1207 1208/1208/1208 1209/1209/1209
f 1210/1210/1210 1211/1211/1211 1212/1212/1212
f 1213/1213/1213 1214/1214/1214 1215/1215/1215
f 1216/1216/1216 1217/1217/1217 1218/1218/1218
f 1219/1219/1219 1220/1220/1220 1221/1221/1221
f 1222/1222/1222 1223/1223/1223 1224/1224/1224
f 1225/1225/1225 1226/1226/1226 1227/1227/1227
f 1228/1228/1228 1229/1229/1229 1230/1230/1230
f 1231/1231/1231 1232/1232/1232 1233/1233/1233
f 1234/1234/1234 1235/1235/1235 1236/1236/1236
f 1237/1237/1237 1238/1238/1238 1239/1239/1239
f 1240/1240/1240 1241/1241/1241 1242/1242/1242
f 1243/1243/1243 1244/1244/1244 1245/1245/1245
f 1246/1246/1246 1247/1247/1247 1248/1248/1248
f 1249/1249/1249 1250/1250/1250 1251/1251/1251
f 1252/1252/1252 1253/1253/1253 1254/1254/1254
f 1255/1255/1255 1256/1256/1256 1257/1257/1257
f 1258/1258/1258 1259/1259/1259 1260/1260/1260
f 1261/1261/1261 1262/1262/1262 1263/1263/1263
f 1264/1264/1264 1265/1265/1265 1266/1266/1266
f 1267/1267/1267 1268/1268/1268 1269/1269/1269
f 1270/1270/1270 1271/1271/1271 1272/1272/1272
f 1273/1273/1273 1274/1274/1274 1275/1275/1275
f 1276/1276/1276 1277/1277/1277 1278/1278/1278
f 1279/1279/1279 1280/1280/1280 1281/1281/1281
f 1282/1282/1282 1283/1283/1283 1284/1284/1284
f 1285/1285/1285 1286/1286/1286 1287/1287/1287
f 1288/1288/1288 1289/1289/1289 1290/1290/1290
f 1291/1291/1291 1292/1292/1292 1293/1293/1293
f 1294/1294/1294 1295/1295/1295 1296/1296/1296
f 1297/1297/1297 1298/1298/1298 1299/1299/1299
f 1300/1300/1300 1301/1301/1301 1302/1302/1302
f 1303/1303/1303 1304/1304/1304 1305/1305/1305
f 1306/1306/1306 1307/1307/1307 1308/1308/1308
f 1309/1309/1309 1310/1310/1310 1311/1311/1311
f 1312/1312/1312 1313/1313/1313 1314/1314/1314
f 1315/1315/1315 1316/1316/1316 1317/1317/1317
f 1318/1318/1318 1319/1319/1319 1320/1320/1320
f 1321/1321/1321 1322/1322/1322 1323/1323/1323
f 1324/1324/1324 1325/1325/1325 1326/1326/1326
f 1327/1327/1327 1328/1328/1328 1329/1329/1329
f 1330/1330/1330 1331/1331/1331 1332/1332/1332
f 1333/1333/1333 1334/1334/1334 1335/1335/1335
f 1336/1336/1336 1337/1337/1337 1338/1338/1338
f 1339/1339/1339 1340/1340/1340 1341/1341/1341
f 1342/1342/1342 1343/1343/1343 1344/1344/1344
f 1345/1345/1345 1346/1346/1346 1347/1347/1347
f 1348/1348/1348 1349/1349/1349 1350/1350/1350
f 1351/1351/1351 1352/1352/1352 1353/1353/1353
f 1354/1354/1354 1355/1355/1355 1356/1356/1356
f 1357/1357/1357 1358/1358/1358 1359/1359/1359
f 1360/1360/1360 1361/1361/1361 1362/1362/1362
f 1363/1363/1363 1364/1364/1364 1365/1365/1365
f 1366/1366/1366 1367/1367/1367 1368/1368/1368
f 1369/1369/1369 1370/1370/1370 1371/1371/1371
f 1372/1372/1372 1373/1373/1373 1374/1374/1374
f 1375/1375/1375 1376/1376/1376 1377/1377/1377
f 1378/1378/1378 1379/1379/1379 1380/1380/1380
f 1381/1381/1381 1382/1382/1382 1383/1383/1383
f 1384/1384/1384 1385/1385/1385 1386/1386/1386
f 1387/1387/1387 1388/1388/1388 1389/1389/1389
f 1390/1390/1390 1391/1391/1391 1392/1392/1392
f 1393/1393/1393 1394/1394/1394 1395/1395/1395
f 1396/1396/1396 1397/1397/1397 1398/1398/1398
f 1399/1399/1399 1400/1400/1400 1401/1401/1401
f 1402/1402/1402 1403/1403/1403 1404/1404/1404
f 1405/1405/1405 1406/1406/1406 1407/1407/1407
f 1408/1408/1408 1409/1409/1409 1410/1410/1410
f 1411/1411/1411 1412/1412/1412 1413/1413/1413
f 1414/1414/1414 1415/1415/1415 1416/1416/1416
f 1417/1417/1417 1418/1418/1418 1419/1419/1419
f 1420/1420/1420 1421/1421/1421 1422/1422/1422
f 1423/1423/1423 1424/1424/1424 1425/1425/1425
f 1426/1426/1426 1427/1427/1427 1428/1428/1428
f 1429/1429/1429 1430/1430/1430 1431/1431/1431
f 1432/1432/1432 1433/1433/1433 1434/1434/1434
f 1435/1435/1435 1436/1436/1436 1437/1437/1437
f 1438/1438/1438 1439/1439/1439 1440/1440/1440
f 1441/1441/1441 1442/1442/1442 1443/1443/1443
f 1444/1444/1444 1445/1445/1445 1446/1446/1446
f 1447/1447/1447 1448/1448/1448 1449/1449/1449
f 1450/1450/1450 1451/1451/1451 1452/1452/1452
f 1453/1453/1453 1454/1454/1454 1455/1455/1455
f 1456/1456/1456 1457/1457/1457 1458/1458/1458
f 1459/1459/1459 1460/1460/1460 1461/1461/1461
f 1462/1462/1462 1463/1463/1463 1464/1464/1464
f 1465/1465/1465 1466/1466/1466 1467/1467/1467
f 1468/1468/1468 1469/1469/1469 1470/1470/1470
f 1471/1471/1471 1472/1472/1472 1473/1473/1473
f 1474/1474/1474 1475/1475/1475 1476/1476/1476
f 1477/1477/1477 1478/1478/1478 1479/1479/1479
f 1480/1480/1480 1481/1481/1481 1482/1482/1482
f 1483/1483/1483 1484/1484/1484 1485/1485/1485
f 1486/1486/1486 1487/1487/1487 1488/1488/1488
f 1489/1489/1489 1490/1490/1490 1491/1491/1491
f 1492/1492/1492 1493/1493/1493 1494/1494/1494
f 1495/1495/1495 1496/1496/1496 1497/1497/1497
f 1498/1498/1498 1499/1499/1499 1500/1500/1500
f 1501/1501/1501 1502/1502/1502 1503/1503/1503
f 1504/1504/1504 1505/1505/1505 1506/1506/1506
f 1507/1507/1507 1508/1508/1508 1509/1509/1509
f 1510/1510/1510 1511/1511/1511 1512/1512/1512
f 1513/1513/1513 1514/1514/1514 1515/1515/1515
f 1516/1516/1516 1517/1517/1517 1518/1518/1518
f 1519/1519/1519 1520/1520/1520 1521/1521/1521
f 1522/1522/1522 1523/1523/1523 1524/1524/1524
f 1525/1525/1525 1526/1526/1526 1527/1527/1527
f 1528/1528/1528 1529/1529/1529 1530/1530/1530
f 1531/1531/1531 1532/1532/1532 1533/1533/1533
f 1534/1534/1534 1535/1535/1535 1536/1536/1536
f 1537/1537/1537 1538/1538/1538 1539/1539/1539
f 1540/1540/1540 1541/1541/1541 1542/1542/1542
f 1543/1543/1543 1544/1544/1544 1545/1545/1545
f 1546/1546/1546 1547/1547/1547 1548/1548/1548
f 1549/1549/1549 1550/1550/1550 1551/1551/1551
f 1552/1552/1552 1553/1553/1553 1554/1554/1554
f 1555/1555/1555 1556/1556/1556 1557/1557/1557
f 1558/1558/1558 1559/1559/1559 1560/1560/1560
f 1561/1561/1561 1562/1562/1562 1563/1563/1563
f 1564/1564/1564 1565/1565/1565 1566/1566/1566
f 1567/1567/1567 1568/1568/1568 1569/1569/1569
f 1570/1570/1570 1571/1571/1571 1572/1572/1572
f 1573/1573/1573 1574/1574/1574 1575/1575/1575
f 1576/1576/1576 1577/1577/1577 1578/1578/1578
f 1579/1579/1579 1580/1580/1580 1581/1581/1581
f 1582/1582/1582 1583/1583/1583 1584/1584/1584
f 1585/1585/1585 1586/1586/1586 1587/1587/1587
f 1588/1588/1588 1589/1589/1589 1590/1590/1590
f 1591/1591/1591 1592/1592/1592 1593/1593/1593
f 1594/1594/1594 1595/1595/1595 1596/1596/1596
f 1597/1597/1597 1598/1598/1598 1599/1599/1599
f 1600/1600/1600 1601/1601/1601 1602/1602/1602
f 1603/1603/1603 1604/1604/1604 1605/1605/1605
f 1606/1606/1606 1607/1607/1607 1608/1608/1608
f 1609/1609/1609 1610/1610/1610 1611/1611/1611
f 1612/1612/1612 1613/1613/1613 1614/1614/1614
f 1615/1615/1615 1616/1616/1616 1617/1617/1617
f 1618/1618/1618 1619/1619/1619 1620/1620/1620
f 1621/1621/1621 1622/1622/1622 1623/1623/1623
f 1624/1624/1624 1625/1625/1625 1626/1626/1626
f 1627/1627/1627 1628/1628/1628 1629/1629/1629
f 1630/1630/1630 1631/1631/1631 1632/1632/1632
f 1633/1633/1633 1634/1634/1634 1635/1635/1635
f 1636/1636/1636 1637/1637/1637 1638/1638/1638
f 1639/1639/1639 1640/1640/1640 1641/1641/1641
f 1642/1642/1642 1643/1643/1643 1644/1644/1644
f 1645/1645/1645 1646/1646/1646 1647/1647/1647
f 1648/1648/1648 1649/1649/1649 1650/1650/1650
f 1651/1651/1651 1652/1652/1652 1653/1653/1653
f 1654/1654/1654 1655/1655/1655 1656/1656/1656
f 1657/1657/1657 1658/1658/1658 1659/1659/1659
f 1660/1660/1660 1661/1661/1661 1662/1662/1662
f 1663/1663/1663 1664/1664/1664 1665/1665/1665
f 1666/1666/1666 1667/1667/1667 1668/1668/1668
f 1669/1669/1669 1670/1670/1670 1671/1671/1671
f 1672/1672/1672 1673/1673/1673 1674/1674/1674
f 1675/1675/1675 1676/1676/1676 1677/1677/1677
f 1678/1678/1678 1679/1679/1679 1680/1680/1680
f 1681/1681/1681 1682/1682/1682 1683/1683/1683
f 1684/1684/1684 1685/1685/1685 1686/1686/1686
f 1687/1687/1687 1688/1688/1688 1689/1689/1689
f 1690/1690/1690 1691/1691/1691 1692/1692/1692
f 1693/1693/1693 1694/1694/1694 1695/1695/1695
f 1696/1696/1696 1697/1697/1697 1698/1698/1698
f 1699/1699/1699 1700/1700/1700 1701/1701/1701
f 1702/1702/1702 1703/1703/1703 1704/1704/1704
f 1705/1705/1705 1706/1706/1706 1707/1707/1707
f 1708/1708/1708 1709/1709/1709 1710/1710/1710
f 1711/1711/1711 1712/1712/1712 1713/1713/1713
f 1714/1714/1714 1715/1715/1715 1716/1716/1716
f 1717/1717/1717 1718/1718/1718 1719/1719/1719
f 1720/1720/1720 1721/1721/1721 1722/1722/1722
f 1723/1723/1723 1724/1724/1724 1725/1725/1725
f 1726/1726/1726 1727/1727/1727 1728/1728/1728
f 1729/1729/1729 1730/1730/1730 1731/1731/1731
f 1732/1732/1732 1733/1733/1733 1734/1734/1734
f 1735/1735/1735 1736/1736/1736 1737/1737/1737
f 1738/1738/1738 1739/1739/1739 1740/1740/1740
f 1741/1741/1741 1742/1742/1742 1743/1743/1743
f 1744/1744/1744 1745/1745/1745 1746/1746/1746
f 1747/1747/1747 1748/1748/1748 1749/1749/1749
f 1750/1750/1750 1751/1751/1751 1752/1752/1752
f 1753/1753/1753 1754/1754/1754 1755/1755/1755
f 1756/1756/1756 1757/1757/1757 1758/1758/1758
f 1759/1759/1759 1760/1760/1760 1761/1761/1761
f 1762/1762/1762 1763/1763/1763 1764/1764/1764
o pedestal
usemtl kuka_orange
v 0 -0.3199999928474426 0.315000005364418
v 0.041768383234739304 -0.31726235151290894 0.315000005364418
v 0.08282209187746048 -0.3090962767601013 0.315000005364418
v 0.12245869636535645 -0.2956414520740509 0.315000005364418
v 0.1599999964237213 -0.277128130197525 0.315000005364418
v 0.1948036551475525 -0.2538730800151825 0.315000005364418
v 0.22627416253089905 -0.22627416253089905 0.315000005364418
v 0.2538730800151825 -0.1948036551475525 0.315000005364418
v 0.277128130197525 -0.1599999964237213 0.315000005364418
v 0.2956414520740509 -0.12245869636535645 0.315000005364418
v 0.3090962767601013 -0.08282209187746048 0.315000005364418
v 0.31726235151290894 -0.041768383234739304 0.315000005364418
v 0.3199999928474426 -1.1327982062923823e-17 0.315000005364418
v 0.31726235151290894 0.041768383234739304 0.315000005364418
v 0.3090962767601013 0.08282209187746048 0.315000005364418
v 0.2956414520740509 0.12245869636535645 0.315000005364418
v 0.277128130197525 0.1599999964237213 0.315000005364418
v 0.2538730800151825 0.1948036551475525 0.315000005364418
v 0.22627416253089905 0.22627416253089905 0.315000005364418
v 0.1948036551475525 0.2538730800151825 0.315000005364418
v 0.1599999964237213 0.277128130197525 0.315000005364418
v 0.12245869636535645 0.2956414520740509 0.315000005364418
v 0.08282209187746048 0.3090962767601013 0.315000005364418
v 0.041768383234739304 0.31726235151290894 0.315000005364418
v 3.91886972974919e-17 0.3199999928474426 0.315000005364418
v -0.041768383234739304 0.31726235151290894 0.315000005364418
v -0.08282209187746048 0.3090962767601013 0.315000005364418
v -0.12245869636535645 0.2956414520740509 0.315000005364418
v -0.1599999964237213 0.277128130197525 0.315000005364418
v -0.1948036551475525 0.2538730800151825 0.315000005364418
v -0.22627416253089905 0.22627416253089905 0.315000005364418
v -0.2538730800151825 0.1948036551475525 0.315000005364418
v -0.277128130197525 0.1599999964237213 0.315000005364418
v -0.2956414520740509 0.12245869636535645 0.315000005364418
v -0.3090962767601013 0.08282209187746048 0.315000005364418
v -0.31726235151290894 0.041768383234739304 0.315000005364418
v -0.3199999928474426 6.70494141864212e-17 0.315000005364418
v -0.31726235151290894 -0.041768383234739304 0.315000005364418
v -0.3090962767601013 -0.08282209187746048 0.315000005364418
v -0.2956414520740509 -0.12245869636535645 0.315000005364418
v -0.277128130197525 -0.1599999964237213 0.315000005364418
v -0.2538730800151825 -0.1948036551475525 0.315000005364418
v -0.22627416253089905 -0.22627416253089905 0.315000005364418
v -0.1948036551475525 -0.2538730800151825 0.315000005364418
v -0.1599999964237213 -0.277128130197525 0.315000005364418
v -0.12245869636535645 -0.2956414520740509 0.315000005364418
v -0.08282209187746048 -0.3090962767601013 0.315000005364418
v -0.041768383234739304 -0.31726235151290894 0.315000005364418
v -7.83773945949838e-17 -0.3199999928474426 0.315000005364418
v 0 -0.3199999928474426 0.044999994635581964
v 0.041768383234739304 -0.31726235151290894 0.044999994635581964
v 0.08282209187746048 -0.3090962767601013 0.044999994635581964
v 0.12245869636535645 -0.2956414520740509 0.044999994635581964
v 0.1599999964237213 -0.277128130197525 0.044999994635581964
v 0.1948036551475525 -0.2538730800151825 0.044999994635581964
v 0.22627416253089905 -0.22627416253089905 0.044999994635581964
v 0.2538730800151825 -0.1948036551475525 0.044999994635581964
v 0.277128130197525 -0.1599999964237213 0.044999994635581964
v 0.2956414520740509 -0.12245869636535645 0.044999994635581964
v 0.3090962767601013 -0.08282209187746048 0.044999994635581964
v 0.31726235151290894 -0.041768383234739304 0.044999994635581964
v 0.3199999928474426 -2.7860713580206854e-17 0.044999994635581964
v 0.31726235151290894 0.041768383234739304 0.044999994635581964
v 0.3090962767601013 0.08282209187746048 0.044999994635581964
v 0.2956414520740509 0.12245869636535645 0.044999994635581964
v 0.277128130197525 0.1599999964237213 0.044999994635581964
v 0.2538730800151825 0.1948036551475525 0.044999994635581964
v 0.22627416253089905 0.22627416253089905 0.044999994635581964
v 0.1948036551475525 0.2538730800151825 0.044999994635581964
v 0.1599999964237213 0.277128130197525 0.044999994635581964
v 0.12245869636535645 0.2956414520740509 0.044999994635581964
v 0.08282209187746048 0.3090962767601013 0.044999994635581964
v 0.041768383234739304 0.31726235151290894 0.044999994635581964
v 3.91886972974919e-17 0.3199999928474426 0.044999994635581964
v -0.041768383234739304 0.31726235151290894 0.044999994635581964
v -0.08282209187746048 0.3090962767601013 0.044999994635581964
v -0.12245869636535645 0.2956414520740509 0.044999994635581964
v -0.1599999964237213 0.277128130197525 0.044999994635581964
v -0.1948036551475525 0.2538730800151825 0.044999994635581964
v -0.22627416253089905 0.22627416253089905 0.044999994635581964
v -0.2538730800151825 0.1948036551475525 0.044999994635581964
v -0.277128130197525 0.1599999964237213 0.044999994635581964
v -0.2956414520740509 0.12245869636535645 0.044999994635581964
v -0.3090962767601013 0.08282209187746048 0.044999994635581964
v -0.31726235151290894 0.041768383234739304 0.044999994635581964
v -0.3199999928474426 5.051668101477695e-17 0.044999994635581964
v -0.31726235151290894 -0.041768383234739304 0.044999994635581964
v -0.3090962767601013 -0.08282209187746048 0.044999994635581964
v -0.2956414520740509 -0.12245869636535645 0.044999994635581964
v -0.277128130197525 -0.1599999964237213 0.044999994635581964
v -0.2538730800151825 -0.1948036551475525 0.044999994635581964
v -0.22627416253089905 -0.22627416253089905 0.044999994635581964
v -0.1948036551475525 -0.2538730800151825 0.044999994635581964
v -0.1599999964237213 -0.277128130197525 0.044999994635581964
v -0.12245869636535645 -0.2956414520740509 0.044999994635581964
v -0.08282209187746048 -0.3090962767601013 0.044999994635581964
v -0.041768383234739304 -0.31726235151290894 0.044999994635581964
v -7.83773945949838e-17 -0.3199999928474426 0.044999994635581964
v 0 8.266366585822128e-18 0.315000005364418
v 0 8.266366585822128e-18 0.315000005364418
v 0 8.266366585822128e-18 0.315000005364418
v 0 8.266366585822128e-18 0.315000005364418
v 0 8.266366585822128e-18 0.315000005364418
v 0 8.266366585822128e-18 0.315000005364418
v 0 8.266366585822128e-18 0.315000005364418
v 0 8.266366585822128e-18 0.315000005364418
v 0 8.266366585822128e-18 0.315000005364418
v 0 8.266366585822128e-18 0.315000005364418
v 0 8.266366585822128e-18 0.315000005364418
v 0 8.266366585822128e-18 0.315000005364418
v 0 8.266366585822128e-18 0.315000005364418
v 0 8.266366585822128e-18 0.315000005364418
v 0 8.266366585822128e-18 0.315000005364418
v 0 8.266366585822128e-18 0.315000005364418
v 0 8.266366585822128e-18 0.315000005364418
v 0 8.266366585822128e-18 0.315000005364418
v 0 8.266366585822128e-18 0.315000005364418
v 0 8.266366585822128e-18 0.315000005364418
v 0 8.266366585822128e-18 0.315000005364418
v 0 8.266366585822128e-18 0.315000005364418
v 0 8.266366585822128e-18 0.315000005364418
v 0 8.266366585822128e-18 0.315000005364418
v 0 8.266366585822128e-18 0.315000005364418
v 0 8.266366585822128e-18 0.315000005364418
v 0 8.266366585822128e-18 0.315000005364418
v 0 8.266366585822128e-18 0.315000005364418
v 0 8.266366585822128e-18 0.315000005364418
v 0 8.266366585822128e-18 0.315000005364418
v 0 8.266366585822128e-18 0.315000005364418
v 0 8.266366585822128e-18 0.315000005364418
v 0 8.266366585822128e-18 0.315000005364418
v 0 8.266366585822128e-18 0.315000005364418
v 0 8.266366585822128e-18 0.315000005364418
v 0 8.266366585822128e-18 0.315000005364418
v 0 8.266366585822128e-18 0.315000005364418
v 0 8.266366585822128e-18 0.315000005364418
v 0 8.266366585822128e-18 0.315000005364418
v 0 8.266366585822128e-18 0.315000005364418
v 0 8.266366585822128e-18 0.315000005364418
v 0 8.266366585822128e-18 0.315000005364418
v 0 8.266366585822128e-18 0.315000005364418
v 0 8.266366585822128e-18 0.315000005364418
v 0 8.266366585822128e-18 0.315000005364418
v 0 8.266366585822128e-18 0.315000005364418
v 0 8.266366585822128e-18 0.315000005364418
v 0 8.266366585822128e-18 0.315000005364418
v 0 -0.3199999928474426 0.315000005364418
v 0.041768383234739304 -0.31726235151290894 0.315000005364418
v 0.08282209187746048 -0.3090962767601013 0.315000005364418
v 0.12245869636535645 -0.2956414520740509 0.315000005364418
v 0.1599999964237213 -0.277128130197525 0.315000005364418
v 0.1948036551475525 -0.2538730800151825 0.315000005364418
v 0.22627416253089905 -0.22627416253089905 0.315000005364418
v 0.2538730800151825 -0.1948036551475525 0.315000005364418
v 0.277128130197525 -0.1599999964237213 0.315000005364418
v 0.2956414520740509 -0.12245869636535645 0.315000005364418
v 0.3090962767601013 -0.08282209187746048 0.315000005364418
v 0.31726235151290894 -0.041768383234739304 0.315000005364418
v 0.3199999928474426 -1.1327982062923823e-17 0.315000005364418
v 0.31726235151290894 0.041768383234739304 0.315000005364418
v 0.3090962767601013 0.08282209187746048 0.315000005364418
v 0.2956414520740509 0.12245869636535645 0.315000005364418
v 0.277128130197525 0.1599999964237213 0.315000005364418
v 0.2538730800151825 0.1948036551475525 0.315000005364418
v 0.22627416253089905 0.22627416253089905 0.315000005364418
v 0.1948036551475525 0.2538730800151825 0.315000005364418
v 0.1599999964237213 0.277128130197525 0.315000005364418
v 0.12245869636535645 0.2956414520740509 0.315000005364418
v 0.08282209187746048 0.3090962767601013 0.315000005364418
v 0.041768383234739304 0.31726235151290894 0.315000005364418
v 3.91886972974919e-17 0.3199999928474426 0.315000005364418
v -0.041768383234739304 0.31726235151290894 0.315000005364418
v -0.08282209187746048 0.3090962767601013 0.315000005364418
v -0.12245869636535645 0.2956414520740509 0.315000005364418
v -0.1599999964237213 0.277128130197525 0.315000005364418
v -0.1948036551475525 0.2538730800151825 0.315000005364418
v -0.22627416253089905 0.22627416253089905 0.315000005364418
v -0.2538730800151825 0.1948036551475525 0.315000005364418
v -0.277128130197525 0.1599999964237213 0.315000005364418
v -0.2956414520740509 0.12245869636535645 0.315000005364418
v -0.3090962767601013 0.08282209187746048 0.315000005364418
v -0.31726235151290894 0.041768383234739304 0.315000005364418
v -0.3199999928474426 6.70494141864212e-17 0.315000005364418
v -0.31726235151290894 -0.041768383234739304 0.315000005364418
v -0.3090962767601013 -0.08282209187746048 0.315000005364418
v -0.2956414520740509 -0.12245869636535645 0.315000005364418
v -0.277128130197525 -0.1599999964237213 0.315000005364418
v -0.2538730800151825 -0.1948036551475525 0.315000005364418
v -0.22627416253089905 -0.22627416253089905 0.315000005364418
v -0.1948036551475525 -0.2538730800151825 0.315000005364418
v -0.1599999964237213 -0.277128130197525 0.315000005364418
v -0.12245869636535645 -0.2956414520740509 0.315000005364418
v -0.08282209187746048 -0.3090962767601013 0.315000005364418
v -0.041768383234739304 -0.31726235151290894 0.315000005364418
v -7.83773945949838e-17 -0.3199999928474426 0.315000005364418
v 0 -8.266366585822128e-18 0.044999994635581964
v 0 -8.266366585822128e-18 0.044999994635581964
v 0 -8.266366585822128e-18 0.044999994635581964
v 0 -8.266366585822128e-18 0.044999994635581964
v 0 -8.266366585822128e-18 0.044999994635581964
v 0 -8.266366585822128e-18 0.044999994635581964
v 0 -8.266366585822128e-18 0.044999994635581964
v 0 -8.266366585822128e-18 0.044999994635581964
v 0 -8.266366585822128e-18 0.044999994635581964
v 0 -8.266366585822128e-18 0.044999994635581964
v 0 -8.266366585822128e-18 0.044999994635581964
v 0 -8.266366585822128e-18 0.044999994635581964
v 0 -8.266366585822128e-18 0.044999994635581964
v 0 -8.266366585822128e-18 0.044999994635581964
v 0 -8.266366585822128e-18 0.044999994635581964
v 0 -8.266366585822128e-18 0.044999994635581964
v 0 -8.266366585822128e-18 0.044999994635581964
v 0 -8.266366585822128e-18 0.044999994635581964
v 0 -8.266366585822128e-18 0.044999994635581964
v 0 -8.266366585822128e-18 0.044999994635581964
v 0 -8.266366585822128e-18 0.044999994635581964
v 0 -8.266366585822128e-18 0.044999994635581964
v 0 -8.266366585822128e-18 0.044999994635581964
v 0 -8.266366585822128e-18 0.044999994635581964
v 0 -8.266366585822128e-18 0.044999994635581964
v 0 -8.266366585822128e-18 0.044999994635581964
v 0 -8.266366585822128e-18 0.044999994635581964
v 0 -8.266366585822128e-18 0.044999994635581964
v 0 -8.266366585822128e-18 0.044999994635581964
v 0 -8.266366585822128e-18 0.044999994635581964
v 0 -8.266366585822128e-18 0.044999994635581964
v 0 -8.266366585822128e-18 0.044999994635581964
v 0 -8.266366585822128e-18 0.044999994635581964
v 0 -8.266366585822128e-18 0.044999994635581964
v 0 -8.266366585822128e-18 0.044999994635581964
v 0 -8.266366585822128e-18 0.044999994635581964
v 0 -8.266366585822128e-18 0.044999994635581964
v 0 -8.266366585822128e-18 0.044999994635581964
v 0 -8.266366585822128e-18 0.044999994635581964
v 0 -8.266366585822128e-18 0.044999994635581964
v 0 -8.266366585822128e-18 0.044999994635581964
v 0 -8.266366585822128e-18 0.044999994635581964
v 0 -8.266366585822128e-18 0.044999994635581964
v 0 -8.266366585822128e-18 0.044999994635581964
v 0 -8.266366585822128e-18 0.044999994635581964
v 0 -8.266366585822128e-18 0.044999994635581964
v 0 -8.266366585822128e-18 0.044999994635581964
v 0 -8.266366585822128e-18 0.044999994635581964
v 0 -0.3199999928474426 0.044999994635581964
v 0.041768383234739304 -0.31726235151290894 0.044999994635581964
v 0.08282209187746048 -0.3090962767601013 0.044999994635581964
v 0.12245869636535645 -0.2956414520740509 0.044999994635581964
v 0.1599999964237213 -0.277128130197525 0.044999994635581964
v 0.1948036551475525 -0.2538730800151825 0.044999994635581964
v 0.22627416253089905 -0.22627416253089905 0.044999994635581964
v 0.2538730800151825 -0.1948036551475525 0.044999994635581964
v 0.277128130197525 -0.1599999964237213 0.044999994635581964
v 0.2956414520740509 -0.12245869636535645 0.044999994635581964
v 0.3090962767601013 -0.08282209187746048 0.044999994635581964
v 0.31726235151290894 -0.041768383234739304 0.044999994635581964
v 0.3199999928474426 -2.7860713580206854e-17 0.044999994635581964
v 0.31726235151290894 0.041768383234739304 0.044999994635581964
v 0.3090962767601013 0.08282209187746048 0.044999994635581964
v 0.2956414520740509 0.12245869636535645 0.044999994635581964
v 0.277128130197525 0.1599999964237213 0.044999994635581964
v 0.2538730800151825 0.1948036551475525 0.044999994635581964
v 0.22627416253089905 0.22627416253089905 0.044999994635581964
v 0.1948036551475525 0.2538730800151825 0.044999994635581964
v 0.1599999964237213 0.277128130197525 0.044999994635581964
v 0.12245869636535645 0.2956414520740509 0.044999994635581964
v 0.08282209187746048 0.3090962767601013 0.044999994635581964
v 0.041768383234739304 0.31726235151290894 0.044999994635581964
v 3.91886972974919e-17 0.3199999928474426 0.044999994635581964
v -0.041768383234739304 0.31726235151290894 0.044999994635581964
v -0.08282209187746048 0.3090962767601013 0.044999994635581964
v -0.12245869636535645 0.2956414520740509 0.044999994635581964
v -0.1599999964237213 0.277128130197525 0.044999994635581964
v -0.1948036551475525 0.2538730800151825 0.044999994635581964
v -0.22627416253089905 0.22627416253089905 0.044999994635581964
v -0.2538730800151825 0.1948036551475525 0.044999994635581964
v -0.277128130197525 0.1599999964237213 0.044999994635581964
v -0.2956414520740509 0.12245869636535645 0.044999994635581964
v -0.3090962767601013 0.08282209187746048 0.044999994635581964
v -0.31726235151290894 0.041768383234739304 0.044999994635581964
v -0.3199999928474426 5.051668101477695e-17 0.044999994635581964
v -0.31726235151290894 -0.041768383234739304 0.044999994635581964
v -0.3090962767601013 -0.08282209187746048 0.044999994635581964
v -0.2956414520740509 -0.12245869636535645 0.044999994635581964
v -0.277128130197525 -0.1599999964237213 0.044999994635581964
v -0.2538730800151825 -0.1948036551475525 0.044999994635581964
v -0.22627416253089905 -0.22627416253089905 0.044999994635581964
v -0.1948036551475525 -0.2538730800151825 0.044999994635581964
v -0.1599999964237213 -0.277128130197525 0.044999994635581964
v -0.12245869636535645 -0.2956414520740509 0.044999994635581964
v -0.08282209187746048 -0.3090962767601013 0.044999994635581964
v -0.041768383234739304 -0.31726235151290894 0.044999994635581964
v -7.83773945949838e-17 -0.3199999928474426 0.044999994635581964
vt 0 1
vt 0.02083333395421505 1
vt 0.0416666679084301 1
vt 0.0625 1
vt 0.0833333358168602 1
vt 0.1041666641831398 1
vt 0.125 1
vt 0.1458333283662796 1
vt 0.1666666716337204 1
vt 0.1875 1
vt 0.2083333283662796 1
vt 0.2291666716337204 1
vt 0.25 1
vt 0.2708333432674408 1
vt 0.2916666567325592 1
vt 0.3125 1
vt 0.3333333432674408 1
vt 0.3541666567325592 1
vt 0.375 1
vt 0.3958333432674408 1
vt 0.4166666567325592 1
vt 0.4375 1
vt 0.4583333432674408 1
vt 0.4791666567325592 1
vt 0.5 1
vt 0.5208333134651184 1
vt 0.5416666865348816 1
vt 0.5625 1
vt 0.5833333134651184 1
vt 0.6041666865348816 1
vt 0.625 1
vt 0.6458333134651184 1
vt 0.6666666865348816 1
vt 0.6875 1
vt 0.7083333134651184 1
vt 0.7291666865348816 1
vt 0.75 1
vt 0.7708333134651184 1
vt 0.7916666865348816 1
vt 0.8125 1
vt 0.8333333134651184 1
vt 0.8541666865348816 1
vt 0.875 1
vt 0.8958333134651184 1
vt 0.9166666865348816 1
vt 0.9375 1
vt 0.9583333134651184 1
vt 0.9791666865348816 1
vt 1 1
vt 0 0
vt 0.02083333395421505 0
vt 0.0416666679084301 0
vt 0.0625 0
vt 0.0833333358168602 0
vt 0.1041666641831398 0
vt 0.125 0
vt 0.1458333283662796 0
vt 0.1666666716337204 0
vt 0.1875 0
vt 0.2083333283662796 0
vt 0.2291666716337204 0
vt 0.25 0
vt 0.2708333432674408 0
vt 0.2916666567325592 0
vt 0.3125 0
vt 0.3333333432674408 0
vt 0.3541666567325592 0
vt 0.375 0
vt 0.3958333432674408 0
vt 0.4166666567325592 0
vt 0.4375 0
vt 0.4583333432674408 0
vt 0.4791666567325592 0
vt 0.5 0
vt 0.5208333134651184 0
vt 0.5416666865348816 0
vt 0.5625 0
vt 0.5833333134651184 0
vt 0.6041666865348816 0
vt 0.625 0
vt 0.6458333134651184 0
vt 0.6666666865348816 0
vt 0.6875 0
vt 0.7083333134651184 0
vt 0.7291666865348816 0
vt 0.75 0
vt 0.7708333134651184 0
vt 0.7916666865348816 0
vt 0.8125 0
vt 0.8333333134651184 0
vt 0.8541666865348816 0
vt 0.875 0
vt 0.8958333134651184 0
vt 0.9166666865348816 0
vt 0.9375 0
vt 0.9583333134651184 0
vt 0.9791666865348816 0
vt 1 0
vt 0.5 0.5
vt 0.5 0.5
vt 0.5 0.5
vt 0.5 0.5
vt 0.5 0.5
vt 0.5 0.5
vt 0.5 0.5
vt 0.5 0.5
vt 0.5 0.5
vt 0.5 0.5
vt 0.5 0.5
vt 0.5 0.5
vt 0.5 0.5
vt 0.5 0.5
vt 0.5 0.5
vt 0.5 0.5
vt 0.5 0.5
vt 0.5 0.5
vt 0.5 0.5
vt 0.5 0.5
vt 0.5 0.5
vt 0.5 0.5
vt 0.5 0.5
vt 0.5 0.5
vt 0.5 0.5
vt 0.5 0.5
vt 0.5 0.5
vt 0.5 0.5
vt 0.5 0.5
vt 0.5 0.5
vt 0.5 0.5
vt 0.5 0.5
vt 0.5 0.5
vt 0.5 0.5
vt 0.5 0.5
vt 0.5 0.5
vt 0.5 0.5
vt 0.5 0.5
vt 0.5 0.5
vt 0.5 0.5
vt 0.5 0.5
vt 0.5 0.5
vt 0.5 0.5
vt 0.5 0.5
vt 0.5 0.5
vt 0.5 0.5
vt 0.5 0.5
vt 0.5 0.5
vt 1 0.5
vt 0.9957224130630493 0.5652630925178528
vt 0.9829629063606262 0.6294095516204834
vt 0.9619397521018982 0.6913416981697083
vt 0.9330127239227295 0.75
vt 0.8966766595840454 0.8043807148933411
vt 0.8535534143447876 0.8535534143447876
vt 0.8043807148933411 0.8966766595840454
vt 0.75 0.9330127239227295
vt 0.6913416981697083 0.9619397521018982
vt 0.6294095516204834 0.9829629063606262
vt 0.5652630925178528 0.9957224130630493
vt 0.5 1
vt 0.4347369074821472 0.9957224130630493
vt 0.370590478181839 0.9829629063606262
vt 0.30865827202796936 0.9619397521018982
vt 0.25 0.9330127239227295
vt 0.19561928510665894 0.8966766595840454
vt 0.1464466154575348 0.8535534143447876
vt 0.10332333296537399 0.8043807148933411
vt 0.0669872984290123 0.75
vt 0.03806023299694061 0.6913416981697083
vt 0.017037086188793182 0.6294095516204834
vt 0.004277569241821766 0.5652630925178528
vt 0 0.5
vt 0.004277569241821766 0.4347369074821472
vt 0.017037086188793182 0.370590478181839
vt 0.03806023299694061 0.30865827202796936
vt 0.0669872984290123 0.25
vt 0.10332333296537399 0.19561928510665894
vt 0.1464466154575348 0.1464466154575348
vt 0.19561928510665894 0.10332333296537399
vt 0.25 0.0669872984290123
vt 0.30865827202796936 0.03806023299694061
vt 0.370590478181839 0.017037086188793182
vt 0.4347369074821472 0.004277569241821766
vt 0.5 0
vt 0.5652630925178528 0.004277569241821766
vt 0.6294095516204834 0.017037086188793182
vt 0.6913416981697083 0.03806023299694061
vt 0.75 0.0669872984290123
vt 0.8043807148933411 0.10332333296537399
vt 0.8535534143447876 0.1464466154575348
vt 0.8966766595840454 0.19561928510665894
vt 0.9330127239227295 0.25
vt 0.9619397521018982 0.30865827202796936
vt 0.9829629063606262 0.370590478181839
vt 0.9957224130630493 0.4347369074821472
vt 1 0.5
vt 0.5 0.5
vt 0.5 0.5
vt 0.5 0.5
vt 0.5 0.5
vt 0.5 0.5
vt 0.5 0.5
vt 0.5 0.5
vt 0.5 0.5
vt 0.5 0.5
vt 0.5 0.5
vt 0.5 0.5
vt 0.5 0.5
vt 0.5 0.5
vt 0.5 0.5
vt 0.5 0.5
vt 0.5 0.5
vt 0.5 0.5
vt 0.5 0.5
vt 0.5 0.5
vt 0.5 0.5
vt 0.5 0.5
vt 0.5 0.5
vt 0.5 0.5
vt 0.5 0.5
vt 0.5 0.5
vt 0.5 0.5
vt 0.5 0.5
vt 0.5 0.5
vt 0.5 0.5
vt 0.5 0.5
vt 0.5 0.5
vt 0.5 0.5
vt 0.5 0.5
vt 0.5 0.5
vt 0.5 0.5
vt 0.5 0.5
vt 0.5 0.5
vt 0.5 0.5
vt 0.5 0.5
vt 0.5 0.5
vt 0.5 0.5
vt 0.5 0.5
vt 0.5 0.5
vt 0.5 0.5
vt 0.5 0.5
vt 0.5 0.5
vt 0.5 0.5
vt 0.5 0.5
vt 1 0.5
vt 0.9957224130630493 0.4347369074821472
vt 0.9829629063606262 0.370590478181839
vt 0.9619397521018982 0.30865827202796936
vt 0.9330127239227295 0.25
vt 0.8966766595840454 0.19561928510665894
vt 0.8535534143447876 0.1464466154575348
vt 0.8043807148933411 0.10332333296537399
vt 0.75 0.0669872984290123
vt 0.6913416981697083 0.03806023299694061
vt 0.6294095516204834 0.017037086188793182
vt 0.5652630925178528 0.004277569241821766
vt 0.5 0
vt 0.4347369074821472 0.004277569241821766
vt 0.370590478181839 0.017037086188793182
vt 0.30865827202796936 0.03806023299694061
vt 0.25 0.0669872984290123
vt 0.19561928510665894 0.10332333296537399
vt 0.1464466154575348 0.1464466154575348
vt 0.10332333296537399 0.19561928510665894
vt 0.0669872984290123 0.25
vt 0.03806023299694061 0.30865827202796936
vt 0.017037086188793182 0.370590478181839
vt 0.004277569241821766 0.4347369074821472
vt 0 0.5
vt 0.004277569241821766 0.5652630925178528
vt 0.017037086188793182 0.6294095516204834
vt 0.03806023299694061 0.6913416981697083
vt 0.0669872984290123 0.75
vt 0.10332333296537399 0.8043807148933411
vt 0.1464466154575348 0.8535534143447876
vt 0.19561928510665894 0.8966766595840454
vt 0.25 0.9330127239227295
vt 0.30865827202796936 0.9619397521018982
vt 0.370590478181839 0.9829629063606262
vt 0.4347369074821472 0.9957224130630493
vt 0.5 1
vt 0.5652630925178528 0.9957224130630493
vt 0.6294095516204834 0.9829629063606262
vt 0.6913416981697083 0.9619397521018982
vt 0.75 0.9330127239227295
vt 0.8043807148933411 0.8966766595840454
vt 0.8535534143447876 0.8535534143447876
vt 0.8966766595840454 0.8043807148933411
vt 0.9330127239227295 0.75
vt 0.9619397521018982 0.6913416981697083
vt 0.9829629063606262 0.6294095516204834
vt 0.9957224130630493 0.5652630925178528
vt 1 0.5
vn 0 -1 6.123234262925839e-17
vn 0.13052618200608704 -0.9914448627185043 6.070848442951297e-17
vn 0.2588190471264927 -0.9659258257467466 5.914589613696059e-17
vn 0.3826834370613369 -0.9238795305660377 5.657130722319695e-17
vn 0.5000000067305869 -0.8660253998985324 5.302876307448087e-17
vn 0.6087614397000725 -0.7933533320874723 4.85788821807799e-17
vn 0.7071067811865476 -0.7071067811865476 4.329780375814312e-17
vn 0.7933533320874723 -0.6087614397000725 3.7275889060097443e-17
vn 0.8660253998985324 -0.5000000067305869 3.06161717267588e-17
vn 0.9238795305660377 -0.3826834370613369 2.3432603017245014e-17
vn 0.9659258257467466 -0.2588190471264927 1.5848095844680132e-17
vn 0.9914448627185043 -0.13052618200608704 7.992423206588031e-18
vn 1 -6.123234262925839e-17 3.74939976039497e-33
vn 0.9914448627185043 0.13052618200608704 -7.992423206588031e-18
vn 0.9659258257467466 0.2588190471264927 -1.5848095844680132e-17
vn 0.9238795305660377 0.3826834370613369 -2.3432603017245014e-17
vn 0.8660253998985324 0.5000000067305869 -3.06161717267588e-17
vn 0.7933533320874723 0.6087614397000725 -3.7275889060097443e-17
vn 0.7071067811865476 0.7071067811865476 -4.329780375814312e-17
vn 0.6087614397000725 0.7933533320874723 -4.85788821807799e-17
vn 0.5000000067305869 0.8660253998985324 -5.302876307448087e-17
vn 0.3826834370613369 0.9238795305660377 -5.657130722319695e-17
vn 0.2588190471264927 0.9659258257467466 -5.914589613696059e-17
vn 0.13052618200608704 0.9914448627185043 -6.070848442951297e-17
vn 1.2246468525851679e-16 1 -6.123234262925839e-17
vn -0.13052618200608704 0.9914448627185043 -6.070848442951297e-17
vn -0.2588190471264927 0.9659258257467466 -5.914589613696059e-17
vn -0.3826834370613369 0.9238795305660377 -5.657130722319695e-17
vn -0.5000000067305869 0.8660253998985324 -5.302876307448087e-17
vn -0.6087614397000725 0.7933533320874723 -4.85788821807799e-17
vn -0.7071067811865476 0.7071067811865476 -4.329780375814312e-17
vn -0.7933533320874723 0.6087614397000725 -3.7275889060097443e-17
vn -0.8660253998985324 0.5000000067305869 -3.06161717267588e-17
vn -0.9238795305660377 0.3826834370613369 -2.3432603017245014e-17
vn -0.9659258257467466 0.2588190471264927 -1.5848095844680132e-17
vn -0.9914448627185043 0.13052618200608704 -7.992423206588031e-18
vn -1 1.8369701465288538e-16 -1.1248198179158957e-32
vn -0.9914448627185043 -0.13052618200608704 7.992423206588031e-18
vn -0.9659258257467466 -0.2588190471264927 1.5848095844680132e-17
vn -0.9238795305660377 -0.3826834370613369 2.3432603017245014e-17
vn -0.8660253998985324 -0.5000000067305869 3.06161717267588e-17
vn -0.7933533320874723 -0.6087614397000725 3.7275889060097443e-17
vn -0.7071067811865476 -0.7071067811865476 4.329780375814312e-17
vn -0.6087614397000725 -0.7933533320874723 4.85788821807799e-17
vn -0.5000000067305869 -0.8660253998985324 5.302876307448087e-17
vn -0.3826834370613369 -0.9238795305660377 5.657130722319695e-17
vn -0.2588190471264927 -0.9659258257467466 5.914589613696059e-17
vn -0.13052618200608704 -0.9914448627185043 6.070848442951297e-17
vn -2.4492937051703357e-16 -1 6.123234262925839e-17
vn 0 -1 6.123234262925839e-17
vn 0.13052618200608704 -0.9914448627185043 6.070848442951297e-17
vn 0.2588190471264927 -0.9659258257467466 5.914589613696059e-17
vn 0.3826834370613369 -0.9238795305660377 5.657130722319695e-17
vn 0.5000000067305869 -0.8660253998985324 5.302876307448087e-17
vn 0.6087614397000725 -0.7933533320874723 4.85788821807799e-17
vn 0.7071067811865476 -0.7071067811865476 4.329780375814312e-17
vn 0.7933533320874723 -0.6087614397000725 3.7275889060097443e-17
vn 0.8660253998985324 -0.5000000067305869 3.06161717267588e-17
vn 0.9238795305660377 -0.3826834370613369 2.3432603017245014e-17
vn 0.9659258257467466 -0.2588190471264927 1.5848095844680132e-17
vn 0.9914448627185043 -0.13052618200608704 7.992423206588031e-18
vn 1 -6.123234262925839e-17 3.74939976039497e-33
vn 0.9914448627185043 0.13052618200608704 -7.992423206588031e-18
vn 0.9659258257467466 0.2588190471264927 -1.5848095844680132e-17
vn 0.9238795305660377 0.3826834370613369 -2.3432603017245014e-17
vn 0.8660253998985324 0.5000000067305869 -3.06161717267588e-17
vn 0.7933533320874723 0.6087614397000725 -3.7275889060097443e-17
vn 0.7071067811865476 0.7071067811865476 -4.329780375814312e-17
vn 0.6087614397000725 0.7933533320874723 -4.85788821807799e-17
vn 0.5000000067305869 0.8660253998985324 -5.302876307448087e-17
vn 0.3826834370613369 0.9238795305660377 -5.657130722319695e-17
vn 0.2588190471264927 0.9659258257467466 -5.914589613696059e-17
vn 0.13052618200608704 0.9914448627185043 -6.070848442951297e-17
vn 1.2246468525851679e-16 1 -6.123234262925839e-17
vn -0.13052618200608704 0.9914448627185043 -6.070848442951297e-17
vn -0.2588190471264927 0.9659258257467466 -5.914589613696059e-17
vn -0.3826834370613369 0.9238795305660377 -5.657130722319695e-17
vn -0.5000000067305869 0.8660253998985324 -5.302876307448087e-17
vn -0.6087614397000725 0.7933533320874723 -4.85788821807799e-17
vn -0.7071067811865476 0.7071067811865476 -4.329780375814312e-17
vn -0.7933533320874723 0.6087614397000725 -3.7275889060097443e-17
vn -0.8660253998985324 0.5000000067305869 -3.06161717267588e-17
vn -0.9238795305660377 0.3826834370613369 -2.3432603017245014e-17
vn -0.9659258257467466 0.2588190471264927 -1.5848095844680132e-17
vn -0.9914448627185043 0.13052618200608704 -7.992423206588031e-18
vn -1 1.8369701465288538e-16 -1.1248198179158957e-32
vn -0.9914448627185043 -0.13052618200608704 7.992423206588031e-18
vn -0.9659258257467466 -0.2588190471264927 1.5848095844680132e-17
vn -0.9238795305660377 -0.3826834370613369 2.3432603017245014e-17
vn -0.8660253998985324 -0.5000000067305869 3.06161717267588e-17
vn -0.7933533320874723 -0.6087614397000725 3.7275889060097443e-17
vn -0.7071067811865476 -0.7071067811865476 4.329780375814312e-17
vn -0.6087614397000725 -0.7933533320874723 4.85788821807799e-17
vn -0.5000000067305869 -0.8660253998985324 5.302876307448087e-17
vn -0.3826834370613369 -0.9238795305660377 5.657130722319695e-17
vn -0.2588190471264927 -0.9659258257467466 5.914589613696059e-17
vn -0.13052618200608704 -0.9914448627185043 6.070848442951297e-17
vn -2.4492937051703357e-16 -1 6.123234262925839e-17
vn 0 6.123234262925839e-17 1
vn 0 6.123234262925839e-17 1
vn 0 6.123234262925839e-17 1
vn 0 6.123234262925839e-17 1
vn 0 6.123234262925839e-17 1
vn 0 6.123234262925839e-17 1
vn 0 6.123234262925839e-17 1
vn 0 6.123234262925839e-17 1
vn 0 6.123234262925839e-17 1
vn 0 6.123234262925839e-17 1
vn 0 6.123234262925839e-17 1
vn 0 6.123234262925839e-17 1
vn 0 6.123234262925839e-17 1
vn 0 6.123234262925839e-17 1
vn 0 6.123234262925839e-17 1
vn 0 6.123234262925839e-17 1
vn 0 6.123234262925839e-17 1
vn 0 6.123234262925839e-17 1
vn 0 6.123234262925839e-17 1
vn 0 6.123234262925839e-17 1
vn 0 6.123234262925839e-17 1
vn 0 6.123234262925839e-17 1
vn 0 6.123234262925839e-17 1
vn 0 6.123234262925839e-17 1
vn 0 6.123234262925839e-17 1
vn 0 6.123234262925839e-17 1
vn 0 6.123234262925839e-17 1
vn 0 6.123234262925839e-17 1
vn 0 6.123234262925839e-17 1
vn 0 6.123234262925839e-17 1
vn 0 6.123234262925839e-17 1
vn 0 6.123234262925839e-17 1
vn 0 6.123234262925839e-17 1
vn 0 6.123234262925839e-17 1
vn 0 6.123234262925839e-17 1
vn 0 6.123234262925839e-17 1
vn 0 6.123234262925839e-17 1
vn 0 6.123234262925839e-17 1
vn 0 6.123234262925839e-17 1
vn 0 6.123234262925839e-17 1
vn 0 6.123234262925839e-17 1
vn 0 6.123234262925839e-17 1
vn 0 6.123234262925839e-17 1
vn 0 6.123234262925839e-17 1
vn 0 6.123234262925839e-17 1
vn 0 6.123234262925839e-17 1
vn 0 6.123234262925839e-17 1
vn 0 6.123234262925839e-17 1
vn 0 6.123234262925839e-17 1
vn 0 6.123234262925839e-17 1
vn 0 6.123234262925839e-17 1
vn 0 6.123234262925839e-17 1
vn 0 6.123234262925839e-17 1
vn 0 6.123234262925839e-17 1
vn 0 6.123234262925839e-17 1
vn 0 6.123234262925839e-17 1
vn 0 6.123234262925839e-17 1
vn 0 6.123234262925839e-17 1
vn 0 6.123234262925839e-17 1
vn 0 6.123234262925839e-17 1
vn 0 6.123234262925839e-17 1
vn 0 6.123234262925839e-17 1
vn 0 6.123234262925839e-17 1
vn 0 6.123234262925839e-17 1
vn 0 6.123234262925839e-17 1
vn 0 6.123234262925839e-17 1
vn 0 6.123234262925839e-17 1
vn 0 6.123234262925839e-17 1
vn 0 6.123234262925839e-17 1
vn 0 6.123234262925839e-17 1
vn 0 6.123234262925839e-17 1
vn 0 6.123234262925839e-17 1
vn 0 6.123234262925839e-17 1
vn 0 6.123234262925839e-17 1
vn 0 6.123234262925839e-17 1
vn 0 6.123234262925839e-17 1
vn 0 6.123234262925839e-17 1
vn 0 6.123234262925839e-17 1
vn 0 6.123234262925839e-17 1
vn 0 6.123234262925839e-17 1
vn 0 6.123234262925839e-17 1
vn 0 6.123234262925839e-17 1
vn 0 6.123234262925839e-17 1
vn 0 6.123234262925839e-17 1
vn 0 6.123234262925839e-17 1
vn 0 6.123234262925839e-17 1
vn 0 6.123234262925839e-17 1
vn 0 6.123234262925839e-17 1
vn 0 6.123234262925839e-17 1
vn 0 6.123234262925839e-17 1
vn 0 6.123234262925839e-17 1
vn 0 6.123234262925839e-17 1
vn 0 6.123234262925839e-17 1
vn 0 6.123234262925839e-17 1
vn 0 6.123234262925839e-17 1
vn 0 6.123234262925839e-17 1
vn 0 6.123234262925839e-17 1
vn 0 -6.123234262925839e-17 -1
vn 0 -6.123234262925839e-17 -1
vn 0 -6.123234262925839e-17 -1
vn 0 -6.123234262925839e-17 -1
vn 0 -6.123234262925839e-17 -1
vn 0 -6.123234262925839e-17 -1
vn 0 -6.123234262925839e-17 -1
vn 0 -6.123234262925839e-17 -1
vn 0 -6.123234262925839e-17 -1
vn 0 -6.123234262925839e-17 -1
vn 0 -6.123234262925839e-17 -1
vn 0 -6.123234262925839e-17 -1
vn 0 -6.123234262925839e-17 -1
vn 0 -6.123234262925839e-17 -1
vn 0 -6.123234262925839e-17 -1
vn 0 -6.123234262925839e-17 -1
vn 0 -6.123234262925839e-17 -1
vn 0 -6.123234262925839e-17 -1
vn 0 -6.123234262925839e-17 -1
vn 0 -6.123234262925839e-17 -1
vn 0 -6.123234262925839e-17 -1
vn 0 -6.123234262925839e-17 -1
vn 0 -6.123234262925839e-17 -1
vn 0 -6.123234262925839e-17 -1
vn 0 -6.123234262925839e-17 -1
vn 0 -6.123234262925839e-17 -1
vn 0 -6.123234262925839e-17 -1
vn 0 -6.123234262925839e-17 -1
vn 0 -6.123234262925839e-17 -1
vn 0 -6.123234262925839e-17 -1
vn 0 -6.123234262925839e-17 -1
vn 0 -6.123234262925839e-17 -1
vn 0 -6.123234262925839e-17 -1
vn 0 -6.123234262925839e-17 -1
vn 0 -6.123234262925839e-17 -1
vn 0 -6.123234262925839e-17 -1
vn 0 -6.123234262925839e-17 -1
vn 0 -6.123234262925839e-17 -1
vn 0 -6.123234262925839e-17 -1
vn 0 -6.123234262925839e-17 -1
vn 0 -6.123234262925839e-17 -1
vn 0 -6.123234262925839e-17 -1
vn 0 -6.123234262925839e-17 -1
vn 0 -6.123234262925839e-17 -1
vn 0 -6.123234262925839e-17 -1
vn 0 -6.123234262925839e-17 -1
vn 0 -6.123234262925839e-17 -1
vn 0 -6.123234262925839e-17 -1
vn 0 -6.123234262925839e-17 -1
vn 0 -6.123234262925839e-17 -1
vn 0 -6.123234262925839e-17 -1
vn 0 -6.123234262925839e-17 -1
vn 0 -6.123234262925839e-17 -1
vn 0 -6.123234262925839e-17 -1
vn 0 -6.123234262925839e-17 -1
vn 0 -6.123234262925839e-17 -1
vn 0 -6.123234262925839e-17 -1
vn 0 -6.123234262925839e-17 -1
vn 0 -6.123234262925839e-17 -1
vn 0 -6.123234262925839e-17 -1
vn 0 -6.123234262925839e-17 -1
vn 0 -6.123234262925839e-17 -1
vn 0 -6.123234262925839e-17 -1
vn 0 -6.123234262925839e-17 -1
vn 0 -6.123234262925839e-17 -1
vn 0 -6.123234262925839e-17 -1
vn 0 -6.123234262925839e-17 -1
vn 0 -6.123234262925839e-17 -1
vn 0 -6.123234262925839e-17 -1
vn 0 -6.123234262925839e-17 -1
vn 0 -6.123234262925839e-17 -1
vn 0 -6.123234262925839e-17 -1
vn 0 -6.123234262925839e-17 -1
vn 0 -6.123234262925839e-17 -1
vn 0 -6.123234262925839e-17 -1
vn 0 -6.123234262925839e-17 -1
vn 0 -6.123234262925839e-17 -1
vn 0 -6.123234262925839e-17 -1
vn 0 -6.123234262925839e-17 -1
vn 0 -6.123234262925839e-17 -1
vn 0 -6.123234262925839e-17 -1
vn 0 -6.123234262925839e-17 -1
vn 0 -6.123234262925839e-17 -1
vn 0 -6.123234262925839e-17 -1
vn 0 -6.123234262925839e-17 -1
vn 0 -6.123234262925839e-17 -1
vn 0 -6.123234262925839e-17 -1
vn 0 -6.123234262925839e-17 -1
vn 0 -6.123234262925839e-17 -1
vn 0 -6.123234262925839e-17 -1
vn 0 -6.123234262925839e-17 -1
vn 0 -6.123234262925839e-17 -1
vn 0 -6.123234262925839e-17 -1
vn 0 -6.123234262925839e-17 -1
vn 0 -6.123234262925839e-17 -1
vn 0 -6.123234262925839e-17 -1
vn 0 -6.123234262925839e-17 -1
f 1765/1765/1765 1814/1814/1814 1766/1766/1766
f 1814/1814/1814 1815/1815/1815 1766/1766/1766
f 1766/1766/1766 1815/1815/1815 1767/1767/1767
f 1815/1815/1815 1816/1816/1816 1767/1767/1767
f 1767/1767/1767 1816/1816/1816 1768/1768/1768
f 1816/1816/1816 1817/1817/1817 1768/1768/1768
f 1768/1768/1768 1817/1817/1817 1769/1769/1769
f 1817/1817/1817 1818/1818/1818 1769/1769/1769
f 1769/1769/1769 1818/1818/1818 1770/1770/1770
f 1818/1818/1818 1819/1819/1819 1770/1770/1770
f 1770/1770/1770 1819/1819/1819 1771/1771/1771
f 1819/1819/1819 1820/1820/1820 1771/1771/1771
f 1771/1771/1771 1820/1820/1820 1772/1772/1772
f 1820/1820/1820 1821/1821/1821 1772/1772/1772
f 1772/1772/1772 1821/1821/1821 1773/1773/1773
f 1821/1821/1821 1822/1822/1822 1773/1773/1773
f 1773/1773/1773 1822/1822/1822 1774/1774/1774
f 1822/1822/1822 1823/1823/1823 1774/1774/1774
f 1774/1774/1774 1823/1823/1823 1775/1775/1775
f 1823/1823/1823 1824/1824/1824 1775/1775/1775
f 1775/1775/1775 1824/1824/1824 1776/1776/1776
f 1824/1824/1824 1825/1825/1825 1776/1776/1776
f 1776/1776/1776 1825/1825/1825 1777/1777/1777
f 1825/1825/1825 1826/1826/1826 1777/1777/1777
f 1777/1777/1777 1826/1826/1826 1778/1778/1778
f 1826/1826/1826 1827/1827/1827 1778/1778/1778
f 1778/1778/1778 1827/1827/1827 1779/1779/1779
f 1827/1827/1827 1828/1828/1828 1779/1779/1779
f 1779/1779/1779 1828/1828/1828 1780/1780/1780
f 1828/1828/1828 1829/1829/1829 1780/1780/1780
f 1780/1780/1780 1829/1829/1829 1781/1781/1781
f 1829/1829/1829 1830/1830/1830 1781/1781/1781
f 1781/1781/1781 1830/1830/1830 1782/1782/1782
f 1830/1830/1830 1831/1831/1831 1782/1782/1782
f 1782/1782/1782 1831/1831/1831 1783/1783/1783
f 1831/1831/1831 1832/1832/1832 1783/1783/1783
f 1783/1783/1783 1832/1832/1832 1784/1784/1784
f 1832/1832/1832 1833/1833/1833 1784/1784/1784
f 1784/1784/1784 1833/1833/1833 1785/1785/1785
f 1833/1833/1833 1834/1834/1834 1785/1785/1785
f 1785/1785/1785 1834/1834/1834 1786/1786/1786
f 1834/1834/1834 1835/1835/1835 1786/1786/1786
f 1786/1786/1786 1835/1835/1835 1787/1787/1787
f 1835/1835/1835 1836/1836/1836 1787/1787/1787
f 1787/1787/1787 1836/1836/1836 1788/1788/1788
f 1836/1836/1836 1837/1837/1837 1788/1788/1788
f 1788/1788/1788 1837/1837/1837 1789/1789/1789
f 1837/1837/1837 1838/1838/1838 1789/1789/1789
f 1789/1789/1789 1838/1838/1838 1790/1790/1790
f 1838/1838/1838 1839/1839/1839 1790/1790/1790
f 1790/1790/1790 1839/1839/1839 1791/1791/1791
f 1839/1839/1839 1840/1840/1840 1791/1791/1791
f 1791/1791/1791 1840/1840/1840 1792/1792/1792
f 1840/1840/1840 1841/1841/1841 1792/1792/1792
f 1792/1792/1792 1841/1841/1841 1793/1793/1793
f 1841/1841/1841 1842/1842/1842 1793/1793/1793
f 1793/1793/1793 1842/1842/1842 1794/1794/1794
f 1842/1842/1842 1843/1843/1843 1794/1794/1794
f 1794/1794/1794 1843/1843/1843 1795/1795/1795
f 1843/1843/1843 1844/1844/1844 1795/1795/1795
f 1795/1795/1795 1844/1844/1844 1796/1796/1796
f 1844/1844/1844 1845/1845/1845 1796/1796/1796
f 1796/1796/1796 1845/1845/1845 1797/1797/1797
f 1845/1845/1845 1846/1846/1846 1797/1797/1797
f 1797/1797/1797 1846/1846/1846 1798/1798/1798
f 1846/1846/1846 1847/1847/1847 1798/1798/1798
f 1798/1798/1798 1847/1847/1847 1799/1799/1799
f 1847/1847/1847 1848/1848/1848 1799/1799/1799
f 1799/1799/1799 1848/1848/1848 1800/1800/1800
f 1848/1848/1848 1849/1849/1849 1800/1800/1800
f 1800/1800/1800 1849/1849/1849 1801/1801/1801
f 1849/1849/1849 1850/1850/1850 1801/1801/1801
f 1801/1801/1801 1850/1850/1850 1802/1802/1802
f 1850/1850/1850 1851/1851/1851 1802/1802/1802
f 1802/1802/1802 1851/1851/1851 1803/1803/1803
f 1851/1851/1851 1852/1852/1852 1803/1803/1803
f 1803/1803/1803 1852/1852/1852 1804/1804/1804
f 1852/1852/1852 1853/1853/1853 1804/1804/1804
f 1804/1804/1804 1853/1853/1853 1805/1805/1805
f 1853/1853/1853 1854/1854/1854 1805/1805/1805
f 1805/1805/1805 1854/1854/1854 1806/1806/1806
f 1854/1854/1854 1855/1855/1855 1806/1806/1806
f 1806/1806/1806 1855/1855/1855 1807/1807/1807
f 1855/1855/1855 1856/1856/1856 1807/1807/1807
f 1807/1807/1807 1856/1856/1856 1808/1808/1808
f 1856/1856/1856 1857/1857/1857 1808/1808/1808
f 1808/1808/1808 1857/1857/1857 1809/1809/1809
f 1857/1857/1857 1858/1858/1858 1809/1809/1809
f 1809/1809/1809 1858/1858/1858 1810/1810/1810
f 1858/1858/1858 1859/1859/1859 1810/1810/1810
f 1810/1810/1810 1859/1859/1859 1811/1811/1811
f 1859/1859/1859 1860/1860/1860 1811/1811/1811
f 1811/1811/1811 1860/1860/1860 1812/1812/1812
f 1860/1860/1860 1861/1861/1861 1812/1812/1812
f 1812/1812/1812 1861/1861/1861 1813/1813/1813
f 1861/1861/1861 1862/1862/1862 1813/1813/1813
f 1911/1911/1911 1912/1912/1912 1863/1863/1863
f 1912/1912/1912 1913/1913/1913 1864/1864/1864
f 1913/1913/1913 1914/1914/1914 1865/1865/1865
f 1914/1914/1914 1915/1915/1915 1866/1866/1866
f 1915/1915/1915 1916/1916/1916 1867/1867/1867
f 1916/1916/1916 1917/1917/1917 1868/1868/1868
f 1917/1917/1917 1918/1918/1918 1869/1869/1869
f 1918/1918/1918 1919/1919/1919 1870/1870/1870
f 1919/1919/1919 1920/1920/1920 1871/1871/1871
f 1920/1920/1920 1921/1921/1921 1872/1872/1872
f 1921/1921/1921 1922/1922/1922 1873/1873/1873
f 1922/1922/1922 1923/1923/1923 1874/1874/1874
f 1923/1923/1923 1924/1924/1924 1875/1875/1875
f 1924/1924/1924 1925/1925/1925 1876/1876/1876
f 1925/1925/1925 1926/1926/1926 1877/1877/1877
f 1926/1926/1926 1927/1927/1927 1878/1878/1878
f 1927/1927/1927 1928/1928/1928 1879/1879/1879
f 1928/1928/1928 1929/1929/1929 1880/1880/1880
f 1929/1929/1929 1930/1930/1930 1881/1881/1881
f 1930/1930/1930 1931/1931/1931 1882/1882/1882
f 1931/1931/1931 1932/1932/1932 1883/1883/1883
f 1932/1932/1932 1933/1933/1933 1884/1884/1884
f 1933/1933/1933 1934/1934/1934 1885/1885/1885
f 1934/1934/1934 1935/1935/1935 1886/1886/1886
f 1935/1935/1935 1936/1936/1936 1887/1887/1887
f 1936/1936/1936 1937/1937/1937 1888/1888/1888
f 1937/1937/1937 1938/1938/1938 1889/1889/1889
f 1938/1938/1938 1939/1939/1939 1890/1890/1890
f 1939/1939/1939 1940/1940/1940 1891/1891/1891
f 1940/1940/1940 1941/1941/1941 1892/1892/1892
f 1941/1941/1941 1942/1942/1942 1893/1893/1893
f 1942/1942/1942 1943/1943/1943 1894/1894/1894
f 1943/1943/1943 1944/1944/1944 1895/1895/1895
f 1944/1944/1944 1945/1945/1945 1896/1896/1896
f 1945/1945/1945 1946/1946/1946 1897/1897/1897
f 1946/1946/1946 1947/1947/1947 1898/1898/1898
f 1947/1947/1947 1948/1948/1948 1899/1899/1899
f 1948/1948/1948 1949/1949/1949 1900/1900/1900
f 1949/1949/1949 1950/1950/1950 1901/1901/1901
f 1950/1950/1950 1951/1951/1951 1902/1902/1902
f 1951/1951/1951 1952/1952/1952 1903/1903/1903
f 1952/1952/1952 1953/1953/1953 1904/1904/1904
f 1953/1953/1953 1954/1954/1954 1905/1905/1905
f 1954/1954/1954 1955/1955/1955 1906/1906/1906
f 1955/1955/1955 1956/1956/1956 1907/1907/1907
f 1956/1956/1956 1957/1957/1957 1908/1908/1908
f 1957/1957/1957 1958/1958/1958 1909/1909/1909
f 1958/1958/1958 1959/1959/1959 1910/1910/1910
f 2009/2009/2009 2008/2008/2008 1960/1960/1960
f 2010/2010/2010 2009/2009/2009 1961/1961/1961
f 2011/2011/2011 2010/2010/2010 1962/1962/1962
f 2012/2012/2012 2011/2011/2011 1963/1963/1963
f 2013/2013/2013 2012/2012/2012 1964/1964/1964
f 2014/2014/2014 2013/2013/2013 1965/1965/1965
f 2015/2015/2015 2014/2014/2014 1966/1966/1966
f 2016/2016/2016 2015/2015/2015 1967/1967/1967
f 2017/2017/2017 2016/2016/2016 1968/1968/1968
f 2018/2018/2018 2017/2017/2017 1969/1969/1969
f 2019/2019/2019 2018/2018/2018 1970/1970/1970
f 2020/2020/2020 2019/2019/2019 1971/1971/1971
f 2021/2021/2021 2020/2020/2020 1972/1972/1972
f 2022/2022/2022 2021/2021/2021 1973/1973/1973
f 2023/2023/2023 2022/2022/2022 1974/1974/1974
f 2024/2024/2024 2023/2023/2023 1975/1975/1975
f 2025/2025/2025 2024/2024/2024 1976/1976/1976
f 2026/2026/2026 2025/2025/2025 1977/1977/1977
f 2027/2027/2027 2026/2026/2026 1978/1978/1978
f 2028/2028/2028 2027/2027/2027 1979/1979/1979
f 2029/2029/2029 2028/2028/2028 1980/1980/1980
f 2030/2030/2030 2029/2029/2029 1981/1981/1981
f 2031/2031/2031 2030/2030/2030 1982/1982/1982
f 2032/2032/2032 2031/2031/2031 1983/1983/1983
f 2033/2033/2033 2032/2032/2032 1984/1984/1984
f 2034/2034/2034 2033/2033/2033 1985/1985/1985
f 2035/2035/2035 2034/2034/2034 1986/1986/1986
f 2036/2036/2036 2035/2035/2035 1987/1987/1987
f 2037/2037/2037 2036/2036/2036 1988/1988/1988
f 2038/2038/2038 2037/2037/2037 1989/1989/1989
f 2039/2039/2039 2038/2038/2038 1990/1990/1990
f 2040/2040/2040 2039/2039/2039 1991/1991/1991
f 2041/2041/2041 2040/2040/2040 1992/1992/1992
f 2042/2042/2042 2041/2041/2041 1993/1993/1993
f 2043/2043/2043 2042/2042/2042 1994/1994/1994
f 2044/2044/2044 2043/2043/2043 1995/1995/1995
f 2045/2045/2045 2044/2044/2044 1996/1996/1996
f 2046/2046/2046 2045/2045/2045 1997/1997/1997
f 2047/2047/2047 2046/2046/2046 1998/1998/1998
f 2048/2048/2048 2047/2047/2047 1999/1999/1999
f 2049/2049/2049 2048/2048/2048 2000/2000/2000
f 2050/2050/2050 2049/2049/2049 2001/2001/2001
f 2051/2051/2051 2050/2050/2050 2002/2002/2002
f 2052/2052/2052 2051/2051/2051 2003/2003/2003
f 2053/2053/2053 2052/2052/2052 2004/2004/2004
f 2054/2054/2054 2053/2053/2053 2005/2005/2005
f 2055/2055/2055 2054/2054/2054 2006/2006/2006
f 2056/2056/2056 2055/2055/2055 2007/2007/2007
o a1_seal
usemtl joint_seal
v 0 -0.28999999165534973 0.3299999997764826
v 0.03785259649157524 -0.28751900792121887 0.3299999997764826
v 0.07505752146244049 -0.28011849522590637 0.3299999997764826
v 0.11097819358110428 -0.26792505383491516 0.3299999997764826
v 0.14499999582767487 -0.2511473596096039 0.3299999997764826
v 0.1765408217906952 -0.23007246851921082 0.3299999997764826
v 0.20506097376346588 -0.20506097376346588 0.3299999997764826
v 0.23007246851921082 -0.1765408217906952 0.3299999997764826
v 0.2511473596096039 -0.14499999582767487 0.3299999997764826
v 0.26792505383491516 -0.11097819358110428 0.3299999997764826
v 0.28011849522590637 -0.07505752146244049 0.3299999997764826
v 0.28751900792121887 -0.03785259649157524 0.3299999997764826
v 0.28999999165534973 -1.714505527444786e-17 0.3299999997764826
v 0.28751900792121887 0.03785259649157524 0.3299999997764826
v 0.28011849522590637 0.07505752146244049 0.3299999997764826
v 0.26792505383491516 0.11097819358110428 0.3299999997764826
v 0.2511473596096039 0.14499999582767487 0.3299999997764826
v 0.23007246851921082 0.1765408217906952 0.3299999997764826
v 0.20506097376346588 0.20506097376346588 0.3299999997764826
v 0.1765408217906952 0.23007246851921082 0.3299999997764826
v 0.14499999582767487 0.2511473596096039 0.3299999997764826
v 0.11097819358110428 0.26792505383491516 0.3299999997764826
v 0.07505752146244049 0.28011849522590637 0.3299999997764826
v 0.03785259649157524 0.28751900792121887 0.3299999997764826
v 3.551475806322538e-17 0.28999999165534973 0.3299999997764826
v -0.03785259649157524 0.28751900792121887 0.3299999997764826
v -0.07505752146244049 0.28011849522590637 0.3299999997764826
v -0.11097819358110428 0.26792505383491516 0.3299999997764826
v -0.14499999582767487 0.2511473596096039 0.3299999997764826
v -0.1765408217906952 0.23007246851921082 0.3299999997764826
v -0.20506097376346588 0.20506097376346588 0.3299999997764826
v -0.23007246851921082 0.1765408217906952 0.3299999997764826
v -0.2511473596096039 0.14499999582767487 0.3299999997764826
v -0.26792505383491516 0.11097819358110428 0.3299999997764826
v -0.28011849522590637 0.07505752146244049 0.3299999997764826
v -0.28751900792121887 0.03785259649157524 0.3299999997764826
v -0.28999999165534973 5.3884457543280445e-17 0.3299999997764826
v -0.28751900792121887 -0.03785259649157524 0.3299999997764826
v -0.28011849522590637 -0.07505752146244049 0.3299999997764826
v -0.26792505383491516 -0.11097819358110428 0.3299999997764826
v -0.2511473596096039 -0.14499999582767487 0.3299999997764826
v -0.23007246851921082 -0.1765408217906952 0.3299999997764826
v -0.20506097376346588 -0.20506097376346588 0.3299999997764826
v -0.1765408217906952 -0.23007246851921082 0.3299999997764826
v -0.14499999582767487 -0.2511473596096039 0.3299999997764826
v -0.11097819358110428 -0.26792505383491516 0.3299999997764826
v -0.07505752146244049 -0.28011849522590637 0.3299999997764826
v -0.03785259649157524 -0.28751900792121887 0.3299999997764826
v -7.102951612645076e-17 -0.28999999165534973 0.3299999997764826
v 0 -0.28999999165534973 0.3100000002235174
v 0.03785259649157524 -0.28751900792121887 0.3100000002235174
v 0.07505752146244049 -0.28011849522590637 0.3100000002235174
v 0.11097819358110428 -0.26792505383491516 0.3100000002235174
v 0.14499999582767487 -0.2511473596096039 0.3100000002235174
v 0.1765408217906952 -0.23007246851921082 0.3100000002235174
v 0.20506097376346588 -0.20506097376346588 0.3100000002235174
v 0.23007246851921082 -0.1765408217906952 0.3100000002235174
v 0.2511473596096039 -0.14499999582767487 0.3100000002235174
v 0.26792505383491516 -0.11097819358110428 0.3100000002235174
v 0.28011849522590637 -0.07505752146244049 0.3100000002235174
v 0.28751900792121887 -0.03785259649157524 0.3100000002235174
v 0.28999999165534973 -1.8369702788777518e-17 0.3100000002235174
v 0.28751900792121887 0.03785259649157524 0.3100000002235174
v 0.28011849522590637 0.07505752146244049 0.3100000002235174
v 0.26792505383491516 0.11097819358110428 0.3100000002235174
v 0.2511473596096039 0.14499999582767487 0.3100000002235174
v 0.23007246851921082 0.1765408217906952 0.3100000002235174
v 0.20506097376346588 0.20506097376346588 0.3100000002235174
v 0.1765408217906952 0.23007246851921082 0.3100000002235174
v 0.14499999582767487 0.2511473596096039 0.3100000002235174
v 0.11097819358110428 0.26792505383491516 0.3100000002235174
v 0.07505752146244049 0.28011849522590637 0.3100000002235174
v 0.03785259649157524 0.28751900792121887 0.3100000002235174
v 3.551475806322538e-17 0.28999999165534973 0.3100000002235174
v -0.03785259649157524 0.28751900792121887 0.3100000002235174
v -0.07505752146244049 0.28011849522590637 0.3100000002235174
v -0.11097819358110428 0.26792505383491516 0.3100000002235174
v -0.14499999582767487 0.2511473596096039 0.3100000002235174
v -0.1765408217906952 0.23007246851921082 0.3100000002235174
v -0.20506097376346588 0.20506097376346588 0.3100000002235174
v -0.23007246851921082 0.1765408217906952 0.3100000002235174
v -0.2511473596096039 0.14499999582767487 0.3100000002235174
v -0.26792505383491516 0.11097819358110428 0.3100000002235174
v -0.28011849522590637 0.07505752146244049 0.3100000002235174
v -0.28751900792121887 0.03785259649157524 0.3100000002235174
v -0.28999999165534973 5.265981333767324e-17 0.3100000002235174
v -0.28751900792121887 -0.03785259649157524 0.3100000002235174
v -0.28011849522590637 -0.07505752146244049 0.3100000002235174
v -0.26792505383491516 -0.11097819358110428 0.3100000002235174
v -0.2511473596096039 -0.14499999582767487 0.3100000002235174
v -0.23007246851921082 -0.1765408217906952 0.3100000002235174
v -0.20506097376346588 -0.20506097376346588 0.3100000002235174
v -0.1765408217906952 -0.23007246851921082 0.3100000002235174
v -0.14499999582767487 -0.2511473596096039 0.3100000002235174
v -0.11097819358110428 -0.26792505383491516 0.3100000002235174
v -0.07505752146244049 -0.28011849522590637 0.3100000002235174
v -0.03785259649157524 -0.28751900792121887 0.3100000002235174
v -7.102951612645076e-17 -0.28999999165534973 0.3100000002235174
v 0 6.12323395273311e-19 0.3299999997764826
v 0 6.12323395273311e-19 0.3299999997764826
v 0 6.12323395273311e-19 0.3299999997764826
v 0 6.12323395273311e-19 0.3299999997764826
v 0 6.12323395273311e-19 0.3299999997764826
v 0 6.12323395273311e-19 0.3299999997764826
v 0 6.12323395273311e-19 0.3299999997764826
v 0 6.12323395273311e-19 0.3299999997764826
v 0 6.12323395273311e-19 0.3299999997764826
v 0 6.12323395273311e-19 0.3299999997764826
v 0 6.12323395273311e-19 0.3299999997764826
v 0 6.12323395273311e-19 0.3299999997764826
v 0 6.12323395273311e-19 0.3299999997764826
v 0 6.12323395273311e-19 0.3299999997764826
v 0 6.12323395273311e-19 0.3299999997764826
v 0 6.12323395273311e-19 0.3299999997764826
v 0 6.12323395273311e-19 0.3299999997764826
v 0 6.12323395273311e-19 0.3299999997764826
v 0 6.12323395273311e-19 0.3299999997764826
v 0 6.12323395273311e-19 0.3299999997764826
v 0 6.12323395273311e-19 0.3299999997764826
v 0 6.12323395273311e-19 0.3299999997764826
v 0 6.12323395273311e-19 0.3299999997764826
v 0 6.12323395273311e-19 0.3299999997764826
v 0 6.12323395273311e-19 0.3299999997764826
v 0 6.12323395273311e-19 0.3299999997764826
v 0 6.12323395273311e-19 0.3299999997764826
v 0 6.12323395273311e-19 0.3299999997764826
v 0 6.12323395273311e-19 0.3299999997764826
v 0 6.12323395273311e-19 0.3299999997764826
v 0 6.12323395273311e-19 0.3299999997764826
v 0 6.12323395273311e-19 0.3299999997764826
v 0 6.12323395273311e-19 0.3299999997764826
v 0 6.12323395273311e-19 0.3299999997764826
v 0 6.12323395273311e-19 0.3299999997764826
v 0 6.12323395273311e-19 0.3299999997764826
v 0 6.12323395273311e-19 0.3299999997764826
v 0 6.12323395273311e-19 0.3299999997764826
v 0 6.12323395273311e-19 0.3299999997764826
v 0 6.12323395273311e-19 0.3299999997764826
v 0 6.12323395273311e-19 0.3299999997764826
v 0 6.12323395273311e-19 0.3299999997764826
v 0 6.12323395273311e-19 0.3299999997764826
v 0 6.12323395273311e-19 0.3299999997764826
v 0 6.12323395273311e-19 0.3299999997764826
v 0 6.12323395273311e-19 0.3299999997764826
v 0 6.12323395273311e-19 0.3299999997764826
v 0 6.12323395273311e-19 0.3299999997764826
v 0 -0.28999999165534973 0.3299999997764826
v 0.03785259649157524 -0.28751900792121887 0.3299999997764826
v 0.07505752146244049 -0.28011849522590637 0.3299999997764826
v 0.11097819358110428 -0.26792505383491516 0.3299999997764826
v 0.14499999582767487 -0.2511473596096039 0.3299999997764826
v 0.1765408217906952 -0.23007246851921082 0.3299999997764826
v 0.20506097376346588 -0.20506097376346588 0.3299999997764826
v 0.23007246851921082 -0.1765408217906952 0.3299999997764826
v 0.2511473596096039 -0.14499999582767487 0.3299999997764826
v 0.26792505383491516 -0.11097819358110428 0.3299999997764826
v 0.28011849522590637 -0.07505752146244049 0.3299999997764826
v 0.28751900792121887 -0.03785259649157524 0.3299999997764826
v 0.28999999165534973 -1.714505527444786e-17 0.3299999997764826
v 0.28751900792121887 0.03785259649157524 0.3299999997764826
v 0.28011849522590637 0.07505752146244049 0.3299999997764826
v 0.26792505383491516 0.11097819358110428 0.3299999997764826
v 0.2511473596096039 0.14499999582767487 0.3299999997764826
v 0.23007246851921082 0.1765408217906952 0.3299999997764826
v 0.20506097376346588 0.20506097376346588 0.3299999997764826
v 0.1765408217906952 0.23007246851921082 0.3299999997764826
v 0.14499999582767487 0.2511473596096039 0.3299999997764826
v 0.11097819358110428 0.26792505383491516 0.3299999997764826
v 0.07505752146244049 0.28011849522590637 0.3299999997764826
v 0.03785259649157524 0.28751900792121887 0.3299999997764826
v 3.551475806322538e-17 0.28999999165534973 0.3299999997764826
v -0.03785259649157524 0.28751900792121887 0.3299999997764826
v -0.07505752146244049 0.28011849522590637 0.3299999997764826
v -0.11097819358110428 0.26792505383491516 0.3299999997764826
v -0.14499999582767487 0.2511473596096039 0.3299999997764826
v -0.1765408217906952 0.23007246851921082 0.3299999997764826
v -0.20506097376346588 0.20506097376346588 0.3299999997764826
v -0.23007246851921082 0.1765408217906952 0.3299999997764826
v -0.2511473596096039 0.14499999582767487 0.3299999997764826
v -0.26792505383491516 0.11097819358110428 0.3299999997764826
v -0.28011849522590637 0.07505752146244049 0.3299999997764826
v -0.28751900792121887 0.03785259649157524 0.3299999997764826
v -0.28999999165534973 5.3884457543280445e-17 0.3299999997764826
v -0.28751900792121887 -0.03785259649157524 0.3299999997764826
v -0.28011849522590637 -0.07505752146244049 0.3299999997764826
v -0.26792505383491516 -0.11097819358110428 0.3299999997764826
v -0.2511473596096039 -0.14499999582767487 0.3299999997764826
v -0.23007246851921082 -0.1765408217906952 0.3299999997764826
v -0.20506097376346588 -0.20506097376346588 0.3299999997764826
v -0.1765408217906952 -0.23007246851921082 0.3299999997764826
v -0.14499999582767487 -0.2511473596096039 0.3299999997764826
v -0.11097819358110428 -0.26792505383491516 0.3299999997764826
v -0.07505752146244049 -0.28011849522590637 0.3299999997764826
v -0.03785259649157524 -0.28751900792121887 0.3299999997764826
v -7.102951612645076e-17 -0.28999999165534973 0.3299999997764826
v 0 -6.12323395273311e-19 0.3100000002235174
v 0 -6.12323395273311e-19 0.3100000002235174
v 0 -6.12323395273311e-19 0.3100000002235174
v 0 -6.12323395273311e-19 0.3100000002235174
v 0 -6.12323395273311e-19 0.3100000002235174
v 0 -6.12323395273311e-19 0.3100000002235174
v 0 -6.12323395273311e-19 0.3100000002235174
v 0 -6.12323395273311e-19 0.3100000002235174
v 0 -6.12323395273311e-19 0.3100000002235174
v 0 -6.12323395273311e-19 0.3100000002235174
v 0 -6.12323395273311e-19 0.3100000002235174
v 0 -6.12323395273311e-19 0.3100000002235174
v 0 -6.12323395273311e-19 0.3100000002235174
v 0 -6.12323395273311e-19 0.3100000002235174
v 0 -6.12323395273311e-19 0.3100000002235174
v 0 -6.12323395273311e-19 0.3100000002235174
v 0 -6.12323395273311e-19 0.3100000002235174
v 0 -6.12323395273311e-19 0.3100000002235174
v 0 -6.12323395273311e-19 0.3100000002235174
v 0 -6.12323395273311e-19 0.3100000002235174
v 0 -6.12323395273311e-19 0.3100000002235174
v 0 -6.12323395273311e-19 0.3100000002235174
v 0 -6.12323395273311e-19 0.3100000002235174
v 0 -6.12323395273311e-19 0.3100000002235174
v 0 -6.12323395273311e-19 0.3100000002235174
v 0 -6.12323395273311e-19 0.3100000002235174
v 0 -6.12323395273311e-19 0.3100000002235174
v 0 -6.12323395273311e-19 0.3100000002235174
v 0 -6.12323395273311e-19 0.3100000002235174
v 0 -6.12323395273311e-19 0.3100000002235174
v 0 -6.12323395273311e-19 0.3100000002235174
v 0 -6.12323395273311e-19 0.3100000002235174
v 0 -6.12323395273311e-19 0.3100000002235174
v 0 -6.12323395273311e-19 0.3100000002235174
v 0 -6.12323395273311e-19 0.3100000002235174
v 0 -6.12323395273311e-19 0.3100000002235174
v 0 -6.12323395273311e-19 0.3100000002235174
v 0 -6.12323395273311e-19 0.3100000002235174
v 0 -6.12323395273311e-19 0.3100000002235174
v 0 -6.12323395273311e-19 0.3100000002235174
v 0 -6.12323395273311e-19 0.3100000002235174
v 0 -6.12323395273311e-19 0.3100000002235174
v 0 -6.12323395273311e-19 0.3100000002235174
v 0 -6.12323395273311e-19 0.3100000002235174
v 0 -6.12323395273311e-19 0.3100000002235174
v 0 -6.12323395273311e-19 0.3100000002235174
v 0 -6.12323395273311e-19 0.3100000002235174
v 0 -6.12323395273311e-19 0.3100000002235174
v 0 -0.28999999165534973 0.3100000002235174
v 0.03785259649157524 -0.28751900792121887 0.3100000002235174
v 0.07505752146244049 -0.28011849522590637 0.3100000002235174
v 0.11097819358110428 -0.26792505383491516 0.3100000002235174
v 0.14499999582767487 -0.2511473596096039 0.3100000002235174
v 0.1765408217906952 -0.23007246851921082 0.3100000002235174
v 0.20506097376346588 -0.20506097376346588 0.3100000002235174
v 0.23007246851921082 -0.1765408217906952 0.3100000002235174
v 0.2511473596096039 -0.14499999582767487 0.3100000002235174
v 0.26792505383491516 -0.11097819358110428 0.3100000002235174
v 0.28011849522590637 -0.07505752146244049 0.3100000002235174
v 0.28751900792121887 -0.03785259649157524 0.3100000002235174
v 0.28999999165534973 -1.8369702788777518e-17 0.3100000002235174
v 0.28751900792121887 0.03785259649157524 0.3100000002235174
v 0.28011849522590637 0.07505752146244049 0.3100000002235174
v 0.26792505383491516 0.11097819358110428 0.3100000002235174
v 0.2511473596096039 0.14499999582767487 0.3100000002235174
v 0.23007246851921082 0.1765408217906952 0.3100000002235174
v 0.20506097376346588 0.20506097376346588 0.3100000002235174
v 0.1765408217906952 0.23007246851921082 0.3100000002235174
v 0.14499999582767487 0.2511473596096039 0.3100000002235174
v 0.11097819358110428 0.26792505383491516 0.3100000002235174
v 0.07505752146244049 0.28011849522590637 0.3100000002235174
v 0.03785259649157524 0.28751900792121887 0.3100000002235174
v 3.551475806322538e-17 0.28999999165534973 0.3100000002235174
v -0.03785259649157524 0.28751900792121887 0.3100000002235174
v -0.07505752146244049 0.28011849522590637 0.3100000002235174
v -0.11097819358110428 0.26792505383491516 0.3100000002235174
v -0.14499999582767487 0.2511473596096039 0.3100000002235174
v -0.1765408217906952 0.23007246851921082 0.3100000002235174
v -0.20506097376346588 0.20506097376346588 0.3100000002235174
v -0.23007246851921082 0.1765408217906952 0.3100000002235174
v -0.2511473596096039 0.14499999582767487 0.3100000002235174
v -0.26792505383491516 0.11097819358110428 0.3100000002235174
v -0.28011849522590637 0.07505752146244049 0.3100000002235174
v -0.28751900792121887 0.03785259649157524 0.3100000002235174
v -0.28999999165534973 5.265981333767324e-17 0.3100000002235174
v -0.28751900792121887 -0.03785259649157524 0.3100000002235174
v -0.28011849522590637 -0.07505752146244049 0.3100000002235174
v -0.26792505383491516 -0.11097819358110428 0.3100000002235174
v -0.2511473596096039 -0.14499999582767487 0.3100000002235174
v -0.23007246851921082 -0.1765408217906952 0.3100000002235174
v -0.20506097376346588 -0.20506097376346588 0.3100000002235174
v -0.1765408217906952 -0.23007246851921082 0.3100000002235174
v -0.14499999582767487 -0.2511473596096039 0.3100000002235174
v -0.11097819358110428 -0.26792505383491516 0.3100000002235174
v -0.07505752146244049 -0.28011849522590637 0.3100000002235174
v -0.03785259649157524 -0.28751900792121887 0.3100000002235174
v -7.102951612645076e-17 -0.28999999165534973 0.3100000002235174
vt 0 1
vt 0.02083333395421505 1
vt 0.0416666679084301 1
vt 0.0625 1
vt 0.0833333358168602 1
vt 0.1041666641831398 1
vt 0.125 1
vt 0.1458333283662796 1
vt 0.1666666716337204 1
vt 0.1875 1
vt 0.2083333283662796 1
vt 0.2291666716337204 1
vt 0.25 1
vt 0.2708333432674408 1
vt 0.2916666567325592 1
vt 0.3125 1
vt 0.3333333432674408 1
vt 0.3541666567325592 1
vt 0.375 1
vt 0.3958333432674408 1
vt 0.4166666567325592 1
vt 0.4375 1
vt 0.4583333432674408 1
vt 0.4791666567325592 1
vt 0.5 1
vt 0.5208333134651184 1
vt 0.5416666865348816 1
vt 0.5625 1
vt 0.5833333134651184 1
vt 0.6041666865348816 1
vt 0.625 1
vt 0.6458333134651184 1
vt 0.6666666865348816 1
vt 0.6875 1
vt 0.7083333134651184 1
vt 0.7291666865348816 1
vt 0.75 1
vt 0.7708333134651184 1
vt 0.7916666865348816 1
vt 0.8125 1
vt 0.8333333134651184 1
vt 0.8541666865348816 1
vt 0.875 1
vt 0.8958333134651184 1
vt 0.9166666865348816 1
vt 0.9375 1
vt 0.9583333134651184 1
vt 0.9791666865348816 1
vt 1 1
vt 0 0
vt 0.02083333395421505 0
vt 0.0416666679084301 0
vt 0.0625 0
vt 0.0833333358168602 0
vt 0.1041666641831398 0
vt 0.125 0
vt 0.1458333283662796 0
vt 0.1666666716337204 0
vt 0.1875 0
vt 0.2083333283662796 0
vt 0.2291666716337204 0
vt 0.25 0
vt 0.2708333432674408 0
vt 0.2916666567325592 0
vt 0.3125 0
vt 0.3333333432674408 0
vt 0.3541666567325592 0
vt 0.375 0
vt 0.3958333432674408 0
vt 0.4166666567325592 0
vt 0.4375 0
vt 0.4583333432674408 0
vt 0.4791666567325592 0
vt 0.5 0
vt 0.5208333134651184 0
vt 0.5416666865348816 0
vt 0.5625 0
vt 0.5833333134651184 0
vt 0.6041666865348816 0
vt 0.625 0
vt 0.6458333134651184 0
vt 0.6666666865348816 0
vt 0.6875 0
vt 0.7083333134651184 0
vt 0.7291666865348816 0
vt 0.75 0
vt 0.7708333134651184 0
vt 0.7916666865348816 0
vt 0.8125 0
vt 0.8333333134651184 0
vt 0.8541666865348816 0
vt 0.875 0
vt 0.8958333134651184 0
vt 0.9166666865348816 0
vt 0.9375 0
vt 0.9583333134651184 0
vt 0.9791666865348816 0
vt 1 0
vt 0.5 0.5
vt 0.5 0.5
vt 0.5 0.5
vt 0.5 0.5
vt 0.5 0.5
vt 0.5 0.5
vt 0.5 0.5
vt 0.5 0.5
vt 0.5 0.5
vt 0.5 0.5
vt 0.5 0.5
vt 0.5 0.5
vt 0.5 0.5
vt 0.5 0.5
vt 0.5 0.5
vt 0.5 0.5
vt 0.5 0.5
vt 0.5 0.5
vt 0.5 0.5
vt 0.5 0.5
vt 0.5 0.5
vt 0.5 0.5
vt 0.5 0.5
vt 0.5 0.5
vt 0.5 0.5
vt 0.5 0.5
vt 0.5 0.5
vt 0.5 0.5
vt 0.5 0.5
vt 0.5 0.5
vt 0.5 0.5
vt 0.5 0.5
vt 0.5 0.5
vt 0.5 0.5
vt 0.5 0.5
vt 0.5 0.5
vt 0.5 0.5
vt 0.5 0.5
vt 0.5 0.5
vt 0.5 0.5
vt 0.5 0.5
vt 0.5 0.5
vt 0.5 0.5
vt 0.5 0.5
vt 0.5 0.5
vt 0.5 0.5
vt 0.5 0.5
vt 0.5 0.5
vt 1 0.5
vt 0.9957224130630493 0.5652630925178528
vt 0.9829629063606262 0.6294095516204834
vt 0.9619397521018982 0.6913416981697083
vt 0.9330127239227295 0.75
vt 0.8966766595840454 0.8043807148933411
vt 0.8535534143447876 0.8535534143447876
vt 0.8043807148933411 0.8966766595840454
vt 0.75 0.9330127239227295
vt 0.6913416981697083 0.9619397521018982
vt 0.6294095516204834 0.9829629063606262
vt 0.5652630925178528 0.9957224130630493
vt 0.5 1
vt 0.4347369074821472 0.9957224130630493
vt 0.370590478181839 0.9829629063606262
vt 0.30865827202796936 0.9619397521018982
vt 0.25 0.9330127239227295
vt 0.19561928510665894 0.8966766595840454
vt 0.1464466154575348 0.8535534143447876
vt 0.10332333296537399 0.8043807148933411
vt 0.0669872984290123 0.75
vt 0.03806023299694061 0.6913416981697083
vt 0.017037086188793182 0.6294095516204834
vt 0.004277569241821766 0.5652630925178528
vt 0 0.5
vt 0.004277569241821766 0.4347369074821472
vt 0.017037086188793182 0.370590478181839
vt 0.03806023299694061 0.30865827202796936
vt 0.0669872984290123 0.25
vt 0.10332333296537399 0.19561928510665894
vt 0.1464466154575348 0.1464466154575348
vt 0.19561928510665894 0.10332333296537399
vt 0.25 0.0669872984290123
vt 0.30865827202796936 0.03806023299694061
vt 0.370590478181839 0.017037086188793182
vt 0.4347369074821472 0.004277569241821766
vt 0.5 0
vt 0.5652630925178528 0.004277569241821766
vt 0.6294095516204834 0.017037086188793182
vt 0.6913416981697083 0.03806023299694061
vt 0.75 0.0669872984290123
vt 0.8043807148933411 0.10332333296537399
vt 0.8535534143447876 0.1464466154575348
vt 0.8966766595840454 0.19561928510665894
vt 0.9330127239227295 0.25
vt 0.9619397521018982 0.30865827202796936
vt 0.9829629063606262 0.370590478181839
vt 0.9957224130630493 0.4347369074821472
vt 1 0.5
vt 0.5 0.5
vt 0.5 0.5
vt 0.5 0.5
vt 0.5 0.5
vt 0.5 0.5
vt 0.5 0.5
vt 0.5 0.5
vt 0.5 0.5
vt 0.5 0.5
vt 0.5 0.5
vt 0.5 0.5
vt 0.5 0.5
vt 0.5 0.5
vt 0.5 0.5
vt 0.5 0.5
vt 0.5 0.5
vt 0.5 0.5
vt 0.5 0.5
vt 0.5 0.5
vt 0.5 0.5
vt 0.5 0.5
vt 0.5 0.5
vt 0.5 0.5
vt 0.5 0.5
vt 0.5 0.5
vt 0.5 0.5
vt 0.5 0.5
vt 0.5 0.5
vt 0.5 0.5
vt 0.5 0.5
vt 0.5 0.5
vt 0.5 0.5
vt 0.5 0.5
vt 0.5 0.5
vt 0.5 0.5
vt 0.5 0.5
vt 0.5 0.5
vt 0.5 0.5
vt 0.5 0.5
vt 0.5 0.5
vt 0.5 0.5
vt 0.5 0.5
vt 0.5 0.5
vt 0.5 0.5
vt 0.5 0.5
vt 0.5 0.5
vt 0.5 0.5
vt 0.5 0.5
vt 1 0.5
vt 0.9957224130630493 0.4347369074821472
vt 0.9829629063606262 0.370590478181839
vt 0.9619397521018982 0.30865827202796936
vt 0.9330127239227295 0.25
vt 0.8966766595840454 0.19561928510665894
vt 0.8535534143447876 0.1464466154575348
vt 0.8043807148933411 0.10332333296537399
vt 0.75 0.0669872984290123
vt 0.6913416981697083 0.03806023299694061
vt 0.6294095516204834 0.017037086188793182
vt 0.5652630925178528 0.004277569241821766
vt 0.5 0
vt 0.4347369074821472 0.004277569241821766
vt 0.370590478181839 0.017037086188793182
vt 0.30865827202796936 0.03806023299694061
vt 0.25 0.0669872984290123
vt 0.19561928510665894 0.10332333296537399
vt 0.1464466154575348 0.1464466154575348
vt 0.10332333296537399 0.19561928510665894
vt 0.0669872984290123 0.25
vt 0.03806023299694061 0.30865827202796936
vt 0.017037086188793182 0.370590478181839
vt 0.004277569241821766 0.4347369074821472
vt 0 0.5
vt 0.004277569241821766 0.5652630925178528
vt 0.017037086188793182 0.6294095516204834
vt 0.03806023299694061 0.6913416981697083
vt 0.0669872984290123 0.75
vt 0.10332333296537399 0.8043807148933411
vt 0.1464466154575348 0.8535534143447876
vt 0.19561928510665894 0.8966766595840454
vt 0.25 0.9330127239227295
vt 0.30865827202796936 0.9619397521018982
vt 0.370590478181839 0.9829629063606262
vt 0.4347369074821472 0.9957224130630493
vt 0.5 1
vt 0.5652630925178528 0.9957224130630493
vt 0.6294095516204834 0.9829629063606262
vt 0.6913416981697083 0.9619397521018982
vt 0.75 0.9330127239227295
vt 0.8043807148933411 0.8966766595840454
vt 0.8535534143447876 0.8535534143447876
vt 0.8966766595840454 0.8043807148933411
vt 0.9330127239227295 0.75
vt 0.9619397521018982 0.6913416981697083
vt 0.9829629063606262 0.6294095516204834
vt 0.9957224130630493 0.5652630925178528
vt 1 0.5
vn 0 -1 6.123234262925839e-17
vn 0.13052618200608704 -0.9914448627185043 6.070848442951297e-17
vn 0.2588190471264927 -0.9659258257467466 5.914589613696059e-17
vn 0.3826834370613369 -0.9238795305660377 5.657130722319695e-17
vn 0.5000000067305869 -0.8660253998985324 5.302876307448087e-17
vn 0.6087614397000725 -0.7933533320874723 4.85788821807799e-17
vn 0.7071067811865476 -0.7071067811865476 4.329780375814312e-17
vn 0.7933533320874723 -0.6087614397000725 3.7275889060097443e-17
vn 0.8660253998985324 -0.5000000067305869 3.06161717267588e-17
vn 0.9238795305660377 -0.3826834370613369 2.3432603017245014e-17
vn 0.9659258257467466 -0.2588190471264927 1.5848095844680132e-17
vn 0.9914448627185043 -0.13052618200608704 7.992423206588031e-18
vn 1 -6.123234262925839e-17 3.74939976039497e-33
vn 0.9914448627185043 0.13052618200608704 -7.992423206588031e-18
vn 0.9659258257467466 0.2588190471264927 -1.5848095844680132e-17
vn 0.9238795305660377 0.3826834370613369 -2.3432603017245014e-17
vn 0.8660253998985324 0.5000000067305869 -3.06161717267588e-17
vn 0.7933533320874723 0.6087614397000725 -3.7275889060097443e-17
vn 0.7071067811865476 0.7071067811865476 -4.329780375814312e-17
vn 0.6087614397000725 0.7933533320874723 -4.85788821807799e-17
vn 0.5000000067305869 0.8660253998985324 -5.302876307448087e-17
vn 0.3826834370613369 0.9238795305660377 -5.657130722319695e-17
vn 0.2588190471264927 0.9659258257467466 -5.914589613696059e-17
vn 0.13052618200608704 0.9914448627185043 -6.070848442951297e-17
vn 1.2246468525851679e-16 1 -6.123234262925839e-17
vn -0.13052618200608704 0.9914448627185043 -6.070848442951297e-17
vn -0.2588190471264927 0.9659258257467466 -5.914589613696059e-17
vn -0.3826834370613369 0.9238795305660377 -5.657130722319695e-17
vn -0.5000000067305869 0.8660253998985324 -5.302876307448087e-17
vn -0.6087614397000725 0.7933533320874723 -4.85788821807799e-17
vn -0.7071067811865476 0.7071067811865476 -4.329780375814312e-17
vn -0.7933533320874723 0.6087614397000725 -3.7275889060097443e-17
vn -0.8660253998985324 0.5000000067305869 -3.06161717267588e-17
vn -0.9238795305660377 0.3826834370613369 -2.3432603017245014e-17
vn -0.9659258257467466 0.2588190471264927 -1.5848095844680132e-17
vn -0.9914448627185043 0.13052618200608704 -7.992423206588031e-18
vn -1 1.8369701465288538e-16 -1.1248198179158957e-32
vn -0.9914448627185043 -0.13052618200608704 7.992423206588031e-18
vn -0.9659258257467466 -0.2588190471264927 1.5848095844680132e-17
vn -0.9238795305660377 -0.3826834370613369 2.3432603017245014e-17
vn -0.8660253998985324 -0.5000000067305869 3.06161717267588e-17
vn -0.7933533320874723 -0.6087614397000725 3.7275889060097443e-17
vn -0.7071067811865476 -0.7071067811865476 4.329780375814312e-17
vn -0.6087614397000725 -0.7933533320874723 4.85788821807799e-17
vn -0.5000000067305869 -0.8660253998985324 5.302876307448087e-17
vn -0.3826834370613369 -0.9238795305660377 5.657130722319695e-17
vn -0.2588190471264927 -0.9659258257467466 5.914589613696059e-17
vn -0.13052618200608704 -0.9914448627185043 6.070848442951297e-17
vn -2.4492937051703357e-16 -1 6.123234262925839e-17
vn 0 -1 6.123234262925839e-17
vn 0.13052618200608704 -0.9914448627185043 6.070848442951297e-17
vn 0.2588190471264927 -0.9659258257467466 5.914589613696059e-17
vn 0.3826834370613369 -0.9238795305660377 5.657130722319695e-17
vn 0.5000000067305869 -0.8660253998985324 5.302876307448087e-17
vn 0.6087614397000725 -0.7933533320874723 4.85788821807799e-17
vn 0.7071067811865476 -0.7071067811865476 4.329780375814312e-17
vn 0.7933533320874723 -0.6087614397000725 3.7275889060097443e-17
vn 0.8660253998985324 -0.5000000067305869 3.06161717267588e-17
vn 0.9238795305660377 -0.3826834370613369 2.3432603017245014e-17
vn 0.9659258257467466 -0.2588190471264927 1.5848095844680132e-17
vn 0.9914448627185043 -0.13052618200608704 7.992423206588031e-18
vn 1 -6.123234262925839e-17 3.74939976039497e-33
vn 0.9914448627185043 0.13052618200608704 -7.992423206588031e-18
vn 0.9659258257467466 0.2588190471264927 -1.5848095844680132e-17
vn 0.9238795305660377 0.3826834370613369 -2.3432603017245014e-17
vn 0.8660253998985324 0.5000000067305869 -3.06161717267588e-17
vn 0.7933533320874723 0.6087614397000725 -3.7275889060097443e-17
vn 0.7071067811865476 0.7071067811865476 -4.329780375814312e-17
vn 0.6087614397000725 0.7933533320874723 -4.85788821807799e-17
vn 0.5000000067305869 0.8660253998985324 -5.302876307448087e-17
vn 0.3826834370613369 0.9238795305660377 -5.657130722319695e-17
vn 0.2588190471264927 0.9659258257467466 -5.914589613696059e-17
vn 0.13052618200608704 0.9914448627185043 -6.070848442951297e-17
vn 1.2246468525851679e-16 1 -6.123234262925839e-17
vn -0.13052618200608704 0.9914448627185043 -6.070848442951297e-17
vn -0.2588190471264927 0.9659258257467466 -5.914589613696059e-17
vn -0.3826834370613369 0.9238795305660377 -5.657130722319695e-17
vn -0.5000000067305869 0.8660253998985324 -5.302876307448087e-17
vn -0.6087614397000725 0.7933533320874723 -4.85788821807799e-17
vn -0.7071067811865476 0.7071067811865476 -4.329780375814312e-17
vn -0.7933533320874723 0.6087614397000725 -3.7275889060097443e-17
vn -0.8660253998985324 0.5000000067305869 -3.06161717267588e-17
vn -0.9238795305660377 0.3826834370613369 -2.3432603017245014e-17
vn -0.9659258257467466 0.2588190471264927 -1.5848095844680132e-17
vn -0.9914448627185043 0.13052618200608704 -7.992423206588031e-18
vn -1 1.8369701465288538e-16 -1.1248198179158957e-32
vn -0.9914448627185043 -0.13052618200608704 7.992423206588031e-18
vn -0.9659258257467466 -0.2588190471264927 1.5848095844680132e-17
vn -0.9238795305660377 -0.3826834370613369 2.3432603017245014e-17
vn -0.8660253998985324 -0.5000000067305869 3.06161717267588e-17
vn -0.7933533320874723 -0.6087614397000725 3.7275889060097443e-17
vn -0.7071067811865476 -0.7071067811865476 4.329780375814312e-17
vn -0.6087614397000725 -0.7933533320874723 4.85788821807799e-17
vn -0.5000000067305869 -0.8660253998985324 5.302876307448087e-17
vn -0.3826834370613369 -0.9238795305660377 5.657130722319695e-17
vn -0.2588190471264927 -0.9659258257467466 5.914589613696059e-17
vn -0.13052618200608704 -0.9914448627185043 6.070848442951297e-17
vn -2.4492937051703357e-16 -1 6.123234262925839e-17
vn 0 6.123234262925839e-17 1
vn 0 6.123234262925839e-17 1
vn 0 6.123234262925839e-17 1
vn 0 6.123234262925839e-17 1
vn 0 6.123234262925839e-17 1
vn 0 6.123234262925839e-17 1
vn 0 6.123234262925839e-17 1
vn 0 6.123234262925839e-17 1
vn 0 6.123234262925839e-17 1
vn 0 6.123234262925839e-17 1
vn 0 6.123234262925839e-17 1
vn 0 6.123234262925839e-17 1
vn 0 6.123234262925839e-17 1
vn 0 6.123234262925839e-17 1
vn 0 6.123234262925839e-17 1
vn 0 6.123234262925839e-17 1
vn 0 6.123234262925839e-17 1
vn 0 6.123234262925839e-17 1
vn 0 6.123234262925839e-17 1
vn 0 6.123234262925839e-17 1
vn 0 6.123234262925839e-17 1
vn 0 6.123234262925839e-17 1
vn 0 6.123234262925839e-17 1
vn 0 6.123234262925839e-17 1
vn 0 6.123234262925839e-17 1
vn 0 6.123234262925839e-17 1
vn 0 6.123234262925839e-17 1
vn 0 6.123234262925839e-17 1
vn 0 6.123234262925839e-17 1
vn 0 6.123234262925839e-17 1
vn 0 6.123234262925839e-17 1
vn 0 6.123234262925839e-17 1
vn 0 6.123234262925839e-17 1
vn 0 6.123234262925839e-17 1
vn 0 6.123234262925839e-17 1
vn 0 6.123234262925839e-17 1
vn 0 6.123234262925839e-17 1
vn 0 6.123234262925839e-17 1
vn 0 6.123234262925839e-17 1
vn 0 6.123234262925839e-17 1
vn 0 6.123234262925839e-17 1
vn 0 6.123234262925839e-17 1
vn 0 6.123234262925839e-17 1
vn 0 6.123234262925839e-17 1
vn 0 6.123234262925839e-17 1
vn 0 6.123234262925839e-17 1
vn 0 6.123234262925839e-17 1
vn 0 6.123234262925839e-17 1
vn 0 6.123234262925839e-17 1
vn 0 6.123234262925839e-17 1
vn 0 6.123234262925839e-17 1
vn 0 6.123234262925839e-17 1
vn 0 6.123234262925839e-17 1
vn 0 6.123234262925839e-17 1
vn 0 6.123234262925839e-17 1
vn 0 6.123234262925839e-17 1
vn 0 6.123234262925839e-17 1
vn 0 6.123234262925839e-17 1
vn 0 6.123234262925839e-17 1
vn 0 6.123234262925839e-17 1
vn 0 6.123234262925839e-17 1
vn 0 6.123234262925839e-17 1
vn 0 6.123234262925839e-17 1
vn 0 6.123234262925839e-17 1
vn 0 6.123234262925839e-17 1
vn 0 6.123234262925839e-17 1
vn 0 6.123234262925839e-17 1
vn 0 6.123234262925839e-17 1
vn 0 6.123234262925839e-17 1
vn 0 6.123234262925839e-17 1
vn 0 6.123234262925839e-17 1
vn 0 6.123234262925839e-17 1
vn 0 6.123234262925839e-17 1
vn 0 6.123234262925839e-17 1
vn 0 6.123234262925839e-17 1
vn 0 6.123234262925839e-17 1
vn 0 6.123234262925839e-17 1
vn 0 6.123234262925839e-17 1
vn 0 6.123234262925839e-17 1
vn 0 6.123234262925839e-17 1
vn 0 6.123234262925839e-17 1
vn 0 6.123234262925839e-17 1
vn 0 6.123234262925839e-17 1
vn 0 6.123234262925839e-17 1
vn 0 6.123234262925839e-17 1
vn 0 6.123234262925839e-17 1
vn 0 6.123234262925839e-17 1
vn 0 6.123234262925839e-17 1
vn 0 6.123234262925839e-17 1
vn 0 6.123234262925839e-17 1
vn 0 6.123234262925839e-17 1
vn 0 6.123234262925839e-17 1
vn 0 6.123234262925839e-17 1
vn 0 6.123234262925839e-17 1
vn 0 6.123234262925839e-17 1
vn 0 6.123234262925839e-17 1
vn 0 6.123234262925839e-17 1
vn 0 -6.123234262925839e-17 -1
vn 0 -6.123234262925839e-17 -1
vn 0 -6.123234262925839e-17 -1
vn 0 -6.123234262925839e-17 -1
vn 0 -6.123234262925839e-17 -1
vn 0 -6.123234262925839e-17 -1
vn 0 -6.123234262925839e-17 -1
vn 0 -6.123234262925839e-17 -1
vn 0 -6.123234262925839e-17 -1
vn 0 -6.123234262925839e-17 -1
vn 0 -6.123234262925839e-17 -1
vn 0 -6.123234262925839e-17 -1
vn 0 -6.123234262925839e-17 -1
vn 0 -6.123234262925839e-17 -1
vn 0 -6.123234262925839e-17 -1
vn 0 -6.123234262925839e-17 -1
vn 0 -6.123234262925839e-17 -1
vn 0 -6.123234262925839e-17 -1
vn 0 -6.123234262925839e-17 -1
vn 0 -6.123234262925839e-17 -1
vn 0 -6.123234262925839e-17 -1
vn 0 -6.123234262925839e-17 -1
vn 0 -6.123234262925839e-17 -1
vn 0 -6.123234262925839e-17 -1
vn 0 -6.123234262925839e-17 -1
vn 0 -6.123234262925839e-17 -1
vn 0 -6.123234262925839e-17 -1
vn 0 -6.123234262925839e-17 -1
vn 0 -6.123234262925839e-17 -1
vn 0 -6.123234262925839e-17 -1
vn 0 -6.123234262925839e-17 -1
vn 0 -6.123234262925839e-17 -1
vn 0 -6.123234262925839e-17 -1
vn 0 -6.123234262925839e-17 -1
vn 0 -6.123234262925839e-17 -1
vn 0 -6.123234262925839e-17 -1
vn 0 -6.123234262925839e-17 -1
vn 0 -6.123234262925839e-17 -1
vn 0 -6.123234262925839e-17 -1
vn 0 -6.123234262925839e-17 -1
vn 0 -6.123234262925839e-17 -1
vn 0 -6.123234262925839e-17 -1
vn 0 -6.123234262925839e-17 -1
vn 0 -6.123234262925839e-17 -1
vn 0 -6.123234262925839e-17 -1
vn 0 -6.123234262925839e-17 -1
vn 0 -6.123234262925839e-17 -1
vn 0 -6.123234262925839e-17 -1
vn 0 -6.123234262925839e-17 -1
vn 0 -6.123234262925839e-17 -1
vn 0 -6.123234262925839e-17 -1
vn 0 -6.123234262925839e-17 -1
vn 0 -6.123234262925839e-17 -1
vn 0 -6.123234262925839e-17 -1
vn 0 -6.123234262925839e-17 -1
vn 0 -6.123234262925839e-17 -1
vn 0 -6.123234262925839e-17 -1
vn 0 -6.123234262925839e-17 -1
vn 0 -6.123234262925839e-17 -1
vn 0 -6.123234262925839e-17 -1
vn 0 -6.123234262925839e-17 -1
vn 0 -6.123234262925839e-17 -1
vn 0 -6.123234262925839e-17 -1
vn 0 -6.123234262925839e-17 -1
vn 0 -6.123234262925839e-17 -1
vn 0 -6.123234262925839e-17 -1
vn 0 -6.123234262925839e-17 -1
vn 0 -6.123234262925839e-17 -1
vn 0 -6.123234262925839e-17 -1
vn 0 -6.123234262925839e-17 -1
vn 0 -6.123234262925839e-17 -1
vn 0 -6.123234262925839e-17 -1
vn 0 -6.123234262925839e-17 -1
vn 0 -6.123234262925839e-17 -1
vn 0 -6.123234262925839e-17 -1
vn 0 -6.123234262925839e-17 -1
vn 0 -6.123234262925839e-17 -1
vn 0 -6.123234262925839e-17 -1
vn 0 -6.123234262925839e-17 -1
vn 0 -6.123234262925839e-17 -1
vn 0 -6.123234262925839e-17 -1
vn 0 -6.123234262925839e-17 -1
vn 0 -6.123234262925839e-17 -1
vn 0 -6.123234262925839e-17 -1
vn 0 -6.123234262925839e-17 -1
vn 0 -6.123234262925839e-17 -1
vn 0 -6.123234262925839e-17 -1
vn 0 -6.123234262925839e-17 -1
vn 0 -6.123234262925839e-17 -1
vn 0 -6.123234262925839e-17 -1
vn 0 -6.123234262925839e-17 -1
vn 0 -6.123234262925839e-17 -1
vn 0 -6.123234262925839e-17 -1
vn 0 -6.123234262925839e-17 -1
vn 0 -6.123234262925839e-17 -1
vn 0 -6.123234262925839e-17 -1
vn 0 -6.123234262925839e-17 -1
f 2057/2057/2057 2106/2106/2106 2058/2058/2058
f 2106/2106/2106 2107/2107/2107 2058/2058/2058
f 2058/2058/2058 2107/2107/2107 2059/2059/2059
f 2107/2107/2107 2108/2108/2108 2059/2059/2059
f 2059/2059/2059 2108/2108/2108 2060/2060/2060
f 2108/2108/2108 2109/2109/2109 2060/2060/2060
f 2060/2060/2060 2109/2109/2109 2061/2061/2061
f 2109/2109/2109 2110/2110/2110 2061/2061/2061
f 2061/2061/2061 2110/2110/2110 2062/2062/2062
f 2110/2110/2110 2111/2111/2111 2062/2062/2062
f 2062/2062/2062 2111/2111/2111 2063/2063/2063
f 2111/2111/2111 2112/2112/2112 2063/2063/2063
f 2063/2063/2063 2112/2112/2112 2064/2064/2064
f 2112/2112/2112 2113/2113/2113 2064/2064/2064
f 2064/2064/2064 2113/2113/2113 2065/2065/2065
f 2113/2113/2113 2114/2114/2114 2065/2065/2065
f 2065/2065/2065 2114/2114/2114 2066/2066/2066
f 2114/2114/2114 2115/2115/2115 2066/2066/2066
f 2066/2066/2066 2115/2115/2115 2067/2067/2067
f 2115/2115/2115 2116/2116/2116 2067/2067/2067
f 2067/2067/2067 2116/2116/2116 2068/2068/2068
f 2116/2116/2116 2117/2117/2117 2068/2068/2068
f 2068/2068/2068 2117/2117/2117 2069/2069/2069
f 2117/2117/2117 2118/2118/2118 2069/2069/2069
f 2069/2069/2069 2118/2118/2118 2070/2070/2070
f 2118/2118/2118 2119/2119/2119 2070/2070/2070
f 2070/2070/2070 2119/2119/2119 2071/2071/2071
f 2119/2119/2119 2120/2120/2120 2071/2071/2071
f 2071/2071/2071 2120/2120/2120 2072/2072/2072
f 2120/2120/2120 2121/2121/2121 2072/2072/2072
f 2072/2072/2072 2121/2121/2121 2073/2073/2073
f 2121/2121/2121 2122/2122/2122 2073/2073/2073
f 2073/2073/2073 2122/2122/2122 2074/2074/2074
f 2122/2122/2122 2123/2123/2123 2074/2074/2074
f 2074/2074/2074 2123/2123/2123 2075/2075/2075
f 2123/2123/2123 2124/2124/2124 2075/2075/2075
f 2075/2075/2075 2124/2124/2124 2076/2076/2076
f 2124/2124/2124 2125/2125/2125 2076/2076/2076
f 2076/2076/2076 2125/2125/2125 2077/2077/2077
f 2125/2125/2125 2126/2126/2126 2077/2077/2077
f 2077/2077/2077 2126/2126/2126 2078/2078/2078
f 2126/2126/2126 2127/2127/2127 2078/2078/2078
f 2078/2078/2078 2127/2127/2127 2079/2079/2079
f 2127/2127/2127 2128/2128/2128 2079/2079/2079
f 2079/2079/2079 2128/2128/2128 2080/2080/2080
f 2128/2128/2128 2129/2129/2129 2080/2080/2080
f 2080/2080/2080 2129/2129/2129 2081/2081/2081
f 2129/2129/2129 2130/2130/2130 2081/2081/2081
f 2081/2081/2081 2130/2130/2130 2082/2082/2082
f 2130/2130/2130 2131/2131/2131 2082/2082/2082
f 2082/2082/2082 2131/2131/2131 2083/2083/2083
f 2131/2131/2131 2132/2132/2132 2083/2083/2083
f 2083/2083/2083 2132/2132/2132 2084/2084/2084
f 2132/2132/2132 2133/2133/2133 2084/2084/2084
f 2084/2084/2084 2133/2133/2133 2085/2085/2085
f 2133/2133/2133 2134/2134/2134 2085/2085/2085
f 2085/2085/2085 2134/2134/2134 2086/2086/2086
f 2134/2134/2134 2135/2135/2135 2086/2086/2086
f 2086/2086/2086 2135/2135/2135 2087/2087/2087
f 2135/2135/2135 2136/2136/2136 2087/2087/2087
f 2087/2087/2087 2136/2136/2136 2088/2088/2088
f 2136/2136/2136 2137/2137/2137 2088/2088/2088
f 2088/2088/2088 2137/2137/2137 2089/2089/2089
f 2137/2137/2137 2138/2138/2138 2089/2089/2089
f 2089/2089/2089 2138/2138/2138 2090/2090/2090
f 2138/2138/2138 2139/2139/2139 2090/2090/2090
f 2090/2090/2090 2139/2139/2139 2091/2091/2091
f 2139/2139/2139 2140/2140/2140 2091/2091/2091
f 2091/2091/2091 2140/2140/2140 2092/2092/2092
f 2140/2140/2140 2141/2141/2141 2092/2092/2092
f 2092/2092/2092 2141/2141/2141 2093/2093/2093
f 2141/2141/2141 2142/2142/2142 2093/2093/2093
f 2093/2093/2093 2142/2142/2142 2094/2094/2094
f 2142/2142/2142 2143/2143/2143 2094/2094/2094
f 2094/2094/2094 2143/2143/2143 2095/2095/2095
f 2143/2143/2143 2144/2144/2144 2095/2095/2095
f 2095/2095/2095 2144/2144/2144 2096/2096/2096
f 2144/2144/2144 2145/2145/2145 2096/2096/2096
f 2096/2096/2096 2145/2145/2145 2097/2097/2097
f 2145/2145/2145 2146/2146/2146 2097/2097/2097
f 2097/2097/2097 2146/2146/2146 2098/2098/2098
f 2146/2146/2146 2147/2147/2147 2098/2098/2098
f 2098/2098/2098 2147/2147/2147 2099/2099/2099
f 2147/2147/2147 2148/2148/2148 2099/2099/2099
f 2099/2099/2099 2148/2148/2148 2100/2100/2100
f 2148/2148/2148 2149/2149/2149 2100/2100/2100
f 2100/2100/2100 2149/2149/2149 2101/2101/2101
f 2149/2149/2149 2150/2150/2150 2101/2101/2101
f 2101/2101/2101 2150/2150/2150 2102/2102/2102
f 2150/2150/2150 2151/2151/2151 2102/2102/2102
f 2102/2102/2102 2151/2151/2151 2103/2103/2103
f 2151/2151/2151 2152/2152/2152 2103/2103/2103
f 2103/2103/2103 2152/2152/2152 2104/2104/2104
f 2152/2152/2152 2153/2153/2153 2104/2104/2104
f 2104/2104/2104 2153/2153/2153 2105/2105/2105
f 2153/2153/2153 2154/2154/2154 2105/2105/2105
f 2203/2203/2203 2204/2204/2204 2155/2155/2155
f 2204/2204/2204 2205/2205/2205 2156/2156/2156
f 2205/2205/2205 2206/2206/2206 2157/2157/2157
f 2206/2206/2206 2207/2207/2207 2158/2158/2158
f 2207/2207/2207 2208/2208/2208 2159/2159/2159
f 2208/2208/2208 2209/2209/2209 2160/2160/2160
f 2209/2209/2209 2210/2210/2210 2161/2161/2161
f 2210/2210/2210 2211/2211/2211 2162/2162/2162
f 2211/2211/2211 2212/2212/2212 2163/2163/2163
f 2212/2212/2212 2213/2213/2213 2164/2164/2164
f 2213/2213/2213 2214/2214/2214 2165/2165/2165
f 2214/2214/2214 2215/2215/2215 2166/2166/2166
f 2215/2215/2215 2216/2216/2216 2167/2167/2167
f 2216/2216/2216 2217/2217/2217 2168/2168/2168
f 2217/2217/2217 2218/2218/2218 2169/2169/2169
f 2218/2218/2218 2219/2219/2219 2170/2170/2170
f 2219/2219/2219 2220/2220/2220 2171/2171/2171
f 2220/2220/2220 2221/2221/2221 2172/2172/2172
f 2221/2221/2221 2222/2222/2222 2173/2173/2173
f 2222/2222/2222 2223/2223/2223 2174/2174/2174
f 2223/2223/2223 2224/2224/2224 2175/2175/2175
f 2224/2224/2224 2225/2225/2225 2176/2176/2176
f 2225/2225/2225 2226/2226/2226 2177/2177/2177
f 2226/2226/2226 2227/2227/2227 2178/2178/2178
f 2227/2227/2227 2228/2228/2228 2179/2179/2179
f 2228/2228/2228 2229/2229/2229 2180/2180/2180
f 2229/2229/2229 2230/2230/2230 2181/2181/2181
f 2230/2230/2230 2231/2231/2231 2182/2182/2182
f 2231/2231/2231 2232/2232/2232 2183/2183/2183
f 2232/2232/2232 2233/2233/2233 2184/2184/2184
f 2233/2233/2233 2234/2234/2234 2185/2185/2185
f 2234/2234/2234 2235/2235/2235 2186/2186/2186
f 2235/2235/2235 2236/2236/2236 2187/2187/2187
f 2236/2236/2236 2237/2237/2237 2188/2188/2188
f 2237/2237/2237 2238/2238/2238 2189/2189/2189
f 2238/2238/2238 2239/2239/2239 2190/2190/2190
f 2239/2239/2239 2240/2240/2240 2191/2191/2191
f 2240/2240/2240 2241/2241/2241 2192/2192/2192
f 2241/2241/2241 2242/2242/2242 2193/2193/2193
f 2242/2242/2242 2243/2243/2243 2194/2194/2194
f 2243/2243/2243 2244/2244/2244 2195/2195/2195
f 2244/2244/2244 2245/2245/2245 2196/2196/2196
f 2245/2245/2245 2246/2246/2246 2197/2197/2197
f 2246/2246/2246 2247/2247/2247 2198/2198/2198
f 2247/2247/2247 2248/2248/2248 2199/2199/2199
f 2248/2248/2248 2249/2249/2249 2200/2200/2200
f 2249/2249/2249 2250/2250/2250 2201/2201/2201
f 2250/2250/2250 2251/2251/2251 2202/2202/2202
f 2301/2301/2301 2300/2300/2300 2252/2252/2252
f 2302/2302/2302 2301/2301/2301 2253/2253/2253
f 2303/2303/2303 2302/2302/2302 2254/2254/2254
f 2304/2304/2304 2303/2303/2303 2255/2255/2255
f 2305/2305/2305 2304/2304/2304 2256/2256/2256
f 2306/2306/2306 2305/2305/2305 2257/2257/2257
f 2307/2307/2307 2306/2306/2306 2258/2258/2258
f 2308/2308/2308 2307/2307/2307 2259/2259/2259
f 2309/2309/2309 2308/2308/2308 2260/2260/2260
f 2310/2310/2310 2309/2309/2309 2261/2261/2261
f 2311/2311/2311 2310/2310/2310 2262/2262/2262
f 2312/2312/2312 2311/2311/2311 2263/2263/2263
f 2313/2313/2313 2312/2312/2312 2264/2264/2264
f 2314/2314/2314 2313/2313/2313 2265/2265/2265
f 2315/2315/2315 2314/2314/2314 2266/2266/2266
f 2316/2316/2316 2315/2315/2315 2267/2267/2267
f 2317/2317/2317 2316/2316/2316 2268/2268/2268
f 2318/2318/2318 2317/2317/2317 2269/2269/2269
f 2319/2319/2319 2318/2318/2318 2270/2270/2270
f 2320/2320/2320 2319/2319/2319 2271/2271/2271
f 2321/2321/2321 2320/2320/2320 2272/2272/2272
f 2322/2322/2322 2321/2321/2321 2273/2273/2273
f 2323/2323/2323 2322/2322/2322 2274/2274/2274
f 2324/2324/2324 2323/2323/2323 2275/2275/2275
f 2325/2325/2325 2324/2324/2324 2276/2276/2276
f 2326/2326/2326 2325/2325/2325 2277/2277/2277
f 2327/2327/2327 2326/2326/2326 2278/2278/2278
f 2328/2328/2328 2327/2327/2327 2279/2279/2279
f 2329/2329/2329 2328/2328/2328 2280/2280/2280
f 2330/2330/2330 2329/2329/2329 2281/2281/2281
f 2331/2331/2331 2330/2330/2330 2282/2282/2282
f 2332/2332/2332 2331/2331/2331 2283/2283/2283
f 2333/2333/2333 2332/2332/2332 2284/2284/2284
f 2334/2334/2334 2333/2333/2333 2285/2285/2285
f 2335/2335/2335 2334/2334/2334 2286/2286/2286
f 2336/2336/2336 2335/2335/2335 2287/2287/2287
f 2337/2337/2337 2336/2336/2336 2288/2288/2288
f 2338/2338/2338 2337/2337/2337 2289/2289/2289
f 2339/2339/2339 2338/2338/2338 2290/2290/2290
f 2340/2340/2340 2339/2339/2339 2291/2291/2291
f 2341/2341/2341 2340/2340/2340 2292/2292/2292
f 2342/2342/2342 2341/2341/2341 2293/2293/2293
f 2343/2343/2343 2342/2342/2342 2294/2294/2294
f 2344/2344/2344 2343/2343/2343 2295/2295/2295
f 2345/2345/2345 2344/2344/2344 2296/2296/2296
f 2346/2346/2346 2345/2345/2345 2297/2297/2297
f 2347/2347/2347 2346/2346/2346 2298/2298/2298
f 2348/2348/2348 2347/2347/2347 2299/2299/2299
o foot_boss_n0_32_n0_27
usemtl flange_steel
v -0.32 -0.3079999987781048 0.0880000002682209
v -0.31504000460729004 -0.3076749038696289 0.0880000002682209
v -0.3101648759841919 -0.3067051810026169 0.0880000002682209
v -0.3054580294340849 -0.3051074226200581 0.0880000002682209
v -0.3010000006109476 -0.30290896490216257 0.0880000002682209
v -0.29686706483364106 -0.3001474276930094 0.0880000002682209
v -0.29312994301319123 -0.2968700569868088 0.0880000002682209
v -0.28985257230699063 -0.29313293516635897 0.0880000002682209
v -0.28709103509783745 -0.2889999993890524 0.0880000002682209
v -0.28489257737994195 -0.2845419705659151 0.0880000002682209
v -0.2832948189973831 -0.2798351240158081 0.0880000002682209
v -0.2823250961303711 -0.27495999539271 0.0880000002682209
v -0.2820000012218952 -0.27 0.0880000002682209
v -0.2823250961303711 -0.26504000460729005 0.0880000002682209
v -0.2832948189973831 -0.2601648759841919 0.0880000002682209
v -0.28489257737994195 -0.2554580294340849 0.0880000002682209
v -0.28709103509783745 -0.2510000006109476 0.0880000002682209
v -0.28985257230699063 -0.24686706483364107 0.0880000002682209
v -0.29312994301319123 -0.24312994301319124 0.0880000002682209
v -0.29686706483364106 -0.23985257230699064 0.0880000002682209
v -0.3010000006109476 -0.23709103509783747 0.0880000002682209
v -0.3054580294340849 -0.23489257737994196 0.0880000002682209
v -0.3101648759841919 -0.23329481899738314 0.0880000002682209
v -0.31504000460729004 -0.2323250961303711 0.0880000002682209
v -0.32 -0.23200000122189524 0.0880000002682209
v -0.32495999539271 -0.2323250961303711 0.0880000002682209
v -0.3298351240158081 -0.23329481899738314 0.0880000002682209
v -0.3345419705659151 -0.23489257737994196 0.0880000002682209
v -0.3389999993890524 -0.23709103509783747 0.0880000002682209
v -0.34313293516635895 -0.23985257230699064 0.0880000002682209
v -0.3468700569868088 -0.24312994301319124 0.0880000002682209
v -0.3501474276930094 -0.24686706483364107 0.0880000002682209
v -0.35290896490216256 -0.2510000006109476 0.0880000002682209
v -0.35510742262005807 -0.2554580294340849 0.0880000002682209
v -0.3567051810026169 -0.2601648759841919 0.0880000002682209
v -0.3576749038696289 -0.26504000460729005 0.0880000002682209
v -0.3579999987781048 -0.27 0.0880000002682209
v -0.3576749038696289 -0.27495999539271 0.0880000002682209
v -0.3567051810026169 -0.2798351240158081 0.0880000002682209
v -0.35510742262005807 -0.2845419705659151 0.0880000002682209
v -0.35290896490216256 -0.2889999993890524 0.0880000002682209
v -0.3501474276930094 -0.29313293516635897 0.0880000002682209
v -0.3468700569868088 -0.2968700569868088 0.0880000002682209
v -0.34313293516635895 -0.3001474276930094 0.0880000002682209
v -0.3389999993890524 -0.30290896490216257 0.0880000002682209
v -0.3345419705659151 -0.3051074226200581 0.0880000002682209
v -0.3298351240158081 -0.3067051810026169 0.0880000002682209
v -0.32495999539271 -0.3076749038696289 0.0880000002682209
v -0.32 -0.3079999987781048 0.0880000002682209
v -0.32 -0.3079999987781048 0.061999999731779096
v -0.31504000460729004 -0.3076749038696289 0.061999999731779096
v -0.3101648759841919 -0.3067051810026169 0.061999999731779096
v -0.3054580294340849 -0.3051074226200581 0.061999999731779096
v -0.3010000006109476 -0.30290896490216257 0.061999999731779096
v -0.29686706483364106 -0.3001474276930094 0.061999999731779096
v -0.29312994301319123 -0.2968700569868088 0.061999999731779096
v -0.28985257230699063 -0.29313293516635897 0.061999999731779096
v -0.28709103509783745 -0.2889999993890524 0.061999999731779096
v -0.28489257737994195 -0.2845419705659151 0.061999999731779096
v -0.2832948189973831 -0.2798351240158081 0.061999999731779096
v -0.2823250961303711 -0.27495999539271 0.061999999731779096
v -0.2820000012218952 -0.27 0.061999999731779096
v -0.2823250961303711 -0.26504000460729005 0.061999999731779096
v -0.2832948189973831 -0.2601648759841919 0.061999999731779096
v -0.28489257737994195 -0.2554580294340849 0.061999999731779096
v -0.28709103509783745 -0.2510000006109476 0.061999999731779096
v -0.28985257230699063 -0.24686706483364107 0.061999999731779096
v -0.29312994301319123 -0.24312994301319124 0.061999999731779096
v -0.29686706483364106 -0.23985257230699064 0.061999999731779096
v -0.3010000006109476 -0.23709103509783747 0.061999999731779096
v -0.3054580294340849 -0.23489257737994196 0.061999999731779096
v -0.3101648759841919 -0.23329481899738314 0.061999999731779096
v -0.31504000460729004 -0.2323250961303711 0.061999999731779096
v -0.32 -0.23200000122189524 0.061999999731779096
v -0.32495999539271 -0.2323250961303711 0.061999999731779096
v -0.3298351240158081 -0.23329481899738314 0.061999999731779096
v -0.3345419705659151 -0.23489257737994196 0.061999999731779096
v -0.3389999993890524 -0.23709103509783747 0.061999999731779096
v -0.34313293516635895 -0.23985257230699064 0.061999999731779096
v -0.3468700569868088 -0.24312994301319124 0.061999999731779096
v -0.3501474276930094 -0.24686706483364107 0.061999999731779096
v -0.35290896490216256 -0.2510000006109476 0.061999999731779096
v -0.35510742262005807 -0.2554580294340849 0.061999999731779096
v -0.3567051810026169 -0.2601648759841919 0.061999999731779096
v -0.3576749038696289 -0.26504000460729005 0.061999999731779096
v -0.3579999987781048 -0.27 0.061999999731779096
v -0.3576749038696289 -0.27495999539271 0.061999999731779096
v -0.3567051810026169 -0.2798351240158081 0.061999999731779096
v -0.35510742262005807 -0.2845419705659151 0.061999999731779096
v -0.35290896490216256 -0.2889999993890524 0.061999999731779096
v -0.3501474276930094 -0.29313293516635897 0.061999999731779096
v -0.3468700569868088 -0.2968700569868088 0.061999999731779096
v -0.34313293516635895 -0.3001474276930094 0.061999999731779096
v -0.3389999993890524 -0.30290896490216257 0.061999999731779096
v -0.3345419705659151 -0.3051074226200581 0.061999999731779096
v -0.3298351240158081 -0.3067051810026169 0.061999999731779096
v -0.32495999539271 -0.3076749038696289 0.061999999731779096
v -0.32 -0.3079999987781048 0.061999999731779096
v -0.32 -0.27 0.0880000002682209
v -0.32 -0.27 0.0880000002682209
v -0.32 -0.27 0.0880000002682209
v -0.32 -0.27 0.0880000002682209
v -0.32 -0.27 0.0880000002682209
v -0.32 -0.27 0.0880000002682209
v -0.32 -0.27 0.0880000002682209
v -0.32 -0.27 0.0880000002682209
v -0.32 -0.27 0.0880000002682209
v -0.32 -0.27 0.0880000002682209
v -0.32 -0.27 0.0880000002682209
v -0.32 -0.27 0.0880000002682209
v -0.32 -0.27 0.0880000002682209
v -0.32 -0.27 0.0880000002682209
v -0.32 -0.27 0.0880000002682209
v -0.32 -0.27 0.0880000002682209
v -0.32 -0.27 0.0880000002682209
v -0.32 -0.27 0.0880000002682209
v -0.32 -0.27 0.0880000002682209
v -0.32 -0.27 0.0880000002682209
v -0.32 -0.27 0.0880000002682209
v -0.32 -0.27 0.0880000002682209
v -0.32 -0.27 0.0880000002682209
v -0.32 -0.27 0.0880000002682209
v -0.32 -0.27 0.0880000002682209
v -0.32 -0.27 0.0880000002682209
v -0.32 -0.27 0.0880000002682209
v -0.32 -0.27 0.0880000002682209
v -0.32 -0.27 0.0880000002682209
v -0.32 -0.27 0.0880000002682209
v -0.32 -0.27 0.0880000002682209
v -0.32 -0.27 0.0880000002682209
v -0.32 -0.27 0.0880000002682209
v -0.32 -0.27 0.0880000002682209
v -0.32 -0.27 0.0880000002682209
v -0.32 -0.27 0.0880000002682209
v -0.32 -0.27 0.0880000002682209
v -0.32 -0.27 0.0880000002682209
v -0.32 -0.27 0.0880000002682209
v -0.32 -0.27 0.0880000002682209
v -0.32 -0.27 0.0880000002682209
v -0.32 -0.27 0.0880000002682209
v -0.32 -0.27 0.0880000002682209
v -0.32 -0.27 0.0880000002682209
v -0.32 -0.27 0.0880000002682209
v -0.32 -0.27 0.0880000002682209
v -0.32 -0.27 0.0880000002682209
v -0.32 -0.27 0.0880000002682209
v -0.32 -0.3079999987781048 0.0880000002682209
v -0.31504000460729004 -0.3076749038696289 0.0880000002682209
v -0.3101648759841919 -0.3067051810026169 0.0880000002682209
v -0.3054580294340849 -0.3051074226200581 0.0880000002682209
v -0.3010000006109476 -0.30290896490216257 0.0880000002682209
v -0.29686706483364106 -0.3001474276930094 0.0880000002682209
v -0.29312994301319123 -0.2968700569868088 0.0880000002682209
v -0.28985257230699063 -0.29313293516635897 0.0880000002682209
v -0.28709103509783745 -0.2889999993890524 0.0880000002682209
v -0.28489257737994195 -0.2845419705659151 0.0880000002682209
v -0.2832948189973831 -0.2798351240158081 0.0880000002682209
v -0.2823250961303711 -0.27495999539271 0.0880000002682209
v -0.2820000012218952 -0.27 0.0880000002682209
v -0.2823250961303711 -0.26504000460729005 0.0880000002682209
v -0.2832948189973831 -0.2601648759841919 0.0880000002682209
v -0.28489257737994195 -0.2554580294340849 0.0880000002682209
v -0.28709103509783745 -0.2510000006109476 0.0880000002682209
v -0.28985257230699063 -0.24686706483364107 0.0880000002682209
v -0.29312994301319123 -0.24312994301319124 0.0880000002682209
v -0.29686706483364106 -0.23985257230699064 0.0880000002682209
v -0.3010000006109476 -0.23709103509783747 0.0880000002682209
v -0.3054580294340849 -0.23489257737994196 0.0880000002682209
v -0.3101648759841919 -0.23329481899738314 0.0880000002682209
v -0.31504000460729004 -0.2323250961303711 0.0880000002682209
v -0.32 -0.23200000122189524 0.0880000002682209
v -0.32495999539271 -0.2323250961303711 0.0880000002682209
v -0.3298351240158081 -0.23329481899738314 0.0880000002682209
v -0.3345419705659151 -0.23489257737994196 0.0880000002682209
v -0.3389999993890524 -0.23709103509783747 0.0880000002682209
v -0.34313293516635895 -0.23985257230699064 0.0880000002682209
v -0.3468700569868088 -0.24312994301319124 0.0880000002682209
v -0.3501474276930094 -0.24686706483364107 0.0880000002682209
v -0.35290896490216256 -0.2510000006109476 0.0880000002682209
v -0.35510742262005807 -0.2554580294340849 0.0880000002682209
v -0.3567051810026169 -0.2601648759841919 0.0880000002682209
v -0.3576749038696289 -0.26504000460729005 0.0880000002682209
v -0.3579999987781048 -0.27 0.0880000002682209
v -0.3576749038696289 -0.27495999539271 0.0880000002682209
v -0.3567051810026169 -0.2798351240158081 0.0880000002682209
v -0.35510742262005807 -0.2845419705659151 0.0880000002682209
v -0.35290896490216256 -0.2889999993890524 0.0880000002682209
v -0.3501474276930094 -0.29313293516635897 0.0880000002682209
v -0.3468700569868088 -0.2968700569868088 0.0880000002682209
v -0.34313293516635895 -0.3001474276930094 0.0880000002682209
v -0.3389999993890524 -0.30290896490216257 0.0880000002682209
v -0.3345419705659151 -0.3051074226200581 0.0880000002682209
v -0.3298351240158081 -0.3067051810026169 0.0880000002682209
v -0.32495999539271 -0.3076749038696289 0.0880000002682209
v -0.32 -0.3079999987781048 0.0880000002682209
v -0.32 -0.27 0.061999999731779096
v -0.32 -0.27 0.061999999731779096
v -0.32 -0.27 0.061999999731779096
v -0.32 -0.27 0.061999999731779096
v -0.32 -0.27 0.061999999731779096
v -0.32 -0.27 0.061999999731779096
v -0.32 -0.27 0.061999999731779096
v -0.32 -0.27 0.061999999731779096
v -0.32 -0.27 0.061999999731779096
v -0.32 -0.27 0.061999999731779096
v -0.32 -0.27 0.061999999731779096
v -0.32 -0.27 0.061999999731779096
v -0.32 -0.27 0.061999999731779096
v -0.32 -0.27 0.061999999731779096
v -0.32 -0.27 0.061999999731779096
v -0.32 -0.27 0.061999999731779096
v -0.32 -0.27 0.061999999731779096
v -0.32 -0.27 0.061999999731779096
v -0.32 -0.27 0.061999999731779096
v -0.32 -0.27 0.061999999731779096
v -0.32 -0.27 0.061999999731779096
v -0.32 -0.27 0.061999999731779096
v -0.32 -0.27 0.061999999731779096
v -0.32 -0.27 0.061999999731779096
v -0.32 -0.27 0.061999999731779096
v -0.32 -0.27 0.061999999731779096
v -0.32 -0.27 0.061999999731779096
v -0.32 -0.27 0.061999999731779096
v -0.32 -0.27 0.061999999731779096
v -0.32 -0.27 0.061999999731779096
v -0.32 -0.27 0.061999999731779096
v -0.32 -0.27 0.061999999731779096
v -0.32 -0.27 0.061999999731779096
v -0.32 -0.27 0.061999999731779096
v -0.32 -0.27 0.061999999731779096
v -0.32 -0.27 0.061999999731779096
v -0.32 -0.27 0.061999999731779096
v -0.32 -0.27 0.061999999731779096
v -0.32 -0.27 0.061999999731779096
v -0.32 -0.27 0.061999999731779096
v -0.32 -0.27 0.061999999731779096
v -0.32 -0.27 0.061999999731779096
v -0.32 -0.27 0.061999999731779096
v -0.32 -0.27 0.061999999731779096
v -0.32 -0.27 0.061999999731779096
v -0.32 -0.27 0.061999999731779096
v -0.32 -0.27 0.061999999731779096
v -0.32 -0.27 0.061999999731779096
v -0.32 -0.3079999987781048 0.061999999731779096
v -0.31504000460729004 -0.3076749038696289 0.061999999731779096
v -0.3101648759841919 -0.3067051810026169 0.061999999731779096
v -0.3054580294340849 -0.3051074226200581 0.061999999731779096
v -0.3010000006109476 -0.30290896490216257 0.061999999731779096
v -0.29686706483364106 -0.3001474276930094 0.061999999731779096
v -0.29312994301319123 -0.2968700569868088 0.061999999731779096
v -0.28985257230699063 -0.29313293516635897 0.061999999731779096
v -0.28709103509783745 -0.2889999993890524 0.061999999731779096
v -0.28489257737994195 -0.2845419705659151 0.061999999731779096
v -0.2832948189973831 -0.2798351240158081 0.061999999731779096
v -0.2823250961303711 -0.27495999539271 0.061999999731779096
v -0.2820000012218952 -0.27 0.061999999731779096
v -0.2823250961303711 -0.26504000460729005 0.061999999731779096
v -0.2832948189973831 -0.2601648759841919 0.061999999731779096
v -0.28489257737994195 -0.2554580294340849 0.061999999731779096
v -0.28709103509783745 -0.2510000006109476 0.061999999731779096
v -0.28985257230699063 -0.24686706483364107 0.061999999731779096
v -0.29312994301319123 -0.24312994301319124 0.061999999731779096
v -0.29686706483364106 -0.23985257230699064 0.061999999731779096
v -0.3010000006109476 -0.23709103509783747 0.061999999731779096
v -0.3054580294340849 -0.23489257737994196 0.061999999731779096
v -0.3101648759841919 -0.23329481899738314 0.061999999731779096
v -0.31504000460729004 -0.2323250961303711 0.061999999731779096
v -0.32 -0.23200000122189524 0.061999999731779096
v -0.32495999539271 -0.2323250961303711 0.061999999731779096
v -0.3298351240158081 -0.23329481899738314 0.061999999731779096
v -0.3345419705659151 -0.23489257737994196 0.061999999731779096
v -0.3389999993890524 -0.23709103509783747 0.061999999731779096
v -0.34313293516635895 -0.23985257230699064 0.061999999731779096
v -0.3468700569868088 -0.24312994301319124 0.061999999731779096
v -0.3501474276930094 -0.24686706483364107 0.061999999731779096
v -0.35290896490216256 -0.2510000006109476 0.061999999731779096
v -0.35510742262005807 -0.2554580294340849 0.061999999731779096
v -0.3567051810026169 -0.2601648759841919 0.061999999731779096
v -0.3576749038696289 -0.26504000460729005 0.061999999731779096
v -0.3579999987781048 -0.27 0.061999999731779096
v -0.3576749038696289 -0.27495999539271 0.061999999731779096
v -0.3567051810026169 -0.2798351240158081 0.061999999731779096
v -0.35510742262005807 -0.2845419705659151 0.061999999731779096
v -0.35290896490216256 -0.2889999993890524 0.061999999731779096
v -0.3501474276930094 -0.29313293516635897 0.061999999731779096
v -0.3468700569868088 -0.2968700569868088 0.061999999731779096
v -0.34313293516635895 -0.3001474276930094 0.061999999731779096
v -0.3389999993890524 -0.30290896490216257 0.061999999731779096
v -0.3345419705659151 -0.3051074226200581 0.061999999731779096
v -0.3298351240158081 -0.3067051810026169 0.061999999731779096
v -0.32495999539271 -0.3076749038696289 0.061999999731779096
v -0.32 -0.3079999987781048 0.061999999731779096
vt 0 1
vt 0.02083333395421505 1
vt 0.0416666679084301 1
vt 0.0625 1
vt 0.0833333358168602 1
vt 0.1041666641831398 1
vt 0.125 1
vt 0.1458333283662796 1
vt 0.1666666716337204 1
vt 0.1875 1
vt 0.2083333283662796 1
vt 0.2291666716337204 1
vt 0.25 1
vt 0.2708333432674408 1
vt 0.2916666567325592 1
vt 0.3125 1
vt 0.3333333432674408 1
vt 0.3541666567325592 1
vt 0.375 1
vt 0.3958333432674408 1
vt 0.4166666567325592 1
vt 0.4375 1
vt 0.4583333432674408 1
vt 0.4791666567325592 1
vt 0.5 1
vt 0.5208333134651184 1
vt 0.5416666865348816 1
vt 0.5625 1
vt 0.5833333134651184 1
vt 0.6041666865348816 1
vt 0.625 1
vt 0.6458333134651184 1
vt 0.6666666865348816 1
vt 0.6875 1
vt 0.7083333134651184 1
vt 0.7291666865348816 1
vt 0.75 1
vt 0.7708333134651184 1
vt 0.7916666865348816 1
vt 0.8125 1
vt 0.8333333134651184 1
vt 0.8541666865348816 1
vt 0.875 1
vt 0.8958333134651184 1
vt 0.9166666865348816 1
vt 0.9375 1
vt 0.9583333134651184 1
vt 0.9791666865348816 1
vt 1 1
vt 0 0
vt 0.02083333395421505 0
vt 0.0416666679084301 0
vt 0.0625 0
vt 0.0833333358168602 0
vt 0.1041666641831398 0
vt 0.125 0
vt 0.1458333283662796 0
vt 0.1666666716337204 0
vt 0.1875 0
vt 0.2083333283662796 0
vt 0.2291666716337204 0
vt 0.25 0
vt 0.2708333432674408 0
vt 0.2916666567325592 0
vt 0.3125 0
vt 0.3333333432674408 0
vt 0.3541666567325592 0
vt 0.375 0
vt 0.3958333432674408 0
vt 0.4166666567325592 0
vt 0.4375 0
vt 0.4583333432674408 0
vt 0.4791666567325592 0
vt 0.5 0
vt 0.5208333134651184 0
vt 0.5416666865348816 0
vt 0.5625 0
vt 0.5833333134651184 0
vt 0.6041666865348816 0
vt 0.625 0
vt 0.6458333134651184 0
vt 0.6666666865348816 0
vt 0.6875 0
vt 0.7083333134651184 0
vt 0.7291666865348816 0
vt 0.75 0
vt 0.7708333134651184 0
vt 0.7916666865348816 0
vt 0.8125 0
vt 0.8333333134651184 0
vt 0.8541666865348816 0
vt 0.875 0
vt 0.8958333134651184 0
vt 0.9166666865348816 0
vt 0.9375 0
vt 0.9583333134651184 0
vt 0.9791666865348816 0
vt 1 0
vt 0.5 0.5
vt 0.5 0.5
vt 0.5 0.5
vt 0.5 0.5
vt 0.5 0.5
vt 0.5 0.5
vt 0.5 0.5
vt 0.5 0.5
vt 0.5 0.5
vt 0.5 0.5
vt 0.5 0.5
vt 0.5 0.5
vt 0.5 0.5
vt 0.5 0.5
vt 0.5 0.5
vt 0.5 0.5
vt 0.5 0.5
vt 0.5 0.5
vt 0.5 0.5
vt 0.5 0.5
vt 0.5 0.5
vt 0.5 0.5
vt 0.5 0.5
vt 0.5 0.5
vt 0.5 0.5
vt 0.5 0.5
vt 0.5 0.5
vt 0.5 0.5
vt 0.5 0.5
vt 0.5 0.5
vt 0.5 0.5
vt 0.5 0.5
vt 0.5 0.5
vt 0.5 0.5
vt 0.5 0.5
vt 0.5 0.5
vt 0.5 0.5
vt 0.5 0.5
vt 0.5 0.5
vt 0.5 0.5
vt 0.5 0.5
vt 0.5 0.5
vt 0.5 0.5
vt 0.5 0.5
vt 0.5 0.5
vt 0.5 0.5
vt 0.5 0.5
vt 0.5 0.5
vt 1 0.5
vt 0.9957224130630493 0.5652630925178528
vt 0.9829629063606262 0.6294095516204834
vt 0.9619397521018982 0.6913416981697083
vt 0.9330127239227295 0.75
vt 0.8966766595840454 0.8043807148933411
vt 0.8535534143447876 0.8535534143447876
vt 0.8043807148933411 0.8966766595840454
vt 0.75 0.9330127239227295
vt 0.6913416981697083 0.9619397521018982
vt 0.6294095516204834 0.9829629063606262
vt 0.5652630925178528 0.9957224130630493
vt 0.5 1
vt 0.4347369074821472 0.9957224130630493
vt 0.370590478181839 0.9829629063606262
vt 0.30865827202796936 0.9619397521018982
vt 0.25 0.9330127239227295
vt 0.19561928510665894 0.8966766595840454
vt 0.1464466154575348 0.8535534143447876
vt 0.10332333296537399 0.8043807148933411
vt 0.0669872984290123 0.75
vt 0.03806023299694061 0.6913416981697083
vt 0.017037086188793182 0.6294095516204834
vt 0.004277569241821766 0.5652630925178528
vt 0 0.5
vt 0.004277569241821766 0.4347369074821472
vt 0.017037086188793182 0.370590478181839
vt 0.03806023299694061 0.30865827202796936
vt 0.0669872984290123 0.25
vt 0.10332333296537399 0.19561928510665894
vt 0.1464466154575348 0.1464466154575348
vt 0.19561928510665894 0.10332333296537399
vt 0.25 0.0669872984290123
vt 0.30865827202796936 0.03806023299694061
vt 0.370590478181839 0.017037086188793182
vt 0.4347369074821472 0.004277569241821766
vt 0.5 0
vt 0.5652630925178528 0.004277569241821766
vt 0.6294095516204834 0.017037086188793182
vt 0.6913416981697083 0.03806023299694061
vt 0.75 0.0669872984290123
vt 0.8043807148933411 0.10332333296537399
vt 0.8535534143447876 0.1464466154575348
vt 0.8966766595840454 0.19561928510665894
vt 0.9330127239227295 0.25
vt 0.9619397521018982 0.30865827202796936
vt 0.9829629063606262 0.370590478181839
vt 0.9957224130630493 0.4347369074821472
vt 1 0.5
vt 0.5 0.5
vt 0.5 0.5
vt 0.5 0.5
vt 0.5 0.5
vt 0.5 0.5
vt 0.5 0.5
vt 0.5 0.5
vt 0.5 0.5
vt 0.5 0.5
vt 0.5 0.5
vt 0.5 0.5
vt 0.5 0.5
vt 0.5 0.5
vt 0.5 0.5
vt 0.5 0.5
vt 0.5 0.5
vt 0.5 0.5
vt 0.5 0.5
vt 0.5 0.5
vt 0.5 0.5
vt 0.5 0.5
vt 0.5 0.5
vt 0.5 0.5
vt 0.5 0.5
vt 0.5 0.5
vt 0.5 0.5
vt 0.5 0.5
vt 0.5 0.5
vt 0.5 0.5
vt 0.5 0.5
vt 0.5 0.5
vt 0.5 0.5
vt 0.5 0.5
vt 0.5 0.5
vt 0.5 0.5
vt 0.5 0.5
vt 0.5 0.5
vt 0.5 0.5
vt 0.5 0.5
vt 0.5 0.5
vt 0.5 0.5
vt 0.5 0.5
vt 0.5 0.5
vt 0.5 0.5
vt 0.5 0.5
vt 0.5 0.5
vt 0.5 0.5
vt 0.5 0.5
vt 1 0.5
vt 0.9957224130630493 0.4347369074821472
vt 0.9829629063606262 0.370590478181839
vt 0.9619397521018982 0.30865827202796936
vt 0.9330127239227295 0.25
vt 0.8966766595840454 0.19561928510665894
vt 0.8535534143447876 0.1464466154575348
vt 0.8043807148933411 0.10332333296537399
vt 0.75 0.0669872984290123
vt 0.6913416981697083 0.03806023299694061
vt 0.6294095516204834 0.017037086188793182
vt 0.5652630925178528 0.004277569241821766
vt 0.5 0
vt 0.4347369074821472 0.004277569241821766
vt 0.370590478181839 0.017037086188793182
vt 0.30865827202796936 0.03806023299694061
vt 0.25 0.0669872984290123
vt 0.19561928510665894 0.10332333296537399
vt 0.1464466154575348 0.1464466154575348
vt 0.10332333296537399 0.19561928510665894
vt 0.0669872984290123 0.25
vt 0.03806023299694061 0.30865827202796936
vt 0.017037086188793182 0.370590478181839
vt 0.004277569241821766 0.4347369074821472
vt 0 0.5
vt 0.004277569241821766 0.5652630925178528
vt 0.017037086188793182 0.6294095516204834
vt 0.03806023299694061 0.6913416981697083
vt 0.0669872984290123 0.75
vt 0.10332333296537399 0.8043807148933411
vt 0.1464466154575348 0.8535534143447876
vt 0.19561928510665894 0.8966766595840454
vt 0.25 0.9330127239227295
vt 0.30865827202796936 0.9619397521018982
vt 0.370590478181839 0.9829629063606262
vt 0.4347369074821472 0.9957224130630493
vt 0.5 1
vt 0.5652630925178528 0.9957224130630493
vt 0.6294095516204834 0.9829629063606262
vt 0.6913416981697083 0.9619397521018982
vt 0.75 0.9330127239227295
vt 0.8043807148933411 0.8966766595840454
vt 0.8535534143447876 0.8535534143447876
vt 0.8966766595840454 0.8043807148933411
vt 0.9330127239227295 0.75
vt 0.9619397521018982 0.6913416981697083
vt 0.9829629063606262 0.6294095516204834
vt 0.9957224130630493 0.5652630925178528
vt 1 0.5
vn 0 -1 6.123234262925839e-17
vn 0.13052618200608704 -0.9914448627185043 6.070848442951297e-17
vn 0.2588190471264927 -0.9659258257467466 5.914589613696059e-17
vn 0.3826834370613369 -0.9238795305660377 5.657130722319695e-17
vn 0.5000000067305869 -0.8660253998985324 5.302876307448087e-17
vn 0.6087614397000725 -0.7933533320874723 4.85788821807799e-17
vn 0.7071067811865476 -0.7071067811865476 4.329780375814312e-17
vn 0.7933533320874723 -0.6087614397000725 3.7275889060097443e-17
vn 0.8660253998985324 -0.5000000067305869 3.06161717267588e-17
vn 0.9238795305660377 -0.3826834370613369 2.3432603017245014e-17
vn 0.9659258257467466 -0.2588190471264927 1.5848095844680132e-17
vn 0.9914448627185043 -0.13052618200608704 7.992423206588031e-18
vn 1 -6.123234262925839e-17 3.74939976039497e-33
vn 0.9914448627185043 0.13052618200608704 -7.992423206588031e-18
vn 0.9659258257467466 0.2588190471264927 -1.5848095844680132e-17
vn 0.9238795305660377 0.3826834370613369 -2.3432603017245014e-17
vn 0.8660253998985324 0.5000000067305869 -3.06161717267588e-17
vn 0.7933533320874723 0.6087614397000725 -3.7275889060097443e-17
vn 0.7071067811865476 0.7071067811865476 -4.329780375814312e-17
vn 0.6087614397000725 0.7933533320874723 -4.85788821807799e-17
vn 0.5000000067305869 0.8660253998985324 -5.302876307448087e-17
vn 0.3826834370613369 0.9238795305660377 -5.657130722319695e-17
vn 0.2588190471264927 0.9659258257467466 -5.914589613696059e-17
vn 0.13052618200608704 0.9914448627185043 -6.070848442951297e-17
vn 1.2246468525851679e-16 1 -6.123234262925839e-17
vn -0.13052618200608704 0.9914448627185043 -6.070848442951297e-17
vn -0.2588190471264927 0.9659258257467466 -5.914589613696059e-17
vn -0.3826834370613369 0.9238795305660377 -5.657130722319695e-17
vn -0.5000000067305869 0.8660253998985324 -5.302876307448087e-17
vn -0.6087614397000725 0.7933533320874723 -4.85788821807799e-17
vn -0.7071067811865476 0.7071067811865476 -4.329780375814312e-17
vn -0.7933533320874723 0.6087614397000725 -3.7275889060097443e-17
vn -0.8660253998985324 0.5000000067305869 -3.06161717267588e-17
vn -0.9238795305660377 0.3826834370613369 -2.3432603017245014e-17
vn -0.9659258257467466 0.2588190471264927 -1.5848095844680132e-17
vn -0.9914448627185043 0.13052618200608704 -7.992423206588031e-18
vn -1 1.8369701465288538e-16 -1.1248198179158957e-32
vn -0.9914448627185043 -0.13052618200608704 7.992423206588031e-18
vn -0.9659258257467466 -0.2588190471264927 1.5848095844680132e-17
vn -0.9238795305660377 -0.3826834370613369 2.3432603017245014e-17
vn -0.8660253998985324 -0.5000000067305869 3.06161717267588e-17
vn -0.7933533320874723 -0.6087614397000725 3.7275889060097443e-17
vn -0.7071067811865476 -0.7071067811865476 4.329780375814312e-17
vn -0.6087614397000725 -0.7933533320874723 4.85788821807799e-17
vn -0.5000000067305869 -0.8660253998985324 5.302876307448087e-17
vn -0.3826834370613369 -0.9238795305660377 5.657130722319695e-17
vn -0.2588190471264927 -0.9659258257467466 5.914589613696059e-17
vn -0.13052618200608704 -0.9914448627185043 6.070848442951297e-17
vn -2.4492937051703357e-16 -1 6.123234262925839e-17
vn 0 -1 6.123234262925839e-17
vn 0.13052618200608704 -0.9914448627185043 6.070848442951297e-17
vn 0.2588190471264927 -0.9659258257467466 5.914589613696059e-17
vn 0.3826834370613369 -0.9238795305660377 5.657130722319695e-17
vn 0.5000000067305869 -0.8660253998985324 5.302876307448087e-17
vn 0.6087614397000725 -0.7933533320874723 4.85788821807799e-17
vn 0.7071067811865476 -0.7071067811865476 4.329780375814312e-17
vn 0.7933533320874723 -0.6087614397000725 3.7275889060097443e-17
vn 0.8660253998985324 -0.5000000067305869 3.06161717267588e-17
vn 0.9238795305660377 -0.3826834370613369 2.3432603017245014e-17
vn 0.9659258257467466 -0.2588190471264927 1.5848095844680132e-17
vn 0.9914448627185043 -0.13052618200608704 7.992423206588031e-18
vn 1 -6.123234262925839e-17 3.74939976039497e-33
vn 0.9914448627185043 0.13052618200608704 -7.992423206588031e-18
vn 0.9659258257467466 0.2588190471264927 -1.5848095844680132e-17
vn 0.9238795305660377 0.3826834370613369 -2.3432603017245014e-17
vn 0.8660253998985324 0.5000000067305869 -3.06161717267588e-17
vn 0.7933533320874723 0.6087614397000725 -3.7275889060097443e-17
vn 0.7071067811865476 0.7071067811865476 -4.329780375814312e-17
vn 0.6087614397000725 0.7933533320874723 -4.85788821807799e-17
vn 0.5000000067305869 0.8660253998985324 -5.302876307448087e-17
vn 0.3826834370613369 0.9238795305660377 -5.657130722319695e-17
vn 0.2588190471264927 0.9659258257467466 -5.914589613696059e-17
vn 0.13052618200608704 0.9914448627185043 -6.070848442951297e-17
vn 1.2246468525851679e-16 1 -6.123234262925839e-17
vn -0.13052618200608704 0.9914448627185043 -6.070848442951297e-17
vn -0.2588190471264927 0.9659258257467466 -5.914589613696059e-17
vn -0.3826834370613369 0.9238795305660377 -5.657130722319695e-17
vn -0.5000000067305869 0.8660253998985324 -5.302876307448087e-17
vn -0.6087614397000725 0.7933533320874723 -4.85788821807799e-17
vn -0.7071067811865476 0.7071067811865476 -4.329780375814312e-17
vn -0.7933533320874723 0.6087614397000725 -3.7275889060097443e-17
vn -0.8660253998985324 0.5000000067305869 -3.06161717267588e-17
vn -0.9238795305660377 0.3826834370613369 -2.3432603017245014e-17
vn -0.9659258257467466 0.2588190471264927 -1.5848095844680132e-17
vn -0.9914448627185043 0.13052618200608704 -7.992423206588031e-18
vn -1 1.8369701465288538e-16 -1.1248198179158957e-32
vn -0.9914448627185043 -0.13052618200608704 7.992423206588031e-18
vn -0.9659258257467466 -0.2588190471264927 1.5848095844680132e-17
vn -0.9238795305660377 -0.3826834370613369 2.3432603017245014e-17
vn -0.8660253998985324 -0.5000000067305869 3.06161717267588e-17
vn -0.7933533320874723 -0.6087614397000725 3.7275889060097443e-17
vn -0.7071067811865476 -0.7071067811865476 4.329780375814312e-17
vn -0.6087614397000725 -0.7933533320874723 4.85788821807799e-17
vn -0.5000000067305869 -0.8660253998985324 5.302876307448087e-17
vn -0.3826834370613369 -0.9238795305660377 5.657130722319695e-17
vn -0.2588190471264927 -0.9659258257467466 5.914589613696059e-17
vn -0.13052618200608704 -0.9914448627185043 6.070848442951297e-17
vn -2.4492937051703357e-16 -1 6.123234262925839e-17
vn 0 6.123234262925839e-17 1
vn 0 6.123234262925839e-17 1
vn 0 6.123234262925839e-17 1
vn 0 6.123234262925839e-17 1
vn 0 6.123234262925839e-17 1
vn 0 6.123234262925839e-17 1
vn 0 6.123234262925839e-17 1
vn 0 6.123234262925839e-17 1
vn 0 6.123234262925839e-17 1
vn 0 6.123234262925839e-17 1
vn 0 6.123234262925839e-17 1
vn 0 6.123234262925839e-17 1
vn 0 6.123234262925839e-17 1
vn 0 6.123234262925839e-17 1
vn 0 6.123234262925839e-17 1
vn 0 6.123234262925839e-17 1
vn 0 6.123234262925839e-17 1
vn 0 6.123234262925839e-17 1
vn 0 6.123234262925839e-17 1
vn 0 6.123234262925839e-17 1
vn 0 6.123234262925839e-17 1
vn 0 6.123234262925839e-17 1
vn 0 6.123234262925839e-17 1
vn 0 6.123234262925839e-17 1
vn 0 6.123234262925839e-17 1
vn 0 6.123234262925839e-17 1
vn 0 6.123234262925839e-17 1
vn 0 6.123234262925839e-17 1
vn 0 6.123234262925839e-17 1
vn 0 6.123234262925839e-17 1
vn 0 6.123234262925839e-17 1
vn 0 6.123234262925839e-17 1
vn 0 6.123234262925839e-17 1
vn 0 6.123234262925839e-17 1
vn 0 6.123234262925839e-17 1
vn 0 6.123234262925839e-17 1
vn 0 6.123234262925839e-17 1
vn 0 6.123234262925839e-17 1
vn 0 6.123234262925839e-17 1
vn 0 6.123234262925839e-17 1
vn 0 6.123234262925839e-17 1
vn 0 6.123234262925839e-17 1
vn 0 6.123234262925839e-17 1
vn 0 6.123234262925839e-17 1
vn 0 6.123234262925839e-17 1
vn 0 6.123234262925839e-17 1
vn 0 6.123234262925839e-17 1
vn 0 6.123234262925839e-17 1
vn 0 6.123234262925839e-17 1
vn 0 6.123234262925839e-17 1
vn 0 6.123234262925839e-17 1
vn 0 6.123234262925839e-17 1
vn 0 6.123234262925839e-17 1
vn 0 6.123234262925839e-17 1
vn 0 6.123234262925839e-17 1
vn 0 6.123234262925839e-17 1
vn 0 6.123234262925839e-17 1
vn 0 6.123234262925839e-17 1
vn 0 6.123234262925839e-17 1
vn 0 6.123234262925839e-17 1
vn 0 6.123234262925839e-17 1
vn 0 6.123234262925839e-17 1
vn 0 6.123234262925839e-17 1
vn 0 6.123234262925839e-17 1
vn 0 6.123234262925839e-17 1
vn 0 6.123234262925839e-17 1
vn 0 6.123234262925839e-17 1
vn 0 6.123234262925839e-17 1
vn 0 6.123234262925839e-17 1
vn 0 6.123234262925839e-17 1
vn 0 6.123234262925839e-17 1
vn 0 6.123234262925839e-17 1
vn 0 6.123234262925839e-17 1
vn 0 6.123234262925839e-17 1
vn 0 6.123234262925839e-17 1
vn 0 6.123234262925839e-17 1
vn 0 6.123234262925839e-17 1
vn 0 6.123234262925839e-17 1
vn 0 6.123234262925839e-17 1
vn 0 6.123234262925839e-17 1
vn 0 6.123234262925839e-17 1
vn 0 6.123234262925839e-17 1
vn 0 6.123234262925839e-17 1
vn 0 6.123234262925839e-17 1
vn 0 6.123234262925839e-17 1
vn 0 6.123234262925839e-17 1
vn 0 6.123234262925839e-17 1
vn 0 6.123234262925839e-17 1
vn 0 6.123234262925839e-17 1
vn 0 6.123234262925839e-17 1
vn 0 6.123234262925839e-17 1
vn 0 6.123234262925839e-17 1
vn 0 6.123234262925839e-17 1
vn 0 6.123234262925839e-17 1
vn 0 6.123234262925839e-17 1
vn 0 6.123234262925839e-17 1
vn 0 6.123234262925839e-17 1
vn 0 -6.123234262925839e-17 -1
vn 0 -6.123234262925839e-17 -1
vn 0 -6.123234262925839e-17 -1
vn 0 -6.123234262925839e-17 -1
vn 0 -6.123234262925839e-17 -1
vn 0 -6.123234262925839e-17 -1
vn 0 -6.123234262925839e-17 -1
vn 0 -6.123234262925839e-17 -1
vn 0 -6.123234262925839e-17 -1
vn 0 -6.123234262925839e-17 -1
vn 0 -6.123234262925839e-17 -1
vn 0 -6.123234262925839e-17 -1
vn 0 -6.123234262925839e-17 -1
vn 0 -6.123234262925839e-17 -1
vn 0 -6.123234262925839e-17 -1
vn 0 -6.123234262925839e-17 -1
vn 0 -6.123234262925839e-17 -1
vn 0 -6.123234262925839e-17 -1
vn 0 -6.123234262925839e-17 -1
vn 0 -6.123234262925839e-17 -1
vn 0 -6.123234262925839e-17 -1
vn 0 -6.123234262925839e-17 -1
vn 0 -6.123234262925839e-17 -1
vn 0 -6.123234262925839e-17 -1
vn 0 -6.123234262925839e-17 -1
vn 0 -6.123234262925839e-17 -1
vn 0 -6.123234262925839e-17 -1
vn 0 -6.123234262925839e-17 -1
vn 0 -6.123234262925839e-17 -1
vn 0 -6.123234262925839e-17 -1
vn 0 -6.123234262925839e-17 -1
vn 0 -6.123234262925839e-17 -1
vn 0 -6.123234262925839e-17 -1
vn 0 -6.123234262925839e-17 -1
vn 0 -6.123234262925839e-17 -1
vn 0 -6.123234262925839e-17 -1
vn 0 -6.123234262925839e-17 -1
vn 0 -6.123234262925839e-17 -1
vn 0 -6.123234262925839e-17 -1
vn 0 -6.123234262925839e-17 -1
vn 0 -6.123234262925839e-17 -1
vn 0 -6.123234262925839e-17 -1
vn 0 -6.123234262925839e-17 -1
vn 0 -6.123234262925839e-17 -1
vn 0 -6.123234262925839e-17 -1
vn 0 -6.123234262925839e-17 -1
vn 0 -6.123234262925839e-17 -1
vn 0 -6.123234262925839e-17 -1
vn 0 -6.123234262925839e-17 -1
vn 0 -6.123234262925839e-17 -1
vn 0 -6.123234262925839e-17 -1
vn 0 -6.123234262925839e-17 -1
vn 0 -6.123234262925839e-17 -1
vn 0 -6.123234262925839e-17 -1
vn 0 -6.123234262925839e-17 -1
vn 0 -6.123234262925839e-17 -1
vn 0 -6.123234262925839e-17 -1
vn 0 -6.123234262925839e-17 -1
vn 0 -6.123234262925839e-17 -1
vn 0 -6.123234262925839e-17 -1
vn 0 -6.123234262925839e-17 -1
vn 0 -6.123234262925839e-17 -1
vn 0 -6.123234262925839e-17 -1
vn 0 -6.123234262925839e-17 -1
vn 0 -6.123234262925839e-17 -1
vn 0 -6.123234262925839e-17 -1
vn 0 -6.123234262925839e-17 -1
vn 0 -6.123234262925839e-17 -1
vn 0 -6.123234262925839e-17 -1
vn 0 -6.123234262925839e-17 -1
vn 0 -6.123234262925839e-17 -1
vn 0 -6.123234262925839e-17 -1
vn 0 -6.123234262925839e-17 -1
vn 0 -6.123234262925839e-17 -1
vn 0 -6.123234262925839e-17 -1
vn 0 -6.123234262925839e-17 -1
vn 0 -6.123234262925839e-17 -1
vn 0 -6.123234262925839e-17 -1
vn 0 -6.123234262925839e-17 -1
vn 0 -6.123234262925839e-17 -1
vn 0 -6.123234262925839e-17 -1
vn 0 -6.123234262925839e-17 -1
vn 0 -6.123234262925839e-17 -1
vn 0 -6.123234262925839e-17 -1
vn 0 -6.123234262925839e-17 -1
vn 0 -6.123234262925839e-17 -1
vn 0 -6.123234262925839e-17 -1
vn 0 -6.123234262925839e-17 -1
vn 0 -6.123234262925839e-17 -1
vn 0 -6.123234262925839e-17 -1
vn 0 -6.123234262925839e-17 -1
vn 0 -6.123234262925839e-17 -1
vn 0 -6.123234262925839e-17 -1
vn 0 -6.123234262925839e-17 -1
vn 0 -6.123234262925839e-17 -1
vn 0 -6.123234262925839e-17 -1
vn 0 -6.123234262925839e-17 -1
f 2349/2349/2349 2398/2398/2398 2350/2350/2350
f 2398/2398/2398 2399/2399/2399 2350/2350/2350
f 2350/2350/2350 2399/2399/2399 2351/2351/2351
f 2399/2399/2399 2400/2400/2400 2351/2351/2351
f 2351/2351/2351 2400/2400/2400 2352/2352/2352
f 2400/2400/2400 2401/2401/2401 2352/2352/2352
f 2352/2352/2352 2401/2401/2401 2353/2353/2353
f 2401/2401/2401 2402/2402/2402 2353/2353/2353
f 2353/2353/2353 2402/2402/2402 2354/2354/2354
f 2402/2402/2402 2403/2403/2403 2354/2354/2354
f 2354/2354/2354 2403/2403/2403 2355/2355/2355
f 2403/2403/2403 2404/2404/2404 2355/2355/2355
f 2355/2355/2355 2404/2404/2404 2356/2356/2356
f 2404/2404/2404 2405/2405/2405 2356/2356/2356
f 2356/2356/2356 2405/2405/2405 2357/2357/2357
f 2405/2405/2405 2406/2406/2406 2357/2357/2357
f 2357/2357/2357 2406/2406/2406 2358/2358/2358
f 2406/2406/2406 2407/2407/2407 2358/2358/2358
f 2358/2358/2358 2407/2407/2407 2359/2359/2359
f 2407/2407/2407 2408/2408/2408 2359/2359/2359
f 2359/2359/2359 2408/2408/2408 2360/2360/2360
f 2408/2408/2408 2409/2409/2409 2360/2360/2360
f 2360/2360/2360 2409/2409/2409 2361/2361/2361
f 2409/2409/2409 2410/2410/2410 2361/2361/2361
f 2361/2361/2361 2410/2410/2410 2362/2362/2362
f 2410/2410/2410 2411/2411/2411 2362/2362/2362
f 2362/2362/2362 2411/2411/2411 2363/2363/2363
f 2411/2411/2411 2412/2412/2412 2363/2363/2363
f 2363/2363/2363 2412/2412/2412 2364/2364/2364
f 2412/2412/2412 2413/2413/2413 2364/2364/2364
f 2364/2364/2364 2413/2413/2413 2365/2365/2365
f 2413/2413/2413 2414/2414/2414 2365/2365/2365
f 2365/2365/2365 2414/2414/2414 2366/2366/2366
f 2414/2414/2414 2415/2415/2415 2366/2366/2366
f 2366/2366/2366 2415/2415/2415 2367/2367/2367
f 2415/2415/2415 2416/2416/2416 2367/2367/2367
f 2367/2367/2367 2416/2416/2416 2368/2368/2368
f 2416/2416/2416 2417/2417/2417 2368/2368/2368
f 2368/2368/2368 2417/2417/2417 2369/2369/2369
f 2417/2417/2417 2418/2418/2418 2369/2369/2369
f 2369/2369/2369 2418/2418/2418 2370/2370/2370
f 2418/2418/2418 2419/2419/2419 2370/2370/2370
f 2370/2370/2370 2419/2419/2419 2371/2371/2371
f 2419/2419/2419 2420/2420/2420 2371/2371/2371
f 2371/2371/2371 2420/2420/2420 2372/2372/2372
f 2420/2420/2420 2421/2421/2421 2372/2372/2372
f 2372/2372/2372 2421/2421/2421 2373/2373/2373
f 2421/2421/2421 2422/2422/2422 2373/2373/2373
f 2373/2373/2373 2422/2422/2422 2374/2374/2374
f 2422/2422/2422 2423/2423/2423 2374/2374/2374
f 2374/2374/2374 2423/2423/2423 2375/2375/2375
f 2423/2423/2423 2424/2424/2424 2375/2375/2375
f 2375/2375/2375 2424/2424/2424 2376/2376/2376
f 2424/2424/2424 2425/2425/2425 2376/2376/2376
f 2376/2376/2376 2425/2425/2425 2377/2377/2377
f 2425/2425/2425 2426/2426/2426 2377/2377/2377
f 2377/2377/2377 2426/2426/2426 2378/2378/2378
f 2426/2426/2426 2427/2427/2427 2378/2378/2378
f 2378/2378/2378 2427/2427/2427 2379/2379/2379
f 2427/2427/2427 2428/2428/2428 2379/2379/2379
f 2379/2379/2379 2428/2428/2428 2380/2380/2380
f 2428/2428/2428 2429/2429/2429 2380/2380/2380
f 2380/2380/2380 2429/2429/2429 2381/2381/2381
f 2429/2429/2429 2430/2430/2430 2381/2381/2381
f 2381/2381/2381 2430/2430/2430 2382/2382/2382
f 2430/2430/2430 2431/2431/2431 2382/2382/2382
f 2382/2382/2382 2431/2431/2431 2383/2383/2383
f 2431/2431/2431 2432/2432/2432 2383/2383/2383
f 2383/2383/2383 2432/2432/2432 2384/2384/2384
f 2432/2432/2432 2433/2433/2433 2384/2384/2384
f 2384/2384/2384 2433/2433/2433 2385/2385/2385
f 2433/2433/2433 2434/2434/2434 2385/2385/2385
f 2385/2385/2385 2434/2434/2434 2386/2386/2386
f 2434/2434/2434 2435/2435/2435 2386/2386/2386
f 2386/2386/2386 2435/2435/2435 2387/2387/2387
f 2435/2435/2435 2436/2436/2436 2387/2387/2387
f 2387/2387/2387 2436/2436/2436 2388/2388/2388
f 2436/2436/2436 2437/2437/2437 2388/2388/2388
f 2388/2388/2388 2437/2437/2437 2389/2389/2389
f 2437/2437/2437 2438/2438/2438 2389/2389/2389
f 2389/2389/2389 2438/2438/2438 2390/2390/2390
f 2438/2438/2438 2439/2439/2439 2390/2390/2390
f 2390/2390/2390 2439/2439/2439 2391/2391/2391
f 2439/2439/2439 2440/2440/2440 2391/2391/2391
f 2391/2391/2391 2440/2440/2440 2392/2392/2392
f 2440/2440/2440 2441/2441/2441 2392/2392/2392
f 2392/2392/2392 2441/2441/2441 2393/2393/2393
f 2441/2441/2441 2442/2442/2442 2393/2393/2393
f 2393/2393/2393 2442/2442/2442 2394/2394/2394
f 2442/2442/2442 2443/2443/2443 2394/2394/2394
f 2394/2394/2394 2443/2443/2443 2395/2395/2395
f 2443/2443/2443 2444/2444/2444 2395/2395/2395
f 2395/2395/2395 2444/2444/2444 2396/2396/2396
f 2444/2444/2444 2445/2445/2445 2396/2396/2396
f 2396/2396/2396 2445/2445/2445 2397/2397/2397
f 2445/2445/2445 2446/2446/2446 2397/2397/2397
f 2495/2495/2495 2496/2496/2496 2447/2447/2447
f 2496/2496/2496 2497/2497/2497 2448/2448/2448
f 2497/2497/2497 2498/2498/2498 2449/2449/2449
f 2498/2498/2498 2499/2499/2499 2450/2450/2450
f 2499/2499/2499 2500/2500/2500 2451/2451/2451
f 2500/2500/2500 2501/2501/2501 2452/2452/2452
f 2501/2501/2501 2502/2502/2502 2453/2453/2453
f 2502/2502/2502 2503/2503/2503 2454/2454/2454
f 2503/2503/2503 2504/2504/2504 2455/2455/2455
f 2504/2504/2504 2505/2505/2505 2456/2456/2456
f 2505/2505/2505 2506/2506/2506 2457/2457/2457
f 2506/2506/2506 2507/2507/2507 2458/2458/2458
f 2507/2507/2507 2508/2508/2508 2459/2459/2459
f 2508/2508/2508 2509/2509/2509 2460/2460/2460
f 2509/2509/2509 2510/2510/2510 2461/2461/2461
f 2510/2510/2510 2511/2511/2511 2462/2462/2462
f 2511/2511/2511 2512/2512/2512 2463/2463/2463
f 2512/2512/2512 2513/2513/2513 2464/2464/2464
f 2513/2513/2513 2514/2514/2514 2465/2465/2465
f 2514/2514/2514 2515/2515/2515 2466/2466/2466
f 2515/2515/2515 2516/2516/2516 2467/2467/2467
f 2516/2516/2516 2517/2517/2517 2468/2468/2468
f 2517/2517/2517 2518/2518/2518 2469/2469/2469
f 2518/2518/2518 2519/2519/2519 2470/2470/2470
f 2519/2519/2519 2520/2520/2520 2471/2471/2471
f 2520/2520/2520 2521/2521/2521 2472/2472/2472
f 2521/2521/2521 2522/2522/2522 2473/2473/2473
f 2522/2522/2522 2523/2523/2523 2474/2474/2474
f 2523/2523/2523 2524/2524/2524 2475/2475/2475
f 2524/2524/2524 2525/2525/2525 2476/2476/2476
f 2525/2525/2525 2526/2526/2526 2477/2477/2477
f 2526/2526/2526 2527/2527/2527 2478/2478/2478
f 2527/2527/2527 2528/2528/2528 2479/2479/2479
f 2528/2528/2528 2529/2529/2529 2480/2480/2480
f 2529/2529/2529 2530/2530/2530 2481/2481/2481
f 2530/2530/2530 2531/2531/2531 2482/2482/2482
f 2531/2531/2531 2532/2532/2532 2483/2483/2483
f 2532/2532/2532 2533/2533/2533 2484/2484/2484
f 2533/2533/2533 2534/2534/2534 2485/2485/2485
f 2534/2534/2534 2535/2535/2535 2486/2486/2486
f 2535/2535/2535 2536/2536/2536 2487/2487/2487
f 2536/2536/2536 2537/2537/2537 2488/2488/2488
f 2537/2537/2537 2538/2538/2538 2489/2489/2489
f 2538/2538/2538 2539/2539/2539 2490/2490/2490
f 2539/2539/2539 2540/2540/2540 2491/2491/2491
f 2540/2540/2540 2541/2541/2541 2492/2492/2492
f 2541/2541/2541 2542/2542/2542 2493/2493/2493
f 2542/2542/2542 2543/2543/2543 2494/2494/2494
f 2593/2593/2593 2592/2592/2592 2544/2544/2544
f 2594/2594/2594 2593/2593/2593 2545/2545/2545
f 2595/2595/2595 2594/2594/2594 2546/2546/2546
f 2596/2596/2596 2595/2595/2595 2547/2547/2547
f 2597/2597/2597 2596/2596/2596 2548/2548/2548
f 2598/2598/2598 2597/2597/2597 2549/2549/2549
f 2599/2599/2599 2598/2598/2598 2550/2550/2550
f 2600/2600/2600 2599/2599/2599 2551/2551/2551
f 2601/2601/2601 2600/2600/2600 2552/2552/2552
f 2602/2602/2602 2601/2601/2601 2553/2553/2553
f 2603/2603/2603 2602/2602/2602 2554/2554/2554
f 2604/2604/2604 2603/2603/2603 2555/2555/2555
f 2605/2605/2605 2604/2604/2604 2556/2556/2556
f 2606/2606/2606 2605/2605/2605 2557/2557/2557
f 2607/2607/2607 2606/2606/2606 2558/2558/2558
f 2608/2608/2608 2607/2607/2607 2559/2559/2559
f 2609/2609/2609 2608/2608/2608 2560/2560/2560
f 2610/2610/2610 2609/2609/2609 2561/2561/2561
f 2611/2611/2611 2610/2610/2610 2562/2562/2562
f 2612/2612/2612 2611/2611/2611 2563/2563/2563
f 2613/2613/2613 2612/2612/2612 2564/2564/2564
f 2614/2614/2614 2613/2613/2613 2565/2565/2565
f 2615/2615/2615 2614/2614/2614 2566/2566/2566
f 2616/2616/2616 2615/2615/2615 2567/2567/2567
f 2617/2617/2617 2616/2616/2616 2568/2568/2568
f 2618/2618/2618 2617/2617/2617 2569/2569/2569
f 2619/2619/2619 2618/2618/2618 2570/2570/2570
f 2620/2620/2620 2619/2619/2619 2571/2571/2571
f 2621/2621/2621 2620/2620/2620 2572/2572/2572
f 2622/2622/2622 2621/2621/2621 2573/2573/2573
f 2623/2623/2623 2622/2622/2622 2574/2574/2574
f 2624/2624/2624 2623/2623/2623 2575/2575/2575
f 2625/2625/2625 2624/2624/2624 2576/2576/2576
f 2626/2626/2626 2625/2625/2625 2577/2577/2577
f 2627/2627/2627 2626/2626/2626 2578/2578/2578
f 2628/2628/2628 2627/2627/2627 2579/2579/2579
f 2629/2629/2629 2628/2628/2628 2580/2580/2580
f 2630/2630/2630 2629/2629/2629 2581/2581/2581
f 2631/2631/2631 2630/2630/2630 2582/2582/2582
f 2632/2632/2632 2631/2631/2631 2583/2583/2583
f 2633/2633/2633 2632/2632/2632 2584/2584/2584
f 2634/2634/2634 2633/2633/2633 2585/2585/2585
f 2635/2635/2635 2634/2634/2634 2586/2586/2586
f 2636/2636/2636 2635/2635/2635 2587/2587/2587
f 2637/2637/2637 2636/2636/2636 2588/2588/2588
f 2638/2638/2638 2637/2637/2637 2589/2589/2589
f 2639/2639/2639 2638/2638/2638 2590/2590/2590
f 2640/2640/2640 2639/2639/2639 2591/2591/2591
o foot_boss_n0_32_0_27
usemtl flange_steel
v -0.32 0.23200000122189524 0.0880000002682209
v -0.31504000460729004 0.2323250961303711 0.0880000002682209
v -0.3101648759841919 0.23329481899738314 0.0880000002682209
v -0.3054580294340849 0.23489257737994196 0.0880000002682209
v -0.3010000006109476 0.23709103509783747 0.0880000002682209
v -0.29686706483364106 0.23985257230699064 0.0880000002682209
v -0.29312994301319123 0.24312994301319124 0.0880000002682209
v -0.28985257230699063 0.24686706483364107 0.0880000002682209
v -0.28709103509783745 0.2510000006109476 0.0880000002682209
v -0.28489257737994195 0.2554580294340849 0.0880000002682209
v -0.2832948189973831 0.2601648759841919 0.0880000002682209
v -0.2823250961303711 0.26504000460729005 0.0880000002682209
v -0.2820000012218952 0.27 0.0880000002682209
v -0.2823250961303711 0.27495999539271 0.0880000002682209
v -0.2832948189973831 0.2798351240158081 0.0880000002682209
v -0.28489257737994195 0.2845419705659151 0.0880000002682209
v -0.28709103509783745 0.2889999993890524 0.0880000002682209
v -0.28985257230699063 0.29313293516635897 0.0880000002682209
v -0.29312994301319123 0.2968700569868088 0.0880000002682209
v -0.29686706483364106 0.3001474276930094 0.0880000002682209
v -0.3010000006109476 0.30290896490216257 0.0880000002682209
v -0.3054580294340849 0.3051074226200581 0.0880000002682209
v -0.3101648759841919 0.3067051810026169 0.0880000002682209
v -0.31504000460729004 0.3076749038696289 0.0880000002682209
v -0.32 0.3079999987781048 0.0880000002682209
v -0.32495999539271 0.3076749038696289 0.0880000002682209
v -0.3298351240158081 0.3067051810026169 0.0880000002682209
v -0.3345419705659151 0.3051074226200581 0.0880000002682209
v -0.3389999993890524 0.30290896490216257 0.0880000002682209
v -0.34313293516635895 0.3001474276930094 0.0880000002682209
v -0.3468700569868088 0.2968700569868088 0.0880000002682209
v -0.3501474276930094 0.29313293516635897 0.0880000002682209
v -0.35290896490216256 0.2889999993890524 0.0880000002682209
v -0.35510742262005807 0.2845419705659151 0.0880000002682209
v -0.3567051810026169 0.2798351240158081 0.0880000002682209
v -0.3576749038696289 0.27495999539271 0.0880000002682209
v -0.3579999987781048 0.27 0.0880000002682209
v -0.3576749038696289 0.26504000460729005 0.0880000002682209
v -0.3567051810026169 0.2601648759841919 0.0880000002682209
v -0.35510742262005807 0.2554580294340849 0.0880000002682209
v -0.35290896490216256 0.2510000006109476 0.0880000002682209
v -0.3501474276930094 0.24686706483364107 0.0880000002682209
v -0.3468700569868088 0.24312994301319124 0.0880000002682209
v -0.34313293516635895 0.23985257230699064 0.0880000002682209
v -0.3389999993890524 0.23709103509783747 0.0880000002682209
v -0.3345419705659151 0.23489257737994196 0.0880000002682209
v -0.3298351240158081 0.23329481899738314 0.0880000002682209
v -0.32495999539271 0.2323250961303711 0.0880000002682209
v -0.32 0.23200000122189524 0.0880000002682209
v -0.32 0.23200000122189524 0.061999999731779096
v -0.31504000460729004 0.2323250961303711 0.061999999731779096
v -0.3101648759841919 0.23329481899738314 0.061999999731779096
v -0.3054580294340849 0.23489257737994196 0.061999999731779096
v -0.3010000006109476 0.23709103509783747 0.061999999731779096
v -0.29686706483364106 0.23985257230699064 0.061999999731779096
v -0.29312994301319123 0.24312994301319124 0.061999999731779096
v -0.28985257230699063 0.24686706483364107 0.061999999731779096
v -0.28709103509783745 0.2510000006109476 0.061999999731779096
v -0.28489257737994195 0.2554580294340849 0.061999999731779096
v -0.2832948189973831 0.2601648759841919 0.061999999731779096
v -0.2823250961303711 0.26504000460729005 0.061999999731779096
v -0.2820000012218952 0.27 0.061999999731779096
v -0.2823250961303711 0.27495999539271 0.061999999731779096
v -0.2832948189973831 0.2798351240158081 0.061999999731779096
v -0.28489257737994195 0.2845419705659151 0.061999999731779096
v -0.28709103509783745 0.2889999993890524 0.061999999731779096
v -0.28985257230699063 0.29313293516635897 0.061999999731779096
v -0.29312994301319123 0.2968700569868088 0.061999999731779096
v -0.29686706483364106 0.3001474276930094 0.061999999731779096
v -0.3010000006109476 0.30290896490216257 0.061999999731779096
v -0.3054580294340849 0.3051074226200581 0.061999999731779096
v -0.3101648759841919 0.3067051810026169 0.061999999731779096
v -0.31504000460729004 0.3076749038696289 0.061999999731779096
v -0.32 0.3079999987781048 0.061999999731779096
v -0.32495999539271 0.3076749038696289 0.061999999731779096
v -0.3298351240158081 0.3067051810026169 0.061999999731779096
v -0.3345419705659151 0.3051074226200581 0.061999999731779096
v -0.3389999993890524 0.30290896490216257 0.061999999731779096
v -0.34313293516635895 0.3001474276930094 0.061999999731779096
v -0.3468700569868088 0.2968700569868088 0.061999999731779096
v -0.3501474276930094 0.29313293516635897 0.061999999731779096
v -0.35290896490216256 0.2889999993890524 0.061999999731779096
v -0.35510742262005807 0.2845419705659151 0.061999999731779096
v -0.3567051810026169 0.2798351240158081 0.061999999731779096
v -0.3576749038696289 0.27495999539271 0.061999999731779096
v -0.3579999987781048 0.27 0.061999999731779096
v -0.3576749038696289 0.26504000460729005 0.061999999731779096
v -0.3567051810026169 0.2601648759841919 0.061999999731779096
v -0.35510742262005807 0.2554580294340849 0.061999999731779096
v -0.35290896490216256 0.2510000006109476 0.061999999731779096
v -0.3501474276930094 0.24686706483364107 0.061999999731779096
v -0.3468700569868088 0.24312994301319124 0.061999999731779096
v -0.34313293516635895 0.23985257230699064 0.061999999731779096
v -0.3389999993890524 0.23709103509783747 0.061999999731779096
v -0.3345419705659151 0.23489257737994196 0.061999999731779096
v -0.3298351240158081 0.23329481899738314 0.061999999731779096
v -0.32495999539271 0.2323250961303711 0.061999999731779096
v -0.32 0.23200000122189524 0.061999999731779096
v -0.32 0.27 0.0880000002682209
v -0.32 0.27 0.0880000002682209
v -0.32 0.27 0.0880000002682209
v -0.32 0.27 0.0880000002682209
v -0.32 0.27 0.0880000002682209
v -0.32 0.27 0.0880000002682209
v -0.32 0.27 0.0880000002682209
v -0.32 0.27 0.0880000002682209
v -0.32 0.27 0.0880000002682209
v -0.32 0.27 0.0880000002682209
v -0.32 0.27 0.0880000002682209
v -0.32 0.27 0.0880000002682209
v -0.32 0.27 0.0880000002682209
v -0.32 0.27 0.0880000002682209
v -0.32 0.27 0.0880000002682209
v -0.32 0.27 0.0880000002682209
v -0.32 0.27 0.0880000002682209
v -0.32 0.27 0.0880000002682209
v -0.32 0.27 0.0880000002682209
v -0.32 0.27 0.0880000002682209
v -0.32 0.27 0.0880000002682209
v -0.32 0.27 0.0880000002682209
v -0.32 0.27 0.0880000002682209
v -0.32 0.27 0.0880000002682209
v -0.32 0.27 0.0880000002682209
v -0.32 0.27 0.0880000002682209
v -0.32 0.27 0.0880000002682209
v -0.32 0.27 0.0880000002682209
v -0.32 0.27 0.0880000002682209
v -0.32 0.27 0.0880000002682209
v -0.32 0.27 0.0880000002682209
v -0.32 0.27 0.0880000002682209
v -0.32 0.27 0.0880000002682209
v -0.32 0.27 0.0880000002682209
v -0.32 0.27 0.0880000002682209
v -0.32 0.27 0.0880000002682209
v -0.32 0.27 0.0880000002682209
v -0.32 0.27 0.0880000002682209
v -0.32 0.27 0.0880000002682209
v -0.32 0.27 0.0880000002682209
v -0.32 0.27 0.0880000002682209
v -0.32 0.27 0.0880000002682209
v -0.32 0.27 0.0880000002682209
v -0.32 0.27 0.0880000002682209
v -0.32 0.27 0.0880000002682209
v -0.32 0.27 0.0880000002682209
v -0.32 0.27 0.0880000002682209
v -0.32 0.27 0.0880000002682209
v -0.32 0.23200000122189524 0.0880000002682209
v -0.31504000460729004 0.2323250961303711 0.0880000002682209
v -0.3101648759841919 0.23329481899738314 0.0880000002682209
v -0.3054580294340849 0.23489257737994196 0.0880000002682209
v -0.3010000006109476 0.23709103509783747 0.0880000002682209
v -0.29686706483364106 0.23985257230699064 0.0880000002682209
v -0.29312994301319123 0.24312994301319124 0.0880000002682209
v -0.28985257230699063 0.24686706483364107 0.0880000002682209
v -0.28709103509783745 0.2510000006109476 0.0880000002682209
v -0.28489257737994195 0.2554580294340849 0.0880000002682209
v -0.2832948189973831 0.2601648759841919 0.0880000002682209
v -0.2823250961303711 0.26504000460729005 0.0880000002682209
v -0.2820000012218952 0.27 0.0880000002682209
v -0.2823250961303711 0.27495999539271 0.0880000002682209
v -0.2832948189973831 0.2798351240158081 0.0880000002682209
v -0.28489257737994195 0.2845419705659151 0.0880000002682209
v -0.28709103509783745 0.2889999993890524 0.0880000002682209
v -0.28985257230699063 0.29313293516635897 0.0880000002682209
v -0.29312994301319123 0.2968700569868088 0.0880000002682209
v -0.29686706483364106 0.3001474276930094 0.0880000002682209
v -0.3010000006109476 0.30290896490216257 0.0880000002682209
v -0.3054580294340849 0.3051074226200581 0.0880000002682209
v -0.3101648759841919 0.3067051810026169 0.0880000002682209
v -0.31504000460729004 0.3076749038696289 0.0880000002682209
v -0.32 0.3079999987781048 0.0880000002682209
v -0.32495999539271 0.3076749038696289 0.0880000002682209
v -0.3298351240158081 0.3067051810026169 0.0880000002682209
v -0.3345419705659151 0.3051074226200581 0.0880000002682209
v -0.3389999993890524 0.30290896490216257 0.0880000002682209
v -0.34313293516635895 0.3001474276930094 0.0880000002682209
v -0.3468700569868088 0.2968700569868088 0.0880000002682209
v -0.3501474276930094 0.29313293516635897 0.0880000002682209
v -0.35290896490216256 0.2889999993890524 0.0880000002682209
v -0.35510742262005807 0.2845419705659151 0.0880000002682209
v -0.3567051810026169 0.2798351240158081 0.0880000002682209
v -0.3576749038696289 0.27495999539271 0.0880000002682209
v -0.3579999987781048 0.27 0.0880000002682209
v -0.3576749038696289 0.26504000460729005 0.0880000002682209
v -0.3567051810026169 0.2601648759841919 0.0880000002682209
v -0.35510742262005807 0.2554580294340849 0.0880000002682209
v -0.35290896490216256 0.2510000006109476 0.0880000002682209
v -0.3501474276930094 0.24686706483364107 0.0880000002682209
v -0.3468700569868088 0.24312994301319124 0.0880000002682209
v -0.34313293516635895 0.23985257230699064 0.0880000002682209
v -0.3389999993890524 0.23709103509783747 0.0880000002682209
v -0.3345419705659151 0.23489257737994196 0.0880000002682209
v -0.3298351240158081 0.23329481899738314 0.0880000002682209
v -0.32495999539271 0.2323250961303711 0.0880000002682209
v -0.32 0.23200000122189524 0.0880000002682209
v -0.32 0.27 0.061999999731779096
v -0.32 0.27 0.061999999731779096
v -0.32 0.27 0.061999999731779096
v -0.32 0.27 0.061999999731779096
v -0.32 0.27 0.061999999731779096
v -0.32 0.27 0.061999999731779096
v -0.32 0.27 0.061999999731779096
v -0.32 0.27 0.061999999731779096
v -0.32 0.27 0.061999999731779096
v -0.32 0.27 0.061999999731779096
v -0.32 0.27 0.061999999731779096
v -0.32 0.27 0.061999999731779096
v -0.32 0.27 0.061999999731779096
v -0.32 0.27 0.061999999731779096
v -0.32 0.27 0.061999999731779096
v -0.32 0.27 0.061999999731779096
v -0.32 0.27 0.061999999731779096
v -0.32 0.27 0.061999999731779096
v -0.32 0.27 0.061999999731779096
v -0.32 0.27 0.061999999731779096
v -0.32 0.27 0.061999999731779096
v -0.32 0.27 0.061999999731779096
v -0.32 0.27 0.061999999731779096
v -0.32 0.27 0.061999999731779096
v -0.32 0.27 0.061999999731779096
v -0.32 0.27 0.061999999731779096
v -0.32 0.27 0.061999999731779096
v -0.32 0.27 0.061999999731779096
v -0.32 0.27 0.061999999731779096
v -0.32 0.27 0.061999999731779096
v -0.32 0.27 0.061999999731779096
v -0.32 0.27 0.061999999731779096
v -0.32 0.27 0.061999999731779096
v -0.32 0.27 0.061999999731779096
v -0.32 0.27 0.061999999731779096
v -0.32 0.27 0.061999999731779096
v -0.32 0.27 0.061999999731779096
v -0.32 0.27 0.061999999731779096
v -0.32 0.27 0.061999999731779096
v -0.32 0.27 0.061999999731779096
v -0.32 0.27 0.061999999731779096
v -0.32 0.27 0.061999999731779096
v -0.32 0.27 0.061999999731779096
v -0.32 0.27 0.061999999731779096
v -0.32 0.27 0.061999999731779096
v -0.32 0.27 0.061999999731779096
v -0.32 0.27 0.061999999731779096
v -0.32 0.27 0.061999999731779096
v -0.32 0.23200000122189524 0.061999999731779096
v -0.31504000460729004 0.2323250961303711 0.061999999731779096
v -0.3101648759841919 0.23329481899738314 0.061999999731779096
v -0.3054580294340849 0.23489257737994196 0.061999999731779096
v -0.3010000006109476 0.23709103509783747 0.061999999731779096
v -0.29686706483364106 0.23985257230699064 0.061999999731779096
v -0.29312994301319123 0.24312994301319124 0.061999999731779096
v -0.28985257230699063 0.24686706483364107 0.061999999731779096
v -0.28709103509783745 0.2510000006109476 0.061999999731779096
v -0.28489257737994195 0.2554580294340849 0.061999999731779096
v -0.2832948189973831 0.2601648759841919 0.061999999731779096
v -0.2823250961303711 0.26504000460729005 0.061999999731779096
v -0.2820000012218952 0.27 0.061999999731779096
v -0.2823250961303711 0.27495999539271 0.061999999731779096
v -0.2832948189973831 0.2798351240158081 0.061999999731779096
v -0.28489257737994195 0.2845419705659151 0.061999999731779096
v -0.28709103509783745 0.2889999993890524 0.061999999731779096
v -0.28985257230699063 0.29313293516635897 0.061999999731779096
v -0.29312994301319123 0.2968700569868088 0.061999999731779096
v -0.29686706483364106 0.3001474276930094 0.061999999731779096
v -0.3010000006109476 0.30290896490216257 0.061999999731779096
v -0.3054580294340849 0.3051074226200581 0.061999999731779096
v -0.3101648759841919 0.3067051810026169 0.061999999731779096
v -0.31504000460729004 0.3076749038696289 0.061999999731779096
v -0.32 0.3079999987781048 0.061999999731779096
v -0.32495999539271 0.3076749038696289 0.061999999731779096
v -0.3298351240158081 0.3067051810026169 0.061999999731779096
v -0.3345419705659151 0.3051074226200581 0.061999999731779096
v -0.3389999993890524 0.30290896490216257 0.061999999731779096
v -0.34313293516635895 0.3001474276930094 0.061999999731779096
v -0.3468700569868088 0.2968700569868088 0.061999999731779096
v -0.3501474276930094 0.29313293516635897 0.061999999731779096
v -0.35290896490216256 0.2889999993890524 0.061999999731779096
v -0.35510742262005807 0.2845419705659151 0.061999999731779096
v -0.3567051810026169 0.2798351240158081 0.061999999731779096
v -0.3576749038696289 0.27495999539271 0.061999999731779096
v -0.3579999987781048 0.27 0.061999999731779096
v -0.3576749038696289 0.26504000460729005 0.061999999731779096
v -0.3567051810026169 0.2601648759841919 0.061999999731779096
v -0.35510742262005807 0.2554580294340849 0.061999999731779096
v -0.35290896490216256 0.2510000006109476 0.061999999731779096
v -0.3501474276930094 0.24686706483364107 0.061999999731779096
v -0.3468700569868088 0.24312994301319124 0.061999999731779096
v -0.34313293516635895 0.23985257230699064 0.061999999731779096
v -0.3389999993890524 0.23709103509783747 0.061999999731779096
v -0.3345419705659151 0.23489257737994196 0.061999999731779096
v -0.3298351240158081 0.23329481899738314 0.061999999731779096
v -0.32495999539271 0.2323250961303711 0.061999999731779096
v -0.32 0.23200000122189524 0.061999999731779096
vt 0 1
vt 0.02083333395421505 1
vt 0.0416666679084301 1
vt 0.0625 1
vt 0.0833333358168602 1
vt 0.1041666641831398 1
vt 0.125 1
vt 0.1458333283662796 1
vt 0.1666666716337204 1
vt 0.1875 1
vt 0.2083333283662796 1
vt 0.2291666716337204 1
vt 0.25 1
vt 0.2708333432674408 1
vt 0.2916666567325592 1
vt 0.3125 1
vt 0.3333333432674408 1
vt 0.3541666567325592 1
vt 0.375 1
vt 0.3958333432674408 1
vt 0.4166666567325592 1
vt 0.4375 1
vt 0.4583333432674408 1
vt 0.4791666567325592 1
vt 0.5 1
vt 0.5208333134651184 1
vt 0.5416666865348816 1
vt 0.5625 1
vt 0.5833333134651184 1
vt 0.6041666865348816 1
vt 0.625 1
vt 0.6458333134651184 1
vt 0.6666666865348816 1
vt 0.6875 1
vt 0.7083333134651184 1
vt 0.7291666865348816 1
vt 0.75 1
vt 0.7708333134651184 1
vt 0.7916666865348816 1
vt 0.8125 1
vt 0.8333333134651184 1
vt 0.8541666865348816 1
vt 0.875 1
vt 0.8958333134651184 1
vt 0.9166666865348816 1
vt 0.9375 1
vt 0.9583333134651184 1
vt 0.9791666865348816 1
vt 1 1
vt 0 0
vt 0.02083333395421505 0
vt 0.0416666679084301 0
vt 0.0625 0
vt 0.0833333358168602 0
vt 0.1041666641831398 0
vt 0.125 0
vt 0.1458333283662796 0
vt 0.1666666716337204 0
vt 0.1875 0
vt 0.2083333283662796 0
vt 0.2291666716337204 0
vt 0.25 0
vt 0.2708333432674408 0
vt 0.2916666567325592 0
vt 0.3125 0
vt 0.3333333432674408 0
vt 0.3541666567325592 0
vt 0.375 0
vt 0.3958333432674408 0
vt 0.4166666567325592 0
vt 0.4375 0
vt 0.4583333432674408 0
vt 0.4791666567325592 0
vt 0.5 0
vt 0.5208333134651184 0
vt 0.5416666865348816 0
vt 0.5625 0
vt 0.5833333134651184 0
vt 0.6041666865348816 0
vt 0.625 0
vt 0.6458333134651184 0
vt 0.6666666865348816 0
vt 0.6875 0
vt 0.7083333134651184 0
vt 0.7291666865348816 0
vt 0.75 0
vt 0.7708333134651184 0
vt 0.7916666865348816 0
vt 0.8125 0
vt 0.8333333134651184 0
vt 0.8541666865348816 0
vt 0.875 0
vt 0.8958333134651184 0
vt 0.9166666865348816 0
vt 0.9375 0
vt 0.9583333134651184 0
vt 0.9791666865348816 0
vt 1 0
vt 0.5 0.5
vt 0.5 0.5
vt 0.5 0.5
vt 0.5 0.5
vt 0.5 0.5
vt 0.5 0.5
vt 0.5 0.5
vt 0.5 0.5
vt 0.5 0.5
vt 0.5 0.5
vt 0.5 0.5
vt 0.5 0.5
vt 0.5 0.5
vt 0.5 0.5
vt 0.5 0.5
vt 0.5 0.5
vt 0.5 0.5
vt 0.5 0.5
vt 0.5 0.5
vt 0.5 0.5
vt 0.5 0.5
vt 0.5 0.5
vt 0.5 0.5
vt 0.5 0.5
vt 0.5 0.5
vt 0.5 0.5
vt 0.5 0.5
vt 0.5 0.5
vt 0.5 0.5
vt 0.5 0.5
vt 0.5 0.5
vt 0.5 0.5
vt 0.5 0.5
vt 0.5 0.5
vt 0.5 0.5
vt 0.5 0.5
vt 0.5 0.5
vt 0.5 0.5
vt 0.5 0.5
vt 0.5 0.5
vt 0.5 0.5
vt 0.5 0.5
vt 0.5 0.5
vt 0.5 0.5
vt 0.5 0.5
vt 0.5 0.5
vt 0.5 0.5
vt 0.5 0.5
vt 1 0.5
vt 0.9957224130630493 0.5652630925178528
vt 0.9829629063606262 0.6294095516204834
vt 0.9619397521018982 0.6913416981697083
vt 0.9330127239227295 0.75
vt 0.8966766595840454 0.8043807148933411
vt 0.8535534143447876 0.8535534143447876
vt 0.8043807148933411 0.8966766595840454
vt 0.75 0.9330127239227295
vt 0.6913416981697083 0.9619397521018982
vt 0.6294095516204834 0.9829629063606262
vt 0.5652630925178528 0.9957224130630493
vt 0.5 1
vt 0.4347369074821472 0.9957224130630493
vt 0.370590478181839 0.9829629063606262
vt 0.30865827202796936 0.9619397521018982
vt 0.25 0.9330127239227295
vt 0.19561928510665894 0.8966766595840454
vt 0.1464466154575348 0.8535534143447876
vt 0.10332333296537399 0.8043807148933411
vt 0.0669872984290123 0.75
vt 0.03806023299694061 0.6913416981697083
vt 0.017037086188793182 0.6294095516204834
vt 0.004277569241821766 0.5652630925178528
vt 0 0.5
vt 0.004277569241821766 0.4347369074821472
vt 0.017037086188793182 0.370590478181839
vt 0.03806023299694061 0.30865827202796936
vt 0.0669872984290123 0.25
vt 0.10332333296537399 0.19561928510665894
vt 0.1464466154575348 0.1464466154575348
vt 0.19561928510665894 0.10332333296537399
vt 0.25 0.0669872984290123
vt 0.30865827202796936 0.03806023299694061
vt 0.370590478181839 0.017037086188793182
vt 0.4347369074821472 0.004277569241821766
vt 0.5 0
vt 0.5652630925178528 0.004277569241821766
vt 0.6294095516204834 0.017037086188793182
vt 0.6913416981697083 0.03806023299694061
vt 0.75 0.0669872984290123
vt 0.8043807148933411 0.10332333296537399
vt 0.8535534143447876 0.1464466154575348
vt 0.8966766595840454 0.19561928510665894
vt 0.9330127239227295 0.25
vt 0.9619397521018982 0.30865827202796936
vt 0.9829629063606262 0.370590478181839
vt 0.9957224130630493 0.4347369074821472
vt 1 0.5
vt 0.5 0.5
vt 0.5 0.5
vt 0.5 0.5
vt 0.5 0.5
vt 0.5 0.5
vt 0.5 0.5
vt 0.5 0.5
vt 0.5 0.5
vt 0.5 0.5
vt 0.5 0.5
vt 0.5 0.5
vt 0.5 0.5
vt 0.5 0.5
vt 0.5 0.5
vt 0.5 0.5
vt 0.5 0.5
vt 0.5 0.5
vt 0.5 0.5
vt 0.5 0.5
vt 0.5 0.5
vt 0.5 0.5
vt 0.5 0.5
vt 0.5 0.5
vt 0.5 0.5
vt 0.5 0.5
vt 0.5 0.5
vt 0.5 0.5
vt 0.5 0.5
vt 0.5 0.5
vt 0.5 0.5
vt 0.5 0.5
vt 0.5 0.5
vt 0.5 0.5
vt 0.5 0.5
vt 0.5 0.5
vt 0.5 0.5
vt 0.5 0.5
vt 0.5 0.5
vt 0.5 0.5
vt 0.5 0.5
vt 0.5 0.5
vt 0.5 0.5
vt 0.5 0.5
vt 0.5 0.5
vt 0.5 0.5
vt 0.5 0.5
vt 0.5 0.5
vt 0.5 0.5
vt 1 0.5
vt 0.9957224130630493 0.4347369074821472
vt 0.9829629063606262 0.370590478181839
vt 0.9619397521018982 0.30865827202796936
vt 0.9330127239227295 0.25
vt 0.8966766595840454 0.19561928510665894
vt 0.8535534143447876 0.1464466154575348
vt 0.8043807148933411 0.10332333296537399
vt 0.75 0.0669872984290123
vt 0.6913416981697083 0.03806023299694061
vt 0.6294095516204834 0.017037086188793182
vt 0.5652630925178528 0.004277569241821766
vt 0.5 0
vt 0.4347369074821472 0.004277569241821766
vt 0.370590478181839 0.017037086188793182
vt 0.30865827202796936 0.03806023299694061
vt 0.25 0.0669872984290123
vt 0.19561928510665894 0.10332333296537399
vt 0.1464466154575348 0.1464466154575348
vt 0.10332333296537399 0.19561928510665894
vt 0.0669872984290123 0.25
vt 0.03806023299694061 0.30865827202796936
vt 0.017037086188793182 0.370590478181839
vt 0.004277569241821766 0.4347369074821472
vt 0 0.5
vt 0.004277569241821766 0.5652630925178528
vt 0.017037086188793182 0.6294095516204834
vt 0.03806023299694061 0.6913416981697083
vt 0.0669872984290123 0.75
vt 0.10332333296537399 0.8043807148933411
vt 0.1464466154575348 0.8535534143447876
vt 0.19561928510665894 0.8966766595840454
vt 0.25 0.9330127239227295
vt 0.30865827202796936 0.9619397521018982
vt 0.370590478181839 0.9829629063606262
vt 0.4347369074821472 0.9957224130630493
vt 0.5 1
vt 0.5652630925178528 0.9957224130630493
vt 0.6294095516204834 0.9829629063606262
vt 0.6913416981697083 0.9619397521018982
vt 0.75 0.9330127239227295
vt 0.8043807148933411 0.8966766595840454
vt 0.8535534143447876 0.8535534143447876
vt 0.8966766595840454 0.8043807148933411
vt 0.9330127239227295 0.75
vt 0.9619397521018982 0.6913416981697083
vt 0.9829629063606262 0.6294095516204834
vt 0.9957224130630493 0.5652630925178528
vt 1 0.5
vn 0 -1 6.123234262925839e-17
vn 0.13052618200608704 -0.9914448627185043 6.070848442951297e-17
vn 0.2588190471264927 -0.9659258257467466 5.914589613696059e-17
vn 0.3826834370613369 -0.9238795305660377 5.657130722319695e-17
vn 0.5000000067305869 -0.8660253998985324 5.302876307448087e-17
vn 0.6087614397000725 -0.7933533320874723 4.85788821807799e-17
vn 0.7071067811865476 -0.7071067811865476 4.329780375814312e-17
vn 0.7933533320874723 -0.6087614397000725 3.7275889060097443e-17
vn 0.8660253998985324 -0.5000000067305869 3.06161717267588e-17
vn 0.9238795305660377 -0.3826834370613369 2.3432603017245014e-17
vn 0.9659258257467466 -0.2588190471264927 1.5848095844680132e-17
vn 0.9914448627185043 -0.13052618200608704 7.992423206588031e-18
vn 1 -6.123234262925839e-17 3.74939976039497e-33
vn 0.9914448627185043 0.13052618200608704 -7.992423206588031e-18
vn 0.9659258257467466 0.2588190471264927 -1.5848095844680132e-17
vn 0.9238795305660377 0.3826834370613369 -2.3432603017245014e-17
vn 0.8660253998985324 0.5000000067305869 -3.06161717267588e-17
vn 0.7933533320874723 0.6087614397000725 -3.7275889060097443e-17
vn 0.7071067811865476 0.7071067811865476 -4.329780375814312e-17
vn 0.6087614397000725 0.7933533320874723 -4.85788821807799e-17
vn 0.5000000067305869 0.8660253998985324 -5.302876307448087e-17
vn 0.3826834370613369 0.9238795305660377 -5.657130722319695e-17
vn 0.2588190471264927 0.9659258257467466 -5.914589613696059e-17
vn 0.13052618200608704 0.9914448627185043 -6.070848442951297e-17
vn 1.2246468525851679e-16 1 -6.123234262925839e-17
vn -0.13052618200608704 0.9914448627185043 -6.070848442951297e-17
vn -0.2588190471264927 0.9659258257467466 -5.914589613696059e-17
vn -0.3826834370613369 0.9238795305660377 -5.657130722319695e-17
vn -0.5000000067305869 0.8660253998985324 -5.302876307448087e-17
vn -0.6087614397000725 0.7933533320874723 -4.85788821807799e-17
vn -0.7071067811865476 0.7071067811865476 -4.329780375814312e-17
vn -0.7933533320874723 0.6087614397000725 -3.7275889060097443e-17
vn -0.8660253998985324 0.5000000067305869 -3.06161717267588e-17
vn -0.9238795305660377 0.3826834370613369 -2.3432603017245014e-17
vn -0.9659258257467466 0.2588190471264927 -1.5848095844680132e-17
vn -0.9914448627185043 0.13052618200608704 -7.992423206588031e-18
vn -1 1.8369701465288538e-16 -1.1248198179158957e-32
vn -0.9914448627185043 -0.13052618200608704 7.992423206588031e-18
vn -0.9659258257467466 -0.2588190471264927 1.5848095844680132e-17
vn -0.9238795305660377 -0.3826834370613369 2.3432603017245014e-17
vn -0.8660253998985324 -0.5000000067305869 3.06161717267588e-17
vn -0.7933533320874723 -0.6087614397000725 3.7275889060097443e-17
vn -0.7071067811865476 -0.7071067811865476 4.329780375814312e-17
vn -0.6087614397000725 -0.7933533320874723 4.85788821807799e-17
vn -0.5000000067305869 -0.8660253998985324 5.302876307448087e-17
vn -0.3826834370613369 -0.9238795305660377 5.657130722319695e-17
vn -0.2588190471264927 -0.9659258257467466 5.914589613696059e-17
vn -0.13052618200608704 -0.9914448627185043 6.070848442951297e-17
vn -2.4492937051703357e-16 -1 6.123234262925839e-17
vn 0 -1 6.123234262925839e-17
vn 0.13052618200608704 -0.9914448627185043 6.070848442951297e-17
vn 0.2588190471264927 -0.9659258257467466 5.914589613696059e-17
vn 0.3826834370613369 -0.9238795305660377 5.657130722319695e-17
vn 0.5000000067305869 -0.8660253998985324 5.302876307448087e-17
vn 0.6087614397000725 -0.7933533320874723 4.85788821807799e-17
vn 0.7071067811865476 -0.7071067811865476 4.329780375814312e-17
vn 0.7933533320874723 -0.6087614397000725 3.7275889060097443e-17
vn 0.8660253998985324 -0.5000000067305869 3.06161717267588e-17
vn 0.9238795305660377 -0.3826834370613369 2.3432603017245014e-17
vn 0.9659258257467466 -0.2588190471264927 1.5848095844680132e-17
vn 0.9914448627185043 -0.13052618200608704 7.992423206588031e-18
vn 1 -6.123234262925839e-17 3.74939976039497e-33
vn 0.9914448627185043 0.13052618200608704 -7.992423206588031e-18
vn 0.9659258257467466 0.2588190471264927 -1.5848095844680132e-17
vn 0.9238795305660377 0.3826834370613369 -2.3432603017245014e-17
vn 0.8660253998985324 0.5000000067305869 -3.06161717267588e-17
vn 0.7933533320874723 0.6087614397000725 -3.7275889060097443e-17
vn 0.7071067811865476 0.7071067811865476 -4.329780375814312e-17
vn 0.6087614397000725 0.7933533320874723 -4.85788821807799e-17
vn 0.5000000067305869 0.8660253998985324 -5.302876307448087e-17
vn 0.3826834370613369 0.9238795305660377 -5.657130722319695e-17
vn 0.2588190471264927 0.9659258257467466 -5.914589613696059e-17
vn 0.13052618200608704 0.9914448627185043 -6.070848442951297e-17
vn 1.2246468525851679e-16 1 -6.123234262925839e-17
vn -0.13052618200608704 0.9914448627185043 -6.070848442951297e-17
vn -0.2588190471264927 0.9659258257467466 -5.914589613696059e-17
vn -0.3826834370613369 0.9238795305660377 -5.657130722319695e-17
vn -0.5000000067305869 0.8660253998985324 -5.302876307448087e-17
vn -0.6087614397000725 0.7933533320874723 -4.85788821807799e-17
vn -0.7071067811865476 0.7071067811865476 -4.329780375814312e-17
vn -0.7933533320874723 0.6087614397000725 -3.7275889060097443e-17
vn -0.8660253998985324 0.5000000067305869 -3.06161717267588e-17
vn -0.9238795305660377 0.3826834370613369 -2.3432603017245014e-17
vn -0.9659258257467466 0.2588190471264927 -1.5848095844680132e-17
vn -0.9914448627185043 0.13052618200608704 -7.992423206588031e-18
vn -1 1.8369701465288538e-16 -1.1248198179158957e-32
vn -0.9914448627185043 -0.13052618200608704 7.992423206588031e-18
vn -0.9659258257467466 -0.2588190471264927 1.5848095844680132e-17
vn -0.9238795305660377 -0.3826834370613369 2.3432603017245014e-17
vn -0.8660253998985324 -0.5000000067305869 3.06161717267588e-17
vn -0.7933533320874723 -0.6087614397000725 3.7275889060097443e-17
vn -0.7071067811865476 -0.7071067811865476 4.329780375814312e-17
vn -0.6087614397000725 -0.7933533320874723 4.85788821807799e-17
vn -0.5000000067305869 -0.8660253998985324 5.302876307448087e-17
vn -0.3826834370613369 -0.9238795305660377 5.657130722319695e-17
vn -0.2588190471264927 -0.9659258257467466 5.914589613696059e-17
vn -0.13052618200608704 -0.9914448627185043 6.070848442951297e-17
vn -2.4492937051703357e-16 -1 6.123234262925839e-17
vn 0 6.123234262925839e-17 1
vn 0 6.123234262925839e-17 1
vn 0 6.123234262925839e-17 1
vn 0 6.123234262925839e-17 1
vn 0 6.123234262925839e-17 1
vn 0 6.123234262925839e-17 1
vn 0 6.123234262925839e-17 1
vn 0 6.123234262925839e-17 1
vn 0 6.123234262925839e-17 1
vn 0 6.123234262925839e-17 1
vn 0 6.123234262925839e-17 1
vn 0 6.123234262925839e-17 1
vn 0 6.123234262925839e-17 1
vn 0 6.123234262925839e-17 1
vn 0 6.123234262925839e-17 1
vn 0 6.123234262925839e-17 1
vn 0 6.123234262925839e-17 1
vn 0 6.123234262925839e-17 1
vn 0 6.123234262925839e-17 1
vn 0 6.123234262925839e-17 1
vn 0 6.123234262925839e-17 1
vn 0 6.123234262925839e-17 1
vn 0 6.123234262925839e-17 1
vn 0 6.123234262925839e-17 1
vn 0 6.123234262925839e-17 1
vn 0 6.123234262925839e-17 1
vn 0 6.123234262925839e-17 1
vn 0 6.123234262925839e-17 1
vn 0 6.123234262925839e-17 1
vn 0 6.123234262925839e-17 1
vn 0 6.123234262925839e-17 1
vn 0 6.123234262925839e-17 1
vn 0 6.123234262925839e-17 1
vn 0 6.123234262925839e-17 1
vn 0 6.123234262925839e-17 1
vn 0 6.123234262925839e-17 1
vn 0 6.123234262925839e-17 1
vn 0 6.123234262925839e-17 1
vn 0 6.123234262925839e-17 1
vn 0 6.123234262925839e-17 1
vn 0 6.123234262925839e-17 1
vn 0 6.123234262925839e-17 1
vn 0 6.123234262925839e-17 1
vn 0 6.123234262925839e-17 1
vn 0 6.123234262925839e-17 1
vn 0 6.123234262925839e-17 1
vn 0 6.123234262925839e-17 1
vn 0 6.123234262925839e-17 1
vn 0 6.123234262925839e-17 1
vn 0 6.123234262925839e-17 1
vn 0 6.123234262925839e-17 1
vn 0 6.123234262925839e-17 1
vn 0 6.123234262925839e-17 1
vn 0 6.123234262925839e-17 1
vn 0 6.123234262925839e-17 1
vn 0 6.123234262925839e-17 1
vn 0 6.123234262925839e-17 1
vn 0 6.123234262925839e-17 1
vn 0 6.123234262925839e-17 1
vn 0 6.123234262925839e-17 1
vn 0 6.123234262925839e-17 1
vn 0 6.123234262925839e-17 1
vn 0 6.123234262925839e-17 1
vn 0 6.123234262925839e-17 1
vn 0 6.123234262925839e-17 1
vn 0 6.123234262925839e-17 1
vn 0 6.123234262925839e-17 1
vn 0 6.123234262925839e-17 1
vn 0 6.123234262925839e-17 1
vn 0 6.123234262925839e-17 1
vn 0 6.123234262925839e-17 1
vn 0 6.123234262925839e-17 1
vn 0 6.123234262925839e-17 1
vn 0 6.123234262925839e-17 1
vn 0 6.123234262925839e-17 1
vn 0 6.123234262925839e-17 1
vn 0 6.123234262925839e-17 1
vn 0 6.123234262925839e-17 1
vn 0 6.123234262925839e-17 1
vn 0 6.123234262925839e-17 1
vn 0 6.123234262925839e-17 1
vn 0 6.123234262925839e-17 1
vn 0 6.123234262925839e-17 1
vn 0 6.123234262925839e-17 1
vn 0 6.123234262925839e-17 1
vn 0 6.123234262925839e-17 1
vn 0 6.123234262925839e-17 1
vn 0 6.123234262925839e-17 1
vn 0 6.123234262925839e-17 1
vn 0 6.123234262925839e-17 1
vn 0 6.123234262925839e-17 1
vn 0 6.123234262925839e-17 1
vn 0 6.123234262925839e-17 1
vn 0 6.123234262925839e-17 1
vn 0 6.123234262925839e-17 1
vn 0 6.123234262925839e-17 1
vn 0 6.123234262925839e-17 1
vn 0 -6.123234262925839e-17 -1
vn 0 -6.123234262925839e-17 -1
vn 0 -6.123234262925839e-17 -1
vn 0 -6.123234262925839e-17 -1
vn 0 -6.123234262925839e-17 -1
vn 0 -6.123234262925839e-17 -1
vn 0 -6.123234262925839e-17 -1
vn 0 -6.123234262925839e-17 -1
vn 0 -6.123234262925839e-17 -1
vn 0 -6.123234262925839e-17 -1
vn 0 -6.123234262925839e-17 -1
vn 0 -6.123234262925839e-17 -1
vn 0 -6.123234262925839e-17 -1
vn 0 -6.123234262925839e-17 -1
vn 0 -6.123234262925839e-17 -1
vn 0 -6.123234262925839e-17 -1
vn 0 -6.123234262925839e-17 -1
vn 0 -6.123234262925839e-17 -1
vn 0 -6.123234262925839e-17 -1
vn 0 -6.123234262925839e-17 -1
vn 0 -6.123234262925839e-17 -1
vn 0 -6.123234262925839e-17 -1
vn 0 -6.123234262925839e-17 -1
vn 0 -6.123234262925839e-17 -1
vn 0 -6.123234262925839e-17 -1
vn 0 -6.123234262925839e-17 -1
vn 0 -6.123234262925839e-17 -1
vn 0 -6.123234262925839e-17 -1
vn 0 -6.123234262925839e-17 -1
vn 0 -6.123234262925839e-17 -1
vn 0 -6.123234262925839e-17 -1
vn 0 -6.123234262925839e-17 -1
vn 0 -6.123234262925839e-17 -1
vn 0 -6.123234262925839e-17 -1
vn 0 -6.123234262925839e-17 -1
vn 0 -6.123234262925839e-17 -1
vn 0 -6.123234262925839e-17 -1
vn 0 -6.123234262925839e-17 -1
vn 0 -6.123234262925839e-17 -1
vn 0 -6.123234262925839e-17 -1
vn 0 -6.123234262925839e-17 -1
vn 0 -6.123234262925839e-17 -1
vn 0 -6.123234262925839e-17 -1
vn 0 -6.123234262925839e-17 -1
vn 0 -6.123234262925839e-17 -1
vn 0 -6.123234262925839e-17 -1
vn 0 -6.123234262925839e-17 -1
vn 0 -6.123234262925839e-17 -1
vn 0 -6.123234262925839e-17 -1
vn 0 -6.123234262925839e-17 -1
vn 0 -6.123234262925839e-17 -1
vn 0 -6.123234262925839e-17 -1
vn 0 -6.123234262925839e-17 -1
vn 0 -6.123234262925839e-17 -1
vn 0 -6.123234262925839e-17 -1
vn 0 -6.123234262925839e-17 -1
vn 0 -6.123234262925839e-17 -1
vn 0 -6.123234262925839e-17 -1
vn 0 -6.123234262925839e-17 -1
vn 0 -6.123234262925839e-17 -1
vn 0 -6.123234262925839e-17 -1
vn 0 -6.123234262925839e-17 -1
vn 0 -6.123234262925839e-17 -1
vn 0 -6.123234262925839e-17 -1
vn 0 -6.123234262925839e-17 -1
vn 0 -6.123234262925839e-17 -1
vn 0 -6.123234262925839e-17 -1
vn 0 -6.123234262925839e-17 -1
vn 0 -6.123234262925839e-17 -1
vn 0 -6.123234262925839e-17 -1
vn 0 -6.123234262925839e-17 -1
vn 0 -6.123234262925839e-17 -1
vn 0 -6.123234262925839e-17 -1
vn 0 -6.123234262925839e-17 -1
vn 0 -6.123234262925839e-17 -1
vn 0 -6.123234262925839e-17 -1
vn 0 -6.123234262925839e-17 -1
vn 0 -6.123234262925839e-17 -1
vn 0 -6.123234262925839e-17 -1
vn 0 -6.123234262925839e-17 -1
vn 0 -6.123234262925839e-17 -1
vn 0 -6.123234262925839e-17 -1
vn 0 -6.123234262925839e-17 -1
vn 0 -6.123234262925839e-17 -1
vn 0 -6.123234262925839e-17 -1
vn 0 -6.123234262925839e-17 -1
vn 0 -6.123234262925839e-17 -1
vn 0 -6.123234262925839e-17 -1
vn 0 -6.123234262925839e-17 -1
vn 0 -6.123234262925839e-17 -1
vn 0 -6.123234262925839e-17 -1
vn 0 -6.123234262925839e-17 -1
vn 0 -6.123234262925839e-17 -1
vn 0 -6.123234262925839e-17 -1
vn 0 -6.123234262925839e-17 -1
vn 0 -6.123234262925839e-17 -1
vn 0 -6.123234262925839e-17 -1
f 2641/2641/2641 2690/2690/2690 2642/2642/2642
f 2690/2690/2690 2691/2691/2691 2642/2642/2642
f 2642/2642/2642 2691/2691/2691 2643/2643/2643
f 2691/2691/2691 2692/2692/2692 2643/2643/2643
f 2643/2643/2643 2692/2692/2692 2644/2644/2644
f 2692/2692/2692 2693/2693/2693 2644/2644/2644
f 2644/2644/2644 2693/2693/2693 2645/2645/2645
f 2693/2693/2693 2694/2694/2694 2645/2645/2645
f 2645/2645/2645 2694/2694/2694 2646/2646/2646
f 2694/2694/2694 2695/2695/2695 2646/2646/2646
f 2646/2646/2646 2695/2695/2695 2647/2647/2647
f 2695/2695/2695 2696/2696/2696 2647/2647/2647
f 2647/2647/2647 2696/2696/2696 2648/2648/2648
f 2696/2696/2696 2697/2697/2697 2648/2648/2648
f 2648/2648/2648 2697/2697/2697 2649/2649/2649
f 2697/2697/2697 2698/2698/2698 2649/2649/2649
f 2649/2649/2649 2698/2698/2698 2650/2650/2650
f 2698/2698/2698 2699/2699/2699 2650/2650/2650
f 2650/2650/2650 2699/2699/2699 2651/2651/2651
f 2699/2699/2699 2700/2700/2700 2651/2651/2651
f 2651/2651/2651 2700/2700/2700 2652/2652/2652
f 2700/2700/2700 2701/2701/2701 2652/2652/2652
f 2652/2652/2652 2701/2701/2701 2653/2653/2653
f 2701/2701/2701 2702/2702/2702 2653/2653/2653
f 2653/2653/2653 2702/2702/2702 2654/2654/2654
f 2702/2702/2702 2703/2703/2703 2654/2654/2654
f 2654/2654/2654 2703/2703/2703 2655/2655/2655
f 2703/2703/2703 2704/2704/2704 2655/2655/2655
f 2655/2655/2655 2704/2704/2704 2656/2656/2656
f 2704/2704/2704 2705/2705/2705 2656/2656/2656
f 2656/2656/2656 2705/2705/2705 2657/2657/2657
f 2705/2705/2705 2706/2706/2706 2657/2657/2657
f 2657/2657/2657 2706/2706/2706 2658/2658/2658
f 2706/2706/2706 2707/2707/2707 2658/2658/2658
f 2658/2658/2658 2707/2707/2707 2659/2659/2659
f 2707/2707/2707 2708/2708/2708 2659/2659/2659
f 2659/2659/2659 2708/2708/2708 2660/2660/2660
f 2708/2708/2708 2709/2709/2709 2660/2660/2660
f 2660/2660/2660 2709/2709/2709 2661/2661/2661
f 2709/2709/2709 2710/2710/2710 2661/2661/2661
f 2661/2661/2661 2710/2710/2710 2662/2662/2662
f 2710/2710/2710 2711/2711/2711 2662/2662/2662
f 2662/2662/2662 2711/2711/2711 2663/2663/2663
f 2711/2711/2711 2712/2712/2712 2663/2663/2663
f 2663/2663/2663 2712/2712/2712 2664/2664/2664
f 2712/2712/2712 2713/2713/2713 2664/2664/2664
f 2664/2664/2664 2713/2713/2713 2665/2665/2665
f 2713/2713/2713 2714/2714/2714 2665/2665/2665
f 2665/2665/2665 2714/2714/2714 2666/2666/2666
f 2714/2714/2714 2715/2715/2715 2666/2666/2666
f 2666/2666/2666 2715/2715/2715 2667/2667/2667
f 2715/2715/2715 2716/2716/2716 2667/2667/2667
f 2667/2667/2667 2716/2716/2716 2668/2668/2668
f 2716/2716/2716 2717/2717/2717 2668/2668/2668
f 2668/2668/2668 2717/2717/2717 2669/2669/2669
f 2717/2717/2717 2718/2718/2718 2669/2669/2669
f 2669/2669/2669 2718/2718/2718 2670/2670/2670
f 2718/2718/2718 2719/2719/2719 2670/2670/2670
f 2670/2670/2670 2719/2719/2719 2671/2671/2671
f 2719/2719/2719 2720/2720/2720 2671/2671/2671
f 2671/2671/2671 2720/2720/2720 2672/2672/2672
f 2720/2720/2720 2721/2721/2721 2672/2672/2672
f 2672/2672/2672 2721/2721/2721 2673/2673/2673
f 2721/2721/2721 2722/2722/2722 2673/2673/2673
f 2673/2673/2673 2722/2722/2722 2674/2674/2674
f 2722/2722/2722 2723/2723/2723 2674/2674/2674
f 2674/2674/2674 2723/2723/2723 2675/2675/2675
f 2723/2723/2723 2724/2724/2724 2675/2675/2675
f 2675/2675/2675 2724/2724/2724 2676/2676/2676
f 2724/2724/2724 2725/2725/2725 2676/2676/2676
f 2676/2676/2676 2725/2725/2725 2677/2677/2677
f 2725/2725/2725 2726/2726/2726 2677/2677/2677
f 2677/2677/2677 2726/2726/2726 2678/2678/2678
f 2726/2726/2726 2727/2727/2727 2678/2678/2678
f 2678/2678/2678 2727/2727/2727 2679/2679/2679
f 2727/2727/2727 2728/2728/2728 2679/2679/2679
f 2679/2679/2679 2728/2728/2728 2680/2680/2680
f 2728/2728/2728 2729/2729/2729 2680/2680/2680
f 2680/2680/2680 2729/2729/2729 2681/2681/2681
f 2729/2729/2729 2730/2730/2730 2681/2681/2681
f 2681/2681/2681 2730/2730/2730 2682/2682/2682
f 2730/2730/2730 2731/2731/2731 2682/2682/2682
f 2682/2682/2682 2731/2731/2731 2683/2683/2683
f 2731/2731/2731 2732/2732/2732 2683/2683/2683
f 2683/2683/2683 2732/2732/2732 2684/2684/2684
f 2732/2732/2732 2733/2733/2733 2684/2684/2684
f 2684/2684/2684 2733/2733/2733 2685/2685/2685
f 2733/2733/2733 2734/2734/2734 2685/2685/2685
f 2685/2685/2685 2734/2734/2734 2686/2686/2686
f 2734/2734/2734 2735/2735/2735 2686/2686/2686
f 2686/2686/2686 2735/2735/2735 2687/2687/2687
f 2735/2735/2735 2736/2736/2736 2687/2687/2687
f 2687/2687/2687 2736/2736/2736 2688/2688/2688
f 2736/2736/2736 2737/2737/2737 2688/2688/2688
f 2688/2688/2688 2737/2737/2737 2689/2689/2689
f 2737/2737/2737 2738/2738/2738 2689/2689/2689
f 2787/2787/2787 2788/2788/2788 2739/2739/2739
f 2788/2788/2788 2789/2789/2789 2740/2740/2740
f 2789/2789/2789 2790/2790/2790 2741/2741/2741
f 2790/2790/2790 2791/2791/2791 2742/2742/2742
f 2791/2791/2791 2792/2792/2792 2743/2743/2743
f 2792/2792/2792 2793/2793/2793 2744/2744/2744
f 2793/2793/2793 2794/2794/2794 2745/2745/2745
f 2794/2794/2794 2795/2795/2795 2746/2746/2746
f 2795/2795/2795 2796/2796/2796 2747/2747/2747
f 2796/2796/2796 2797/2797/2797 2748/2748/2748
f 2797/2797/2797 2798/2798/2798 2749/2749/2749
f 2798/2798/2798 2799/2799/2799 2750/2750/2750
f 2799/2799/2799 2800/2800/2800 2751/2751/2751
f 2800/2800/2800 2801/2801/2801 2752/2752/2752
f 2801/2801/2801 2802/2802/2802 2753/2753/2753
f 2802/2802/2802 2803/2803/2803 2754/2754/2754
f 2803/2803/2803 2804/2804/2804 2755/2755/2755
f 2804/2804/2804 2805/2805/2805 2756/2756/2756
f 2805/2805/2805 2806/2806/2806 2757/2757/2757
f 2806/2806/2806 2807/2807/2807 2758/2758/2758
f 2807/2807/2807 2808/2808/2808 2759/2759/2759
f 2808/2808/2808 2809/2809/2809 2760/2760/2760
f 2809/2809/2809 2810/2810/2810 2761/2761/2761
f 2810/2810/2810 2811/2811/2811 2762/2762/2762
f 2811/2811/2811 2812/2812/2812 2763/2763/2763
f 2812/2812/2812 2813/2813/2813 2764/2764/2764
f 2813/2813/2813 2814/2814/2814 2765/2765/2765
f 2814/2814/2814 2815/2815/2815 2766/2766/2766
f 2815/2815/2815 2816/2816/2816 2767/2767/2767
f 2816/2816/2816 2817/2817/2817 2768/2768/2768
f 2817/2817/2817 2818/2818/2818 2769/2769/2769
f 2818/2818/2818 2819/2819/2819 2770/2770/2770
f 2819/2819/2819 2820/2820/2820 2771/2771/2771
f 2820/2820/2820 2821/2821/2821 2772/2772/2772
f 2821/2821/2821 2822/2822/2822 2773/2773/2773
f 2822/2822/2822 2823/2823/2823 2774/2774/2774
f 2823/2823/2823 2824/2824/2824 2775/2775/2775
f 2824/2824/2824 2825/2825/2825 2776/2776/2776
f 2825/2825/2825 2826/2826/2826 2777/2777/2777
f 2826/2826/2826 2827/2827/2827 2778/2778/2778
f 2827/2827/2827 2828/2828/2828 2779/2779/2779
f 2828/2828/2828 2829/2829/2829 2780/2780/2780
f 2829/2829/2829 2830/2830/2830 2781/2781/2781
f 2830/2830/2830 2831/2831/2831 2782/2782/2782
f 2831/2831/2831 2832/2832/2832 2783/2783/2783
f 2832/2832/2832 2833/2833/2833 2784/2784/2784
f 2833/2833/2833 2834/2834/2834 2785/2785/2785
f 2834/2834/2834 2835/2835/2835 2786/2786/2786
f 2885/2885/2885 2884/2884/2884 2836/2836/2836
f 2886/2886/2886 2885/2885/2885 2837/2837/2837
f 2887/2887/2887 2886/2886/2886 2838/2838/2838
f 2888/2888/2888 2887/2887/2887 2839/2839/2839
f 2889/2889/2889 2888/2888/2888 2840/2840/2840
f 2890/2890/2890 2889/2889/2889 2841/2841/2841
f 2891/2891/2891 2890/2890/2890 2842/2842/2842
f 2892/2892/2892 2891/2891/2891 2843/2843/2843
f 2893/2893/2893 2892/2892/2892 2844/2844/2844
f 2894/2894/2894 2893/2893/2893 2845/2845/2845
f 2895/2895/2895 2894/2894/2894 2846/2846/2846
f 2896/2896/2896 2895/2895/2895 2847/2847/2847
f 2897/2897/2897 2896/2896/2896 2848/2848/2848
f 2898/2898/2898 2897/2897/2897 2849/2849/2849
f 2899/2899/2899 2898/2898/2898 2850/2850/2850
f 2900/2900/2900 2899/2899/2899 2851/2851/2851
f 2901/2901/2901 2900/2900/2900 2852/2852/2852
f 2902/2902/2902 2901/2901/2901 2853/2853/2853
f 2903/2903/2903 2902/2902/2902 2854/2854/2854
f 2904/2904/2904 2903/2903/2903 2855/2855/2855
f 2905/2905/2905 2904/2904/2904 2856/2856/2856
f 2906/2906/2906 2905/2905/2905 2857/2857/2857
f 2907/2907/2907 2906/2906/2906 2858/2858/2858
f 2908/2908/2908 2907/2907/2907 2859/2859/2859
f 2909/2909/2909 2908/2908/2908 2860/2860/2860
f 2910/2910/2910 2909/2909/2909 2861/2861/2861
f 2911/2911/2911 2910/2910/2910 2862/2862/2862
f 2912/2912/2912 2911/2911/2911 2863/2863/2863
f 2913/2913/2913 2912/2912/2912 2864/2864/2864
f 2914/2914/2914 2913/2913/2913 2865/2865/2865
f 2915/2915/2915 2914/2914/2914 2866/2866/2866
f 2916/2916/2916 2915/2915/2915 2867/2867/2867
f 2917/2917/2917 2916/2916/2916 2868/2868/2868
f 2918/2918/2918 2917/2917/2917 2869/2869/2869
f 2919/2919/2919 2918/2918/2918 2870/2870/2870
f 2920/2920/2920 2919/2919/2919 2871/2871/2871
f 2921/2921/2921 2920/2920/2920 2872/2872/2872
f 2922/2922/2922 2921/2921/2921 2873/2873/2873
f 2923/2923/2923 2922/2922/2922 2874/2874/2874
f 2924/2924/2924 2923/2923/2923 2875/2875/2875
f 2925/2925/2925 2924/2924/2924 2876/2876/2876
f 2926/2926/2926 2925/2925/2925 2877/2877/2877
f 2927/2927/2927 2926/2926/2926 2878/2878/2878
f 2928/2928/2928 2927/2927/2927 2879/2879/2879
f 2929/2929/2929 2928/2928/2928 2880/2880/2880
f 2930/2930/2930 2929/2929/2929 2881/2881/2881
f 2931/2931/2931 2930/2930/2930 2882/2882/2882
f 2932/2932/2932 2931/2931/2931 2883/2883/2883
o foot_boss_0_32_n0_27
usemtl flange_steel
v 0.32 -0.3079999987781048 0.0880000002682209
v 0.32495999539271 -0.3076749038696289 0.0880000002682209
v 0.3298351240158081 -0.3067051810026169 0.0880000002682209
v 0.3345419705659151 -0.3051074226200581 0.0880000002682209
v 0.3389999993890524 -0.30290896490216257 0.0880000002682209
v 0.34313293516635895 -0.3001474276930094 0.0880000002682209
v 0.3468700569868088 -0.2968700569868088 0.0880000002682209
v 0.3501474276930094 -0.29313293516635897 0.0880000002682209
v 0.35290896490216256 -0.2889999993890524 0.0880000002682209
v 0.35510742262005807 -0.2845419705659151 0.0880000002682209
v 0.3567051810026169 -0.2798351240158081 0.0880000002682209
v 0.3576749038696289 -0.27495999539271 0.0880000002682209
v 0.3579999987781048 -0.27 0.0880000002682209
v 0.3576749038696289 -0.26504000460729005 0.0880000002682209
v 0.3567051810026169 -0.2601648759841919 0.0880000002682209
v 0.35510742262005807 -0.2554580294340849 0.0880000002682209
v 0.35290896490216256 -0.2510000006109476 0.0880000002682209
v 0.3501474276930094 -0.24686706483364107 0.0880000002682209
v 0.3468700569868088 -0.24312994301319124 0.0880000002682209
v 0.34313293516635895 -0.23985257230699064 0.0880000002682209
v 0.3389999993890524 -0.23709103509783747 0.0880000002682209
v 0.3345419705659151 -0.23489257737994196 0.0880000002682209
v 0.3298351240158081 -0.23329481899738314 0.0880000002682209
v 0.32495999539271 -0.2323250961303711 0.0880000002682209
v 0.32 -0.23200000122189524 0.0880000002682209
v 0.31504000460729004 -0.2323250961303711 0.0880000002682209
v 0.3101648759841919 -0.23329481899738314 0.0880000002682209
v 0.3054580294340849 -0.23489257737994196 0.0880000002682209
v 0.3010000006109476 -0.23709103509783747 0.0880000002682209
v 0.29686706483364106 -0.23985257230699064 0.0880000002682209
v 0.29312994301319123 -0.24312994301319124 0.0880000002682209
v 0.28985257230699063 -0.24686706483364107 0.0880000002682209
v 0.28709103509783745 -0.2510000006109476 0.0880000002682209
v 0.28489257737994195 -0.2554580294340849 0.0880000002682209
v 0.2832948189973831 -0.2601648759841919 0.0880000002682209
v 0.2823250961303711 -0.26504000460729005 0.0880000002682209
v 0.2820000012218952 -0.27 0.0880000002682209
v 0.2823250961303711 -0.27495999539271 0.0880000002682209
v 0.2832948189973831 -0.2798351240158081 0.0880000002682209
v 0.28489257737994195 -0.2845419705659151 0.0880000002682209
v 0.28709103509783745 -0.2889999993890524 0.0880000002682209
v 0.28985257230699063 -0.29313293516635897 0.0880000002682209
v 0.29312994301319123 -0.2968700569868088 0.0880000002682209
v 0.29686706483364106 -0.3001474276930094 0.0880000002682209
v 0.3010000006109476 -0.30290896490216257 0.0880000002682209
v 0.3054580294340849 -0.3051074226200581 0.0880000002682209
v 0.3101648759841919 -0.3067051810026169 0.0880000002682209
v 0.31504000460729004 -0.3076749038696289 0.0880000002682209
v 0.32 -0.3079999987781048 0.0880000002682209
v 0.32 -0.3079999987781048 0.061999999731779096
v 0.32495999539271 -0.3076749038696289 0.061999999731779096
v 0.3298351240158081 -0.3067051810026169 0.061999999731779096
v 0.3345419705659151 -0.3051074226200581 0.061999999731779096
v 0.3389999993890524 -0.30290896490216257 0.061999999731779096
v 0.34313293516635895 -0.3001474276930094 0.061999999731779096
v 0.3468700569868088 -0.2968700569868088 0.061999999731779096
v 0.3501474276930094 -0.29313293516635897 0.061999999731779096
v 0.35290896490216256 -0.2889999993890524 0.061999999731779096
v 0.35510742262005807 -0.2845419705659151 0.061999999731779096
v 0.3567051810026169 -0.2798351240158081 0.061999999731779096
v 0.3576749038696289 -0.27495999539271 0.061999999731779096
v 0.3579999987781048 -0.27 0.061999999731779096
v 0.3576749038696289 -0.26504000460729005 0.061999999731779096
v 0.3567051810026169 -0.2601648759841919 0.061999999731779096
v 0.35510742262005807 -0.2554580294340849 0.061999999731779096
v 0.35290896490216256 -0.2510000006109476 0.061999999731779096
v 0.3501474276930094 -0.24686706483364107 0.061999999731779096
v 0.3468700569868088 -0.24312994301319124 0.061999999731779096
v 0.34313293516635895 -0.23985257230699064 0.061999999731779096
v 0.3389999993890524 -0.23709103509783747 0.061999999731779096
v 0.3345419705659151 -0.23489257737994196 0.061999999731779096
v 0.3298351240158081 -0.23329481899738314 0.061999999731779096
v 0.32495999539271 -0.2323250961303711 0.061999999731779096
v 0.32 -0.23200000122189524 0.061999999731779096
v 0.31504000460729004 -0.2323250961303711 0.061999999731779096
v 0.3101648759841919 -0.23329481899738314 0.061999999731779096
v 0.3054580294340849 -0.23489257737994196 0.061999999731779096
v 0.3010000006109476 -0.23709103509783747 0.061999999731779096
v 0.29686706483364106 -0.23985257230699064 0.061999999731779096
v 0.29312994301319123 -0.24312994301319124 0.061999999731779096
v 0.28985257230699063 -0.24686706483364107 0.061999999731779096
v 0.28709103509783745 -0.2510000006109476 0.061999999731779096
v 0.28489257737994195 -0.2554580294340849 0.061999999731779096
v 0.2832948189973831 -0.2601648759841919 0.061999999731779096
v 0.2823250961303711 -0.26504000460729005 0.061999999731779096
v 0.2820000012218952 -0.27 0.061999999731779096
v 0.2823250961303711 -0.27495999539271 0.061999999731779096
v 0.2832948189973831 -0.2798351240158081 0.061999999731779096
v 0.28489257737994195 -0.2845419705659151 0.061999999731779096
v 0.28709103509783745 -0.2889999993890524 0.061999999731779096
v 0.28985257230699063 -0.29313293516635897 0.061999999731779096
v 0.29312994301319123 -0.2968700569868088 0.061999999731779096
v 0.29686706483364106 -0.3001474276930094 0.061999999731779096
v 0.3010000006109476 -0.30290896490216257 0.061999999731779096
v 0.3054580294340849 -0.3051074226200581 0.061999999731779096
v 0.3101648759841919 -0.3067051810026169 0.061999999731779096
v 0.31504000460729004 -0.3076749038696289 0.061999999731779096
v 0.32 -0.3079999987781048 0.061999999731779096
v 0.32 -0.27 0.0880000002682209
v 0.32 -0.27 0.0880000002682209
v 0.32 -0.27 0.0880000002682209
v 0.32 -0.27 0.0880000002682209
v 0.32 -0.27 0.0880000002682209
v 0.32 -0.27 0.0880000002682209
v 0.32 -0.27 0.0880000002682209
v 0.32 -0.27 0.0880000002682209
v 0.32 -0.27 0.0880000002682209
v 0.32 -0.27 0.0880000002682209
v 0.32 -0.27 0.0880000002682209
v 0.32 -0.27 0.0880000002682209
v 0.32 -0.27 0.0880000002682209
v 0.32 -0.27 0.0880000002682209
v 0.32 -0.27 0.0880000002682209
v 0.32 -0.27 0.0880000002682209
v 0.32 -0.27 0.0880000002682209
v 0.32 -0.27 0.0880000002682209
v 0.32 -0.27 0.0880000002682209
v 0.32 -0.27 0.0880000002682209
v 0.32 -0.27 0.0880000002682209
v 0.32 -0.27 0.0880000002682209
v 0.32 -0.27 0.0880000002682209
v 0.32 -0.27 0.0880000002682209
v 0.32 -0.27 0.0880000002682209
v 0.32 -0.27 0.0880000002682209
v 0.32 -0.27 0.0880000002682209
v 0.32 -0.27 0.0880000002682209
v 0.32 -0.27 0.0880000002682209
v 0.32 -0.27 0.0880000002682209
v 0.32 -0.27 0.0880000002682209
v 0.32 -0.27 0.0880000002682209
v 0.32 -0.27 0.0880000002682209
v 0.32 -0.27 0.0880000002682209
v 0.32 -0.27 0.0880000002682209
v 0.32 -0.27 0.0880000002682209
v 0.32 -0.27 0.0880000002682209
v 0.32 -0.27 0.0880000002682209
v 0.32 -0.27 0.0880000002682209
v 0.32 -0.27 0.0880000002682209
v 0.32 -0.27 0.0880000002682209
v 0.32 -0.27 0.0880000002682209
v 0.32 -0.27 0.0880000002682209
v 0.32 -0.27 0.0880000002682209
v 0.32 -0.27 0.0880000002682209
v 0.32 -0.27 0.0880000002682209
v 0.32 -0.27 0.0880000002682209
v 0.32 -0.27 0.0880000002682209
v 0.32 -0.3079999987781048 0.0880000002682209
v 0.32495999539271 -0.3076749038696289 0.0880000002682209
v 0.3298351240158081 -0.3067051810026169 0.0880000002682209
v 0.3345419705659151 -0.3051074226200581 0.0880000002682209
v 0.3389999993890524 -0.30290896490216257 0.0880000002682209
v 0.34313293516635895 -0.3001474276930094 0.0880000002682209
v 0.3468700569868088 -0.2968700569868088 0.0880000002682209
v 0.3501474276930094 -0.29313293516635897 0.0880000002682209
v 0.35290896490216256 -0.2889999993890524 0.0880000002682209
v 0.35510742262005807 -0.2845419705659151 0.0880000002682209
v 0.3567051810026169 -0.2798351240158081 0.0880000002682209
v 0.3576749038696289 -0.27495999539271 0.0880000002682209
v 0.3579999987781048 -0.27 0.0880000002682209
v 0.3576749038696289 -0.26504000460729005 0.0880000002682209
v 0.3567051810026169 -0.2601648759841919 0.0880000002682209
v 0.35510742262005807 -0.2554580294340849 0.0880000002682209
v 0.35290896490216256 -0.2510000006109476 0.0880000002682209
v 0.3501474276930094 -0.24686706483364107 0.0880000002682209
v 0.3468700569868088 -0.24312994301319124 0.0880000002682209
v 0.34313293516635895 -0.23985257230699064 0.0880000002682209
v 0.3389999993890524 -0.23709103509783747 0.0880000002682209
v 0.3345419705659151 -0.23489257737994196 0.0880000002682209
v 0.3298351240158081 -0.23329481899738314 0.0880000002682209
v 0.32495999539271 -0.2323250961303711 0.0880000002682209
v 0.32 -0.23200000122189524 0.0880000002682209
v 0.31504000460729004 -0.2323250961303711 0.0880000002682209
v 0.3101648759841919 -0.23329481899738314 0.0880000002682209
v 0.3054580294340849 -0.23489257737994196 0.0880000002682209
v 0.3010000006109476 -0.23709103509783747 0.0880000002682209
v 0.29686706483364106 -0.23985257230699064 0.0880000002682209
v 0.29312994301319123 -0.24312994301319124 0.0880000002682209
v 0.28985257230699063 -0.24686706483364107 0.0880000002682209
v 0.28709103509783745 -0.2510000006109476 0.0880000002682209
v 0.28489257737994195 -0.2554580294340849 0.0880000002682209
v 0.2832948189973831 -0.2601648759841919 0.0880000002682209
v 0.2823250961303711 -0.26504000460729005 0.0880000002682209
v 0.2820000012218952 -0.27 0.0880000002682209
v 0.2823250961303711 -0.27495999539271 0.0880000002682209
v 0.2832948189973831 -0.2798351240158081 0.0880000002682209
v 0.28489257737994195 -0.2845419705659151 0.0880000002682209
v 0.28709103509783745 -0.2889999993890524 0.0880000002682209
v 0.28985257230699063 -0.29313293516635897 0.0880000002682209
v 0.29312994301319123 -0.2968700569868088 0.0880000002682209
v 0.29686706483364106 -0.3001474276930094 0.0880000002682209
v 0.3010000006109476 -0.30290896490216257 0.0880000002682209
v 0.3054580294340849 -0.3051074226200581 0.0880000002682209
v 0.3101648759841919 -0.3067051810026169 0.0880000002682209
v 0.31504000460729004 -0.3076749038696289 0.0880000002682209
v 0.32 -0.3079999987781048 0.0880000002682209
v 0.32 -0.27 0.061999999731779096
v 0.32 -0.27 0.061999999731779096
v 0.32 -0.27 0.061999999731779096
v 0.32 -0.27 0.061999999731779096
v 0.32 -0.27 0.061999999731779096
v 0.32 -0.27 0.061999999731779096
v 0.32 -0.27 0.061999999731779096
v 0.32 -0.27 0.061999999731779096
v 0.32 -0.27 0.061999999731779096
v 0.32 -0.27 0.061999999731779096
v 0.32 -0.27 0.061999999731779096
v 0.32 -0.27 0.061999999731779096
v 0.32 -0.27 0.061999999731779096
v 0.32 -0.27 0.061999999731779096
v 0.32 -0.27 0.061999999731779096
v 0.32 -0.27 0.061999999731779096
v 0.32 -0.27 0.061999999731779096
v 0.32 -0.27 0.061999999731779096
v 0.32 -0.27 0.061999999731779096
v 0.32 -0.27 0.061999999731779096
v 0.32 -0.27 0.061999999731779096
v 0.32 -0.27 0.061999999731779096
v 0.32 -0.27 0.061999999731779096
v 0.32 -0.27 0.061999999731779096
v 0.32 -0.27 0.061999999731779096
v 0.32 -0.27 0.061999999731779096
v 0.32 -0.27 0.061999999731779096
v 0.32 -0.27 0.061999999731779096
v 0.32 -0.27 0.061999999731779096
v 0.32 -0.27 0.061999999731779096
v 0.32 -0.27 0.061999999731779096
v 0.32 -0.27 0.061999999731779096
v 0.32 -0.27 0.061999999731779096
v 0.32 -0.27 0.061999999731779096
v 0.32 -0.27 0.061999999731779096
v 0.32 -0.27 0.061999999731779096
v 0.32 -0.27 0.061999999731779096
v 0.32 -0.27 0.061999999731779096
v 0.32 -0.27 0.061999999731779096
v 0.32 -0.27 0.061999999731779096
v 0.32 -0.27 0.061999999731779096
v 0.32 -0.27 0.061999999731779096
v 0.32 -0.27 0.061999999731779096
v 0.32 -0.27 0.061999999731779096
v 0.32 -0.27 0.061999999731779096
v 0.32 -0.27 0.061999999731779096
v 0.32 -0.27 0.061999999731779096
v 0.32 -0.27 0.061999999731779096
v 0.32 -0.3079999987781048 0.061999999731779096
v 0.32495999539271 -0.3076749038696289 0.061999999731779096
v 0.3298351240158081 -0.3067051810026169 0.061999999731779096
v 0.3345419705659151 -0.3051074226200581 0.061999999731779096
v 0.3389999993890524 -0.30290896490216257 0.061999999731779096
v 0.34313293516635895 -0.3001474276930094 0.061999999731779096
v 0.3468700569868088 -0.2968700569868088 0.061999999731779096
v 0.3501474276930094 -0.29313293516635897 0.061999999731779096
v 0.35290896490216256 -0.2889999993890524 0.061999999731779096
v 0.35510742262005807 -0.2845419705659151 0.061999999731779096
v 0.3567051810026169 -0.2798351240158081 0.061999999731779096
v 0.3576749038696289 -0.27495999539271 0.061999999731779096
v 0.3579999987781048 -0.27 0.061999999731779096
v 0.3576749038696289 -0.26504000460729005 0.061999999731779096
v 0.3567051810026169 -0.2601648759841919 0.061999999731779096
v 0.35510742262005807 -0.2554580294340849 0.061999999731779096
v 0.35290896490216256 -0.2510000006109476 0.061999999731779096
v 0.3501474276930094 -0.24686706483364107 0.061999999731779096
v 0.3468700569868088 -0.24312994301319124 0.061999999731779096
v 0.34313293516635895 -0.23985257230699064 0.061999999731779096
v 0.3389999993890524 -0.23709103509783747 0.061999999731779096
v 0.3345419705659151 -0.23489257737994196 0.061999999731779096
v 0.3298351240158081 -0.23329481899738314 0.061999999731779096
v 0.32495999539271 -0.2323250961303711 0.061999999731779096
v 0.32 -0.23200000122189524 0.061999999731779096
v 0.31504000460729004 -0.2323250961303711 0.061999999731779096
v 0.3101648759841919 -0.23329481899738314 0.061999999731779096
v 0.3054580294340849 -0.23489257737994196 0.061999999731779096
v 0.3010000006109476 -0.23709103509783747 0.061999999731779096
v 0.29686706483364106 -0.23985257230699064 0.061999999731779096
v 0.29312994301319123 -0.24312994301319124 0.061999999731779096
v 0.28985257230699063 -0.24686706483364107 0.061999999731779096
v 0.28709103509783745 -0.2510000006109476 0.061999999731779096
v 0.28489257737994195 -0.2554580294340849 0.061999999731779096
v 0.2832948189973831 -0.2601648759841919 0.061999999731779096
v 0.2823250961303711 -0.26504000460729005 0.061999999731779096
v 0.2820000012218952 -0.27 0.061999999731779096
v 0.2823250961303711 -0.27495999539271 0.061999999731779096
v 0.2832948189973831 -0.2798351240158081 0.061999999731779096
v 0.28489257737994195 -0.2845419705659151 0.061999999731779096
v 0.28709103509783745 -0.2889999993890524 0.061999999731779096
v 0.28985257230699063 -0.29313293516635897 0.061999999731779096
v 0.29312994301319123 -0.2968700569868088 0.061999999731779096
v 0.29686706483364106 -0.3001474276930094 0.061999999731779096
v 0.3010000006109476 -0.30290896490216257 0.061999999731779096
v 0.3054580294340849 -0.3051074226200581 0.061999999731779096
v 0.3101648759841919 -0.3067051810026169 0.061999999731779096
v 0.31504000460729004 -0.3076749038696289 0.061999999731779096
v 0.32 -0.3079999987781048 0.061999999731779096
vt 0 1
vt 0.02083333395421505 1
vt 0.0416666679084301 1
vt 0.0625 1
vt 0.0833333358168602 1
vt 0.1041666641831398 1
vt 0.125 1
vt 0.1458333283662796 1
vt 0.1666666716337204 1
vt 0.1875 1
vt 0.2083333283662796 1
vt 0.2291666716337204 1
vt 0.25 1
vt 0.2708333432674408 1
vt 0.2916666567325592 1
vt 0.3125 1
vt 0.3333333432674408 1
vt 0.3541666567325592 1
vt 0.375 1
vt 0.3958333432674408 1
vt 0.4166666567325592 1
vt 0.4375 1
vt 0.4583333432674408 1
vt 0.4791666567325592 1
vt 0.5 1
vt 0.5208333134651184 1
vt 0.5416666865348816 1
vt 0.5625 1
vt 0.5833333134651184 1
vt 0.6041666865348816 1
vt 0.625 1
vt 0.6458333134651184 1
vt 0.6666666865348816 1
vt 0.6875 1
vt 0.7083333134651184 1
vt 0.7291666865348816 1
vt 0.75 1
vt 0.7708333134651184 1
vt 0.7916666865348816 1
vt 0.8125 1
vt 0.8333333134651184 1
vt 0.8541666865348816 1
vt 0.875 1
vt 0.8958333134651184 1
vt 0.9166666865348816 1
vt 0.9375 1
vt 0.9583333134651184 1
vt 0.9791666865348816 1
vt 1 1
vt 0 0
vt 0.02083333395421505 0
vt 0.0416666679084301 0
vt 0.0625 0
vt 0.0833333358168602 0
vt 0.1041666641831398 0
vt 0.125 0
vt 0.1458333283662796 0
vt 0.1666666716337204 0
vt 0.1875 0
vt 0.2083333283662796 0
vt 0.2291666716337204 0
vt 0.25 0
vt 0.2708333432674408 0
vt 0.2916666567325592 0
vt 0.3125 0
vt 0.3333333432674408 0
vt 0.3541666567325592 0
vt 0.375 0
vt 0.3958333432674408 0
vt 0.4166666567325592 0
vt 0.4375 0
vt 0.4583333432674408 0
vt 0.4791666567325592 0
vt 0.5 0
vt 0.5208333134651184 0
vt 0.5416666865348816 0
vt 0.5625 0
vt 0.5833333134651184 0
vt 0.6041666865348816 0
vt 0.625 0
vt 0.6458333134651184 0
vt 0.6666666865348816 0
vt 0.6875 0
vt 0.7083333134651184 0
vt 0.7291666865348816 0
vt 0.75 0
vt 0.7708333134651184 0
vt 0.7916666865348816 0
vt 0.8125 0
vt 0.8333333134651184 0
vt 0.8541666865348816 0
vt 0.875 0
vt 0.8958333134651184 0
vt 0.9166666865348816 0
vt 0.9375 0
vt 0.9583333134651184 0
vt 0.9791666865348816 0
vt 1 0
vt 0.5 0.5
vt 0.5 0.5
vt 0.5 0.5
vt 0.5 0.5
vt 0.5 0.5
vt 0.5 0.5
vt 0.5 0.5
vt 0.5 0.5
vt 0.5 0.5
vt 0.5 0.5
vt 0.5 0.5
vt 0.5 0.5
vt 0.5 0.5
vt 0.5 0.5
vt 0.5 0.5
vt 0.5 0.5
vt 0.5 0.5
vt 0.5 0.5
vt 0.5 0.5
vt 0.5 0.5
vt 0.5 0.5
vt 0.5 0.5
vt 0.5 0.5
vt 0.5 0.5
vt 0.5 0.5
vt 0.5 0.5
vt 0.5 0.5
vt 0.5 0.5
vt 0.5 0.5
vt 0.5 0.5
vt 0.5 0.5
vt 0.5 0.5
vt 0.5 0.5
vt 0.5 0.5
vt 0.5 0.5
vt 0.5 0.5
vt 0.5 0.5
vt 0.5 0.5
vt 0.5 0.5
vt 0.5 0.5
vt 0.5 0.5
vt 0.5 0.5
vt 0.5 0.5
vt 0.5 0.5
vt 0.5 0.5
vt 0.5 0.5
vt 0.5 0.5
vt 0.5 0.5
vt 1 0.5
vt 0.9957224130630493 0.5652630925178528
vt 0.9829629063606262 0.6294095516204834
vt 0.9619397521018982 0.6913416981697083
vt 0.9330127239227295 0.75
vt 0.8966766595840454 0.8043807148933411
vt 0.8535534143447876 0.8535534143447876
vt 0.8043807148933411 0.8966766595840454
vt 0.75 0.9330127239227295
vt 0.6913416981697083 0.9619397521018982
vt 0.6294095516204834 0.9829629063606262
vt 0.5652630925178528 0.9957224130630493
vt 0.5 1
vt 0.4347369074821472 0.9957224130630493
vt 0.370590478181839 0.9829629063606262
vt 0.30865827202796936 0.9619397521018982
vt 0.25 0.9330127239227295
vt 0.19561928510665894 0.8966766595840454
vt 0.1464466154575348 0.8535534143447876
vt 0.10332333296537399 0.8043807148933411
vt 0.0669872984290123 0.75
vt 0.03806023299694061 0.6913416981697083
vt 0.017037086188793182 0.6294095516204834
vt 0.004277569241821766 0.5652630925178528
vt 0 0.5
vt 0.004277569241821766 0.4347369074821472
vt 0.017037086188793182 0.370590478181839
vt 0.03806023299694061 0.30865827202796936
vt 0.0669872984290123 0.25
vt 0.10332333296537399 0.19561928510665894
vt 0.1464466154575348 0.1464466154575348
vt 0.19561928510665894 0.10332333296537399
vt 0.25 0.0669872984290123
vt 0.30865827202796936 0.03806023299694061
vt 0.370590478181839 0.017037086188793182
vt 0.4347369074821472 0.004277569241821766
vt 0.5 0
vt 0.5652630925178528 0.004277569241821766
vt 0.6294095516204834 0.017037086188793182
vt 0.6913416981697083 0.03806023299694061
vt 0.75 0.0669872984290123
vt 0.8043807148933411 0.10332333296537399
vt 0.8535534143447876 0.1464466154575348
vt 0.8966766595840454 0.19561928510665894
vt 0.9330127239227295 0.25
vt 0.9619397521018982 0.30865827202796936
vt 0.9829629063606262 0.370590478181839
vt 0.9957224130630493 0.4347369074821472
vt 1 0.5
vt 0.5 0.5
vt 0.5 0.5
vt 0.5 0.5
vt 0.5 0.5
vt 0.5 0.5
vt 0.5 0.5
vt 0.5 0.5
vt 0.5 0.5
vt 0.5 0.5
vt 0.5 0.5
vt 0.5 0.5
vt 0.5 0.5
vt 0.5 0.5
vt 0.5 0.5
vt 0.5 0.5
vt 0.5 0.5
vt 0.5 0.5
vt 0.5 0.5
vt 0.5 0.5
vt 0.5 0.5
vt 0.5 0.5
vt 0.5 0.5
vt 0.5 0.5
vt 0.5 0.5
vt 0.5 0.5
vt 0.5 0.5
vt 0.5 0.5
vt 0.5 0.5
vt 0.5 0.5
vt 0.5 0.5
vt 0.5 0.5
vt 0.5 0.5
vt 0.5 0.5
vt 0.5 0.5
vt 0.5 0.5
vt 0.5 0.5
vt 0.5 0.5
vt 0.5 0.5
vt 0.5 0.5
vt 0.5 0.5
vt 0.5 0.5
vt 0.5 0.5
vt 0.5 0.5
vt 0.5 0.5
vt 0.5 0.5
vt 0.5 0.5
vt 0.5 0.5
vt 0.5 0.5
vt 1 0.5
vt 0.9957224130630493 0.4347369074821472
vt 0.9829629063606262 0.370590478181839
vt 0.9619397521018982 0.30865827202796936
vt 0.9330127239227295 0.25
vt 0.8966766595840454 0.19561928510665894
vt 0.8535534143447876 0.1464466154575348
vt 0.8043807148933411 0.10332333296537399
vt 0.75 0.0669872984290123
vt 0.6913416981697083 0.03806023299694061
vt 0.6294095516204834 0.017037086188793182
vt 0.5652630925178528 0.004277569241821766
vt 0.5 0
vt 0.4347369074821472 0.004277569241821766
vt 0.370590478181839 0.017037086188793182
vt 0.30865827202796936 0.03806023299694061
vt 0.25 0.0669872984290123
vt 0.19561928510665894 0.10332333296537399
vt 0.1464466154575348 0.1464466154575348
vt 0.10332333296537399 0.19561928510665894
vt 0.0669872984290123 0.25
vt 0.03806023299694061 0.30865827202796936
vt 0.017037086188793182 0.370590478181839
vt 0.004277569241821766 0.4347369074821472
vt 0 0.5
vt 0.004277569241821766 0.5652630925178528
vt 0.017037086188793182 0.6294095516204834
vt 0.03806023299694061 0.6913416981697083
vt 0.0669872984290123 0.75
vt 0.10332333296537399 0.8043807148933411
vt 0.1464466154575348 0.8535534143447876
vt 0.19561928510665894 0.8966766595840454
vt 0.25 0.9330127239227295
vt 0.30865827202796936 0.9619397521018982
vt 0.370590478181839 0.9829629063606262
vt 0.4347369074821472 0.9957224130630493
vt 0.5 1
vt 0.5652630925178528 0.9957224130630493
vt 0.6294095516204834 0.9829629063606262
vt 0.6913416981697083 0.9619397521018982
vt 0.75 0.9330127239227295
vt 0.8043807148933411 0.8966766595840454
vt 0.8535534143447876 0.8535534143447876
vt 0.8966766595840454 0.8043807148933411
vt 0.9330127239227295 0.75
vt 0.9619397521018982 0.6913416981697083
vt 0.9829629063606262 0.6294095516204834
vt 0.9957224130630493 0.5652630925178528
vt 1 0.5
vn 0 -1 6.123234262925839e-17
vn 0.13052618200608704 -0.9914448627185043 6.070848442951297e-17
vn 0.2588190471264927 -0.9659258257467466 5.914589613696059e-17
vn 0.3826834370613369 -0.9238795305660377 5.657130722319695e-17
vn 0.5000000067305869 -0.8660253998985324 5.302876307448087e-17
vn 0.6087614397000725 -0.7933533320874723 4.85788821807799e-17
vn 0.7071067811865476 -0.7071067811865476 4.329780375814312e-17
vn 0.7933533320874723 -0.6087614397000725 3.7275889060097443e-17
vn 0.8660253998985324 -0.5000000067305869 3.06161717267588e-17
vn 0.9238795305660377 -0.3826834370613369 2.3432603017245014e-17
vn 0.9659258257467466 -0.2588190471264927 1.5848095844680132e-17
vn 0.9914448627185043 -0.13052618200608704 7.992423206588031e-18
vn 1 -6.123234262925839e-17 3.74939976039497e-33
vn 0.9914448627185043 0.13052618200608704 -7.992423206588031e-18
vn 0.9659258257467466 0.2588190471264927 -1.5848095844680132e-17
vn 0.9238795305660377 0.3826834370613369 -2.3432603017245014e-17
vn 0.8660253998985324 0.5000000067305869 -3.06161717267588e-17
vn 0.7933533320874723 0.6087614397000725 -3.7275889060097443e-17
vn 0.7071067811865476 0.7071067811865476 -4.329780375814312e-17
vn 0.6087614397000725 0.7933533320874723 -4.85788821807799e-17
vn 0.5000000067305869 0.8660253998985324 -5.302876307448087e-17
vn 0.3826834370613369 0.9238795305660377 -5.657130722319695e-17
vn 0.2588190471264927 0.9659258257467466 -5.914589613696059e-17
vn 0.13052618200608704 0.9914448627185043 -6.070848442951297e-17
vn 1.2246468525851679e-16 1 -6.123234262925839e-17
vn -0.13052618200608704 0.9914448627185043 -6.070848442951297e-17
vn -0.2588190471264927 0.9659258257467466 -5.914589613696059e-17
vn -0.3826834370613369 0.9238795305660377 -5.657130722319695e-17
vn -0.5000000067305869 0.8660253998985324 -5.302876307448087e-17
vn -0.6087614397000725 0.7933533320874723 -4.85788821807799e-17
vn -0.7071067811865476 0.7071067811865476 -4.329780375814312e-17
vn -0.7933533320874723 0.6087614397000725 -3.7275889060097443e-17
vn -0.8660253998985324 0.5000000067305869 -3.06161717267588e-17
vn -0.9238795305660377 0.3826834370613369 -2.3432603017245014e-17
vn -0.9659258257467466 0.2588190471264927 -1.5848095844680132e-17
vn -0.9914448627185043 0.13052618200608704 -7.992423206588031e-18
vn -1 1.8369701465288538e-16 -1.1248198179158957e-32
vn -0.9914448627185043 -0.13052618200608704 7.992423206588031e-18
vn -0.9659258257467466 -0.2588190471264927 1.5848095844680132e-17
vn -0.9238795305660377 -0.3826834370613369 2.3432603017245014e-17
vn -0.8660253998985324 -0.5000000067305869 3.06161717267588e-17
vn -0.7933533320874723 -0.6087614397000725 3.7275889060097443e-17
vn -0.7071067811865476 -0.7071067811865476 4.329780375814312e-17
vn -0.6087614397000725 -0.7933533320874723 4.85788821807799e-17
vn -0.5000000067305869 -0.8660253998985324 5.302876307448087e-17
vn -0.3826834370613369 -0.9238795305660377 5.657130722319695e-17
vn -0.2588190471264927 -0.9659258257467466 5.914589613696059e-17
vn -0.13052618200608704 -0.9914448627185043 6.070848442951297e-17
vn -2.4492937051703357e-16 -1 6.123234262925839e-17
vn 0 -1 6.123234262925839e-17
vn 0.13052618200608704 -0.9914448627185043 6.070848442951297e-17
vn 0.2588190471264927 -0.9659258257467466 5.914589613696059e-17
vn 0.3826834370613369 -0.9238795305660377 5.657130722319695e-17
vn 0.5000000067305869 -0.8660253998985324 5.302876307448087e-17
vn 0.6087614397000725 -0.7933533320874723 4.85788821807799e-17
vn 0.7071067811865476 -0.7071067811865476 4.329780375814312e-17
vn 0.7933533320874723 -0.6087614397000725 3.7275889060097443e-17
vn 0.8660253998985324 -0.5000000067305869 3.06161717267588e-17
vn 0.9238795305660377 -0.3826834370613369 2.3432603017245014e-17
vn 0.9659258257467466 -0.2588190471264927 1.5848095844680132e-17
vn 0.9914448627185043 -0.13052618200608704 7.992423206588031e-18
vn 1 -6.123234262925839e-17 3.74939976039497e-33
vn 0.9914448627185043 0.13052618200608704 -7.992423206588031e-18
vn 0.9659258257467466 0.2588190471264927 -1.5848095844680132e-17
vn 0.9238795305660377 0.3826834370613369 -2.3432603017245014e-17
vn 0.8660253998985324 0.5000000067305869 -3.06161717267588e-17
vn 0.7933533320874723 0.6087614397000725 -3.7275889060097443e-17
vn 0.7071067811865476 0.7071067811865476 -4.329780375814312e-17
vn 0.6087614397000725 0.7933533320874723 -4.85788821807799e-17
vn 0.5000000067305869 0.8660253998985324 -5.302876307448087e-17
vn 0.3826834370613369 0.9238795305660377 -5.657130722319695e-17
vn 0.2588190471264927 0.9659258257467466 -5.914589613696059e-17
vn 0.13052618200608704 0.9914448627185043 -6.070848442951297e-17
vn 1.2246468525851679e-16 1 -6.123234262925839e-17
vn -0.13052618200608704 0.9914448627185043 -6.070848442951297e-17
vn -0.2588190471264927 0.9659258257467466 -5.914589613696059e-17
vn -0.3826834370613369 0.9238795305660377 -5.657130722319695e-17
vn -0.5000000067305869 0.8660253998985324 -5.302876307448087e-17
vn -0.6087614397000725 0.7933533320874723 -4.85788821807799e-17
vn -0.7071067811865476 0.7071067811865476 -4.329780375814312e-17
vn -0.7933533320874723 0.6087614397000725 -3.7275889060097443e-17
vn -0.8660253998985324 0.5000000067305869 -3.06161717267588e-17
vn -0.9238795305660377 0.3826834370613369 -2.3432603017245014e-17
vn -0.9659258257467466 0.2588190471264927 -1.5848095844680132e-17
vn -0.9914448627185043 0.13052618200608704 -7.992423206588031e-18
vn -1 1.8369701465288538e-16 -1.1248198179158957e-32
vn -0.9914448627185043 -0.13052618200608704 7.992423206588031e-18
vn -0.9659258257467466 -0.2588190471264927 1.5848095844680132e-17
vn -0.9238795305660377 -0.3826834370613369 2.3432603017245014e-17
vn -0.8660253998985324 -0.5000000067305869 3.06161717267588e-17
vn -0.7933533320874723 -0.6087614397000725 3.7275889060097443e-17
vn -0.7071067811865476 -0.7071067811865476 4.329780375814312e-17
vn -0.6087614397000725 -0.7933533320874723 4.85788821807799e-17
vn -0.5000000067305869 -0.8660253998985324 5.302876307448087e-17
vn -0.3826834370613369 -0.9238795305660377 5.657130722319695e-17
vn -0.2588190471264927 -0.9659258257467466 5.914589613696059e-17
vn -0.13052618200608704 -0.9914448627185043 6.070848442951297e-17
vn -2.4492937051703357e-16 -1 6.123234262925839e-17
vn 0 6.123234262925839e-17 1
vn 0 6.123234262925839e-17 1
vn 0 6.123234262925839e-17 1
vn 0 6.123234262925839e-17 1
vn 0 6.123234262925839e-17 1
vn 0 6.123234262925839e-17 1
vn 0 6.123234262925839e-17 1
vn 0 6.123234262925839e-17 1
vn 0 6.123234262925839e-17 1
vn 0 6.123234262925839e-17 1
vn 0 6.123234262925839e-17 1
vn 0 6.123234262925839e-17 1
vn 0 6.123234262925839e-17 1
vn 0 6.123234262925839e-17 1
vn 0 6.123234262925839e-17 1
vn 0 6.123234262925839e-17 1
vn 0 6.123234262925839e-17 1
vn 0 6.123234262925839e-17 1
vn 0 6.123234262925839e-17 1
vn 0 6.123234262925839e-17 1
vn 0 6.123234262925839e-17 1
vn 0 6.123234262925839e-17 1
vn 0 6.123234262925839e-17 1
vn 0 6.123234262925839e-17 1
vn 0 6.123234262925839e-17 1
vn 0 6.123234262925839e-17 1
vn 0 6.123234262925839e-17 1
vn 0 6.123234262925839e-17 1
vn 0 6.123234262925839e-17 1
vn 0 6.123234262925839e-17 1
vn 0 6.123234262925839e-17 1
vn 0 6.123234262925839e-17 1
vn 0 6.123234262925839e-17 1
vn 0 6.123234262925839e-17 1
vn 0 6.123234262925839e-17 1
vn 0 6.123234262925839e-17 1
vn 0 6.123234262925839e-17 1
vn 0 6.123234262925839e-17 1
vn 0 6.123234262925839e-17 1
vn 0 6.123234262925839e-17 1
vn 0 6.123234262925839e-17 1
vn 0 6.123234262925839e-17 1
vn 0 6.123234262925839e-17 1
vn 0 6.123234262925839e-17 1
vn 0 6.123234262925839e-17 1
vn 0 6.123234262925839e-17 1
vn 0 6.123234262925839e-17 1
vn 0 6.123234262925839e-17 1
vn 0 6.123234262925839e-17 1
vn 0 6.123234262925839e-17 1
vn 0 6.123234262925839e-17 1
vn 0 6.123234262925839e-17 1
vn 0 6.123234262925839e-17 1
vn 0 6.123234262925839e-17 1
vn 0 6.123234262925839e-17 1
vn 0 6.123234262925839e-17 1
vn 0 6.123234262925839e-17 1
vn 0 6.123234262925839e-17 1
vn 0 6.123234262925839e-17 1
vn 0 6.123234262925839e-17 1
vn 0 6.123234262925839e-17 1
vn 0 6.123234262925839e-17 1
vn 0 6.123234262925839e-17 1
vn 0 6.123234262925839e-17 1
vn 0 6.123234262925839e-17 1
vn 0 6.123234262925839e-17 1
vn 0 6.123234262925839e-17 1
vn 0 6.123234262925839e-17 1
vn 0 6.123234262925839e-17 1
vn 0 6.123234262925839e-17 1
vn 0 6.123234262925839e-17 1
vn 0 6.123234262925839e-17 1
vn 0 6.123234262925839e-17 1
vn 0 6.123234262925839e-17 1
vn 0 6.123234262925839e-17 1
vn 0 6.123234262925839e-17 1
vn 0 6.123234262925839e-17 1
vn 0 6.123234262925839e-17 1
vn 0 6.123234262925839e-17 1
vn 0 6.123234262925839e-17 1
vn 0 6.123234262925839e-17 1
vn 0 6.123234262925839e-17 1
vn 0 6.123234262925839e-17 1
vn 0 6.123234262925839e-17 1
vn 0 6.123234262925839e-17 1
vn 0 6.123234262925839e-17 1
vn 0 6.123234262925839e-17 1
vn 0 6.123234262925839e-17 1
vn 0 6.123234262925839e-17 1
vn 0 6.123234262925839e-17 1
vn 0 6.123234262925839e-17 1
vn 0 6.123234262925839e-17 1
vn 0 6.123234262925839e-17 1
vn 0 6.123234262925839e-17 1
vn 0 6.123234262925839e-17 1
vn 0 6.123234262925839e-17 1
vn 0 6.123234262925839e-17 1
vn 0 -6.123234262925839e-17 -1
vn 0 -6.123234262925839e-17 -1
vn 0 -6.123234262925839e-17 -1
vn 0 -6.123234262925839e-17 -1
vn 0 -6.123234262925839e-17 -1
vn 0 -6.123234262925839e-17 -1
vn 0 -6.123234262925839e-17 -1
vn 0 -6.123234262925839e-17 -1
vn 0 -6.123234262925839e-17 -1
vn 0 -6.123234262925839e-17 -1
vn 0 -6.123234262925839e-17 -1
vn 0 -6.123234262925839e-17 -1
vn 0 -6.123234262925839e-17 -1
vn 0 -6.123234262925839e-17 -1
vn 0 -6.123234262925839e-17 -1
vn 0 -6.123234262925839e-17 -1
vn 0 -6.123234262925839e-17 -1
vn 0 -6.123234262925839e-17 -1
vn 0 -6.123234262925839e-17 -1
vn 0 -6.123234262925839e-17 -1
vn 0 -6.123234262925839e-17 -1
vn 0 -6.123234262925839e-17 -1
vn 0 -6.123234262925839e-17 -1
vn 0 -6.123234262925839e-17 -1
vn 0 -6.123234262925839e-17 -1
vn 0 -6.123234262925839e-17 -1
vn 0 -6.123234262925839e-17 -1
vn 0 -6.123234262925839e-17 -1
vn 0 -6.123234262925839e-17 -1
vn 0 -6.123234262925839e-17 -1
vn 0 -6.123234262925839e-17 -1
vn 0 -6.123234262925839e-17 -1
vn 0 -6.123234262925839e-17 -1
vn 0 -6.123234262925839e-17 -1
vn 0 -6.123234262925839e-17 -1
vn 0 -6.123234262925839e-17 -1
vn 0 -6.123234262925839e-17 -1
vn 0 -6.123234262925839e-17 -1
vn 0 -6.123234262925839e-17 -1
vn 0 -6.123234262925839e-17 -1
vn 0 -6.123234262925839e-17 -1
vn 0 -6.123234262925839e-17 -1
vn 0 -6.123234262925839e-17 -1
vn 0 -6.123234262925839e-17 -1
vn 0 -6.123234262925839e-17 -1
vn 0 -6.123234262925839e-17 -1
vn 0 -6.123234262925839e-17 -1
vn 0 -6.123234262925839e-17 -1
vn 0 -6.123234262925839e-17 -1
vn 0 -6.123234262925839e-17 -1
vn 0 -6.123234262925839e-17 -1
vn 0 -6.123234262925839e-17 -1
vn 0 -6.123234262925839e-17 -1
vn 0 -6.123234262925839e-17 -1
vn 0 -6.123234262925839e-17 -1
vn 0 -6.123234262925839e-17 -1
vn 0 -6.123234262925839e-17 -1
vn 0 -6.123234262925839e-17 -1
vn 0 -6.123234262925839e-17 -1
vn 0 -6.123234262925839e-17 -1
vn 0 -6.123234262925839e-17 -1
vn 0 -6.123234262925839e-17 -1
vn 0 -6.123234262925839e-17 -1
vn 0 -6.123234262925839e-17 -1
vn 0 -6.123234262925839e-17 -1
vn 0 -6.123234262925839e-17 -1
vn 0 -6.123234262925839e-17 -1
vn 0 -6.123234262925839e-17 -1
vn 0 -6.123234262925839e-17 -1
vn 0 -6.123234262925839e-17 -1
vn 0 -6.123234262925839e-17 -1
vn 0 -6.123234262925839e-17 -1
vn 0 -6.123234262925839e-17 -1
vn 0 -6.123234262925839e-17 -1
vn 0 -6.123234262925839e-17 -1
vn 0 -6.123234262925839e-17 -1
vn 0 -6.123234262925839e-17 -1
vn 0 -6.123234262925839e-17 -1
vn 0 -6.123234262925839e-17 -1
vn 0 -6.123234262925839e-17 -1
vn 0 -6.123234262925839e-17 -1
vn 0 -6.123234262925839e-17 -1
vn 0 -6.123234262925839e-17 -1
vn 0 -6.123234262925839e-17 -1
vn 0 -6.123234262925839e-17 -1
vn 0 -6.123234262925839e-17 -1
vn 0 -6.123234262925839e-17 -1
vn 0 -6.123234262925839e-17 -1
vn 0 -6.123234262925839e-17 -1
vn 0 -6.123234262925839e-17 -1
vn 0 -6.123234262925839e-17 -1
vn 0 -6.123234262925839e-17 -1
vn 0 -6.123234262925839e-17 -1
vn 0 -6.123234262925839e-17 -1
vn 0 -6.123234262925839e-17 -1
vn 0 -6.123234262925839e-17 -1
vn 0 -6.123234262925839e-17 -1
f 2933/2933/2933 2982/2982/2982 2934/2934/2934
f 2982/2982/2982 2983/2983/2983 2934/2934/2934
f 2934/2934/2934 2983/2983/2983 2935/2935/2935
f 2983/2983/2983 2984/2984/2984 2935/2935/2935
f 2935/2935/2935 2984/2984/2984 2936/2936/2936
f 2984/2984/2984 2985/2985/2985 2936/2936/2936
f 2936/2936/2936 2985/2985/2985 2937/2937/2937
f 2985/2985/2985 2986/2986/2986 2937/2937/2937
f 2937/2937/2937 2986/2986/2986 2938/2938/2938
f 2986/2986/2986 2987/2987/2987 2938/2938/2938
f 2938/2938/2938 2987/2987/2987 2939/2939/2939
f 2987/2987/2987 2988/2988/2988 2939/2939/2939
f 2939/2939/2939 2988/2988/2988 2940/2940/2940
f 2988/2988/2988 2989/2989/2989 2940/2940/2940
f 2940/2940/2940 2989/2989/2989 2941/2941/2941
f 2989/2989/2989 2990/2990/2990 2941/2941/2941
f 2941/2941/2941 2990/2990/2990 2942/2942/2942
f 2990/2990/2990 2991/2991/2991 2942/2942/2942
f 2942/2942/2942 2991/2991/2991 2943/2943/2943
f 2991/2991/2991 2992/2992/2992 2943/2943/2943
f 2943/2943/2943 2992/2992/2992 2944/2944/2944
f 2992/2992/2992 2993/2993/2993 2944/2944/2944
f 2944/2944/2944 2993/2993/2993 2945/2945/2945
f 2993/2993/2993 2994/2994/2994 2945/2945/2945
f 2945/2945/2945 2994/2994/2994 2946/2946/2946
f 2994/2994/2994 2995/2995/2995 2946/2946/2946
f 2946/2946/2946 2995/2995/2995 2947/2947/2947
f 2995/2995/2995 2996/2996/2996 2947/2947/2947
f 2947/2947/2947 2996/2996/2996 2948/2948/2948
f 2996/2996/2996 2997/2997/2997 2948/2948/2948
f 2948/2948/2948 2997/2997/2997 2949/2949/2949
f 2997/2997/2997 2998/2998/2998 2949/2949/2949
f 2949/2949/2949 2998/2998/2998 2950/2950/2950
f 2998/2998/2998 2999/2999/2999 2950/2950/2950
f 2950/2950/2950 2999/2999/2999 2951/2951/2951
f 2999/2999/2999 3000/3000/3000 2951/2951/2951
f 2951/2951/2951 3000/3000/3000 2952/2952/2952
f 3000/3000/3000 3001/3001/3001 2952/2952/2952
f 2952/2952/2952 3001/3001/3001 2953/2953/2953
f 3001/3001/3001 3002/3002/3002 2953/2953/2953
f 2953/2953/2953 3002/3002/3002 2954/2954/2954
f 3002/3002/3002 3003/3003/3003 2954/2954/2954
f 2954/2954/2954 3003/3003/3003 2955/2955/2955
f 3003/3003/3003 3004/3004/3004 2955/2955/2955
f 2955/2955/2955 3004/3004/3004 2956/2956/2956
f 3004/3004/3004 3005/3005/3005 2956/2956/2956
f 2956/2956/2956 3005/3005/3005 2957/2957/2957
f 3005/3005/3005 3006/3006/3006 2957/2957/2957
f 2957/2957/2957 3006/3006/3006 2958/2958/2958
f 3006/3006/3006 3007/3007/3007 2958/2958/2958
f 2958/2958/2958 3007/3007/3007 2959/2959/2959
f 3007/3007/3007 3008/3008/3008 2959/2959/2959
f 2959/2959/2959 3008/3008/3008 2960/2960/2960
f 3008/3008/3008 3009/3009/3009 2960/2960/2960
f 2960/2960/2960 3009/3009/3009 2961/2961/2961
f 3009/3009/3009 3010/3010/3010 2961/2961/2961
f 2961/2961/2961 3010/3010/3010 2962/2962/2962
f 3010/3010/3010 3011/3011/3011 2962/2962/2962
f 2962/2962/2962 3011/3011/3011 2963/2963/2963
f 3011/3011/3011 3012/3012/3012 2963/2963/2963
f 2963/2963/2963 3012/3012/3012 2964/2964/2964
f 3012/3012/3012 3013/3013/3013 2964/2964/2964
f 2964/2964/2964 3013/3013/3013 2965/2965/2965
f 3013/3013/3013 3014/3014/3014 2965/2965/2965
f 2965/2965/2965 3014/3014/3014 2966/2966/2966
f 3014/3014/3014 3015/3015/3015 2966/2966/2966
f 2966/2966/2966 3015/3015/3015 2967/2967/2967
f 3015/3015/3015 3016/3016/3016 2967/2967/2967
f 2967/2967/2967 3016/3016/3016 2968/2968/2968
f 3016/3016/3016 3017/3017/3017 2968/2968/2968
f 2968/2968/2968 3017/3017/3017 2969/2969/2969
f 3017/3017/3017 3018/3018/3018 2969/2969/2969
f 2969/2969/2969 3018/3018/3018 2970/2970/2970
f 3018/3018/3018 3019/3019/3019 2970/2970/2970
f 2970/2970/2970 3019/3019/3019 2971/2971/2971
f 3019/3019/3019 3020/3020/3020 2971/2971/2971
f 2971/2971/2971 3020/3020/3020 2972/2972/2972
f 3020/3020/3020 3021/3021/3021 2972/2972/2972
f 2972/2972/2972 3021/3021/3021 2973/2973/2973
f 3021/3021/3021 3022/3022/3022 2973/2973/2973
f 2973/2973/2973 3022/3022/3022 2974/2974/2974
f 3022/3022/3022 3023/3023/3023 2974/2974/2974
f 2974/2974/2974 3023/3023/3023 2975/2975/2975
f 3023/3023/3023 3024/3024/3024 2975/2975/2975
f 2975/2975/2975 3024/3024/3024 2976/2976/2976
f 3024/3024/3024 3025/3025/3025 2976/2976/2976
f 2976/2976/2976 3025/3025/3025 2977/2977/2977
f 3025/3025/3025 3026/3026/3026 2977/2977/2977
f 2977/2977/2977 3026/3026/3026 2978/2978/2978
f 3026/3026/3026 3027/3027/3027 2978/2978/2978
f 2978/2978/2978 3027/3027/3027 2979/2979/2979
f 3027/3027/3027 3028/3028/3028 2979/2979/2979
f 2979/2979/2979 3028/3028/3028 2980/2980/2980
f 3028/3028/3028 3029/3029/3029 2980/2980/2980
f 2980/2980/2980 3029/3029/3029 2981/2981/2981
f 3029/3029/3029 3030/3030/3030 2981/2981/2981
f 3079/3079/3079 3080/3080/3080 3031/3031/3031
f 3080/3080/3080 3081/3081/3081 3032/3032/3032
f 3081/3081/3081 3082/3082/3082 3033/3033/3033
f 3082/3082/3082 3083/3083/3083 3034/3034/3034
f 3083/3083/3083 3084/3084/3084 3035/3035/3035
f 3084/3084/3084 3085/3085/3085 3036/3036/3036
f 3085/3085/3085 3086/3086/3086 3037/3037/3037
f 3086/3086/3086 3087/3087/3087 3038/3038/3038
f 3087/3087/3087 3088/3088/3088 3039/3039/3039
f 3088/3088/3088 3089/3089/3089 3040/3040/3040
f 3089/3089/3089 3090/3090/3090 3041/3041/3041
f 3090/3090/3090 3091/3091/3091 3042/3042/3042
f 3091/3091/3091 3092/3092/3092 3043/3043/3043
f 3092/3092/3092 3093/3093/3093 3044/3044/3044
f 3093/3093/3093 3094/3094/3094 3045/3045/3045
f 3094/3094/3094 3095/3095/3095 3046/3046/3046
f 3095/3095/3095 3096/3096/3096 3047/3047/3047
f 3096/3096/3096 3097/3097/3097 3048/3048/3048
f 3097/3097/3097 3098/3098/3098 3049/3049/3049
f 3098/3098/3098 3099/3099/3099 3050/3050/3050
f 3099/3099/3099 3100/3100/3100 3051/3051/3051
f 3100/3100/3100 3101/3101/3101 3052/3052/3052
f 3101/3101/3101 3102/3102/3102 3053/3053/3053
f 3102/3102/3102 3103/3103/3103 3054/3054/3054
f 3103/3103/3103 3104/3104/3104 3055/3055/3055
f 3104/3104/3104 3105/3105/3105 3056/3056/3056
f 3105/3105/3105 3106/3106/3106 3057/3057/3057
f 3106/3106/3106 3107/3107/3107 3058/3058/3058
f 3107/3107/3107 3108/3108/3108 3059/3059/3059
f 3108/3108/3108 3109/3109/3109 3060/3060/3060
f 3109/3109/3109 3110/3110/3110 3061/3061/3061
f 3110/3110/3110 3111/3111/3111 3062/3062/3062
f 3111/3111/3111 3112/3112/3112 3063/3063/3063
f 3112/3112/3112 3113/3113/3113 3064/3064/3064
f 3113/3113/3113 3114/3114/3114 3065/3065/3065
f 3114/3114/3114 3115/3115/3115 3066/3066/3066
f 3115/3115/3115 3116/3116/3116 3067/3067/3067
f 3116/3116/3116 3117/3117/3117 3068/3068/3068
f 3117/3117/3117 3118/3118/3118 3069/3069/3069
f 3118/3118/3118 3119/3119/3119 3070/3070/3070
f 3119/3119/3119 3120/3120/3120 3071/3071/3071
f 3120/3120/3120 3121/3121/3121 3072/3072/3072
f 3121/3121/3121 3122/3122/3122 3073/3073/3073
f 3122/3122/3122 3123/3123/3123 3074/3074/3074
f 3123/3123/3123 3124/3124/3124 3075/3075/3075
f 3124/3124/3124 3125/3125/3125 3076/3076/3076
f 3125/3125/3125 3126/3126/3126 3077/3077/3077
f 3126/3126/3126 3127/3127/3127 3078/3078/3078
f 3177/3177/3177 3176/3176/3176 3128/3128/3128
f 3178/3178/3178 3177/3177/3177 3129/3129/3129
f 3179/3179/3179 3178/3178/3178 3130/3130/3130
f 3180/3180/3180 3179/3179/3179 3131/3131/3131
f 3181/3181/3181 3180/3180/3180 3132/3132/3132
f 3182/3182/3182 3181/3181/3181 3133/3133/3133
f 3183/3183/3183 3182/3182/3182 3134/3134/3134
f 3184/3184/3184 3183/3183/3183 3135/3135/3135
f 3185/3185/3185 3184/3184/3184 3136/3136/3136
f 3186/3186/3186 3185/3185/3185 3137/3137/3137
f 3187/3187/3187 3186/3186/3186 3138/3138/3138
f 3188/3188/3188 3187/3187/3187 3139/3139/3139
f 3189/3189/3189 3188/3188/3188 3140/3140/3140
f 3190/3190/3190 3189/3189/3189 3141/3141/3141
f 3191/3191/3191 3190/3190/3190 3142/3142/3142
f 3192/3192/3192 3191/3191/3191 3143/3143/3143
f 3193/3193/3193 3192/3192/3192 3144/3144/3144
f 3194/3194/3194 3193/3193/3193 3145/3145/3145
f 3195/3195/3195 3194/3194/3194 3146/3146/3146
f 3196/3196/3196 3195/3195/3195 3147/3147/3147
f 3197/3197/3197 3196/3196/3196 3148/3148/3148
f 3198/3198/3198 3197/3197/3197 3149/3149/3149
f 3199/3199/3199 3198/3198/3198 3150/3150/3150
f 3200/3200/3200 3199/3199/3199 3151/3151/3151
f 3201/3201/3201 3200/3200/3200 3152/3152/3152
f 3202/3202/3202 3201/3201/3201 3153/3153/3153
f 3203/3203/3203 3202/3202/3202 3154/3154/3154
f 3204/3204/3204 3203/3203/3203 3155/3155/3155
f 3205/3205/3205 3204/3204/3204 3156/3156/3156
f 3206/3206/3206 3205/3205/3205 3157/3157/3157
f 3207/3207/3207 3206/3206/3206 3158/3158/3158
f 3208/3208/3208 3207/3207/3207 3159/3159/3159
f 3209/3209/3209 3208/3208/3208 3160/3160/3160
f 3210/3210/3210 3209/3209/3209 3161/3161/3161
f 3211/3211/3211 3210/3210/3210 3162/3162/3162
f 3212/3212/3212 3211/3211/3211 3163/3163/3163
f 3213/3213/3213 3212/3212/3212 3164/3164/3164
f 3214/3214/3214 3213/3213/3213 3165/3165/3165
f 3215/3215/3215 3214/3214/3214 3166/3166/3166
f 3216/3216/3216 3215/3215/3215 3167/3167/3167
f 3217/3217/3217 3216/3216/3216 3168/3168/3168
f 3218/3218/3218 3217/3217/3217 3169/3169/3169
f 3219/3219/3219 3218/3218/3218 3170/3170/3170
f 3220/3220/3220 3219/3219/3219 3171/3171/3171
f 3221/3221/3221 3220/3220/3220 3172/3172/3172
f 3222/3222/3222 3221/3221/3221 3173/3173/3173
f 3223/3223/3223 3222/3222/3222 3174/3174/3174
f 3224/3224/3224 3223/3223/3223 3175/3175/3175
o foot_boss_0_32_0_27
usemtl flange_steel
v 0.32 0.23200000122189524 0.0880000002682209
v 0.32495999539271 0.2323250961303711 0.0880000002682209
v 0.3298351240158081 0.23329481899738314 0.0880000002682209
v 0.3345419705659151 0.23489257737994196 0.0880000002682209
v 0.3389999993890524 0.23709103509783747 0.0880000002682209
v 0.34313293516635895 0.23985257230699064 0.0880000002682209
v 0.3468700569868088 0.24312994301319124 0.0880000002682209
v 0.3501474276930094 0.24686706483364107 0.0880000002682209
v 0.35290896490216256 0.2510000006109476 0.0880000002682209
v 0.35510742262005807 0.2554580294340849 0.0880000002682209
v 0.3567051810026169 0.2601648759841919 0.0880000002682209
v 0.3576749038696289 0.26504000460729005 0.0880000002682209
v 0.3579999987781048 0.27 0.0880000002682209
v 0.3576749038696289 0.27495999539271 0.0880000002682209
v 0.3567051810026169 0.2798351240158081 0.0880000002682209
v 0.35510742262005807 0.2845419705659151 0.0880000002682209
v 0.35290896490216256 0.2889999993890524 0.0880000002682209
v 0.3501474276930094 0.29313293516635897 0.0880000002682209
v 0.3468700569868088 0.2968700569868088 0.0880000002682209
v 0.34313293516635895 0.3001474276930094 0.0880000002682209
v 0.3389999993890524 0.30290896490216257 0.0880000002682209
v 0.3345419705659151 0.3051074226200581 0.0880000002682209
v 0.3298351240158081 0.3067051810026169 0.0880000002682209
v 0.32495999539271 0.3076749038696289 0.0880000002682209
v 0.32 0.3079999987781048 0.0880000002682209
v 0.31504000460729004 0.3076749038696289 0.0880000002682209
v 0.3101648759841919 0.3067051810026169 0.0880000002682209
v 0.3054580294340849 0.3051074226200581 0.0880000002682209
v 0.3010000006109476 0.30290896490216257 0.0880000002682209
v 0.29686706483364106 0.3001474276930094 0.0880000002682209
v 0.29312994301319123 0.2968700569868088 0.0880000002682209
v 0.28985257230699063 0.29313293516635897 0.0880000002682209
v 0.28709103509783745 0.2889999993890524 0.0880000002682209
v 0.28489257737994195 0.2845419705659151 0.0880000002682209
v 0.2832948189973831 0.2798351240158081 0.0880000002682209
v 0.2823250961303711 0.27495999539271 0.0880000002682209
v 0.2820000012218952 0.27 0.0880000002682209
v 0.2823250961303711 0.26504000460729005 0.0880000002682209
v 0.2832948189973831 0.2601648759841919 0.0880000002682209
v 0.28489257737994195 0.2554580294340849 0.0880000002682209
v 0.28709103509783745 0.2510000006109476 0.0880000002682209
v 0.28985257230699063 0.24686706483364107 0.0880000002682209
v 0.29312994301319123 0.24312994301319124 0.0880000002682209
v 0.29686706483364106 0.23985257230699064 0.0880000002682209
v 0.3010000006109476 0.23709103509783747 0.0880000002682209
v 0.3054580294340849 0.23489257737994196 0.0880000002682209
v 0.3101648759841919 0.23329481899738314 0.0880000002682209
v 0.31504000460729004 0.2323250961303711 0.0880000002682209
v 0.32 0.23200000122189524 0.0880000002682209
v 0.32 0.23200000122189524 0.061999999731779096
v 0.32495999539271 0.2323250961303711 0.061999999731779096
v 0.3298351240158081 0.23329481899738314 0.061999999731779096
v 0.3345419705659151 0.23489257737994196 0.061999999731779096
v 0.3389999993890524 0.23709103509783747 0.061999999731779096
v 0.34313293516635895 0.23985257230699064 0.061999999731779096
v 0.3468700569868088 0.24312994301319124 0.061999999731779096
v 0.3501474276930094 0.24686706483364107 0.061999999731779096
v 0.35290896490216256 0.2510000006109476 0.061999999731779096
v 0.35510742262005807 0.2554580294340849 0.061999999731779096
v 0.3567051810026169 0.2601648759841919 0.061999999731779096
v 0.3576749038696289 0.26504000460729005 0.061999999731779096
v 0.3579999987781048 0.27 0.061999999731779096
v 0.3576749038696289 0.27495999539271 0.061999999731779096
v 0.3567051810026169 0.2798351240158081 0.061999999731779096
v 0.35510742262005807 0.2845419705659151 0.061999999731779096
v 0.35290896490216256 0.2889999993890524 0.061999999731779096
v 0.3501474276930094 0.29313293516635897 0.061999999731779096
v 0.3468700569868088 0.2968700569868088 0.061999999731779096
v 0.34313293516635895 0.3001474276930094 0.061999999731779096
v 0.3389999993890524 0.30290896490216257 0.061999999731779096
v 0.3345419705659151 0.3051074226200581 0.061999999731779096
v 0.3298351240158081 0.3067051810026169 0.061999999731779096
v 0.32495999539271 0.3076749038696289 0.061999999731779096
v 0.32 0.3079999987781048 0.061999999731779096
v 0.31504000460729004 0.3076749038696289 0.061999999731779096
v 0.3101648759841919 0.3067051810026169 0.061999999731779096
v 0.3054580294340849 0.3051074226200581 0.061999999731779096
v 0.3010000006109476 0.30290896490216257 0.061999999731779096
v 0.29686706483364106 0.3001474276930094 0.061999999731779096
v 0.29312994301319123 0.2968700569868088 0.061999999731779096
v 0.28985257230699063 0.29313293516635897 0.061999999731779096
v 0.28709103509783745 0.2889999993890524 0.061999999731779096
v 0.28489257737994195 0.2845419705659151 0.061999999731779096
v 0.2832948189973831 0.2798351240158081 0.061999999731779096
v 0.2823250961303711 0.27495999539271 0.061999999731779096
v 0.2820000012218952 0.27 0.061999999731779096
v 0.2823250961303711 0.26504000460729005 0.061999999731779096
v 0.2832948189973831 0.2601648759841919 0.061999999731779096
v 0.28489257737994195 0.2554580294340849 0.061999999731779096
v 0.28709103509783745 0.2510000006109476 0.061999999731779096
v 0.28985257230699063 0.24686706483364107 0.061999999731779096
v 0.29312994301319123 0.24312994301319124 0.061999999731779096
v 0.29686706483364106 0.23985257230699064 0.061999999731779096
v 0.3010000006109476 0.23709103509783747 0.061999999731779096
v 0.3054580294340849 0.23489257737994196 0.061999999731779096
v 0.3101648759841919 0.23329481899738314 0.061999999731779096
v 0.31504000460729004 0.2323250961303711 0.061999999731779096
v 0.32 0.23200000122189524 0.061999999731779096
v 0.32 0.27 0.0880000002682209
v 0.32 0.27 0.0880000002682209
v 0.32 0.27 0.0880000002682209
v 0.32 0.27 0.0880000002682209
v 0.32 0.27 0.0880000002682209
v 0.32 0.27 0.0880000002682209
v 0.32 0.27 0.0880000002682209
v 0.32 0.27 0.0880000002682209
v 0.32 0.27 0.0880000002682209
v 0.32 0.27 0.0880000002682209
v 0.32 0.27 0.0880000002682209
v 0.32 0.27 0.0880000002682209
v 0.32 0.27 0.0880000002682209
v 0.32 0.27 0.0880000002682209
v 0.32 0.27 0.0880000002682209
v 0.32 0.27 0.0880000002682209
v 0.32 0.27 0.0880000002682209
v 0.32 0.27 0.0880000002682209
v 0.32 0.27 0.0880000002682209
v 0.32 0.27 0.0880000002682209
v 0.32 0.27 0.0880000002682209
v 0.32 0.27 0.0880000002682209
v 0.32 0.27 0.0880000002682209
v 0.32 0.27 0.0880000002682209
v 0.32 0.27 0.0880000002682209
v 0.32 0.27 0.0880000002682209
v 0.32 0.27 0.0880000002682209
v 0.32 0.27 0.0880000002682209
v 0.32 0.27 0.0880000002682209
v 0.32 0.27 0.0880000002682209
v 0.32 0.27 0.0880000002682209
v 0.32 0.27 0.0880000002682209
v 0.32 0.27 0.0880000002682209
v 0.32 0.27 0.0880000002682209
v 0.32 0.27 0.0880000002682209
v 0.32 0.27 0.0880000002682209
v 0.32 0.27 0.0880000002682209
v 0.32 0.27 0.0880000002682209
v 0.32 0.27 0.0880000002682209
v 0.32 0.27 0.0880000002682209
v 0.32 0.27 0.0880000002682209
v 0.32 0.27 0.0880000002682209
v 0.32 0.27 0.0880000002682209
v 0.32 0.27 0.0880000002682209
v 0.32 0.27 0.0880000002682209
v 0.32 0.27 0.0880000002682209
v 0.32 0.27 0.0880000002682209
v 0.32 0.27 0.0880000002682209
v 0.32 0.23200000122189524 0.0880000002682209
v 0.32495999539271 0.2323250961303711 0.0880000002682209
v 0.3298351240158081 0.23329481899738314 0.0880000002682209
v 0.3345419705659151 0.23489257737994196 0.0880000002682209
v 0.3389999993890524 0.23709103509783747 0.0880000002682209
v 0.34313293516635895 0.23985257230699064 0.0880000002682209
v 0.3468700569868088 0.24312994301319124 0.0880000002682209
v 0.3501474276930094 0.24686706483364107 0.0880000002682209
v 0.35290896490216256 0.2510000006109476 0.0880000002682209
v 0.35510742262005807 0.2554580294340849 0.0880000002682209
v 0.3567051810026169 0.2601648759841919 0.0880000002682209
v 0.3576749038696289 0.26504000460729005 0.0880000002682209
v 0.3579999987781048 0.27 0.0880000002682209
v 0.3576749038696289 0.27495999539271 0.0880000002682209
v 0.3567051810026169 0.2798351240158081 0.0880000002682209
v 0.35510742262005807 0.2845419705659151 0.0880000002682209
v 0.35290896490216256 0.2889999993890524 0.0880000002682209
v 0.3501474276930094 0.29313293516635897 0.0880000002682209
v 0.3468700569868088 0.2968700569868088 0.0880000002682209
v 0.34313293516635895 0.3001474276930094 0.0880000002682209
v 0.3389999993890524 0.30290896490216257 0.0880000002682209
v 0.3345419705659151 0.3051074226200581 0.0880000002682209
v 0.3298351240158081 0.3067051810026169 0.0880000002682209
v 0.32495999539271 0.3076749038696289 0.0880000002682209
v 0.32 0.3079999987781048 0.0880000002682209
v 0.31504000460729004 0.3076749038696289 0.0880000002682209
v 0.3101648759841919 0.3067051810026169 0.0880000002682209
v 0.3054580294340849 0.3051074226200581 0.0880000002682209
v 0.3010000006109476 0.30290896490216257 0.0880000002682209
v 0.29686706483364106 0.3001474276930094 0.0880000002682209
v 0.29312994301319123 0.2968700569868088 0.0880000002682209
v 0.28985257230699063 0.29313293516635897 0.0880000002682209
v 0.28709103509783745 0.2889999993890524 0.0880000002682209
v 0.28489257737994195 0.2845419705659151 0.0880000002682209
v 0.2832948189973831 0.2798351240158081 0.0880000002682209
v 0.2823250961303711 0.27495999539271 0.0880000002682209
v 0.2820000012218952 0.27 0.0880000002682209
v 0.2823250961303711 0.26504000460729005 0.0880000002682209
v 0.2832948189973831 0.2601648759841919 0.0880000002682209
v 0.28489257737994195 0.2554580294340849 0.0880000002682209
v 0.28709103509783745 0.2510000006109476 0.0880000002682209
v 0.28985257230699063 0.24686706483364107 0.0880000002682209
v 0.29312994301319123 0.24312994301319124 0.0880000002682209
v 0.29686706483364106 0.23985257230699064 0.0880000002682209
v 0.3010000006109476 0.23709103509783747 0.0880000002682209
v 0.3054580294340849 0.23489257737994196 0.0880000002682209
v 0.3101648759841919 0.23329481899738314 0.0880000002682209
v 0.31504000460729004 0.2323250961303711 0.0880000002682209
v 0.32 0.23200000122189524 0.0880000002682209
v 0.32 0.27 0.061999999731779096
v 0.32 0.27 0.061999999731779096
v 0.32 0.27 0.061999999731779096
v 0.32 0.27 0.061999999731779096
v 0.32 0.27 0.061999999731779096
v 0.32 0.27 0.061999999731779096
v 0.32 0.27 0.061999999731779096
v 0.32 0.27 0.061999999731779096
v 0.32 0.27 0.061999999731779096
v 0.32 0.27 0.061999999731779096
v 0.32 0.27 0.061999999731779096
v 0.32 0.27 0.061999999731779096
v 0.32 0.27 0.061999999731779096
v 0.32 0.27 0.061999999731779096
v 0.32 0.27 0.061999999731779096
v 0.32 0.27 0.061999999731779096
v 0.32 0.27 0.061999999731779096
v 0.32 0.27 0.061999999731779096
v 0.32 0.27 0.061999999731779096
v 0.32 0.27 0.061999999731779096
v 0.32 0.27 0.061999999731779096
v 0.32 0.27 0.061999999731779096
v 0.32 0.27 0.061999999731779096
v 0.32 0.27 0.061999999731779096
v 0.32 0.27 0.061999999731779096
v 0.32 0.27 0.061999999731779096
v 0.32 0.27 0.061999999731779096
v 0.32 0.27 0.061999999731779096
v 0.32 0.27 0.061999999731779096
v 0.32 0.27 0.061999999731779096
v 0.32 0.27 0.061999999731779096
v 0.32 0.27 0.061999999731779096
v 0.32 0.27 0.061999999731779096
v 0.32 0.27 0.061999999731779096
v 0.32 0.27 0.061999999731779096
v 0.32 0.27 0.061999999731779096
v 0.32 0.27 0.061999999731779096
v 0.32 0.27 0.061999999731779096
v 0.32 0.27 0.061999999731779096
v 0.32 0.27 0.061999999731779096
v 0.32 0.27 0.061999999731779096
v 0.32 0.27 0.061999999731779096
v 0.32 0.27 0.061999999731779096
v 0.32 0.27 0.061999999731779096
v 0.32 0.27 0.061999999731779096
v 0.32 0.27 0.061999999731779096
v 0.32 0.27 0.061999999731779096
v 0.32 0.27 0.061999999731779096
v 0.32 0.23200000122189524 0.061999999731779096
v 0.32495999539271 0.2323250961303711 0.061999999731779096
v 0.3298351240158081 0.23329481899738314 0.061999999731779096
v 0.3345419705659151 0.23489257737994196 0.061999999731779096
v 0.3389999993890524 0.23709103509783747 0.061999999731779096
v 0.34313293516635895 0.23985257230699064 0.061999999731779096
v 0.3468700569868088 0.24312994301319124 0.061999999731779096
v 0.3501474276930094 0.24686706483364107 0.061999999731779096
v 0.35290896490216256 0.2510000006109476 0.061999999731779096
v 0.35510742262005807 0.2554580294340849 0.061999999731779096
v 0.3567051810026169 0.2601648759841919 0.061999999731779096
v 0.3576749038696289 0.26504000460729005 0.061999999731779096
v 0.3579999987781048 0.27 0.061999999731779096
v 0.3576749038696289 0.27495999539271 0.061999999731779096
v 0.3567051810026169 0.2798351240158081 0.061999999731779096
v 0.35510742262005807 0.2845419705659151 0.061999999731779096
v 0.35290896490216256 0.2889999993890524 0.061999999731779096
v 0.3501474276930094 0.29313293516635897 0.061999999731779096
v 0.3468700569868088 0.2968700569868088 0.061999999731779096
v 0.34313293516635895 0.3001474276930094 0.061999999731779096
v 0.3389999993890524 0.30290896490216257 0.061999999731779096
v 0.3345419705659151 0.3051074226200581 0.061999999731779096
v 0.3298351240158081 0.3067051810026169 0.061999999731779096
v 0.32495999539271 0.3076749038696289 0.061999999731779096
v 0.32 0.3079999987781048 0.061999999731779096
v 0.31504000460729004 0.3076749038696289 0.061999999731779096
v 0.3101648759841919 0.3067051810026169 0.061999999731779096
v 0.3054580294340849 0.3051074226200581 0.061999999731779096
v 0.3010000006109476 0.30290896490216257 0.061999999731779096
v 0.29686706483364106 0.3001474276930094 0.061999999731779096
v 0.29312994301319123 0.2968700569868088 0.061999999731779096
v 0.28985257230699063 0.29313293516635897 0.061999999731779096
v 0.28709103509783745 0.2889999993890524 0.061999999731779096
v 0.28489257737994195 0.2845419705659151 0.061999999731779096
v 0.2832948189973831 0.2798351240158081 0.061999999731779096
v 0.2823250961303711 0.27495999539271 0.061999999731779096
v 0.2820000012218952 0.27 0.061999999731779096
v 0.2823250961303711 0.26504000460729005 0.061999999731779096
v 0.2832948189973831 0.2601648759841919 0.061999999731779096
v 0.28489257737994195 0.2554580294340849 0.061999999731779096
v 0.28709103509783745 0.2510000006109476 0.061999999731779096
v 0.28985257230699063 0.24686706483364107 0.061999999731779096
v 0.29312994301319123 0.24312994301319124 0.061999999731779096
v 0.29686706483364106 0.23985257230699064 0.061999999731779096
v 0.3010000006109476 0.23709103509783747 0.061999999731779096
v 0.3054580294340849 0.23489257737994196 0.061999999731779096
v 0.3101648759841919 0.23329481899738314 0.061999999731779096
v 0.31504000460729004 0.2323250961303711 0.061999999731779096
v 0.32 0.23200000122189524 0.061999999731779096
vt 0 1
vt 0.02083333395421505 1
vt 0.0416666679084301 1
vt 0.0625 1
vt 0.0833333358168602 1
vt 0.1041666641831398 1
vt 0.125 1
vt 0.1458333283662796 1
vt 0.1666666716337204 1
vt 0.1875 1
vt 0.2083333283662796 1
vt 0.2291666716337204 1
vt 0.25 1
vt 0.2708333432674408 1
vt 0.2916666567325592 1
vt 0.3125 1
vt 0.3333333432674408 1
vt 0.3541666567325592 1
vt 0.375 1
vt 0.3958333432674408 1
vt 0.4166666567325592 1
vt 0.4375 1
vt 0.4583333432674408 1
vt 0.4791666567325592 1
vt 0.5 1
vt 0.5208333134651184 1
vt 0.5416666865348816 1
vt 0.5625 1
vt 0.5833333134651184 1
vt 0.6041666865348816 1
vt 0.625 1
vt 0.6458333134651184 1
vt 0.6666666865348816 1
vt 0.6875 1
vt 0.7083333134651184 1
vt 0.7291666865348816 1
vt 0.75 1
vt 0.7708333134651184 1
vt 0.7916666865348816 1
vt 0.8125 1
vt 0.8333333134651184 1
vt 0.8541666865348816 1
vt 0.875 1
vt 0.8958333134651184 1
vt 0.9166666865348816 1
vt 0.9375 1
vt 0.9583333134651184 1
vt 0.9791666865348816 1
vt 1 1
vt 0 0
vt 0.02083333395421505 0
vt 0.0416666679084301 0
vt 0.0625 0
vt 0.0833333358168602 0
vt 0.1041666641831398 0
vt 0.125 0
vt 0.1458333283662796 0
vt 0.1666666716337204 0
vt 0.1875 0
vt 0.2083333283662796 0
vt 0.2291666716337204 0
vt 0.25 0
vt 0.2708333432674408 0
vt 0.2916666567325592 0
vt 0.3125 0
vt 0.3333333432674408 0
vt 0.3541666567325592 0
vt 0.375 0
vt 0.3958333432674408 0
vt 0.4166666567325592 0
vt 0.4375 0
vt 0.4583333432674408 0
vt 0.4791666567325592 0
vt 0.5 0
vt 0.5208333134651184 0
vt 0.5416666865348816 0
vt 0.5625 0
vt 0.5833333134651184 0
vt 0.6041666865348816 0
vt 0.625 0
vt 0.6458333134651184 0
vt 0.6666666865348816 0
vt 0.6875 0
vt 0.7083333134651184 0
vt 0.7291666865348816 0
vt 0.75 0
vt 0.7708333134651184 0
vt 0.7916666865348816 0
vt 0.8125 0
vt 0.8333333134651184 0
vt 0.8541666865348816 0
vt 0.875 0
vt 0.8958333134651184 0
vt 0.9166666865348816 0
vt 0.9375 0
vt 0.9583333134651184 0
vt 0.9791666865348816 0
vt 1 0
vt 0.5 0.5
vt 0.5 0.5
vt 0.5 0.5
vt 0.5 0.5
vt 0.5 0.5
vt 0.5 0.5
vt 0.5 0.5
vt 0.5 0.5
vt 0.5 0.5
vt 0.5 0.5
vt 0.5 0.5
vt 0.5 0.5
vt 0.5 0.5
vt 0.5 0.5
vt 0.5 0.5
vt 0.5 0.5
vt 0.5 0.5
vt 0.5 0.5
vt 0.5 0.5
vt 0.5 0.5
vt 0.5 0.5
vt 0.5 0.5
vt 0.5 0.5
vt 0.5 0.5
vt 0.5 0.5
vt 0.5 0.5
vt 0.5 0.5
vt 0.5 0.5
vt 0.5 0.5
vt 0.5 0.5
vt 0.5 0.5
vt 0.5 0.5
vt 0.5 0.5
vt 0.5 0.5
vt 0.5 0.5
vt 0.5 0.5
vt 0.5 0.5
vt 0.5 0.5
vt 0.5 0.5
vt 0.5 0.5
vt 0.5 0.5
vt 0.5 0.5
vt 0.5 0.5
vt 0.5 0.5
vt 0.5 0.5
vt 0.5 0.5
vt 0.5 0.5
vt 0.5 0.5
vt 1 0.5
vt 0.9957224130630493 0.5652630925178528
vt 0.9829629063606262 0.6294095516204834
vt 0.9619397521018982 0.6913416981697083
vt 0.9330127239227295 0.75
vt 0.8966766595840454 0.8043807148933411
vt 0.8535534143447876 0.8535534143447876
vt 0.8043807148933411 0.8966766595840454
vt 0.75 0.9330127239227295
vt 0.6913416981697083 0.9619397521018982
vt 0.6294095516204834 0.9829629063606262
vt 0.5652630925178528 0.9957224130630493
vt 0.5 1
vt 0.4347369074821472 0.9957224130630493
vt 0.370590478181839 0.9829629063606262
vt 0.30865827202796936 0.9619397521018982
vt 0.25 0.9330127239227295
vt 0.19561928510665894 0.8966766595840454
vt 0.1464466154575348 0.8535534143447876
vt 0.10332333296537399 0.8043807148933411
vt 0.0669872984290123 0.75
vt 0.03806023299694061 0.6913416981697083
vt 0.017037086188793182 0.6294095516204834
vt 0.004277569241821766 0.5652630925178528
vt 0 0.5
vt 0.004277569241821766 0.4347369074821472
vt 0.017037086188793182 0.370590478181839
vt 0.03806023299694061 0.30865827202796936
vt 0.0669872984290123 0.25
vt 0.10332333296537399 0.19561928510665894
vt 0.1464466154575348 0.1464466154575348
vt 0.19561928510665894 0.10332333296537399
vt 0.25 0.0669872984290123
vt 0.30865827202796936 0.03806023299694061
vt 0.370590478181839 0.017037086188793182
vt 0.4347369074821472 0.004277569241821766
vt 0.5 0
vt 0.5652630925178528 0.004277569241821766
vt 0.6294095516204834 0.017037086188793182
vt 0.6913416981697083 0.03806023299694061
vt 0.75 0.0669872984290123
vt 0.8043807148933411 0.10332333296537399
vt 0.8535534143447876 0.1464466154575348
vt 0.8966766595840454 0.19561928510665894
vt 0.9330127239227295 0.25
vt 0.9619397521018982 0.30865827202796936
vt 0.9829629063606262 0.370590478181839
vt 0.9957224130630493 0.4347369074821472
vt 1 0.5
vt 0.5 0.5
vt 0.5 0.5
vt 0.5 0.5
vt 0.5 0.5
vt 0.5 0.5
vt 0.5 0.5
vt 0.5 0.5
vt 0.5 0.5
vt 0.5 0.5
vt 0.5 0.5
vt 0.5 0.5
vt 0.5 0.5
vt 0.5 0.5
vt 0.5 0.5
vt 0.5 0.5
vt 0.5 0.5
vt 0.5 0.5
vt 0.5 0.5
vt 0.5 0.5
vt 0.5 0.5
vt 0.5 0.5
vt 0.5 0.5
vt 0.5 0.5
vt 0.5 0.5
vt 0.5 0.5
vt 0.5 0.5
vt 0.5 0.5
vt 0.5 0.5
vt 0.5 0.5
vt 0.5 0.5
vt 0.5 0.5
vt 0.5 0.5
vt 0.5 0.5
vt 0.5 0.5
vt 0.5 0.5
vt 0.5 0.5
vt 0.5 0.5
vt 0.5 0.5
vt 0.5 0.5
vt 0.5 0.5
vt 0.5 0.5
vt 0.5 0.5
vt 0.5 0.5
vt 0.5 0.5
vt 0.5 0.5
vt 0.5 0.5
vt 0.5 0.5
vt 0.5 0.5
vt 1 0.5
vt 0.9957224130630493 0.4347369074821472
vt 0.9829629063606262 0.370590478181839
vt 0.9619397521018982 0.30865827202796936
vt 0.9330127239227295 0.25
vt 0.8966766595840454 0.19561928510665894
vt 0.8535534143447876 0.1464466154575348
vt 0.8043807148933411 0.10332333296537399
vt 0.75 0.0669872984290123
vt 0.6913416981697083 0.03806023299694061
vt 0.6294095516204834 0.017037086188793182
vt 0.5652630925178528 0.004277569241821766
vt 0.5 0
vt 0.4347369074821472 0.004277569241821766
vt 0.370590478181839 0.017037086188793182
vt 0.30865827202796936 0.03806023299694061
vt 0.25 0.0669872984290123
vt 0.19561928510665894 0.10332333296537399
vt 0.1464466154575348 0.1464466154575348
vt 0.10332333296537399 0.19561928510665894
vt 0.0669872984290123 0.25
vt 0.03806023299694061 0.30865827202796936
vt 0.017037086188793182 0.370590478181839
vt 0.004277569241821766 0.4347369074821472
vt 0 0.5
vt 0.004277569241821766 0.5652630925178528
vt 0.017037086188793182 0.6294095516204834
vt 0.03806023299694061 0.6913416981697083
vt 0.0669872984290123 0.75
vt 0.10332333296537399 0.8043807148933411
vt 0.1464466154575348 0.8535534143447876
vt 0.19561928510665894 0.8966766595840454
vt 0.25 0.9330127239227295
vt 0.30865827202796936 0.9619397521018982
vt 0.370590478181839 0.9829629063606262
vt 0.4347369074821472 0.9957224130630493
vt 0.5 1
vt 0.5652630925178528 0.9957224130630493
vt 0.6294095516204834 0.9829629063606262
vt 0.6913416981697083 0.9619397521018982
vt 0.75 0.9330127239227295
vt 0.8043807148933411 0.8966766595840454
vt 0.8535534143447876 0.8535534143447876
vt 0.8966766595840454 0.8043807148933411
vt 0.9330127239227295 0.75
vt 0.9619397521018982 0.6913416981697083
vt 0.9829629063606262 0.6294095516204834
vt 0.9957224130630493 0.5652630925178528
vt 1 0.5
vn 0 -1 6.123234262925839e-17
vn 0.13052618200608704 -0.9914448627185043 6.070848442951297e-17
vn 0.2588190471264927 -0.9659258257467466 5.914589613696059e-17
vn 0.3826834370613369 -0.9238795305660377 5.657130722319695e-17
vn 0.5000000067305869 -0.8660253998985324 5.302876307448087e-17
vn 0.6087614397000725 -0.7933533320874723 4.85788821807799e-17
vn 0.7071067811865476 -0.7071067811865476 4.329780375814312e-17
vn 0.7933533320874723 -0.6087614397000725 3.7275889060097443e-17
vn 0.8660253998985324 -0.5000000067305869 3.06161717267588e-17
vn 0.9238795305660377 -0.3826834370613369 2.3432603017245014e-17
vn 0.9659258257467466 -0.2588190471264927 1.5848095844680132e-17
vn 0.9914448627185043 -0.13052618200608704 7.992423206588031e-18
vn 1 -6.123234262925839e-17 3.74939976039497e-33
vn 0.9914448627185043 0.13052618200608704 -7.992423206588031e-18
vn 0.9659258257467466 0.2588190471264927 -1.5848095844680132e-17
vn 0.9238795305660377 0.3826834370613369 -2.3432603017245014e-17
vn 0.8660253998985324 0.5000000067305869 -3.06161717267588e-17
vn 0.7933533320874723 0.6087614397000725 -3.7275889060097443e-17
vn 0.7071067811865476 0.7071067811865476 -4.329780375814312e-17
vn 0.6087614397000725 0.7933533320874723 -4.85788821807799e-17
vn 0.5000000067305869 0.8660253998985324 -5.302876307448087e-17
vn 0.3826834370613369 0.9238795305660377 -5.657130722319695e-17
vn 0.2588190471264927 0.9659258257467466 -5.914589613696059e-17
vn 0.13052618200608704 0.9914448627185043 -6.070848442951297e-17
vn 1.2246468525851679e-16 1 -6.123234262925839e-17
vn -0.13052618200608704 0.9914448627185043 -6.070848442951297e-17
vn -0.2588190471264927 0.9659258257467466 -5.914589613696059e-17
vn -0.3826834370613369 0.9238795305660377 -5.657130722319695e-17
vn -0.5000000067305869 0.8660253998985324 -5.302876307448087e-17
vn -0.6087614397000725 0.7933533320874723 -4.85788821807799e-17
vn -0.7071067811865476 0.7071067811865476 -4.329780375814312e-17
vn -0.7933533320874723 0.6087614397000725 -3.7275889060097443e-17
vn -0.8660253998985324 0.5000000067305869 -3.06161717267588e-17
vn -0.9238795305660377 0.3826834370613369 -2.3432603017245014e-17
vn -0.9659258257467466 0.2588190471264927 -1.5848095844680132e-17
vn -0.9914448627185043 0.13052618200608704 -7.992423206588031e-18
vn -1 1.8369701465288538e-16 -1.1248198179158957e-32
vn -0.9914448627185043 -0.13052618200608704 7.992423206588031e-18
vn -0.9659258257467466 -0.2588190471264927 1.5848095844680132e-17
vn -0.9238795305660377 -0.3826834370613369 2.3432603017245014e-17
vn -0.8660253998985324 -0.5000000067305869 3.06161717267588e-17
vn -0.7933533320874723 -0.6087614397000725 3.7275889060097443e-17
vn -0.7071067811865476 -0.7071067811865476 4.329780375814312e-17
vn -0.6087614397000725 -0.7933533320874723 4.85788821807799e-17
vn -0.5000000067305869 -0.8660253998985324 5.302876307448087e-17
vn -0.3826834370613369 -0.9238795305660377 5.657130722319695e-17
vn -0.2588190471264927 -0.9659258257467466 5.914589613696059e-17
vn -0.13052618200608704 -0.9914448627185043 6.070848442951297e-17
vn -2.4492937051703357e-16 -1 6.123234262925839e-17
vn 0 -1 6.123234262925839e-17
vn 0.13052618200608704 -0.9914448627185043 6.070848442951297e-17
vn 0.2588190471264927 -0.9659258257467466 5.914589613696059e-17
vn 0.3826834370613369 -0.9238795305660377 5.657130722319695e-17
vn 0.5000000067305869 -0.8660253998985324 5.302876307448087e-17
vn 0.6087614397000725 -0.7933533320874723 4.85788821807799e-17
vn 0.7071067811865476 -0.7071067811865476 4.329780375814312e-17
vn 0.7933533320874723 -0.6087614397000725 3.7275889060097443e-17
vn 0.8660253998985324 -0.5000000067305869 3.06161717267588e-17
vn 0.9238795305660377 -0.3826834370613369 2.3432603017245014e-17
vn 0.9659258257467466 -0.2588190471264927 1.5848095844680132e-17
vn 0.9914448627185043 -0.13052618200608704 7.992423206588031e-18
vn 1 -6.123234262925839e-17 3.74939976039497e-33
vn 0.9914448627185043 0.13052618200608704 -7.992423206588031e-18
vn 0.9659258257467466 0.2588190471264927 -1.5848095844680132e-17
vn 0.9238795305660377 0.3826834370613369 -2.3432603017245014e-17
vn 0.8660253998985324 0.5000000067305869 -3.06161717267588e-17
vn 0.7933533320874723 0.6087614397000725 -3.7275889060097443e-17
vn 0.7071067811865476 0.7071067811865476 -4.329780375814312e-17
vn 0.6087614397000725 0.7933533320874723 -4.85788821807799e-17
vn 0.5000000067305869 0.8660253998985324 -5.302876307448087e-17
vn 0.3826834370613369 0.9238795305660377 -5.657130722319695e-17
vn 0.2588190471264927 0.9659258257467466 -5.914589613696059e-17
vn 0.13052618200608704 0.9914448627185043 -6.070848442951297e-17
vn 1.2246468525851679e-16 1 -6.123234262925839e-17
vn -0.13052618200608704 0.9914448627185043 -6.070848442951297e-17
vn -0.2588190471264927 0.9659258257467466 -5.914589613696059e-17
vn -0.3826834370613369 0.9238795305660377 -5.657130722319695e-17
vn -0.5000000067305869 0.8660253998985324 -5.302876307448087e-17
vn -0.6087614397000725 0.7933533320874723 -4.85788821807799e-17
vn -0.7071067811865476 0.7071067811865476 -4.329780375814312e-17
vn -0.7933533320874723 0.6087614397000725 -3.7275889060097443e-17
vn -0.8660253998985324 0.5000000067305869 -3.06161717267588e-17
vn -0.9238795305660377 0.3826834370613369 -2.3432603017245014e-17
vn -0.9659258257467466 0.2588190471264927 -1.5848095844680132e-17
vn -0.9914448627185043 0.13052618200608704 -7.992423206588031e-18
vn -1 1.8369701465288538e-16 -1.1248198179158957e-32
vn -0.9914448627185043 -0.13052618200608704 7.992423206588031e-18
vn -0.9659258257467466 -0.2588190471264927 1.5848095844680132e-17
vn -0.9238795305660377 -0.3826834370613369 2.3432603017245014e-17
vn -0.8660253998985324 -0.5000000067305869 3.06161717267588e-17
vn -0.7933533320874723 -0.6087614397000725 3.7275889060097443e-17
vn -0.7071067811865476 -0.7071067811865476 4.329780375814312e-17
vn -0.6087614397000725 -0.7933533320874723 4.85788821807799e-17
vn -0.5000000067305869 -0.8660253998985324 5.302876307448087e-17
vn -0.3826834370613369 -0.9238795305660377 5.657130722319695e-17
vn -0.2588190471264927 -0.9659258257467466 5.914589613696059e-17
vn -0.13052618200608704 -0.9914448627185043 6.070848442951297e-17
vn -2.4492937051703357e-16 -1 6.123234262925839e-17
vn 0 6.123234262925839e-17 1
vn 0 6.123234262925839e-17 1
vn 0 6.123234262925839e-17 1
vn 0 6.123234262925839e-17 1
vn 0 6.123234262925839e-17 1
vn 0 6.123234262925839e-17 1
vn 0 6.123234262925839e-17 1
vn 0 6.123234262925839e-17 1
vn 0 6.123234262925839e-17 1
vn 0 6.123234262925839e-17 1
vn 0 6.123234262925839e-17 1
vn 0 6.123234262925839e-17 1
vn 0 6.123234262925839e-17 1
vn 0 6.123234262925839e-17 1
vn 0 6.123234262925839e-17 1
vn 0 6.123234262925839e-17 1
vn 0 6.123234262925839e-17 1
vn 0 6.123234262925839e-17 1
vn 0 6.123234262925839e-17 1
vn 0 6.123234262925839e-17 1
vn 0 6.123234262925839e-17 1
vn 0 6.123234262925839e-17 1
vn 0 6.123234262925839e-17 1
vn 0 6.123234262925839e-17 1
vn 0 6.123234262925839e-17 1
vn 0 6.123234262925839e-17 1
vn 0 6.123234262925839e-17 1
vn 0 6.123234262925839e-17 1
vn 0 6.123234262925839e-17 1
vn 0 6.123234262925839e-17 1
vn 0 6.123234262925839e-17 1
vn 0 6.123234262925839e-17 1
vn 0 6.123234262925839e-17 1
vn 0 6.123234262925839e-17 1
vn 0 6.123234262925839e-17 1
vn 0 6.123234262925839e-17 1
vn 0 6.123234262925839e-17 1
vn 0 6.123234262925839e-17 1
vn 0 6.123234262925839e-17 1
vn 0 6.123234262925839e-17 1
vn 0 6.123234262925839e-17 1
vn 0 6.123234262925839e-17 1
vn 0 6.123234262925839e-17 1
vn 0 6.123234262925839e-17 1
vn 0 6.123234262925839e-17 1
vn 0 6.123234262925839e-17 1
vn 0 6.123234262925839e-17 1
vn 0 6.123234262925839e-17 1
vn 0 6.123234262925839e-17 1
vn 0 6.123234262925839e-17 1
vn 0 6.123234262925839e-17 1
vn 0 6.123234262925839e-17 1
vn 0 6.123234262925839e-17 1
vn 0 6.123234262925839e-17 1
vn 0 6.123234262925839e-17 1
vn 0 6.123234262925839e-17 1
vn 0 6.123234262925839e-17 1
vn 0 6.123234262925839e-17 1
vn 0 6.123234262925839e-17 1
vn 0 6.123234262925839e-17 1
vn 0 6.123234262925839e-17 1
vn 0 6.123234262925839e-17 1
vn 0 6.123234262925839e-17 1
vn 0 6.123234262925839e-17 1
vn 0 6.123234262925839e-17 1
vn 0 6.123234262925839e-17 1
vn 0 6.123234262925839e-17 1
vn 0 6.123234262925839e-17 1
vn 0 6.123234262925839e-17 1
vn 0 6.123234262925839e-17 1
vn 0 6.123234262925839e-17 1
vn 0 6.123234262925839e-17 1
vn 0 6.123234262925839e-17 1
vn 0 6.123234262925839e-17 1
vn 0 6.123234262925839e-17 1
vn 0 6.123234262925839e-17 1
vn 0 6.123234262925839e-17 1
vn 0 6.123234262925839e-17 1
vn 0 6.123234262925839e-17 1
vn 0 6.123234262925839e-17 1
vn 0 6.123234262925839e-17 1
vn 0 6.123234262925839e-17 1
vn 0 6.123234262925839e-17 1
vn 0 6.123234262925839e-17 1
vn 0 6.123234262925839e-17 1
vn 0 6.123234262925839e-17 1
vn 0 6.123234262925839e-17 1
vn 0 6.123234262925839e-17 1
vn 0 6.123234262925839e-17 1
vn 0 6.123234262925839e-17 1
vn 0 6.123234262925839e-17 1
vn 0 6.123234262925839e-17 1
vn 0 6.123234262925839e-17 1
vn 0 6.123234262925839e-17 1
vn 0 6.123234262925839e-17 1
vn 0 6.123234262925839e-17 1
vn 0 6.123234262925839e-17 1
vn 0 -6.123234262925839e-17 -1
vn 0 -6.123234262925839e-17 -1
vn 0 -6.123234262925839e-17 -1
vn 0 -6.123234262925839e-17 -1
vn 0 -6.123234262925839e-17 -1
vn 0 -6.123234262925839e-17 -1
vn 0 -6.123234262925839e-17 -1
vn 0 -6.123234262925839e-17 -1
vn 0 -6.123234262925839e-17 -1
vn 0 -6.123234262925839e-17 -1
vn 0 -6.123234262925839e-17 -1
vn 0 -6.123234262925839e-17 -1
vn 0 -6.123234262925839e-17 -1
vn 0 -6.123234262925839e-17 -1
vn 0 -6.123234262925839e-17 -1
vn 0 -6.123234262925839e-17 -1
vn 0 -6.123234262925839e-17 -1
vn 0 -6.123234262925839e-17 -1
vn 0 -6.123234262925839e-17 -1
vn 0 -6.123234262925839e-17 -1
vn 0 -6.123234262925839e-17 -1
vn 0 -6.123234262925839e-17 -1
vn 0 -6.123234262925839e-17 -1
vn 0 -6.123234262925839e-17 -1
vn 0 -6.123234262925839e-17 -1
vn 0 -6.123234262925839e-17 -1
vn 0 -6.123234262925839e-17 -1
vn 0 -6.123234262925839e-17 -1
vn 0 -6.123234262925839e-17 -1
vn 0 -6.123234262925839e-17 -1
vn 0 -6.123234262925839e-17 -1
vn 0 -6.123234262925839e-17 -1
vn 0 -6.123234262925839e-17 -1
vn 0 -6.123234262925839e-17 -1
vn 0 -6.123234262925839e-17 -1
vn 0 -6.123234262925839e-17 -1
vn 0 -6.123234262925839e-17 -1
vn 0 -6.123234262925839e-17 -1
vn 0 -6.123234262925839e-17 -1
vn 0 -6.123234262925839e-17 -1
vn 0 -6.123234262925839e-17 -1
vn 0 -6.123234262925839e-17 -1
vn 0 -6.123234262925839e-17 -1
vn 0 -6.123234262925839e-17 -1
vn 0 -6.123234262925839e-17 -1
vn 0 -6.123234262925839e-17 -1
vn 0 -6.123234262925839e-17 -1
vn 0 -6.123234262925839e-17 -1
vn 0 -6.123234262925839e-17 -1
vn 0 -6.123234262925839e-17 -1
vn 0 -6.123234262925839e-17 -1
vn 0 -6.123234262925839e-17 -1
vn 0 -6.123234262925839e-17 -1
vn 0 -6.123234262925839e-17 -1
vn 0 -6.123234262925839e-17 -1
vn 0 -6.123234262925839e-17 -1
vn 0 -6.123234262925839e-17 -1
vn 0 -6.123234262925839e-17 -1
vn 0 -6.123234262925839e-17 -1
vn 0 -6.123234262925839e-17 -1
vn 0 -6.123234262925839e-17 -1
vn 0 -6.123234262925839e-17 -1
vn 0 -6.123234262925839e-17 -1
vn 0 -6.123234262925839e-17 -1
vn 0 -6.123234262925839e-17 -1
vn 0 -6.123234262925839e-17 -1
vn 0 -6.123234262925839e-17 -1
vn 0 -6.123234262925839e-17 -1
vn 0 -6.123234262925839e-17 -1
vn 0 -6.123234262925839e-17 -1
vn 0 -6.123234262925839e-17 -1
vn 0 -6.123234262925839e-17 -1
vn 0 -6.123234262925839e-17 -1
vn 0 -6.123234262925839e-17 -1
vn 0 -6.123234262925839e-17 -1
vn 0 -6.123234262925839e-17 -1
vn 0 -6.123234262925839e-17 -1
vn 0 -6.123234262925839e-17 -1
vn 0 -6.123234262925839e-17 -1
vn 0 -6.123234262925839e-17 -1
vn 0 -6.123234262925839e-17 -1
vn 0 -6.123234262925839e-17 -1
vn 0 -6.123234262925839e-17 -1
vn 0 -6.123234262925839e-17 -1
vn 0 -6.123234262925839e-17 -1
vn 0 -6.123234262925839e-17 -1
vn 0 -6.123234262925839e-17 -1
vn 0 -6.123234262925839e-17 -1
vn 0 -6.123234262925839e-17 -1
vn 0 -6.123234262925839e-17 -1
vn 0 -6.123234262925839e-17 -1
vn 0 -6.123234262925839e-17 -1
vn 0 -6.123234262925839e-17 -1
vn 0 -6.123234262925839e-17 -1
vn 0 -6.123234262925839e-17 -1
vn 0 -6.123234262925839e-17 -1
vn 0 -6.123234262925839e-17 -1
f 3225/3225/3225 3274/3274/3274 3226/3226/3226
f 3274/3274/3274 3275/3275/3275 3226/3226/3226
f 3226/3226/3226 3275/3275/3275 3227/3227/3227
f 3275/3275/3275 3276/3276/3276 3227/3227/3227
f 3227/3227/3227 3276/3276/3276 3228/3228/3228
f 3276/3276/3276 3277/3277/3277 3228/3228/3228
f 3228/3228/3228 3277/3277/3277 3229/3229/3229
f 3277/3277/3277 3278/3278/3278 3229/3229/3229
f 3229/3229/3229 3278/3278/3278 3230/3230/3230
f 3278/3278/3278 3279/3279/3279 3230/3230/3230
f 3230/3230/3230 3279/3279/3279 3231/3231/3231
f 3279/3279/3279 3280/3280/3280 3231/3231/3231
f 3231/3231/3231 3280/3280/3280 3232/3232/3232
f 3280/3280/3280 3281/3281/3281 3232/3232/3232
f 3232/3232/3232 3281/3281/3281 3233/3233/3233
f 3281/3281/3281 3282/3282/3282 3233/3233/3233
f 3233/3233/3233 3282/3282/3282 3234/3234/3234
f 3282/3282/3282 3283/3283/3283 3234/3234/3234
f 3234/3234/3234 3283/3283/3283 3235/3235/3235
f 3283/3283/3283 3284/3284/3284 3235/3235/3235
f 3235/3235/3235 3284/3284/3284 3236/3236/3236
f 3284/3284/3284 3285/3285/3285 3236/3236/3236
f 3236/3236/3236 3285/3285/3285 3237/3237/3237
f 3285/3285/3285 3286/3286/3286 3237/3237/3237
f 3237/3237/3237 3286/3286/3286 3238/3238/3238
f 3286/3286/3286 3287/3287/3287 3238/3238/3238
f 3238/3238/3238 3287/3287/3287 3239/3239/3239
f 3287/3287/3287 3288/3288/3288 3239/3239/3239
f 3239/3239/3239 3288/3288/3288 3240/3240/3240
f 3288/3288/3288 3289/3289/3289 3240/3240/3240
f 3240/3240/3240 3289/3289/3289 3241/3241/3241
f 3289/3289/3289 3290/3290/3290 3241/3241/3241
f 3241/3241/3241 3290/3290/3290 3242/3242/3242
f 3290/3290/3290 3291/3291/3291 3242/3242/3242
f 3242/3242/3242 3291/3291/3291 3243/3243/3243
f 3291/3291/3291 3292/3292/3292 3243/3243/3243
f 3243/3243/3243 3292/3292/3292 3244/3244/3244
f 3292/3292/3292 3293/3293/3293 3244/3244/3244
f 3244/3244/3244 3293/3293/3293 3245/3245/3245
f 3293/3293/3293 3294/3294/3294 3245/3245/3245
f 3245/3245/3245 3294/3294/3294 3246/3246/3246
f 3294/3294/3294 3295/3295/3295 3246/3246/3246
f 3246/3246/3246 3295/3295/3295 3247/3247/3247
f 3295/3295/3295 3296/3296/3296 3247/3247/3247
f 3247/3247/3247 3296/3296/3296 3248/3248/3248
f 3296/3296/3296 3297/3297/3297 3248/3248/3248
f 3248/3248/3248 3297/3297/3297 3249/3249/3249
f 3297/3297/3297 3298/3298/3298 3249/3249/3249
f 3249/3249/3249 3298/3298/3298 3250/3250/3250
f 3298/3298/3298 3299/3299/3299 3250/3250/3250
f 3250/3250/3250 3299/3299/3299 3251/3251/3251
f 3299/3299/3299 3300/3300/3300 3251/3251/3251
f 3251/3251/3251 3300/3300/3300 3252/3252/3252
f 3300/3300/3300 3301/3301/3301 3252/3252/3252
f 3252/3252/3252 3301/3301/3301 3253/3253/3253
f 3301/3301/3301 3302/3302/3302 3253/3253/3253
f 3253/3253/3253 3302/3302/3302 3254/3254/3254
f 3302/3302/3302 3303/3303/3303 3254/3254/3254
f 3254/3254/3254 3303/3303/3303 3255/3255/3255
f 3303/3303/3303 3304/3304/3304 3255/3255/3255
f 3255/3255/3255 3304/3304/3304 3256/3256/3256
f 3304/3304/3304 3305/3305/3305 3256/3256/3256
f 3256/3256/3256 3305/3305/3305 3257/3257/3257
f 3305/3305/3305 3306/3306/3306 3257/3257/3257
f 3257/3257/3257 3306/3306/3306 3258/3258/3258
f 3306/3306/3306 3307/3307/3307 3258/3258/3258
f 3258/3258/3258 3307/3307/3307 3259/3259/3259
f 3307/3307/3307 3308/3308/3308 3259/3259/3259
f 3259/3259/3259 3308/3308/3308 3260/3260/3260
f 3308/3308/3308 3309/3309/3309 3260/3260/3260
f 3260/3260/3260 3309/3309/3309 3261/3261/3261
f 3309/3309/3309 3310/3310/3310 3261/3261/3261
f 3261/3261/3261 3310/3310/3310 3262/3262/3262
f 3310/3310/3310 3311/3311/3311 3262/3262/3262
f 3262/3262/3262 3311/3311/3311 3263/3263/3263
f 3311/3311/3311 3312/3312/3312 3263/3263/3263
f 3263/3263/3263 3312/3312/3312 3264/3264/3264
f 3312/3312/3312 3313/3313/3313 3264/3264/3264
f 3264/3264/3264 3313/3313/3313 3265/3265/3265
f 3313/3313/3313 3314/3314/3314 3265/3265/3265
f 3265/3265/3265 3314/3314/3314 3266/3266/3266
f 3314/3314/3314 3315/3315/3315 3266/3266/3266
f 3266/3266/3266 3315/3315/3315 3267/3267/3267
f 3315/3315/3315 3316/3316/3316 3267/3267/3267
f 3267/3267/3267 3316/3316/3316 3268/3268/3268
f 3316/3316/3316 3317/3317/3317 3268/3268/3268
f 3268/3268/3268 3317/3317/3317 3269/3269/3269
f 3317/3317/3317 3318/3318/3318 3269/3269/3269
f 3269/3269/3269 3318/3318/3318 3270/3270/3270
f 3318/3318/3318 3319/3319/3319 3270/3270/3270
f 3270/3270/3270 3319/3319/3319 3271/3271/3271
f 3319/3319/3319 3320/3320/3320 3271/3271/3271
f 3271/3271/3271 3320/3320/3320 3272/3272/3272
f 3320/3320/3320 3321/3321/3321 3272/3272/3272
f 3272/3272/3272 3321/3321/3321 3273/3273/3273
f 3321/3321/3321 3322/3322/3322 3273/3273/3273
f 3371/3371/3371 3372/3372/3372 3323/3323/3323
f 3372/3372/3372 3373/3373/3373 3324/3324/3324
f 3373/3373/3373 3374/3374/3374 3325/3325/3325
f 3374/3374/3374 3375/3375/3375 3326/3326/3326
f 3375/3375/3375 3376/3376/3376 3327/3327/3327
f 3376/3376/3376 3377/3377/3377 3328/3328/3328
f 3377/3377/3377 3378/3378/3378 3329/3329/3329
f 3378/3378/3378 3379/3379/3379 3330/3330/3330
f 3379/3379/3379 3380/3380/3380 3331/3331/3331
f 3380/3380/3380 3381/3381/3381 3332/3332/3332
f 3381/3381/3381 3382/3382/3382 3333/3333/3333
f 3382/3382/3382 3383/3383/3383 3334/3334/3334
f 3383/3383/3383 3384/3384/3384 3335/3335/3335
f 3384/3384/3384 3385/3385/3385 3336/3336/3336
f 3385/3385/3385 3386/3386/3386 3337/3337/3337
f 3386/3386/3386 3387/3387/3387 3338/3338/3338
f 3387/3387/3387 3388/3388/3388 3339/3339/3339
f 3388/3388/3388 3389/3389/3389 3340/3340/3340
f 3389/3389/3389 3390/3390/3390 3341/3341/3341
f 3390/3390/3390 3391/3391/3391 3342/3342/3342
f 3391/3391/3391 3392/3392/3392 3343/3343/3343
f 3392/3392/3392 3393/3393/3393 3344/3344/3344
f 3393/3393/3393 3394/3394/3394 3345/3345/3345
f 3394/3394/3394 3395/3395/3395 3346/3346/3346
f 3395/3395/3395 3396/3396/3396 3347/3347/3347
f 3396/3396/3396 3397/3397/3397 3348/3348/3348
f 3397/3397/3397 3398/3398/3398 3349/3349/3349
f 3398/3398/3398 3399/3399/3399 3350/3350/3350
f 3399/3399/3399 3400/3400/3400 3351/3351/3351
f 3400/3400/3400 3401/3401/3401 3352/3352/3352
f 3401/3401/3401 3402/3402/3402 3353/3353/3353
f 3402/3402/3402 3403/3403/3403 3354/3354/3354
f 3403/3403/3403 3404/3404/3404 3355/3355/3355
f 3404/3404/3404 3405/3405/3405 3356/3356/3356
f 3405/3405/3405 3406/3406/3406 3357/3357/3357
f 3406/3406/3406 3407/3407/3407 3358/3358/3358
f 3407/3407/3407 3408/3408/3408 3359/3359/3359
f 3408/3408/3408 3409/3409/3409 3360/3360/3360
f 3409/3409/3409 3410/3410/3410 3361/3361/3361
f 3410/3410/3410 3411/3411/3411 3362/3362/3362
f 3411/3411/3411 3412/3412/3412 3363/3363/3363
f 3412/3412/3412 3413/3413/3413 3364/3364/3364
f 3413/3413/3413 3414/3414/3414 3365/3365/3365
f 3414/3414/3414 3415/3415/3415 3366/3366/3366
f 3415/3415/3415 3416/3416/3416 3367/3367/3367
f 3416/3416/3416 3417/3417/3417 3368/3368/3368
f 3417/3417/3417 3418/3418/3418 3369/3369/3369
f 3418/3418/3418 3419/3419/3419 3370/3370/3370
f 3469/3469/3469 3468/3468/3468 3420/3420/3420
f 3470/3470/3470 3469/3469/3469 3421/3421/3421
f 3471/3471/3471 3470/3470/3470 3422/3422/3422
f 3472/3472/3472 3471/3471/3471 3423/3423/3423
f 3473/3473/3473 3472/3472/3472 3424/3424/3424
f 3474/3474/3474 3473/3473/3473 3425/3425/3425
f 3475/3475/3475 3474/3474/3474 3426/3426/3426
f 3476/3476/3476 3475/3475/3475 3427/3427/3427
f 3477/3477/3477 3476/3476/3476 3428/3428/3428
f 3478/3478/3478 3477/3477/3477 3429/3429/3429
f 3479/3479/3479 3478/3478/3478 3430/3430/3430
f 3480/3480/3480 3479/3479/3479 3431/3431/3431
f 3481/3481/3481 3480/3480/3480 3432/3432/3432
f 3482/3482/3482 3481/3481/3481 3433/3433/3433
f 3483/3483/3483 3482/3482/3482 3434/3434/3434
f 3484/3484/3484 3483/3483/3483 3435/3435/3435
f 3485/3485/3485 3484/3484/3484 3436/3436/3436
f 3486/3486/3486 3485/3485/3485 3437/3437/3437
f 3487/3487/3487 3486/3486/3486 3438/3438/3438
f 3488/3488/3488 3487/3487/3487 3439/3439/3439
f 3489/3489/3489 3488/3488/3488 3440/3440/3440
f 3490/3490/3490 3489/3489/3489 3441/3441/3441
f 3491/3491/3491 3490/3490/3490 3442/3442/3442
f 3492/3492/3492 3491/3491/3491 3443/3443/3443
f 3493/3493/3493 3492/3492/3492 3444/3444/3444
f 3494/3494/3494 3493/3493/3493 3445/3445/3445
f 3495/3495/3495 3494/3494/3494 3446/3446/3446
f 3496/3496/3496 3495/3495/3495 3447/3447/3447
f 3497/3497/3497 3496/3496/3496 3448/3448/3448
f 3498/3498/3498 3497/3497/3497 3449/3449/3449
f 3499/3499/3499 3498/3498/3498 3450/3450/3450
f 3500/3500/3500 3499/3499/3499 3451/3451/3451
f 3501/3501/3501 3500/3500/3500 3452/3452/3452
f 3502/3502/3502 3501/3501/3501 3453/3453/3453
f 3503/3503/3503 3502/3502/3502 3454/3454/3454
f 3504/3504/3504 3503/3503/3503 3455/3455/3455
f 3505/3505/3505 3504/3504/3504 3456/3456/3456
f 3506/3506/3506 3505/3505/3505 3457/3457/3457
f 3507/3507/3507 3506/3506/3506 3458/3458/3458
f 3508/3508/3508 3507/3507/3507 3459/3459/3459
f 3509/3509/3509 3508/3508/3508 3460/3460/3460
f 3510/3510/3510 3509/3509/3509 3461/3461/3461
f 3511/3511/3511 3510/3510/3510 3462/3462/3462
f 3512/3512/3512 3511/3511/3511 3463/3463/3463
f 3513/3513/3513 3512/3512/3512 3464/3464/3464
f 3514/3514/3514 3513/3513/3513 3465/3465/3465
f 3515/3515/3515 3514/3514/3514 3466/3466/3466
f 3516/3516/3516 3515/3515/3515 3467/3467/3467
