mtllib mount.mtl
o m5_nipple
usemtl anodized_aluminium
v 0 -0.0024999999441206447 -9.685754759000686e-11
v 0.0003263154940214008 -0.0024786121211946 -9.685754759000686e-11
v 0.00064704759279266 -0.0024148146621882907 -9.685754759000686e-11
v 0.0009567085653543472 -0.002309698844328522 -9.685754759000686e-11
v 0.0012499999720603228 -0.0021650635171681634 -9.685754759000686e-11
v 0.0015219035558402538 -0.0019833834376186124 -9.685754759000686e-11
v 0.0017677668947726488 -0.001767766894772648 -9.685754759000686e-11
v 0.0019833834376186132 -0.001521903555840253 -9.685754759000686e-11
v 0.0021650635171681643 -0.0012499999720603221 -9.685754759000686e-11
v 0.0023096988443285227 -0.0009567085653543465 -9.685754802368773e-11
v 0.0024148146621882915 -0.0006470475927926593 -9.685754802368773e-11
v 0.002478612121194601 -0.00032631549402140027 -9.685754802368773e-11
v 0.0024999999441206455 3.465194907562968e-19 -9.685754802368773e-11
v 0.002478612121194601 0.00032631549402140124 -9.685754802368773e-11
v 0.0024148146621882915 0.0006470475927926604 -9.685754802368773e-11
v 0.0023096988443285227 0.0009567085653543476 -9.685754802368773e-11
v 0.0021650635171681643 0.001249999972060323 -9.68575484573686e-11
v 0.0019833834376186132 0.0015219035558402538 -9.68575484573686e-11
v 0.0017677668947726488 0.0017677668947726488 -9.68575484573686e-11
v 0.0015219035558402538 0.0019833834376186132 -9.68575484573686e-11
v 0.0012499999720603228 0.0021650635171681643 -9.68575484573686e-11
v 0.0009567085653543472 0.0023096988443285227 -9.68575484573686e-11
v 0.00064704759279266 0.0024148146621882915 -9.68575484573686e-11
v 0.0003263154940214008 0.002478612121194601 -9.68575484573686e-11
v 3.061616976366555e-19 0.0024999999441206455 -9.68575484573686e-11
v -0.0003263154940214008 0.002478612121194601 -9.68575484573686e-11
v -0.00064704759279266 0.0024148146621882915 -9.68575484573686e-11
v -0.0009567085653543472 0.0023096988443285227 -9.68575484573686e-11
v -0.0012499999720603228 0.0021650635171681643 -9.68575484573686e-11
v -0.0015219035558402538 0.0019833834376186132 -9.68575484573686e-11
v -0.0017677668947726488 0.0017677668947726488 -9.68575484573686e-11
v -0.0019833834376186132 0.0015219035558402538 -9.68575484573686e-11
v -0.0021650635171681643 0.001249999972060323 -9.68575484573686e-11
v -0.0023096988443285227 0.0009567085653543476 -9.685754802368773e-11
v -0.0024148146621882915 0.0006470475927926604 -9.685754802368773e-11
v -0.002478612121194601 0.00032631549402140124 -9.685754802368773e-11
v -0.0024999999441206455 9.588428989543048e-19 -9.685754802368773e-11
v -0.002478612121194601 -0.00032631549402140027 -9.685754802368773e-11
v -0.0024148146621882915 -0.0006470475927926593 -9.685754802368773e-11
v -0.0023096988443285227 -0.0009567085653543465 -9.685754802368773e-11
v -0.0021650635171681643 -0.0012499999720603221 -9.685754759000686e-11
v -0.0019833834376186132 -0.001521903555840253 -9.685754759000686e-11
v -0.0017677668947726488 -0.001767766894772648 -9.685754759000686e-11
v -0.0015219035558402538 -0.0019833834376186124 -9.685754759000686e-11
v -0.0012499999720603228 -0.0021650635171681634 -9.685754759000686e-11
v -0.0009567085653543472 -0.002309698844328522 -9.685754759000686e-11
v -0.00064704759279266 -0.0024148146621882907 -9.685754759000686e-11
v -0.0003263154940214008 -0.0024786121211946 -9.685754759000686e-11
v -6.12323395273311e-19 -0.0024999999441206447 -9.685754759000686e-11
v 0 -0.0024999999441206455 -0.004499999903142451
v 0.0003263154940214008 -0.002478612121194601 -0.004499999903142451
v 0.00064704759279266 -0.0024148146621882915 -0.004499999903142451
v 0.0009567085653543472 -0.0023096988443285227 -0.004499999903142451
v 0.0012499999720603228 -0.0021650635171681643 -0.004499999903142451
v 0.0015219035558402538 -0.0019833834376186132 -0.004499999903142451
v 0.0017677668947726488 -0.0017677668947726488 -0.004499999903142451
v 0.0019833834376186132 -0.0015219035558402538 -0.004499999903142451
v 0.0021650635171681643 -0.001249999972060323 -0.004499999903142451
v 0.0023096988443285227 -0.0009567085653543476 -0.004499999903142452
v 0.0024148146621882915 -0.0006470475927926604 -0.004499999903142452
v 0.002478612121194601 -0.00032631549402140124 -0.004499999903142452
v 0.0024999999441206455 -6.526811883929523e-19 -0.004499999903142452
v 0.002478612121194601 0.00032631549402140027 -0.004499999903142452
v 0.0024148146621882915 0.0006470475927926593 -0.004499999903142452
v 0.0023096988443285227 0.0009567085653543465 -0.004499999903142452
v 0.0021650635171681643 0.0012499999720603221 -0.0044999999031424525
v 0.0019833834376186132 0.001521903555840253 -0.0044999999031424525
v 0.0017677668947726488 0.001767766894772648 -0.0044999999031424525
v 0.0015219035558402538 0.0019833834376186124 -0.0044999999031424525
v 0.0012499999720603228 0.0021650635171681634 -0.0044999999031424525
v 0.0009567085653543472 0.002309698844328522 -0.0044999999031424525
v 0.00064704759279266 0.0024148146621882907 -0.0044999999031424525
v 0.0003263154940214008 0.0024786121211946 -0.0044999999031424525
v 3.061616976366555e-19 0.0024999999441206447 -0.0044999999031424525
v -0.0003263154940214008 0.0024786121211946 -0.0044999999031424525
v -0.00064704759279266 0.0024148146621882907 -0.0044999999031424525
v -0.0009567085653543472 0.002309698844328522 -0.0044999999031424525
v -0.0012499999720603228 0.0021650635171681634 -0.0044999999031424525
v -0.0015219035558402538 0.0019833834376186124 -0.0044999999031424525
v -0.0017677668947726488 0.001767766894772648 -0.0044999999031424525
v -0.0019833834376186132 0.001521903555840253 -0.0044999999031424525
v -0.0021650635171681643 0.0012499999720603221 -0.0044999999031424525
v -0.0023096988443285227 0.0009567085653543465 -0.004499999903142452
v -0.0024148146621882915 0.0006470475927926593 -0.004499999903142452
v -0.002478612121194601 0.00032631549402140027 -0.004499999903142452
v -0.0024999999441206455 -4.0357780194944325e-20 -0.004499999903142452
v -0.002478612121194601 -0.00032631549402140124 -0.004499999903142452
v -0.0024148146621882915 -0.0006470475927926604 -0.004499999903142452
v -0.0023096988443285227 -0.0009567085653543476 -0.004499999903142452
v -0.0021650635171681643 -0.001249999972060323 -0.004499999903142451
v -0.0019833834376186132 -0.0015219035558402538 -0.004499999903142451
v -0.0017677668947726488 -0.0017677668947726488 -0.004499999903142451
v -0.0015219035558402538 -0.0019833834376186132 -0.004499999903142451
v -0.0012499999720603228 -0.0021650635171681643 -0.004499999903142451
v -0.0009567085653543472 -0.0023096988443285227 -0.004499999903142451
v -0.00064704759279266 -0.0024148146621882915 -0.004499999903142451
v -0.0003263154940214008 -0.002478612121194601 -0.004499999903142451
v -6.12323395273311e-19 -0.0024999999441206455 -0.004499999903142451
v 0 4.996003395746245e-19 -9.685754802368773e-11
v 0 4.996003395746245e-19 -9.685754802368773e-11
v 0 4.996003395746245e-19 -9.685754802368773e-11
v 0 4.996003395746245e-19 -9.685754802368773e-11
v 0 4.996003395746245e-19 -9.685754802368773e-11
v 0 4.996003395746245e-19 -9.685754802368773e-11
v 0 4.996003395746245e-19 -9.685754802368773e-11
v 0 4.996003395746245e-19 -9.685754802368773e-11
v 0 4.996003395746245e-19 -9.685754802368773e-11
v 0 4.996003395746245e-19 -9.685754802368773e-11
v 0 4.996003395746245e-19 -9.685754802368773e-11
v 0 4.996003395746245e-19 -9.685754802368773e-11
v 0 4.996003395746245e-19 -9.685754802368773e-11
v 0 4.996003395746245e-19 -9.685754802368773e-11
v 0 4.996003395746245e-19 -9.685754802368773e-11
v 0 4.996003395746245e-19 -9.685754802368773e-11
v 0 4.996003395746245e-19 -9.685754802368773e-11
v 0 4.996003395746245e-19 -9.685754802368773e-11
v 0 4.996003395746245e-19 -9.685754802368773e-11
v 0 4.996003395746245e-19 -9.685754802368773e-11
v 0 4.996003395746245e-19 -9.685754802368773e-11
v 0 4.996003395746245e-19 -9.685754802368773e-11
v 0 4.996003395746245e-19 -9.685754802368773e-11
v 0 4.996003395746245e-19 -9.685754802368773e-11
v 0 4.996003395746245e-19 -9.685754802368773e-11
v 0 4.996003395746245e-19 -9.685754802368773e-11
v 0 4.996003395746245e-19 -9.685754802368773e-11
v 0 4.996003395746245e-19 -9.685754802368773e-11
v 0 4.996003395746245e-19 -9.685754802368773e-11
v 0 4.996003395746245e-19 -9.685754802368773e-11
v 0 4.996003395746245e-19 -9.685754802368773e-11
v 0 4.996003395746245e-19 -9.685754802368773e-11
v 0 4.996003395746245e-19 -9.685754802368773e-11
v 0 4.996003395746245e-19 -9.685754802368773e-11
v 0 4.996003395746245e-19 -9.685754802368773e-11
v 0 4.996003395746245e-19 -9.685754802368773e-11
v 0 4.996003395746245e-19 -9.685754802368773e-11
v 0 4.996003395746245e-19 -9.685754802368773e-11
v 0 4.996003395746245e-19 -9.685754802368773e-11
v 0 4.996003395746245e-19 -9.685754802368773e-11
v 0 4.996003395746245e-19 -9.685754802368773e-11
v 0 4.996003395746245e-19 -9.685754802368773e-11
v 0 4.996003395746245e-19 -9.685754802368773e-11
v 0 4.996003395746245e-19 -9.685754802368773e-11
v 0 4.996003395746245e-19 -9.685754802368773e-11
v 0 4.996003395746245e-19 -9.685754802368773e-11
v 0 4.996003395746245e-19 -9.685754802368773e-11
v 0 4.996003395746245e-19 -9.685754802368773e-11
v 0 -0.0024999999441206447 -9.685754759000686e-11
v 0.0003263154940214008 -0.0024786121211946 -9.685754759000686e-11
v 0.00064704759279266 -0.0024148146621882907 -9.685754759000686e-11
v 0.0009567085653543472 -0.002309698844328522 -9.685754759000686e-11
v 0.0012499999720603228 -0.0021650635171681634 -9.685754759000686e-11
v 0.0015219035558402538 -0.0019833834376186124 -9.685754759000686e-11
v 0.0017677668947726488 -0.001767766894772648 -9.685754759000686e-11
v 0.0019833834376186132 -0.001521903555840253 -9.685754759000686e-11
v 0.0021650635171681643 -0.0012499999720603221 -9.685754759000686e-11
v 0.0023096988443285227 -0.0009567085653543465 -9.685754802368773e-11
v 0.0024148146621882915 -0.0006470475927926593 -9.685754802368773e-11
v 0.002478612121194601 -0.00032631549402140027 -9.685754802368773e-11
v 0.0024999999441206455 3.465194907562968e-19 -9.685754802368773e-11
v 0.002478612121194601 0.00032631549402140124 -9.685754802368773e-11
v 0.0024148146621882915 0.0006470475927926604 -9.685754802368773e-11
v 0.0023096988443285227 0.0009567085653543476 -9.685754802368773e-11
v 0.0021650635171681643 0.001249999972060323 -9.68575484573686e-11
v 0.0019833834376186132 0.0015219035558402538 -9.68575484573686e-11
v 0.0017677668947726488 0.0017677668947726488 -9.68575484573686e-11
v 0.0015219035558402538 0.0019833834376186132 -9.68575484573686e-11
v 0.0012499999720603228 0.0021650635171681643 -9.68575484573686e-11
v 0.0009567085653543472 0.0023096988443285227 -9.68575484573686e-11
v 0.00064704759279266 0.0024148146621882915 -9.68575484573686e-11
v 0.0003263154940214008 0.002478612121194601 -9.68575484573686e-11
v 3.061616976366555e-19 0.0024999999441206455 -9.68575484573686e-11
v -0.0003263154940214008 0.002478612121194601 -9.68575484573686e-11
v -0.00064704759279266 0.0024148146621882915 -9.68575484573686e-11
v -0.0009567085653543472 0.0023096988443285227 -9.68575484573686e-11
v -0.0012499999720603228 0.0021650635171681643 -9.68575484573686e-11
v -0.0015219035558402538 0.0019833834376186132 -9.68575484573686e-11
v -0.0017677668947726488 0.0017677668947726488 -9.68575484573686e-11
v -0.0019833834376186132 0.0015219035558402538 -9.68575484573686e-11
v -0.0021650635171681643 0.001249999972060323 -9.68575484573686e-11
v -0.0023096988443285227 0.0009567085653543476 -9.685754802368773e-11
v -0.0024148146621882915 0.0006470475927926604 -9.685754802368773e-11
v -0.002478612121194601 0.00032631549402140124 -9.685754802368773e-11
v -0.0024999999441206455 9.588428989543048e-19 -9.685754802368773e-11
v -0.002478612121194601 -0.00032631549402140027 -9.685754802368773e-11
v -0.0024148146621882915 -0.0006470475927926593 -9.685754802368773e-11
v -0.0023096988443285227 -0.0009567085653543465 -9.685754802368773e-11
v -0.0021650635171681643 -0.0012499999720603221 -9.685754759000686e-11
v -0.0019833834376186132 -0.001521903555840253 -9.685754759000686e-11
v -0.0017677668947726488 -0.001767766894772648 -9.685754759000686e-11
v -0.0015219035558402538 -0.0019833834376186124 -9.685754759000686e-11
v -0.0012499999720603228 -0.0021650635171681634 -9.685754759000686e-11
v -0.0009567085653543472 -0.002309698844328522 -9.685754759000686e-11
v -0.00064704759279266 -0.0024148146621882907 -9.685754759000686e-11
v -0.0003263154940214008 -0.0024786121211946 -9.685754759000686e-11
v -6.12323395273311e-19 -0.0024999999441206447 -9.685754759000686e-11
v 0 -4.996003395746245e-19 -0.004499999903142452
v 0 -4.996003395746245e-19 -0.004499999903142452
v 0 -4.996003395746245e-19 -0.004499999903142452
v 0 -4.996003395746245e-19 -0.004499999903142452
v 0 -4.996003395746245e-19 -0.004499999903142452
v 0 -4.996003395746245e-19 -0.004499999903142452
v 0 -4.996003395746245e-19 -0.004499999903142452
v 0 -4.996003395746245e-19 -0.004499999903142452
v 0 -4.996003395746245e-19 -0.004499999903142452
v 0 -4.996003395746245e-19 -0.004499999903142452
v 0 -4.996003395746245e-19 -0.004499999903142452
v 0 -4.996003395746245e-19 -0.004499999903142452
v 0 -4.996003395746245e-19 -0.004499999903142452
v 0 -4.996003395746245e-19 -0.004499999903142452
v 0 -4.996003395746245e-19 -0.004499999903142452
v 0 -4.996003395746245e-19 -0.004499999903142452
v 0 -4.996003395746245e-19 -0.004499999903142452
v 0 -4.996003395746245e-19 -0.004499999903142452
v 0 -4.996003395746245e-19 -0.004499999903142452
v 0 -4.996003395746245e-19 -0.004499999903142452
v 0 -4.996003395746245e-19 -0.004499999903142452
v 0 -4.996003395746245e-19 -0.004499999903142452
v 0 -4.996003395746245e-19 -0.004499999903142452
v 0 -4.996003395746245e-19 -0.004499999903142452
v 0 -4.996003395746245e-19 -0.004499999903142452
v 0 -4.996003395746245e-19 -0.004499999903142452
v 0 -4.996003395746245e-19 -0.004499999903142452
v 0 -4.996003395746245e-19 -0.004499999903142452
v 0 -4.996003395746245e-19 -0.004499999903142452
v 0 -4.996003395746245e-19 -0.004499999903142452
v 0 -4.996003395746245e-19 -0.004499999903142452
v 0 -4.996003395746245e-19 -0.004499999903142452
v 0 -4.996003395746245e-19 -0.004499999903142452
v 0 -4.996003395746245e-19 -0.004499999903142452
v 0 -4.996003395746245e-19 -0.004499999903142452
v 0 -4.996003395746245e-19 -0.004499999903142452
v 0 -4.996003395746245e-19 -0.004499999903142452
v 0 -4.996003395746245e-19 -0.004499999903142452
v 0 -4.996003395746245e-19 -0.004499999903142452
v 0 -4.996003395746245e-19 -0.004499999903142452
v 0 -4.996003395746245e-19 -0.004499999903142452
v 0 -4.996003395746245e-19 -0.004499999903142452
v 0 -4.996003395746245e-19 -0.004499999903142452
v 0 -4.996003395746245e-19 -0.004499999903142452
v 0 -4.996003395746245e-19 -0.004499999903142452
v 0 -4.996003395746245e-19 -0.004499999903142452
v 0 -4.996003395746245e-19 -0.004499999903142452
v 0 -4.996003395746245e-19 -0.004499999903142452
v 0 -0.0024999999441206455 -0.004499999903142451
v 0.0003263154940214008 -0.002478612121194601 -0.004499999903142451
v 0.00064704759279266 -0.0024148146621882915 -0.004499999903142451
v 0.0009567085653543472 -0.0023096988443285227 -0.004499999903142451
v 0.0012499999720603228 -0.0021650635171681643 -0.004499999903142451
v 0.0015219035558402538 -0.0019833834376186132 -0.004499999903142451
v 0.0017677668947726488 -0.0017677668947726488 -0.004499999903142451
v 0.0019833834376186132 -0.0015219035558402538 -0.004499999903142451
v 0.0021650635171681643 -0.001249999972060323 -0.004499999903142451
v 0.0023096988443285227 -0.0009567085653543476 -0.004499999903142452
v 0.0024148146621882915 -0.0006470475927926604 -0.004499999903142452
v 0.002478612121194601 -0.00032631549402140124 -0.004499999903142452
v 0.0024999999441206455 -6.526811883929523e-19 -0.004499999903142452
v 0.002478612121194601 0.00032631549402140027 -0.004499999903142452
v 0.0024148146621882915 0.0006470475927926593 -0.004499999903142452
v 0.0023096988443285227 0.0009567085653543465 -0.004499999903142452
v 0.0021650635171681643 0.0012499999720603221 -0.0044999999031424525
v 0.0019833834376186132 0.001521903555840253 -0.0044999999031424525
v 0.0017677668947726488 0.001767766894772648 -0.0044999999031424525
v 0.0015219035558402538 0.0019833834376186124 -0.0044999999031424525
v 0.0012499999720603228 0.0021650635171681634 -0.0044999999031424525
v 0.0009567085653543472 0.002309698844328522 -0.0044999999031424525
v 0.00064704759279266 0.0024148146621882907 -0.0044999999031424525
v 0.0003263154940214008 0.0024786121211946 -0.0044999999031424525
v 3.061616976366555e-19 0.0024999999441206447 -0.0044999999031424525
v -0.0003263154940214008 0.0024786121211946 -0.0044999999031424525
v -0.00064704759279266 0.0024148146621882907 -0.0044999999031424525
v -0.0009567085653543472 0.002309698844328522 -0.0044999999031424525
v -0.0012499999720603228 0.0021650635171681634 -0.0044999999031424525
v -0.0015219035558402538 0.0019833834376186124 -0.0044999999031424525
v -0.0017677668947726488 0.001767766894772648 -0.0044999999031424525
v -0.0019833834376186132 0.001521903555840253 -0.0044999999031424525
v -0.0021650635171681643 0.0012499999720603221 -0.0044999999031424525
v -0.0023096988443285227 0.0009567085653543465 -0.004499999903142452
v -0.0024148146621882915 0.0006470475927926593 -0.004499999903142452
v -0.002478612121194601 0.00032631549402140027 -0.004499999903142452
v -0.0024999999441206455 -4.0357780194944325e-20 -0.004499999903142452
v -0.002478612121194601 -0.00032631549402140124 -0.004499999903142452
v -0.0024148146621882915 -0.0006470475927926604 -0.004499999903142452
v -0.0023096988443285227 -0.0009567085653543476 -0.004499999903142452
v -0.0021650635171681643 -0.001249999972060323 -0.004499999903142451
v -0.0019833834376186132 -0.0015219035558402538 -0.004499999903142451
v -0.0017677668947726488 -0.0017677668947726488 -0.004499999903142451
v -0.0015219035558402538 -0.0019833834376186132 -0.004499999903142451
v -0.0012499999720603228 -0.0021650635171681643 -0.004499999903142451
v -0.0009567085653543472 -0.0023096988443285227 -0.004499999903142451
v -0.00064704759279266 -0.0024148146621882915 -0.004499999903142451
v -0.0003263154940214008 -0.002478612121194601 -0.004499999903142451
v -6.12323395273311e-19 -0.0024999999441206455 -0.004499999903142451
vt 0 1
vt 0.02083333395421505 1
vt 0.0416666679084301 1
vt 0.0625 1
vt 0.0833333358168602 1
vt 0.1041666641831398 1
vt 0.125 1
vt 0.1458333283662796 1
vt 0.1666666716337204 1
vt 0.1875 1
vt 0.2083333283662796 1
vt 0.2291666716337204 1
vt 0.25 1
vt 0.2708333432674408 1
vt 0.2916666567325592 1
vt 0.3125 1
vt 0.3333333432674408 1
vt 0.3541666567325592 1
vt 0.375 1
vt 0.3958333432674408 1
vt 0.4166666567325592 1
vt 0.4375 1
vt 0.4583333432674408 1
vt 0.4791666567325592 1
vt 0.5 1
vt 0.5208333134651184 1
vt 0.5416666865348816 1
vt 0.5625 1
vt 0.5833333134651184 1
vt 0.6041666865348816 1
vt 0.625 1
vt 0.6458333134651184 1
vt 0.6666666865348816 1
vt 0.6875 1
vt 0.7083333134651184 1
vt 0.7291666865348816 1
vt 0.75 1
vt 0.7708333134651184 1
vt 0.7916666865348816 1
vt 0.8125 1
vt 0.8333333134651184 1
vt 0.8541666865348816 1
vt 0.875 1
vt 0.8958333134651184 1
vt 0.9166666865348816 1
vt 0.9375 1
vt 0.9583333134651184 1
vt 0.9791666865348816 1
vt 1 1
vt 0 0
vt 0.02083333395421505 0
vt 0.0416666679084301 0
vt 0.0625 0
vt 0.0833333358168602 0
vt 0.1041666641831398 0
vt 0.125 0
vt 0.1458333283662796 0
vt 0.1666666716337204 0
vt 0.1875 0
vt 0.2083333283662796 0
vt 0.2291666716337204 0
vt 0.25 0
vt 0.2708333432674408 0
vt 0.2916666567325592 0
vt 0.3125 0
vt 0.3333333432674408 0
vt 0.3541666567325592 0
vt 0.375 0
vt 0.3958333432674408 0
vt 0.4166666567325592 0
vt 0.4375 0
vt 0.4583333432674408 0
vt 0.4791666567325592 0
vt 0.5 0
vt 0.5208333134651184 0
vt 0.5416666865348816 0
vt 0.5625 0
vt 0.5833333134651184 0
vt 0.6041666865348816 0
vt 0.625 0
vt 0.6458333134651184 0
vt 0.6666666865348816 0
vt 0.6875 0
vt 0.7083333134651184 0
vt 0.7291666865348816 0
vt 0.75 0
vt 0.7708333134651184 0
vt 0.7916666865348816 0
vt 0.8125 0
vt 0.8333333134651184 0
vt 0.8541666865348816 0
vt 0.875 0
vt 0.8958333134651184 0
vt 0.9166666865348816 0
vt 0.9375 0
vt 0.9583333134651184 0
vt 0.9791666865348816 0
vt 1 0
vt 0.5 0.5
vt 0.5 0.5
vt 0.5 0.5
vt 0.5 0.5
vt 0.5 0.5
vt 0.5 0.5
vt 0.5 0.5
vt 0.5 0.5
vt 0.5 0.5
vt 0.5 0.5
vt 0.5 0.5
vt 0.5 0.5
vt 0.5 0.5
vt 0.5 0.5
vt 0.5 0.5
vt 0.5 0.5
vt 0.5 0.5
vt 0.5 0.5
vt 0.5 0.5
vt 0.5 0.5
vt 0.5 0.5
vt 0.5 0.5
vt 0.5 0.5
vt 0.5 0.5
vt 0.5 0.5
vt 0.5 0.5
vt 0.5 0.5
vt 0.5 0.5
vt 0.5 0.5
vt 0.5 0.5
vt 0.5 0.5
vt 0.5 0.5
vt 0.5 0.5
vt 0.5 0.5
vt 0.5 0.5
vt 0.5 0.5
vt 0.5 0.5
vt 0.5 0.5
vt 0.5 0.5
vt 0.5 0.5
vt 0.5 0.5
vt 0.5 0.5
vt 0.5 0.5
vt 0.5 0.5
vt 0.5 0.5
vt 0.5 0.5
vt 0.5 0.5
vt 0.5 0.5
vt 1 0.5
vt 0.9957224130630493 0.5652630925178528
vt 0.9829629063606262 0.6294095516204834
vt 0.9619397521018982 0.6913416981697083
vt 0.9330127239227295 0.75
vt 0.8966766595840454 0.8043807148933411
vt 0.8535534143447876 0.8535534143447876
vt 0.8043807148933411 0.8966766595840454
vt 0.75 0.9330127239227295
vt 0.6913416981697083 0.9619397521018982
vt 0.6294095516204834 0.9829629063606262
vt 0.5652630925178528 0.9957224130630493
vt 0.5 1
vt 0.4347369074821472 0.9957224130630493
vt 0.370590478181839 0.9829629063606262
vt 0.30865827202796936 0.9619397521018982
vt 0.25 0.9330127239227295
vt 0.19561928510665894 0.8966766595840454
vt 0.1464466154575348 0.8535534143447876
vt 0.10332333296537399 0.8043807148933411
vt 0.0669872984290123 0.75
vt 0.03806023299694061 0.6913416981697083
vt 0.017037086188793182 0.6294095516204834
vt 0.004277569241821766 0.5652630925178528
vt 0 0.5
vt 0.004277569241821766 0.4347369074821472
vt 0.017037086188793182 0.370590478181839
vt 0.03806023299694061 0.30865827202796936
vt 0.0669872984290123 0.25
vt 0.10332333296537399 0.19561928510665894
vt 0.1464466154575348 0.1464466154575348
vt 0.19561928510665894 0.10332333296537399
vt 0.25 0.0669872984290123
vt 0.30865827202796936 0.03806023299694061
vt 0.370590478181839 0.017037086188793182
vt 0.4347369074821472 0.004277569241821766
vt 0.5 0
vt 0.5652630925178528 0.004277569241821766
vt 0.6294095516204834 0.017037086188793182
vt 0.6913416981697083 0.03806023299694061
vt 0.75 0.0669872984290123
vt 0.8043807148933411 0.10332333296537399
vt 0.8535534143447876 0.1464466154575348
vt 0.8966766595840454 0.19561928510665894
vt 0.9330127239227295 0.25
vt 0.9619397521018982 0.30865827202796936
vt 0.9829629063606262 0.370590478181839
vt 0.9957224130630493 0.4347369074821472
vt 1 0.5
vt 0.5 0.5
vt 0.5 0.5
vt 0.5 0.5
vt 0.5 0.5
vt 0.5 0.5
vt 0.5 0.5
vt 0.5 0.5
vt 0.5 0.5
vt 0.5 0.5
vt 0.5 0.5
vt 0.5 0.5
vt 0.5 0.5
vt 0.5 0.5
vt 0.5 0.5
vt 0.5 0.5
vt 0.5 0.5
vt 0.5 0.5
vt 0.5 0.5
vt 0.5 0.5
vt 0.5 0.5
vt 0.5 0.5
vt 0.5 0.5
vt 0.5 0.5
vt 0.5 0.5
vt 0.5 0.5
vt 0.5 0.5
vt 0.5 0.5
vt 0.5 0.5
vt 0.5 0.5
vt 0.5 0.5
vt 0.5 0.5
vt 0.5 0.5
vt 0.5 0.5
vt 0.5 0.5
vt 0.5 0.5
vt 0.5 0.5
vt 0.5 0.5
vt 0.5 0.5
vt 0.5 0.5
vt 0.5 0.5
vt 0.5 0.5
vt 0.5 0.5
vt 0.5 0.5
vt 0.5 0.5
vt 0.5 0.5
vt 0.5 0.5
vt 0.5 0.5
vt 0.5 0.5
vt 1 0.5
vt 0.9957224130630493 0.4347369074821472
vt 0.9829629063606262 0.370590478181839
vt 0.9619397521018982 0.30865827202796936
vt 0.9330127239227295 0.25
vt 0.8966766595840454 0.19561928510665894
vt 0.8535534143447876 0.1464466154575348
vt 0.8043807148933411 0.10332333296537399
vt 0.75 0.0669872984290123
vt 0.6913416981697083 0.03806023299694061
vt 0.6294095516204834 0.017037086188793182
vt 0.5652630925178528 0.004277569241821766
vt 0.5 0
vt 0.4347369074821472 0.004277569241821766
vt 0.370590478181839 0.017037086188793182
vt 0.30865827202796936 0.03806023299694061
vt 0.25 0.0669872984290123
vt 0.19561928510665894 0.10332333296537399
vt 0.1464466154575348 0.1464466154575348
vt 0.10332333296537399 0.19561928510665894
vt 0.0669872984290123 0.25
vt 0.03806023299694061 0.30865827202796936
vt 0.017037086188793182 0.370590478181839
vt 0.004277569241821766 0.4347369074821472
vt 0 0.5
vt 0.004277569241821766 0.5652630925178528
vt 0.017037086188793182 0.6294095516204834
vt 0.03806023299694061 0.6913416981697083
vt 0.0669872984290123 0.75
vt 0.10332333296537399 0.8043807148933411
vt 0.1464466154575348 0.8535534143447876
vt 0.19561928510665894 0.8966766595840454
vt 0.25 0.9330127239227295
vt 0.30865827202796936 0.9619397521018982
vt 0.370590478181839 0.9829629063606262
vt 0.4347369074821472 0.9957224130630493
vt 0.5 1
vt 0.5652630925178528 0.9957224130630493
vt 0.6294095516204834 0.9829629063606262
vt 0.6913416981697083 0.9619397521018982
vt 0.75 0.9330127239227295
vt 0.8043807148933411 0.8966766595840454
vt 0.8535534143447876 0.8535534143447876
vt 0.8966766595840454 0.8043807148933411
vt 0.9330127239227295 0.75
vt 0.9619397521018982 0.6913416981697083
vt 0.9829629063606262 0.6294095516204834
vt 0.9957224130630493 0.5652630925178528
vt 1 0.5
vn 0 -1 2.2204460492503136e-16
vn 0.130526182006087 -0.9914448627185043 2.2014498284728224e-16
vn 0.2588190471264926 -0.9659258257467466 2.1447861836482103e-16
vn 0.38268343706133684 -0.9238795305660377 2.0514246536285927e-16
vn 0.5000000067305868 -0.8660253998985324 1.922962677755119e-16
vn 0.6087614397000723 -0.7933533320874724 1.7615982718932e-16
vn 0.7071067811865474 -0.7071067811865475 1.5700924586837754e-16
vn 0.7933533320874723 -0.6087614397000726 1.351721933717959e-16
vn 0.8660253998985324 -0.500000006730587 1.110223039570062e-16
vn 0.9238795305660374 -0.38268343706133695 8.497279259363766e-17
vn 0.9659258257467466 -0.25881904712649273 5.746937306627515e-17
vn 0.9914448627185043 -0.13052618200608707 2.898263451591434e-17
vn 1 -6.12323426292584e-17 1.3596311327747838e-32
vn 0.9914448627185043 0.13052618200608707 -2.898263451591434e-17
vn 0.9659258257467466 0.25881904712649273 -5.746937306627515e-17
vn 0.9238795305660374 0.38268343706133695 -8.497279259363766e-17
vn 0.8660253998985324 0.500000006730587 -1.110223039570062e-16
vn 0.7933533320874723 0.6087614397000726 -1.351721933717959e-16
vn 0.7071067811865474 0.7071067811865475 -1.5700924586837754e-16
vn 0.6087614397000723 0.7933533320874724 -1.7615982718932e-16
vn 0.5000000067305868 0.8660253998985324 -1.922962677755119e-16
vn 0.38268343706133684 0.9238795305660377 -2.0514246536285927e-16
vn 0.2588190471264926 0.9659258257467466 -2.1447861836482103e-16
vn 0.130526182006087 0.9914448627185043 -2.2014498284728224e-16
vn 1.2246468525851676e-16 1 -2.2204460492503136e-16
vn -0.130526182006087 0.9914448627185043 -2.2014498284728224e-16
vn -0.2588190471264926 0.9659258257467466 -2.1447861836482103e-16
vn -0.38268343706133684 0.9238795305660377 -2.0514246536285927e-16
vn -0.5000000067305868 0.8660253998985324 -1.922962677755119e-16
vn -0.6087614397000723 0.7933533320874724 -1.7615982718932e-16
vn -0.7071067811865474 0.7071067811865475 -1.5700924586837754e-16
vn -0.7933533320874723 0.6087614397000726 -1.351721933717959e-16
vn -0.8660253998985324 0.500000006730587 -1.110223039570062e-16
vn -0.9238795305660374 0.38268343706133695 -8.497279259363766e-17
vn -0.9659258257467466 0.25881904712649273 -5.746937306627515e-17
vn -0.9914448627185043 0.13052618200608707 -2.898263451591434e-17
vn -1 1.8369701465288543e-16 -4.0788931044507637e-32
vn -0.9914448627185043 -0.13052618200608707 2.898263451591434e-17
vn -0.9659258257467466 -0.25881904712649273 5.746937306627515e-17
vn -0.9238795305660374 -0.38268343706133695 8.497279259363766e-17
vn -0.8660253998985324 -0.500000006730587 1.110223039570062e-16
vn -0.7933533320874723 -0.6087614397000726 1.351721933717959e-16
vn -0.7071067811865474 -0.7071067811865475 1.5700924586837754e-16
vn -0.6087614397000723 -0.7933533320874724 1.7615982718932e-16
vn -0.5000000067305868 -0.8660253998985324 1.922962677755119e-16
vn -0.38268343706133684 -0.9238795305660377 2.0514246536285927e-16
vn -0.2588190471264926 -0.9659258257467466 2.1447861836482103e-16
vn -0.130526182006087 -0.9914448627185043 2.2014498284728224e-16
vn -2.449293705170335e-16 -1 2.2204460492503136e-16
vn 0 -1 2.2204460492503136e-16
vn 0.130526182006087 -0.9914448627185043 2.2014498284728224e-16
vn 0.2588190471264926 -0.9659258257467466 2.1447861836482103e-16
vn 0.38268343706133684 -0.9238795305660377 2.0514246536285927e-16
vn 0.5000000067305868 -0.8660253998985324 1.922962677755119e-16
vn 0.6087614397000723 -0.7933533320874724 1.7615982718932e-16
vn 0.7071067811865474 -0.7071067811865475 1.5700924586837754e-16
vn 0.7933533320874723 -0.6087614397000726 1.351721933717959e-16
vn 0.8660253998985324 -0.500000006730587 1.110223039570062e-16
vn 0.9238795305660374 -0.38268343706133695 8.497279259363766e-17
vn 0.9659258257467466 -0.25881904712649273 5.746937306627515e-17
vn 0.9914448627185043 -0.13052618200608707 2.898263451591434e-17
vn 1 -6.12323426292584e-17 1.3596311327747838e-32
vn 0.9914448627185043 0.13052618200608707 -2.898263451591434e-17
vn 0.9659258257467466 0.25881904712649273 -5.746937306627515e-17
vn 0.9238795305660374 0.38268343706133695 -8.497279259363766e-17
vn 0.8660253998985324 0.500000006730587 -1.110223039570062e-16
vn 0.7933533320874723 0.6087614397000726 -1.351721933717959e-16
vn 0.7071067811865474 0.7071067811865475 -1.5700924586837754e-16
vn 0.6087614397000723 0.7933533320874724 -1.7615982718932e-16
vn 0.5000000067305868 0.8660253998985324 -1.922962677755119e-16
vn 0.38268343706133684 0.9238795305660377 -2.0514246536285927e-16
vn 0.2588190471264926 0.9659258257467466 -2.1447861836482103e-16
vn 0.130526182006087 0.9914448627185043 -2.2014498284728224e-16
vn 1.2246468525851676e-16 1 -2.2204460492503136e-16
vn -0.130526182006087 0.9914448627185043 -2.2014498284728224e-16
vn -0.2588190471264926 0.9659258257467466 -2.1447861836482103e-16
vn -0.38268343706133684 0.9238795305660377 -2.0514246536285927e-16
vn -0.5000000067305868 0.8660253998985324 -1.922962677755119e-16
vn -0.6087614397000723 0.7933533320874724 -1.7615982718932e-16
vn -0.7071067811865474 0.7071067811865475 -1.5700924586837754e-16
vn -0.7933533320874723 0.6087614397000726 -1.351721933717959e-16
vn -0.8660253998985324 0.500000006730587 -1.110223039570062e-16
vn -0.9238795305660374 0.38268343706133695 -8.497279259363766e-17
vn -0.9659258257467466 0.25881904712649273 -5.746937306627515e-17
vn -0.9914448627185043 0.13052618200608707 -2.898263451591434e-17
vn -1 1.8369701465288543e-16 -4.0788931044507637e-32
vn -0.9914448627185043 -0.13052618200608707 2.898263451591434e-17
vn -0.9659258257467466 -0.25881904712649273 5.746937306627515e-17
vn -0.9238795305660374 -0.38268343706133695 8.497279259363766e-17
vn -0.8660253998985324 -0.500000006730587 1.110223039570062e-16
vn -0.7933533320874723 -0.6087614397000726 1.351721933717959e-16
vn -0.7071067811865474 -0.7071067811865475 1.5700924586837754e-16
vn -0.6087614397000723 -0.7933533320874724 1.7615982718932e-16
vn -0.5000000067305868 -0.8660253998985324 1.922962677755119e-16
vn -0.38268343706133684 -0.9238795305660377 2.0514246536285927e-16
vn -0.2588190471264926 -0.9659258257467466 2.1447861836482103e-16
vn -0.130526182006087 -0.9914448627185043 2.2014498284728224e-16
vn -2.449293705170335e-16 -1 2.2204460492503136e-16
vn 0 2.2204460492503136e-16 1
vn 0 2.2204460492503136e-16 1
vn 0 2.2204460492503136e-16 1
vn 0 2.2204460492503136e-16 1
vn 0 2.2204460492503136e-16 1
vn 0 2.2204460492503136e-16 1
vn 0 2.2204460492503136e-16 1
vn 0 2.2204460492503136e-16 1
vn 0 2.2204460492503136e-16 1
vn 0 2.2204460492503136e-16 1
vn 0 2.2204460492503136e-16 1
vn 0 2.2204460492503136e-16 1
vn 0 2.2204460492503136e-16 1
vn 0 2.2204460492503136e-16 1
vn 0 2.2204460492503136e-16 1
vn 0 2.2204460492503136e-16 1
vn 0 2.2204460492503136e-16 1
vn 0 2.2204460492503136e-16 1
vn 0 2.2204460492503136e-16 1
vn 0 2.2204460492503136e-16 1
vn 0 2.2204460492503136e-16 1
vn 0 2.2204460492503136e-16 1
vn 0 2.2204460492503136e-16 1
vn 0 2.2204460492503136e-16 1
vn 0 2.2204460492503136e-16 1
vn 0 2.2204460492503136e-16 1
vn 0 2.2204460492503136e-16 1
vn 0 2.2204460492503136e-16 1
vn 0 2.2204460492503136e-16 1
vn 0 2.2204460492503136e-16 1
vn 0 2.2204460492503136e-16 1
vn 0 2.2204460492503136e-16 1
vn 0 2.2204460492503136e-16 1
vn 0 2.2204460492503136e-16 1
vn 0 2.2204460492503136e-16 1
vn 0 2.2204460492503136e-16 1
vn 0 2.2204460492503136e-16 1
vn 0 2.2204460492503136e-16 1
vn 0 2.2204460492503136e-16 1
vn 0 2.2204460492503136e-16 1
vn 0 2.2204460492503136e-16 1
vn 0 2.2204460492503136e-16 1
vn 0 2.2204460492503136e-16 1
vn 0 2.2204460492503136e-16 1
vn 0 2.2204460492503136e-16 1
vn 0 2.2204460492503136e-16 1
vn 0 2.2204460492503136e-16 1
vn 0 2.2204460492503136e-16 1
vn 0 2.2204460492503136e-16 1
vn 0 2.2204460492503136e-16 1
vn 0 2.2204460492503136e-16 1
vn 0 2.2204460492503136e-16 1
vn 0 2.2204460492503136e-16 1
vn 0 2.2204460492503136e-16 1
vn 0 2.2204460492503136e-16 1
vn 0 2.2204460492503136e-16 1
vn 0 2.2204460492503136e-16 1
vn 0 2.2204460492503136e-16 1
vn 0 2.2204460492503136e-16 1
vn 0 2.2204460492503136e-16 1
vn 0 2.2204460492503136e-16 1
vn 0 2.2204460492503136e-16 1
vn 0 2.2204460492503136e-16 1
vn 0 2.2204460492503136e-16 1
vn 0 2.2204460492503136e-16 1
vn 0 2.2204460492503136e-16 1
vn 0 2.2204460492503136e-16 1
vn 0 2.2204460492503136e-16 1
vn 0 2.2204460492503136e-16 1
vn 0 2.2204460492503136e-16 1
vn 0 2.2204460492503136e-16 1
vn 0 2.2204460492503136e-16 1
vn 0 2.2204460492503136e-16 1
vn 0 2.2204460492503136e-16 1
vn 0 2.2204460492503136e-16 1
vn 0 2.2204460492503136e-16 1
vn 0 2.2204460492503136e-16 1
vn 0 2.2204460492503136e-16 1
vn 0 2.2204460492503136e-16 1
vn 0 2.2204460492503136e-16 1
vn 0 2.2204460492503136e-16 1
vn 0 2.2204460492503136e-16 1
vn 0 2.2204460492503136e-16 1
vn 0 2.2204460492503136e-16 1
vn 0 2.2204460492503136e-16 1
vn 0 2.2204460492503136e-16 1
vn 0 2.2204460492503136e-16 1
vn 0 2.2204460492503136e-16 1
vn 0 2.2204460492503136e-16 1
vn 0 2.2204460492503136e-16 1
vn 0 2.2204460492503136e-16 1
vn 0 2.2204460492503136e-16 1
vn 0 2.2204460492503136e-16 1
vn 0 2.2204460492503136e-16 1
vn 0 2.2204460492503136e-16 1
vn 0 2.2204460492503136e-16 1
vn 0 2.2204460492503136e-16 1
vn 0 -2.2204460492503136e-16 -1
vn 0 -2.2204460492503136e-16 -1
vn 0 -2.2204460492503136e-16 -1
vn 0 -2.2204460492503136e-16 -1
vn 0 -2.2204460492503136e-16 -1
vn 0 -2.2204460492503136e-16 -1
vn 0 -2.2204460492503136e-16 -1
vn 0 -2.2204460492503136e-16 -1
vn 0 -2.2204460492503136e-16 -1
vn 0 -2.2204460492503136e-16 -1
vn 0 -2.2204460492503136e-16 -1
vn 0 -2.2204460492503136e-16 -1
vn 0 -2.2204460492503136e-16 -1
vn 0 -2.2204460492503136e-16 -1
vn 0 -2.2204460492503136e-16 -1
vn 0 -2.2204460492503136e-16 -1
vn 0 -2.2204460492503136e-16 -1
vn 0 -2.2204460492503136e-16 -1
vn 0 -2.2204460492503136e-16 -1
vn 0 -2.2204460492503136e-16 -1
vn 0 -2.2204460492503136e-16 -1
vn 0 -2.2204460492503136e-16 -1
vn 0 -2.2204460492503136e-16 -1
vn 0 -2.2204460492503136e-16 -1
vn 0 -2.2204460492503136e-16 -1
vn 0 -2.2204460492503136e-16 -1
vn 0 -2.2204460492503136e-16 -1
vn 0 -2.2204460492503136e-16 -1
vn 0 -2.2204460492503136e-16 -1
vn 0 -2.2204460492503136e-16 -1
vn 0 -2.2204460492503136e-16 -1
vn 0 -2.2204460492503136e-16 -1
vn 0 -2.2204460492503136e-16 -1
vn 0 -2.2204460492503136e-16 -1
vn 0 -2.2204460492503136e-16 -1
vn 0 -2.2204460492503136e-16 -1
vn 0 -2.2204460492503136e-16 -1
vn 0 -2.2204460492503136e-16 -1
vn 0 -2.2204460492503136e-16 -1
vn 0 -2.2204460492503136e-16 -1
vn 0 -2.2204460492503136e-16 -1
vn 0 -2.2204460492503136e-16 -1
vn 0 -2.2204460492503136e-16 -1
vn 0 -2.2204460492503136e-16 -1
vn 0 -2.2204460492503136e-16 -1
vn 0 -2.2204460492503136e-16 -1
vn 0 -2.2204460492503136e-16 -1
vn 0 -2.2204460492503136e-16 -1
vn 0 -2.2204460492503136e-16 -1
vn 0 -2.2204460492503136e-16 -1
vn 0 -2.2204460492503136e-16 -1
vn 0 -2.2204460492503136e-16 -1
vn 0 -2.2204460492503136e-16 -1
vn 0 -2.2204460492503136e-16 -1
vn 0 -2.2204460492503136e-16 -1
vn 0 -2.2204460492503136e-16 -1
vn 0 -2.2204460492503136e-16 -1
vn 0 -2.2204460492503136e-16 -1
vn 0 -2.2204460492503136e-16 -1
vn 0 -2.2204460492503136e-16 -1
vn 0 -2.2204460492503136e-16 -1
vn 0 -2.2204460492503136e-16 -1
vn 0 -2.2204460492503136e-16 -1
vn 0 -2.2204460492503136e-16 -1
vn 0 -2.2204460492503136e-16 -1
vn 0 -2.2204460492503136e-16 -1
vn 0 -2.2204460492503136e-16 -1
vn 0 -2.2204460492503136e-16 -1
vn 0 -2.2204460492503136e-16 -1
vn 0 -2.2204460492503136e-16 -1
vn 0 -2.2204460492503136e-16 -1
vn 0 -2.2204460492503136e-16 -1
vn 0 -2.2204460492503136e-16 -1
vn 0 -2.2204460492503136e-16 -1
vn 0 -2.2204460492503136e-16 -1
vn 0 -2.2204460492503136e-16 -1
vn 0 -2.2204460492503136e-16 -1
vn 0 -2.2204460492503136e-16 -1
vn 0 -2.2204460492503136e-16 -1
vn 0 -2.2204460492503136e-16 -1
vn 0 -2.2204460492503136e-16 -1
vn 0 -2.2204460492503136e-16 -1
vn 0 -2.2204460492503136e-16 -1
vn 0 -2.2204460492503136e-16 -1
vn 0 -2.2204460492503136e-16 -1
vn 0 -2.2204460492503136e-16 -1
vn 0 -2.2204460492503136e-16 -1
vn 0 -2.2204460492503136e-16 -1
vn 0 -2.2204460492503136e-16 -1
vn 0 -2.2204460492503136e-16 -1
vn 0 -2.2204460492503136e-16 -1
vn 0 -2.2204460492503136e-16 -1
vn 0 -2.2204460492503136e-16 -1
vn 0 -2.2204460492503136e-16 -1
vn 0 -2.2204460492503136e-16 -1
vn 0 -2.2204460492503136e-16 -1
vn 0 -2.2204460492503136e-16 -1
f 1/1/1 50/50/50 2/2/2
f 50/50/50 51/51/51 2/2/2
f 2/2/2 51/51/51 3/3/3
f 51/51/51 52/52/52 3/3/3
f 3/3/3 52/52/52 4/4/4
f 52/52/52 53/53/53 4/4/4
f 4/4/4 53/53/53 5/5/5
f 53/53/53 54/54/54 5/5/5
f 5/5/5 54/54/54 6/6/6
f 54/54/54 55/55/55 6/6/6
f 6/6/6 55/55/55 7/7/7
f 55/55/55 56/56/56 7/7/7
f 7/7/7 56/56/56 8/8/8
f 56/56/56 57/57/57 8/8/8
f 8/8/8 57/57/57 9/9/9
f 57/57/57 58/58/58 9/9/9
f 9/9/9 58/58/58 10/10/10
f 58/58/58 59/59/59 10/10/10
f 10/10/10 59/59/59 11/11/11
f 59/59/59 60/60/60 11/11/11
f 11/11/11 60/60/60 12/12/12
f 60/60/60 61/61/61 12/12/12
f 12/12/12 61/61/61 13/13/13
f 61/61/61 62/62/62 13/13/13
f 13/13/13 62/62/62 14/14/14
f 62/62/62 63/63/63 14/14/14
f 14/14/14 63/63/63 15/15/15
f 63/63/63 64/64/64 15/15/15
f 15/15/15 64/64/64 16/16/16
f 64/64/64 65/65/65 16/16/16
f 16/16/16 65/65/65 17/17/17
f 65/65/65 66/66/66 17/17/17
f 17/17/17 66/66/66 18/18/18
f 66/66/66 67/67/67 18/18/18
f 18/18/18 67/67/67 19/19/19
f 67/67/67 68/68/68 19/19/19
f 19/19/19 68/68/68 20/20/20
f 68/68/68 69/69/69 20/20/20
f 20/20/20 69/69/69 21/21/21
f 69/69/69 70/70/70 21/21/21
f 21/21/21 70/70/70 22/22/22
f 70/70/70 71/71/71 22/22/22
f 22/22/22 71/71/71 23/23/23
f 71/71/71 72/72/72 23/23/23
f 23/23/23 72/72/72 24/24/24
f 72/72/72 73/73/73 24/24/24
f 24/24/24 73/73/73 25/25/25
f 73/73/73 74/74/74 25/25/25
f 25/25/25 74/74/74 26/26/26
f 74/74/74 75/75/75 26/26/26
f 26/26/26 75/75/75 27/27/27
f 75/75/75 76/76/76 27/27/27
f 27/27/27 76/76/76 28/28/28
f 76/76/76 77/77/77 28/28/28
f 28/28/28 77/77/77 29/29/29
f 77/77/77 78/78/78 29/29/29
f 29/29/29 78/78/78 30/30/30
f 78/78/78 79/79/79 30/30/30
f 30/30/30 79/79/79 31/31/31
f 79/79/79 80/80/80 31/31/31
f 31/31/31 80/80/80 32/32/32
f 80/80/80 81/81/81 32/32/32
f 32/32/32 81/81/81 33/33/33
f 81/81/81 82/82/82 33/33/33
f 33/33/33 82/82/82 34/34/34
f 82/82/82 83/83/83 34/34/34
f 34/34/34 83/83/83 35/35/35
f 83/83/83 84/84/84 35/35/35
f 35/35/35 84/84/84 36/36/36
f 84/84/84 85/85/85 36/36/36
f 36/36/36 85/85/85 37/37/37
f 85/85/85 86/86/86 37/37/37
f 37/37/37 86/86/86 38/38/38
f 86/86/86 87/87/87 38/38/38
f 38/38/38 87/87/87 39/39/39
f 87/87/87 88/88/88 39/39/39
f 39/39/39 88/88/88 40/40/40
f 88/88/88 89/89/89 40/40/40
f 40/40/40 89/89/89 41/41/41
f 89/89/89 90/90/90 41/41/41
f 41/41/41 90/90/90 42/42/42
f 90/90/90 91/91/91 42/42/42
f 42/42/42 91/91/91 43/43/43
f 91/91/91 92/92/92 43/43/43
f 43/43/43 92/92/92 44/44/44
f 92/92/92 93/93/93 44/44/44
f 44/44/44 93/93/93 45/45/45
f 93/93/93 94/94/94 45/45/45
f 45/45/45 94/94/94 46/46/46
f 94/94/94 95/95/95 46/46/46
f 46/46/46 95/95/95 47/47/47
f 95/95/95 96/96/96 47/47/47
f 47/47/47 96/96/96 48/48/48
f 96/96/96 97/97/97 48/48/48
f 48/48/48 97/97/97 49/49/49
f 97/97/97 98/98/98 49/49/49
f 147/147/147 148/148/148 99/99/99
f 148/148/148 149/149/149 100/100/100
f 149/149/149 150/150/150 101/101/101
f 150/150/150 151/151/151 102/102/102
f 151/151/151 152/152/152 103/103/103
f 152/152/152 153/153/153 104/104/104
f 153/153/153 154/154/154 105/105/105
f 154/154/154 155/155/155 106/106/106
f 155/155/155 156/156/156 107/107/107
f 156/156/156 157/157/157 108/108/108
f 157/157/157 158/158/158 109/109/109
f 158/158/158 159/159/159 110/110/110
f 159/159/159 160/160/160 111/111/111
f 160/160/160 161/161/161 112/112/112
f 161/161/161 162/162/162 113/113/113
f 162/162/162 163/163/163 114/114/114
f 163/163/163 164/164/164 115/115/115
f 164/164/164 165/165/165 116/116/116
f 165/165/165 166/166/166 117/117/117
f 166/166/166 167/167/167 118/118/118
f 167/167/167 168/168/168 119/119/119
f 168/168/168 169/169/169 120/120/120
f 169/169/169 170/170/170 121/121/121
f 170/170/170 171/171/171 122/122/122
f 171/171/171 172/172/172 123/123/123
f 172/172/172 173/173/173 124/124/124
f 173/173/173 174/174/174 125/125/125
f 174/174/174 175/175/175 126/126/126
f 175/175/175 176/176/176 127/127/127
f 176/176/176 177/177/177 128/128/128
f 177/177/177 178/178/178 129/129/129
f 178/178/178 179/179/179 130/130/130
f 179/179/179 180/180/180 131/131/131
f 180/180/180 181/181/181 132/132/132
f 181/181/181 182/182/182 133/133/133
f 182/182/182 183/183/183 134/134/134
f 183/183/183 184/184/184 135/135/135
f 184/184/184 185/185/185 136/136/136
f 185/185/185 186/186/186 137/137/137
f 186/186/186 187/187/187 138/138/138
f 187/187/187 188/188/188 139/139/139
f 188/188/188 189/189/189 140/140/140
f 189/189/189 190/190/190 141/141/141
f 190/190/190 191/191/191 142/142/142
f 191/191/191 192/192/192 143/143/143
f 192/192/192 193/193/193 144/144/144
f 193/193/193 194/194/194 145/145/145
f 194/194/194 195/195/195 146/146/146
f 245/245/245 244/244/244 196/196/196
f 246/246/246 245/245/245 197/197/197
f 247/247/247 246/246/246 198/198/198
f 248/248/248 247/247/247 199/199/199
f 249/249/249 248/248/248 200/200/200
f 250/250/250 249/249/249 201/201/201
f 251/251/251 250/250/250 202/202/202
f 252/252/252 251/251/251 203/203/203
f 253/253/253 252/252/252 204/204/204
f 254/254/254 253/253/253 205/205/205
f 255/255/255 254/254/254 206/206/206
f 256/256/256 255/255/255 207/207/207
f 257/257/257 256/256/256 208/208/208
f 258/258/258 257/257/257 209/209/209
f 259/259/259 258/258/258 210/210/210
f 260/260/260 259/259/259 211/211/211
f 261/261/261 260/260/260 212/212/212
f 262/262/262 261/261/261 213/213/213
f 263/263/263 262/262/262 214/214/214
f 264/264/264 263/263/263 215/215/215
f 265/265/265 264/264/264 216/216/216
f 266/266/266 265/265/265 217/217/217
f 267/267/267 266/266/266 218/218/218
f 268/268/268 267/267/267 219/219/219
f 269/269/269 268/268/268 220/220/220
f 270/270/270 269/269/269 221/221/221
f 271/271/271 270/270/270 222/222/222
f 272/272/272 271/271/271 223/223/223
f 273/273/273 272/272/272 224/224/224
f 274/274/274 273/273/273 225/225/225
f 275/275/275 274/274/274 226/226/226
f 276/276/276 275/275/275 227/227/227
f 277/277/277 276/276/276 228/228/228
f 278/278/278 277/277/277 229/229/229
f 279/279/279 278/278/278 230/230/230
f 280/280/280 279/279/279 231/231/231
f 281/281/281 280/280/280 232/232/232
f 282/282/282 281/281/281 233/233/233
f 283/283/283 282/282/282 234/234/234
f 284/284/284 283/283/283 235/235/235
f 285/285/285 284/284/284 236/236/236
f 286/286/286 285/285/285 237/237/237
f 287/287/287 286/286/286 238/238/238
f 288/288/288 287/287/287 239/239/239
f 289/289/289 288/288/288 240/240/240
f 290/290/290 289/289/289 241/241/241
f 291/291/291 290/290/290 242/242/242
f 292/292/292 291/291/291 243/243/243
o hex_sw8
usemtl anodized_aluminium
v 0 -0.004618802107870579 0.002000000047497452
v 0.004000000189989805 -0.002309401053935289 0.0020000000474974518
v 0.004000000189989805 0.00230940105393529 0.002000000047497451
v 5.656401132353854e-19 0.004618802107870579 0.0020000000474974505
v -0.004000000189989805 0.00230940105393529 0.002000000047497451
v -0.004000000189989805 -0.002309401053935289 0.0020000000474974518
v -1.1312802264707709e-18 -0.004618802107870579 0.002000000047497452
v 0 -0.004618802107870579 -4.749745020037055e-11
v 0.004000000189989805 -0.00230940105393529 -4.7497450850891854e-11
v 0.004000000189989805 0.002309401053935289 -4.749745171825359e-11
v 5.656401132353854e-19 0.004618802107870579 -4.7497452368774895e-11
v -0.004000000189989805 0.002309401053935289 -4.749745171825359e-11
v -0.004000000189989805 -0.00230940105393529 -4.7497450850891854e-11
v -1.1312802264707709e-18 -0.004618802107870579 -4.749745020037055e-11
v 0 2.220446154715841e-19 0.0020000000474974513
v 0 2.220446154715841e-19 0.0020000000474974513
v 0 2.220446154715841e-19 0.0020000000474974513
v 0 2.220446154715841e-19 0.0020000000474974513
v 0 2.220446154715841e-19 0.0020000000474974513
v 0 2.220446154715841e-19 0.0020000000474974513
v 0 -0.004618802107870579 0.002000000047497452
v 0.004000000189989805 -0.002309401053935289 0.0020000000474974518
v 0.004000000189989805 0.00230940105393529 0.002000000047497451
v 5.656401132353854e-19 0.004618802107870579 0.0020000000474974505
v -0.004000000189989805 0.00230940105393529 0.002000000047497451
v -0.004000000189989805 -0.002309401053935289 0.0020000000474974518
v -1.1312802264707709e-18 -0.004618802107870579 0.002000000047497452
v 0 -2.220446154715841e-19 -4.749745128457272e-11
v 0 -2.220446154715841e-19 -4.749745128457272e-11
v 0 -2.220446154715841e-19 -4.749745128457272e-11
v 0 -2.220446154715841e-19 -4.749745128457272e-11
v 0 -2.220446154715841e-19 -4.749745128457272e-11
v 0 -2.220446154715841e-19 -4.749745128457272e-11
v 0 -0.004618802107870579 -4.749745020037055e-11
v 0.004000000189989805 -0.00230940105393529 -4.7497450850891854e-11
v 0.004000000189989805 0.002309401053935289 -4.749745171825359e-11
v 5.656401132353854e-19 0.004618802107870579 -4.7497452368774895e-11
v -0.004000000189989805 0.002309401053935289 -4.749745171825359e-11
v -0.004000000189989805 -0.00230940105393529 -4.7497450850891854e-11
v -1.1312802264707709e-18 -0.004618802107870579 -4.749745020037055e-11
vt 0 1
vt 0.1666666716337204 1
vt 0.3333333432674408 1
vt 0.5 1
vt 0.6666666865348816 1
vt 0.8333333134651184 1
vt 1 1
vt 0 0
vt 0.1666666716337204 0
vt 0.3333333432674408 0
vt 0.5 0
vt 0.6666666865348816 0
vt 0.8333333134651184 0
vt 1 0
vt 0.5 0.5
vt 0.5 0.5
vt 0.5 0.5
vt 0.5 0.5
vt 0.5 0.5
vt 0.5 0.5
vt 1 0.5
vt 0.75 0.9330127239227295
vt 0.25 0.9330127239227295
vt 0 0.5
vt 0.25 0.0669872984290123
vt 0.75 0.0669872984290123
vt 1 0.5
vt 0.5 0.5
vt 0.5 0.5
vt 0.5 0.5
vt 0.5 0.5
vt 0.5 0.5
vt 0.5 0.5
vt 1 0.5
vt 0.75 0.0669872984290123
vt 0.25 0.0669872984290123
vt 0 0.5
vt 0.25 0.9330127239227295
vt 0.75 0.9330127239227295
vt 1 0.5
vn 0 -1 2.220446049250313e-16
vn 0.8660253998985324 -0.5000000067305869 1.1102230395700616e-16
vn 0.8660253998985324 0.5000000067305869 -1.1102230395700616e-16
vn 1.2246468525851679e-16 1 -2.220446049250313e-16
vn -0.8660253998985324 0.5000000067305869 -1.1102230395700616e-16
vn -0.8660253998985324 -0.5000000067305869 1.1102230395700616e-16
vn -2.4492937051703357e-16 -1 2.220446049250313e-16
vn 0 -1 2.220446049250313e-16
vn 0.8660253998985324 -0.5000000067305869 1.1102230395700616e-16
vn 0.8660253998985324 0.5000000067305869 -1.1102230395700616e-16
vn 1.2246468525851679e-16 1 -2.220446049250313e-16
vn -0.8660253998985324 0.5000000067305869 -1.1102230395700616e-16
vn -0.8660253998985324 -0.5000000067305869 1.1102230395700616e-16
vn -2.4492937051703357e-16 -1 2.220446049250313e-16
vn 0 2.220446049250313e-16 1
vn 0 2.220446049250313e-16 1
vn 0 2.220446049250313e-16 1
vn 0 2.220446049250313e-16 1
vn 0 2.220446049250313e-16 1
vn 0 2.220446049250313e-16 1
vn 0 2.220446049250313e-16 1
vn 0 2.220446049250313e-16 1
vn 0 2.220446049250313e-16 1
vn 0 2.220446049250313e-16 1
vn 0 2.220446049250313e-16 1
vn 0 2.220446049250313e-16 1
vn 0 2.220446049250313e-16 1
vn 0 -2.220446049250313e-16 -1
vn 0 -2.220446049250313e-16 -1
vn 0 -2.220446049250313e-16 -1
vn 0 -2.220446049250313e-16 -1
vn 0 -2.220446049250313e-16 -1
vn 0 -2.220446049250313e-16 -1
vn 0 -2.220446049250313e-16 -1
vn 0 -2.220446049250313e-16 -1
vn 0 -2.220446049250313e-16 -1
vn 0 -2.220446049250313e-16 -1
vn 0 -2.220446049250313e-16 -1
vn 0 -2.220446049250313e-16 -1
vn 0 -2.220446049250313e-16 -1
f 293/293/293 300/300/300 294/294/294
f 300/300/300 301/301/301 294/294/294
f 294/294/294 301/301/301 295/295/295
f 301/301/301 302/302/302 295/295/295
f 295/295/295 302/302/302 296/296/296
f 302/302/302 303/303/303 296/296/296
f 296/296/296 303/303/303 297/297/297
f 303/303/303 304/304/304 297/297/297
f 297/297/297 304/304/304 298/298/298
f 304/304/304 305/305/305 298/298/298
f 298/298/298 305/305/305 299/299/299
f 305/305/305 306/306/306 299/299/299
f 313/313/313 314/314/314 307/307/307
f 314/314/314 315/315/315 308/308/308
f 315/315/315 316/316/316 309/309/309
f 316/316/316 317/317/317 310/310/310
f 317/317/317 318/318/318 311/311/311
f 318/318/318 319/319/319 312/312/312
f 327/327/327 326/326/326 320/320/320
f 328/328/328 327/327/327 321/321/321
f 329/329/329 328/328/328 322/322/322
f 330/330/330 329/329/329 323/323/323
f 331/331/331 330/330/330 324/324/324
f 332/332/332 331/331/331 325/325/325
o neck
usemtl anodized_aluminium
v 0 -0.0020000000949949017 0.004000000047497451
v 0.00026105239521712065 -0.001982889836654066 0.004000000047497451
v 0.0005176381091587245 -0.0019318516133353108 0.004000000047497451
v 0.0007653668872080743 -0.0018477591220289462 0.004000000047497451
v 0.0010000000474974513 -0.0017320507904514664 0.004000000047497451
v 0.0012175228912383318 -0.0015867067268118256 0.004000000047497451
v 0.0014142135623842478 -0.0014142135623842473 0.004000000047497451
v 0.0015867067268118262 -0.0012175228912383314 0.004000000047497451
v 0.001732050790451467 -0.0010000000474974509 0.004000000047497451
v 0.0018477591220289469 -0.0007653668872080739 0.004000000047497451
v 0.0019318516133353114 -0.0005176381091587242 0.004000000047497451
v 0.001982889836654067 -0.0002610523952171204 0.004000000047497451
v 0.0020000000949949026 9.957993124704312e-20 0.004000000047497451
v 0.001982889836654067 0.0002610523952171208 0.004000000047497451
v 0.0019318516133353114 0.0005176381091587247 0.0040000000474974505
v 0.0018477591220289469 0.0007653668872080743 0.0040000000474974505
v 0.001732050790451467 0.0010000000474974513 0.0040000000474974505
v 0.0015867067268118262 0.0012175228912383318 0.0040000000474974505
v 0.0014142135623842478 0.0014142135623842478 0.0040000000474974505
v 0.0012175228912383318 0.001586706726811826 0.0040000000474974505
v 0.0010000000474974513 0.0017320507904514668 0.0040000000474974505
v 0.0007653668872080743 0.0018477591220289467 0.0040000000474974505
v 0.0005176381091587245 0.0019318516133353112 0.0040000000474974505
v 0.00026105239521712065 0.001982889836654067 0.0040000000474974505
v 2.4492936844908204e-19 0.0020000000949949026 0.0040000000474974505
v -0.00026105239521712065 0.001982889836654067 0.0040000000474974505
v -0.0005176381091587245 0.0019318516133353112 0.0040000000474974505
v -0.0007653668872080743 0.0018477591220289467 0.0040000000474974505
v -0.0010000000474974513 0.0017320507904514668 0.0040000000474974505
v -0.0012175228912383318 0.001586706726811826 0.0040000000474974505
v -0.0014142135623842478 0.0014142135623842478 0.0040000000474974505
v -0.0015867067268118262 0.0012175228912383318 0.0040000000474974505
v -0.001732050790451467 0.0010000000474974513 0.0040000000474974505
v -0.0018477591220289469 0.0007653668872080743 0.0040000000474974505
v -0.0019318516133353114 0.0005176381091587247 0.0040000000474974505
v -0.001982889836654067 0.0002610523952171208 0.004000000047497451
v -0.0020000000949949026 5.894386422958129e-19 0.004000000047497451
v -0.001982889836654067 -0.0002610523952171204 0.004000000047497451
v -0.0019318516133353114 -0.0005176381091587242 0.004000000047497451
v -0.0018477591220289469 -0.0007653668872080739 0.004000000047497451
v -0.001732050790451467 -0.0010000000474974509 0.004000000047497451
v -0.0015867067268118262 -0.0012175228912383314 0.004000000047497451
v -0.0014142135623842478 -0.0014142135623842473 0.004000000047497451
v -0.0012175228912383318 -0.0015867067268118256 0.004000000047497451
v -0.0010000000474974513 -0.0017320507904514664 0.004000000047497451
v -0.0007653668872080743 -0.0018477591220289462 0.004000000047497451
v -0.0005176381091587245 -0.0019318516133353108 0.004000000047497451
v -0.00026105239521712065 -0.001982889836654066 0.004000000047497451
v -4.898587368981641e-19 -0.0020000000949949017 0.004000000047497451
v 0 -0.0020000000949949026 0.0019999999525025496
v 0.00026105239521712065 -0.001982889836654067 0.0019999999525025496
v 0.0005176381091587245 -0.0019318516133353112 0.0019999999525025496
v 0.0007653668872080743 -0.0018477591220289467 0.0019999999525025496
v 0.0010000000474974513 -0.0017320507904514668 0.0019999999525025496
v 0.0012175228912383318 -0.001586706726811826 0.0019999999525025496
v 0.0014142135623842478 -0.0014142135623842478 0.001999999952502549
v 0.0015867067268118262 -0.0012175228912383318 0.001999999952502549
v 0.001732050790451467 -0.0010000000474974513 0.001999999952502549
v 0.0018477591220289469 -0.0007653668872080743 0.001999999952502549
v 0.0019318516133353114 -0.0005176381091587247 0.001999999952502549
v 0.001982889836654067 -0.0002610523952171208 0.0019999999525025488
v 0.0020000000949949026 -3.4450929969612514e-19 0.0019999999525025488
v 0.001982889836654067 0.0002610523952171204 0.0019999999525025488
v 0.0019318516133353114 0.0005176381091587242 0.0019999999525025488
v 0.0018477591220289469 0.0007653668872080739 0.0019999999525025488
v 0.001732050790451467 0.0010000000474974509 0.0019999999525025488
v 0.0015867067268118262 0.0012175228912383314 0.0019999999525025488
v 0.0014142135623842478 0.0014142135623842473 0.0019999999525025488
v 0.0012175228912383318 0.0015867067268118256 0.0019999999525025488
v 0.0010000000474974513 0.0017320507904514664 0.0019999999525025488
v 0.0007653668872080743 0.0018477591220289462 0.0019999999525025488
v 0.0005176381091587245 0.0019318516133353108 0.0019999999525025488
v 0.00026105239521712065 0.001982889836654066 0.0019999999525025488
v 2.4492936844908204e-19 0.0020000000949949017 0.0019999999525025488
v -0.00026105239521712065 0.001982889836654066 0.0019999999525025488
v -0.0005176381091587245 0.0019318516133353108 0.0019999999525025488
v -0.0007653668872080743 0.0018477591220289462 0.0019999999525025488
v -0.0010000000474974513 0.0017320507904514664 0.0019999999525025488
v -0.0012175228912383318 0.0015867067268118256 0.0019999999525025488
v -0.0014142135623842478 0.0014142135623842473 0.0019999999525025488
v -0.0015867067268118262 0.0012175228912383314 0.0019999999525025488
v -0.001732050790451467 0.0010000000474974509 0.0019999999525025488
v -0.0018477591220289469 0.0007653668872080739 0.0019999999525025488
v -0.0019318516133353114 0.0005176381091587242 0.0019999999525025488
v -0.001982889836654067 0.0002610523952171204 0.0019999999525025488
v -0.0020000000949949026 1.453494113526447e-19 0.0019999999525025488
v -0.001982889836654067 -0.0002610523952171208 0.0019999999525025488
v -0.0019318516133353114 -0.0005176381091587247 0.001999999952502549
v -0.0018477591220289469 -0.0007653668872080743 0.001999999952502549
v -0.001732050790451467 -0.0010000000474974513 0.001999999952502549
v -0.0015867067268118262 -0.0012175228912383318 0.001999999952502549
v -0.0014142135623842478 -0.0014142135623842478 0.001999999952502549
v -0.0012175228912383318 -0.001586706726811826 0.0019999999525025496
v -0.0010000000474974513 -0.0017320507904514668 0.0019999999525025496
v -0.0007653668872080743 -0.0018477591220289467 0.0019999999525025496
v -0.0005176381091587245 -0.0019318516133353112 0.0019999999525025496
v -0.00026105239521712065 -0.001982889836654067 0.0019999999525025496
v -4.898587368981641e-19 -0.0020000000949949026 0.0019999999525025496
v 0 2.220446154715841e-19 0.004000000047497451
v 0 2.220446154715841e-19 0.004000000047497451
v 0 2.220446154715841e-19 0.004000000047497451
v 0 2.220446154715841e-19 0.004000000047497451
v 0 2.220446154715841e-19 0.004000000047497451
v 0 2.220446154715841e-19 0.004000000047497451
v 0 2.220446154715841e-19 0.004000000047497451
v 0 2.220446154715841e-19 0.004000000047497451
v 0 2.220446154715841e-19 0.004000000047497451
v 0 2.220446154715841e-19 0.004000000047497451
v 0 2.220446154715841e-19 0.004000000047497451
v 0 2.220446154715841e-19 0.004000000047497451
v 0 2.220446154715841e-19 0.004000000047497451
v 0 2.220446154715841e-19 0.004000000047497451
v 0 2.220446154715841e-19 0.004000000047497451
v 0 2.220446154715841e-19 0.004000000047497451
v 0 2.220446154715841e-19 0.004000000047497451
v 0 2.220446154715841e-19 0.004000000047497451
v 0 2.220446154715841e-19 0.004000000047497451
v 0 2.220446154715841e-19 0.004000000047497451
v 0 2.220446154715841e-19 0.004000000047497451
v 0 2.220446154715841e-19 0.004000000047497451
v 0 2.220446154715841e-19 0.004000000047497451
v 0 2.220446154715841e-19 0.004000000047497451
v 0 2.220446154715841e-19 0.004000000047497451
v 0 2.220446154715841e-19 0.004000000047497451
v 0 2.220446154715841e-19 0.004000000047497451
v 0 2.220446154715841e-19 0.004000000047497451
v 0 2.220446154715841e-19 0.004000000047497451
v 0 2.220446154715841e-19 0.004000000047497451
v 0 2.220446154715841e-19 0.004000000047497451
v 0 2.220446154715841e-19 0.004000000047497451
v 0 2.220446154715841e-19 0.004000000047497451
v 0 2.220446154715841e-19 0.004000000047497451
v 0 2.220446154715841e-19 0.004000000047497451
v 0 2.220446154715841e-19 0.004000000047497451
v 0 2.220446154715841e-19 0.004000000047497451
v 0 2.220446154715841e-19 0.004000000047497451
v 0 2.220446154715841e-19 0.004000000047497451
v 0 2.220446154715841e-19 0.004000000047497451
v 0 2.220446154715841e-19 0.004000000047497451
v 0 2.220446154715841e-19 0.004000000047497451
v 0 2.220446154715841e-19 0.004000000047497451
v 0 2.220446154715841e-19 0.004000000047497451
v 0 2.220446154715841e-19 0.004000000047497451
v 0 2.220446154715841e-19 0.004000000047497451
v 0 2.220446154715841e-19 0.004000000047497451
v 0 2.220446154715841e-19 0.004000000047497451
v 0 -0.0020000000949949017 0.004000000047497451
v 0.00026105239521712065 -0.001982889836654066 0.004000000047497451
v 0.0005176381091587245 -0.0019318516133353108 0.004000000047497451
v 0.0007653668872080743 -0.0018477591220289462 0.004000000047497451
v 0.0010000000474974513 -0.0017320507904514664 0.004000000047497451
v 0.0012175228912383318 -0.0015867067268118256 0.004000000047497451
v 0.0014142135623842478 -0.0014142135623842473 0.004000000047497451
v 0.0015867067268118262 -0.0012175228912383314 0.004000000047497451
v 0.001732050790451467 -0.0010000000474974509 0.004000000047497451
v 0.0018477591220289469 -0.0007653668872080739 0.004000000047497451
v 0.0019318516133353114 -0.0005176381091587242 0.004000000047497451
v 0.001982889836654067 -0.0002610523952171204 0.004000000047497451
v 0.0020000000949949026 9.957993124704312e-20 0.004000000047497451
v 0.001982889836654067 0.0002610523952171208 0.004000000047497451
v 0.0019318516133353114 0.0005176381091587247 0.0040000000474974505
v 0.0018477591220289469 0.0007653668872080743 0.0040000000474974505
v 0.001732050790451467 0.0010000000474974513 0.0040000000474974505
v 0.0015867067268118262 0.0012175228912383318 0.0040000000474974505
v 0.0014142135623842478 0.0014142135623842478 0.0040000000474974505
v 0.0012175228912383318 0.001586706726811826 0.0040000000474974505
v 0.0010000000474974513 0.0017320507904514668 0.0040000000474974505
v 0.0007653668872080743 0.0018477591220289467 0.0040000000474974505
v 0.0005176381091587245 0.0019318516133353112 0.0040000000474974505
v 0.00026105239521712065 0.001982889836654067 0.0040000000474974505
v 2.4492936844908204e-19 0.0020000000949949026 0.0040000000474974505
v -0.00026105239521712065 0.001982889836654067 0.0040000000474974505
v -0.0005176381091587245 0.0019318516133353112 0.0040000000474974505
v -0.0007653668872080743 0.0018477591220289467 0.0040000000474974505
v -0.0010000000474974513 0.0017320507904514668 0.0040000000474974505
v -0.0012175228912383318 0.001586706726811826 0.0040000000474974505
v -0.0014142135623842478 0.0014142135623842478 0.0040000000474974505
v -0.0015867067268118262 0.0012175228912383318 0.0040000000474974505
v -0.001732050790451467 0.0010000000474974513 0.0040000000474974505
v -0.0018477591220289469 0.0007653668872080743 0.0040000000474974505
v -0.0019318516133353114 0.0005176381091587247 0.0040000000474974505
v -0.001982889836654067 0.0002610523952171208 0.004000000047497451
v -0.0020000000949949026 5.894386422958129e-19 0.004000000047497451
v -0.001982889836654067 -0.0002610523952171204 0.004000000047497451
v -0.0019318516133353114 -0.0005176381091587242 0.004000000047497451
v -0.0018477591220289469 -0.0007653668872080739 0.004000000047497451
v -0.001732050790451467 -0.0010000000474974509 0.004000000047497451
v -0.0015867067268118262 -0.0012175228912383314 0.004000000047497451
v -0.0014142135623842478 -0.0014142135623842473 0.004000000047497451
v -0.0012175228912383318 -0.0015867067268118256 0.004000000047497451
v -0.0010000000474974513 -0.0017320507904514664 0.004000000047497451
v -0.0007653668872080743 -0.0018477591220289462 0.004000000047497451
v -0.0005176381091587245 -0.0019318516133353108 0.004000000047497451
v -0.00026105239521712065 -0.001982889836654066 0.004000000047497451
v -4.898587368981641e-19 -0.0020000000949949017 0.004000000047497451
v 0 -2.220446154715841e-19 0.0019999999525025488
v 0 -2.220446154715841e-19 0.0019999999525025488
v 0 -2.220446154715841e-19 0.0019999999525025488
v 0 -2.220446154715841e-19 0.0019999999525025488
v 0 -2.220446154715841e-19 0.0019999999525025488
v 0 -2.220446154715841e-19 0.0019999999525025488
v 0 -2.220446154715841e-19 0.0019999999525025488
v 0 -2.220446154715841e-19 0.0019999999525025488
v 0 -2.220446154715841e-19 0.0019999999525025488
v 0 -2.220446154715841e-19 0.0019999999525025488
v 0 -2.220446154715841e-19 0.0019999999525025488
v 0 -2.220446154715841e-19 0.0019999999525025488
v 0 -2.220446154715841e-19 0.0019999999525025488
v 0 -2.220446154715841e-19 0.0019999999525025488
v 0 -2.220446154715841e-19 0.0019999999525025488
v 0 -2.220446154715841e-19 0.0019999999525025488
v 0 -2.220446154715841e-19 0.0019999999525025488
v 0 -2.220446154715841e-19 0.0019999999525025488
v 0 -2.220446154715841e-19 0.0019999999525025488
v 0 -2.220446154715841e-19 0.0019999999525025488
v 0 -2.220446154715841e-19 0.0019999999525025488
v 0 -2.220446154715841e-19 0.0019999999525025488
v 0 -2.220446154715841e-19 0.0019999999525025488
v 0 -2.220446154715841e-19 0.0019999999525025488
v 0 -2.220446154715841e-19 0.0019999999525025488
v 0 -2.220446154715841e-19 0.0019999999525025488
v 0 -2.220446154715841e-19 0.0019999999525025488
v 0 -2.220446154715841e-19 0.0019999999525025488
v 0 -2.220446154715841e-19 0.0019999999525025488
v 0 -2.220446154715841e-19 0.0019999999525025488
v 0 -2.220446154715841e-19 0.0019999999525025488
v 0 -2.220446154715841e-19 0.0019999999525025488
v 0 -2.220446154715841e-19 0.0019999999525025488
v 0 -2.220446154715841e-19 0.0019999999525025488
v 0 -2.220446154715841e-19 0.0019999999525025488
v 0 -2.220446154715841e-19 0.0019999999525025488
v 0 -2.220446154715841e-19 0.0019999999525025488
v 0 -2.220446154715841e-19 0.0019999999525025488
v 0 -2.220446154715841e-19 0.0019999999525025488
v 0 -2.220446154715841e-19 0.0019999999525025488
v 0 -2.220446154715841e-19 0.0019999999525025488
v 0 -2.220446154715841e-19 0.0019999999525025488
v 0 -2.220446154715841e-19 0.0019999999525025488
v 0 -2.220446154715841e-19 0.0019999999525025488
v 0 -2.220446154715841e-19 0.0019999999525025488
v 0 -2.220446154715841e-19 0.0019999999525025488
v 0 -2.220446154715841e-19 0.0019999999525025488
v 0 -2.220446154715841e-19 0.0019999999525025488
v 0 -0.0020000000949949026 0.0019999999525025496
v 0.00026105239521712065 -0.001982889836654067 0.0019999999525025496
v 0.0005176381091587245 -0.0019318516133353112 0.0019999999525025496
v 0.0007653668872080743 -0.0018477591220289467 0.0019999999525025496
v 0.0010000000474974513 -0.0017320507904514668 0.0019999999525025496
v 0.0012175228912383318 -0.001586706726811826 0.0019999999525025496
v 0.0014142135623842478 -0.0014142135623842478 0.001999999952502549
v 0.0015867067268118262 -0.0012175228912383318 0.001999999952502549
v 0.001732050790451467 -0.0010000000474974513 0.001999999952502549
v 0.0018477591220289469 -0.0007653668872080743 0.001999999952502549
v 0.0019318516133353114 -0.0005176381091587247 0.001999999952502549
v 0.001982889836654067 -0.0002610523952171208 0.0019999999525025488
v 0.0020000000949949026 -3.4450929969612514e-19 0.0019999999525025488
v 0.001982889836654067 0.0002610523952171204 0.0019999999525025488
v 0.0019318516133353114 0.0005176381091587242 0.0019999999525025488
v 0.0018477591220289469 0.0007653668872080739 0.0019999999525025488
v 0.001732050790451467 0.0010000000474974509 0.0019999999525025488
v 0.0015867067268118262 0.0012175228912383314 0.0019999999525025488
v 0.0014142135623842478 0.0014142135623842473 0.0019999999525025488
v 0.0012175228912383318 0.0015867067268118256 0.0019999999525025488
v 0.0010000000474974513 0.0017320507904514664 0.0019999999525025488
v 0.0007653668872080743 0.0018477591220289462 0.0019999999525025488
v 0.0005176381091587245 0.0019318516133353108 0.0019999999525025488
v 0.00026105239521712065 0.001982889836654066 0.0019999999525025488
v 2.4492936844908204e-19 0.0020000000949949017 0.0019999999525025488
v -0.00026105239521712065 0.001982889836654066 0.0019999999525025488
v -0.0005176381091587245 0.0019318516133353108 0.0019999999525025488
v -0.0007653668872080743 0.0018477591220289462 0.0019999999525025488
v -0.0010000000474974513 0.0017320507904514664 0.0019999999525025488
v -0.0012175228912383318 0.0015867067268118256 0.0019999999525025488
v -0.0014142135623842478 0.0014142135623842473 0.0019999999525025488
v -0.0015867067268118262 0.0012175228912383314 0.0019999999525025488
v -0.001732050790451467 0.0010000000474974509 0.0019999999525025488
v -0.0018477591220289469 0.0007653668872080739 0.0019999999525025488
v -0.0019318516133353114 0.0005176381091587242 0.0019999999525025488
v -0.001982889836654067 0.0002610523952171204 0.0019999999525025488
v -0.0020000000949949026 1.453494113526447e-19 0.0019999999525025488
v -0.001982889836654067 -0.0002610523952171208 0.0019999999525025488
v -0.0019318516133353114 -0.0005176381091587247 0.001999999952502549
v -0.0018477591220289469 -0.0007653668872080743 0.001999999952502549
v -0.001732050790451467 -0.0010000000474974513 0.001999999952502549
v -0.0015867067268118262 -0.0012175228912383318 0.001999999952502549
v -0.0014142135623842478 -0.0014142135623842478 0.001999999952502549
v -0.0012175228912383318 -0.001586706726811826 0.0019999999525025496
v -0.0010000000474974513 -0.0017320507904514668 0.0019999999525025496
v -0.0007653668872080743 -0.0018477591220289467 0.0019999999525025496
v -0.0005176381091587245 -0.0019318516133353112 0.0019999999525025496
v -0.00026105239521712065 -0.001982889836654067 0.0019999999525025496
v -4.898587368981641e-19 -0.0020000000949949026 0.0019999999525025496
vt 0 1
vt 0.02083333395421505 1
vt 0.0416666679084301 1
vt 0.0625 1
vt 0.0833333358168602 1
vt 0.1041666641831398 1
vt 0.125 1
vt 0.1458333283662796 1
vt 0.1666666716337204 1
vt 0.1875 1
vt 0.2083333283662796 1
vt 0.2291666716337204 1
vt 0.25 1
vt 0.2708333432674408 1
vt 0.2916666567325592 1
vt 0.3125 1
vt 0.3333333432674408 1
vt 0.3541666567325592 1
vt 0.375 1
vt 0.3958333432674408 1
vt 0.4166666567325592 1
vt 0.4375 1
vt 0.4583333432674408 1
vt 0.4791666567325592 1
vt 0.5 1
vt 0.5208333134651184 1
vt 0.5416666865348816 1
vt 0.5625 1
vt 0.5833333134651184 1
vt 0.6041666865348816 1
vt 0.625 1
vt 0.6458333134651184 1
vt 0.6666666865348816 1
vt 0.6875 1
vt 0.7083333134651184 1
vt 0.7291666865348816 1
vt 0.75 1
vt 0.7708333134651184 1
vt 0.7916666865348816 1
vt 0.8125 1
vt 0.8333333134651184 1
vt 0.8541666865348816 1
vt 0.875 1
vt 0.8958333134651184 1
vt 0.9166666865348816 1
vt 0.9375 1
vt 0.9583333134651184 1
vt 0.9791666865348816 1
vt 1 1
vt 0 0
vt 0.02083333395421505 0
vt 0.0416666679084301 0
vt 0.0625 0
vt 0.0833333358168602 0
vt 0.1041666641831398 0
vt 0.125 0
vt 0.1458333283662796 0
vt 0.1666666716337204 0
vt 0.1875 0
vt 0.2083333283662796 0
vt 0.2291666716337204 0
vt 0.25 0
vt 0.2708333432674408 0
vt 0.2916666567325592 0
vt 0.3125 0
vt 0.3333333432674408 0
vt 0.3541666567325592 0
vt 0.375 0
vt 0.3958333432674408 0
vt 0.4166666567325592 0
vt 0.4375 0
vt 0.4583333432674408 0
vt 0.4791666567325592 0
vt 0.5 0
vt 0.5208333134651184 0
vt 0.5416666865348816 0
vt 0.5625 0
vt 0.5833333134651184 0
vt 0.6041666865348816 0
vt 0.625 0
vt 0.6458333134651184 0
vt 0.6666666865348816 0
vt 0.6875 0
vt 0.7083333134651184 0
vt 0.7291666865348816 0
vt 0.75 0
vt 0.7708333134651184 0
vt 0.7916666865348816 0
vt 0.8125 0
vt 0.8333333134651184 0
vt 0.8541666865348816 0
vt 0.875 0
vt 0.8958333134651184 0
vt 0.9166666865348816 0
vt 0.9375 0
vt 0.9583333134651184 0
vt 0.9791666865348816 0
vt 1 0
vt 0.5 0.5
vt 0.5 0.5
vt 0.5 0.5
vt 0.5 0.5
vt 0.5 0.5
vt 0.5 0.5
vt 0.5 0.5
vt 0.5 0.5
vt 0.5 0.5
vt 0.5 0.5
vt 0.5 0.5
vt 0.5 0.5
vt 0.5 0.5
vt 0.5 0.5
vt 0.5 0.5
vt 0.5 0.5
vt 0.5 0.5
vt 0.5 0.5
vt 0.5 0.5
vt 0.5 0.5
vt 0.5 0.5
vt 0.5 0.5
vt 0.5 0.5
vt 0.5 0.5
vt 0.5 0.5
vt 0.5 0.5
vt 0.5 0.5
vt 0.5 0.5
vt 0.5 0.5
vt 0.5 0.5
vt 0.5 0.5
vt 0.5 0.5
vt 0.5 0.5
vt 0.5 0.5
vt 0.5 0.5
vt 0.5 0.5
vt 0.5 0.5
vt 0.5 0.5
vt 0.5 0.5
vt 0.5 0.5
vt 0.5 0.5
vt 0.5 0.5
vt 0.5 0.5
vt 0.5 0.5
vt 0.5 0.5
vt 0.5 0.5
vt 0.5 0.5
vt 0.5 0.5
vt 1 0.5
vt 0.9957224130630493 0.5652630925178528
vt 0.9829629063606262 0.6294095516204834
vt 0.9619397521018982 0.6913416981697083
vt 0.9330127239227295 0.75
vt 0.8966766595840454 0.8043807148933411
vt 0.8535534143447876 0.8535534143447876
vt 0.8043807148933411 0.8966766595840454
vt 0.75 0.9330127239227295
vt 0.6913416981697083 0.9619397521018982
vt 0.6294095516204834 0.9829629063606262
vt 0.5652630925178528 0.9957224130630493
vt 0.5 1
vt 0.4347369074821472 0.9957224130630493
vt 0.370590478181839 0.9829629063606262
vt 0.30865827202796936 0.9619397521018982
vt 0.25 0.9330127239227295
vt 0.19561928510665894 0.8966766595840454
vt 0.1464466154575348 0.8535534143447876
vt 0.10332333296537399 0.8043807148933411
vt 0.0669872984290123 0.75
vt 0.03806023299694061 0.6913416981697083
vt 0.017037086188793182 0.6294095516204834
vt 0.004277569241821766 0.5652630925178528
vt 0 0.5
vt 0.004277569241821766 0.4347369074821472
vt 0.017037086188793182 0.370590478181839
vt 0.03806023299694061 0.30865827202796936
vt 0.0669872984290123 0.25
vt 0.10332333296537399 0.19561928510665894
vt 0.1464466154575348 0.1464466154575348
vt 0.19561928510665894 0.10332333296537399
vt 0.25 0.0669872984290123
vt 0.30865827202796936 0.03806023299694061
vt 0.370590478181839 0.017037086188793182
vt 0.4347369074821472 0.004277569241821766
vt 0.5 0
vt 0.5652630925178528 0.004277569241821766
vt 0.6294095516204834 0.017037086188793182
vt 0.6913416981697083 0.03806023299694061
vt 0.75 0.0669872984290123
vt 0.8043807148933411 0.10332333296537399
vt 0.8535534143447876 0.1464466154575348
vt 0.8966766595840454 0.19561928510665894
vt 0.9330127239227295 0.25
vt 0.9619397521018982 0.30865827202796936
vt 0.9829629063606262 0.370590478181839
vt 0.9957224130630493 0.4347369074821472
vt 1 0.5
vt 0.5 0.5
vt 0.5 0.5
vt 0.5 0.5
vt 0.5 0.5
vt 0.5 0.5
vt 0.5 0.5
vt 0.5 0.5
vt 0.5 0.5
vt 0.5 0.5
vt 0.5 0.5
vt 0.5 0.5
vt 0.5 0.5
vt 0.5 0.5
vt 0.5 0.5
vt 0.5 0.5
vt 0.5 0.5
vt 0.5 0.5
vt 0.5 0.5
vt 0.5 0.5
vt 0.5 0.5
vt 0.5 0.5
vt 0.5 0.5
vt 0.5 0.5
vt 0.5 0.5
vt 0.5 0.5
vt 0.5 0.5
vt 0.5 0.5
vt 0.5 0.5
vt 0.5 0.5
vt 0.5 0.5
vt 0.5 0.5
vt 0.5 0.5
vt 0.5 0.5
vt 0.5 0.5
vt 0.5 0.5
vt 0.5 0.5
vt 0.5 0.5
vt 0.5 0.5
vt 0.5 0.5
vt 0.5 0.5
vt 0.5 0.5
vt 0.5 0.5
vt 0.5 0.5
vt 0.5 0.5
vt 0.5 0.5
vt 0.5 0.5
vt 0.5 0.5
vt 0.5 0.5
vt 1 0.5
vt 0.9957224130630493 0.4347369074821472
vt 0.9829629063606262 0.370590478181839
vt 0.9619397521018982 0.30865827202796936
vt 0.9330127239227295 0.25
vt 0.8966766595840454 0.19561928510665894
vt 0.8535534143447876 0.1464466154575348
vt 0.8043807148933411 0.10332333296537399
vt 0.75 0.0669872984290123
vt 0.6913416981697083 0.03806023299694061
vt 0.6294095516204834 0.017037086188793182
vt 0.5652630925178528 0.004277569241821766
vt 0.5 0
vt 0.4347369074821472 0.004277569241821766
vt 0.370590478181839 0.017037086188793182
vt 0.30865827202796936 0.03806023299694061
vt 0.25 0.0669872984290123
vt 0.19561928510665894 0.10332333296537399
vt 0.1464466154575348 0.1464466154575348
vt 0.10332333296537399 0.19561928510665894
vt 0.0669872984290123 0.25
vt 0.03806023299694061 0.30865827202796936
vt 0.017037086188793182 0.370590478181839
vt 0.004277569241821766 0.4347369074821472
vt 0 0.5
vt 0.004277569241821766 0.5652630925178528
vt 0.017037086188793182 0.6294095516204834
vt 0.03806023299694061 0.6913416981697083
vt 0.0669872984290123 0.75
vt 0.10332333296537399 0.8043807148933411
vt 0.1464466154575348 0.8535534143447876
vt 0.19561928510665894 0.8966766595840454
vt 0.25 0.9330127239227295
vt 0.30865827202796936 0.9619397521018982
vt 0.370590478181839 0.9829629063606262
vt 0.4347369074821472 0.9957224130630493
vt 0.5 1
vt 0.5652630925178528 0.9957224130630493
vt 0.6294095516204834 0.9829629063606262
vt 0.6913416981697083 0.9619397521018982
vt 0.75 0.9330127239227295
vt 0.8043807148933411 0.8966766595840454
vt 0.8535534143447876 0.8535534143447876
vt 0.8966766595840454 0.8043807148933411
vt 0.9330127239227295 0.75
vt 0.9619397521018982 0.6913416981697083
vt 0.9829629063606262 0.6294095516204834
vt 0.9957224130630493 0.5652630925178528
vt 1 0.5
vn 0 -1 2.2204460492503136e-16
vn 0.130526182006087 -0.9914448627185043 2.2014498284728224e-16
vn 0.2588190471264926 -0.9659258257467466 2.1447861836482103e-16
vn 0.38268343706133684 -0.9238795305660377 2.0514246536285927e-16
vn 0.5000000067305868 -0.8660253998985324 1.922962677755119e-16
vn 0.6087614397000723 -0.7933533320874724 1.7615982718932e-16
vn 0.7071067811865474 -0.7071067811865475 1.5700924586837754e-16
vn 0.7933533320874723 -0.6087614397000726 1.351721933717959e-16
vn 0.8660253998985324 -0.500000006730587 1.110223039570062e-16
vn 0.9238795305660374 -0.38268343706133695 8.497279259363766e-17
vn 0.9659258257467466 -0.25881904712649273 5.746937306627515e-17
vn 0.9914448627185043 -0.13052618200608707 2.898263451591434e-17
vn 1 -6.12323426292584e-17 1.3596311327747838e-32
vn 0.9914448627185043 0.13052618200608707 -2.898263451591434e-17
vn 0.9659258257467466 0.25881904712649273 -5.746937306627515e-17
vn 0.9238795305660374 0.38268343706133695 -8.497279259363766e-17
vn 0.8660253998985324 0.500000006730587 -1.110223039570062e-16
vn 0.7933533320874723 0.6087614397000726 -1.351721933717959e-16
vn 0.7071067811865474 0.7071067811865475 -1.5700924586837754e-16
vn 0.6087614397000723 0.7933533320874724 -1.7615982718932e-16
vn 0.5000000067305868 0.8660253998985324 -1.922962677755119e-16
vn 0.38268343706133684 0.9238795305660377 -2.0514246536285927e-16
vn 0.2588190471264926 0.9659258257467466 -2.1447861836482103e-16
vn 0.130526182006087 0.9914448627185043 -2.2014498284728224e-16
vn 1.2246468525851676e-16 1 -2.2204460492503136e-16
vn -0.130526182006087 0.9914448627185043 -2.2014498284728224e-16
vn -0.2588190471264926 0.9659258257467466 -2.1447861836482103e-16
vn -0.38268343706133684 0.9238795305660377 -2.0514246536285927e-16
vn -0.5000000067305868 0.8660253998985324 -1.922962677755119e-16
vn -0.6087614397000723 0.7933533320874724 -1.7615982718932e-16
vn -0.7071067811865474 0.7071067811865475 -1.5700924586837754e-16
vn -0.7933533320874723 0.6087614397000726 -1.351721933717959e-16
vn -0.8660253998985324 0.500000006730587 -1.110223039570062e-16
vn -0.9238795305660374 0.38268343706133695 -8.497279259363766e-17
vn -0.9659258257467466 0.25881904712649273 -5.746937306627515e-17
vn -0.9914448627185043 0.13052618200608707 -2.898263451591434e-17
vn -1 1.8369701465288543e-16 -4.0788931044507637e-32
vn -0.9914448627185043 -0.13052618200608707 2.898263451591434e-17
vn -0.9659258257467466 -0.25881904712649273 5.746937306627515e-17
vn -0.9238795305660374 -0.38268343706133695 8.497279259363766e-17
vn -0.8660253998985324 -0.500000006730587 1.110223039570062e-16
vn -0.7933533320874723 -0.6087614397000726 1.351721933717959e-16
vn -0.7071067811865474 -0.7071067811865475 1.5700924586837754e-16
vn -0.6087614397000723 -0.7933533320874724 1.7615982718932e-16
vn -0.5000000067305868 -0.8660253998985324 1.922962677755119e-16
vn -0.38268343706133684 -0.9238795305660377 2.0514246536285927e-16
vn -0.2588190471264926 -0.9659258257467466 2.1447861836482103e-16
vn -0.130526182006087 -0.9914448627185043 2.2014498284728224e-16
vn -2.449293705170335e-16 -1 2.2204460492503136e-16
vn 0 -1 2.2204460492503136e-16
vn 0.130526182006087 -0.9914448627185043 2.2014498284728224e-16
vn 0.2588190471264926 -0.9659258257467466 2.1447861836482103e-16
vn 0.38268343706133684 -0.9238795305660377 2.0514246536285927e-16
vn 0.5000000067305868 -0.8660253998985324 1.922962677755119e-16
vn 0.6087614397000723 -0.7933533320874724 1.7615982718932e-16
vn 0.7071067811865474 -0.7071067811865475 1.5700924586837754e-16
vn 0.7933533320874723 -0.6087614397000726 1.351721933717959e-16
vn 0.8660253998985324 -0.500000006730587 1.110223039570062e-16
vn 0.9238795305660374 -0.38268343706133695 8.497279259363766e-17
vn 0.9659258257467466 -0.25881904712649273 5.746937306627515e-17
vn 0.9914448627185043 -0.13052618200608707 2.898263451591434e-17
vn 1 -6.12323426292584e-17 1.3596311327747838e-32
vn 0.9914448627185043 0.13052618200608707 -2.898263451591434e-17
vn 0.9659258257467466 0.25881904712649273 -5.746937306627515e-17
vn 0.9238795305660374 0.38268343706133695 -8.497279259363766e-17
vn 0.8660253998985324 0.500000006730587 -1.110223039570062e-16
vn 0.7933533320874723 0.6087614397000726 -1.351721933717959e-16
vn 0.7071067811865474 0.7071067811865475 -1.5700924586837754e-16
vn 0.6087614397000723 0.7933533320874724 -1.7615982718932e-16
vn 0.5000000067305868 0.8660253998985324 -1.922962677755119e-16
vn 0.38268343706133684 0.9238795305660377 -2.0514246536285927e-16
vn 0.2588190471264926 0.9659258257467466 -2.1447861836482103e-16
vn 0.130526182006087 0.9914448627185043 -2.2014498284728224e-16
vn 1.2246468525851676e-16 1 -2.2204460492503136e-16
vn -0.130526182006087 0.9914448627185043 -2.2014498284728224e-16
vn -0.2588190471264926 0.9659258257467466 -2.1447861836482103e-16
vn -0.38268343706133684 0.9238795305660377 -2.0514246536285927e-16
vn -0.5000000067305868 0.8660253998985324 -1.922962677755119e-16
vn -0.6087614397000723 0.7933533320874724 -1.7615982718932e-16
vn -0.7071067811865474 0.7071067811865475 -1.5700924586837754e-16
vn -0.7933533320874723 0.6087614397000726 -1.351721933717959e-16
vn -0.8660253998985324 0.500000006730587 -1.110223039570062e-16
vn -0.9238795305660374 0.38268343706133695 -8.497279259363766e-17
vn -0.9659258257467466 0.25881904712649273 -5.746937306627515e-17
vn -0.9914448627185043 0.13052618200608707 -2.898263451591434e-17
vn -1 1.8369701465288543e-16 -4.0788931044507637e-32
vn -0.9914448627185043 -0.13052618200608707 2.898263451591434e-17
vn -0.9659258257467466 -0.25881904712649273 5.746937306627515e-17
vn -0.9238795305660374 -0.38268343706133695 8.497279259363766e-17
vn -0.8660253998985324 -0.500000006730587 1.110223039570062e-16
vn -0.7933533320874723 -0.6087614397000726 1.351721933717959e-16
vn -0.7071067811865474 -0.7071067811865475 1.5700924586837754e-16
vn -0.6087614397000723 -0.7933533320874724 1.7615982718932e-16
vn -0.5000000067305868 -0.8660253998985324 1.922962677755119e-16
vn -0.38268343706133684 -0.9238795305660377 2.0514246536285927e-16
vn -0.2588190471264926 -0.9659258257467466 2.1447861836482103e-16
vn -0.130526182006087 -0.9914448627185043 2.2014498284728224e-16
vn -2.449293705170335e-16 -1 2.2204460492503136e-16
vn 0 2.2204460492503136e-16 1
vn 0 2.2204460492503136e-16 1
vn 0 2.2204460492503136e-16 1
vn 0 2.2204460492503136e-16 1
vn 0 2.2204460492503136e-16 1
vn 0 2.2204460492503136e-16 1
vn 0 2.2204460492503136e-16 1
vn 0 2.2204460492503136e-16 1
vn 0 2.2204460492503136e-16 1
vn 0 2.2204460492503136e-16 1
vn 0 2.2204460492503136e-16 1
vn 0 2.2204460492503136e-16 1
vn 0 2.2204460492503136e-16 1
vn 0 2.2204460492503136e-16 1
vn 0 2.2204460492503136e-16 1
vn 0 2.2204460492503136e-16 1
vn 0 2.2204460492503136e-16 1
vn 0 2.2204460492503136e-16 1
vn 0 2.2204460492503136e-16 1
vn 0 2.2204460492503136e-16 1
vn 0 2.2204460492503136e-16 1
vn 0 2.2204460492503136e-16 1
vn 0 2.2204460492503136e-16 1
vn 0 2.2204460492503136e-16 1
vn 0 2.2204460492503136e-16 1
vn 0 2.2204460492503136e-16 1
vn 0 2.2204460492503136e-16 1
vn 0 2.2204460492503136e-16 1
vn 0 2.2204460492503136e-16 1
vn 0 2.2204460492503136e-16 1
vn 0 2.2204460492503136e-16 1
vn 0 2.2204460492503136e-16 1
vn 0 2.2204460492503136e-16 1
vn 0 2.2204460492503136e-16 1
vn 0 2.2204460492503136e-16 1
vn 0 2.2204460492503136e-16 1
vn 0 2.2204460492503136e-16 1
vn 0 2.2204460492503136e-16 1
vn 0 2.2204460492503136e-16 1
vn 0 2.2204460492503136e-16 1
vn 0 2.2204460492503136e-16 1
vn 0 2.2204460492503136e-16 1
vn 0 2.2204460492503136e-16 1
vn 0 2.2204460492503136e-16 1
vn 0 2.2204460492503136e-16 1
vn 0 2.2204460492503136e-16 1
vn 0 2.2204460492503136e-16 1
vn 0 2.2204460492503136e-16 1
vn 0 2.2204460492503136e-16 1
vn 0 2.2204460492503136e-16 1
vn 0 2.2204460492503136e-16 1
vn 0 2.2204460492503136e-16 1
vn 0 2.2204460492503136e-16 1
vn 0 2.2204460492503136e-16 1
vn 0 2.2204460492503136e-16 1
vn 0 2.2204460492503136e-16 1
vn 0 2.2204460492503136e-16 1
vn 0 2.2204460492503136e-16 1
vn 0 2.2204460492503136e-16 1
vn 0 2.2204460492503136e-16 1
vn 0 2.2204460492503136e-16 1
vn 0 2.2204460492503136e-16 1
vn 0 2.2204460492503136e-16 1
vn 0 2.2204460492503136e-16 1
vn 0 2.2204460492503136e-16 1
vn 0 2.2204460492503136e-16 1
vn 0 2.2204460492503136e-16 1
vn 0 2.2204460492503136e-16 1
vn 0 2.2204460492503136e-16 1
vn 0 2.2204460492503136e-16 1
vn 0 2.2204460492503136e-16 1
vn 0 2.2204460492503136e-16 1
vn 0 2.2204460492503136e-16 1
vn 0 2.2204460492503136e-16 1
vn 0 2.2204460492503136e-16 1
vn 0 2.2204460492503136e-16 1
vn 0 2.2204460492503136e-16 1
vn 0 2.2204460492503136e-16 1
vn 0 2.2204460492503136e-16 1
vn 0 2.2204460492503136e-16 1
vn 0 2.2204460492503136e-16 1
vn 0 2.2204460492503136e-16 1
vn 0 2.2204460492503136e-16 1
vn 0 2.2204460492503136e-16 1
vn 0 2.2204460492503136e-16 1
vn 0 2.2204460492503136e-16 1
vn 0 2.2204460492503136e-16 1
vn 0 2.2204460492503136e-16 1
vn 0 2.2204460492503136e-16 1
vn 0 2.2204460492503136e-16 1
vn 0 2.2204460492503136e-16 1
vn 0 2.2204460492503136e-16 1
vn 0 2.2204460492503136e-16 1
vn 0 2.2204460492503136e-16 1
vn 0 2.2204460492503136e-16 1
vn 0 2.2204460492503136e-16 1
vn 0 2.2204460492503136e-16 1
vn 0 -2.2204460492503136e-16 -1
vn 0 -2.2204460492503136e-16 -1
vn 0 -2.2204460492503136e-16 -1
vn 0 -2.2204460492503136e-16 -1
vn 0 -2.2204460492503136e-16 -1
vn 0 -2.2204460492503136e-16 -1
vn 0 -2.2204460492503136e-16 -1
vn 0 -2.2204460492503136e-16 -1
vn 0 -2.2204460492503136e-16 -1
vn 0 -2.2204460492503136e-16 -1
vn 0 -2.2204460492503136e-16 -1
vn 0 -2.2204460492503136e-16 -1
vn 0 -2.2204460492503136e-16 -1
vn 0 -2.2204460492503136e-16 -1
vn 0 -2.2204460492503136e-16 -1
vn 0 -2.2204460492503136e-16 -1
vn 0 -2.2204460492503136e-16 -1
vn 0 -2.2204460492503136e-16 -1
vn 0 -2.2204460492503136e-16 -1
vn 0 -2.2204460492503136e-16 -1
vn 0 -2.2204460492503136e-16 -1
vn 0 -2.2204460492503136e-16 -1
vn 0 -2.2204460492503136e-16 -1
vn 0 -2.2204460492503136e-16 -1
vn 0 -2.2204460492503136e-16 -1
vn 0 -2.2204460492503136e-16 -1
vn 0 -2.2204460492503136e-16 -1
vn 0 -2.2204460492503136e-16 -1
vn 0 -2.2204460492503136e-16 -1
vn 0 -2.2204460492503136e-16 -1
vn 0 -2.2204460492503136e-16 -1
vn 0 -2.2204460492503136e-16 -1
vn 0 -2.2204460492503136e-16 -1
vn 0 -2.2204460492503136e-16 -1
vn 0 -2.2204460492503136e-16 -1
vn 0 -2.2204460492503136e-16 -1
vn 0 -2.2204460492503136e-16 -1
vn 0 -2.2204460492503136e-16 -1
vn 0 -2.2204460492503136e-16 -1
vn 0 -2.2204460492503136e-16 -1
vn 0 -2.2204460492503136e-16 -1
vn 0 -2.2204460492503136e-16 -1
vn 0 -2.2204460492503136e-16 -1
vn 0 -2.2204460492503136e-16 -1
vn 0 -2.2204460492503136e-16 -1
vn 0 -2.2204460492503136e-16 -1
vn 0 -2.2204460492503136e-16 -1
vn 0 -2.2204460492503136e-16 -1
vn 0 -2.2204460492503136e-16 -1
vn 0 -2.2204460492503136e-16 -1
vn 0 -2.2204460492503136e-16 -1
vn 0 -2.2204460492503136e-16 -1
vn 0 -2.2204460492503136e-16 -1
vn 0 -2.2204460492503136e-16 -1
vn 0 -2.2204460492503136e-16 -1
vn 0 -2.2204460492503136e-16 -1
vn 0 -2.2204460492503136e-16 -1
vn 0 -2.2204460492503136e-16 -1
vn 0 -2.2204460492503136e-16 -1
vn 0 -2.2204460492503136e-16 -1
vn 0 -2.2204460492503136e-16 -1
vn 0 -2.2204460492503136e-16 -1
vn 0 -2.2204460492503136e-16 -1
vn 0 -2.2204460492503136e-16 -1
vn 0 -2.2204460492503136e-16 -1
vn 0 -2.2204460492503136e-16 -1
vn 0 -2.2204460492503136e-16 -1
vn 0 -2.2204460492503136e-16 -1
vn 0 -2.2204460492503136e-16 -1
vn 0 -2.2204460492503136e-16 -1
vn 0 -2.2204460492503136e-16 -1
vn 0 -2.2204460492503136e-16 -1
vn 0 -2.2204460492503136e-16 -1
vn 0 -2.2204460492503136e-16 -1
vn 0 -2.2204460492503136e-16 -1
vn 0 -2.2204460492503136e-16 -1
vn 0 -2.2204460492503136e-16 -1
vn 0 -2.2204460492503136e-16 -1
vn 0 -2.2204460492503136e-16 -1
vn 0 -2.2204460492503136e-16 -1
vn 0 -2.2204460492503136e-16 -1
vn 0 -2.2204460492503136e-16 -1
vn 0 -2.2204460492503136e-16 -1
vn 0 -2.2204460492503136e-16 -1
vn 0 -2.2204460492503136e-16 -1
vn 0 -2.2204460492503136e-16 -1
vn 0 -2.2204460492503136e-16 -1
vn 0 -2.2204460492503136e-16 -1
vn 0 -2.2204460492503136e-16 -1
vn 0 -2.2204460492503136e-16 -1
vn 0 -2.2204460492503136e-16 -1
vn 0 -2.2204460492503136e-16 -1
vn 0 -2.2204460492503136e-16 -1
vn 0 -2.2204460492503136e-16 -1
vn 0 -2.2204460492503136e-16 -1
vn 0 -2.2204460492503136e-16 -1
vn 0 -2.2204460492503136e-16 -1
f 333/333/333 382/382/382 334/334/334
f 382/382/382 383/383/383 334/334/334
f 334/334/334 383/383/383 335/335/335
f 383/383/383 384/384/384 335/335/335
f 335/335/335 384/384/384 336/336/336
f 384/384/384 385/385/385 336/336/336
f 336/336/336 385/385/385 337/337/337
f 385/385/385 386/386/386 337/337/337
f 337/337/337 386/386/386 338/338/338
f 386/386/386 387/387/387 338/338/338
f 338/338/338 387/387/387 339/339/339
f 387/387/387 388/388/388 339/339/339
f 339/339/339 388/388/388 340/340/340
f 388/388/388 389/389/389 340/340/340
f 340/340/340 389/389/389 341/341/341
f 389/389/389 390/390/390 341/341/341
f 341/341/341 390/390/390 342/342/342
f 390/390/390 391/391/391 342/342/342
f 342/342/342 391/391/391 343/343/343
f 391/391/391 392/392/392 343/343/343
f 343/343/343 392/392/392 344/344/344
f 392/392/392 393/393/393 344/344/344
f 344/344/344 393/393/393 345/345/345
f 393/393/393 394/394/394 345/345/345
f 345/345/345 394/394/394 346/346/346
f 394/394/394 395/395/395 346/346/346
f 346/346/346 395/395/395 347/347/347
f 395/395/395 396/396/396 347/347/347
f 347/347/347 396/396/396 348/348/348
f 396/396/396 397/397/397 348/348/348
f 348/348/348 397/397/397 349/349/349
f 397/397/397 398/398/398 349/349/349
f 349/349/349 398/398/398 350/350/350
f 398/398/398 399/399/399 350/350/350
f 350/350/350 399/399/399 351/351/351
f 399/399/399 400/400/400 351/351/351
f 351/351/351 400/400/400 352/352/352
f 400/400/400 401/401/401 352/352/352
f 352/352/352 401/401/401 353/353/353
f 401/401/401 402/402/402 353/353/353
f 353/353/353 402/402/402 354/354/354
f 402/402/402 403/403/403 354/354/354
f 354/354/354 403/403/403 355/355/355
f 403/403/403 404/404/404 355/355/355
f 355/355/355 404/404/404 356/356/356
f 404/404/404 405/405/405 356/356/356
f 356/356/356 405/405/405 357/357/357
f 405/405/405 406/406/406 357/357/357
f 357/357/357 406/406/406 358/358/358
f 406/406/406 407/407/407 358/358/358
f 358/358/358 407/407/407 359/359/359
f 407/407/407 408/408/408 359/359/359
f 359/359/359 408/408/408 360/360/360
f 408/408/408 409/409/409 360/360/360
f 360/360/360 409/409/409 361/361/361
f 409/409/409 410/410/410 361/361/361
f 361/361/361 410/410/410 362/362/362
f 410/410/410 411/411/411 362/362/362
f 362/362/362 411/411/411 363/363/363
f 411/411/411 412/412/412 363/363/363
f 363/363/363 412/412/412 364/364/364
f 412/412/412 413/413/413 364/364/364
f 364/364/364 413/413/413 365/365/365
f 413/413/413 414/414/414 365/365/365
f 365/365/365 414/414/414 366/366/366
f 414/414/414 415/415/415 366/366/366
f 366/366/366 415/415/415 367/367/367
f 415/415/415 416/416/416 367/367/367
f 367/367/367 416/416/416 368/368/368
f 416/416/416 417/417/417 368/368/368
f 368/368/368 417/417/417 369/369/369
f 417/417/417 418/418/418 369/369/369
f 369/369/369 418/418/418 370/370/370
f 418/418/418 419/419/419 370/370/370
f 370/370/370 419/419/419 371/371/371
f 419/419/419 420/420/420 371/371/371
f 371/371/371 420/420/420 372/372/372
f 420/420/420 421/421/421 372/372/372
f 372/372/372 421/421/421 373/373/373
f 421/421/421 422/422/422 373/373/373
f 373/373/373 422/422/422 374/374/374
f 422/422/422 423/423/423 374/374/374
f 374/374/374 423/423/423 375/375/375
f 423/423/423 424/424/424 375/375/375
f 375/375/375 424/424/424 376/376/376
f 424/424/424 425/425/425 376/376/376
f 376/376/376 425/425/425 377/377/377
f 425/425/425 426/426/426 377/377/377
f 377/377/377 426/426/426 378/378/378
f 426/426/426 427/427/427 378/378/378
f 378/378/378 427/427/427 379/379/379
f 427/427/427 428/428/428 379/379/379
f 379/379/379 428/428/428 380/380/380
f 428/428/428 429/429/429 380/380/380
f 380/380/380 429/429/429 381/381/381
f 429/429/429 430/430/430 381/381/381
f 479/479/479 480/480/480 431/431/431
f 480/480/480 481/481/481 432/432/432
f 481/481/481 482/482/482 433/433/433
f 482/482/482 483/483/483 434/434/434
f 483/483/483 484/484/484 435/435/435
f 484/484/484 485/485/485 436/436/436
f 485/485/485 486/486/486 437/437/437
f 486/486/486 487/487/487 438/438/438
f 487/487/487 488/488/488 439/439/439
f 488/488/488 489/489/489 440/440/440
f 489/489/489 490/490/490 441/441/441
f 490/490/490 491/491/491 442/442/442
f 491/491/491 492/492/492 443/443/443
f 492/492/492 493/493/493 444/444/444
f 493/493/493 494/494/494 445/445/445
f 494/494/494 495/495/495 446/446/446
f 495/495/495 496/496/496 447/447/447
f 496/496/496 497/497/497 448/448/448
f 497/497/497 498/498/498 449/449/449
f 498/498/498 499/499/499 450/450/450
f 499/499/499 500/500/500 451/451/451
f 500/500/500 501/501/501 452/452/452
f 501/501/501 502/502/502 453/453/453
f 502/502/502 503/503/503 454/454/454
f 503/503/503 504/504/504 455/455/455
f 504/504/504 505/505/505 456/456/456
f 505/505/505 506/506/506 457/457/457
f 506/506/506 507/507/507 458/458/458
f 507/507/507 508/508/508 459/459/459
f 508/508/508 509/509/509 460/460/460
f 509/509/509 510/510/510 461/461/461
f 510/510/510 511/511/511 462/462/462
f 511/511/511 512/512/512 463/463/463
f 512/512/512 513/513/513 464/464/464
f 513/513/513 514/514/514 465/465/465
f 514/514/514 515/515/515 466/466/466
f 515/515/515 516/516/516 467/467/467
f 516/516/516 517/517/517 468/468/468
f 517/517/517 518/518/518 469/469/469
f 518/518/518 519/519/519 470/470/470
f 519/519/519 520/520/520 471/471/471
f 520/520/520 521/521/521 472/472/472
f 521/521/521 522/522/522 473/473/473
f 522/522/522 523/523/523 474/474/474
f 523/523/523 524/524/524 475/475/475
f 524/524/524 525/525/525 476/476/476
f 525/525/525 526/526/526 477/477/477
f 526/526/526 527/527/527 478/478/478
f 577/577/577 576/576/576 528/528/528
f 578/578/578 577/577/577 529/529/529
f 579/579/579 578/578/578 530/530/530
f 580/580/580 579/579/579 531/531/531
f 581/581/581 580/580/580 532/532/532
f 582/582/582 581/581/581 533/533/533
f 583/583/583 582/582/582 534/534/534
f 584/584/584 583/583/583 535/535/535
f 585/585/585 584/584/584 536/536/536
f 586/586/586 585/585/585 537/537/537
f 587/587/587 586/586/586 538/538/538
f 588/588/588 587/587/587 539/539/539
f 589/589/589 588/588/588 540/540/540
f 590/590/590 589/589/589 541/541/541
f 591/591/591 590/590/590 542/542/542
f 592/592/592 591/591/591 543/543/543
f 593/593/593 592/592/592 544/544/544
f 594/594/594 593/593/593 545/545/545
f 595/595/595 594/594/594 546/546/546
f 596/596/596 595/595/595 547/547/547
f 597/597/597 596/596/596 548/548/548
f 598/598/598 597/597/597 549/549/549
f 599/599/599 598/598/598 550/550/550
f 600/600/600 599/599/599 551/551/551
f 601/601/601 600/600/600 552/552/552
f 602/602/602 601/601/601 553/553/553
f 603/603/603 602/602/602 554/554/554
f 604/604/604 603/603/603 555/555/555
f 605/605/605 604/604/604 556/556/556
f 606/606/606 605/605/605 557/557/557
f 607/607/607 606/606/606 558/558/558
f 608/608/608 607/607/607 559/559/559
f 609/609/609 608/608/608 560/560/560
f 610/610/610 609/609/609 561/561/561
f 611/611/611 610/610/610 562/562/562
f 612/612/612 611/611/611 563/563/563
f 613/613/613 612/612/612 564/564/564
f 614/614/614 613/613/613 565/565/565
f 615/615/615 614/614/614 566/566/566
f 616/616/616 615/615/615 567/567/567
f 617/617/617 616/616/616 568/568/568
f 618/618/618 617/617/617 569/569/569
f 619/619/619 618/618/618 570/570/570
f 620/620/620 619/619/619 571/571/571
f 621/621/621 620/620/620 572/572/572
f 622/622/622 621/621/621 573/573/573
f 623/623/623 622/622/622 574/574/574
f 624/624/624 623/623/623 575/575/575
o cup
usemtl esd_nbr_55
v 0 -0.0024999999441206447 0.0030000000260770325
v 0 -0.00219999998807907 0.004000000189989806
v 0 -0.0027000000700354563 0.0054999999701976785
v 0 -0.003250000067055224 0.006500000134110452
v 0 -0.0030000000260770304 0.007000000216066838
v 0 -0.0026499999221414315 0.006699999794363976
v 0 -0.0010000000474974502 0.004999999888241291
v 0 -0.0010000000474974507 0.0030000000260770325
v 0.00024504284374415874 -0.0024879619013518086 0.0030000000260770325
v 0.0002156377158826217 -0.0021894064266234628 0.004000000189989806
v 0.0002646462817210704 -0.0026869988068938242 0.0054999999701976785
v 0.00031855571432970464 -0.0032343503553420292 0.006500000134110452
v 0.0002940514241345227 -0.0029855542816221697 0.007000000216066838
v 0.0002597454295028001 -0.002637239638715981 0.006699999794363976
v 0.00009801713895285502 -0.0009951847605407227 0.004999999888241291
v 0.00009801713895285502 -0.0009951847605407232 0.0030000000260770325
v 0.00048772580339573324 -0.002451963257044553 0.0030000000260770325
v 0.0004291986988391727 -0.002157727722078561 0.004000000189989806
v 0.0005267438828013837 -0.0026481202803552138 0.0054999999701976785
v 0.0006340435356833041 -0.0031875520944595324 0.006500000134110452
v 0.0005852709873579443 -0.0029423558153212053 0.007000000216066838
v 0.000516989326570183 -0.0025990810245275484 0.006699999794363976
v 0.00019509032426867634 -0.0009807852329686273 0.004999999888241291
v 0.00019509032426867634 -0.0009807852329686278 0.0030000000260770325
v 0.0007257116958498955 -0.0023923509288579217 0.0030000000260770325
v 0.0006386262830346823 -0.0021052686497569075 0.004000000189989806
v 0.0007837686571292579 -0.0025837388820946204 0.0054999999701976785
v 0.0009434252278879285 -0.0031100560445338475 0.006500000134110452
v 0.0008708540117368102 -0.0028708209283649904 0.007000000216066838
v 0.0007692544022575021 -0.0025358919519931065 0.006699999794363976
v 0.0002902846899814904 -0.0009569403482601036 0.004999999888241291
v 0.0002902846899814904 -0.000956940348260104 0.003000000026077032
v 0.0009567085653543472 -0.002309698844328522 0.0030000000260770325
v 0.0008419035584665835 -0.002032534917816519 0.004000000189989806
v 0.0010332452366128564 -0.0024944746401160942 0.0054999999701976785
v 0.001243721111677587 -0.003002608427777885 0.006500000134110452
v 0.001148050301708281 -0.0027716385666280968 0.007000000216066838
v 0.0010141110979020596 -0.002448280807584523 0.006699999794363976
v 0.00038268344360403717 -0.0009238795610144724 0.004999999888241291
v 0.00038268344360403717 -0.0009238795610144728 0.003000000026077032
v 0.001178491860628128 -0.002204803051427006 0.0030000000260770325
v 0.0010370728559792042 -0.0019402267644181839 0.004000000189989805
v 0.0012727711582556367 -0.002381187397986649 0.0054999999701976785
v 0.0015320393722504377 -0.0028662441764026867 0.006500000134110452
v 0.0014141901629045606 -0.0026457638014107925 0.007000000216066838
v 0.00124920136295259 -0.002337091369554399 0.006699999794363976
v 0.0004713967500720173 -0.0008819212671369303 0.004999999888241291
v 0.0004713967500720173 -0.0008819212671369308 0.003000000026077032
v 0.0013889255933463573 -0.0020786740351468316 0.0030000000260770325
v 0.0012222544755786657 -0.001829233136959373 0.004000000189989805
v 0.0015000395942479372 -0.0022449679672718035 0.0054999999701976785
v 0.0018056032713502645 -0.0027022762224078165 0.006500000134110452
v 0.0016667107120156288 -0.0024944087490439398 0.007000000216066838
v 0.0014722611522302032 -0.0022033944260328995 0.006699999794363976
v 0.0005555702373385429 -0.0008314696024171997 0.004999999888241291
v 0.0005555702373385429 -0.0008314696024172002 0.003000000026077032
v 0.0015859832055866718 -0.001932526123709976 0.0030000000260770325
v 0.001395665225572884 -0.0017006229609251014 0.004000000189989805
v 0.0017128618201240897 -0.002087128115817903 0.0054999999701976785
v 0.002061778213828802 -0.0025122840888798224 0.006500000134110452
v 0.0019031798001378775 -0.002319031395018099 0.007000000216066838
v 0.0016811422538012266 -0.0020484777633100735 0.006699999794363976
v 0.0006343933055177331 -0.0007730104262009252 0.004999999888241291
v 0.0006343933055177331 -0.0007730104262009257 0.003000000026077032
v 0.0017677668947726488 -0.0017677668947726482 0.0030000000260770325
v 0.0015556348953396082 -0.0015556348953396073 0.004000000189989805
v 0.001909188344143331 -0.0019091883441433297 0.005499999970197678
v 0.002298097126185894 -0.0022980971261858927 0.006500000134110452
v 0.00212132022716105 -0.002121320227161048 0.007000000216066838
v 0.001873833010904491 -0.0018738330109044894 0.0066999997943639755
v 0.0007071067811921239 -0.0007071067811921228 0.004999999888241291
v 0.0007071067811921239 -0.0007071067811921232 0.003000000026077032
v 0.0019325261237099767 -0.0015859832055866712 0.0030000000260770325
v 0.0017006229609251022 -0.0013956652255728832 0.004000000189989805
v 0.0020871281158179045 -0.0017128618201240884 0.005499999970197678
v 0.0025122840888798237 -0.002061778213828801 0.006500000134110452
v 0.0023190313950181007 -0.001903179800137876 0.007000000216066837
v 0.002048477763310075 -0.001681142253801225 0.0066999997943639755
v 0.0007730104262009263 -0.000634393305517732 0.004999999888241291
v 0.0007730104262009263 -0.0006343933055177324 0.003000000026077032
v 0.0020786740351468325 -0.0013889255933463567 0.0030000000260770325
v 0.001829233136959374 -0.0012222544755786649 0.004000000189989805
v 0.002244967967271805 -0.001500039594247936 0.005499999970197678
v 0.002702276222407818 -0.001805603271350263 0.006500000134110451
v 0.0024944087490439415 -0.0016667107120156273 0.007000000216066837
v 0.002203394426032901 -0.0014722611522302016 0.0066999997943639755
v 0.0008314696024172008 -0.0005555702373385419 0.004999999888241291
v 0.0008314696024172008 -0.0005555702373385423 0.003000000026077032
v 0.0022048030514270067 -0.0011784918606281274 0.0030000000260770325
v 0.0019402267644181848 -0.0010370728559792033 0.004000000189989805
v 0.0023811873979866505 -0.0012727711582556354 0.005499999970197678
v 0.002866244176402688 -0.0015320393722504362 0.006500000134110451
v 0.0026457638014107943 -0.001414190162904559 0.007000000216066837
v 0.0023370913695544004 -0.0012492013629525885 0.0066999997943639755
v 0.0008819212671369314 -0.00047139675007201623 0.004999999888241291
v 0.0008819212671369314 -0.00047139675007201666 0.003000000026077032
v 0.0023096988443285227 -0.0009567085653543466 0.003000000026077032
v 0.0020325349178165197 -0.0008419035584665826 0.004000000189989805
v 0.0024944746401160955 -0.001033245236612855 0.005499999970197678
v 0.0030026084277778864 -0.0012437211116775855 0.006500000134110451
v 0.0027716385666280985 -0.0011480503017082795 0.007000000216066837
v 0.002448280807584524 -0.001014111097902058 0.0066999997943639755
v 0.0009238795610144734 -0.0003826834436040361 0.004999999888241291
v 0.0009238795610144734 -0.0003826834436040365 0.003000000026077032
v 0.0023923509288579226 -0.0007257116958498948 0.003000000026077032
v 0.0021052686497569084 -0.0006386262830346814 0.004000000189989805
v 0.0025837388820946217 -0.0007837686571292567 0.005499999970197678
v 0.0031100560445338488 -0.0009434252278879271 0.006500000134110451
v 0.002870820928364992 -0.0008708540117368087 0.007000000216066837
v 0.002535891951993108 -0.0007692544022575006 0.0066999997943639755
v 0.0009569403482601047 -0.0002902846899814893 0.004999999888241291
v 0.0009569403482601047 -0.0002902846899814897 0.003000000026077032
v 0.0024519632570445538 -0.0004877258033957326 0.003000000026077032
v 0.0021577277220785618 -0.00042919869883917185 0.004000000189989805
v 0.002648120280355215 -0.0005267438828013825 0.005499999970197678
v 0.0031875520944595337 -0.0006340435356833027 0.006500000134110451
v 0.002942355815321207 -0.0005852709873579427 0.007000000216066837
v 0.0025990810245275497 -0.0005169893265701815 0.0066999997943639755
v 0.0009807852329686284 -0.00019509032426867523 0.004999999888241291
v 0.0009807852329686284 -0.00019509032426867566 0.003000000026077032
v 0.0024879619013518095 -0.0002450428437441581 0.003000000026077032
v 0.0021894064266234636 -0.0002156377158826208 0.004000000189989805
v 0.0026869988068938255 -0.00026464628172106916 0.005499999970197678
v 0.0032343503553420305 -0.0003185557143297032 0.006500000134110451
v 0.0029855542816221714 -0.0002940514241345211 0.007000000216066837
v 0.0026372396387159824 -0.00025974542950279864 0.0066999997943639755
v 0.0009951847605407238 -0.00009801713895285391 0.004999999888241291
v 0.0009951847605407238 -0.00009801713895285436 0.003000000026077032
v 0.0024999999441206455 5.130529717470305e-19 0.003000000026077032
v 0.002199999988079071 7.534673169941596e-19 0.004000000189989805
v 0.0027000000700354576 1.0559179980595666e-18 0.005499999970197678
v 0.0032500000670552254 1.2442848596198492e-18 0.006500000134110451
v 0.003000000026077032 1.3706152690395802e-18 0.007000000216066837
v 0.0026499999221414328 1.3254331000935882e-18 0.0066999997943639755
v 0.0010000000474974513 1.0489906576974677e-18 0.004999999888241291
v 0.0010000000474974513 6.049014784530877e-19 0.003000000026077032
v 0.0024879619013518095 0.0002450428437441594 0.003000000026077032
v 0.0021894064266234636 0.0002156377158826226 0.004000000189989805
v 0.0026869988068938255 0.00026464628172107166 0.005499999970197678
v 0.0032343503553420305 0.0003185557143297061 0.006500000134110451
v 0.0029855542816221714 0.00029405142413452425 0.007000000216066837
v 0.0026372396387159824 0.00025974542950280157 0.0066999997943639755
v 0.0009951847605407238 0.00009801713895285613 0.004999999888241291
v 0.0009951847605407238 0.00009801713895285568 0.003000000026077032
v 0.0024519632570445538 0.0004877258033957339 0.003000000026077032
v 0.0021577277220785618 0.0004291986988391736 0.004000000189989805
v 0.002648120280355215 0.0005267438828013849 0.005499999970197678
v 0.0031875520944595337 0.0006340435356833055 0.006500000134110451
v 0.002942355815321207 0.0005852709873579458 0.007000000216066837
v 0.0025990810245275497 0.0005169893265701846 0.0066999997943639755
v 0.0009807852329686284 0.00019509032426867745 0.004999999888241291
v 0.0009807852329686284 0.00019509032426867702 0.003000000026077032
v 0.0023923509288579226 0.0007257116958498961 0.003000000026077032
v 0.0021052686497569084 0.0006386262830346831 0.004000000189989805
v 0.0025837388820946217 0.0007837686571292591 0.005499999970197678
v 0.0031100560445338488 0.0009434252278879299 0.006500000134110451
v 0.002870820928364992 0.0008708540117368117 0.007000000216066837
v 0.002535891951993108 0.0007692544022575036 0.0066999997943639755
v 0.0009569403482601047 0.00029028468998149146 0.004999999888241291
v 0.0009569403482601047 0.000290284689981491 0.003000000026077032
v 0.0023096988443285227 0.0009567085653543479 0.003000000026077032
v 0.0020325349178165197 0.0008419035584665844 0.004000000189989805
v 0.0024944746401160955 0.0010332452366128577 0.005499999970197678
v 0.0030026084277778864 0.0012437211116775886 0.006500000134110451
v 0.0027716385666280985 0.0011480503017082826 0.007000000216066837
v 0.002448280807584524 0.001014111097902061 0.0066999997943639755
v 0.0009238795610144734 0.00038268344360403825 0.004999999888241291
v 0.0009238795610144734 0.0003826834436040378 0.003000000026077032
v 0.0022048030514270067 0.0011784918606281287 0.0030000000260770317
v 0.0019402267644181848 0.001037072855979205 0.004000000189989805
v 0.0023811873979866505 0.001272771158255638 0.005499999970197678
v 0.002866244176402688 0.0015320393722504393 0.006500000134110451
v 0.0026457638014107943 0.001414190162904562 0.007000000216066837
v 0.0023370913695544004 0.0012492013629525915 0.0066999997943639755
v 0.0008819212671369314 0.0004713967500720184 0.004999999888241291
v 0.0008819212671369314 0.00047139675007201796 0.003000000026077032
v 0.0020786740351468325 0.001388925593346358 0.0030000000260770317
v 0.001829233136959374 0.0012222544755786666 0.004000000189989805
v 0.002244967967271805 0.0015000395942479385 0.005499999970197678
v 0.002702276222407818 0.001805603271350266 0.006500000134110451
v 0.0024944087490439415 0.0016667107120156303 0.007000000216066837
v 0.002203394426032901 0.0014722611522302047 0.0066999997943639755
v 0.0008314696024172008 0.000555570237338544 0.004999999888241291
v 0.0008314696024172008 0.0005555702373385436 0.003000000026077032
v 0.0019325261237099767 0.0015859832055866725 0.0030000000260770317
v 0.0017006229609251022 0.001395665225572885 0.004000000189989805
v 0.0020871281158179045 0.001712861820124091 0.005499999970197678
v 0.0025122840888798237 0.0020617782138288034 0.00650000013411045
v 0.0023190313950181007 0.001903179800137879 0.007000000216066837
v 0.002048477763310075 0.0016811422538012281 0.0066999997943639755
v 0.0007730104262009263 0.0006343933055177342 0.004999999888241291
v 0.0007730104262009263 0.0006343933055177337 0.003000000026077032
v 0.0017677668947726488 0.0017677668947726495 0.0030000000260770317
v 0.0015556348953396082 0.001555634895339609 0.004000000189989805
v 0.001909188344143331 0.0019091883441433324 0.005499999970197678
v 0.002298097126185894 0.0022980971261858953 0.00650000013411045
v 0.00212132022716105 0.0021213202271610516 0.0070000002160668364
v 0.001873833010904491 0.0018738330109044925 0.0066999997943639755
v 0.0007071067811921239 0.000707106781192125 0.004999999888241291
v 0.0007071067811921239 0.0007071067811921245 0.003000000026077032
v 0.0015859832055866718 0.0019325261237099773 0.0030000000260770317
v 0.001395665225572884 0.001700622960925103 0.004000000189989805
v 0.0017128618201240897 0.0020871281158179058 0.005499999970197677
v 0.002061778213828802 0.002512284088879825 0.00650000013411045
v 0.0019031798001378775 0.0023190313950181025 0.0070000002160668364
v 0.0016811422538012266 0.002048477763310076 0.006699999794363975
v 0.0006343933055177331 0.0007730104262009274 0.004999999888241291
v 0.0006343933055177331 0.000773010426200927 0.003000000026077032
v 0.0013889255933463573 0.0020786740351468333 0.0030000000260770317
v 0.0012222544755786657 0.0018292331369593748 0.004000000189989805
v 0.0015000395942479372 0.002244967967271806 0.005499999970197677
v 0.0018056032713502645 0.002702276222407819 0.00650000013411045
v 0.0016667107120156288 0.0024944087490439432 0.0070000002160668364
v 0.0014722611522302032 0.002203394426032902 0.006699999794363975
v 0.0005555702373385429 0.0008314696024172019 0.004999999888241291
v 0.0005555702373385429 0.0008314696024172015 0.003000000026077032
v 0.001178491860628128 0.0022048030514270076 0.0030000000260770317
v 0.0010370728559792042 0.0019402267644181856 0.004000000189989805
v 0.0012727711582556367 0.0023811873979866518 0.005499999970197677
v 0.0015320393722504377 0.0028662441764026893 0.00650000013411045
v 0.0014141901629045606 0.002645763801410796 0.0070000002160668364
v 0.00124920136295259 0.0023370913695544017 0.006699999794363975
v 0.0004713967500720173 0.0008819212671369325 0.004999999888241291
v 0.0004713967500720173 0.0008819212671369321 0.003000000026077032
v 0.0009567085653543472 0.0023096988443285235 0.0030000000260770317
v 0.0008419035584665835 0.0020325349178165206 0.004000000189989804
v 0.0010332452366128564 0.002494474640116097 0.005499999970197677
v 0.001243721111677587 0.0030026084277778877 0.00650000013411045
v 0.001148050301708281 0.0027716385666281002 0.0070000002160668364
v 0.0010141110979020596 0.0024482808075845255 0.006699999794363975
v 0.00038268344360403717 0.0009238795610144745 0.004999999888241291
v 0.00038268344360403717 0.0009238795610144741 0.003000000026077032
v 0.0007257116958498955 0.0023923509288579234 0.0030000000260770317
v 0.0006386262830346823 0.0021052686497569093 0.004000000189989804
v 0.0007837686571292579 0.002583738882094623 0.005499999970197677
v 0.0009434252278879285 0.00311005604453385 0.00650000013411045
v 0.0008708540117368102 0.002870820928364994 0.0070000002160668364
v 0.0007692544022575021 0.002535891951993109 0.006699999794363975
v 0.0002902846899814904 0.0009569403482601057 0.004999999888241291
v 0.0002902846899814904 0.0009569403482601053 0.003000000026077032
v 0.00048772580339573324 0.0024519632570445546 0.0030000000260770317
v 0.0004291986988391727 0.0021577277220785627 0.004000000189989804
v 0.0005267438828013837 0.0026481202803552164 0.005499999970197677
v 0.0006340435356833041 0.003187552094459535 0.00650000013411045
v 0.0005852709873579443 0.0029423558153212088 0.0070000002160668364
v 0.000516989326570183 0.002599081024527551 0.006699999794363975
v 0.00019509032426867634 0.0009807852329686295 0.004999999888241291
v 0.00019509032426867634 0.000980785232968629 0.0030000000260770317
v 0.00024504284374415874 0.0024879619013518104 0.0030000000260770317
v 0.0002156377158826217 0.0021894064266234645 0.004000000189989804
v 0.0002646462817210704 0.002686998806893827 0.005499999970197677
v 0.00031855571432970464 0.003234350355342032 0.00650000013411045
v 0.0002940514241345227 0.002985554281622173 0.0070000002160668364
v 0.0002597454295028001 0.0026372396387159837 0.006699999794363975
v 0.00009801713895285502 0.0009951847605407249 0.004999999888241291
v 0.00009801713895285502 0.0009951847605407245 0.0030000000260770317
v 3.061616976366555e-19 0.0024999999441206464 0.0030000000260770317
v 2.6942228978435376e-19 0.002199999988079072 0.004000000189989804
v 3.3065464482132134e-19 0.002700000070035459 0.005499999970197677
v 3.980102043427127e-19 0.0032500000670552267 0.00650000013411045
v 3.673940268242289e-19 0.003000000026077034 0.0070000002160668364
v 3.245314144875034e-19 0.002649999922141434 0.006699999794363975
v 1.2246468422454102e-19 0.0010000000474974524 0.004999999888241291
v 1.2246468422454102e-19 0.001000000047497452 0.0030000000260770317
v -0.00024504284374415874 0.0024879619013518104 0.0030000000260770317
v -0.0002156377158826217 0.0021894064266234645 0.004000000189989804
v -0.0002646462817210704 0.002686998806893827 0.005499999970197677
v -0.00031855571432970464 0.003234350355342032 0.00650000013411045
v -0.0002940514241345227 0.002985554281622173 0.0070000002160668364
v -0.0002597454295028001 0.0026372396387159837 0.006699999794363975
v -0.00009801713895285502 0.0009951847605407249 0.004999999888241291
v -0.00009801713895285502 0.0009951847605407245 0.0030000000260770317
v -0.00048772580339573324 0.0024519632570445546 0.0030000000260770317
v -0.0004291986988391727 0.0021577277220785627 0.004000000189989804
v -0.0005267438828013837 0.0026481202803552164 0.005499999970197677
v -0.0006340435356833041 0.003187552094459535 0.00650000013411045
v -0.0005852709873579443 0.0029423558153212088 0.0070000002160668364
v -0.000516989326570183 0.002599081024527551 0.006699999794363975
v -0.00019509032426867634 0.0009807852329686295 0.004999999888241291
v -0.00019509032426867634 0.000980785232968629 0.0030000000260770317
v -0.0007257116958498955 0.0023923509288579234 0.0030000000260770317
v -0.0006386262830346823 0.0021052686497569093 0.004000000189989804
v -0.0007837686571292579 0.002583738882094623 0.005499999970197677
v -0.0009434252278879285 0.00311005604453385 0.00650000013411045
v -0.0008708540117368102 0.002870820928364994 0.0070000002160668364
v -0.0007692544022575021 0.002535891951993109 0.006699999794363975
v -0.0002902846899814904 0.0009569403482601057 0.004999999888241291
v -0.0002902846899814904 0.0009569403482601053 0.003000000026077032
v -0.0009567085653543472 0.0023096988443285235 0.0030000000260770317
v -0.0008419035584665835 0.0020325349178165206 0.004000000189989804
v -0.0010332452366128564 0.002494474640116097 0.005499999970197677
v -0.001243721111677587 0.0030026084277778877 0.00650000013411045
v -0.001148050301708281 0.0027716385666281002 0.0070000002160668364
v -0.0010141110979020596 0.0024482808075845255 0.006699999794363975
v -0.00038268344360403717 0.0009238795610144745 0.004999999888241291
v -0.00038268344360403717 0.0009238795610144741 0.003000000026077032
v -0.001178491860628128 0.0022048030514270076 0.0030000000260770317
v -0.0010370728559792042 0.0019402267644181856 0.004000000189989805
v -0.0012727711582556367 0.0023811873979866518 0.005499999970197677
v -0.0015320393722504377 0.0028662441764026893 0.00650000013411045
v -0.0014141901629045606 0.002645763801410796 0.0070000002160668364
v -0.00124920136295259 0.0023370913695544017 0.006699999794363975
v -0.0004713967500720173 0.0008819212671369325 0.004999999888241291
v -0.0004713967500720173 0.0008819212671369321 0.003000000026077032
v -0.0013889255933463573 0.0020786740351468333 0.0030000000260770317
v -0.0012222544755786657 0.0018292331369593748 0.004000000189989805
v -0.0015000395942479372 0.002244967967271806 0.005499999970197677
v -0.0018056032713502645 0.002702276222407819 0.00650000013411045
v -0.0016667107120156288 0.0024944087490439432 0.0070000002160668364
v -0.0014722611522302032 0.002203394426032902 0.006699999794363975
v -0.0005555702373385429 0.0008314696024172019 0.004999999888241291
v -0.0005555702373385429 0.0008314696024172015 0.003000000026077032
v -0.0015859832055866718 0.0019325261237099773 0.0030000000260770317
v -0.001395665225572884 0.001700622960925103 0.004000000189989805
v -0.0017128618201240897 0.0020871281158179058 0.005499999970197677
v -0.002061778213828802 0.002512284088879825 0.00650000013411045
v -0.0019031798001378775 0.0023190313950181025 0.0070000002160668364
v -0.0016811422538012266 0.002048477763310076 0.006699999794363975
v -0.0006343933055177331 0.0007730104262009274 0.004999999888241291
v -0.0006343933055177331 0.000773010426200927 0.003000000026077032
v -0.0017677668947726488 0.0017677668947726495 0.0030000000260770317
v -0.0015556348953396082 0.001555634895339609 0.004000000189989805
v -0.001909188344143331 0.0019091883441433324 0.005499999970197678
v -0.002298097126185894 0.0022980971261858953 0.00650000013411045
v -0.00212132022716105 0.0021213202271610516 0.0070000002160668364
v -0.001873833010904491 0.0018738330109044925 0.0066999997943639755
v -0.0007071067811921239 0.000707106781192125 0.004999999888241291
v -0.0007071067811921239 0.0007071067811921245 0.003000000026077032
v -0.0019325261237099767 0.0015859832055866725 0.0030000000260770317
v -0.0017006229609251022 0.001395665225572885 0.004000000189989805
v -0.0020871281158179045 0.001712861820124091 0.005499999970197678
v -0.0025122840888798237 0.0020617782138288034 0.00650000013411045
v -0.0023190313950181007 0.001903179800137879 0.007000000216066837
v -0.002048477763310075 0.0016811422538012281 0.0066999997943639755
v -0.0007730104262009263 0.0006343933055177342 0.004999999888241291
v -0.0007730104262009263 0.0006343933055177337 0.003000000026077032
v -0.0020786740351468325 0.001388925593346358 0.0030000000260770317
v -0.001829233136959374 0.0012222544755786666 0.004000000189989805
v -0.002244967967271805 0.0015000395942479385 0.005499999970197678
v -0.002702276222407818 0.001805603271350266 0.006500000134110451
v -0.0024944087490439415 0.0016667107120156303 0.007000000216066837
v -0.002203394426032901 0.0014722611522302047 0.0066999997943639755
v -0.0008314696024172008 0.000555570237338544 0.004999999888241291
v -0.0008314696024172008 0.0005555702373385436 0.003000000026077032
v -0.0022048030514270067 0.0011784918606281287 0.0030000000260770317
v -0.0019402267644181848 0.001037072855979205 0.004000000189989805
v -0.0023811873979866505 0.001272771158255638 0.005499999970197678
v -0.002866244176402688 0.0015320393722504393 0.006500000134110451
v -0.0026457638014107943 0.001414190162904562 0.007000000216066837
v -0.0023370913695544004 0.0012492013629525915 0.0066999997943639755
v -0.0008819212671369314 0.0004713967500720184 0.004999999888241291
v -0.0008819212671369314 0.00047139675007201796 0.003000000026077032
v -0.0023096988443285227 0.0009567085653543479 0.003000000026077032
v -0.0020325349178165197 0.0008419035584665844 0.004000000189989805
v -0.0024944746401160955 0.0010332452366128577 0.005499999970197678
v -0.0030026084277778864 0.0012437211116775886 0.006500000134110451
v -0.0027716385666280985 0.0011480503017082826 0.007000000216066837
v -0.002448280807584524 0.001014111097902061 0.0066999997943639755
v -0.0009238795610144734 0.00038268344360403825 0.004999999888241291
v -0.0009238795610144734 0.0003826834436040378 0.003000000026077032
v -0.0023923509288579226 0.0007257116958498961 0.003000000026077032
v -0.0021052686497569084 0.0006386262830346831 0.004000000189989805
v -0.0025837388820946217 0.0007837686571292591 0.005499999970197678
v -0.0031100560445338488 0.0009434252278879299 0.006500000134110451
v -0.002870820928364992 0.0008708540117368117 0.007000000216066837
v -0.002535891951993108 0.0007692544022575036 0.0066999997943639755
v -0.0009569403482601047 0.00029028468998149146 0.004999999888241291
v -0.0009569403482601047 0.000290284689981491 0.003000000026077032
v -0.0024519632570445538 0.0004877258033957339 0.003000000026077032
v -0.0021577277220785618 0.0004291986988391736 0.004000000189989805
v -0.002648120280355215 0.0005267438828013849 0.005499999970197678
v -0.0031875520944595337 0.0006340435356833055 0.006500000134110451
v -0.002942355815321207 0.0005852709873579458 0.007000000216066837
v -0.0025990810245275497 0.0005169893265701846 0.0066999997943639755
v -0.0009807852329686284 0.00019509032426867745 0.004999999888241291
v -0.0009807852329686284 0.00019509032426867702 0.003000000026077032
v -0.0024879619013518095 0.0002450428437441594 0.003000000026077032
v -0.0021894064266234636 0.0002156377158826226 0.004000000189989805
v -0.0026869988068938255 0.00026464628172107166 0.005499999970197678
v -0.0032343503553420305 0.0003185557143297061 0.006500000134110451
v -0.0029855542816221714 0.00029405142413452425 0.007000000216066837
v -0.0026372396387159824 0.00025974542950280157 0.0066999997943639755
v -0.0009951847605407238 0.00009801713895285613 0.004999999888241291
v -0.0009951847605407238 0.00009801713895285568 0.003000000026077032
v -0.0024999999441206455 1.1253763799450385e-18 0.003000000026077032
v -0.002199999988079071 1.2923118965628671e-18 0.004000000189989805
v -0.0027000000700354576 1.7172272618528152e-18 0.005499999970197678
v -0.0032500000670552254 2.0403052941546688e-18 0.006500000134110451
v -0.003000000026077032 2.105403322688038e-18 0.007000000216066837
v -0.0026499999221414328 1.974495890294504e-18 0.0066999997943639755
v -0.0010000000474974513 1.2939200132218526e-18 0.004999999888241291
v -0.0010000000474974513 8.498308339774727e-19 0.003000000026077032
v -0.0024879619013518095 -0.0002450428437441581 0.003000000026077032
v -0.0021894064266234636 -0.0002156377158826208 0.004000000189989805
v -0.0026869988068938255 -0.00026464628172106916 0.005499999970197678
v -0.0032343503553420305 -0.0003185557143297032 0.006500000134110451
v -0.0029855542816221714 -0.0002940514241345211 0.007000000216066837
v -0.0026372396387159824 -0.00025974542950279864 0.0066999997943639755
v -0.0009951847605407238 -0.00009801713895285391 0.004999999888241291
v -0.0009951847605407238 -0.00009801713895285436 0.003000000026077032
v -0.0024519632570445538 -0.0004877258033957326 0.003000000026077032
v -0.0021577277220785618 -0.00042919869883917185 0.004000000189989805
v -0.002648120280355215 -0.0005267438828013825 0.005499999970197678
v -0.0031875520944595337 -0.0006340435356833027 0.006500000134110451
v -0.002942355815321207 -0.0005852709873579427 0.007000000216066837
v -0.0025990810245275497 -0.0005169893265701815 0.0066999997943639755
v -0.0009807852329686284 -0.00019509032426867523 0.004999999888241291
v -0.0009807852329686284 -0.00019509032426867566 0.003000000026077032
v -0.0023923509288579226 -0.0007257116958498948 0.003000000026077032
v -0.0021052686497569084 -0.0006386262830346814 0.004000000189989805
v -0.0025837388820946217 -0.0007837686571292567 0.005499999970197678
v -0.0031100560445338488 -0.0009434252278879271 0.006500000134110451
v -0.002870820928364992 -0.0008708540117368087 0.007000000216066837
v -0.002535891951993108 -0.0007692544022575006 0.0066999997943639755
v -0.0009569403482601047 -0.0002902846899814893 0.004999999888241291
v -0.0009569403482601047 -0.0002902846899814897 0.003000000026077032
v -0.0023096988443285227 -0.0009567085653543466 0.003000000026077032
v -0.0020325349178165197 -0.0008419035584665826 0.004000000189989805
v -0.0024944746401160955 -0.001033245236612855 0.005499999970197678
v -0.0030026084277778864 -0.0012437211116775855 0.006500000134110451
v -0.0027716385666280985 -0.0011480503017082795 0.007000000216066837
v -0.002448280807584524 -0.001014111097902058 0.0066999997943639755
v -0.0009238795610144734 -0.0003826834436040361 0.004999999888241291
v -0.0009238795610144734 -0.0003826834436040365 0.003000000026077032
v -0.0022048030514270067 -0.0011784918606281274 0.0030000000260770325
v -0.0019402267644181848 -0.0010370728559792033 0.004000000189989805
v -0.0023811873979866505 -0.0012727711582556354 0.005499999970197678
v -0.002866244176402688 -0.0015320393722504362 0.006500000134110451
v -0.0026457638014107943 -0.001414190162904559 0.007000000216066837
v -0.0023370913695544004 -0.0012492013629525885 0.0066999997943639755
v -0.0008819212671369314 -0.00047139675007201623 0.004999999888241291
v -0.0008819212671369314 -0.00047139675007201666 0.003000000026077032
v -0.0020786740351468325 -0.0013889255933463567 0.0030000000260770325
v -0.001829233136959374 -0.0012222544755786649 0.004000000189989805
v -0.002244967967271805 -0.001500039594247936 0.005499999970197678
v -0.002702276222407818 -0.001805603271350263 0.006500000134110451
v -0.0024944087490439415 -0.0016667107120156273 0.007000000216066837
v -0.002203394426032901 -0.0014722611522302016 0.0066999997943639755
v -0.0008314696024172008 -0.0005555702373385419 0.004999999888241291
v -0.0008314696024172008 -0.0005555702373385423 0.003000000026077032
v -0.0019325261237099767 -0.0015859832055866712 0.0030000000260770325
v -0.0017006229609251022 -0.0013956652255728832 0.004000000189989805
v -0.0020871281158179045 -0.0017128618201240884 0.005499999970197678
v -0.0025122840888798237 -0.002061778213828801 0.006500000134110452
v -0.0023190313950181007 -0.001903179800137876 0.007000000216066837
v -0.002048477763310075 -0.001681142253801225 0.0066999997943639755
v -0.0007730104262009263 -0.000634393305517732 0.004999999888241291
v -0.0007730104262009263 -0.0006343933055177324 0.003000000026077032
v -0.0017677668947726488 -0.0017677668947726482 0.0030000000260770325
v -0.0015556348953396082 -0.0015556348953396073 0.004000000189989805
v -0.001909188344143331 -0.0019091883441433297 0.005499999970197678
v -0.002298097126185894 -0.0022980971261858927 0.006500000134110452
v -0.00212132022716105 -0.002121320227161048 0.007000000216066838
v -0.001873833010904491 -0.0018738330109044894 0.0066999997943639755
v -0.0007071067811921239 -0.0007071067811921228 0.004999999888241291
v -0.0007071067811921239 -0.0007071067811921232 0.003000000026077032
v -0.0015859832055866718 -0.001932526123709976 0.0030000000260770325
v -0.001395665225572884 -0.0017006229609251014 0.004000000189989805
v -0.0017128618201240897 -0.002087128115817903 0.0054999999701976785
v -0.002061778213828802 -0.0025122840888798224 0.006500000134110452
v -0.0019031798001378775 -0.002319031395018099 0.007000000216066838
v -0.0016811422538012266 -0.0020484777633100735 0.006699999794363976
v -0.0006343933055177331 -0.0007730104262009252 0.004999999888241291
v -0.0006343933055177331 -0.0007730104262009257 0.003000000026077032
v -0.0013889255933463573 -0.0020786740351468316 0.0030000000260770325
v -0.0012222544755786657 -0.001829233136959373 0.004000000189989805
v -0.0015000395942479372 -0.0022449679672718035 0.0054999999701976785
v -0.0018056032713502645 -0.0027022762224078165 0.006500000134110452
v -0.0016667107120156288 -0.0024944087490439398 0.007000000216066838
v -0.0014722611522302032 -0.0022033944260328995 0.006699999794363976
v -0.0005555702373385429 -0.0008314696024171997 0.004999999888241291
v -0.0005555702373385429 -0.0008314696024172002 0.003000000026077032
v -0.001178491860628128 -0.002204803051427006 0.0030000000260770325
v -0.0010370728559792042 -0.0019402267644181839 0.004000000189989805
v -0.0012727711582556367 -0.002381187397986649 0.0054999999701976785
v -0.0015320393722504377 -0.0028662441764026867 0.006500000134110452
v -0.0014141901629045606 -0.0026457638014107925 0.007000000216066838
v -0.00124920136295259 -0.002337091369554399 0.006699999794363976
v -0.0004713967500720173 -0.0008819212671369303 0.004999999888241291
v -0.0004713967500720173 -0.0008819212671369308 0.003000000026077032
v -0.0009567085653543472 -0.002309698844328522 0.0030000000260770325
v -0.0008419035584665835 -0.002032534917816519 0.004000000189989806
v -0.0010332452366128564 -0.0024944746401160942 0.0054999999701976785
v -0.001243721111677587 -0.003002608427777885 0.006500000134110452
v -0.001148050301708281 -0.0027716385666280968 0.007000000216066838
v -0.0010141110979020596 -0.002448280807584523 0.006699999794363976
v -0.00038268344360403717 -0.0009238795610144724 0.004999999888241291
v -0.00038268344360403717 -0.0009238795610144728 0.003000000026077032
v -0.0007257116958498955 -0.0023923509288579217 0.0030000000260770325
v -0.0006386262830346823 -0.0021052686497569075 0.004000000189989806
v -0.0007837686571292579 -0.0025837388820946204 0.0054999999701976785
v -0.0009434252278879285 -0.0031100560445338475 0.006500000134110452
v -0.0008708540117368102 -0.0028708209283649904 0.007000000216066838
v -0.0007692544022575021 -0.0025358919519931065 0.006699999794363976
v -0.0002902846899814904 -0.0009569403482601036 0.004999999888241291
v -0.0002902846899814904 -0.000956940348260104 0.003000000026077032
v -0.00048772580339573324 -0.002451963257044553 0.0030000000260770325
v -0.0004291986988391727 -0.002157727722078561 0.004000000189989806
v -0.0005267438828013837 -0.0026481202803552138 0.0054999999701976785
v -0.0006340435356833041 -0.0031875520944595324 0.006500000134110452
v -0.0005852709873579443 -0.0029423558153212053 0.007000000216066838
v -0.000516989326570183 -0.0025990810245275484 0.006699999794363976
v -0.00019509032426867634 -0.0009807852329686273 0.004999999888241291
v -0.00019509032426867634 -0.0009807852329686278 0.0030000000260770325
v -0.00024504284374415874 -0.0024879619013518086 0.0030000000260770325
v -0.0002156377158826217 -0.0021894064266234628 0.004000000189989806
v -0.0002646462817210704 -0.0026869988068938242 0.0054999999701976785
v -0.00031855571432970464 -0.0032343503553420292 0.006500000134110452
v -0.0002940514241345227 -0.0029855542816221697 0.007000000216066838
v -0.0002597454295028001 -0.002637239638715981 0.006699999794363976
v -0.00009801713895285502 -0.0009951847605407227 0.004999999888241291
v -0.00009801713895285502 -0.0009951847605407232 0.0030000000260770325
v -6.12323395273311e-19 -0.0024999999441206447 0.0030000000260770325
v -5.388445795687075e-19 -0.00219999998807907 0.004000000189989806
v -6.613092896426427e-19 -0.0027000000700354563 0.0054999999701976785
v -7.960204086854254e-19 -0.003250000067055224 0.006500000134110452
v -7.347880536484578e-19 -0.0030000000260770304 0.007000000216066838
v -6.490628289750068e-19 -0.0026499999221414315 0.006699999794363976
v -2.4492936844908204e-19 -0.0010000000474974502 0.004999999888241291
v -2.4492936844908204e-19 -0.0010000000474974507 0.0030000000260770325
vt 0 0
vt 0 0.1428571492433548
vt 0 0.2857142984867096
vt 0 0.4285714328289032
vt 0 0.5714285969734192
vt 0 0.7142857313156128
vt 0 0.8571428656578064
vt 0 1
vt 0.015625 0
vt 0.015625 0.1428571492433548
vt 0.015625 0.2857142984867096
vt 0.015625 0.4285714328289032
vt 0.015625 0.5714285969734192
vt 0.015625 0.7142857313156128
vt 0.015625 0.8571428656578064
vt 0.015625 1
vt 0.03125 0
vt 0.03125 0.1428571492433548
vt 0.03125 0.2857142984867096
vt 0.03125 0.4285714328289032
vt 0.03125 0.5714285969734192
vt 0.03125 0.7142857313156128
vt 0.03125 0.8571428656578064
vt 0.03125 1
vt 0.046875 0
vt 0.046875 0.1428571492433548
vt 0.046875 0.2857142984867096
vt 0.046875 0.4285714328289032
vt 0.046875 0.5714285969734192
vt 0.046875 0.7142857313156128
vt 0.046875 0.8571428656578064
vt 0.046875 1
vt 0.0625 0
vt 0.0625 0.1428571492433548
vt 0.0625 0.2857142984867096
vt 0.0625 0.4285714328289032
vt 0.0625 0.5714285969734192
vt 0.0625 0.7142857313156128
vt 0.0625 0.8571428656578064
vt 0.0625 1
vt 0.078125 0
vt 0.078125 0.1428571492433548
vt 0.078125 0.2857142984867096
vt 0.078125 0.4285714328289032
vt 0.078125 0.5714285969734192
vt 0.078125 0.7142857313156128
vt 0.078125 0.8571428656578064
vt 0.078125 1
vt 0.09375 0
vt 0.09375 0.1428571492433548
vt 0.09375 0.2857142984867096
vt 0.09375 0.4285714328289032
vt 0.09375 0.5714285969734192
vt 0.09375 0.7142857313156128
vt 0.09375 0.8571428656578064
vt 0.09375 1
vt 0.109375 0
vt 0.109375 0.1428571492433548
vt 0.109375 0.2857142984867096
vt 0.109375 0.4285714328289032
vt 0.109375 0.5714285969734192
vt 0.109375 0.7142857313156128
vt 0.109375 0.8571428656578064
vt 0.109375 1
vt 0.125 0
vt 0.125 0.1428571492433548
vt 0.125 0.2857142984867096
vt 0.125 0.4285714328289032
vt 0.125 0.5714285969734192
vt 0.125 0.7142857313156128
vt 0.125 0.8571428656578064
vt 0.125 1
vt 0.140625 0
vt 0.140625 0.1428571492433548
vt 0.140625 0.2857142984867096
vt 0.140625 0.4285714328289032
vt 0.140625 0.5714285969734192
vt 0.140625 0.7142857313156128
vt 0.140625 0.8571428656578064
vt 0.140625 1
vt 0.15625 0
vt 0.15625 0.1428571492433548
vt 0.15625 0.2857142984867096
vt 0.15625 0.4285714328289032
vt 0.15625 0.5714285969734192
vt 0.15625 0.7142857313156128
vt 0.15625 0.8571428656578064
vt 0.15625 1
vt 0.171875 0
vt 0.171875 0.1428571492433548
vt 0.171875 0.2857142984867096
vt 0.171875 0.4285714328289032
vt 0.171875 0.5714285969734192
vt 0.171875 0.7142857313156128
vt 0.171875 0.8571428656578064
vt 0.171875 1
vt 0.1875 0
vt 0.1875 0.1428571492433548
vt 0.1875 0.2857142984867096
vt 0.1875 0.4285714328289032
vt 0.1875 0.5714285969734192
vt 0.1875 0.7142857313156128
vt 0.1875 0.8571428656578064
vt 0.1875 1
vt 0.203125 0
vt 0.203125 0.1428571492433548
vt 0.203125 0.2857142984867096
vt 0.203125 0.4285714328289032
vt 0.203125 0.5714285969734192
vt 0.203125 0.7142857313156128
vt 0.203125 0.8571428656578064
vt 0.203125 1
vt 0.21875 0
vt 0.21875 0.1428571492433548
vt 0.21875 0.2857142984867096
vt 0.21875 0.4285714328289032
vt 0.21875 0.5714285969734192
vt 0.21875 0.7142857313156128
vt 0.21875 0.8571428656578064
vt 0.21875 1
vt 0.234375 0
vt 0.234375 0.1428571492433548
vt 0.234375 0.2857142984867096
vt 0.234375 0.4285714328289032
vt 0.234375 0.5714285969734192
vt 0.234375 0.7142857313156128
vt 0.234375 0.8571428656578064
vt 0.234375 1
vt 0.25 0
vt 0.25 0.1428571492433548
vt 0.25 0.2857142984867096
vt 0.25 0.4285714328289032
vt 0.25 0.5714285969734192
vt 0.25 0.7142857313156128
vt 0.25 0.8571428656578064
vt 0.25 1
vt 0.265625 0
vt 0.265625 0.1428571492433548
vt 0.265625 0.2857142984867096
vt 0.265625 0.4285714328289032
vt 0.265625 0.5714285969734192
vt 0.265625 0.7142857313156128
vt 0.265625 0.8571428656578064
vt 0.265625 1
vt 0.28125 0
vt 0.28125 0.1428571492433548
vt 0.28125 0.2857142984867096
vt 0.28125 0.4285714328289032
vt 0.28125 0.5714285969734192
vt 0.28125 0.7142857313156128
vt 0.28125 0.8571428656578064
vt 0.28125 1
vt 0.296875 0
vt 0.296875 0.1428571492433548
vt 0.296875 0.2857142984867096
vt 0.296875 0.4285714328289032
vt 0.296875 0.5714285969734192
vt 0.296875 0.7142857313156128
vt 0.296875 0.8571428656578064
vt 0.296875 1
vt 0.3125 0
vt 0.3125 0.1428571492433548
vt 0.3125 0.2857142984867096
vt 0.3125 0.4285714328289032
vt 0.3125 0.5714285969734192
vt 0.3125 0.7142857313156128
vt 0.3125 0.8571428656578064
vt 0.3125 1
vt 0.328125 0
vt 0.328125 0.1428571492433548
vt 0.328125 0.2857142984867096
vt 0.328125 0.4285714328289032
vt 0.328125 0.5714285969734192
vt 0.328125 0.7142857313156128
vt 0.328125 0.8571428656578064
vt 0.328125 1
vt 0.34375 0
vt 0.34375 0.1428571492433548
vt 0.34375 0.2857142984867096
vt 0.34375 0.4285714328289032
vt 0.34375 0.5714285969734192
vt 0.34375 0.7142857313156128
vt 0.34375 0.8571428656578064
vt 0.34375 1
vt 0.359375 0
vt 0.359375 0.1428571492433548
vt 0.359375 0.2857142984867096
vt 0.359375 0.4285714328289032
vt 0.359375 0.5714285969734192
vt 0.359375 0.7142857313156128
vt 0.359375 0.8571428656578064
vt 0.359375 1
vt 0.375 0
vt 0.375 0.1428571492433548
vt 0.375 0.2857142984867096
vt 0.375 0.4285714328289032
vt 0.375 0.5714285969734192
vt 0.375 0.7142857313156128
vt 0.375 0.8571428656578064
vt 0.375 1
vt 0.390625 0
vt 0.390625 0.1428571492433548
vt 0.390625 0.2857142984867096
vt 0.390625 0.4285714328289032
vt 0.390625 0.5714285969734192
vt 0.390625 0.7142857313156128
vt 0.390625 0.8571428656578064
vt 0.390625 1
vt 0.40625 0
vt 0.40625 0.1428571492433548
vt 0.40625 0.2857142984867096
vt 0.40625 0.4285714328289032
vt 0.40625 0.5714285969734192
vt 0.40625 0.7142857313156128
vt 0.40625 0.8571428656578064
vt 0.40625 1
vt 0.421875 0
vt 0.421875 0.1428571492433548
vt 0.421875 0.2857142984867096
vt 0.421875 0.4285714328289032
vt 0.421875 0.5714285969734192
vt 0.421875 0.7142857313156128
vt 0.421875 0.8571428656578064
vt 0.421875 1
vt 0.4375 0
vt 0.4375 0.1428571492433548
vt 0.4375 0.2857142984867096
vt 0.4375 0.4285714328289032
vt 0.4375 0.5714285969734192
vt 0.4375 0.7142857313156128
vt 0.4375 0.8571428656578064
vt 0.4375 1
vt 0.453125 0
vt 0.453125 0.1428571492433548
vt 0.453125 0.2857142984867096
vt 0.453125 0.4285714328289032
vt 0.453125 0.5714285969734192
vt 0.453125 0.7142857313156128
vt 0.453125 0.8571428656578064
vt 0.453125 1
vt 0.46875 0
vt 0.46875 0.1428571492433548
vt 0.46875 0.2857142984867096
vt 0.46875 0.4285714328289032
vt 0.46875 0.5714285969734192
vt 0.46875 0.7142857313156128
vt 0.46875 0.8571428656578064
vt 0.46875 1
vt 0.484375 0
vt 0.484375 0.1428571492433548
vt 0.484375 0.2857142984867096
vt 0.484375 0.4285714328289032
vt 0.484375 0.5714285969734192
vt 0.484375 0.7142857313156128
vt 0.484375 0.8571428656578064
vt 0.484375 1
vt 0.5 0
vt 0.5 0.1428571492433548
vt 0.5 0.2857142984867096
vt 0.5 0.4285714328289032
vt 0.5 0.5714285969734192
vt 0.5 0.7142857313156128
vt 0.5 0.8571428656578064
vt 0.5 1
vt 0.515625 0
vt 0.515625 0.1428571492433548
vt 0.515625 0.2857142984867096
vt 0.515625 0.4285714328289032
vt 0.515625 0.5714285969734192
vt 0.515625 0.7142857313156128
vt 0.515625 0.8571428656578064
vt 0.515625 1
vt 0.53125 0
vt 0.53125 0.1428571492433548
vt 0.53125 0.2857142984867096
vt 0.53125 0.4285714328289032
vt 0.53125 0.5714285969734192
vt 0.53125 0.7142857313156128
vt 0.53125 0.8571428656578064
vt 0.53125 1
vt 0.546875 0
vt 0.546875 0.1428571492433548
vt 0.546875 0.2857142984867096
vt 0.546875 0.4285714328289032
vt 0.546875 0.5714285969734192
vt 0.546875 0.7142857313156128
vt 0.546875 0.8571428656578064
vt 0.546875 1
vt 0.5625 0
vt 0.5625 0.1428571492433548
vt 0.5625 0.2857142984867096
vt 0.5625 0.4285714328289032
vt 0.5625 0.5714285969734192
vt 0.5625 0.7142857313156128
vt 0.5625 0.8571428656578064
vt 0.5625 1
vt 0.578125 0
vt 0.578125 0.1428571492433548
vt 0.578125 0.2857142984867096
vt 0.578125 0.4285714328289032
vt 0.578125 0.5714285969734192
vt 0.578125 0.7142857313156128
vt 0.578125 0.8571428656578064
vt 0.578125 1
vt 0.59375 0
vt 0.59375 0.1428571492433548
vt 0.59375 0.2857142984867096
vt 0.59375 0.4285714328289032
vt 0.59375 0.5714285969734192
vt 0.59375 0.7142857313156128
vt 0.59375 0.8571428656578064
vt 0.59375 1
vt 0.609375 0
vt 0.609375 0.1428571492433548
vt 0.609375 0.2857142984867096
vt 0.609375 0.4285714328289032
vt 0.609375 0.5714285969734192
vt 0.609375 0.7142857313156128
vt 0.609375 0.8571428656578064
vt 0.609375 1
vt 0.625 0
vt 0.625 0.1428571492433548
vt 0.625 0.2857142984867096
vt 0.625 0.4285714328289032
vt 0.625 0.5714285969734192
vt 0.625 0.7142857313156128
vt 0.625 0.8571428656578064
vt 0.625 1
vt 0.640625 0
vt 0.640625 0.1428571492433548
vt 0.640625 0.2857142984867096
vt 0.640625 0.4285714328289032
vt 0.640625 0.5714285969734192
vt 0.640625 0.7142857313156128
vt 0.640625 0.8571428656578064
vt 0.640625 1
vt 0.65625 0
vt 0.65625 0.1428571492433548
vt 0.65625 0.2857142984867096
vt 0.65625 0.4285714328289032
vt 0.65625 0.5714285969734192
vt 0.65625 0.7142857313156128
vt 0.65625 0.8571428656578064
vt 0.65625 1
vt 0.671875 0
vt 0.671875 0.1428571492433548
vt 0.671875 0.2857142984867096
vt 0.671875 0.4285714328289032
vt 0.671875 0.5714285969734192
vt 0.671875 0.7142857313156128
vt 0.671875 0.8571428656578064
vt 0.671875 1
vt 0.6875 0
vt 0.6875 0.1428571492433548
vt 0.6875 0.2857142984867096
vt 0.6875 0.4285714328289032
vt 0.6875 0.5714285969734192
vt 0.6875 0.7142857313156128
vt 0.6875 0.8571428656578064
vt 0.6875 1
vt 0.703125 0
vt 0.703125 0.1428571492433548
vt 0.703125 0.2857142984867096
vt 0.703125 0.4285714328289032
vt 0.703125 0.5714285969734192
vt 0.703125 0.7142857313156128
vt 0.703125 0.8571428656578064
vt 0.703125 1
vt 0.71875 0
vt 0.71875 0.1428571492433548
vt 0.71875 0.2857142984867096
vt 0.71875 0.4285714328289032
vt 0.71875 0.5714285969734192
vt 0.71875 0.7142857313156128
vt 0.71875 0.8571428656578064
vt 0.71875 1
vt 0.734375 0
vt 0.734375 0.1428571492433548
vt 0.734375 0.2857142984867096
vt 0.734375 0.4285714328289032
vt 0.734375 0.5714285969734192
vt 0.734375 0.7142857313156128
vt 0.734375 0.8571428656578064
vt 0.734375 1
vt 0.75 0
vt 0.75 0.1428571492433548
vt 0.75 0.2857142984867096
vt 0.75 0.4285714328289032
vt 0.75 0.5714285969734192
vt 0.75 0.7142857313156128
vt 0.75 0.8571428656578064
vt 0.75 1
vt 0.765625 0
vt 0.765625 0.1428571492433548
vt 0.765625 0.2857142984867096
vt 0.765625 0.4285714328289032
vt 0.765625 0.5714285969734192
vt 0.765625 0.7142857313156128
vt 0.765625 0.8571428656578064
vt 0.765625 1
vt 0.78125 0
vt 0.78125 0.1428571492433548
vt 0.78125 0.2857142984867096
vt 0.78125 0.4285714328289032
vt 0.78125 0.5714285969734192
vt 0.78125 0.7142857313156128
vt 0.78125 0.8571428656578064
vt 0.78125 1
vt 0.796875 0
vt 0.796875 0.1428571492433548
vt 0.796875 0.2857142984867096
vt 0.796875 0.4285714328289032
vt 0.796875 0.5714285969734192
vt 0.796875 0.7142857313156128
vt 0.796875 0.8571428656578064
vt 0.796875 1
vt 0.8125 0
vt 0.8125 0.1428571492433548
vt 0.8125 0.2857142984867096
vt 0.8125 0.4285714328289032
vt 0.8125 0.5714285969734192
vt 0.8125 0.7142857313156128
vt 0.8125 0.8571428656578064
vt 0.8125 1
vt 0.828125 0
vt 0.828125 0.1428571492433548
vt 0.828125 0.2857142984867096
vt 0.828125 0.4285714328289032
vt 0.828125 0.5714285969734192
vt 0.828125 0.7142857313156128
vt 0.828125 0.8571428656578064
vt 0.828125 1
vt 0.84375 0
vt 0.84375 0.1428571492433548
vt 0.84375 0.2857142984867096
vt 0.84375 0.4285714328289032
vt 0.84375 0.5714285969734192
vt 0.84375 0.7142857313156128
vt 0.84375 0.8571428656578064
vt 0.84375 1
vt 0.859375 0
vt 0.859375 0.1428571492433548
vt 0.859375 0.2857142984867096
vt 0.859375 0.4285714328289032
vt 0.859375 0.5714285969734192
vt 0.859375 0.7142857313156128
vt 0.859375 0.8571428656578064
vt 0.859375 1
vt 0.875 0
vt 0.875 0.1428571492433548
vt 0.875 0.2857142984867096
vt 0.875 0.4285714328289032
vt 0.875 0.5714285969734192
vt 0.875 0.7142857313156128
vt 0.875 0.8571428656578064
vt 0.875 1
vt 0.890625 0
vt 0.890625 0.1428571492433548
vt 0.890625 0.2857142984867096
vt 0.890625 0.4285714328289032
vt 0.890625 0.5714285969734192
vt 0.890625 0.7142857313156128
vt 0.890625 0.8571428656578064
vt 0.890625 1
vt 0.90625 0
vt 0.90625 0.1428571492433548
vt 0.90625 0.2857142984867096
vt 0.90625 0.4285714328289032
vt 0.90625 0.5714285969734192
vt 0.90625 0.7142857313156128
vt 0.90625 0.8571428656578064
vt 0.90625 1
vt 0.921875 0
vt 0.921875 0.1428571492433548
vt 0.921875 0.2857142984867096
vt 0.921875 0.4285714328289032
vt 0.921875 0.5714285969734192
vt 0.921875 0.7142857313156128
vt 0.921875 0.8571428656578064
vt 0.921875 1
vt 0.9375 0
vt 0.9375 0.1428571492433548
vt 0.9375 0.2857142984867096
vt 0.9375 0.4285714328289032
vt 0.9375 0.5714285969734192
vt 0.9375 0.7142857313156128
vt 0.9375 0.8571428656578064
vt 0.9375 1
vt 0.953125 0
vt 0.953125 0.1428571492433548
vt 0.953125 0.2857142984867096
vt 0.953125 0.4285714328289032
vt 0.953125 0.5714285969734192
vt 0.953125 0.7142857313156128
vt 0.953125 0.8571428656578064
vt 0.953125 1
vt 0.96875 0
vt 0.96875 0.1428571492433548
vt 0.96875 0.2857142984867096
vt 0.96875 0.4285714328289032
vt 0.96875 0.5714285969734192
vt 0.96875 0.7142857313156128
vt 0.96875 0.8571428656578064
vt 0.96875 1
vt 0.984375 0
vt 0.984375 0.1428571492433548
vt 0.984375 0.2857142984867096
vt 0.984375 0.4285714328289032
vt 0.984375 0.5714285969734192
vt 0.984375 0.7142857313156128
vt 0.984375 0.8571428656578064
vt 0.984375 1
vt 1 0
vt 1 0.1428571492433548
vt 1 0.2857142984867096
vt 1 0.4285714328289032
vt 1 0.5714285969734192
vt 1 0.7142857313156128
vt 1 0.8571428656578064
vt 1 1
vn 0 -0.9578262835806566 0.28734789103466185
vn 0 -0.9968152781807713 -0.07974522672480991
vn 0 -0.9219821068841695 -0.38723248131507226
vn 0 -0.9805806762640418 -0.19611613227257593
vn 0 -0.31622775707614115 0.948683301030746
vn 0 0.7071067811865477 0.7071067811865475
vn 0 0.9133018848778011 0.4072832762079188
vn 0 1 -2.220446049250313e-16
vn 0.09388339354079578 -0.9532140921484474 0.28734787792304173
vn 0.0977049821483291 -0.9920153404707756 -0.07974522389488876
vn 0.09037005099736306 -0.9175425114443749 -0.3872324800105011
vn 0.09611371021437497 -0.9758589127499148 -0.1961161317061435
vn 0.03099574078642306 -0.3147050369226412 0.948683300047292
vn -0.0693085877351013 0.7037018671185065 0.7071067825159747
vn -0.08951924084940499 0.9089040846315072 0.4072832803564467
vn -0.09801713566237077 0.995184727131875 -2.2097539956342227e-16
vn 0.18686263816228355 -0.9394219199674657 0.28734789148986567
vn 0.1944690239776349 -0.9776617500090274 -0.07974522733350348
vn 0.1798697862563607 -0.9042664783981557 -0.38723248318999437
vn 0.19130179860117902 -0.9617390921256391 -0.19611614040997602
vn 0.06169297392241197 -0.310151539456094 0.9486832978089282
vn -0.13794968878491518 0.6935199426845903 0.7071067617148826
vn -0.17817636142059487 0.8957530414848892 0.40728328335629954
vn -0.1950903332591625 0.9807852781668519 -2.1777807960684557e-16
vn 0.27804229316785123 -0.9165826059188568 0.28734788973813685
vn 0.2893601902705334 -0.9538927505252689 -0.07974522419517102
vn 0.26763728857569424 -0.8822818595140214 -0.38723249106490404
vn 0.2846475605564794 -0.9383571954856347 -0.19611613893195964
vn 0.09179607550170936 -0.30261110505812244 0.948683297849175
vn -0.2052622623691333 0.6766590002630193 0.7071067819008356
vn -0.26511755868291587 0.8739754054730801 0.4072832806612324
vn -0.2902846854289817 0.9569403332524954 -2.1248343823387814e-16
vn 0.3665442389817506 -0.8849161081583284 0.28734787695615016
vn 0.3814646878818798 -0.9209372350825409 -0.07974522517182349
vn 0.35282728490392995 -0.8518003921420856 -0.3872324869815424
vn 0.3752519886586134 -0.9059384111143546 -0.1961161397625262
vn 0.12101512109798788 -0.29215636143252427 0.9486832985460151
vn -0.2705980511147485 0.6532815030743457 0.7071067617226011
vn -0.3495055073758819 0.843780919044383 0.4072832687093148
vn -0.3826834318807331 0.9238795327119138 -2.0514246583933944e-16
vn 0.45151617153358076 -0.8447273788232819 0.28734787681485674
vn 0.4698954748267897 -0.8791125877416665 -0.07974522438025296
vn 0.43461937506701126 -0.8131156116340937 -0.38723248951150024
vn 0.46224253288119765 -0.8647949493231047 -0.19611612993536173
vn 0.14906873971450646 -0.27888798100789974 0.9486833006273833
vn -0.33332782917598325 0.6236125218407482 0.7071067676809838
vn -0.43052754289108824 0.8054603428603513 0.4072832808886802
vn -0.47139674596924624 0.8819212594611868 -1.9582585763204526e-16
vn 0.5321397694564937 -0.7964034546635759 0.2873478782986076
vn 0.5538008918539427 -0.8288216158638051 -0.07974522718438376
vn 0.512225797780095 -0.7666001186193317 -0.3872324756801423
vn 0.544781433845938 -0.8153230359168447 -0.19611612998451566
vn 0.1756867274977664 -0.26293378404363366 0.9486832975179974
vn -0.39284748855870727 0.5879377874929518 0.7071067873885876
vn -0.5074033132166769 0.759382783024242 0.40728327559954636
vn -0.5555702405718999 0.8314696072562613 -1.8462334045038748e-16
vn 0.6076385471142792 -0.7404097431123516 0.2873478873511156
vn 0.6323729110739641 -0.7705486359902635 -0.07974522501933644
vn 0.584899253602669 -0.7127018059052251 -0.3872324870080913
vn 0.6220737751132273 -0.7579991288979688 -0.19611613627210348
vn 0.20061276433835318 -0.2444473602946083 0.948683301649988
vn -0.4485837867975273 0.5466009440312734 0.7071067770899324
vn -0.5793925938829169 0.7059919017571585 0.4072832635978747
vn -0.6343933102436291 0.773010431959447 -1.716427959673632e-16
vn 0.6772854596140875 -0.6772854596140874 0.28734789435572505
vn 0.7048548428751382 -0.7048548428751382 -0.07974522525473497
vn 0.6519398010394575 -0.6519398010394576 -0.38723247751352763
vn 0.6933752447709296 -0.6933752447709296 -0.19611613874871983
vn 0.22360679037100567 -0.22360679037100545 0.9486833015289952
vn -0.5000000042785677 0.5000000042785678 0.7071067751357387
vn -0.6458019569263881 0.6458019569263882 0.4072832734843095
vn -0.7071067811865476 0.7071067811865476 -1.5700924586837752e-16
vn 0.7404097431123517 -0.6076385471142791 0.28734788735111555
vn 0.7705486359902635 -0.6323729110739641 -0.07974522501933647
vn 0.712701805905225 -0.5848992536026691 -0.3872324870080914
vn 0.7579991288979688 -0.6220737751132273 -0.1961161362721035
vn 0.24444736029460853 -0.20061276433835296 0.948683301649988
vn -0.5466009440312732 0.4485837867975275 0.7071067770899324
vn -0.7059919017571584 0.579392593882917 0.40728326359787476
vn -0.773010431959447 0.6343933102436291 -1.4086361194012944e-16
vn 0.796403454663576 -0.5321397694564935 0.28734787829860753
vn 0.8288216158638051 -0.5538008918539427 -0.07974522718438382
vn 0.7666001186193316 -0.5122257977800951 -0.38723247568014235
vn 0.8153230359168447 -0.544781433845938 -0.19611612998451575
vn 0.26293378404363393 -0.1756867274977662 0.9486832975179975
vn -0.5879377874929517 0.39284748855870744 0.7071067873885876
vn -0.7593827830242419 0.507403313216677 0.4072832755995464
vn -0.8314696072562613 0.5555702405718999 -1.233613745758921e-16
vn 0.8447273788232817 -0.45151617153358065 0.2873478768148566
vn 0.8791125877416665 -0.4698954748267897 -0.07974522438025304
vn 0.8131156116340938 -0.4346193750670115 -0.38723248951150036
vn 0.8647949493231047 -0.4622425328811977 -0.19611612993536182
vn 0.27888798100789997 -0.14906873971450624 0.9486833006273832
vn -0.6236125218407481 0.3333278291759834 0.7071067676809838
vn -0.8054603428603512 0.43052754289108836 0.40728328088868027
vn -0.8819212594611868 0.47139674596924624 -1.0467110422168663e-16
vn 0.8849161081583286 -0.36654423898175054 0.28734787695615
vn 0.9209372350825409 -0.3814646878818798 -0.07974522517182361
vn 0.8518003921420855 -0.35282728490393006 -0.3872324869815425
vn 0.9059384111143544 -0.37525198865861337 -0.19611613976252626
vn 0.2921563614325245 -0.12101512109798768 0.948683298546015
vn -0.6532815030743456 0.27059805111474866 0.7071067617226011
vn -0.8437809190443829 0.349505507375882 0.4072832687093149
vn -0.9238795327119138 0.3826834318807331 -8.497279144331252e-17
vn 0.9165826059188567 -0.2780422931678511 0.2873478897381366
vn 0.9538927505252689 -0.2893601902705334 -0.07974522419517116
vn 0.8822818595140213 -0.26763728857569435 -0.3872324910649042
vn 0.9383571954856347 -0.28464756055647944 -0.1961161389319598
vn 0.30261110505812266 -0.09179607550170915 0.9486832978491749
vn -0.6766590002630192 0.20526226236913347 0.7071067819008358
vn -0.87397540547308 0.265117558682916 0.40728328066123254
vn -0.9569403332524954 0.2902846854289817 -6.445614829186524e-17
vn 0.9394219199674658 -0.1868626381622835 0.2873478914898655
vn 0.9776617500090274 -0.19446902397763494 -0.07974522733350366
vn 0.9042664783981555 -0.17986978625636077 -0.38723248318999454
vn 0.9617390921256391 -0.19130179860117907 -0.1961161404099762
vn 0.31015153945609425 -0.06169297392241176 0.9486832978089281
vn -0.6935199426845902 0.13794968878491534 0.7071067617148827
vn -0.8957530414848891 0.17817636142059495 0.4072832833562997
vn -0.9807852781668519 0.1950903332591625 -4.3318755973223433e-17
vn 0.9532140921484475 -0.09388339354079571 0.2873478779230415
vn 0.9920153404707756 -0.09770498214832911 -0.07974522389488896
vn 0.9175425114443748 -0.09037005099736314 -0.3872324800105013
vn 0.9758589127499148 -0.09611371021437501 -0.1961161317061437
vn 0.3147050369226414 -0.030995740786422848 0.9486833000472918
vn -0.7037018671185064 0.06930858773510146 0.7071067825159748
vn -0.9089040846315071 0.08951924084940509 0.4072832803564469
vn -0.995184727131875 0.09801713566237077 -2.1764176164034316e-17
vn 0.9578262835806567 5.15410298417985e-18 0.28734789103466163
vn 0.9968152781807713 -7.87443313627995e-17 -0.07974522672481013
vn 0.9219821068841694 -1.4243800629357268e-16 -0.3872324813150725
vn 0.9805806762640418 -1.0358977575814014e-16 -0.19611613227257615
vn 0.31622775707614137 1.9128664245915311e-16 0.9486833010307459
vn -0.7071067811865476 2.0030704962652062e-16 0.7071067811865476
vn -0.913301884877801 1.4635866409729458e-16 0.40728327620791904
vn -1 6.123233920389046e-17 -1.3596310567163363e-32
vn 0.9532140921484475 0.09388339354079585 0.2873478779230415
vn 0.9920153404707756 0.09770498214832908 -0.07974522389488901
vn 0.9175425114443748 0.09037005099736298 -0.3872324800105013
vn 0.9758589127499148 0.09611371021437493 -0.19611613170614375
vn 0.3147050369226414 0.03099574078642327 0.9486833000472918
vn -0.7037018671185064 -0.06930858773510115 0.7071067825159748
vn -0.9089040846315071 -0.0895192408494049 0.4072832803564469
vn -0.995184727131875 -0.09801713566237077 2.1764176164034316e-17
vn 0.9394219199674658 0.1868626381622836 0.2873478914898654
vn 0.9776617500090274 0.19446902397763488 -0.07974522733350374
vn 0.9042664783981555 0.1798697862563606 -0.38723248318999465
vn 0.9617390921256391 0.19130179860117896 -0.1961161404099763
vn 0.31015153945609425 0.06169297392241218 0.9486832978089281
vn -0.6935199426845902 -0.137949688784915 0.7071067617148827
vn -0.8957530414848891 -0.1781763614205948 0.4072832833562998
vn -0.9807852781668519 -0.1950903332591625 4.3318755973223433e-17
vn 0.9165826059188567 0.27804229316785123 0.28734788973813646
vn 0.9538927505252689 0.2893601902705334 -0.0797452241951713
vn 0.8822818595140213 0.26763728857569413 -0.3872324910649043
vn 0.9383571954856347 0.28464756055647933 -0.19611613893195992
vn 0.30261110505812266 0.09179607550170957 0.9486832978491749
vn -0.6766590002630192 -0.20526226236913314 0.7071067819008358
vn -0.87397540547308 -0.26511755868291575 0.40728328066123265
vn -0.9569403332524954 -0.2902846854289817 6.445614829186524e-17
vn 0.8849161081583286 0.36654423898175065 0.2873478769561499
vn 0.9209372350825409 0.3814646878818798 -0.07974522517182378
vn 0.8518003921420855 0.35282728490392984 -0.3872324869815426
vn 0.9059384111143544 0.37525198865861326 -0.19611613976252643
vn 0.2921563614325245 0.1210151210979881 0.948683298546015
vn -0.6532815030743456 -0.27059805111474833 0.7071067617226013
vn -0.8437809190443829 -0.34950550737588176 0.407283268709315
vn -0.9238795327119138 -0.3826834318807331 8.497279144331252e-17
vn 0.8447273788232817 0.45151617153358076 0.28734787681485635
vn 0.8791125877416665 0.4698954748267897 -0.07974522438025326
vn 0.8131156116340938 0.43461937506701126 -0.3872324895115006
vn 0.8647949493231047 0.4622425328811976 -0.19611612993536204
vn 0.27888798100789997 0.14906873971450668 0.9486833006273832
vn -0.6236125218407481 -0.3333278291759831 0.707106767680984
vn -0.8054603428603512 -0.43052754289108813 0.4072832808886805
vn -0.8819212594611868 -0.47139674596924624 1.0467110422168663e-16
vn 0.796403454663576 0.5321397694564938 0.2873478782986073
vn 0.828821615863805 0.5538008918539424 -0.07974522718438405
vn 0.7666001186193316 0.5122257977800949 -0.3872324756801426
vn 0.8153230359168447 0.544781433845938 -0.19611612998451597
vn 0.26293378404363393 0.17568672749776665 0.9486832975179975
vn -0.5879377874929517 -0.3928474885587071 0.7071067873885878
vn -0.7593827830242419 -0.5074033132166768 0.40728327559954663
vn -0.8314696072562613 -0.5555702405718999 1.233613745758921e-16
vn 0.7404097431123517 0.6076385471142793 0.2873478873511153
vn 0.7705486359902635 0.6323729110739641 -0.07974522501933674
vn 0.712701805905225 0.5848992536026689 -0.3872324870080916
vn 0.7579991288979688 0.6220737751132273 -0.19611613627210378
vn 0.24444736029460853 0.2006127643383534 0.948683301649988
vn -0.5466009440312732 -0.44858378679752714 0.7071067770899326
vn -0.7059919017571584 -0.5793925938829168 0.407283263597875
vn -0.773010431959447 -0.6343933102436291 1.4086361194012944e-16
vn 0.6772854596140875 0.6772854596140876 0.2873478943557247
vn 0.7048548428751382 0.7048548428751382 -0.07974522525473528
vn 0.6519398010394575 0.6519398010394574 -0.38723247751352796
vn 0.6933752447709296 0.6933752447709296 -0.19611613874872016
vn 0.22360679037100567 0.2236067903710059 0.9486833015289952
vn -0.5000000042785677 -0.5000000042785675 0.7071067751357389
vn -0.6458019569263881 -0.645801956926388 0.4072832734843098
vn -0.7071067811865476 -0.7071067811865476 1.5700924586837752e-16
vn 0.6076385471142792 0.7404097431123519 0.28734788735111527
vn 0.6323729110739641 0.7705486359902635 -0.07974522501933677
vn 0.584899253602669 0.7127018059052249 -0.38723248700809165
vn 0.6220737751132273 0.7579991288979688 -0.1961161362721038
vn 0.20061276433835318 0.24444736029460876 0.948683301649988
vn -0.4485837867975273 -0.5466009440312731 0.7071067770899326
vn -0.5793925938829169 -0.7059919017571583 0.40728326359787503
vn -0.6343933102436291 -0.773010431959447 1.716427959673632e-16
vn 0.5321397694564935 0.796403454663576 0.2873478782986072
vn 0.5538008918539424 0.828821615863805 -0.07974522718438411
vn 0.512225797780095 0.7666001186193315 -0.38723247568014263
vn 0.544781433845938 0.8153230359168447 -0.19611612998451605
vn 0.17568672749776643 0.26293378404363416 0.9486832975179974
vn -0.39284748855870727 -0.5879377874929516 0.7071067873885878
vn -0.5074033132166769 -0.7593827830242418 0.4072832755995467
vn -0.5555702405718999 -0.8314696072562613 1.8462334045038748e-16
vn 0.4515161715335807 0.8447273788232819 0.2873478768148563
vn 0.4698954748267897 0.8791125877416665 -0.07974522438025335
vn 0.43461937506701137 0.8131156116340937 -0.38723248951150063
vn 0.46224253288119765 0.8647949493231047 -0.19611612993536212
vn 0.14906873971450646 0.2788879810079002 0.948683300627383
vn -0.33332782917598325 -0.623612521840748 0.707106767680984
vn -0.43052754289108824 -0.8054603428603511 0.40728328088868054
vn -0.47139674596924624 -0.8819212594611868 1.9582585763204526e-16
vn 0.3665442389817506 0.8849161081583287 0.2873478769561497
vn 0.3814646878818798 0.9209372350825409 -0.0797452251718239
vn 0.35282728490392995 0.8518003921420854 -0.3872324869815427
vn 0.3752519886586133 0.9059384111143544 -0.19611613976252654
vn 0.12101512109798788 0.2921563614325247 0.9486832985460149
vn -0.2705980511147485 -0.6532815030743455 0.7071067617226013
vn -0.3495055073758819 -0.8437809190443828 0.40728326870931514
vn -0.3826834318807331 -0.9238795327119138 2.0514246583933944e-16
vn 0.2780422931678512 0.9165826059188568 0.2873478897381363
vn 0.2893601902705334 0.9538927505252689 -0.07974522419517144
vn 0.26763728857569424 0.8822818595140212 -0.3872324910649045
vn 0.2846475605564794 0.9383571954856347 -0.1961161389319601
vn 0.09179607550170936 0.3026111050581229 0.9486832978491748
vn -0.2052622623691333 -0.6766590002630191 0.7071067819008359
vn -0.26511755868291587 -0.8739754054730798 0.40728328066123276
vn -0.2902846854289817 -0.9569403332524954 2.1248343823387814e-16
vn 0.18686263816228355 0.9394219199674659 0.2873478914898652
vn 0.1944690239776349 0.9776617500090274 -0.07974522733350392
vn 0.1798697862563607 0.9042664783981554 -0.3872324831899948
vn 0.19130179860117902 0.9617390921256391 -0.19611614040997646
vn 0.06169297392241197 0.31015153945609447 0.948683297808928
vn -0.13794968878491518 -0.69351994268459 0.7071067617148828
vn -0.17817636142059487 -0.895753041484889 0.4072832833563
vn -0.1950903332591625 -0.9807852781668519 2.1777807960684557e-16
vn 0.09388339354079578 0.9532140921484477 0.2873478779230413
vn 0.0977049821483291 0.9920153404707756 -0.07974522389488921
vn 0.09037005099736306 0.9175425114443747 -0.38723248001050153
vn 0.09611371021437497 0.9758589127499148 -0.19611613170614395
vn 0.03099574078642306 0.3147050369226416 0.9486833000472917
vn -0.0693085877351013 -0.7037018671185062 0.7071067825159749
vn -0.08951924084940499 -0.908904084631507 0.4072832803564471
vn -0.09801713566237077 -0.995184727131875 2.2097539956342227e-16
vn 1.1729989191330506e-16 0.9578262835806566 0.28734789103466135
vn 1.2207466800006396e-16 0.9968152781807713 -0.07974522672481035
vn 1.1291024593165565e-16 0.9219821068841693 -0.3872324813150727
vn 1.2008649329650158e-16 0.9805806762640418 -0.19611613227257638
vn 3.872673263438682e-17 0.3162277570761416 0.9486833010307458
vn -8.659560751628624e-17 -0.7071067811865475 0.7071067811865477
vn -1.1184721987826958e-16 -0.9133018848778008 0.40728327620791926
vn -1.2246467840778092e-16 -1 2.220446049250313e-16
vn -0.09388339354079578 0.9532140921484477 0.2873478779230413
vn -0.0977049821483291 0.9920153404707756 -0.07974522389488921
vn -0.09037005099736306 0.9175425114443747 -0.38723248001050153
vn -0.09611371021437497 0.9758589127499148 -0.19611613170614395
vn -0.03099574078642306 0.3147050369226416 0.9486833000472917
vn 0.0693085877351013 -0.7037018671185062 0.7071067825159749
vn 0.08951924084940499 -0.908904084631507 0.4072832803564471
vn 0.09801713566237077 -0.995184727131875 2.2097539956342227e-16
vn -0.18686263816228355 0.9394219199674659 0.2873478914898652
vn -0.1944690239776349 0.9776617500090274 -0.07974522733350392
vn -0.1798697862563607 0.9042664783981554 -0.3872324831899948
vn -0.19130179860117902 0.9617390921256391 -0.19611614040997646
vn -0.06169297392241197 0.31015153945609447 0.948683297808928
vn 0.13794968878491518 -0.69351994268459 0.7071067617148828
vn 0.17817636142059487 -0.895753041484889 0.4072832833563
vn 0.1950903332591625 -0.9807852781668519 2.1777807960684557e-16
vn -0.2780422931678512 0.9165826059188568 0.2873478897381363
vn -0.2893601902705334 0.9538927505252689 -0.07974522419517144
vn -0.26763728857569424 0.8822818595140212 -0.3872324910649045
vn -0.2846475605564794 0.9383571954856347 -0.1961161389319601
vn -0.09179607550170936 0.3026111050581229 0.9486832978491748
vn 0.2052622623691333 -0.6766590002630191 0.7071067819008359
vn 0.26511755868291587 -0.8739754054730798 0.40728328066123276
vn 0.2902846854289817 -0.9569403332524954 2.1248343823387814e-16
vn -0.3665442389817506 0.8849161081583287 0.2873478769561497
vn -0.3814646878818798 0.9209372350825409 -0.0797452251718239
vn -0.35282728490392995 0.8518003921420854 -0.3872324869815427
vn -0.3752519886586133 0.9059384111143544 -0.19611613976252654
vn -0.12101512109798788 0.2921563614325247 0.9486832985460149
vn 0.2705980511147485 -0.6532815030743455 0.7071067617226013
vn 0.3495055073758819 -0.8437809190443828 0.40728326870931514
vn 0.3826834318807331 -0.9238795327119138 2.0514246583933944e-16
vn -0.4515161715335807 0.8447273788232819 0.2873478768148563
vn -0.4698954748267897 0.8791125877416665 -0.07974522438025335
vn -0.43461937506701137 0.8131156116340937 -0.38723248951150063
vn -0.46224253288119765 0.8647949493231047 -0.19611612993536212
vn -0.14906873971450646 0.2788879810079002 0.948683300627383
vn 0.33332782917598325 -0.623612521840748 0.707106767680984
vn 0.43052754289108824 -0.8054603428603511 0.40728328088868054
vn 0.47139674596924624 -0.8819212594611868 1.9582585763204526e-16
vn -0.5321397694564935 0.796403454663576 0.2873478782986072
vn -0.5538008918539424 0.828821615863805 -0.07974522718438411
vn -0.512225797780095 0.7666001186193315 -0.38723247568014263
vn -0.544781433845938 0.8153230359168447 -0.19611612998451605
vn -0.17568672749776643 0.26293378404363416 0.9486832975179974
vn 0.39284748855870727 -0.5879377874929516 0.7071067873885878
vn 0.5074033132166769 -0.7593827830242418 0.4072832755995467
vn 0.5555702405718999 -0.8314696072562613 1.8462334045038748e-16
vn -0.6076385471142792 0.7404097431123519 0.28734788735111527
vn -0.6323729110739641 0.7705486359902635 -0.07974522501933677
vn -0.584899253602669 0.7127018059052249 -0.38723248700809165
vn -0.6220737751132273 0.7579991288979688 -0.1961161362721038
vn -0.20061276433835318 0.24444736029460876 0.948683301649988
vn 0.4485837867975273 -0.5466009440312731 0.7071067770899326
vn 0.5793925938829169 -0.7059919017571583 0.40728326359787503
vn 0.6343933102436291 -0.773010431959447 1.716427959673632e-16
vn -0.6772854596140875 0.6772854596140876 0.2873478943557247
vn -0.7048548428751382 0.7048548428751382 -0.07974522525473528
vn -0.6519398010394575 0.6519398010394574 -0.38723247751352796
vn -0.6933752447709296 0.6933752447709296 -0.19611613874872016
vn -0.22360679037100567 0.2236067903710059 0.9486833015289952
vn 0.5000000042785677 -0.5000000042785675 0.7071067751357389
vn 0.6458019569263881 -0.645801956926388 0.4072832734843098
vn 0.7071067811865476 -0.7071067811865476 1.5700924586837752e-16
vn -0.7404097431123517 0.6076385471142793 0.2873478873511153
vn -0.7705486359902635 0.6323729110739641 -0.07974522501933674
vn -0.712701805905225 0.5848992536026689 -0.3872324870080916
vn -0.7579991288979688 0.6220737751132273 -0.19611613627210378
vn -0.24444736029460853 0.2006127643383534 0.948683301649988
vn 0.5466009440312732 -0.44858378679752714 0.7071067770899326
vn 0.7059919017571584 -0.5793925938829168 0.407283263597875
vn 0.773010431959447 -0.6343933102436291 1.4086361194012944e-16
vn -0.796403454663576 0.5321397694564938 0.2873478782986073
vn -0.828821615863805 0.5538008918539424 -0.07974522718438405
vn -0.7666001186193316 0.5122257977800949 -0.3872324756801426
vn -0.8153230359168447 0.544781433845938 -0.19611612998451597
vn -0.26293378404363393 0.17568672749776665 0.9486832975179975
vn 0.5879377874929517 -0.3928474885587071 0.7071067873885878
vn 0.7593827830242419 -0.5074033132166768 0.40728327559954663
vn 0.8314696072562613 -0.5555702405718999 1.233613745758921e-16
vn -0.8447273788232817 0.45151617153358076 0.28734787681485635
vn -0.8791125877416665 0.4698954748267897 -0.07974522438025326
vn -0.8131156116340938 0.43461937506701126 -0.3872324895115006
vn -0.8647949493231047 0.4622425328811976 -0.19611612993536204
vn -0.27888798100789997 0.14906873971450668 0.9486833006273832
vn 0.6236125218407481 -0.3333278291759831 0.707106767680984
vn 0.8054603428603512 -0.43052754289108813 0.4072832808886805
vn 0.8819212594611868 -0.47139674596924624 1.0467110422168663e-16
vn -0.8849161081583286 0.36654423898175065 0.2873478769561499
vn -0.9209372350825409 0.3814646878818798 -0.07974522517182378
vn -0.8518003921420855 0.35282728490392984 -0.3872324869815426
vn -0.9059384111143544 0.37525198865861326 -0.19611613976252643
vn -0.2921563614325245 0.1210151210979881 0.948683298546015
vn 0.6532815030743456 -0.27059805111474833 0.7071067617226013
vn 0.8437809190443829 -0.34950550737588176 0.407283268709315
vn 0.9238795327119138 -0.3826834318807331 8.497279144331252e-17
vn -0.9165826059188567 0.27804229316785123 0.28734788973813646
vn -0.9538927505252689 0.2893601902705334 -0.0797452241951713
vn -0.8822818595140213 0.26763728857569413 -0.3872324910649043
vn -0.9383571954856347 0.28464756055647933 -0.19611613893195992
vn -0.30261110505812266 0.09179607550170957 0.9486832978491749
vn 0.6766590002630192 -0.20526226236913314 0.7071067819008358
vn 0.87397540547308 -0.26511755868291575 0.40728328066123265
vn 0.9569403332524954 -0.2902846854289817 6.445614829186524e-17
vn -0.9394219199674658 0.1868626381622836 0.2873478914898654
vn -0.9776617500090274 0.19446902397763488 -0.07974522733350374
vn -0.9042664783981555 0.1798697862563606 -0.38723248318999465
vn -0.9617390921256391 0.19130179860117896 -0.1961161404099763
vn -0.31015153945609425 0.06169297392241218 0.9486832978089281
vn 0.6935199426845902 -0.137949688784915 0.7071067617148827
vn 0.8957530414848891 -0.1781763614205948 0.4072832833562998
vn 0.9807852781668519 -0.1950903332591625 4.3318755973223433e-17
vn -0.9532140921484475 0.09388339354079585 0.2873478779230415
vn -0.9920153404707756 0.09770498214832908 -0.07974522389488901
vn -0.9175425114443748 0.09037005099736298 -0.3872324800105013
vn -0.9758589127499148 0.09611371021437493 -0.19611613170614375
vn -0.3147050369226414 0.03099574078642327 0.9486833000472918
vn 0.7037018671185064 -0.06930858773510115 0.7071067825159748
vn 0.9089040846315071 -0.0895192408494049 0.4072832803564469
vn 0.995184727131875 -0.09801713566237077 2.1764176164034316e-17
vn -0.9578262835806567 2.397538934282351e-16 0.28734789103466163
vn -0.9968152781807713 1.6540499801988344e-16 -0.07974522672481013
vn -0.9219821068841694 8.338247895229376e-17 -0.3872324813150725
vn -0.9805806762640418 1.3658321745230782e-16 -0.19611613227257615
vn -0.31622775707614137 2.6874010276484317e-16 0.9486833010307459
vn 0.7071067811865476 2.7115841211393157e-17 0.7071067811865476
vn 0.913301884877801 -7.733578227668949e-17 0.40728327620791904
vn 1 -1.8369700468697492e-16 4.078892883163097e-32
vn -0.9532140921484475 -0.09388339354079571 0.2873478779230415
vn -0.9920153404707756 -0.09770498214832911 -0.07974522389488896
vn -0.9175425114443748 -0.09037005099736314 -0.3872324800105013
vn -0.9758589127499148 -0.09611371021437501 -0.1961161317061437
vn -0.3147050369226414 -0.030995740786422848 0.9486833000472918
vn 0.7037018671185064 0.06930858773510146 0.7071067825159748
vn 0.9089040846315071 0.08951924084940509 0.4072832803564469
vn 0.995184727131875 0.09801713566237077 -2.1764176164034316e-17
vn -0.9394219199674658 -0.1868626381622835 0.2873478914898655
vn -0.9776617500090274 -0.19446902397763494 -0.07974522733350366
vn -0.9042664783981555 -0.17986978625636077 -0.38723248318999454
vn -0.9617390921256391 -0.19130179860117907 -0.1961161404099762
vn -0.31015153945609425 -0.06169297392241176 0.9486832978089281
vn 0.6935199426845902 0.13794968878491534 0.7071067617148827
vn 0.8957530414848891 0.17817636142059495 0.4072832833562997
vn 0.9807852781668519 0.1950903332591625 -4.3318755973223433e-17
vn -0.9165826059188567 -0.2780422931678511 0.2873478897381366
vn -0.9538927505252689 -0.2893601902705334 -0.07974522419517116
vn -0.8822818595140213 -0.26763728857569435 -0.3872324910649042
vn -0.9383571954856347 -0.28464756055647944 -0.1961161389319598
vn -0.30261110505812266 -0.09179607550170915 0.9486832978491749
vn 0.6766590002630192 0.20526226236913347 0.7071067819008358
vn 0.87397540547308 0.265117558682916 0.40728328066123254
vn 0.9569403332524954 0.2902846854289817 -6.445614829186524e-17
vn -0.8849161081583286 -0.36654423898175054 0.28734787695615
vn -0.9209372350825409 -0.3814646878818798 -0.07974522517182361
vn -0.8518003921420855 -0.35282728490393006 -0.3872324869815425
vn -0.9059384111143544 -0.37525198865861337 -0.19611613976252626
vn -0.2921563614325245 -0.12101512109798768 0.948683298546015
vn 0.6532815030743456 0.27059805111474866 0.7071067617226011
vn 0.8437809190443829 0.349505507375882 0.4072832687093149
vn 0.9238795327119138 0.3826834318807331 -8.497279144331252e-17
vn -0.8447273788232817 -0.45151617153358065 0.2873478768148566
vn -0.8791125877416665 -0.4698954748267897 -0.07974522438025304
vn -0.8131156116340938 -0.4346193750670115 -0.38723248951150036
vn -0.8647949493231047 -0.4622425328811977 -0.19611612993536182
vn -0.27888798100789997 -0.14906873971450624 0.9486833006273832
vn 0.6236125218407481 0.3333278291759834 0.7071067676809838
vn 0.8054603428603512 0.43052754289108836 0.40728328088868027
vn 0.8819212594611868 0.47139674596924624 -1.0467110422168663e-16
vn -0.796403454663576 -0.5321397694564935 0.28734787829860753
vn -0.8288216158638051 -0.5538008918539427 -0.07974522718438382
vn -0.7666001186193316 -0.5122257977800951 -0.38723247568014235
vn -0.8153230359168447 -0.544781433845938 -0.19611612998451575
vn -0.26293378404363393 -0.1756867274977662 0.9486832975179975
vn 0.5879377874929517 0.39284748855870744 0.7071067873885876
vn 0.7593827830242419 0.507403313216677 0.4072832755995464
vn 0.8314696072562613 0.5555702405718999 -1.233613745758921e-16
vn -0.7404097431123517 -0.6076385471142791 0.28734788735111555
vn -0.7705486359902635 -0.6323729110739641 -0.07974522501933647
vn -0.712701805905225 -0.5848992536026691 -0.3872324870080914
vn -0.7579991288979688 -0.6220737751132273 -0.1961161362721035
vn -0.24444736029460853 -0.20061276433835296 0.948683301649988
vn 0.5466009440312732 0.4485837867975275 0.7071067770899324
vn 0.7059919017571584 0.579392593882917 0.40728326359787476
vn 0.773010431959447 0.6343933102436291 -1.4086361194012944e-16
vn -0.6772854596140875 -0.6772854596140874 0.28734789435572505
vn -0.7048548428751382 -0.7048548428751382 -0.07974522525473497
vn -0.6519398010394575 -0.6519398010394576 -0.38723247751352763
vn -0.6933752447709296 -0.6933752447709296 -0.19611613874871983
vn -0.22360679037100567 -0.22360679037100545 0.9486833015289952
vn 0.5000000042785677 0.5000000042785678 0.7071067751357387
vn 0.6458019569263881 0.6458019569263882 0.4072832734843095
vn 0.7071067811865476 0.7071067811865476 -1.5700924586837752e-16
vn -0.6076385471142792 -0.7404097431123516 0.2873478873511156
vn -0.6323729110739641 -0.7705486359902635 -0.07974522501933644
vn -0.584899253602669 -0.7127018059052251 -0.3872324870080913
vn -0.6220737751132273 -0.7579991288979688 -0.19611613627210348
vn -0.20061276433835318 -0.2444473602946083 0.948683301649988
vn 0.4485837867975273 0.5466009440312734 0.7071067770899324
vn 0.5793925938829169 0.7059919017571585 0.4072832635978747
vn 0.6343933102436291 0.773010431959447 -1.716427959673632e-16
vn -0.5321397694564937 -0.7964034546635759 0.2873478782986076
vn -0.5538008918539427 -0.8288216158638051 -0.07974522718438376
vn -0.512225797780095 -0.7666001186193317 -0.3872324756801423
vn -0.544781433845938 -0.8153230359168447 -0.19611612998451566
vn -0.1756867274977664 -0.26293378404363366 0.9486832975179974
vn 0.39284748855870727 0.5879377874929518 0.7071067873885876
vn 0.5074033132166769 0.759382783024242 0.40728327559954636
vn 0.5555702405718999 0.8314696072562613 -1.8462334045038748e-16
vn -0.45151617153358076 -0.8447273788232819 0.28734787681485674
vn -0.4698954748267897 -0.8791125877416665 -0.07974522438025296
vn -0.43461937506701126 -0.8131156116340937 -0.38723248951150024
vn -0.46224253288119765 -0.8647949493231047 -0.19611612993536173
vn -0.14906873971450646 -0.27888798100789974 0.9486833006273833
vn 0.33332782917598325 0.6236125218407482 0.7071067676809838
vn 0.43052754289108824 0.8054603428603513 0.4072832808886802
vn 0.47139674596924624 0.8819212594611868 -1.9582585763204526e-16
vn -0.3665442389817506 -0.8849161081583284 0.28734787695615016
vn -0.3814646878818798 -0.9209372350825409 -0.07974522517182349
vn -0.35282728490392995 -0.8518003921420856 -0.3872324869815424
vn -0.3752519886586134 -0.9059384111143546 -0.1961161397625262
vn -0.12101512109798788 -0.29215636143252427 0.9486832985460151
vn 0.2705980511147485 0.6532815030743457 0.7071067617226011
vn 0.3495055073758819 0.843780919044383 0.4072832687093148
vn 0.3826834318807331 0.9238795327119138 -2.0514246583933944e-16
vn -0.27804229316785123 -0.9165826059188568 0.28734788973813685
vn -0.2893601902705334 -0.9538927505252689 -0.07974522419517102
vn -0.26763728857569424 -0.8822818595140214 -0.38723249106490404
vn -0.2846475605564794 -0.9383571954856347 -0.19611613893195964
vn -0.09179607550170936 -0.30261110505812244 0.948683297849175
vn 0.2052622623691333 0.6766590002630193 0.7071067819008356
vn 0.26511755868291587 0.8739754054730801 0.4072832806612324
vn 0.2902846854289817 0.9569403332524954 -2.1248343823387814e-16
vn -0.18686263816228355 -0.9394219199674657 0.28734789148986567
vn -0.1944690239776349 -0.9776617500090274 -0.07974522733350348
vn -0.1798697862563607 -0.9042664783981557 -0.38723248318999437
vn -0.19130179860117902 -0.9617390921256391 -0.19611614040997602
vn -0.06169297392241197 -0.310151539456094 0.9486832978089282
vn 0.13794968878491518 0.6935199426845903 0.7071067617148826
vn 0.17817636142059487 0.8957530414848892 0.40728328335629954
vn 0.1950903332591625 0.9807852781668519 -2.1777807960684557e-16
vn -0.09388339354079578 -0.9532140921484474 0.28734787792304173
vn -0.0977049821483291 -0.9920153404707756 -0.07974522389488876
vn -0.09037005099736306 -0.9175425114443749 -0.3872324800105011
vn -0.09611371021437497 -0.9758589127499148 -0.1961161317061435
vn -0.03099574078642306 -0.3147050369226412 0.948683300047292
vn 0.0693085877351013 0.7037018671185065 0.7071067825159747
vn 0.08951924084940499 0.9089040846315072 0.4072832803564467
vn 0.09801713566237077 0.995184727131875 -2.2097539956342227e-16
vn -2.3459978382661017e-16 -0.9578262835806566 0.28734789103466185
vn -2.441493360001279e-16 -0.9968152781807713 -0.07974522672480991
vn -2.258204918633113e-16 -0.9219821068841695 -0.38723248131507226
vn -2.4017298659300315e-16 -0.9805806762640418 -0.19611613227257593
vn -7.745346526877364e-17 -0.31622775707614115 0.948683301030746
vn 1.7319121503257247e-16 0.7071067811865477 0.7071067811865475
vn 2.2369443975653917e-16 0.9133018848778011 0.4072832762079188
vn 2.4492935681556183e-16 1 -2.220446049250313e-16
f 625/625/625 633/633/633 626/626/626
f 634/634/634 626/626/626 633/633/633
f 626/626/626 634/634/634 627/627/627
f 635/635/635 627/627/627 634/634/634
f 627/627/627 635/635/635 628/628/628
f 636/636/636 628/628/628 635/635/635
f 628/628/628 636/636/636 629/629/629
f 637/637/637 629/629/629 636/636/636
f 629/629/629 637/637/637 630/630/630
f 638/638/638 630/630/630 637/637/637
f 630/630/630 638/638/638 631/631/631
f 639/639/639 631/631/631 638/638/638
f 631/631/631 639/639/639 632/632/632
f 640/640/640 632/632/632 639/639/639
f 633/633/633 641/641/641 634/634/634
f 642/642/642 634/634/634 641/641/641
f 634/634/634 642/642/642 635/635/635
f 643/643/643 635/635/635 642/642/642
f 635/635/635 643/643/643 636/636/636
f 644/644/644 636/636/636 643/643/643
f 636/636/636 644/644/644 637/637/637
f 645/645/645 637/637/637 644/644/644
f 637/637/637 645/645/645 638/638/638
f 646/646/646 638/638/638 645/645/645
f 638/638/638 646/646/646 639/639/639
f 647/647/647 639/639/639 646/646/646
f 639/639/639 647/647/647 640/640/640
f 648/648/648 640/640/640 647/647/647
f 641/641/641 649/649/649 642/642/642
f 650/650/650 642/642/642 649/649/649
f 642/642/642 650/650/650 643/643/643
f 651/651/651 643/643/643 650/650/650
f 643/643/643 651/651/651 644/644/644
f 652/652/652 644/644/644 651/651/651
f 644/644/644 652/652/652 645/645/645
f 653/653/653 645/645/645 652/652/652
f 645/645/645 653/653/653 646/646/646
f 654/654/654 646/646/646 653/653/653
f 646/646/646 654/654/654 647/647/647
f 655/655/655 647/647/647 654/654/654
f 647/647/647 655/655/655 648/648/648
f 656/656/656 648/648/648 655/655/655
f 649/649/649 657/657/657 650/650/650
f 658/658/658 650/650/650 657/657/657
f 650/650/650 658/658/658 651/651/651
f 659/659/659 651/651/651 658/658/658
f 651/651/651 659/659/659 652/652/652
f 660/660/660 652/652/652 659/659/659
f 652/652/652 660/660/660 653/653/653
f 661/661/661 653/653/653 660/660/660
f 653/653/653 661/661/661 654/654/654
f 662/662/662 654/654/654 661/661/661
f 654/654/654 662/662/662 655/655/655
f 663/663/663 655/655/655 662/662/662
f 655/655/655 663/663/663 656/656/656
f 664/664/664 656/656/656 663/663/663
f 657/657/657 665/665/665 658/658/658
f 666/666/666 658/658/658 665/665/665
f 658/658/658 666/666/666 659/659/659
f 667/667/667 659/659/659 666/666/666
f 659/659/659 667/667/667 660/660/660
f 668/668/668 660/660/660 667/667/667
f 660/660/660 668/668/668 661/661/661
f 669/669/669 661/661/661 668/668/668
f 661/661/661 669/669/669 662/662/662
f 670/670/670 662/662/662 669/669/669
f 662/662/662 670/670/670 663/663/663
f 671/671/671 663/663/663 670/670/670
f 663/663/663 671/671/671 664/664/664
f 672/672/672 664/664/664 671/671/671
f 665/665/665 673/673/673 666/666/666
f 674/674/674 666/666/666 673/673/673
f 666/666/666 674/674/674 667/667/667
f 675/675/675 667/667/667 674/674/674
f 667/667/667 675/675/675 668/668/668
f 676/676/676 668/668/668 675/675/675
f 668/668/668 676/676/676 669/669/669
f 677/677/677 669/669/669 676/676/676
f 669/669/669 677/677/677 670/670/670
f 678/678/678 670/670/670 677/677/677
f 670/670/670 678/678/678 671/671/671
f 679/679/679 671/671/671 678/678/678
f 671/671/671 679/679/679 672/672/672
f 680/680/680 672/672/672 679/679/679
f 673/673/673 681/681/681 674/674/674
f 682/682/682 674/674/674 681/681/681
f 674/674/674 682/682/682 675/675/675
f 683/683/683 675/675/675 682/682/682
f 675/675/675 683/683/683 676/676/676
f 684/684/684 676/676/676 683/683/683
f 676/676/676 684/684/684 677/677/677
f 685/685/685 677/677/677 684/684/684
f 677/677/677 685/685/685 678/678/678
f 686/686/686 678/678/678 685/685/685
f 678/678/678 686/686/686 679/679/679
f 687/687/687 679/679/679 686/686/686
f 679/679/679 687/687/687 680/680/680
f 688/688/688 680/680/680 687/687/687
f 681/681/681 689/689/689 682/682/682
f 690/690/690 682/682/682 689/689/689
f 682/682/682 690/690/690 683/683/683
f 691/691/691 683/683/683 690/690/690
f 683/683/683 691/691/691 684/684/684
f 692/692/692 684/684/684 691/691/691
f 684/684/684 692/692/692 685/685/685
f 693/693/693 685/685/685 692/692/692
f 685/685/685 693/693/693 686/686/686
f 694/694/694 686/686/686 693/693/693
f 686/686/686 694/694/694 687/687/687
f 695/695/695 687/687/687 694/694/694
f 687/687/687 695/695/695 688/688/688
f 696/696/696 688/688/688 695/695/695
f 689/689/689 697/697/697 690/690/690
f 698/698/698 690/690/690 697/697/697
f 690/690/690 698/698/698 691/691/691
f 699/699/699 691/691/691 698/698/698
f 691/691/691 699/699/699 692/692/692
f 700/700/700 692/692/692 699/699/699
f 692/692/692 700/700/700 693/693/693
f 701/701/701 693/693/693 700/700/700
f 693/693/693 701/701/701 694/694/694
f 702/702/702 694/694/694 701/701/701
f 694/694/694 702/702/702 695/695/695
f 703/703/703 695/695/695 702/702/702
f 695/695/695 703/703/703 696/696/696
f 704/704/704 696/696/696 703/703/703
f 697/697/697 705/705/705 698/698/698
f 706/706/706 698/698/698 705/705/705
f 698/698/698 706/706/706 699/699/699
f 707/707/707 699/699/699 706/706/706
f 699/699/699 707/707/707 700/700/700
f 708/708/708 700/700/700 707/707/707
f 700/700/700 708/708/708 701/701/701
f 709/709/709 701/701/701 708/708/708
f 701/701/701 709/709/709 702/702/702
f 710/710/710 702/702/702 709/709/709
f 702/702/702 710/710/710 703/703/703
f 711/711/711 703/703/703 710/710/710
f 703/703/703 711/711/711 704/704/704
f 712/712/712 704/704/704 711/711/711
f 705/705/705 713/713/713 706/706/706
f 714/714/714 706/706/706 713/713/713
f 706/706/706 714/714/714 707/707/707
f 715/715/715 707/707/707 714/714/714
f 707/707/707 715/715/715 708/708/708
f 716/716/716 708/708/708 715/715/715
f 708/708/708 716/716/716 709/709/709
f 717/717/717 709/709/709 716/716/716
f 709/709/709 717/717/717 710/710/710
f 718/718/718 710/710/710 717/717/717
f 710/710/710 718/718/718 711/711/711
f 719/719/719 711/711/711 718/718/718
f 711/711/711 719/719/719 712/712/712
f 720/720/720 712/712/712 719/719/719
f 713/713/713 721/721/721 714/714/714
f 722/722/722 714/714/714 721/721/721
f 714/714/714 722/722/722 715/715/715
f 723/723/723 715/715/715 722/722/722
f 715/715/715 723/723/723 716/716/716
f 724/724/724 716/716/716 723/723/723
f 716/716/716 724/724/724 717/717/717
f 725/725/725 717/717/717 724/724/724
f 717/717/717 725/725/725 718/718/718
f 726/726/726 718/718/718 725/725/725
f 718/718/718 726/726/726 719/719/719
f 727/727/727 719/719/719 726/726/726
f 719/719/719 727/727/727 720/720/720
f 728/728/728 720/720/720 727/727/727
f 721/721/721 729/729/729 722/722/722
f 730/730/730 722/722/722 729/729/729
f 722/722/722 730/730/730 723/723/723
f 731/731/731 723/723/723 730/730/730
f 723/723/723 731/731/731 724/724/724
f 732/732/732 724/724/724 731/731/731
f 724/724/724 732/732/732 725/725/725
f 733/733/733 725/725/725 732/732/732
f 725/725/725 733/733/733 726/726/726
f 734/734/734 726/726/726 733/733/733
f 726/726/726 734/734/734 727/727/727
f 735/735/735 727/727/727 734/734/734
f 727/727/727 735/735/735 728/728/728
f 736/736/736 728/728/728 735/735/735
f 729/729/729 737/737/737 730/730/730
f 738/738/738 730/730/730 737/737/737
f 730/730/730 738/738/738 731/731/731
f 739/739/739 731/731/731 738/738/738
f 731/731/731 739/739/739 732/732/732
f 740/740/740 732/732/732 739/739/739
f 732/732/732 740/740/740 733/733/733
f 741/741/741 733/733/733 740/740/740
f 733/733/733 741/741/741 734/734/734
f 742/742/742 734/734/734 741/741/741
f 734/734/734 742/742/742 735/735/735
f 743/743/743 735/735/735 742/742/742
f 735/735/735 743/743/743 736/736/736
f 744/744/744 736/736/736 743/743/743
f 737/737/737 745/745/745 738/738/738
f 746/746/746 738/738/738 745/745/745
f 738/738/738 746/746/746 739/739/739
f 747/747/747 739/739/739 746/746/746
f 739/739/739 747/747/747 740/740/740
f 748/748/748 740/740/740 747/747/747
f 740/740/740 748/748/748 741/741/741
f 749/749/749 741/741/741 748/748/748
f 741/741/741 749/749/749 742/742/742
f 750/750/750 742/742/742 749/749/749
f 742/742/742 750/750/750 743/743/743
f 751/751/751 743/743/743 750/750/750
f 743/743/743 751/751/751 744/744/744
f 752/752/752 744/744/744 751/751/751
f 745/745/745 753/753/753 746/746/746
f 754/754/754 746/746/746 753/753/753
f 746/746/746 754/754/754 747/747/747
f 755/755/755 747/747/747 754/754/754
f 747/747/747 755/755/755 748/748/748
f 756/756/756 748/748/748 755/755/755
f 748/748/748 756/756/756 749/749/749
f 757/757/757 749/749/749 756/756/756
f 749/749/749 757/757/757 750/750/750
f 758/758/758 750/750/750 757/757/757
f 750/750/750 758/758/758 751/751/751
f 759/759/759 751/751/751 758/758/758
f 751/751/751 759/759/759 752/752/752
f 760/760/760 752/752/752 759/759/759
f 753/753/753 761/761/761 754/754/754
f 762/762/762 754/754/754 761/761/761
f 754/754/754 762/762/762 755/755/755
f 763/763/763 755/755/755 762/762/762
f 755/755/755 763/763/763 756/756/756
f 764/764/764 756/756/756 763/763/763
f 756/756/756 764/764/764 757/757/757
f 765/765/765 757/757/757 764/764/764
f 757/757/757 765/765/765 758/758/758
f 766/766/766 758/758/758 765/765/765
f 758/758/758 766/766/766 759/759/759
f 767/767/767 759/759/759 766/766/766
f 759/759/759 767/767/767 760/760/760
f 768/768/768 760/760/760 767/767/767
f 761/761/761 769/769/769 762/762/762
f 770/770/770 762/762/762 769/769/769
f 762/762/762 770/770/770 763/763/763
f 771/771/771 763/763/763 770/770/770
f 763/763/763 771/771/771 764/764/764
f 772/772/772 764/764/764 771/771/771
f 764/764/764 772/772/772 765/765/765
f 773/773/773 765/765/765 772/772/772
f 765/765/765 773/773/773 766/766/766
f 774/774/774 766/766/766 773/773/773
f 766/766/766 774/774/774 767/767/767
f 775/775/775 767/767/767 774/774/774
f 767/767/767 775/775/775 768/768/768
f 776/776/776 768/768/768 775/775/775
f 769/769/769 777/777/777 770/770/770
f 778/778/778 770/770/770 777/777/777
f 770/770/770 778/778/778 771/771/771
f 779/779/779 771/771/771 778/778/778
f 771/771/771 779/779/779 772/772/772
f 780/780/780 772/772/772 779/779/779
f 772/772/772 780/780/780 773/773/773
f 781/781/781 773/773/773 780/780/780
f 773/773/773 781/781/781 774/774/774
f 782/782/782 774/774/774 781/781/781
f 774/774/774 782/782/782 775/775/775
f 783/783/783 775/775/775 782/782/782
f 775/775/775 783/783/783 776/776/776
f 784/784/784 776/776/776 783/783/783
f 777/777/777 785/785/785 778/778/778
f 786/786/786 778/778/778 785/785/785
f 778/778/778 786/786/786 779/779/779
f 787/787/787 779/779/779 786/786/786
f 779/779/779 787/787/787 780/780/780
f 788/788/788 780/780/780 787/787/787
f 780/780/780 788/788/788 781/781/781
f 789/789/789 781/781/781 788/788/788
f 781/781/781 789/789/789 782/782/782
f 790/790/790 782/782/782 789/789/789
f 782/782/782 790/790/790 783/783/783
f 791/791/791 783/783/783 790/790/790
f 783/783/783 791/791/791 784/784/784
f 792/792/792 784/784/784 791/791/791
f 785/785/785 793/793/793 786/786/786
f 794/794/794 786/786/786 793/793/793
f 786/786/786 794/794/794 787/787/787
f 795/795/795 787/787/787 794/794/794
f 787/787/787 795/795/795 788/788/788
f 796/796/796 788/788/788 795/795/795
f 788/788/788 796/796/796 789/789/789
f 797/797/797 789/789/789 796/796/796
f 789/789/789 797/797/797 790/790/790
f 798/798/798 790/790/790 797/797/797
f 790/790/790 798/798/798 791/791/791
f 799/799/799 791/791/791 798/798/798
f 791/791/791 799/799/799 792/792/792
f 800/800/800 792/792/792 799/799/799
f 793/793/793 801/801/801 794/794/794
f 802/802/802 794/794/794 801/801/801
f 794/794/794 802/802/802 795/795/795
f 803/803/803 795/795/795 802/802/802
f 795/795/795 803/803/803 796/796/796
f 804/804/804 796/796/796 803/803/803
f 796/796/796 804/804/804 797/797/797
f 805/805/805 797/797/797 804/804/804
f 797/797/797 805/805/805 798/798/798
f 806/806/806 798/798/798 805/805/805
f 798/798/798 806/806/806 799/799/799
f 807/807/807 799/799/799 806/806/806
f 799/799/799 807/807/807 800/800/800
f 808/808/808 800/800/800 807/807/807
f 801/801/801 809/809/809 802/802/802
f 810/810/810 802/802/802 809/809/809
f 802/802/802 810/810/810 803/803/803
f 811/811/811 803/803/803 810/810/810
f 803/803/803 811/811/811 804/804/804
f 812/812/812 804/804/804 811/811/811
f 804/804/804 812/812/812 805/805/805
f 813/813/813 805/805/805 812/812/812
f 805/805/805 813/813/813 806/806/806
f 814/814/814 806/806/806 813/813/813
f 806/806/806 814/814/814 807/807/807
f 815/815/815 807/807/807 814/814/814
f 807/807/807 815/815/815 808/808/808
f 816/816/816 808/808/808 815/815/815
f 809/809/809 817/817/817 810/810/810
f 818/818/818 810/810/810 817/817/817
f 810/810/810 818/818/818 811/811/811
f 819/819/819 811/811/811 818/818/818
f 811/811/811 819/819/819 812/812/812
f 820/820/820 812/812/812 819/819/819
f 812/812/812 820/820/820 813/813/813
f 821/821/821 813/813/813 820/820/820
f 813/813/813 821/821/821 814/814/814
f 822/822/822 814/814/814 821/821/821
f 814/814/814 822/822/822 815/815/815
f 823/823/823 815/815/815 822/822/822
f 815/815/815 823/823/823 816/816/816
f 824/824/824 816/816/816 823/823/823
f 817/817/817 825/825/825 818/818/818
f 826/826/826 818/818/818 825/825/825
f 818/818/818 826/826/826 819/819/819
f 827/827/827 819/819/819 826/826/826
f 819/819/819 827/827/827 820/820/820
f 828/828/828 820/820/820 827/827/827
f 820/820/820 828/828/828 821/821/821
f 829/829/829 821/821/821 828/828/828
f 821/821/821 829/829/829 822/822/822
f 830/830/830 822/822/822 829/829/829
f 822/822/822 830/830/830 823/823/823
f 831/831/831 823/823/823 830/830/830
f 823/823/823 831/831/831 824/824/824
f 832/832/832 824/824/824 831/831/831
f 825/825/825 833/833/833 826/826/826
f 834/834/834 826/826/826 833/833/833
f 826/826/826 834/834/834 827/827/827
f 835/835/835 827/827/827 834/834/834
f 827/827/827 835/835/835 828/828/828
f 836/836/836 828/828/828 835/835/835
f 828/828/828 836/836/836 829/829/829
f 837/837/837 829/829/829 836/836/836
f 829/829/829 837/837/837 830/830/830
f 838/838/838 830/830/830 837/837/837
f 830/830/830 838/838/838 831/831/831
f 839/839/839 831/831/831 838/838/838
f 831/831/831 839/839/839 832/832/832
f 840/840/840 832/832/832 839/839/839
f 833/833/833 841/841/841 834/834/834
f 842/842/842 834/834/834 841/841/841
f 834/834/834 842/842/842 835/835/835
f 843/843/843 835/835/835 842/842/842
f 835/835/835 843/843/843 836/836/836
f 844/844/844 836/836/836 843/843/843
f 836/836/836 844/844/844 837/837/837
f 845/845/845 837/837/837 844/844/844
f 837/837/837 845/845/845 838/838/838
f 846/846/846 838/838/838 845/845/845
f 838/838/838 846/846/846 839/839/839
f 847/847/847 839/839/839 846/846/846
f 839/839/839 847/847/847 840/840/840
f 848/848/848 840/840/840 847/847/847
f 841/841/841 849/849/849 842/842/842
f 850/850/850 842/842/842 849/849/849
f 842/842/842 850/850/850 843/843/843
f 851/851/851 843/843/843 850/850/850
f 843/843/843 851/851/851 844/844/844
f 852/852/852 844/844/844 851/851/851
f 844/844/844 852/852/852 845/845/845
f 853/853/853 845/845/845 852/852/852
f 845/845/845 853/853/853 846/846/846
f 854/854/854 846/846/846 853/853/853
f 846/846/846 854/854/854 847/847/847
f 855/855/855 847/847/847 854/854/854
f 847/847/847 855/855/855 848/848/848
f 856/856/856 848/848/848 855/855/855
f 849/849/849 857/857/857 850/850/850
f 858/858/858 850/850/850 857/857/857
f 850/850/850 858/858/858 851/851/851
f 859/859/859 851/851/851 858/858/858
f 851/851/851 859/859/859 852/852/852
f 860/860/860 852/852/852 859/859/859
f 852/852/852 860/860/860 853/853/853
f 861/861/861 853/853/853 860/860/860
f 853/853/853 861/861/861 854/854/854
f 862/862/862 854/854/854 861/861/861
f 854/854/854 862/862/862 855/855/855
f 863/863/863 855/855/855 862/862/862
f 855/855/855 863/863/863 856/856/856
f 864/864/864 856/856/856 863/863/863
f 857/857/857 865/865/865 858/858/858
f 866/866/866 858/858/858 865/865/865
f 858/858/858 866/866/866 859/859/859
f 867/867/867 859/859/859 866/866/866
f 859/859/859 867/867/867 860/860/860
f 868/868/868 860/860/860 867/867/867
f 860/860/860 868/868/868 861/861/861
f 869/869/869 861/861/861 868/868/868
f 861/861/861 869/869/869 862/862/862
f 870/870/870 862/862/862 869/869/869
f 862/862/862 870/870/870 863/863/863
f 871/871/871 863/863/863 870/870/870
f 863/863/863 871/871/871 864/864/864
f 872/872/872 864/864/864 871/871/871
f 865/865/865 873/873/873 866/866/866
f 874/874/874 866/866/866 873/873/873
f 866/866/866 874/874/874 867/867/867
f 875/875/875 867/867/867 874/874/874
f 867/867/867 875/875/875 868/868/868
f 876/876/876 868/868/868 875/875/875
f 868/868/868 876/876/876 869/869/869
f 877/877/877 869/869/869 876/876/876
f 869/869/869 877/877/877 870/870/870
f 878/878/878 870/870/870 877/877/877
f 870/870/870 878/878/878 871/871/871
f 879/879/879 871/871/871 878/878/878
f 871/871/871 879/879/879 872/872/872
f 880/880/880 872/872/872 879/879/879
f 873/873/873 881/881/881 874/874/874
f 882/882/882 874/874/874 881/881/881
f 874/874/874 882/882/882 875/875/875
f 883/883/883 875/875/875 882/882/882
f 875/875/875 883/883/883 876/876/876
f 884/884/884 876/876/876 883/883/883
f 876/876/876 884/884/884 877/877/877
f 885/885/885 877/877/877 884/884/884
f 877/877/877 885/885/885 878/878/878
f 886/886/886 878/878/878 885/885/885
f 878/878/878 886/886/886 879/879/879
f 887/887/887 879/879/879 886/886/886
f 879/879/879 887/887/887 880/880/880
f 888/888/888 880/880/880 887/887/887
f 881/881/881 889/889/889 882/882/882
f 890/890/890 882/882/882 889/889/889
f 882/882/882 890/890/890 883/883/883
f 891/891/891 883/883/883 890/890/890
f 883/883/883 891/891/891 884/884/884
f 892/892/892 884/884/884 891/891/891
f 884/884/884 892/892/892 885/885/885
f 893/893/893 885/885/885 892/892/892
f 885/885/885 893/893/893 886/886/886
f 894/894/894 886/886/886 893/893/893
f 886/886/886 894/894/894 887/887/887
f 895/895/895 887/887/887 894/894/894
f 887/887/887 895/895/895 888/888/888
f 896/896/896 888/888/888 895/895/895
f 889/889/889 897/897/897 890/890/890
f 898/898/898 890/890/890 897/897/897
f 890/890/890 898/898/898 891/891/891
f 899/899/899 891/891/891 898/898/898
f 891/891/891 899/899/899 892/892/892
f 900/900/900 892/892/892 899/899/899
f 892/892/892 900/900/900 893/893/893
f 901/901/901 893/893/893 900/900/900
f 893/893/893 901/901/901 894/894/894
f 902/902/902 894/894/894 901/901/901
f 894/894/894 902/902/902 895/895/895
f 903/903/903 895/895/895 902/902/902
f 895/895/895 903/903/903 896/896/896
f 904/904/904 896/896/896 903/903/903
f 897/897/897 905/905/905 898/898/898
f 906/906/906 898/898/898 905/905/905
f 898/898/898 906/906/906 899/899/899
f 907/907/907 899/899/899 906/906/906
f 899/899/899 907/907/907 900/900/900
f 908/908/908 900/900/900 907/907/907
f 900/900/900 908/908/908 901/901/901
f 909/909/909 901/901/901 908/908/908
f 901/901/901 909/909/909 902/902/902
f 910/910/910 902/902/902 909/909/909
f 902/902/902 910/910/910 903/903/903
f 911/911/911 903/903/903 910/910/910
f 903/903/903 911/911/911 904/904/904
f 912/912/912 904/904/904 911/911/911
f 905/905/905 913/913/913 906/906/906
f 914/914/914 906/906/906 913/913/913
f 906/906/906 914/914/914 907/907/907
f 915/915/915 907/907/907 914/914/914
f 907/907/907 915/915/915 908/908/908
f 916/916/916 908/908/908 915/915/915
f 908/908/908 916/916/916 909/909/909
f 917/917/917 909/909/909 916/916/916
f 909/909/909 917/917/917 910/910/910
f 918/918/918 910/910/910 917/917/917
f 910/910/910 918/918/918 911/911/911
f 919/919/919 911/911/911 918/918/918
f 911/911/911 919/919/919 912/912/912
f 920/920/920 912/912/912 919/919/919
f 913/913/913 921/921/921 914/914/914
f 922/922/922 914/914/914 921/921/921
f 914/914/914 922/922/922 915/915/915
f 923/923/923 915/915/915 922/922/922
f 915/915/915 923/923/923 916/916/916
f 924/924/924 916/916/916 923/923/923
f 916/916/916 924/924/924 917/917/917
f 925/925/925 917/917/917 924/924/924
f 917/917/917 925/925/925 918/918/918
f 926/926/926 918/918/918 925/925/925
f 918/918/918 926/926/926 919/919/919
f 927/927/927 919/919/919 926/926/926
f 919/919/919 927/927/927 920/920/920
f 928/928/928 920/920/920 927/927/927
f 921/921/921 929/929/929 922/922/922
f 930/930/930 922/922/922 929/929/929
f 922/922/922 930/930/930 923/923/923
f 931/931/931 923/923/923 930/930/930
f 923/923/923 931/931/931 924/924/924
f 932/932/932 924/924/924 931/931/931
f 924/924/924 932/932/932 925/925/925
f 933/933/933 925/925/925 932/932/932
f 925/925/925 933/933/933 926/926/926
f 934/934/934 926/926/926 933/933/933
f 926/926/926 934/934/934 927/927/927
f 935/935/935 927/927/927 934/934/934
f 927/927/927 935/935/935 928/928/928
f 936/936/936 928/928/928 935/935/935
f 929/929/929 937/937/937 930/930/930
f 938/938/938 930/930/930 937/937/937
f 930/930/930 938/938/938 931/931/931
f 939/939/939 931/931/931 938/938/938
f 931/931/931 939/939/939 932/932/932
f 940/940/940 932/932/932 939/939/939
f 932/932/932 940/940/940 933/933/933
f 941/941/941 933/933/933 940/940/940
f 933/933/933 941/941/941 934/934/934
f 942/942/942 934/934/934 941/941/941
f 934/934/934 942/942/942 935/935/935
f 943/943/943 935/935/935 942/942/942
f 935/935/935 943/943/943 936/936/936
f 944/944/944 936/936/936 943/943/943
f 937/937/937 945/945/945 938/938/938
f 946/946/946 938/938/938 945/945/945
f 938/938/938 946/946/946 939/939/939
f 947/947/947 939/939/939 946/946/946
f 939/939/939 947/947/947 940/940/940
f 948/948/948 940/940/940 947/947/947
f 940/940/940 948/948/948 941/941/941
f 949/949/949 941/941/941 948/948/948
f 941/941/941 949/949/949 942/942/942
f 950/950/950 942/942/942 949/949/949
f 942/942/942 950/950/950 943/943/943
f 951/951/951 943/943/943 950/950/950
f 943/943/943 951/951/951 944/944/944
f 952/952/952 944/944/944 951/951/951
f 945/945/945 953/953/953 946/946/946
f 954/954/954 946/946/946 953/953/953
f 946/946/946 954/954/954 947/947/947
f 955/955/955 947/947/947 954/954/954
f 947/947/947 955/955/955 948/948/948
f 956/956/956 948/948/948 955/955/955
f 948/948/948 956/956/956 949/949/949
f 957/957/957 949/949/949 956/956/956
f 949/949/949 957/957/957 950/950/950
f 958/958/958 950/950/950 957/957/957
f 950/950/950 958/958/958 951/951/951
f 959/959/959 951/951/951 958/958/958
f 951/951/951 959/959/959 952/952/952
f 960/960/960 952/952/952 959/959/959
f 953/953/953 961/961/961 954/954/954
f 962/962/962 954/954/954 961/961/961
f 954/954/954 962/962/962 955/955/955
f 963/963/963 955/955/955 962/962/962
f 955/955/955 963/963/963 956/956/956
f 964/964/964 956/956/956 963/963/963
f 956/956/956 964/964/964 957/957/957
f 965/965/965 957/957/957 964/964/964
f 957/957/957 965/965/965 958/958/958
f 966/966/966 958/958/958 965/965/965
f 958/958/958 966/966/966 959/959/959
f 967/967/967 959/959/959 966/966/966
f 959/959/959 967/967/967 960/960/960
f 968/968/968 960/960/960 967/967/967
f 961/961/961 969/969/969 962/962/962
f 970/970/970 962/962/962 969/969/969
f 962/962/962 970/970/970 963/963/963
f 971/971/971 963/963/963 970/970/970
f 963/963/963 971/971/971 964/964/964
f 972/972/972 964/964/964 971/971/971
f 964/964/964 972/972/972 965/965/965
f 973/973/973 965/965/965 972/972/972
f 965/965/965 973/973/973 966/966/966
f 974/974/974 966/966/966 973/973/973
f 966/966/966 974/974/974 967/967/967
f 975/975/975 967/967/967 974/974/974
f 967/967/967 975/975/975 968/968/968
f 976/976/976 968/968/968 975/975/975
f 969/969/969 977/977/977 970/970/970
f 978/978/978 970/970/970 977/977/977
f 970/970/970 978/978/978 971/971/971
f 979/979/979 971/971/971 978/978/978
f 971/971/971 979/979/979 972/972/972
f 980/980/980 972/972/972 979/979/979
f 972/972/972 980/980/980 973/973/973
f 981/981/981 973/973/973 980/980/980
f 973/973/973 981/981/981 974/974/974
f 982/982/982 974/974/974 981/981/981
f 974/974/974 982/982/982 975/975/975
f 983/983/983 975/975/975 982/982/982
f 975/975/975 983/983/983 976/976/976
f 984/984/984 976/976/976 983/983/983
f 977/977/977 985/985/985 978/978/978
f 986/986/986 978/978/978 985/985/985
f 978/978/978 986/986/986 979/979/979
f 987/987/987 979/979/979 986/986/986
f 979/979/979 987/987/987 980/980/980
f 988/988/988 980/980/980 987/987/987
f 980/980/980 988/988/988 981/981/981
f 989/989/989 981/981/981 988/988/988
f 981/981/981 989/989/989 982/982/982
f 990/990/990 982/982/982 989/989/989
f 982/982/982 990/990/990 983/983/983
f 991/991/991 983/983/983 990/990/990
f 983/983/983 991/991/991 984/984/984
f 992/992/992 984/984/984 991/991/991
f 985/985/985 993/993/993 986/986/986
f 994/994/994 986/986/986 993/993/993
f 986/986/986 994/994/994 987/987/987
f 995/995/995 987/987/987 994/994/994
f 987/987/987 995/995/995 988/988/988
f 996/996/996 988/988/988 995/995/995
f 988/988/988 996/996/996 989/989/989
f 997/997/997 989/989/989 996/996/996
f 989/989/989 997/997/997 990/990/990
f 998/998/998 990/990/990 997/997/997
f 990/990/990 998/998/998 991/991/991
f 999/999/999 991/991/991 998/998/998
f 991/991/991 999/999/999 992/992/992
f 1000/1000/1000 992/992/992 999/999/999
f 993/993/993 1001/1001/1001 994/994/994
f 1002/1002/1002 994/994/994 1001/1001/1001
f 994/994/994 1002/1002/1002 995/995/995
f 1003/1003/1003 995/995/995 1002/1002/1002
f 995/995/995 1003/1003/1003 996/996/996
f 1004/1004/1004 996/996/996 1003/1003/1003
f 996/996/996 1004/1004/1004 997/997/997
f 1005/1005/1005 997/997/997 1004/1004/1004
f 997/997/997 1005/1005/1005 998/998/998
f 1006/1006/1006 998/998/998 1005/1005/1005
f 998/998/998 1006/1006/1006 999/999/999
f 1007/1007/1007 999/999/999 1006/1006/1006
f 999/999/999 1007/1007/1007 1000/1000/1000
f 1008/1008/1008 1000/1000/1000 1007/1007/1007
f 1001/1001/1001 1009/1009/1009 1002/1002/1002
f 1010/1010/1010 1002/1002/1002 1009/1009/1009
f 1002/1002/1002 1010/1010/1010 1003/1003/1003
f 1011/1011/1011 1003/1003/1003 1010/1010/1010
f 1003/1003/1003 1011/1011/1011 1004/1004/1004
f 1012/1012/1012 1004/1004/1004 1011/1011/1011
f 1004/1004/1004 1012/1012/1012 1005/1005/1005
f 1013/1013/1013 1005/1005/1005 1012/1012/1012
f 1005/1005/1005 1013/1013/1013 1006/1006/1006
f 1014/1014/1014 1006/1006/1006 1013/1013/1013
f 1006/1006/1006 1014/1014/1014 1007/1007/1007
f 1015/1015/1015 1007/1007/1007 1014/1014/1014
f 1007/1007/1007 1015/1015/1015 1008/1008/1008
f 1016/1016/1016 1008/1008/1008 1015/1015/1015
f 1009/1009/1009 1017/1017/1017 1010/1010/1010
f 1018/1018/1018 1010/1010/1010 1017/1017/1017
f 1010/1010/1010 1018/1018/1018 1011/1011/1011
f 1019/1019/1019 1011/1011/1011 1018/1018/1018
f 1011/1011/1011 1019/1019/1019 1012/1012/1012
f 1020/1020/1020 1012/1012/1012 1019/1019/1019
f 1012/1012/1012 1020/1020/1020 1013/1013/1013
f 1021/1021/1021 1013/1013/1013 1020/1020/1020
f 1013/1013/1013 1021/1021/1021 1014/1014/1014
f 1022/1022/1022 1014/1014/1014 1021/1021/1021
f 1014/1014/1014 1022/1022/1022 1015/1015/1015
f 1023/1023/1023 1015/1015/1015 1022/1022/1022
f 1015/1015/1015 1023/1023/1023 1016/1016/1016
f 1024/1024/1024 1016/1016/1016 1023/1023/1023
f 1017/1017/1017 1025/1025/1025 1018/1018/1018
f 1026/1026/1026 1018/1018/1018 1025/1025/1025
f 1018/1018/1018 1026/1026/1026 1019/1019/1019
f 1027/1027/1027 1019/1019/1019 1026/1026/1026
f 1019/1019/1019 1027/1027/1027 1020/1020/1020
f 1028/1028/1028 1020/1020/1020 1027/1027/1027
f 1020/1020/1020 1028/1028/1028 1021/1021/1021
f 1029/1029/1029 1021/1021/1021 1028/1028/1028
f 1021/1021/1021 1029/1029/1029 1022/1022/1022
f 1030/1030/1030 1022/1022/1022 1029/1029/1029
f 1022/1022/1022 1030/1030/1030 1023/1023/1023
f 1031/1031/1031 1023/1023/1023 1030/1030/1030
f 1023/1023/1023 1031/1031/1031 1024/1024/1024
f 1032/1032/1032 1024/1024/1024 1031/1031/1031
f 1025/1025/1025 1033/1033/1033 1026/1026/1026
f 1034/1034/1034 1026/1026/1026 1033/1033/1033
f 1026/1026/1026 1034/1034/1034 1027/1027/1027
f 1035/1035/1035 1027/1027/1027 1034/1034/1034
f 1027/1027/1027 1035/1035/1035 1028/1028/1028
f 1036/1036/1036 1028/1028/1028 1035/1035/1035
f 1028/1028/1028 1036/1036/1036 1029/1029/1029
f 1037/1037/1037 1029/1029/1029 1036/1036/1036
f 1029/1029/1029 1037/1037/1037 1030/1030/1030
f 1038/1038/1038 1030/1030/1030 1037/1037/1037
f 1030/1030/1030 1038/1038/1038 1031/1031/1031
f 1039/1039/1039 1031/1031/1031 1038/1038/1038
f 1031/1031/1031 1039/1039/1039 1032/1032/1032
f 1040/1040/1040 1032/1032/1032 1039/1039/1039
f 1033/1033/1033 1041/1041/1041 1034/1034/1034
f 1042/1042/1042 1034/1034/1034 1041/1041/1041
f 1034/1034/1034 1042/1042/1042 1035/1035/1035
f 1043/1043/1043 1035/1035/1035 1042/1042/1042
f 1035/1035/1035 1043/1043/1043 1036/1036/1036
f 1044/1044/1044 1036/1036/1036 1043/1043/1043
f 1036/1036/1036 1044/1044/1044 1037/1037/1037
f 1045/1045/1045 1037/1037/1037 1044/1044/1044
f 1037/1037/1037 1045/1045/1045 1038/1038/1038
f 1046/1046/1046 1038/1038/1038 1045/1045/1045
f 1038/1038/1038 1046/1046/1046 1039/1039/1039
f 1047/1047/1047 1039/1039/1039 1046/1046/1046
f 1039/1039/1039 1047/1047/1047 1040/1040/1040
f 1048/1048/1048 1040/1040/1040 1047/1047/1047
f 1041/1041/1041 1049/1049/1049 1042/1042/1042
f 1050/1050/1050 1042/1042/1042 1049/1049/1049
f 1042/1042/1042 1050/1050/1050 1043/1043/1043
f 1051/1051/1051 1043/1043/1043 1050/1050/1050
f 1043/1043/1043 1051/1051/1051 1044/1044/1044
f 1052/1052/1052 1044/1044/1044 1051/1051/1051
f 1044/1044/1044 1052/1052/1052 1045/1045/1045
f 1053/1053/1053 1045/1045/1045 1052/1052/1052
f 1045/1045/1045 1053/1053/1053 1046/1046/1046
f 1054/1054/1054 1046/1046/1046 1053/1053/1053
f 1046/1046/1046 1054/1054/1054 1047/1047/1047
f 1055/1055/1055 1047/1047/1047 1054/1054/1054
f 1047/1047/1047 1055/1055/1055 1048/1048/1048
f 1056/1056/1056 1048/1048/1048 1055/1055/1055
f 1049/1049/1049 1057/1057/1057 1050/1050/1050
f 1058/1058/1058 1050/1050/1050 1057/1057/1057
f 1050/1050/1050 1058/1058/1058 1051/1051/1051
f 1059/1059/1059 1051/1051/1051 1058/1058/1058
f 1051/1051/1051 1059/1059/1059 1052/1052/1052
f 1060/1060/1060 1052/1052/1052 1059/1059/1059
f 1052/1052/1052 1060/1060/1060 1053/1053/1053
f 1061/1061/1061 1053/1053/1053 1060/1060/1060
f 1053/1053/1053 1061/1061/1061 1054/1054/1054
f 1062/1062/1062 1054/1054/1054 1061/1061/1061
f 1054/1054/1054 1062/1062/1062 1055/1055/1055
f 1063/1063/1063 1055/1055/1055 1062/1062/1062
f 1055/1055/1055 1063/1063/1063 1056/1056/1056
f 1064/1064/1064 1056/1056/1056 1063/1063/1063
f 1057/1057/1057 1065/1065/1065 1058/1058/1058
f 1066/1066/1066 1058/1058/1058 1065/1065/1065
f 1058/1058/1058 1066/1066/1066 1059/1059/1059
f 1067/1067/1067 1059/1059/1059 1066/1066/1066
f 1059/1059/1059 1067/1067/1067 1060/1060/1060
f 1068/1068/1068 1060/1060/1060 1067/1067/1067
f 1060/1060/1060 1068/1068/1068 1061/1061/1061
f 1069/1069/1069 1061/1061/1061 1068/1068/1068
f 1061/1061/1061 1069/1069/1069 1062/1062/1062
f 1070/1070/1070 1062/1062/1062 1069/1069/1069
f 1062/1062/1062 1070/1070/1070 1063/1063/1063
f 1071/1071/1071 1063/1063/1063 1070/1070/1070
f 1063/1063/1063 1071/1071/1071 1064/1064/1064
f 1072/1072/1072 1064/1064/1064 1071/1071/1071
f 1065/1065/1065 1073/1073/1073 1066/1066/1066
f 1074/1074/1074 1066/1066/1066 1073/1073/1073
f 1066/1066/1066 1074/1074/1074 1067/1067/1067
f 1075/1075/1075 1067/1067/1067 1074/1074/1074
f 1067/1067/1067 1075/1075/1075 1068/1068/1068
f 1076/1076/1076 1068/1068/1068 1075/1075/1075
f 1068/1068/1068 1076/1076/1076 1069/1069/1069
f 1077/1077/1077 1069/1069/1069 1076/1076/1076
f 1069/1069/1069 1077/1077/1077 1070/1070/1070
f 1078/1078/1078 1070/1070/1070 1077/1077/1077
f 1070/1070/1070 1078/1078/1078 1071/1071/1071
f 1079/1079/1079 1071/1071/1071 1078/1078/1078
f 1071/1071/1071 1079/1079/1079 1072/1072/1072
f 1080/1080/1080 1072/1072/1072 1079/1079/1079
f 1073/1073/1073 1081/1081/1081 1074/1074/1074
f 1082/1082/1082 1074/1074/1074 1081/1081/1081
f 1074/1074/1074 1082/1082/1082 1075/1075/1075
f 1083/1083/1083 1075/1075/1075 1082/1082/1082
f 1075/1075/1075 1083/1083/1083 1076/1076/1076
f 1084/1084/1084 1076/1076/1076 1083/1083/1083
f 1076/1076/1076 1084/1084/1084 1077/1077/1077
f 1085/1085/1085 1077/1077/1077 1084/1084/1084
f 1077/1077/1077 1085/1085/1085 1078/1078/1078
f 1086/1086/1086 1078/1078/1078 1085/1085/1085
f 1078/1078/1078 1086/1086/1086 1079/1079/1079
f 1087/1087/1087 1079/1079/1079 1086/1086/1086
f 1079/1079/1079 1087/1087/1087 1080/1080/1080
f 1088/1088/1088 1080/1080/1080 1087/1087/1087
f 1081/1081/1081 1089/1089/1089 1082/1082/1082
f 1090/1090/1090 1082/1082/1082 1089/1089/1089
f 1082/1082/1082 1090/1090/1090 1083/1083/1083
f 1091/1091/1091 1083/1083/1083 1090/1090/1090
f 1083/1083/1083 1091/1091/1091 1084/1084/1084
f 1092/1092/1092 1084/1084/1084 1091/1091/1091
f 1084/1084/1084 1092/1092/1092 1085/1085/1085
f 1093/1093/1093 1085/1085/1085 1092/1092/1092
f 1085/1085/1085 1093/1093/1093 1086/1086/1086
f 1094/1094/1094 1086/1086/1086 1093/1093/1093
f 1086/1086/1086 1094/1094/1094 1087/1087/1087
f 1095/1095/1095 1087/1087/1087 1094/1094/1094
f 1087/1087/1087 1095/1095/1095 1088/1088/1088
f 1096/1096/1096 1088/1088/1088 1095/1095/1095
f 1089/1089/1089 1097/1097/1097 1090/1090/1090
f 1098/1098/1098 1090/1090/1090 1097/1097/1097
f 1090/1090/1090 1098/1098/1098 1091/1091/1091
f 1099/1099/1099 1091/1091/1091 1098/1098/1098
f 1091/1091/1091 1099/1099/1099 1092/1092/1092
f 1100/1100/1100 1092/1092/1092 1099/1099/1099
f 1092/1092/1092 1100/1100/1100 1093/1093/1093
f 1101/1101/1101 1093/1093/1093 1100/1100/1100
f 1093/1093/1093 1101/1101/1101 1094/1094/1094
f 1102/1102/1102 1094/1094/1094 1101/1101/1101
f 1094/1094/1094 1102/1102/1102 1095/1095/1095
f 1103/1103/1103 1095/1095/1095 1102/1102/1102
f 1095/1095/1095 1103/1103/1103 1096/1096/1096
f 1104/1104/1104 1096/1096/1096 1103/1103/1103
f 1097/1097/1097 1105/1105/1105 1098/1098/1098
f 1106/1106/1106 1098/1098/1098 1105/1105/1105
f 1098/1098/1098 1106/1106/1106 1099/1099/1099
f 1107/1107/1107 1099/1099/1099 1106/1106/1106
f 1099/1099/1099 1107/1107/1107 1100/1100/1100
f 1108/1108/1108 1100/1100/1100 1107/1107/1107
f 1100/1100/1100 1108/1108/1108 1101/1101/1101
f 1109/1109/1109 1101/1101/1101 1108/1108/1108
f 1101/1101/1101 1109/1109/1109 1102/1102/1102
f 1110/1110/1110 1102/1102/1102 1109/1109/1109
f 1102/1102/1102 1110/1110/1110 1103/1103/1103
f 1111/1111/1111 1103/1103/1103 1110/1110/1110
f 1103/1103/1103 1111/1111/1111 1104/1104/1104
f 1112/1112/1112 1104/1104/1104 1111/1111/1111
f 1105/1105/1105 1113/1113/1113 1106/1106/1106
f 1114/1114/1114 1106/1106/1106 1113/1113/1113
f 1106/1106/1106 1114/1114/1114 1107/1107/1107
f 1115/1115/1115 1107/1107/1107 1114/1114/1114
f 1107/1107/1107 1115/1115/1115 1108/1108/1108
f 1116/1116/1116 1108/1108/1108 1115/1115/1115
f 1108/1108/1108 1116/1116/1116 1109/1109/1109
f 1117/1117/1117 1109/1109/1109 1116/1116/1116
f 1109/1109/1109 1117/1117/1117 1110/1110/1110
f 1118/1118/1118 1110/1110/1110 1117/1117/1117
f 1110/1110/1110 1118/1118/1118 1111/1111/1111
f 1119/1119/1119 1111/1111/1111 1118/1118/1118
f 1111/1111/1111 1119/1119/1119 1112/1112/1112
f 1120/1120/1120 1112/1112/1112 1119/1119/1119
f 1113/1113/1113 1121/1121/1121 1114/1114/1114
f 1122/1122/1122 1114/1114/1114 1121/1121/1121
f 1114/1114/1114 1122/1122/1122 1115/1115/1115
f 1123/1123/1123 1115/1115/1115 1122/1122/1122
f 1115/1115/1115 1123/1123/1123 1116/1116/1116
f 1124/1124/1124 1116/1116/1116 1123/1123/1123
f 1116/1116/1116 1124/1124/1124 1117/1117/1117
f 1125/1125/1125 1117/1117/1117 1124/1124/1124
f 1117/1117/1117 1125/1125/1125 1118/1118/1118
f 1126/1126/1126 1118/1118/1118 1125/1125/1125
f 1118/1118/1118 1126/1126/1126 1119/1119/1119
f 1127/1127/1127 1119/1119/1119 1126/1126/1126
f 1119/1119/1119 1127/1127/1127 1120/1120/1120
f 1128/1128/1128 1120/1120/1120 1127/1127/1127
f 1121/1121/1121 1129/1129/1129 1122/1122/1122
f 1130/1130/1130 1122/1122/1122 1129/1129/1129
f 1122/1122/1122 1130/1130/1130 1123/1123/1123
f 1131/1131/1131 1123/1123/1123 1130/1130/1130
f 1123/1123/1123 1131/1131/1131 1124/1124/1124
f 1132/1132/1132 1124/1124/1124 1131/1131/1131
f 1124/1124/1124 1132/1132/1132 1125/1125/1125
f 1133/1133/1133 1125/1125/1125 1132/1132/1132
f 1125/1125/1125 1133/1133/1133 1126/1126/1126
f 1134/1134/1134 1126/1126/1126 1133/1133/1133
f 1126/1126/1126 1134/1134/1134 1127/1127/1127
f 1135/1135/1135 1127/1127/1127 1134/1134/1134
f 1127/1127/1127 1135/1135/1135 1128/1128/1128
f 1136/1136/1136 1128/1128/1128 1135/1135/1135
f 1129/1129/1129 1137/1137/1137 1130/1130/1130
f 1138/1138/1138 1130/1130/1130 1137/1137/1137
f 1130/1130/1130 1138/1138/1138 1131/1131/1131
f 1139/1139/1139 1131/1131/1131 1138/1138/1138
f 1131/1131/1131 1139/1139/1139 1132/1132/1132
f 1140/1140/1140 1132/1132/1132 1139/1139/1139
f 1132/1132/1132 1140/1140/1140 1133/1133/1133
f 1141/1141/1141 1133/1133/1133 1140/1140/1140
f 1133/1133/1133 1141/1141/1141 1134/1134/1134
f 1142/1142/1142 1134/1134/1134 1141/1141/1141
f 1134/1134/1134 1142/1142/1142 1135/1135/1135
f 1143/1143/1143 1135/1135/1135 1142/1142/1142
f 1135/1135/1135 1143/1143/1143 1136/1136/1136
f 1144/1144/1144 1136/1136/1136 1143/1143/1143
